chr,pos,gene_id,dist_to_tss_ww,n_variant_ww,n_reference_ww,mean_ase_variant_ww,mean_ase_reference_ww,cohens_d_ww,abs_ase_variant_ww,abs_ase_reference_ww,mw_p_ww,t_p_ww,condition_ww,fdr_mw_ww,dist_to_tss_ds,n_variant_ds,n_reference_ds,mean_ase_variant_ds,mean_ase_reference_ds,cohens_d_ds,abs_ase_variant_ds,abs_ase_reference_ds,mw_p_ds,t_p_ds,condition_ds,fdr_mw_ds,category,gene_log2fc,d_shift,abs_d_shift,ase_change_variant,ase_change_reference,log2fc_DS_vs_WW,drought_cat,ase_shift_cat,allele_driver,differential_response
chr1,5744103,Zm00001eb002000,519,4,15,-0.6257226873840255,-0.1276124131421941,-2.0174366341431456,0.6257226873840255,0.2350235586094041,0.0036119711042311,0.0001433268410676,WW,0.049707483964354,519,4,15,-0.5281339720575178,-0.1642425558809115,-1.258551851391877,0.5281339720575178,0.2440603418147089,0.0196078431372549,0.0007479117161745,DS,0.1275706940874036,ww_only,0.0141014165559428,0.7588847827512686,0.7588847827512686,0.0975887153265077,-0.0366301427387174,0.014,stable,unchanged,equal,0.1342188580652251
chr1,33102069,Zm00001eb010410,39,9,8,-0.2958113811671424,0.1297205367762533,-1.0789142611481577,0.2958113811671424,0.2486662621023327,0.0003290826820238,0.070499043971152,WW,0.0204994931767883,39,9,8,-0.2450971535003711,0.0381240353654468,-1.1522909578720673,0.269153351423043,0.1917612496081002,0.046400658165364,0.0380015441782796,DS,0.203105634817697,ww_only,-1.2234223376444902,-0.07337669672390956,0.07337669672390956,0.050714227666771305,-0.09159650141080651,-1.223,down,unchanged,equal,0.1423107290775778
chr1,33805903,Zm00001eb010590,494,7,12,0.2129019629449812,-0.6452395166737662,2.890315319530602,0.350858346923654,0.6578573919099759,0.0001587679606255,0.0003047567405278,WW,0.018794646214001,494,7,12,-0.227048373744481,-1.285743336093532,2.1678377423594455,0.2509940433598295,1.3149648027518246,0.0026196713503215,5.02199823249568e-05,DS,0.0496169184564635,constitutive,-0.7209449492558465,-0.7224775771711567,0.7224775771711567,-0.4399503366894622,-0.6405038194197658,-0.722,stable,shifted,NAM_up_or_B73_down,0.20055348273030355
chr1,33805903,Zm00001eb010600,127,7,12,0.3863470637829826,-0.2062644748434595,3.4473088063018396,0.3863470637829826,0.2302228008239004,3.969199015638645e-05,2.687412763929718e-07,WW,0.018794646214001,127,7,12,0.2378945323580871,0.1500676621437183,0.4868338836484057,0.2403591052196867,0.213834336249026,0.4319679288719536,0.2811639897501782,DS,0.6923870916712805,ww_only,-0.0075734979973439,-2.9604749226534337,2.9604749226534337,-0.1484525314248955,0.3563321369871778,-0.007,stable,unchanged,equal,0.5047846684120734
chr1,34133753,Zm00001eb010650,157,5,14,-0.8696562779612824,-2.013482952867927,1.7435394481949935,0.8696562779612824,2.013482952867927,0.001203990368077,0.0002936527244407,WW,0.0301297495867631,157,5,14,-0.2587491971052859,-1.447977058522253,2.839970957466838,0.373018080910696,1.447977058522253,0.000171998624011,0.0002091986402774,DS,0.0232874033860875,constitutive,1.3729049693573068,1.0964315092718444,1.0964315092718444,0.6109070808559965,0.5655058943456741,1.511,up,shifted,B73_up_or_NAM_down,0.04540118651032243
chr1,35686099,Zm00001eb011070,93,3,14,0.1318760090369733,0.6893632864145757,-1.0447545665228597,0.1318760090369733,0.6893632864145757,0.0029411764705882,0.0075561900260408,WW,0.0446897908099409,93,3,14,0.1144165879476642,0.6112272421824316,-1.0451603624689376,0.1144165879476642,0.6112272421824316,0.0029411764705882,0.0080092742061283,DS,0.0508974358974358,ww_only,-1.3433590029308513,-0.0004057959460779248,0.0004057959460779248,-0.017459421089309105,-0.07813604423214404,-1.343,down,unchanged,equal,0.06067662314283494
chr1,45314945,Zm00001eb013520,16,12,7,0.56584681391597,0.072105963770423,1.9724891249891645,0.56584681391597,0.1323420880416,0.0004763038818766,0.0001282197682046,WW,0.0220466954213084,16,12,7,0.0251144464496693,-0.5502277442219864,2.359359567958039,0.1692508700503856,0.5502277442219864,0.0004763038818766,0.0003558016498699,DS,0.0258598228243877,constitutive,1.534543007980148,0.3868704429688743,0.3868704429688743,-0.5407323674663007,-0.6223337079924094,1.552,up,shifted,NAM_up_or_B73_down,0.08160134052610868
chr1,45913981,Zm00001eb013720,259,6,13,-2.581947501293937,-0.2826289477513474,-2.0510937287270306,2.581947501293937,1.0747513859761864,7.371369600471768e-05,3.1249265340931036e-05,WW,0.018794646214001,259,6,13,-0.3820668374567706,1.3138294989038235,-1.5395007108563048,0.5184220702869442,1.44123529329841,0.0066342326404245,0.0015555611926662,DS,0.0745412365542046,ww_only,1.3693491111706928,0.5115930178707258,0.5115930178707258,2.1998806638371664,1.5964584466551708,1.415,up,shifted,B73_up_or_NAM_down,0.6034222171819956
chr1,46460037,Zm00001eb013870,61,12,4,1.4505193257172817,0.1623026772035241,3.127962122005844,1.4505193257172817,0.4034745963878969,0.0021978021978021,0.0197618401145767,WW,0.038891268213993,61,12,4,1.242919489263988,0.0436605965673311,3.9045076623628905,1.242919489263988,0.227618557046435,0.001098901098901,0.0006532068098539,DS,0.0349834128136014,constitutive,0.5434937649381149,0.7765455403570467,0.7765455403570467,-0.2075998364532936,-0.118642080636193,0.546,stable,unchanged,equal,0.08895775581710061
chr1,52046833,Zm00001eb015210,95,4,14,0.5759052309589665,-0.1323083894340398,4.107694053622132,0.5759052309589665,0.1617290283410884,0.0006535947712418,0.0018546023652094,WW,0.0232820792261351,95,4,15,1.5894449630946117,0.2719958990353831,3.8566815133996735,1.5894449630946117,0.3435751422313871,0.000515995872033,0.0051423950823179,DS,0.0258598228243877,constitutive,1.3749265798660304,-0.25101254022245856,0.25101254022245856,1.0135397321356452,0.4043042884694229,1.376,up,shifted,B73_up_or_NAM_down,0.6092354436662223
chr1,55231201,Zm00001eb015900,32,8,7,0.4121144570135844,0.0317035103958654,2.0024888188432723,0.4121144570135844,0.1719197564223256,0.0021756021756021,0.0036239976832337,WW,0.038891268213993,32,8,7,0.2340292349257559,0.0738742548016695,0.9659368927426352,0.2379981746760858,0.1661768767748156,0.151981351981352,0.1060112513765044,DS,0.3957770332561329,ww_only,0.6110669670860198,-1.0365519261006373,1.0365519261006373,-0.1780852220878285,0.042170744405804095,0.622,stable,unchanged,equal,0.2202559664936326
chr1,57416832,Zm00001eb016400,400,8,6,0.170013131424231,0.5390735451179967,-2.679891390702889,0.170013131424231,0.5390735451179967,0.0026640026640026,0.0002010229272534,WW,0.0434852222607324,400,8,6,0.8485041940467105,0.7014121657125529,0.6779338518695887,0.8485041940467105,0.7014121657125529,0.2284382284382284,0.1994594129756967,DS,0.4974837722777098,ww_only,0.6291848457092638,3.3578252425724777,3.3578252425724777,0.6784910626224795,0.16233862059455628,0.634,stable,shifted,B73_up_or_NAM_down,0.5161524420279232
chr1,77325694,Zm00001eb020660,109,10,8,-0.5308807773719758,0.1645549919819418,-2.334497795145555,0.5308807773719758,0.2079448166279338,4.570592805886923e-05,0.0002144804001653,WW,0.018794646214001,109,10,8,-0.2881848463777137,0.1024024721570939,-0.8084530132656266,0.3889634545115794,0.3456503046877903,0.0831390831390831,0.1352346228861332,DS,0.2828153589242299,ww_only,0.4847051526259776,1.5260447818799285,1.5260447818799285,0.24269593099426212,-0.06215251982484789,0.486,stable,unchanged,equal,0.30484845081911
chr1,154479231,Zm00001eb028820,1122,3,15,-0.9077563858301474,-0.2875094475046034,-3.4989920333823137,0.9077563858301474,0.2875094475046034,0.0024509803921568,0.022267560172255,WW,0.0413684239925549,1122,3,15,-1.8211431820657873,-0.4987424187767511,-4.128683983157074,1.8211431820657873,0.5025037547382979,0.0024509803921568,4.697839756590049e-07,DS,0.0485165320116776,constitutive,-0.4497049839797495,-0.62969194977476,0.62969194977476,-0.9133867962356399,-0.21123297127214768,-0.451,stable,shifted,NAM_up_or_B73_down,0.7021538249634922
chr1,170914905,Zm00001eb030870,208,7,7,-0.1458500063036268,0.6000455912079319,-2.456353789566487,0.2453784785160489,0.6172230176186665,0.0011655011655011,0.0009431993450288,WW,0.0301297495867631,208,7,7,-0.5353510472809931,0.3257693489300553,-2.95346566920025,0.5689916627411867,0.3457553762659154,0.0011655011655011,0.0001447644657327,DS,0.0355390091835874,constitutive,0.652676494798793,-0.497111879633763,0.497111879633763,-0.3895010409773664,-0.27427624227787656,0.655,stable,shifted,NAM_up_or_B73_down,0.11522479869948982
chr1,184804492,Zm00001eb033190,1623,7,11,-0.5875158229894394,0.0230786880973605,-3.3073388033757447,0.5875158229894394,0.1966786414386111,6.284565108094519e-05,1.3851369118107025e-06,WW,0.018794646214001,1623,7,11,-0.8727381963065132,-0.0273153565343779,-2.5569122427660624,0.8727381963065132,0.305491382279989,0.0004399195575666,2.1853516759482128e-05,DS,0.0258261774655217,constitutive,0.0311981136836583,0.7504265606096823,0.7504265606096823,-0.2852223733170738,-0.0503940446317384,0.031,stable,unchanged,equal,0.23482832868533537
chr1,211667666,Zm00001eb040100,5,10,6,1.0004099623969418,-0.561285203227827,1.7143132220720083,1.0583112858359387,0.6745834170334309,0.0017482517482517,0.0043721942698002,WW,0.0361884492319274,5,10,6,0.1365647398299802,-0.6941190816057264,0.9551472322966684,0.7307853248902465,0.6941190816057264,0.0224775224775224,0.0627050233395121,DS,0.1379934498491199,ww_only,0.8205941344040775,-0.7591659897753399,0.7591659897753399,-0.8638452225669616,-0.1328338783778994,0.831,stable,shifted,NAM_up_or_B73_down,0.7310113441890622
chr1,227767796,Zm00001eb043170,16,4,11,-0.8745101272397269,0.7013096383478088,-2.530653745627461,0.8745101272397269,0.7652137057116956,0.0014652014652014,0.0069305074476347,WW,0.0322312084688322,16,4,11,0.0696376300710163,1.0686347174798885,-1.2794462549236714,0.3206957738416097,1.0686347174798885,0.0102564102564102,0.0139185492834703,DS,0.0910067767955642,ww_only,-0.5382663303861643,1.2512074907037898,1.2512074907037898,0.9441477573107432,0.3673250791320797,-0.552,stable,shifted,B73_up_or_NAM_down,0.5768226781786635
chr1,228494853,Zm00001eb043450,1017,6,12,-0.6075597955035312,0.4518085625181183,-1.841262825181383,0.6729676249407465,0.5516174336124738,0.0032320620555914,0.0111723172385033,WW,0.0466293743604667,1017,6,12,-0.5635141256728363,-0.0175335900715365,-1.2815952324563824,0.7073770175204003,0.2841019511346233,0.0319974143503555,0.0724025418086499,DS,0.1662863573797865,ww_only,0.1141563263995112,0.5596675927250006,0.5596675927250006,0.04404566983069491,-0.4693421525896548,0.119,stable,unchanged,equal,0.5133878224203496
chr1,233018019,Zm00001eb044650,1933,6,8,0.2446023031864916,-1.065347487177147,2.8884924931029454,0.2830724245219638,1.065347487177147,0.0006660006660006,0.0014565990001043,WW,0.0232820792261351,1933,6,8,0.8969555711261247,-0.4537878434474163,2.324310264801886,1.0038103291409417,0.4623943502098433,0.0026640026640026,0.0088740387584341,DS,0.0497124994820847,constitutive,-1.51977634383074,-0.5641822283010596,0.5641822283010596,0.6523532679396331,0.6115596437297306,-1.517,down,shifted,B73_up_or_NAM_down,0.04079362420990251
chr1,234151085,Zm00001eb044960,444,4,9,-1.1814877987918482,-0.1076114653824268,-1.4705151187018946,1.1814877987918482,0.6829226555538965,0.0027972027972027,0.0053687492284111,WW,0.0445594307731047,444,4,9,-0.1880107093848336,0.2840730751004263,-0.5141039204215111,0.2386194661107715,0.8393986258828641,0.1986013986013986,0.2445086492833479,DS,0.4614508282628549,ww_only,0.0010099299968527,0.9564111982803835,0.9564111982803835,0.9934770894070146,0.39168454048285306,0.001,stable,shifted,B73_up_or_NAM_down,0.6017925489241616
chr1,235137771,Zm00001eb045280,57,3,16,3.768434568829752,0.0264438883330868,4.277449505028166,3.768434568829752,0.7604864498988274,0.002063983488132,3.865994131742106e-07,WW,0.0381789212106284,57,3,16,3.671305981473251,0.2744122632715743,4.094763630554129,3.671305981473251,0.6286531409750065,0.002063983488132,0.0042936582233185,DS,0.0447904326733231,constitutive,0.0051064385349295,-0.1826858744740365,0.1826858744740365,-0.09712858735650087,0.2479683749384875,0.005,stable,unchanged,equal,0.3450969622949884
chr1,235367280,Zm00001eb045370,1634,11,7,2.8082586709621995,0.626580430957655,2.8723999200880344,2.8082586709621995,0.7374974088919325,0.0001256913021618,4.639852317373869e-05,WW,0.018794646214001,1634,11,7,1.8399924592465688,0.5576656871639555,1.5113787778280643,1.8399924592465688,0.7385903249731651,0.0204248366013071,0.0109842912111054,DS,0.1295571095571095,ww_only,-0.0897555436322529,-1.36102114225997,1.36102114225997,-0.9682662117156307,-0.06891474379369955,-0.09,stable,shifted,NAM_up_or_B73_down,0.8993514679219311
chr1,239371910,Zm00001eb046280,150,9,7,-0.6595960741892685,0.1795933804111439,-1.88688028929138,0.6595960741892685,0.3392611343749963,0.0012237762237762,0.0017817632245187,WW,0.0301297495867631,150,8,6,-0.025093524033488,0.0305038914814546,-0.0502920883348512,0.9254208279223536,0.5859725799316197,0.7545787545787546,0.9217397364092124,DS,0.9142152598826444,ww_only,-1.67849210075542,1.8365882009565289,1.8365882009565289,0.6345025501557805,-0.1490894889296893,-1.538,down,shifted,B73_up_or_NAM_down,0.7835920390854698
chr1,251130738,Zm00001eb048860,1865,4,14,1.311196765397237,0.2043459505312335,3.0304051703917505,1.311196765397237,0.2648441607949941,0.0013071895424836,0.0138250771307681,WW,0.0306430974109065,1865,4,14,0.8381375138271896,-0.2455738083734908,2.4348984596283443,0.8381375138271896,0.4065402373018059,0.0026143790849673,0.0069836147492676,DS,0.0496169184564635,constitutive,-1.8231614667586369,-0.5955067107634062,0.5955067107634062,-0.47305925157004736,-0.4499197589047243,-1.819,down,shifted,NAM_up_or_B73_down,0.023139492665323058
chr1,254176253,Zm00001eb049730,82,4,12,-1.9338936495690395,-0.4948164484934262,-2.890383523156178,1.9338936495690395,0.6361492662525846,0.001098901098901,0.000192693441854,WW,0.0300596804016776,82,4,12,-1.0040037846912653,-0.2339679907900407,-1.9577591195371824,1.0040037846912653,0.4235465151779381,0.0043956043956043,0.0001505138260552,DS,0.0609991790252242,ww_only,1.5499944631817335,0.9326244036189955,0.9326244036189955,0.9298898648777743,0.2608484577033855,1.603,up,shifted,B73_up_or_NAM_down,0.6690414071743888
chr1,261611654,Zm00001eb051580,72,11,7,-0.3530810578807102,0.1995729337955764,-1.741128952322757,0.3530810578807102,0.3257698821738539,0.0028280542986425,0.0088336362026281,WW,0.044668067737485,72,11,7,0.5412422464638798,0.5756998941691397,-0.0539090851720215,0.5757625452186241,0.621770853714159,0.7914152840623428,0.9221833135844238,DS,0.9353125776497548,ww_only,-0.1088039650963471,1.6872198671507357,1.6872198671507357,0.89432330434459,0.3761269603735633,-0.109,stable,shifted,B73_up_or_NAM_down,0.5181963439710267
chr1,262493215,Zm00001eb051780,432,5,9,1.065750983122871,0.5923008372675126,2.6336156036174816,1.065750983122871,0.5923008372675126,0.0019980019980019,0.0001221315612551,WW,0.0381789212106284,432,5,9,0.9488258912136912,0.582722680174381,1.49167341191428,0.9488258912136912,0.582722680174381,0.0289710289710289,0.0239145070190213,DS,0.1586628140590813,ww_only,0.2033704734121245,-1.1419421917032015,1.1419421917032015,-0.11692509190917988,-0.00957815709313159,0.204,stable,unchanged,equal,0.10734693481604829
chr1,262493215,Zm00001eb051790,729,3,5,0.9188826533426354,1.346690955073811,-0.4448183434939585,0.9188826533426354,1.346690955073811,0.7857142857142857,0.4852431389203233,WW,0.9278964597887348,729,3,8,1.4432462289724457,1.6267057366462414,-0.1620803068926417,1.4432462289724457,1.6267057366462414,0.9212121212121214,0.7651621411941794,DS,0.9964090933373482,non_functional,0.7804220451060738,0.2827380366013168,0.2827380366013168,0.5243635756298103,0.2800147815724303,1.028,up,shifted,B73_up_or_NAM_down,0.24434879405737997
chr1,264527680,Zm00001eb052270,1236,9,7,1.731222197059099,-0.018720843976599,2.1007333929182996,1.731222197059099,0.5842365605968067,0.002097902097902,0.0006820268372787,WW,0.0386276706718695,1236,9,7,-0.1815269496938037,-0.6698719921064379,1.046325111045144,0.3723767134803161,0.6868722811774841,0.0311188811188811,0.0677873428058178,DS,0.1644774039387622,ww_only,-0.1306637832345509,-1.0544082818731557,1.0544082818731557,-1.9127491467529028,-0.6511511481298389,-0.134,stable,shifted,NAM_up_or_B73_down,1.2615979986230639
chr1,266477700,Zm00001eb052940,1,13,6,0.4829337337307585,-0.0178379069955305,1.9017112066838795,0.4829337337307585,0.0941912167213162,0.0001474273920094,8.29415567174927e-05,WW,0.018794646214001,1,13,6,0.5765499665091827,-0.0447831105972645,2.485844359870458,0.5765499665091827,0.1594602368104695,7.371369600471768e-05,9.285361080856872e-05,DS,0.0210852438700539,constitutive,0.8245488376724082,0.5841331531865785,0.5841331531865785,0.09361623277842418,-0.026945203601734004,0.83,stable,unchanged,equal,0.12056143638015818
chr1,277129800,Zm00001eb055720,1220,6,12,0.6749734997354344,-0.1674634538153652,2.3505615347922983,0.6749734997354344,0.3115067258014399,0.0004309416074121,0.0008421743081681,WW,0.0217474528638424,1220,6,12,0.2442202938919869,-0.5199320730584533,1.810596148248815,0.2442202938919869,0.653316517199559,0.0134669252316311,0.0002278188263747,DS,0.106927386339151,ww_only,-0.209587449995286,-0.5399653865434833,0.5399653865434833,-0.4307532058434475,-0.35246861924308814,-0.21,stable,shifted,NAM_up_or_B73_down,0.07828458660035936
chr1,281863688,Zm00001eb056930,88,8,8,0.4609144284685715,0.0446210333424824,1.84506071004202,0.4609144284685715,0.1339061800707724,0.0029526029526029,0.0032303953682812,WW,0.0446936023014751,88,8,8,0.4529643352466304,0.2479923148361274,1.420442981768505,0.4529643352466304,0.2479923148361274,0.0206682206682206,0.0153529221035959,DS,0.1295571095571095,ww_only,0.5496524788394432,-0.42461772827351507,0.42461772827351507,-0.007950093221941124,0.203371281493645,0.55,stable,unchanged,equal,0.21132137471558612
chr1,287900267,Zm00001eb058750,1723,9,8,-0.3268445461812231,-0.1259589335926915,-2.291251492004988,0.3268445461812231,0.1287822259755311,0.0001645413410119,0.0002525097220121,WW,0.018794646214001,1723,9,8,-0.1208708713411069,-0.1987727349490882,0.2565146746195033,0.1670141818513499,0.2399912895730685,0.8883587001234061,0.6219223365982325,DS,0.979395513280621,ww_only,-0.4827341021046633,2.5477661666244913,2.5477661666244913,0.2059736748401162,-0.0728138013563967,-0.483,stable,unchanged,equal,0.2787874761965129
chr1,303833607,Zm00001eb064000,651,5,13,1.1109118231292203,0.1357526805259656,2.718117570673073,1.1109118231292203,0.3511018873077478,0.0004668534080298,0.0010736206111718,WW,0.0218622968313008,651,5,13,1.6153155104493706,0.0662446043096573,6.747526326612438,1.6153155104493706,0.2085989340983241,0.0002334267040149,2.693411396761265e-07,DS,0.0232880998005553,constitutive,0.7416500103211744,4.0294087559393645,4.0294087559393645,0.5044036873201503,-0.06950807621630829,0.745,stable,shifted,B73_up_or_NAM_down,0.5739117635364586
chr1,303833607,Zm00001eb064010,12,3,10,1.0406596605437253,0.605344436659256,0.5529205282865955,1.0406596605437253,0.7066833677486158,0.1118881118881119,0.1972061145775882,WW,0.3278597135572517,12,3,10,0.3809818096808914,0.096786424787608,0.4034059699757586,0.3809818096808914,0.4352695134728939,0.1118881118881119,0.3028035455960878,DS,0.3338067353523946,non_functional,-0.1824906302687199,-0.14951455831083693,0.14951455831083693,-0.6596778508628338,-0.508558011871648,-0.183,stable,shifted,NAM_up_or_B73_down,0.15111983899118586
chr1,304254031,Zm00001eb064190,1250,9,7,0.4774218687115829,-0.3760599054431351,3.422877927917505,0.4774218687115829,0.3760599054431351,0.0001748251748251,2.3218455682586805e-05,WW,0.018794646214001,1250,9,7,0.2858332113895556,-0.4100118635033642,2.5566694565389634,0.2988288663950518,0.4100118635033642,0.0003496503496503,0.0002149640634684,DS,0.0244960921431509,constitutive,0.6683135062625586,-0.8662084713785414,0.8662084713785414,-0.1915886573220273,-0.033951958060229104,0.677,stable,unchanged,equal,0.15763669926179819
chr1,304701394,Zm00001eb064350,740,4,13,1.399324207017454,0.6167095169160114,2.435935108571473,1.399324207017454,0.6167095169160114,0.0016806722689075,0.0130921297501957,WW,0.0349342231695172,740,4,13,1.215123658742651,0.6054408536206067,1.7006260543803744,1.215123658742651,0.6054408536206067,0.0596638655462184,0.1477058378153468,DS,0.233613282868746,ww_only,-0.6698606757611415,-0.7353090541910985,0.7353090541910985,-0.18420054827480303,-0.011268663295404657,-0.67,stable,unchanged,equal,0.17293188497939838
chr1,305701303,Zm00001eb064670,19,11,4,-0.1458937895660461,0.2922627651047918,-2.9496940051984923,0.1604457058242092,0.2922627651047918,0.0029304029304029,0.0067111572879836,WW,0.0446897908099409,19,11,4,-0.3110283737628099,0.0315998007274465,-1.4182983046504511,0.3346487340972905,0.1442648582185217,0.0175824175824175,0.0213639440246607,DS,0.1207902514854928,ww_only,0.165976791435036,1.5313957005480412,1.5313957005480412,-0.1651345841967638,-0.2606629643773453,0.167,stable,unchanged,equal,0.09552838018058152
chr1,306411699,Zm00001eb064920,15,5,13,0.0808811794778419,-0.1483739269251843,1.206914829742547,0.1381590338089582,0.198430819372078,0.0350140056022409,0.0256376738762935,WW,0.1690751161609294,15,5,13,-0.0236420354639879,-0.0837843431503608,0.6395096765082203,0.0450649785718757,0.1071802940966892,0.2887488328664799,0.1229516741354449,DS,0.5620899547204711,non_functional,0.7434742517558542,-0.5674051532343266,0.5674051532343266,-0.1045232149418298,0.0645895837748235,0.746,stable,unchanged,equal,0.1691127987166533
chr1,306411699,Zm00001eb064930,226,5,13,-1.093787336204766,-0.279844587981127,-4.152957683197084,1.093787336204766,0.2812339701907333,0.0002334267040149,0.0002397841840078,WW,0.0201065862242332,226,5,13,-0.6475298493672109,-0.0790181131258628,-3.703465463715521,0.6475298493672109,0.1549942213929915,0.0002334267040149,6.922373560727847e-08,DS,0.0232880998005553,constitutive,0.7288324576151884,0.4494922194815625,0.4494922194815625,0.4462574868375552,0.2008264748552642,0.737,stable,shifted,B73_up_or_NAM_down,0.24543101198229098
chr2,17283394,Zm00001eb073610,428,6,6,2.0484099871482653,-0.5295028730775343,5.239134716575229,2.0484099871482653,0.5295028730775343,0.0021645021645021,6.0180010877775165e-05,WW,0.038891268213993,428,6,6,1.3652770098898837,-1.0949002818674136,2.2150862777253466,1.6880407233141044,1.0949002818674136,0.0161224153433003,0.0104636536742616,DS,0.1167073805705406,ww_only,-2.757254665132106,-3.0240484388498827,3.0240484388498827,-0.6831329772583816,-0.5653974087898793,-2.359,down,shifted,NAM_up_or_B73_down,0.1177355684685023
chr2,19112501,Zm00001eb074030,1636,5,10,-1.8886467267632592,0.5717935755123974,-5.054110337968536,1.8886467267632592,0.612424533065866,0.0006660006660006,1.3197593667317562e-05,WW,0.0232820792261351,1636,5,10,-0.8447637010356491,0.5356399765076394,-2.338294821882126,0.8447637010356491,0.6614763036663156,0.0026640026640026,0.0022239347337482,DS,0.0497124994820847,constitutive,-0.4742699794737025,2.7158155160864106,2.7158155160864106,1.04388302572761,-0.03615359900475801,-0.479,stable,shifted,B73_up_or_NAM_down,1.0800366247323678
chr2,36159238,Zm00001eb078890,16,8,8,2.350141350367412,3.7532844051525553,-2.0807301557135625,2.350141350367412,3.7532844051525553,0.0018648018648018,0.0012142336966311,WW,0.0378512541871861,16,8,8,2.2235087212362012,3.294418642122616,-1.1057087260259912,2.2235087212362012,3.294418642122616,0.0498834498834498,0.0595474101908699,DS,0.2109419819946135,ww_only,1.275014983865557,0.9750214296875712,0.9750214296875712,-0.12663262913121054,-0.45886576302993953,1.305,up,unchanged,equal,0.332233133898729
chr2,38576363,Zm00001eb079420,50,3,13,4.256400134241289,0.2029430764264997,5.920571028096764,4.256400134241289,0.5682879093422395,0.0035714285714285,3.43847037461175e-05,WW,0.0495588381084564,50,3,14,4.098956646533239,1.072252660940597,3.2627320587333974,4.098956646533239,1.126918426357195,0.0029411764705882,1.9811082410910953e-08,DS,0.0508974358974358,ww_only,0.4546842384854913,-2.6578389693633664,2.6578389693633664,-0.1574434877080506,0.8693095845140972,0.455,stable,unchanged,equal,1.0267530722221478
chr2,42789655,Zm00001eb080510,216,5,10,-1.0687140574434764,0.593065062301196,-4.489378052454259,1.0687140574434764,0.593065062301196,0.0006660006660006,0.0001558224229678,WW,0.0232820792261351,216,5,10,-1.1886021325635154,0.2873743122675549,-4.20352156815391,1.1886021325635154,0.311835958994862,0.0006660006660006,2.096631848666833e-05,DS,0.0273519583864411,constitutive,-1.020746496625103,0.28585648430034905,0.28585648430034905,-0.11988807512003907,-0.30569075003364116,-1.021,down,unchanged,equal,0.18580267491360208
chr2,44929408,Zm00001eb081030,15,6,11,0.9406238981827526,0.8699114168558576,0.0423036615650269,0.9406238981827526,0.9841171168524976,0.0145442792501616,0.911613393780646,WW,0.103313466389425,15,6,11,-0.0837204832335846,-0.0529121094776909,-0.0353528100040802,0.1500165034301018,0.6369200241202053,0.1801874595992243,0.9276204210896186,DS,0.4347781189886454,non_functional,1.5676509730670245,-0.0776564715691071,0.0776564715691071,-1.024344381416337,-0.9228235263335485,1.569,up,shifted,NAM_up_or_B73_down,0.10152085508278863
chr2,140544189,Zm00001eb091780,58,6,8,0.1640727300734791,-0.1165529640449042,2.4403824711971476,0.1640727300734791,0.1499621012893008,0.0013320013320013,0.0006010785160735,WW,0.0307915591152585,58,6,8,0.2252437035604238,-0.0538627764874433,2.230036463251065,0.2252437035604238,0.1357719847560947,0.0199800199800199,0.0014140099232404,DS,0.1283424697130281,ww_only,1.1902905554189205,-0.21034600794608238,0.21034600794608238,0.061170973486944696,0.06269018755746089,1.192,up,unchanged,equal,0.001519214070516195
chr2,154488990,Zm00001eb093670,290,6,11,-0.338366818901495,0.0969471077471735,-2.075537139306463,0.3403826975509776,0.1623673108489377,0.0019392372333548,0.0027748604348384,WW,0.0381789212106284,290,6,11,-0.5378077298907795,0.3528785040145811,-2.9239681485412774,0.5378077298907795,0.3528785040145811,0.0001616031027795,0.0002692952980283,DS,0.0232874033860875,constitutive,-0.6786386499985753,-0.8484310092348144,0.8484310092348144,-0.19944091098928451,0.2559313962674076,-0.68,stable,unchanged,equal,0.4553723072566921
chr2,157667489,Zm00001eb094220,110,12,7,-0.3004598795265213,0.0467220365216911,-3.2551031861869544,0.3004598795265213,0.055554054213677,3.969199015638645e-05,4.21472714687801e-07,WW,0.018794646214001,110,12,7,-0.0509630337779371,0.1526731123947601,-1.9983874849107135,0.070869453369343,0.1526731123947601,7.938398031277289e-05,0.0002160430558914,DS,0.0210852438700539,constitutive,0.638327311680008,1.2567157012762409,1.2567157012762409,0.24949684574858422,0.10595107587306901,0.64,stable,unchanged,equal,0.1435457698755152
chr2,193988864,Zm00001eb101450,209,5,13,1.092050002004263,-0.1062103651326749,2.7705718832263067,1.092050002004263,0.2745808337056731,0.0002334267040149,3.418119027605115e-05,WW,0.0201065862242332,209,5,13,2.1361488285185617,0.2197392882357106,2.5384906876711457,2.1361488285185617,0.4849094791441723,0.0002334267040149,0.0144115790612136,DS,0.0232880998005553,constitutive,-0.7441180325939176,-0.23208119555516094,0.23208119555516094,1.0440988265142988,0.3259496533683855,-0.744,stable,shifted,B73_up_or_NAM_down,0.7181491731459133
chr2,195634230,Zm00001eb102050,1494,10,9,0.4618307852886953,0.0142488746563056,2.634600348964317,0.4618307852886953,0.13925190446605,0.0007028607191035,2.3475348275564775e-05,WW,0.0239836227631297,1494,10,9,-0.0704562174971012,-0.0917715230812737,0.0814564586122453,0.1931620109770273,0.1570391249017302,0.7750513736700824,0.8590359599130758,DS,0.9256697098281258,ww_only,0.2277909466164095,-2.5531438903520716,2.5531438903520716,-0.5322870027857965,-0.1060203977375793,0.229,stable,shifted,NAM_up_or_B73_down,0.42626660504821723
chr2,205132586,Zm00001eb104710,1062,8,9,-1.5097602995984878,0.186386596971431,-1.989541439849276,1.5097602995984878,0.7629441937462218,8.227067050596462e-05,0.0017170080613894,WW,0.018794646214001,1062,8,9,-0.7371959429397591,0.2701313047912685,-1.4585898442256788,0.7371959429397591,0.5783827006096541,0.0037021801727684,0.0103218280541307,DS,0.0571326539314344,ww_only,0.9507626909922092,0.5309515956235971,0.5309515956235971,0.7725643566587287,0.0837447078198375,0.954,stable,shifted,B73_up_or_NAM_down,0.6888196488388911
chr2,211536463,Zm00001eb106770,489,8,5,0.3801322040667809,-0.2355810598606975,2.429562274076956,0.3801322040667809,0.2410901997093906,0.0015540015540015,0.0130169623193948,WW,0.0332696092867399,489,8,5,0.5475760307829582,0.1073499692738489,1.5168358979009828,0.578030716856399,0.2219691694077212,0.0295260295260295,0.0153571856550364,DS,0.160185830603837,ww_only,0.8796963153139592,-0.9127263761759732,0.9127263761759732,0.16744382671617736,0.34293102913454643,0.892,stable,unchanged,equal,0.17548720241836907
chr2,216734256,Zm00001eb108620,390,12,4,0.1549193125774145,-0.2957299057700536,2.320233784982482,0.1780989415373809,0.3080213201259705,0.0021978021978021,0.018021439826425,WW,0.038891268213993,390,12,4,0.4293782201322476,-0.185615605736382,2.3883375652172023,0.4293782201322476,0.1883184097660715,0.001098901098901,0.0004941454477679,DS,0.0349834128136014,constitutive,-0.1616322657361536,0.06810378023472019,0.06810378023472019,0.27445890755483304,0.11011430003367159,-0.162,stable,unchanged,equal,0.16434460752116145
chr2,219580380,Zm00001eb109880,80,4,15,-1.1739950252198603,-0.0842681043173574,-2.681235781686139,1.1739950252198603,0.2922983432217617,0.002063983488132,0.0023901331026312,WW,0.0381789212106284,80,4,15,-1.248835032304648,-0.2220761758937937,-2.9121199163529448,1.248835032304648,0.3405383378097547,0.000515995872033,0.0028689014760086,DS,0.0258598228243877,constitutive,0.5427651793363141,-0.2308841346668058,0.2308841346668058,-0.07484000708478766,-0.1378080715764363,0.546,stable,unchanged,equal,0.06296806449164863
chr2,231497576,Zm00001eb113870,47,11,6,0.8907969375805191,1.8352762336124,-2.6429469650935,0.8907969375805191,1.8352762336124,0.0006464124111182,2.679249582618896e-05,WW,0.0232820792261351,47,11,6,0.3299204038591703,0.7567204109169139,-0.913206126000376,0.3624500043782857,0.901683555708416,0.0982546864899806,0.1614441485033056,DS,0.3181453122281524,ww_only,-0.7940637872292865,1.729740839093124,1.729740839093124,-0.5608765337213488,-1.078555822695486,-0.795,stable,shifted,NAM_up_or_B73_down,0.5176792889741373
chr2,231633353,Zm00001eb113900,134,5,10,-0.5519097921161473,-0.1613694937872684,-2.2024507336942665,0.5519097921161473,0.1904393105519471,0.0006660006660006,0.0002185443746101,WW,0.0232820792261351,134,5,10,-0.2930611392584385,-0.1719147305209697,-0.8585638172158174,0.2930611392584385,0.2121967483653092,0.0992340992340992,0.0655209912428621,DS,0.3194860694860694,ww_only,0.1854970632174916,1.343886916478449,1.343886916478449,0.2588486528577088,-0.010545236733701308,0.187,stable,unchanged,equal,0.2693938895914101
chr2,235230798,Zm00001eb115000,621,3,15,0.4923862053844292,-0.1141943326954045,3.36342638943988,0.4923862053844292,0.1902190888140908,0.0024509803921568,9.965568846880838e-07,WW,0.0413684239925549,621,3,15,0.8752700598114541,0.1982691031122358,2.378037441081412,0.8752700598114541,0.2676203224313374,0.0024509803921568,0.001912366315992,DS,0.0485165320116776,constitutive,0.7807259879472285,-0.9853889483584681,0.9853889483584681,0.38288385442702494,0.3124634358076403,0.781,stable,shifted,B73_up_or_NAM_down,0.07042041861938464
chr2,240665648,Zm00001eb117460,70,6,12,-0.0648189199520781,0.6869393422001716,-3.31541646870784,0.0991154062188587,0.6869393422001716,0.000107735401853,3.634492727097105e-07,WW,0.018794646214001,70,6,12,-0.0197866213686944,0.5438515320957574,-2.647917630638658,0.0879949901385163,0.5438515320957574,0.000215470803706,5.798476291591623e-06,DS,0.0232880998005553,constitutive,0.5281678797380451,0.6674988380691822,0.6674988380691822,0.0450322985833837,-0.14308781010441418,0.532,stable,unchanged,equal,0.18812010868779788
chr3,13645592,Zm00001eb123270,172,5,9,1.3802018213514125,-0.1703178780117893,2.2105316867390457,1.3802018213514125,0.4057291548006286,0.0009990009990009,0.0138154234485236,WW,0.0289507593855419,172,4,9,0.6501965520566294,0.1291816110171602,1.1662920038139852,0.6501965520566294,0.3618516458045648,0.0335664335664335,0.0225577273195991,DS,0.17058724408122,ww_only,1.5446662465442451,-1.0442396829250604,1.0442396829250604,-0.730005269294783,0.2994994890289495,1.693,up,shifted,NAM_up_or_B73_down,1.0295047583237324
chr3,17092334,Zm00001eb124200,35,8,11,1.2372770044890464,-0.0357828119064577,3.9152531517296554,1.2372770044890464,0.2310502232367913,2.6461326770924297e-05,8.41942738485138e-08,WW,0.018794646214001,35,8,11,1.280788562750857,-0.0246824813761367,4.486853170371735,1.280788562750857,0.2459621678041588,2.6461326770924297e-05,1.6447338425815126e-08,DS,0.0210852438700539,constitutive,0.2235297450381468,0.57160001864208,0.57160001864208,0.043511558261810634,0.011100330530320997,0.224,stable,unchanged,equal,0.032411227731489634
chr3,34672994,Zm00001eb127420,1973,9,6,0.2202002285951617,-1.0133996674640402,2.8484872810919755,0.3753684498539666,1.0133996674640402,0.0003996003996003,4.392543576233818e-05,WW,0.0214693928698582,1973,9,6,-0.0121383722548615,-0.8878281307610454,2.5160306939389896,0.3045610299958975,0.8878281307610454,0.0007992007992007,0.000185344411588,DS,0.0308805698118675,constitutive,-0.4216237922907937,-0.33245658715298587,0.33245658715298587,-0.2323386008500232,0.1255715367029948,-0.425,stable,unchanged,equal,0.35791013755301804
chr3,136849723,Zm00001eb138110,378,9,5,-0.2065228668005612,0.3468399548046816,-1.264197812192395,0.2065228668005612,0.4048083635441046,0.0009990009990009,0.1745498037195693,WW,0.0289507593855419,378,9,5,-0.0706970376418123,0.1760489432807481,-0.7747917193872977,0.0784120669131638,0.3260768006185904,0.7972027972027972,0.3661036363316356,DS,0.9376324167872648,ww_only,0.5031870144270439,0.48940609280509717,0.48940609280509717,0.1358258291587489,-0.1707910115239335,0.504,stable,unchanged,equal,0.3066168406826824
chr3,170697399,Zm00001eb144320,746,6,10,1.7060328980421728,0.2416188568411298,3.0986015914270943,1.7060328980421728,0.4398145610246639,0.0004995004995004,8.862954258016126e-06,WW,0.0222282178940474,746,6,10,1.561593907947792,0.0078989783243267,1.9445666532775605,1.561593907947792,0.591736982070395,0.0029970029970029,0.0042784893957671,DS,0.051555071945896,ww_only,-1.8656050001898352,-1.1540349381495338,1.1540349381495338,-0.14443899009438077,-0.2337198785168031,-1.789,down,unchanged,equal,0.08928088842242232
chr3,191054457,Zm00001eb149750,1287,6,12,1.1836424646330677,0.0138749706492567,3.468669817071714,1.1836424646330677,0.1949604886617622,0.000107735401853,0.0014820240746419,WW,0.018794646214001,1287,6,12,1.6615163235750974,0.1039211273675516,4.024741294056752,1.6615163235750974,0.3397020305780513,0.000107735401853,1.0192822510964985e-07,DS,0.0218131868131868,constitutive,0.0892751123452578,0.5560714769850379,0.5560714769850379,0.4778738589420297,0.0900461567182949,0.09,stable,shifted,B73_up_or_NAM_down,0.3878277022237348
chr3,199143750,Zm00001eb152120,147,4,14,2.6641371238392377,0.6675273538865476,3.713950989793982,2.6641371238392377,0.6948652861316652,0.0006535947712418,0.0004427331112542,WW,0.0232820792261351,147,4,14,2.764550630225841,0.4252140263136634,5.747129880806735,2.764550630225841,0.4993837952883195,0.0006535947712418,0.000432046608156,DS,0.0273519583864411,constitutive,0.1737953388289584,2.0331788910127533,2.0331788910127533,0.1004135063866034,-0.2423133275728842,0.175,stable,unchanged,equal,0.3427268339594876
chr3,202471379,Zm00001eb153020,1102,12,5,-1.1824244960011796,-0.012508233644196,-2.092148470982147,1.1824244960011796,0.1651514215129615,0.0003232062055591,5.802323606634777e-05,WW,0.0204994931767883,1102,12,5,-1.1460188085856298,-0.1829910067832706,-1.4421673974369658,1.1553427233734408,0.3829014751439417,0.0365223012281835,0.0100437442603459,DS,0.1751461470788804,ww_only,0.1224304949049441,0.6499810735451812,0.6499810735451812,0.03640568741554984,-0.1704827731390746,0.123,stable,unchanged,equal,0.20688846055462443
chr3,203762192,Zm00001eb153460,1517,12,4,-0.6147157338100216,0.3605122519809494,-3.802070027976273,0.6147157338100216,0.508050689599915,0.001098901098901,0.0219937123161975,WW,0.0300596804016776,1517,12,4,-0.6165307665080195,0.5493885434085237,-5.941367205517504,0.6165307665080195,0.5493885434085237,0.001098901098901,0.0015334811731152,DS,0.0349834128136014,constitutive,0.4105837725238434,-2.139297177541231,2.139297177541231,-0.001815032697997876,0.18887629142757434,0.416,stable,unchanged,equal,0.19069132412557221
chr3,203762192,Zm00001eb153470,312,12,5,0.9461934027707252,0.7418554727552696,0.2969849481059973,0.9580050137454784,0.7418554727552696,0.5058177117000646,0.5074808034141585,WW,0.7510455901948833,312,12,5,1.064132410505546,0.7494205110944873,0.4520784099905908,1.0652138928691228,0.850437323900948,0.4421460892049127,0.4241589785970744,DS,0.6967181779229409,non_functional,0.9131355458841364,0.1550934618845935,0.1550934618845935,0.11793900773482091,0.007565038339217622,0.931,stable,unchanged,equal,0.11037396939560329
chr3,204399824,Zm00001eb153580,1049,7,11,0.6488021520917303,0.0760611065344986,1.8650968355105408,0.6488021520917303,0.2458204427642241,0.0011940673705379,0.0031105759234748,WW,0.0301297495867631,1049,7,11,0.3879886133709893,0.1175939813114891,0.7603420223407217,0.4075046171969632,0.3280378023996904,0.1508924082453494,0.1094192127613843,DS,0.3948201847691379,ww_only,0.3845554988114475,-1.1047548131698193,1.1047548131698193,-0.26081353872074103,0.0415328747769905,0.396,stable,unchanged,equal,0.3023464134977315
chr3,204800583,Zm00001eb153760,72,6,11,-2.2970387082884707,-0.8589963669946513,-2.002909464450307,2.2970387082884707,0.9505279918624976,0.0030704589528118,0.0002751742315534,WW,0.0456629624566229,72,6,10,-1.988549368881008,-1.308093320257964,-0.4949066857502557,1.988549368881008,1.5111041894024215,0.2777220839076408,0.3107415559973601,DS,0.553394255769905,ww_only,-2.5180552281526296,1.5080027787000512,1.5080027787000512,0.3084893394074626,-0.4490969532633128,-2.303,down,shifted,B73_up_or_NAM_down,0.7575862926707754
chr3,222949722,Zm00001eb159400,115,14,4,0.7215818774564315,0.153111187493194,1.7735998156445585,0.7215818774564315,0.153111187493194,0.0006535947712418,4.208736442769329e-05,WW,0.0232820792261351,115,14,4,0.3836478981205497,0.1020139270772876,0.6170446648421085,0.5351408780272834,0.1150821743510251,0.3816993464052287,0.0701789767098777,DS,0.6503864973789787,ww_only,-1.0035066771580488,-1.15655515080245,1.15655515080245,-0.3379339793358818,-0.0510972604159064,-1.004,down,shifted,NAM_up_or_B73_down,0.2868367189199754
chr3,223345700,Zm00001eb159550,1560,7,11,-0.6571541829065985,0.1318623500998973,-2.062703655483694,0.6571541829065985,0.328541357117485,0.0018853695324283,0.0001658605724785,WW,0.0378512541871861,1560,7,11,-0.6321836339579399,-0.0945005624072272,-1.4275247509855191,0.6321836339579399,0.2963932824793044,0.0041478129713423,0.0034932920625166,DS,0.0607675609484582,ww_only,-0.4668408264694526,0.6351789044981748,0.6351789044981748,0.02497054894865869,-0.2263629125071245,-0.468,stable,unchanged,equal,0.25133346145578317
chr3,228195173,Zm00001eb161090,1609,8,9,-0.9406932666265696,0.9220914894649652,-2.0977346090880324,0.9406932666265696,1.0900940116553548,0.0015631427396133,0.0005913944497451,WW,0.0333581667249819,1609,8,9,-0.1914855806655673,1.209411585601006,-0.9837987105839884,1.2896703862061565,1.312345981543085,0.1387906211435623,0.0721221689410647,DS,0.3764358615262835,ww_only,0.4197354855575503,1.1139358985040442,1.1139358985040442,0.7492076859610023,0.2873200961360407,0.445,stable,shifted,B73_up_or_NAM_down,0.4618875898249616
chr3,229581278,Zm00001eb161610,271,6,11,1.3964177682055283,-0.5496401609034997,1.658706141336174,1.3964177682055283,1.1186720761076656,0.0048480930833872,0.002642293153739,WW,0.0556258516251818,271,6,11,0.8621226617456744,-0.8767830158570384,1.795163923819893,0.9164169171690588,1.2211811462026725,0.0048480930833872,0.002736358784284,DS,0.0628105558706548,non_functional,-0.383699721707633,0.1364577824837192,0.1364577824837192,-0.5342951064598539,-0.3271428549535388,-0.389,stable,shifted,NAM_up_or_B73_down,0.2071522515063151
chr3,236713284,Zm00001eb163880,1393,3,13,-1.1079302459281506,-0.1916829297801831,-1.6123756001726235,1.1079302459281506,0.5672038116989129,0.0035714285714285,0.0054977808324147,WW,0.0495588381084564,1393,3,13,-0.4662108712568757,0.0692970941980188,-1.354591241688775,0.4671178657162292,0.3009411664319734,0.1464285714285714,0.2196678492675681,DS,0.389533475984008,ww_only,1.2197832680099931,0.2577843584838484,0.2577843584838484,0.6417193746712748,0.26098002397820186,1.22,up,shifted,B73_up_or_NAM_down,0.38073935069307296
chr4,38328395,Zm00001eb173230,116,7,10,-0.1830240641328956,0.4933554352617628,-3.2422449839380714,0.2762040494635643,0.4933554352617628,0.0001028383381324,0.0002427436509121,WW,0.018794646214001,116,7,10,-0.0367642323465991,0.2746893213468186,-1.2523482058154056,0.2717748919168237,0.2746893213468186,0.0553270259152612,0.0565008649647399,DS,0.2253926866707319,ww_only,0.0700825841712082,1.9898967781226657,1.9898967781226657,0.1462598317862965,-0.21866611391494417,0.07,stable,unchanged,equal,0.3649259457012407
chr4,140997057,Zm00001eb184420,348,12,6,-0.5412237213475098,-0.2164289548181492,-1.968766155088237,0.5412237213475098,0.2164289548181492,0.0020469726352079,0.0005170015571105,WW,0.0381789212106284,348,12,6,-0.5590511500502902,-0.1707001608235754,-1.862963969223552,0.5590511500502902,0.1909905766850014,0.0032320620555914,0.0011721956265764,DS,0.0530017537791209,ww_only,-0.3321506475523911,0.10580218586468493,0.10580218586468493,-0.017827428702780312,0.0457287939945738,-0.332,stable,unchanged,equal,0.06355622269735411
chr4,177063328,Zm00001eb191640,1732,6,12,2.338342033292833,0.9381814418804432,1.0974553266348464,2.338342033292833,1.163960238754356,0.0096961861667744,0.0370016979256373,WW,0.0818877258505741,1732,6,11,3.142852701867934,1.7388519570148997,1.3010804925911228,3.142852701867934,1.7762743463091937,0.0273109243697479,0.0308965106935703,DS,0.1544671657140416,non_functional,-0.0735592762820299,0.20362516595627644,0.20362516595627644,0.8045106685751011,0.8006705151344565,-0.075,stable,shifted,B73_up_or_NAM_down,0.003840153440644589
chr4,179998271,Zm00001eb192630,1041,5,11,0.802888069750791,0.2495082632493624,2.1001321319809847,0.802888069750791,0.3123840589013635,0.0009157509157509,0.0001341744535652,WW,0.0281713158636235,1041,5,11,0.6669955290173459,0.1024198097081808,3.2203220364040166,0.6669955290173459,0.175488518647593,0.0004578754578754,4.523685175021077e-06,DS,0.0258261774655217,constitutive,0.41623576849637,1.120189904423032,1.120189904423032,-0.13589254073344503,-0.1470884535411816,0.417,stable,unchanged,equal,0.011195912807736574
chr4,230230774,Zm00001eb203840,829,10,5,0.2718067030425352,-0.109846116367172,2.0221916924665866,0.2813407975474454,0.1190519429559734,0.0026640026640026,0.0010457733535509,WW,0.0434852222607324,829,10,5,0.1758715738851795,0.0238368666470809,1.022017733174415,0.1999639210360715,0.0372750013258628,0.0992340992340992,0.0264514925537367,DS,0.3194860694860694,ww_only,0.8526729416852028,-1.0001739592921717,1.0001739592921717,-0.09593512915735569,0.1336829830142529,0.858,stable,unchanged,equal,0.2296181121716086
chr4,246091770,Zm00001eb207970,49,8,9,2.3245972063171187,-0.244251288614273,1.0981610776016033,2.405289025192272,1.166006554194787,0.0015631427396133,0.0507418919805225,WW,0.0333581667249819,49,8,9,2.348336631685755,0.254163766087874,1.0381797044760352,2.3695588560823833,0.6606992698707548,0.0078979843685726,0.0661548778727176,DS,0.0804245456332931,ww_only,0.3408312396148183,-0.05998137312556806,0.05998137312556806,0.02373942536863627,0.498415054702147,0.343,stable,unchanged,equal,0.4746756293335107
chr4,248093954,Zm00001eb209100,36,5,12,0.7100287347471704,-0.1142901955480747,2.161802161351503,0.7100287347471704,0.2812991405923269,0.0012928248222365,0.01024636253606,WW,0.0306430974109065,36,5,12,0.2294517936085212,-0.0394199540521504,1.0309769297381948,0.2844309825884271,0.2072963125709171,0.0817711700064641,0.1049737367312574,DS,0.2828153589242299,ww_only,0.2248879597916523,-1.1308252316133083,1.1308252316133083,-0.48057694113864924,0.07487024149592429,0.225,stable,shifted,NAM_up_or_B73_down,0.5554471826345735
chr5,4631545,Zm00001eb213050,24,13,5,1.0490766240170264,-0.2831318411834175,2.253818362232302,1.0581992676606835,0.3096688391148959,0.0004668534080298,3.001052810480615e-05,WW,0.0218622968313008,24,13,5,1.4623863241472062,0.1474812163886767,1.2824317958204403,1.468041485687224,0.6193099154789736,0.0263772175536881,0.0168625509424548,DS,0.1519805133208662,ww_only,0.521662933686109,-0.9713865664118615,0.9713865664118615,0.41330970013017976,0.4306130575720942,0.552,stable,shifted,B73_up_or_NAM_down,0.01730335744191447
chr5,7313087,Zm00001eb214630,351,4,14,-0.4414102310307534,-0.107557382566588,-3.458118637633839,0.4414102310307534,0.1120941444681944,0.0013071895424836,0.0098189354331142,WW,0.0306430974109065,351,4,14,-0.2578639023808688,-0.1277112509679255,-0.7833257032529068,0.3314758953813522,0.1465763482268616,0.2771241830065359,0.4410671076168391,DS,0.5522572178477689,ww_only,0.4584276964314422,2.674792934380932,2.674792934380932,0.18354632864988457,-0.020153868401337482,0.46,stable,unchanged,equal,0.20370019705122205
chr5,11366019,Zm00001eb216260,35,10,8,-0.1269715913795939,0.040437568519095,-1.9824368661202296,0.1301062121942413,0.0867503124676863,0.0020567667626491,0.0016718445075301,WW,0.0381789212106284,35,10,8,-0.2897594822201787,-0.04020466423793,-1.5617406706877208,0.2897594822201787,0.125264805160504,0.0043877690936514,0.0056412223137924,DS,0.0609991790252242,ww_only,-0.5905323112137898,0.4206961954325088,0.4206961954325088,-0.16278789084058481,-0.080642232757025,-0.591,stable,unchanged,equal,0.08214565808355981
chr5,15259532,Zm00001eb217870,141,11,7,2.5669554233247474,0.863481182311406,3.947845592088762,2.5669554233247474,0.863481182311406,6.284565108094519e-05,4.734579990222715e-06,WW,0.018794646214001,141,11,7,2.508084257605079,0.4880686749285526,2.8988876009546387,2.508084257605079,0.6678743111440566,6.284565108094519e-05,6.237504675463688e-06,DS,0.0210852438700539,constitutive,0.5353314977272093,-1.0489579911341234,1.0489579911341234,-0.05887116571966855,-0.3754125073828534,0.542,stable,unchanged,equal,0.31654134166318487
chr5,15259532,Zm00001eb217880,1021,11,6,-0.1065769655212054,0.9262847006443696,-3.792981580851249,0.1313462243324192,0.9262847006443696,0.0001616031027795,0.0013428674870214,WW,0.018794646214001,1021,11,6,-0.0711775808517339,0.0598796039918734,-0.2203290918929213,0.1975786064140027,0.7815615985608275,0.5248868778280543,0.757483131191469,DS,0.76593762993763,ww_only,0.5037214233503621,3.5726524889583278,3.5726524889583278,0.0353993846694715,-0.8664050966524962,0.508,stable,unchanged,equal,0.9018044813219677
chr5,16163710,Zm00001eb218270,1275,9,10,0.4145502898976821,-1.2572513735316035,1.405587068007922,1.2968992734383589,1.2572513735316035,0.0037487715150598,0.0172444338494153,WW,0.0504105146033193,1275,9,10,-1.0020962774542062,-2.884997546146206,1.762473158679241,1.286882837331987,2.884997546146206,0.0062330349697337,0.0028541065652113,DS,0.0705818003535793,non_functional,-1.328608527370622,0.35688609067131893,0.35688609067131893,-1.4166465673518882,-1.6277461726146023,-1.315,down,shifted,NAM_up_or_B73_down,0.2110996052627141
chr5,19678594,Zm00001eb219260,3,9,5,0.9874585330105936,-0.5402888343912732,2.5399095991152305,0.9874585330105936,0.5402888343912732,0.0009990009990009,0.0001338000764746,WW,0.0289507593855419,3,9,5,0.591122160326726,-0.5829440797714548,2.5669599696283254,0.591122160326726,0.6467459659238778,0.0019980019980019,0.0034833539208554,DS,0.0447904326733231,constitutive,1.4199993894291516,0.02705037051309489,0.02705037051309489,-0.39633637268386757,-0.04265524538018162,1.471,up,shifted,NAM_up_or_B73_down,0.35368112730368595
chr5,36348038,Zm00001eb223240,1029,3,13,-0.1502766122963161,1.6282509693282408,-4.423425802298632,0.2117329520465533,1.6282509693282408,0.0035714285714285,0.0003733839334709,WW,0.0495588381084564,1029,3,13,-0.7287865823462109,0.8811297164312282,-4.747915118672888,0.7287865823462109,0.8811297164312282,0.0035714285714285,0.0046448998781095,DS,0.056011397587695,ww_only,-0.0463093293394852,-0.3244893163742564,0.3244893163742564,-0.5785099700498948,-0.7471212528970126,-0.046,stable,shifted,NAM_up_or_B73_down,0.1686112828471178
chr5,62145381,Zm00001eb227820,2,4,13,2.01041996308423,0.5217501332929347,2.3072186602317575,2.01041996308423,0.747752246720536,0.0008403361344537,3.8263820350973745e-05,WW,0.0263789032096355,2,4,13,2.212717939692023,0.564877128353362,4.181792609018615,2.212717939692023,0.564877128353362,0.0008403361344537,5.2818550325088545e-08,DS,0.0311047270827892,constitutive,0.4869294077457585,1.8745739487868573,1.8745739487868573,0.20229797660779303,0.043126995060427276,0.493,stable,unchanged,equal,0.15917098154736575
chr5,66029051,Zm00001eb228660,132,8,11,-0.3275024314886156,-0.0697017811115484,-1.6788176343943253,0.3275024314886156,0.1683935272232109,0.0011907597046915,0.0011213949282429,WW,0.0301297495867631,132,8,11,-0.3896518406786722,-0.2335106175196614,-0.3541991201347493,0.3896518406786722,0.302460445049484,0.0259321002355058,0.3901336372132062,DS,0.1511797389773354,ww_only,0.4357876073325205,1.3246185142595759,1.3246185142595759,-0.062149409190056626,-0.163808836408113,0.437,stable,unchanged,equal,0.10165942721805638
chr5,92095945,Zm00001eb233850,324,12,6,0.611900338990805,-0.1598156283510393,2.176162600541851,0.611900338990805,0.2642015901042494,0.0012928248222365,0.0003401544268405,WW,0.0306430974109065,324,12,6,0.8053898148923451,-0.1093755249609842,2.617582655371983,0.8053898148923451,0.3152023581556695,0.000215470803706,0.0012364190708508,DS,0.0232880998005553,constitutive,0.3567235947328223,0.4414200548301319,0.4414200548301319,0.1934894759015401,0.0504401033900551,0.364,stable,unchanged,equal,0.14304937251148497
chr5,142502511,Zm00001eb238000,880,11,6,-0.3792412499391221,0.0268940334529772,-2.1498504160720167,0.3792412499391221,0.0832396720610803,0.0003232062055591,0.0001093214395704,WW,0.0204994931767883,880,11,6,-0.2464522495059889,-0.1135008097557349,-0.4804641295408948,0.2958315075252321,0.2007210548105399,0.4043309631544926,0.3540713956725436,DS,0.6694871615136581,ww_only,-0.0715414311469173,1.6693862865311218,1.6693862865311218,0.13278900043313321,-0.1403948432087121,-0.072,stable,unchanged,equal,0.27318384364184534
chr5,166109809,Zm00001eb241520,79,4,14,1.9134578411987664,-0.2386165151177026,2.5687834747624976,1.9134578411987664,0.8098267036615903,0.0013071895424836,2.082914968450251e-06,WW,0.0306430974109065,79,4,14,2.2004302379795653,-0.1886365779067287,2.201119082811329,2.2004302379795653,0.9147445822396254,0.0045751633986928,0.0011180789782298,DS,0.0622664762327756,ww_only,1.0100036644630332,-0.3676643919511684,0.3676643919511684,0.2869723967807989,0.04997993721097391,1.031,up,unchanged,equal,0.23699245956982498
chr5,167284817,Zm00001eb241810,95,16,3,0.1234080997599312,0.4389360452987145,-2.3549637691009884,0.1495471992721933,0.4389360452987145,0.002063983488132,7.560459837854813e-06,WW,0.0381789212106284,95,16,3,-0.2078673635706194,-0.1218158502002619,-0.3984634059963484,0.2322048958475451,0.2795678484292057,0.8751289989680083,0.6845736050003745,DS,0.9765115242586292,ww_only,-0.3397715585055305,1.95650036310464,1.95650036310464,-0.3312754633305506,-0.5607518954989764,-0.34,stable,shifted,NAM_up_or_B73_down,0.22947643216842584
chr5,168023778,Zm00001eb241920,73,6,13,-0.6964864377920613,0.4824560384318493,-1.265685914534524,0.6964864377920613,0.5515366650166683,7.371369600471768e-05,0.0025425183651856,WW,0.018794646214001,73,6,13,-0.8636351592227559,0.4259057046620971,-1.3963950367552138,0.8636351592227559,0.6064584157740672,0.0001474273920094,0.0011284401087598,DS,0.0232874033860875,constitutive,-1.644054729330625,-0.13070912222068976,0.13070912222068976,-0.1671487214306946,-0.056550333769752215,-1.643,down,unchanged,equal,0.11059838766094238
chr5,221117231,Zm00001eb257390,1197,5,8,0.1542026304097688,-0.6333025511273507,2.3084822894126096,0.3869131057230247,0.6333025511273507,0.0031080031080031,0.0168434637803755,WW,0.0456632109828289,1197,5,8,0.4265283230412871,-0.4170358720509532,2.6912444869215553,0.4265283230412871,0.4412284069949033,0.0031080031080031,0.0009765571089856,DS,0.0516648102854999,ww_only,0.0221583252134904,0.3827621975089457,0.3827621975089457,0.2723256926315183,0.21626667907639746,0.022,stable,unchanged,equal,0.05605901355512083
chr5,224510508,Zm00001eb259140,1110,13,5,0.710613694709542,0.2253432224606257,1.6398938684160298,0.710613694709542,0.2253432224606257,0.0016339869281045,0.0009056530350314,WW,0.0343566799309979,1110,13,5,0.6661173982909768,0.1312493721346467,2.6073027187648563,0.6661173982909768,0.1688339347139687,0.0004668534080298,0.0020424050924588,DS,0.0258261774655217,constitutive,0.4868509050802637,0.9674088503488265,0.9674088503488265,-0.04449629641856523,-0.09409385032597897,0.489,stable,unchanged,equal,0.049597553907413744
chr6,50584394,Zm00001eb267380,274,11,5,-0.3009796307438979,-1.3149902894130605,1.401054671878042,0.3621084349246601,1.3149902894130605,0.0086996336996337,0.004968194351566,WW,0.0783947162946712,274,11,5,-0.2633693241838876,-1.3424429724479403,1.3613943079727775,0.3731841383048197,1.3424429724479403,0.0192307692307692,0.0625380069283506,DS,0.1275706940874036,non_functional,0.9710477031682804,-0.039660363905264395,0.039660363905264395,0.0376103065600103,-0.0274526830348798,0.998,stable,unchanged,equal,0.0650629895948901
chr6,71518134,Zm00001eb269310,224,3,13,-0.2613211845470762,0.0142240738006425,-2.1638426622596763,0.2613211845470762,0.1120523826009394,0.0035714285714285,8.943580507549264e-06,WW,0.0495588381084564,224,3,13,-0.2013002386973691,0.0498620985160236,-3.199106651146486,0.2013002386973691,0.0633890258755358,0.0035714285714285,0.0514876803653918,DS,0.056011397587695,ww_only,0.349346500774441,-1.0352639888868098,1.0352639888868098,0.0600209458497071,0.0356380247153811,0.35,stable,unchanged,equal,0.024382921134326004
chr6,82204827,Zm00001eb270660,197,10,6,-1.8869347544104635,-0.3294500874206544,-2.65025302561414,1.8869347544104635,0.6404120221344755,0.0023715851954859,0.003811788502316,WW,0.0412008840737936,197,10,8,-1.710276184751137,0.0465542813015932,-3.3391566047868184,1.710276184751137,0.6289226928712386,4.570592805886923e-05,0.000234898496293,DS,0.0210852438700539,constitutive,0.4566996493376387,-0.6889035791726785,0.6889035791726785,0.17665856965932658,0.37600436872224763,0.53,stable,unchanged,equal,0.19934579906292105
chr6,117591379,Zm00001eb278070,89,3,15,-0.4800714344712373,0.1926385751488951,-1.5193795758942168,0.4800714344712373,0.2997360567311379,0.0024509803921568,8.667010880497967e-05,WW,0.0413684239925549,89,3,15,-0.3458001237404171,0.3318241044415939,-1.1351476239240108,0.3458001237404171,0.379623976679729,0.0049019607843137,0.0019155545995797,DS,0.063015873015873,ww_only,0.9279121363039348,0.384231951970206,0.384231951970206,0.13427131073082021,0.13918552929269878,0.93,stable,unchanged,equal,0.004914218561878569
chr6,138884889,Zm00001eb282960,111,5,11,0.4353744034418992,-0.1390991510584369,1.0899792361341103,0.4353744034418992,0.4232348034300213,0.0086996336996337,0.0136722067398952,WW,0.0783947162946712,111,5,13,0.4089352497412777,-0.380503687675278,0.7715835130500642,0.4089352497412777,0.6327415556566685,0.0263772175536881,0.0372632348286589,DS,0.1519805133208662,non_functional,0.3538280187797097,-0.31839572308404607,0.31839572308404607,-0.0264391537006215,-0.24140453661684108,0.355,stable,unchanged,equal,0.21496538291621958
chr6,156454369,Zm00001eb287610,283,9,10,-0.3081490144681235,0.0565180682693519,-3.2039939899186636,0.3234256143137369,0.0577453516785884,0.0012590162631761,8.02233587636205e-05,WW,0.0303316737330966,283,9,10,-0.0966506620801204,0.1076998187162774,-1.5882715208179443,0.1605835388982589,0.1118168751985153,0.0062330349697337,0.005747227394381,DS,0.0705818003535793,ww_only,0.5901270465155215,1.6157224691007193,1.6157224691007193,0.21149835238800307,0.0511817504469255,0.591,stable,unchanged,equal,0.16031660194107758
chr6,158295494,Zm00001eb288130,126,6,10,0.4453778463276819,-0.0238532606109127,2.150249384297382,0.4453778463276819,0.1593012149527348,0.0009990009990009,0.0030700304283198,WW,0.0289507593855419,126,6,10,0.2204963100496428,-0.1494497562412145,0.9764795491322816,0.4483194798073451,0.1662888888868558,0.2634865134865135,0.1880298109691208,DS,0.5338548422457159,ww_only,0.4674678098345825,-1.1737698351651003,1.1737698351651003,-0.2248815362780391,-0.1255964956303018,0.469,stable,unchanged,equal,0.0992850406477373
chr6,162420882,Zm00001eb289530,64,9,9,0.1019997380924765,-0.1624822185402637,2.207976853200403,0.1019997380924765,0.1791702508442234,0.001086246625822,0.0003482964320846,WW,0.0300596804016776,64,9,9,0.0261201134021048,-0.1393763493057352,1.1391688020014104,0.0954963793934115,0.1611259602762292,0.0422601060839566,0.0290267061668301,DS,0.1918906409243934,ww_only,0.2406643862148489,-1.0688080511989928,1.0688080511989928,-0.07587962469037171,0.02310586923452851,0.241,stable,unchanged,equal,0.09898549392490022
chr6,171169950,Zm00001eb293310,102,5,14,-0.4253958446873235,0.5786367370475308,-2.662958739257526,0.5411462833744667,0.5798844176691468,0.001203990368077,0.0041936109267275,WW,0.0301297495867631,102,5,14,0.0824761015688519,0.4995301610819521,-0.8731908032442295,0.2361759341640456,0.5000304957422833,0.08703130374957,0.0577792818962551,DS,0.2932960730721611,ww_only,0.4228098037309496,1.7897679360132965,1.7897679360132965,0.5078719462561754,-0.07910657596557874,0.423,stable,shifted,B73_up_or_NAM_down,0.5869785222217541
chr6,174632784,Zm00001eb295120,1985,12,6,-0.2807219844033659,-0.927549732179345,1.8637334950365565,0.3661508238627313,0.927549732179345,0.0032320620555914,0.0056643870018752,WW,0.0466293743604667,1985,12,6,-0.2679482059186329,-0.5298177773783502,0.7490863590591257,0.4069681003775009,0.5298177773783502,0.290777849601379,0.1149392297808691,DS,0.5650075931745797,ww_only,0.8392652630289662,-1.1146471359774308,1.1146471359774308,0.01277377848473299,0.39773195480099477,0.85,stable,unchanged,equal,0.3849581763162618
chr6,174715533,Zm00001eb295170,165,5,14,1.3186189558342585,0.3542594335258871,1.8141165619408115,1.3186189558342585,0.4514847465942244,0.0032679738562091,4.5974581199197904e-05,WW,0.0468097458658726,165,5,14,0.9021006679018936,0.1897417858364021,1.2988391401103103,0.9021006679018936,0.4513833001327362,0.0103199174406604,0.0021635828667883,DS,0.0910067767955642,ww_only,-0.4896268936512535,-0.5152774218305012,0.5152774218305012,-0.4165182879323649,-0.164517647689485,-0.49,stable,shifted,NAM_up_or_B73_down,0.2520006402428799
chr7,10735160,Zm00001eb301490,108,6,13,1.775794739069258,0.0592425882472188,1.9413255078688352,1.775794739069258,0.635003479162548,0.0014005602240896,0.0011461894928313,WW,0.0317884247910287,108,6,13,0.0957171405749539,-0.2335126340806475,0.3339328181145502,0.3827973742586515,0.892655650926523,0.1517765000737137,0.4301757081210712,DS,0.3957016220695958,ww_only,5.380547395822768,-1.607392689754285,1.607392689754285,-1.6800775984943042,-0.2927552223278663,5.588,up,shifted,NAM_up_or_B73_down,1.3873223761664377
chr7,89397106,Zm00001eb309560,491,9,9,-0.5640683717863414,0.2117311927598035,-3.519480271217914,0.5640683717863414,0.2453226332312067,0.0004122948020616,9.469072524158115e-06,WW,0.0214693928698582,491,9,9,0.0753230197168703,0.472599719555188,-1.0694118499440453,0.0869448083762175,0.4984589425604311,0.1333202155896274,0.0507180543787383,DS,0.366743648960739,ww_only,0.674737949861847,2.450068421273869,2.450068421273869,0.6393913915032117,0.26086852679538447,0.678,stable,shifted,B73_up_or_NAM_down,0.3785228647078272
chr7,131670304,Zm00001eb315000,1575,4,15,-0.1094235957387667,-0.7159143351044216,1.8051501548713624,0.2590592013443362,0.7159143351044216,0.0139318885448916,0.0184155564611134,WW,0.1010667709884386,1575,4,15,0.8993126758605117,-0.1457445168757433,1.092932573138895,1.3458550739022557,0.629224765667139,0.262125902992776,0.2985548742054828,DS,0.531843186481084,non_functional,1.0170521875074092,-0.7122175817324674,0.7122175817324674,1.0087362715992785,0.5701698182286783,1.089,up,shifted,B73_up_or_NAM_down,0.4385664533706002
chr7,136093429,Zm00001eb316080,99,11,6,0.8213727511624028,0.5032283233580751,1.9018916237492816,0.8213727511624028,0.5032283233580751,0.0019392372333548,0.0008918154722678,WW,0.0381789212106284,99,11,6,0.8505185714448231,0.385242107641195,2.8966553233913257,0.8505185714448231,0.385242107641195,0.0003232062055591,2.1668941298674175e-05,DS,0.0232880998005553,constitutive,0.8889831462354819,0.9947636996420441,0.9947636996420441,0.0291458202824203,-0.11798621571688012,0.894,stable,unchanged,equal,0.14713203599930041
chr7,138416698,Zm00001eb316700,731,5,14,-1.742789806733359,-0.4370310187683743,-3.171621885033046,1.742789806733359,0.5505436894100864,0.000171998624011,0.0005472058898384,WW,0.018794646214001,731,5,14,-0.1149951911871103,1.348248234872224,-3.1075469605639436,0.314673986412175,1.348248234872224,0.000343997248022,3.794432898135502e-05,DS,0.0242679870407726,constitutive,1.952422481005578,0.06407492446910235,0.06407492446910235,1.6277946155462486,1.7852792536405984,1.988,up,shifted,B73_up_or_NAM_down,0.15748463809434976
chr7,143100402,Zm00001eb317810,24,15,4,0.0963309743791053,-0.3659728296823931,2.763241766894069,0.1706446819613783,0.3659728296823931,0.000515995872033,0.0001499350746539,WW,0.0222282178940474,24,15,4,0.0916639154228933,-0.2969142687544336,2.7651988612392713,0.1640720871262562,0.2969142687544336,0.000515995872033,4.465505109903806e-07,DS,0.0258598228243877,constitutive,0.752343387825097,0.0019570943452023037,0.0019570943452023037,-0.004667058956212,0.06905856092795948,0.753,stable,unchanged,equal,0.07372561988417148
chr7,152271809,Zm00001eb320580,90,8,9,-0.1898899244904199,0.4854079707593099,-2.130979393591789,0.3473176627471824,0.4854079707593099,0.0009872480460715,0.0011055674519963,WW,0.0289507593855419,90,8,9,-0.0827349890235948,0.1106482323878932,-0.5531842692308906,0.3418637132323088,0.246945103664772,0.2765939942410531,0.2849137680805582,DS,0.5522572178477689,ww_only,-0.3302410608003249,1.5777951243608983,1.5777951243608983,0.10715493546682509,-0.37475973837141674,-0.331,stable,unchanged,equal,0.4819146738382418
chr7,152271809,Zm00001eb320590,346,8,7,0.1437425977161341,-0.1109990617067901,1.3421361969839911,0.2026640808483748,0.1736619437822974,0.0289044289044289,0.0233986221696599,WW,0.1516107551176904,346,8,7,0.0483756366164969,-0.1282859928420439,0.7473758811154523,0.1664428895442117,0.2551173559491877,0.280963480963481,0.1851734229867533,DS,0.5554339265329238,non_functional,0.37186536195073,-0.5947603158685388,0.5947603158685388,-0.09536696109963719,-0.0172869311352538,0.373,stable,unchanged,equal,0.07808002996438339
chr7,154612148,Zm00001eb321330,1,6,12,0.7225241961322114,-0.1910707387191368,2.120378185681794,0.7225241961322114,0.3581372450615129,0.0020469726352079,0.0032855907707221,WW,0.0381789212106284,1,6,12,0.5069403018846071,-0.0290028791711512,1.6006123720410437,0.5069403018846071,0.306199743974356,0.0020469726352079,0.0024742832296885,DS,0.0447904326733231,constitutive,1.116864193787567,-0.5197658136407504,0.5197658136407504,-0.21558389424760427,0.16206785954798558,1.118,up,unchanged,equal,0.37765175379558985
chr7,161258452,Zm00001eb322430,15,3,13,-0.3928719862947558,0.1358204337103244,-1.820159273397419,0.3928719862947558,0.2680350066348546,0.0035714285714285,0.0001789656426023,WW,0.0495588381084564,15,3,13,-0.5622091639713998,0.4140147365509097,-2.6478259071018058,0.5622091639713998,0.4512999798256538,0.0035714285714285,9.947992183729735e-07,DS,0.056011397587695,ww_only,-0.5200830059745897,-0.8276666337043868,0.8276666337043868,-0.16933717767664397,0.27819430284058533,-0.52,stable,unchanged,equal,0.4475314805172293
chr7,162616610,Zm00001eb322850,145,8,9,0.387118547850447,-0.0665519928535267,2.258909760448556,0.387118547850447,0.1843269905255032,0.0003290826820238,0.000343911485065,WW,0.0204994931767883,145,8,9,0.2895240823415172,-0.2307248936216763,1.3993588513826924,0.3463131814618984,0.3385973444827712,0.0152200740436034,0.0106523713584603,DS,0.1131280613659468,ww_only,-1.251566237356505,-0.8595509090658637,0.8595509090658637,-0.0975944655089298,-0.1641729007681496,-1.251,down,unchanged,equal,0.0665784352592198
chr7,162807470,Zm00001eb322940,1177,7,11,-0.2128209232339522,-0.0292545298165278,-1.6640739894757786,0.2128209232339522,0.0985781524159598,0.0028280542986425,0.0016283407386465,WW,0.044668067737485,1177,7,11,-0.193686009133679,-0.0909941712241177,-0.7599905281192271,0.193686009133679,0.1417764146463251,0.1259426847662141,0.1060288668201564,DS,0.3593013299227192,ww_only,0.4810009764005743,0.9040834613565515,0.9040834613565515,0.01913491410027318,-0.06173964140758989,0.482,stable,unchanged,equal,0.08087455550786307
chr7,166654451,Zm00001eb324270,46,6,10,0.7016849512957027,0.0242239841905871,2.853906533242131,0.7016849512957027,0.0675236049591928,0.0004995004995004,0.0066110915617219,WW,0.0222282178940474,46,6,10,0.2969419856274624,-0.0144362733814389,1.7019943708570326,0.3585199114937605,0.0885091584565994,0.0224775224775224,0.0357129721480025,DS,0.1379934498491199,ww_only,-0.417414727375519,-1.1519121623850985,1.1519121623850985,-0.40474296566824036,-0.038660257572026,-0.417,stable,shifted,NAM_up_or_B73_down,0.36608270809621435
chr7,170356482,Zm00001eb325750,752,13,4,1.927107743400163,0.4227167197204193,1.9633128913200084,1.927107743400163,0.5437273337631094,0.0008403361344537,0.0014240417073705,WW,0.0263789032096355,752,13,4,2.236324737959018,0.5475385523220061,1.4861833230742785,2.236324737959018,0.5475385523220061,0.0058823529411764,0.0029134843425938,DS,0.0699058879947249,ww_only,0.6814199913586284,-0.47712956824572994,0.47712956824572994,0.309216994558855,0.1248218326015868,0.684,stable,shifted,B73_up_or_NAM_down,0.18439516195726818
chr7,175487307,Zm00001eb327790,884,6,9,0.4173047496721069,-0.5433483140915089,1.592786019210431,0.7153373912271315,0.5433483140915089,0.0015984015984015,0.0538979864266869,WW,0.0338218395361252,884,6,9,0.2453084636995479,-0.5930158365025503,1.2768435719106843,0.7625052416236408,0.5930158365025503,0.0359640359640359,0.0966094542497564,DS,0.1745359147084938,ww_only,0.5867006997083108,-0.31594244729974674,0.31594244729974674,-0.171996285972559,-0.04966752241104144,0.589,stable,unchanged,equal,0.12232876356151756
chr7,180169307,Zm00001eb329780,1643,7,8,-1.3218540348397845,-0.4862478940149708,-2.54726523408733,1.3218540348397845,0.4981720795227949,0.0012432012432012,0.0002503461983067,WW,0.0301687524988495,1643,7,8,-1.637472391961163,-0.6938424337485629,-1.7567486967598585,1.637472391961163,0.7336116139734552,0.0093240093240093,0.0046391944194024,DS,0.087806147341031,ww_only,-0.5815726216497811,0.7905165373274714,0.7905165373274714,-0.3156183571213784,-0.2075945397335921,-0.582,stable,shifted,NAM_up_or_B73_down,0.10802381738778633
chr7,184734845,Zm00001eb331960,1920,4,13,1.9565668616259777,-0.1238311721484707,7.457618940983692,1.9565668616259777,0.2361678388855571,0.0008403361344537,0.0006079986934434,WW,0.0263789032096355,1920,4,13,1.2812828539041072,-0.2516978581374239,4.367095462079234,1.2812828539041072,0.3437876760656478,0.0008403361344537,0.0034833577516833,DS,0.0311047270827892,constitutive,0.4287552778660046,-3.0905234789044576,3.0905234789044576,-0.6752840077218705,-0.1278666859889532,0.443,stable,shifted,NAM_up_or_B73_down,0.5474173217329172
chr8,3885807,Zm00001eb333100,266,6,13,0.5960717437032603,0.0235377286906279,1.980102820603211,0.5960717437032603,0.1981712257219634,0.0022114108801415,0.0079895425293874,WW,0.038891268213993,266,6,13,0.0705713378978912,-0.1052436290510712,0.5019017397524046,0.4528317110939863,0.1996022526515004,0.1517765000737137,0.4802206209258325,DS,0.3957016220695958,ww_only,0.7986981732818714,-1.4782010808508064,1.4782010808508064,-0.5255004058053692,-0.1287813577416991,0.81,stable,shifted,NAM_up_or_B73_down,0.3967190480636701
chr8,13195128,Zm00001eb335350,73,10,9,-0.2364839975115372,0.4341460592627135,-2.1124436450449124,0.31343115333517,0.4349185871015122,0.002880484669027,0.0002345431177026,WW,0.0446897908099409,73,10,9,-0.3848101837159835,0.2636103747674485,-1.802317483754693,0.409611429034091,0.2637860454008714,0.0016693366427425,0.0010107621400084,DS,0.0422190712513293,constitutive,0.988852794841503,0.3101261612902195,0.3101261612902195,-0.14832618620444632,-0.17053568449526502,0.997,stable,unchanged,equal,0.022209498290818697
chr8,14008624,Zm00001eb335640,48,11,7,-0.2006016780006661,0.0560284675525581,-2.0867966451415114,0.2034818700567903,0.1204935354457452,0.0018853695324283,0.0024434592135807,WW,0.0378512541871861,48,11,7,-0.1139139698835544,-0.0079872265187634,-0.7463542764059082,0.1139139698835544,0.1721290336906964,0.4251508295625942,0.2454229884840442,DS,0.687432426621454,ww_only,0.2083969640692998,1.3404423687356033,1.3404423687356033,0.08668770811711171,-0.0640156940713215,0.209,stable,unchanged,equal,0.1507034021884332
chr8,16571666,Zm00001eb336310,88,4,14,-0.0374619585965265,0.695141856357124,-2.0343973725911755,0.0884760050463722,0.695141856357124,0.0013071895424836,1.0780541611105948e-05,WW,0.0306430974109065,88,4,14,-0.1765963863879839,0.5132979371452725,-1.5958572012730792,0.2513659131347684,0.5586088057380956,0.0117647058823529,0.0194546456858158,DS,0.0992913714047519,ww_only,-0.2987612868237915,0.4385401713180963,0.4385401713180963,-0.1391344277914574,-0.1818439192118515,-0.299,stable,unchanged,equal,0.0427094914203941
chr8,29624422,Zm00001eb339310,249,9,6,-0.4811195681830236,0.5286555863986062,-2.176019276169505,0.4811195681830236,0.5286555863986062,0.0003996003996003,0.0019991076901908,WW,0.0214693928698582,249,9,6,-0.7238307560316655,-0.0027068299607763,-0.8113016421724213,0.7238307560316655,0.9254414003844764,0.0359640359640359,0.2597155311881799,DS,0.1745359147084938,ww_only,0.3847187608883046,1.364717633997084,1.364717633997084,-0.24271118784864187,-0.5313624163593825,0.416,stable,unchanged,equal,0.28865122851074065
chr8,69576856,Zm00001eb343490,6,11,4,-0.268433574924738,0.3401185937640065,-2.592482456080306,0.2729758215715265,0.3401185937640065,0.0029304029304029,0.0087454058930763,WW,0.0446897908099409,6,11,4,-0.3219124044224191,0.1705375059064965,-4.080260256075959,0.3219124044224191,0.1705375059064965,0.0014652014652014,0.0012338490303202,DS,0.0386778801381148,constitutive,0.445680838319111,-1.4877777999956527,1.4877777999956527,-0.05347882949768107,-0.16958108785751,0.451,stable,unchanged,equal,0.11610225835982893
chr8,74212102,Zm00001eb344340,65,7,8,0.3874283149231773,-0.0609567911937486,2.3607551540472835,0.3874283149231773,0.1711683204156844,0.0003108003108003,0.0004951561549909,WW,0.0204994931767883,65,7,8,0.2566762301125695,0.1463770281114053,0.505246972789298,0.2625754160676442,0.2120267533938815,0.3356643356643357,0.3418955782989266,DS,0.6120950495219238,ww_only,0.5230118020161418,-1.8555081812579854,1.8555081812579854,-0.1307520848106078,0.20733381930515388,0.524,stable,unchanged,equal,0.33808590411576167
chr8,138992533,Zm00001eb356280,189,8,5,-0.0747277975105321,1.6336084360071716,-2.668759588525992,0.1067227546085384,1.6336084360071716,0.0015540015540015,0.0214203176748497,WW,0.0332696092867399,189,8,5,-0.2650447492405555,1.603964378597127,-2.882771769758385,0.2650447492405555,1.603964378597127,0.0015540015540015,0.0171805789764221,DS,0.0401837413331666,constitutive,-0.0453409867669047,-0.21401218123239296,0.21401218123239296,-0.1903169517300234,-0.029644057410044722,-0.045,stable,unchanged,equal,0.16067289431997867
chr8,146144410,Zm00001eb357970,427,5,12,0.3676067411711753,0.0199598431210094,2.290283154409426,0.3676067411711753,0.1210329551171775,0.0003232062055591,1.793129465423937e-05,WW,0.0204994931767883,427,5,12,-0.153827067389672,0.1314332781485901,-0.8869794216269975,0.236660391704544,0.2160935124733196,0.1599870717517776,0.1823013726236581,DS,0.409877039321554,ww_only,0.5747112235912017,-3.1772625760364237,3.1772625760364237,-0.5214338085608473,0.1114734350275807,0.577,stable,shifted,NAM_up_or_B73_down,0.632907243588428
chr8,154494525,Zm00001eb360250,420,9,7,-0.4704267217991249,-0.1448332299738345,-2.113902691821911,0.4704267217991249,0.1796046879482071,0.0033216783216783,0.0021593564053732,WW,0.0473416106345543,420,9,7,-0.2652462627102963,0.0459448594862658,-1.9481229088292904,0.2652462627102963,0.1262351285346751,0.0033216783216783,0.0018715951056003,DS,0.053889439887036,ww_only,-0.2961062722661651,0.16577978299262042,0.16577978299262042,0.20518045908882865,0.1907780894601003,-0.297,stable,unchanged,equal,0.014402369628728345
chr8,154506381,Zm00001eb360260,797,4,15,1.2125139644414438,0.2920717815296239,2.5503111733307615,1.2125139644414438,0.3852027373583359,0.001031991744066,2.670082024431683e-05,WW,0.0296490041872768,797,4,15,1.011075116254479,0.4812590388482925,1.3575743120421524,1.011075116254479,0.5551583882897658,0.0366357069143446,0.0208052117166061,DS,0.1752334415059619,ww_only,0.2735033445312969,-1.1927368612886091,1.1927368612886091,-0.20143884818696467,0.18918725731866864,0.281,stable,unchanged,equal,0.3906261055056333
chr8,154951178,Zm00001eb360390,29,8,8,0.3486556172547604,0.0096573970765751,1.888879523017044,0.3486556172547604,0.1974156521758152,0.0029526029526029,0.004463457550469,WW,0.0446936023014751,29,8,8,0.5702269535497813,0.5980483927637336,-0.0815410448845028,0.5702269535497813,0.5980483927637336,0.8784770784770783,0.8735824616266387,DS,0.9765115242586292,ww_only,-0.2731772224479543,-1.970420567901547,1.970420567901547,0.22157133629502085,0.5883909956871585,-0.275,stable,unchanged,equal,0.3668196593921376
chr8,171206073,Zm00001eb365930,701,3,3,0.4801908637953271,0.814198817957068,-0.3626630310295062,0.4801908637953271,0.814198817957068,0.3758250874886983,0.6806308285606425,WW,0.6460069156214229,701,4,4,0.9170387261483168,-0.7046272264226817,1.6131221685947883,1.0842482456835962,0.9665688723008574,0.1142857142857142,0.0660206014179445,DS,0.3364756226760007,non_functional,0.4354635663202326,1.9757851996242946,1.9757851996242946,0.4368478623529897,-1.5188260443797499,0.641,stable,shifted,B73_up_or_NAM_down,1.9556739067327396
chr8,171206073,Zm00001eb365940,108,7,8,0.8153567249058327,0.3485155278422894,2.296586406276542,0.8153567249058327,0.3485155278422894,0.0012432012432012,0.0030076329407158,WW,0.0301687524988495,108,7,8,0.4265373690972411,0.3807785351498622,0.2190331175129625,0.4265373690972411,0.3807785351498622,1.0,0.700331068491674,DS,1.0,ww_only,0.4098607380757053,-2.0775532887635797,2.0775532887635797,-0.38881935580859156,0.03226300730757281,0.411,stable,shifted,NAM_up_or_B73_down,0.42108236311616437
chr8,171368481,Zm00001eb366050,1052,10,8,0.7736643500222111,-0.2708210939321131,2.563150560958124,0.7736643500222111,0.3287065233906898,0.0001828237122354,4.176423350277275e-05,WW,0.0191909058589627,1052,10,8,0.5562706901699837,0.0643752521302346,1.6804187760600091,0.5562706901699837,0.2283746931662318,0.0043877690936514,0.0024702657523957,DS,0.0609991790252242,ww_only,-0.1694992704666838,-0.8827317848981151,0.8827317848981151,-0.21739365985222747,0.3351963460623477,-0.17,stable,unchanged,equal,0.5525900059145752
chr8,179616196,Zm00001eb370280,1942,4,7,-0.6584583452522093,-0.5016354310473655,-0.2033977771576394,0.6584583452522093,0.7044592861022182,0.7878787878787878,0.7231231443841732,WW,0.9286974913006508,1942,5,10,-1.0859605216047494,-0.7299245016088998,-0.4670774430115372,1.0859605216047494,0.8566989218493204,0.7678987678987679,0.48824173422304,DS,0.9250696943920006,non_functional,0.937206547235929,-0.2636796658538978,0.2636796658538978,-0.4275021763525402,-0.22828907056153425,1.268,up,shifted,NAM_up_or_B73_down,0.19921310579100593
chr8,179616196,Zm00001eb370290,319,5,11,-0.6866443473965503,1.5138456530019828,-1.0579846799654746,0.6866443473965503,1.532297086770375,0.0004578754578754,0.0142645003075843,WW,0.0217474528638424,319,5,11,0.4244292991058356,1.2664030703585027,-0.5853796196070384,0.4244292991058356,1.276514363825131,0.2673992673992674,0.1341438002116445,DS,0.539161511654548,ww_only,-0.5758210253196905,0.4726050603584362,0.4726050603584362,1.111073646502386,-0.24744258264348007,-0.576,stable,shifted,B73_up_or_NAM_down,1.3585162291458661
chr8,180764165,Zm00001eb370850,142,10,9,-0.4001698244327173,0.1010304692848591,-2.3252709903950723,0.4001698244327173,0.1681119603663702,0.000382663537952,0.0002324665129046,WW,0.0214693928698582,142,10,9,0.0524772513003916,-0.0216582497847786,0.4440422093621812,0.1292563285760945,0.1128881812520135,0.3912672792826394,0.3530481689547911,DS,0.6566043195175075,ww_only,-0.0024134161892206,2.7693131997572538,2.7693131997572538,0.4526470757331089,-0.12268871906963771,-0.003,stable,shifted,B73_up_or_NAM_down,0.5753357948027467
chr8,181730167,Zm00001eb371200,273,7,11,-0.3370540158634325,0.1823084738219875,-2.5345646373689834,0.3370540158634325,0.1823084738219875,6.284565108094519e-05,6.256355826245406e-05,WW,0.018794646214001,273,7,11,-0.341210543113095,-0.0248038591593448,-2.1271152694971316,0.341210543113095,0.1532611656985382,0.0002513826043237,0.0001483954374198,DS,0.0232880998005553,constitutive,-0.0722393516499152,0.4074493678718518,0.4074493678718518,-0.004156527249662534,-0.2071123329813323,-0.072,stable,unchanged,equal,0.20295580573166977
chr9,10774790,Zm00001eb373580,196,8,11,0.645921537511913,0.110420166175262,1.6676690138045418,0.645921537511913,0.1886137319133931,0.0011907597046915,0.0097008410344813,WW,0.0301297495867631,196,8,11,-0.0237402847438148,-0.0599991505777296,0.1940043013862369,0.1668767463092406,0.0940474105034002,0.442142309015374,0.7091111495288035,DS,0.6967181779229409,ww_only,0.1802329921948858,-1.4736647124183049,1.4736647124183049,-0.6696618222557278,-0.1704193167529916,0.181,stable,shifted,NAM_up_or_B73_down,0.4992425055027362
chr9,13058820,Zm00001eb374160,289,11,8,1.0519581276986525,0.1506002104816424,2.6335419778532447,1.0519581276986525,0.1652790039774611,2.6461326770924297e-05,2.1868152142872165e-05,WW,0.018794646214001,289,11,8,0.6599615473019808,0.0084567661536917,2.703736546665622,0.6599615473019808,0.1413328350261068,2.6461326770924297e-05,9.294990047475273e-06,DS,0.0210852438700539,constitutive,-0.0440234177929048,0.07019456881237707,0.07019456881237707,-0.39199658039667173,-0.1421434443279507,-0.044,stable,shifted,NAM_up_or_B73_down,0.24985313606872103
chr9,22676829,Zm00001eb377470,48,4,14,-0.1469523478352721,0.6155960288598339,-3.041079285111208,0.269706060049576,0.6155960288598339,0.0013071895424836,0.012099360504492,WW,0.0306430974109065,48,4,14,-0.828302727863201,0.2042994774885356,-3.5938153759772717,0.828302727863201,0.2872175963419532,0.0006535947712418,0.0008151095344039,DS,0.0273519583864411,constitutive,-0.9034676644577784,-0.5527360908660639,0.5527360908660639,-0.6813503800279289,-0.4112965513712983,-0.904,stable,shifted,NAM_up_or_B73_down,0.27005382865663063
chr9,27588012,Zm00001eb378810,144,3,13,0.5049265255027807,-0.0739982896319008,3.0162948725945533,0.5049265255027807,0.1661491659563823,0.0035714285714285,0.01132397700306,WW,0.0495588381084564,144,3,13,0.9147938112319736,-0.1460158569360519,6.2687045396754755,0.9147938112319736,0.1693599685138991,0.0035714285714285,0.0020601407621993,DS,0.056011397587695,ww_only,0.4561797999652522,3.252409667080922,3.252409667080922,0.40986728572919284,-0.0720175673041511,0.461,stable,shifted,B73_up_or_NAM_down,0.48188485303334394
chr9,34000550,Zm00001eb379950,357,6,13,0.0203449406864833,-0.507925669576532,2.013657446395617,0.2408221414785304,0.507925669576532,0.0014005602240896,0.0108374542738174,WW,0.0317884247910287,357,6,13,-0.2175023965025247,-0.8913272405168227,1.1959856953210557,0.6176018548138913,0.8913272405168227,0.0462184873949579,0.0958517001453671,DS,0.2030784970238095,ww_only,-3.1759024879944397,-0.8176717510745615,0.8176717510745615,-0.237847337189008,-0.3834015709402907,-3.13,down,unchanged,equal,0.1455542337512827
chr9,46397613,Zm00001eb381470,65,10,7,0.4858120334528186,1.1029969025017272,-2.0131057102877463,0.4858120334528186,1.1029969025017272,0.0046277252159605,0.0014547016150029,WW,0.0550383491218758,65,10,7,-0.0527255624496446,0.6068154375295174,-1.478386139857426,0.2587304648847109,0.6375065143100264,0.0030851501439736,0.0221827702425834,DS,0.0515813666102683,non_functional,1.4837154252836935,0.5347195704303203,0.5347195704303203,-0.5385375959024632,-0.49618146497220983,1.491,up,shifted,NAM_up_or_B73_down,0.042356130930253366
chr9,74126238,Zm00001eb384110,971,6,11,2.480290658604001,0.1730125093288071,2.729050490860776,2.480290658604001,0.6840260203649787,0.0003232062055591,0.0010060500099127,WW,0.0204994931767883,971,6,11,2.141935337994855,0.3420134698100904,2.070680128703286,2.141935337994855,0.6474101822582,0.0030704589528118,0.0054852487276973,DS,0.0515813666102683,ww_only,0.0425152752284189,-0.6583703621574899,0.6583703621574899,-0.3383553206091463,0.1690009604812833,0.042,stable,shifted,NAM_up_or_B73_down,0.5073562810904296
chr9,88034220,Zm00001eb385450,320,5,11,-0.1442070278783578,0.0537369773353969,-2.0481443880473273,0.1442070278783578,0.0846889052673735,0.0032051282051282,0.0014956539034464,WW,0.0465768485390578,320,5,11,-0.0393916530031945,0.0626453260921833,-0.325308776765779,0.1857956440696869,0.2678284429336082,0.3195970695970696,0.4849861351140452,DS,0.5933322820586712,ww_only,0.1066649093471106,1.7228356112815484,1.7228356112815484,0.10481537487516329,0.008908348756786401,0.107,stable,unchanged,equal,0.0959070261183769
chr9,94270267,Zm00001eb386220,1242,3,13,0.9132177314470362,0.2044149165462322,2.353740936488204,0.9132177314470362,0.2557636683919325,0.0035714285714285,5.989937735897412e-05,WW,0.0495588381084564,1242,3,13,0.7887094232658329,0.1131853541009735,3.003018683718474,0.7887094232658329,0.1956758273471411,0.0035714285714285,0.0005971135960604,DS,0.056011397587695,ww_only,-0.3201299665711709,0.6492777472302698,0.6492777472302698,-0.12450830818120329,-0.0912295624452587,-0.32,stable,unchanged,equal,0.03327874573594458
chr9,99581548,Zm00001eb387020,1295,4,13,0.0201192024868596,0.1767120236015111,-0.803513312510699,0.1001912934769874,0.2002349311629941,0.1630252100840336,0.0951957926201903,WW,0.4101474711676316,1295,4,13,-0.3020964025506585,0.0532408834095898,-2.1696406124408507,0.3020964025506585,0.1505032818060531,0.0008403361344537,1.1271011144545748e-05,DS,0.0311047270827892,ds_only,0.5048778458524417,-1.3661272999301517,1.3661272999301517,-0.3222156050375181,-0.12347114019192129,0.507,stable,shifted,NAM_up_or_B73_down,0.19874446484559682
chr9,99581548,Zm00001eb387030,1035,4,14,-0.1287716103767102,0.2098564383108099,-1.5147773760204613,0.1287716103767102,0.2134427666707755,0.0006535947712418,0.0001894742464024,WW,0.0232820792261351,1035,4,14,0.0008693889617365,0.1240652618278906,-0.8035665564204225,0.0445259252976232,0.1511136781778825,0.1013071895424836,0.0307246257169113,DS,0.3194860694860694,ww_only,1.4123074212830764,0.7112108196000387,0.7112108196000387,0.1296409993384467,-0.08579117648291931,1.413,up,unchanged,equal,0.215432175821366
chr9,131018319,Zm00001eb393660,1,4,15,-0.8246585789469755,-0.0393362212245908,-4.182732644371928,0.8246585789469755,0.1683562511332931,0.000515995872033,8.49778366419075e-06,WW,0.0222282178940474,1,4,15,-0.9027395898370008,-0.0086143394090665,-2.711366277301306,0.9027395898370008,0.2069498695771867,0.0061919504643962,9.259773225384269e-08,DS,0.0705818003535793,ww_only,0.3136725516214109,1.471366367070622,1.471366367070622,-0.07808101089002528,0.0307218818155243,0.316,stable,unchanged,equal,0.10880289270554958
chr9,139156708,Zm00001eb395470,24,5,9,1.517053685641979,-0.1022222416592451,3.895933336430872,1.517053685641979,0.367767248741381,0.0009990009990009,3.4058636703071984e-05,WW,0.0289507593855419,24,5,9,0.5454776222004311,0.0527312883535057,0.8336040445387913,0.6558959110989913,0.4004978126626326,0.1468531468531468,0.1864802354238391,DS,0.3901483308412834,ww_only,0.4476689227700986,-3.0623292918920804,3.0623292918920804,-0.9715760634415479,0.1549535300127508,0.491,stable,shifted,NAM_up_or_B73_down,1.1265295934542987
chr9,141202033,Zm00001eb396060,109,12,7,-0.6678570167316162,-0.2718179287745884,-2.841197498374573,0.6678570167316162,0.2718179287745884,0.0004763038818766,0.0007017115970346,WW,0.0220466954213084,109,12,7,-0.6183100666848437,-0.4004593119412076,-1.066123734356429,0.6183100666848437,0.4004593119412076,0.0683496070492974,0.0548252658276077,DS,0.2547633457155975,ww_only,0.2855795896512788,1.775073764018144,1.775073764018144,0.049546950046772564,-0.12864138316661922,0.287,stable,unchanged,equal,0.17818833321339178
chr9,142860542,Zm00001eb396520,107,9,10,0.7734504123394432,-0.1807563753331588,2.25149552911617,0.7734504123394432,0.4099892637292958,0.0012590162631761,0.000123421712715,WW,0.0303316737330966,107,9,10,1.0996137708927476,-0.2904337269286471,2.7593622790920125,1.0996137708927476,0.4532045897104261,0.000382663537952,1.2891937139568846e-05,DS,0.0257646075843921,constitutive,-2.7934248784513,0.5078667499758427,0.5078667499758427,0.32616335855330436,-0.1096773515954883,-2.757,down,shifted,B73_up_or_NAM_down,0.43584071014879266
chr9,144227434,Zm00001eb397090,30,10,4,-0.8487595809061933,0.2217264516423723,-4.22570883228232,0.8487595809061933,0.2217264516423723,0.0019980019980019,0.0001067868682491,WW,0.0381789212106284,30,10,4,-0.6357148877517889,0.169592900717072,-3.195889083856583,0.6357148877517889,0.169592900717072,0.0019980019980019,0.0002626258835264,DS,0.0447904326733231,constitutive,0.5108843002259332,1.0298197484257372,1.0298197484257372,0.21304469315440444,-0.05213355092530031,0.519,stable,unchanged,equal,0.26517824407970475
chr9,161194925,Zm00001eb404310,147,5,13,0.8694991403458404,-0.1018646490317592,3.955323966685514,0.8694991403458404,0.2231216061652068,0.0002334267040149,3.850235627706103e-07,WW,0.0201065862242332,147,5,13,0.6485851766184547,-0.1269384183895507,2.835901137426072,0.6485851766184547,0.2710287560459215,0.0028011204481792,1.583256276036677e-06,DS,0.0508974358974358,ww_only,0.1883230518070537,-1.1194228292594417,1.1194228292594417,-0.2209139637273857,-0.0250737693577915,0.189,stable,unchanged,equal,0.1958401943695942
chr10,2006861,Zm00001eb405450,1506,5,12,3.032875989060877,0.5730948603209994,5.320930674087103,3.032875989060877,0.5730948603209994,0.0003232062055591,0.000311503294895,WW,0.0204994931767883,1506,5,12,2.490128579337668,0.913987297435917,3.106054949999242,2.490128579337668,0.913987297435917,0.0006464124111182,0.0003982254350474,DS,0.0273519583864411,constitutive,-1.522233387399582,-2.2148757240878614,2.2148757240878614,-0.542747409723209,0.34089243711491757,-1.514,down,shifted,NAM_up_or_B73_down,0.8836398468381266
chr10,3735892,Zm00001eb406080,193,3,14,-0.4458326387971129,1.062363632015008,-2.8029020236713977,0.4458326387971129,1.062363632015008,0.0029411764705882,0.0056065747611905,WW,0.0446897908099409,193,3,14,0.3759389513005786,1.3493764660479983,-1.023924123767031,0.9144222121652062,1.3493764660479983,0.1558823529411764,0.2839450896580026,DS,0.4018559439310745,ww_only,-1.7341376619362288,1.7789778999043668,1.7789778999043668,0.8217715900976914,0.28701283403299027,-1.721,down,shifted,B73_up_or_NAM_down,0.5347587560647011
chr10,5111246,Zm00001eb406760,17,6,11,0.1411646135144445,-0.2247425220534636,1.9718053346918152,0.1594528284874231,0.2683414031347199,0.0030704589528118,0.0004750630017998,WW,0.0456629624566229,17,6,11,-0.0833245278025405,-0.3780816891171303,1.1872542944283986,0.2317072245758435,0.3884714904086955,0.0476729153199741,0.0422190881961183,DS,0.2062269280930171,ww_only,0.3146760578507618,-0.7845510402634166,0.7845510402634166,-0.224489141316985,-0.1533391670636667,0.315,stable,unchanged,equal,0.07114997425331829
chr10,6211300,Zm00001eb407090,37,11,5,0.512340063974828,-0.0591918965817192,1.702117483389194,0.512340063974828,0.1633346817757606,0.0032051282051282,0.0019799876775211,WW,0.0465768485390578,37,11,5,0.5406733482127725,-0.2153426273355634,1.8563416814724725,0.5541038827343244,0.3530029010754544,0.0086996336996337,0.020546279406396,DS,0.0847241382955668,ww_only,0.3066269343814107,0.15422419808327836,0.15422419808327836,0.028333284237944456,-0.1561507307538442,0.308,stable,unchanged,equal,0.18448401499178865
chr10,7903301,Zm00001eb407550,39,9,6,0.1847755570464714,-0.2419186688090488,2.233557322394133,0.1961583346465244,0.2419186688090488,0.0003996003996003,0.0008248540345173,WW,0.0214693928698582,39,9,6,0.425810285559658,0.2076883344126215,1.1794816057707709,0.425810285559658,0.2264804043606548,0.0495504495504495,0.0563316311835211,DS,0.209709020076913,ww_only,0.7591561907133781,-1.054075716623362,1.054075716623362,0.2410347285131866,0.4496070032216703,0.763,stable,unchanged,equal,0.2085722747084837
chr10,8604729,Zm00001eb407680,1375,7,10,0.131586269994535,-0.0650542453942221,2.301460581071374,0.143780579868362,0.0650542453942221,0.0004113533525298,0.0049645667739345,WW,0.0214693928698582,1375,7,10,0.071053503131452,-0.0285245782763937,1.0078639820831954,0.0977850660713941,0.0761763431846584,0.1330728095433977,0.0787576364802679,DS,0.366743648960739,ww_only,-0.142096490993203,-1.2935965989881788,1.2935965989881788,-0.06053276686308298,0.036529667117828395,-0.142,stable,unchanged,equal,0.09706243398091138
chr10,64753637,Zm00001eb413740,4,5,13,0.388602880983168,-0.195851700399615,2.4090144147528822,0.388602880983168,0.2195314665187275,0.0002334267040149,1.7496909970915175e-05,WW,0.0201065862242332,4,5,13,0.2710610861270498,-0.0577513198528731,1.668657269983875,0.3146842664477143,0.1644222846638853,0.0098039215686274,0.0237027844127031,DS,0.0884975479268836,ww_only,0.2619482985512864,-0.7403571447690072,0.7403571447690072,-0.11754179485611815,0.1381003805467419,0.263,stable,unchanged,equal,0.25564217540286005
chr10,73843917,Zm00001eb414960,59,9,7,-0.2569608828256911,0.447132096148831,-1.3320686144639895,0.2587127937314318,0.8025394055448565,0.0164335664335664,0.0568028699533469,WW,0.111542971624438,59,9,7,-0.2049712740425523,0.2915505816483796,-1.3733681829413251,0.2113494465653858,0.5433319146280857,0.1416083916083916,0.0490265853301382,DS,0.3832157169048431,non_functional,1.1517547108454111,-0.041299568477335624,0.041299568477335624,0.05198960878313877,-0.15558151450045138,1.169,up,unchanged,equal,0.20757112328359015
chr10,73843917,Zm00001eb414970,174,9,6,0.860464064133905,-1.144423959843469,5.294609575605106,0.860464064133905,1.144423959843469,0.0003996003996003,1.476607880730428e-07,WW,0.0214693928698582,174,9,6,0.4758448443806987,-1.2527344420560351,5.029255512141842,0.5345204263129074,1.2527344420560351,0.0003996003996003,1.1538780799537122e-06,DS,0.0257646075843921,constitutive,1.0191601818920932,-0.2653540634632643,0.2653540634632643,-0.3846192197532063,-0.10831048221256623,1.051,up,shifted,NAM_up_or_B73_down,0.27630873754064006
chr10,78959457,Zm00001eb415690,1098,11,6,-0.1140876594540816,-0.4957255070827848,1.8544718043794532,0.184152848313711,0.4957255070827848,0.0048480930833872,0.0066589415656837,WW,0.0556258516251818,1098,11,6,-0.2466780545655758,-0.5972693596127749,0.904478861103021,0.3827182371182817,0.5972693596127749,0.0982546864899806,0.0732277783782925,DS,0.3181453122281524,non_functional,0.9512428866958598,-0.9499929432764322,0.9499929432764322,-0.13259039511149417,-0.10154385252999015,0.97,stable,unchanged,equal,0.031046542581504022
chr10,78959457,Zm00001eb415700,61,11,5,-0.1049228912878058,-1.1262142892370932,1.887134386320474,0.4670351662494969,1.1262142892370932,0.0004578754578754,0.0002966228417031,WW,0.0217474528638424,61,11,5,-0.164655602290981,-0.950995975280766,1.8381884848076944,0.3682073722610862,0.950995975280766,0.0132783882783882,0.0023073701578979,DS,0.1059288918331471,ww_only,0.0643044715826827,-0.048945901512779555,0.048945901512779555,-0.059732711003175204,0.17521831395632725,0.065,stable,unchanged,equal,0.23495102495950246
chr10,81353777,Zm00001eb416110,878,13,6,0.1075237740177403,-0.163034574261487,2.0793540568462063,0.1273555355879723,0.1975164572458643,0.0032434026242075,0.0029579133825954,WW,0.0466583301249314,878,13,6,0.0752227388361331,-0.0120166686015827,0.3443948181763912,0.1931482620275309,0.2248674350874652,0.5213769718413681,0.5422469539901399,DS,0.7626500242515557,ww_only,0.7134203558539556,-1.7349592386698152,1.7349592386698152,-0.03230103518160719,0.15101790565990428,0.722,stable,unchanged,equal,0.18331894084151146
chr10,85117108,Zm00001eb416770,1538,9,4,-0.1220498331726752,0.1428228376938377,-2.0078895595078667,0.136209312094591,0.1428228376938377,0.0027972027972027,0.0101801288825976,WW,0.0445594307731047,1538,9,4,-0.370691543535217,0.3681068134051283,-1.6230197620760196,0.511608727661659,0.3681068134051283,0.0195804195804195,0.0040446205788317,DS,0.1275706940874036,ww_only,-1.4102539652453825,0.3848697974318471,0.3848697974318471,-0.2486417103625418,0.2252839757112906,-1.41,down,unchanged,equal,0.4739256860738324
chr10,92089742,Zm00001eb418090,334,12,6,-1.1683990155938122,0.2756035529205672,-2.350389779483165,1.289214681227424,0.4601838675269467,0.0012928248222365,0.0001678027640401,WW,0.0306430974109065,334,12,6,-0.9346866131667908,-0.1538161675515585,-1.1107158905588237,1.0666742971397836,0.706525513973704,0.052898082309847,0.0714079352647068,DS,0.2196979430825585,ww_only,0.002043176758695,1.2396738889243413,1.2396738889243413,0.2337124024270214,-0.42941972047212573,0.002,stable,unchanged,equal,0.6631321228991471
chr10,97534549,Zm00001eb418940,214,11,8,0.8216378008171588,-0.0296620017125854,2.0317380808088608,0.8216378008171588,0.3906714141261247,0.0001852292873964,0.0013594011630081,WW,0.0191909058589627,214,11,8,1.09401240534751,-0.1388410568394444,3.1017206944296287,1.09401240534751,0.1643693272822628,2.6461326770924297e-05,2.2939873254165344e-06,DS,0.0210852438700539,constitutive,1.1077486266719778,1.069982613620768,1.069982613620768,0.2723746045303512,-0.10917905512685899,1.126,up,unchanged,equal,0.3815536596572102
chr10,98908136,Zm00001eb419200,91,12,6,0.3289096291835258,-0.1017272401668783,2.0279642033486347,0.3311047562657911,0.2038551947100631,0.0012928248222365,0.0157838067748426,WW,0.0306430974109065,91,12,6,0.2211195129650125,-0.5342601075666894,1.8991157653826232,0.2348803098032284,0.5552699287742807,0.0007541478129713,0.0329046865176087,DS,0.0296489917849141,constitutive,-0.3427664698518381,-0.12884843796601153,0.12884843796601153,-0.10779011621851328,-0.4325328673998111,-0.343,stable,unchanged,equal,0.3247427511812978
chr10,128801642,Zm00001eb425180,56,4,14,1.0839900256447232,-0.2830474957715253,3.182255766056292,1.0839900256447232,0.430695333934869,0.0006535947712418,0.0001551289980741,WW,0.0232820792261351,56,4,14,1.23406355977898,0.4592980156079873,1.665481736190704,1.23406355977898,0.4592980156079873,0.0117647058823529,0.0220184334059801,DS,0.0992913714047519,ww_only,1.8265559380158272,-1.5167740298655878,1.5167740298655878,0.15007353413425673,0.7423455113795125,1.92,up,unchanged,equal,0.5922719772452558
chr10,129870575,Zm00001eb425580,167,10,8,0.977938518669066,0.4266647869106092,1.3586627687058606,0.986660764913189,0.4266647869106092,0.0030622971799442,0.0084842517269545,WW,0.0456629624566229,167,10,8,1.2279495124517812,0.1937065408670218,1.654454121542125,1.2487095564681263,0.2381601015112734,0.0030622971799442,0.0027726274664786,DS,0.0515813666102683,ww_only,0.6804060451396045,0.29579135283626434,0.29579135283626434,0.2500109937827152,-0.23295824604358742,0.687,stable,unchanged,equal,0.4829692398263026
chr10,130088323,Zm00001eb425660,57,13,5,0.571542867172372,-0.0127160477312354,2.204580796907438,0.571542867172372,0.3457864440956185,0.0004668534080298,0.0560347963201554,WW,0.0218622968313008,57,13,5,0.4311929367753458,-0.4470010348854559,1.6999584683951243,0.4311929367753458,0.6371258381020136,0.0004668534080298,0.1260233311539804,DS,0.0258261774655217,constitutive,-0.3200308451134123,-0.5046223285123135,0.5046223285123135,-0.1403499303970262,-0.4342849871542205,-0.32,stable,unchanged,equal,0.2939350567571943
chr10,131065925,Zm00001eb425960,79,3,13,1.0201717391845355,0.1838013456289356,2.6008935105408675,1.0201717391845355,0.2983142294794511,0.0035714285714285,7.882796538490296e-06,WW,0.0495588381084564,79,3,13,0.5814960954818393,0.0796996341810877,0.9665747051938888,0.5814960954818393,0.4041985524075098,0.2392857142857142,0.2308380195198196,DS,0.5083700465415829,ww_only,0.0543349865509025,-1.6343188053469788,1.6343188053469788,-0.4386756437026962,-0.1041017114478479,0.054,stable,shifted,NAM_up_or_B73_down,0.33457393225484827
chr10,131196529,Zm00001eb425980,1026,11,6,-0.6363844066091532,-0.0143799479119492,-1.712374904083498,0.6363844066091532,0.3119638628337362,0.0030704589528118,0.0187490593090419,WW,0.0456629624566229,1026,11,6,-0.5109813874830604,-0.1243829755656737,-1.533198213875843,0.5109813874830604,0.2763614522483515,0.0145442792501616,0.0272931357116413,DS,0.1102913939992591,ww_only,1.031385480227952,0.1791766902076548,0.1791766902076548,0.12540301912609275,-0.1100030276537245,1.079,up,unchanged,equal,0.23540604677981725
chr10,135806526,Zm00001eb427480,70,7,10,-0.1044325772411863,-0.4878495655252282,1.7246660172590291,0.1261560802337392,0.4878495655252282,0.0012340600575894,0.0015607872066734,WW,0.0301297495867631,70,7,10,-0.1036441957892265,-0.588075176708264,1.6789413244389562,0.2584194562702916,0.588075176708264,0.006787330316742,0.0044375974493903,DS,0.0752324190156283,ww_only,0.062699503294998,-0.045724692820072965,0.045724692820072965,0.0007883814519598076,-0.10022561118303586,0.063,stable,unchanged,equal,0.10101399263499566
chr10,142142497,Zm00001eb429910,395,9,5,0.6921890520349189,-0.3993331558095527,2.758622697127661,0.6921890520349189,0.4258543453648307,0.0009990009990009,0.0026163054283128,WW,0.0289507593855419,395,9,5,0.4011091153810324,-0.3286237141379654,1.7188769388476803,0.4958683512497734,0.481580808598468,0.0289710289710289,0.0151051926178378,DS,0.1586628140590813,ww_only,0.3292819489488344,-1.0397457582799805,1.0397457582799805,-0.2910799366538865,0.07070944167158733,0.335,stable,unchanged,equal,0.3617893783254738
chr10,145438301,Zm00001eb431330,23,3,13,0.8648232610171714,-0.689984867696649,3.4049452458904477,0.8648232610171714,0.689984867696649,0.0035714285714285,6.885070366946776e-07,WW,0.0495588381084564,23,3,13,0.6739474535083824,-0.7205719955493058,2.167034607223241,0.6739474535083824,0.7205719955493058,0.0035714285714285,2.2784409388238208e-05,DS,0.056011397587695,ww_only,-0.2574817933603364,-1.2379106386672065,1.2379106386672065,-0.19087580750878907,-0.030587127852656826,-0.258,stable,unchanged,equal,0.16028867965613225
chr1,3262750,Zm00001eb000920,262,8,10,0.1531283162636763,-0.2229581008669267,1.0082056563993087,0.1593723153059743,0.2488416288199226,0.001371177841766,0.0390856473023608,WW,0.0314427432614156,262,8,10,-0.1583882403582236,-0.2089961386925486,0.1097245415250278,0.2856529220434766,0.2628410580494385,0.3154166095342566,0.82700266073877,DS,0.5879974305533646,ww_only,0.0490600988610582,-0.898481114874281,0.898481114874281,-0.3115165566218999,0.01396196217437809,0.049,stable,shifted,NAM_up_or_B73_down,0.325478518796278
chr1,3789618,Zm00001eb001150,1936,12,7,0.1083133539368188,-0.207978457099438,2.0798875646413,0.1480381366301731,0.207978457099438,0.0007541478129713,0.0002291902816346,WW,0.0251913816382048,1936,12,7,0.0394237927186983,-0.2656686783947849,0.9788916256336394,0.2384008686905507,0.2656686783947849,0.0037310470747003,0.0243280608223521,DS,0.0571425946455805,ww_only,-0.5358649191044722,-1.1009959390076607,1.1009959390076607,-0.06888956121812051,-0.05769022129534693,-0.537,stable,unchanged,equal,0.011199339922773582
chr1,4078949,Zm00001eb001340,139,4,9,0.5988867771597975,-1.126417038050855,2.9492601911373617,0.5988867771597975,1.126417038050855,0.0027972027972027,0.0056144122207614,WW,0.0445594307731047,139,4,9,1.0274269779883498,-0.5882710364793607,2.9454636658661997,1.0274269779883498,0.6944783176757785,0.0027972027972027,0.0001786969359474,DS,0.0508974358974358,ww_only,1.266774228709634,-0.0037965252711620323,0.0037965252711620323,0.42854020082855226,0.5381460015714942,1.336,up,shifted,B73_up_or_NAM_down,0.1096058007429419
chr1,5896996,Zm00001eb002060,34,5,8,1.430044807274419,0.410214073466453,3.089579564123901,1.430044807274419,0.4147062514912726,0.0031080031080031,0.0014206525888528,WW,0.0456632109828289,34,5,8,1.100197996608259,0.5107918706436562,1.5068081828517783,1.100197996608259,0.5107918706436562,0.045066045066045,0.0486724993225524,DS,0.1992688828242442,ww_only,1.3203596356131253,-1.5827713812721227,1.5827713812721227,-0.32984681066616006,0.10057779717720317,1.322,up,shifted,NAM_up_or_B73_down,0.4304246078433632
chr1,6246228,Zm00001eb002200,1674,14,5,1.769088423147086,0.6674632534368318,1.836426808297675,1.769088423147086,0.6674632534368318,0.000343997248022,0.0001472906362084,WW,0.020746612438007,1674,14,5,0.6890450700054266,0.4248875906493296,0.2951646453754139,0.9241982764845256,0.5403946032911675,0.6867905056759546,0.4690529364360863,DS,0.8763753304607709,ww_only,1.01840315181749,-1.541262162922261,1.541262162922261,-1.0800433531416593,-0.24257566278750214,1.034,up,shifted,NAM_up_or_B73_down,0.8374676903541571
chr1,12270743,Zm00001eb004430,226,12,7,0.915486279336065,-0.5204173324674068,1.243673845097781,1.211296352488986,0.7560443163353155,0.0283400809716599,0.007656495158897,WW,0.1500763398064914,226,12,7,-0.8908735389665227,-1.100947379731306,0.4756330186788939,0.8908735389665227,1.100947379731306,0.4319679288719536,0.3211340176815955,DS,0.6923870916712805,non_functional,-0.8974084304503435,-0.7680408264188869,0.7680408264188869,-1.8063598183025875,-0.5805300472638992,-0.899,stable,shifted,NAM_up_or_B73_down,1.2258297710386883
chr1,12270743,Zm00001eb004440,983,12,5,-0.4390618117180766,0.3375362497109118,-2.259235537780905,0.4390618117180766,0.4831845993785474,0.0012928248222365,0.0434774887104417,WW,0.0306430974109065,983,12,5,-0.9028967613215518,0.1361194125835077,-3.020310077201384,0.9028967613215518,0.2459784135805705,0.0006464124111182,0.0004489054724089,DS,0.0273519583864411,constitutive,-0.6384758222537014,-0.7610745394204788,0.7610745394204788,-0.4638349496034752,-0.20141683712740407,-0.639,stable,shifted,NAM_up_or_B73_down,0.26241811247607116
chr1,16845468,Zm00001eb005920,1930,14,4,0.6140187690138784,-0.350303792493738,3.9014060243464423,0.6140187690138784,0.350303792493738,0.0006535947712418,4.78319573634627e-06,WW,0.0232820792261351,1930,14,4,0.4537581018420258,0.0117593736901016,1.9442792548946768,0.4537581018420258,0.1251875620480736,0.0026143790849673,0.0037777302167797,DS,0.0496169184564635,constitutive,1.8146027956389443,-1.9571267694517656,1.9571267694517656,-0.1602606671718526,0.3620631661838396,1.824,up,unchanged,equal,0.5223238333556922
chr1,17983879,Zm00001eb006410,787,5,14,2.1745026536459777,-0.027068531441758,2.3072089812333094,2.1745026536459777,0.6799320087521405,0.0032679738562091,0.0038545175849092,WW,0.0468097458658726,787,5,14,-0.9479138673403662,-1.7861950819386432,1.1270398183372854,1.325280455993819,1.7861950819386432,0.129858961128311,0.1905408626122604,DS,0.3621054902806928,ww_only,-1.1744239016882898,-1.180169162896024,1.180169162896024,-3.122416520986344,-1.7591265504968852,-1.169,down,shifted,NAM_up_or_B73_down,1.363289970489459
chr1,19882546,Zm00001eb006880,868,5,10,0.7175115155577423,-0.0435390923537314,1.6363729127679003,0.7175115155577423,0.354446162571653,0.0013320013320013,0.0024738796228745,WW,0.0307915591152585,868,5,10,0.6386057763779007,0.0942018811218785,1.8949070702005348,0.6386057763779007,0.1471928834526317,0.0079920079920079,0.0332075289657984,DS,0.0804245456332931,ww_only,1.2625209729514435,0.2585341574326345,0.2585341574326345,-0.07890573917984156,0.1377409734756099,1.275,up,unchanged,equal,0.21664671265545146
chr1,30883530,Zm00001eb009870,106,6,11,-0.8423055396338222,-0.2463262333344618,-2.412046218124459,0.8423055396338222,0.3165313913287289,0.0001616031027795,3.50481265899291e-05,WW,0.018794646214001,106,6,12,-0.7182752178121631,-0.1733860749796725,-1.113640940414523,0.7182752178121631,0.5466989112271967,0.0244559362206421,0.0093085942131112,DS,0.1452932337615436,ww_only,-0.0452637868868733,1.298405277709936,1.298405277709936,0.12403032182165907,0.07294015835478929,-0.046,stable,unchanged,equal,0.05109016346686979
chr1,32844672,Zm00001eb010370,1838,4,12,-1.0280730415605206,-0.2233476566181221,-2.25273738294952,1.0280730415605206,0.3631620161105444,0.001098901098901,0.0034731513323507,WW,0.0300596804016776,1838,4,12,-0.7099891659734332,-0.2734682054470809,-1.3353618073505455,0.7099891659734332,0.329186528992904,0.0197802197802197,0.0510758614031512,DS,0.12803392259914,ww_only,-0.2906142212306887,0.9173755755989743,0.9173755755989743,0.3180838755870874,-0.050120548828958805,-0.291,stable,shifted,B73_up_or_NAM_down,0.36820442441604617
chr1,34330835,Zm00001eb010730,283,8,11,0.4722595281517966,-0.7464821058572949,1.6584928980647105,0.7275081164943844,0.9732494664517902,0.0011907597046915,0.0033843442891848,WW,0.0301297495867631,283,8,11,-0.3814715605544958,-0.4677670837408783,0.1123259687745788,0.8209129838362688,0.7347626485030887,0.8403852769177846,0.8199937940562131,DS,0.9575026116693248,ww_only,-0.1692816568935837,-1.5461669292901317,1.5461669292901317,-0.8537310887062924,0.27871502211641663,-0.17,stable,shifted,NAM_up_or_B73_down,1.132446110822709
chr1,34878903,Zm00001eb010900,135,3,15,0.910127606262258,-0.4639256637974311,3.008670332505818,0.910127606262258,0.589981152450717,0.0024509803921568,0.0028808993881685,WW,0.0413684239925549,135,3,15,0.4413877052217789,-0.0309737231588312,0.6799613610679143,1.2050438294103822,0.2648493841586401,0.6544117647058824,0.6904081160933971,DS,0.8571532539785224,ww_only,1.6687667450623798,-2.3287089714379037,2.3287089714379037,-0.4687399010404791,0.43295194063859993,1.683,up,shifted,NAM_up_or_B73_down,0.901691841679079
chr1,36186619,Zm00001eb011240,188,7,9,0.7742820956928034,-0.2180926960437254,1.5861096299536548,0.7742820956928034,0.4325892697857972,0.0033216783216783,0.0100535306816935,WW,0.0473416106345543,188,7,10,0.9365541842790356,0.1956955638128352,1.0954050629800318,1.0049365595334463,0.4028860808134237,0.0702385849444673,0.0641491143357762,DS,0.2586205657763958,ww_only,-0.021840901580888,-0.49070456697362297,0.49070456697362297,0.1622720885862322,0.4137882598565606,-0.022,stable,unchanged,equal,0.2515161712703284
chr1,37980846,Zm00001eb011630,723,9,6,1.2126217835919595,-0.1414726094229148,0.9028690791051378,1.2126217835919595,0.2707775203123377,0.0007992007992007,0.0663464721351467,WW,0.026327543955221,723,8,6,0.3210293887451593,-0.0856162061560971,1.2828325166274677,0.3587547334865288,0.3058090127846142,0.0293040293040293,0.0455001711119654,DS,0.1597519335806896,ww_only,-0.5586562212758291,0.37996343752232986,0.37996343752232986,-0.8915923948468002,0.05585640326681772,-0.564,stable,shifted,NAM_up_or_B73_down,0.9474487981136179
chr1,41377778,Zm00001eb012570,333,5,11,-2.0387091424732136,0.2167058074596448,-3.3583918983179823,2.0387091424732136,0.4692270480219968,0.0009157509157509,0.0008028697887853,WW,0.0281713158636235,333,4,5,0.0484891788967721,0.1788849115266493,-0.1189644575367351,0.5374760257317727,0.984276151718527,0.7301587301587302,0.8553756878749071,DS,0.9001572437418395,ww_only,-0.3156871549132172,3.239427440781247,3.239427440781247,2.0871983213699856,-0.03782089593299551,-0.35,stable,shifted,B73_up_or_NAM_down,2.125019217302981
chr1,42980657,Zm00001eb012950,1107,7,9,-0.1433197684433627,0.2152471683586902,-2.071343181982217,0.1478432550809384,0.2482710780155956,0.0012237762237762,0.0007491570081343,WW,0.0301297495867631,1107,7,9,-0.2015384755523079,0.1256696997374832,-1.363390171682732,0.2681006025931677,0.1705860830083422,0.0115384615384615,0.0169316187374985,DS,0.0984074266087745,ww_only,0.4074103045179377,0.7079530102994851,0.7079530102994851,-0.058218707108945195,-0.089577468621207,0.409,stable,unchanged,equal,0.0313587615122618
chr1,44344832,Zm00001eb013300,0,9,9,-0.4035939375986321,-0.0705712635812979,-1.657920617890703,0.4035939375986321,0.2230206598118015,0.0035686284369333,0.0038934263209519,WW,0.0495588381084564,0,9,9,-0.244600476516598,0.0188923436390327,-2.0620214707222364,0.244600476516598,0.1011717357384272,0.0026797144168214,0.0004718665761362,DS,0.0498220181794164,constitutive,1.0067793712863031,-0.4041008528315333,0.4041008528315333,0.1589934610820341,0.08946360722033059,1.029,up,unchanged,equal,0.06952985386170352
chr1,48970900,Zm00001eb014600,102,7,11,1.6762389219961276,0.3194996273298739,1.736422402116724,1.6762389219961276,0.3905459698037739,0.0001256913021618,0.024265446053163,WW,0.018794646214001,102,7,11,1.360587163580815,0.3387918762117393,1.7038846197165805,1.360587163580815,0.451570214435114,6.284565108094519e-05,0.0205293065720602,DS,0.0210852438700539,constitutive,0.3334422901053184,-0.0325377824001436,0.0325377824001436,-0.31565175841531246,0.01929224888186537,0.334,stable,shifted,NAM_up_or_B73_down,0.3349440072971778
chr1,57058153,Zm00001eb016330,257,9,8,-0.848775822674568,-0.1379779156930791,-2.626391240221178,0.848775822674568,0.2459599164165432,0.0005758946935417,0.0006023505899313,WW,0.0232820792261351,257,9,8,-0.6660913525413421,-0.0581130559418069,-2.2483317315169984,0.6660913525413421,0.2493806214761223,0.0009872480460715,0.0007010280512052,DS,0.0333775135755333,constitutive,-0.292855900720834,0.3780595087041796,0.3780595087041796,0.18268447013322586,0.0798648597512722,-0.294,stable,unchanged,equal,0.10281961038195367
chr1,59904185,Zm00001eb016800,449,13,4,-0.0217544195184793,-0.2844026659486203,1.3864569192436351,0.1525057758652136,0.2844026659486203,0.0016806722689075,0.0013742022916556,WW,0.0349342231695172,449,13,4,-0.0833178265395741,-0.3319759762494788,0.9865442605824092,0.218571224227059,0.3319759762494788,0.015126050420168,0.0098175381556698,DS,0.1131280613659468,ww_only,0.9410393464159084,-0.39991265866122594,0.39991265866122594,-0.06156340702109481,-0.047573310300858485,0.942,stable,unchanged,equal,0.013990096720236322
chr1,60926702,Zm00001eb017050,69,4,9,0.481946141256093,0.2002113333196423,1.1561863712248903,0.481946141256093,0.3181034925860378,0.0027972027972027,0.0181799651121438,WW,0.0445594307731047,69,4,9,0.6542140726647984,0.2191147916414746,1.463168834943387,0.6542140726647984,0.3185501198573016,0.0335664335664335,0.0053519715015523,DS,0.17058724408122,ww_only,0.5584982309499175,0.3069824637184966,0.3069824637184966,0.1722679314087054,0.018903458321832295,0.562,stable,unchanged,equal,0.1533644730868731
chr1,68998584,Zm00001eb019230,128,10,5,-0.6909189655453137,0.1651906496908014,-4.5553853130317945,0.6909189655453137,0.2167936815202199,0.0006660006660006,0.0009073841175912,WW,0.0232820792261351,128,10,5,-0.7049631061143494,0.1898612729207641,-4.979500443278216,0.7049631061143494,0.2242668392041059,0.0006660006660006,0.0006130810350815,DS,0.0273519583864411,constitutive,0.7658171659206515,-0.4241151302464212,0.4241151302464212,-0.01404414056903569,0.02467062322996269,0.769,stable,unchanged,equal,0.03871476379899838
chr1,69764971,Zm00001eb019370,410,4,14,0.8712552375038454,0.083664412428777,2.9538920510987303,0.8712552375038454,0.2046616010949689,0.0006535947712418,0.0097450905537288,WW,0.0232820792261351,410,4,14,0.5477651027290871,-0.0490749964893743,1.4932284476909563,0.5477651027290871,0.2665459803193499,0.0117647058823529,0.028925072238263,DS,0.0992913714047519,ww_only,-0.3315198153923814,-1.460663603407774,1.460663603407774,-0.3234901347747583,-0.13273940891815128,-0.334,stable,shifted,NAM_up_or_B73_down,0.19075072585660702
chr1,72171126,Zm00001eb019800,1110,8,7,-0.876237041581392,0.0486715023028503,-2.1298876298799194,0.876237041581392,0.5568114509609007,0.0012432012432012,0.0080391905977624,WW,0.0301687524988495,1110,8,7,-0.895454327711817,0.0657074379958562,-2.485081803998419,0.895454327711817,0.3905173752358822,0.0059052059052059,0.0028177452644133,DS,0.0699058879947249,ww_only,0.2852026642888697,-0.35519417411849963,0.35519417411849963,-0.01921728613042495,0.017035935693005898,0.287,stable,unchanged,equal,0.036253221823430846
chr1,74030656,Zm00001eb020110,3,7,6,0.9694926790991806,0.2462006781213289,2.287672540753356,0.9694926790991806,0.4053158122995345,0.0011655011655011,0.0036460362335662,WW,0.0301297495867631,3,7,6,1.0896968218589136,0.5778370012168623,1.3218727536316228,1.0896968218589136,0.6172154406091791,0.0734265734265734,0.0413733974006434,DS,0.2640148876163793,ww_only,-0.3261384492067491,-0.9657997871217332,0.9657997871217332,0.12020414275973301,0.3316363230955334,-0.326,stable,unchanged,equal,0.2114321803358004
chr1,77561196,Zm00001eb020690,291,4,9,-0.6118831775308531,0.2116040764070575,-4.470980859179168,0.6118831775308531,0.2397768549703814,0.0027972027972027,3.788996187913337e-05,WW,0.0445594307731047,291,4,9,-0.4057345066111997,0.210050797755169,-3.3154063700914382,0.4057345066111997,0.2167020657635112,0.0027972027972027,0.0020100356081822,DS,0.0508974358974358,ww_only,0.6932642483820236,1.1555744890877295,1.1555744890877295,0.2061486709196534,-0.0015532786518885067,0.694,stable,unchanged,equal,0.2077019495715419
chr1,83001127,Zm00001eb021800,113,3,15,1.1574879393609097,-0.120343916455031,2.6637771890088833,1.1574879393609097,0.3904060252782497,0.0024509803921568,0.0150082332194259,WW,0.0413684239925549,113,3,15,1.3501030654182984,0.005270211779881,2.266803840555959,1.3501030654182984,0.4285194589377852,0.017156862745098,5.3704530657150274e-05,DS,0.1202405676704742,ww_only,1.0969417331854296,-0.3969733484529243,0.3969733484529243,0.19261512605738873,0.125614128234912,1.122,up,unchanged,equal,0.06700099782247673
chr1,84277355,Zm00001eb022040,1606,7,12,0.6969785633105736,0.1901939448741979,3.000123433584214,0.6969785633105736,0.2099802056234914,3.969199015638645e-05,1.3068188547084684e-06,WW,0.018794646214001,1606,7,12,0.5111570163454399,0.0612762988037555,2.0415739054266675,0.5111570163454399,0.2209028565470819,3.969199015638645e-05,0.00010253330332,DS,0.0210852438700539,constitutive,-1.3378258073863087,-0.9585495281575467,0.9585495281575467,-0.18582154696513375,-0.12891764607044243,-1.338,down,unchanged,equal,0.05690390089469133
chr1,86777664,Zm00001eb022580,1655,15,3,0.1115181041073891,2.053303027053817,-3.614839176695244,0.4263793739245431,2.053303027053817,0.0024509803921568,0.0020413935812553,WW,0.0413684239925549,1655,15,3,0.5677253532737531,0.911673427676426,-0.4042853575433838,0.7761456899727883,0.911673427676426,0.823529411764706,0.6261233859571526,DS,0.9523102404477698,ww_only,-1.7529546929842208,3.21055381915186,3.21055381915186,0.45620724916636396,-1.141629599377391,-1.748,down,shifted,B73_up_or_NAM_down,1.597836848543755
chr1,87656463,Zm00001eb022750,125,8,11,0.7813200733942298,0.0694191884827617,1.3982004309710403,0.7813200733942298,0.2545723306091584,0.0025402873700087,0.0252788257092205,WW,0.0418759985578686,125,8,11,0.6923474129586764,0.1282965011197206,0.94938888722599,0.6923474129586764,0.4953238169803803,0.0754147812971342,0.0523871780886293,DS,0.2687896037869671,ww_only,0.7555125309247609,-0.4488115437450503,0.4488115437450503,-0.08897266043555341,0.0588773126369589,0.764,stable,unchanged,equal,0.1478499730725123
chr1,90313646,Zm00001eb023130,1406,10,9,1.20278128657357,0.4554000850234103,2.2146472712150196,1.20278128657357,0.4554000850234103,0.0012590162631761,0.0002840684728403,WW,0.0303316737330966,1406,10,9,0.3437945622378656,0.3244675942924156,0.0225159789418436,0.7413356374368878,0.4409353530269979,0.5956108994757296,0.9601850791279166,DS,0.8165207149440092,ww_only,-0.7047732269560382,-2.192131292273176,2.192131292273176,-0.8589867243357046,-0.13093249073099467,-0.708,stable,shifted,NAM_up_or_B73_down,0.7280542336047099
chr1,91377437,Zm00001eb023220,1285,9,10,-0.2299797155662661,-0.9130358728031136,2.2721688056801654,0.2476415144658672,0.9130358728031136,0.0009436448512078,0.0001519474556336,WW,0.0284602148487962,1285,9,10,0.026482719863681,-0.6692579679348959,1.7420469079824563,0.2205088760796763,0.7182160260998314,0.0062330349697337,0.0014201746528452,DS,0.0705818003535793,ww_only,1.031182550320728,-0.5301218976977091,0.5301218976977091,0.25646243542994707,0.2437779048682177,1.033,up,unchanged,equal,0.012684530561729357
chr1,92292812,Zm00001eb023350,53,7,11,-0.4920668844895398,-0.0667900990543996,-2.104226178341298,0.4920668844895398,0.1108390396659669,0.0028280542986425,0.006637581152528,WW,0.044668067737485,53,7,11,-0.6827105986025828,-0.1118590974475263,-2.3703632113705178,0.6827105986025828,0.2288342096840261,0.0001256913021618,0.0002348704296302,DS,0.0232874033860875,constitutive,-0.9017905662827496,-0.26613703302921987,0.26613703302921987,-0.19064371411304298,-0.0450689983931267,-0.902,stable,unchanged,equal,0.1455747157199163
chr1,97701896,Zm00001eb024120,86,5,14,0.5316952992694446,-0.1074697995525359,2.2996512083409586,0.5316952992694446,0.2410411949652429,0.000171998624011,0.0003884971907539,WW,0.018794646214001,86,5,14,0.9227857065324429,-0.2230859907601669,2.6573830721630265,0.9227857065324429,0.4172364784010657,0.000343997248022,2.572795562850131e-06,DS,0.0242679870407726,constitutive,0.3983284039011229,0.3577318638220679,0.3577318638220679,0.39109040726299826,-0.11561619120763102,0.403,stable,shifted,B73_up_or_NAM_down,0.5067065984706293
chr1,108502297,Zm00001eb025400,1097,6,10,-1.7022899590901928,0.1538834248167403,-2.546334982345448,1.7022899590901928,0.4800643478958372,0.0002497502497502,6.934852459400298e-05,WW,0.0201065862242332,1097,6,10,-1.1411029055321669,-0.3366183966166445,-0.9533299237707894,1.1411029055321669,0.916956344301249,0.0934065934065934,0.0475334729344033,DS,0.3057725621185605,ww_only,0.6558816132312422,1.5930050585746587,1.5930050585746587,0.5611870535580259,-0.49050182143338483,0.674,stable,shifted,B73_up_or_NAM_down,1.0516888749914108
chr1,122210678,Zm00001eb026550,125,14,4,-0.8327423460210955,0.2731265862482041,-4.07288463175343,0.8327423460210955,0.3651877884525693,0.0006535947712418,0.0085097483664396,WW,0.0232820792261351,125,14,4,-0.6742382745236563,-0.3770197809983197,-0.8665644779183046,0.684836974245264,0.3770197809983197,0.157516339869281,0.0835291702041283,DS,0.4044171104911657,ww_only,0.3092715784955944,3.206320153835126,3.206320153835126,0.15850407149743928,-0.6501463672465237,0.318,stable,unchanged,equal,0.808650438743963
chr1,126913502,Zm00001eb026930,60,11,7,2.271059696757763,0.2888189015943346,2.147132938421716,2.271059696757763,0.5383766333357934,0.0018853695324283,0.000646449799694,WW,0.0378512541871861,60,11,7,2.416098307194127,0.3818448918693115,1.5815831387680928,2.416098307194127,0.8965648401673628,0.0059074912016088,0.0113421065003969,DS,0.0699058879947249,ww_only,-0.3375798909421927,-0.5655497996536232,0.5655497996536232,0.14503861043636368,0.09302599027497688,-0.341,stable,unchanged,equal,0.0520126201613868
chr1,170618556,Zm00001eb030710,532,9,4,0.4359609669998323,-0.2601690422055183,3.1729054864543853,0.4359609669998323,0.2601690422055183,0.0027972027972027,0.0035051032445044,WW,0.0445594307731047,532,9,4,0.5568582489154291,0.1307280258422392,2.3302227384655234,0.5568582489154291,0.1668029187201568,0.0335664335664335,0.0335960504217208,DS,0.17058724408122,ww_only,0.8818065395098659,-0.8426827479888619,0.8426827479888619,0.12089728191559684,0.3908970680477575,0.9,stable,unchanged,equal,0.26999978613216064
chr1,177309045,Zm00001eb031670,365,6,7,-0.3482482090805458,0.592779652980427,-2.8439728616279893,0.3482482090805458,0.592779652980427,0.0011655011655011,0.00054211715698,WW,0.0301297495867631,365,6,7,-0.705932518996257,0.8417737064436703,-2.930097160079546,0.705932518996257,0.8417737064436703,0.0011655011655011,0.0002395044399138,DS,0.0355390091835874,constitutive,-0.4955683444491143,-0.08612429845155667,0.08612429845155667,-0.35768430991571115,0.24899405346324333,-0.506,stable,shifted,NAM_up_or_B73_down,0.6066783633789545
chr1,180161163,Zm00001eb032230,1294,5,13,0.587315485046753,0.0775002150921054,1.7115607529905157,0.587315485046753,0.1163698535115607,0.0016339869281045,0.1086864599424641,WW,0.0343566799309979,1294,5,13,0.7704962175195125,0.2811074236982365,2.1815723841657046,0.7704962175195125,0.2903545847519748,0.0002334267040149,0.0135254646765058,DS,0.0232880998005553,constitutive,0.3496018699984562,0.47001163117518896,0.47001163117518896,0.18318073247275946,0.20360720860613107,0.35,stable,unchanged,equal,0.02042647613337162
chr1,183958880,Zm00001eb032890,280,4,14,2.6091280874775977,1.1290252766704678,1.1655770262098897,2.6091280874775977,1.1936505993855342,0.0117647058823529,0.0019358350901691,WW,0.0921814493822607,280,4,13,1.0726735405170325,0.7913594202567326,0.2701860466987764,1.0726735405170325,1.0048326721217904,0.7033613445378151,0.6215603763565136,DS,0.8845759261230574,non_functional,-0.925924769618365,-0.8953909795111132,0.8953909795111132,-1.5364545469605653,-0.33766585641373525,-0.929,stable,shifted,NAM_up_or_B73_down,1.19878869054683
chr1,184439096,Zm00001eb033050,322,7,12,0.4059164183329877,-1.4792497678277288,2.9865508628957023,0.5841610058262586,1.4792497678277288,3.969199015638645e-05,0.0001759803886933,WW,0.018794646214001,322,6,12,0.0827805707718336,-0.8409095157200263,0.8798565013757571,0.8135006440775111,0.9770988395283912,0.1024563671622495,0.1224160380806161,DS,0.3216176846409405,ww_only,-1.724750430015476,-2.106694361519945,2.106694361519945,-0.3231358475611541,0.6383402521077025,-1.615,down,shifted,NAM_up_or_B73_down,0.9614760996688566
chr1,184907626,Zm00001eb033220,396,4,15,-1.3207792226480255,0.0773697706125992,-2.4485918126647515,1.3207792226480255,0.2567361173323372,0.001031991744066,0.0920756488946263,WW,0.0296490041872768,396,4,15,-1.781852702891824,0.1390065073225148,-1.808342127727556,1.937509913323079,0.6750896308086756,0.0485036119711042,0.0988199364811759,DS,0.2062269280930171,ww_only,-0.3498325376258585,0.6402496849371955,0.6402496849371955,-0.4610734802437986,0.061636736709915596,-0.359,stable,shifted,NAM_up_or_B73_down,0.5227102169537141
chr1,192290364,Zm00001eb034990,71,7,10,-0.1529202535384305,0.573829975543426,-3.155683640276175,0.2255811489297015,0.573829975543426,0.0001028383381324,0.0001340802426017,WW,0.018794646214001,71,7,10,0.1168150306217709,0.6779873125812665,-2.487022326956726,0.145831436990949,0.6779873125812665,0.0002056766762649,6.155303121441579e-05,DS,0.0232880998005553,constitutive,1.5600553606152552,0.6686613133194488,0.6686613133194488,0.2697352841602014,0.10415733703784058,1.562,up,unchanged,equal,0.16557794712236085
chr1,198167984,Zm00001eb036550,456,5,14,2.833202942559418,0.3256837492251917,3.5808557955529947,2.833202942559418,0.5957633224533003,0.000171998624011,0.0001133838058924,WW,0.018794646214001,456,5,14,2.107306918029038,0.3757820820455384,2.211455579163662,2.107306918029038,0.4762133423247519,0.002063983488132,0.0295764150773797,DS,0.0447904326733231,constitutive,-0.718846652458033,-1.3694002163893328,1.3694002163893328,-0.72589602453038,0.0500983328203467,-0.721,stable,shifted,NAM_up_or_B73_down,0.7759943573507267
chr1,199461418,Zm00001eb036910,158,6,12,0.364153109491141,-0.179206232472913,2.1137060009158657,0.364153109491141,0.2513608729605248,0.0007541478129713,0.0005940465581578,WW,0.0251913816382048,158,6,12,0.0628513064572147,-0.3915495933773854,1.2787350388054486,0.1806911611346165,0.4482698054488834,0.0244559362206421,0.0065765297545504,DS,0.1452932337615436,ww_only,-0.4359342000343697,-0.8349709621104171,0.8349709621104171,-0.3013018030339263,-0.21234336090447237,-0.438,stable,shifted,NAM_up_or_B73_down,0.08895844212945392
chr1,200570121,Zm00001eb037210,89,3,13,-3.68052337920324,-1.4924496926873334,-2.7241475319749364,3.68052337920324,1.4924496926873334,0.0035714285714285,3.299114212297636e-05,WW,0.0495588381084564,89,3,13,-3.481827431752522,-1.7120276659431168,-2.3844254764447035,3.481827431752522,1.7120276659431168,0.0142857142857142,0.0439394160692501,DS,0.1093545773697002,ww_only,0.1924796049072891,0.33972205553023294,0.33972205553023294,0.19869594745071772,-0.21957797325578343,0.209,stable,unchanged,equal,0.41827392070650116
chr1,206116074,Zm00001eb038600,1453,6,13,0.439324504519844,-0.1097618979118772,2.2158575979730486,0.439324504519844,0.1856117781117953,0.0002948547840188,0.0009632131093576,WW,0.0204994931767883,1453,6,13,0.457698157740221,-0.0572855375403607,1.7956271363850451,0.457698157740221,0.1496551971555183,0.0014005602240896,0.0028088425047687,DS,0.0380632790028763,constitutive,0.2354405760599726,-0.4202304615880035,0.4202304615880035,0.018373653220376984,0.0524763603715165,0.237,stable,unchanged,equal,0.034102707151139514
chr1,206226148,Zm00001eb038640,13,12,7,0.6440876396724459,-0.132480725006973,1.6080315463006911,0.6830330307061878,0.2578762225021763,0.0037310470747003,0.0014494583367285,WW,0.0504105146033193,13,12,7,0.6885114126953016,-0.3191189259880329,2.5173685481193657,0.6885114126953016,0.3603731857980828,7.938398031277289e-05,3.9004773339211544e-05,DS,0.0210852438700539,ds_only,0.6019240843568664,0.9093370018186746,0.9093370018186746,0.04442377302285572,-0.18663820098105988,0.649,stable,unchanged,equal,0.2310619740039156
chr1,209881617,Zm00001eb039610,186,13,3,0.0765907051838202,-0.8478493716511591,5.017313624848251,0.1239542615729149,0.8478493716511591,0.0035714285714285,0.0439488491427222,WW,0.0495588381084564,186,13,5,-0.0071618749644962,0.0837513109392049,-0.2628739114815674,0.13966644596594,0.5175040001677851,0.6330532212885154,0.7621117244075022,DS,0.8406636800375225,ww_only,-0.3561245494279196,-5.2801875363298185,5.2801875363298185,-0.08375258014831641,0.931600682590364,-0.356,stable,unchanged,equal,1.0153532627386803
chr1,210024968,Zm00001eb039620,153,7,9,-0.0616067753111347,0.1537391662335464,-2.862131520971067,0.0720711272443941,0.1537391662335464,0.0001748251748251,0.0001370852363378,WW,0.018794646214001,153,7,9,0.1378537823771438,0.2676237171377734,-1.1819245278939496,0.1378537823771438,0.2685529899564327,0.0311188811188811,0.0255818771946055,DS,0.1644774039387622,ww_only,0.5822723160087887,1.6802069930771173,1.6802069930771173,0.1994605576882785,0.113884550904227,0.584,stable,unchanged,equal,0.0855760067840515
chr1,219667307,Zm00001eb041750,152,6,8,0.4574269212193227,-0.0549939734835792,3.268031053026474,0.4574269212193227,0.1291638488567638,0.0006660006660006,3.9743551024920505e-05,WW,0.0232820792261351,152,6,8,0.1788748789830765,0.0276523085991296,1.071370361257873,0.1788748789830765,0.1524757119802986,0.0426240426240426,0.0522107013743936,DS,0.1923354114127459,ww_only,-0.0467336123363323,-2.196660691768601,2.196660691768601,-0.2785520422362462,0.0826462820827088,-0.047,stable,unchanged,equal,0.361198324318955
chr1,220331322,Zm00001eb041880,68,6,10,-1.849105396958044,-0.0472798343876238,-4.299958015903771,1.849105396958044,0.4341202296542756,0.0002497502497502,1.997695584760401e-07,WW,0.0201065862242332,68,6,10,-1.2488260544310552,0.1867646594452061,-2.545293609369031,1.2488260544310552,0.5623358159203167,0.0002497502497502,5.5112903711083983e-05,DS,0.0232880998005553,constitutive,0.3335980880719973,1.75466440653474,1.75466440653474,0.6002793425269888,0.23404449383282988,0.34,stable,shifted,B73_up_or_NAM_down,0.3662348486941589
chr1,228006396,Zm00001eb043310,144,12,4,0.8393493988977475,-0.2652053217909551,9.946729122482523,0.8393493988977475,0.2652053217909551,0.001098901098901,0.0003410028256773,WW,0.0300596804016776,144,12,4,0.6480419952426274,-0.3381137838976257,5.8950086583641745,0.6480419952426274,0.3381137838976257,0.001098901098901,0.0008097452648694,DS,0.0349834128136014,constitutive,0.5609799217352474,-4.051720464118349,4.051720464118349,-0.1913074036551201,-0.07290846210667062,0.562,stable,unchanged,equal,0.11839894154844949
chr1,234060687,Zm00001eb044910,447,8,10,-0.2504512133968246,-0.0249834994962501,-2.149239230184155,0.2504512133968246,0.0634216104759993,0.000319941496412,0.00119098435665,WW,0.0204994931767883,447,8,10,-0.2281242060605089,0.0082546160713342,-1.129388587956388,0.2706219243175076,0.0705417225055547,0.0434206316559257,0.0608373597686588,DS,0.1945855531512902,ww_only,0.2740773564771979,1.019850642227767,1.019850642227767,0.02232700733631568,0.0332381155675843,0.274,stable,unchanged,equal,0.010911108231268618
chr1,234172152,Zm00001eb044970,709,8,10,2.0334917527103893,0.3374251049301736,2.69202367816326,2.0334917527103893,0.4667032014070937,0.001371177841766,0.0002518773396756,WW,0.0314427432614156,709,8,10,1.4512010333744787,0.4852283947838843,2.749322497847182,1.4512010333744787,0.5007906420951631,4.570592805886923e-05,1.8350353128312208e-05,DS,0.0210852438700539,constitutive,1.4428686319326056,0.05729881968392192,0.05729881968392192,-0.5822907193359106,0.14780328985371072,1.519,up,shifted,NAM_up_or_B73_down,0.7300940091896213
chr1,241110893,Zm00001eb046750,390,5,14,0.7422273612408242,1.71760047846262,-2.2262669428384765,0.7422273612408242,1.71760047846262,0.000687994496044,0.0016284667243238,WW,0.0238425267641186,390,5,14,-0.3815549801509657,0.3574480472736839,-1.452667586677907,0.3815549801509657,0.5411542296500133,0.0072239422084623,0.0011725108501917,DS,0.0765775695783962,ww_only,1.1346325661233272,0.7735993561605694,0.7735993561605694,-1.1237823413917898,-1.3601524311889361,1.153,up,shifted,NAM_up_or_B73_down,0.23637008979714635
chr1,241539557,Zm00001eb046960,1724,15,4,0.1712713497750564,-0.351031572345697,1.4930594693878438,0.2758763478873549,0.351031572345697,0.002063983488132,0.0001913550972892,WW,0.0381789212106284,1724,15,4,-0.24188765818882,-0.4342336765147504,0.4169570215075975,0.4354860319132995,0.4687042831498079,0.4107327141382869,0.389754581194738,DS,0.6753883577355934,ww_only,-0.451105890941208,-1.0761024478802463,1.0761024478802463,-0.4131590079638764,-0.08320210416905344,-0.451,stable,shifted,NAM_up_or_B73_down,0.32995690379482295
chr1,245361730,Zm00001eb047770,100,9,9,-5.490127330724581,0.6177013328261035,-6.898722826634735,5.490127330724581,0.6937184601417523,0.0004122948020616,1.1673048147323445e-07,WW,0.0214693928698582,100,9,9,-5.207355230148078,-0.0436287515315801,-4.9002797249785806,5.207355230148078,1.0127365797938213,0.0004122948020616,2.4390084869295064e-06,DS,0.0257646075843921,constitutive,-0.080653137960099,1.9984431016561546,1.9984431016561546,0.28277210057650315,-0.6613300843576836,-0.08,stable,unchanged,equal,0.9441021849341867
chr1,248596857,Zm00001eb048390,1038,6,8,1.6315000070624592,-0.0748105672607711,5.344064702548112,1.6315000070624592,0.1779466806184471,0.0006660006660006,2.697766767272329e-05,WW,0.0232820792261351,1038,6,8,1.2655729033444485,0.0362928692573615,6.18658434912409,1.2655729033444485,0.0915700176273401,0.0006660006660006,5.778685961638968e-05,DS,0.0273519583864411,constitutive,0.2683358760595568,0.8425196465759788,0.8425196465759788,-0.36592710371801074,0.11110343651813259,0.269,stable,shifted,NAM_up_or_B73_down,0.47703054023614333
chr1,250455723,Zm00001eb048710,113,5,12,-2.218153851737904,-0.0735104003567078,-3.3473632551971324,2.218153851737904,0.5668755730735655,0.0003232062055591,2.6062883958250333e-05,WW,0.0204994931767883,113,5,12,-3.7735075845920303,-0.3472279817831711,-4.578483971062911,3.7735075845920303,0.6803189542718995,0.0003232062055591,7.91514449508106e-06,DS,0.0232880998005553,constitutive,-1.3417358759188291,-1.2311207158657789,1.2311207158657789,-1.5553537328541265,-0.2737175814264633,-1.306,down,shifted,NAM_up_or_B73_down,1.281636151427663
chr1,254679914,Zm00001eb049880,508,5,10,-2.1980839012055795,-0.4089726134878607,-2.193533328867871,2.1980839012055795,0.8863284613353267,0.0006660006660006,0.0001692207670799,WW,0.0232820792261351,508,6,10,-0.8416071981658192,-0.7362608425361634,-0.1603860112179586,0.8416071981658192,0.8136654671580128,0.5621878121878122,0.7264847918300351,DS,0.792661325443359,ww_only,0.1237530691159556,2.0331473176499126,2.0331473176499126,1.3564767030397604,-0.32728822904830274,0.166,stable,shifted,B73_up_or_NAM_down,1.6837649320880632
chr1,254745792,Zm00001eb049920,586,6,12,0.9358086493595263,2.7035981032281895,-1.498006207036084,0.9358086493595263,2.7035981032281895,0.0020469726352079,0.0013278525046796,WW,0.0381789212106284,586,6,12,1.4613735360246267,2.339406063258702,-0.6778854190553998,1.4702464509603417,2.339406063258702,0.290777849601379,0.1484146143091886,DS,0.5650075931745797,ww_only,0.851437343964753,0.8201207879806842,0.8201207879806842,0.5255648866651004,-0.36419203996948735,0.869,stable,shifted,B73_up_or_NAM_down,0.8897569266345877
chr1,256721763,Zm00001eb050350,42,5,13,-0.695285341802279,-0.1424065292910517,-2.9911337260879955,0.695285341802279,0.1853667097839763,0.0004668534080298,2.7257873491206513e-05,WW,0.0218622968313008,42,5,13,-0.5125314334585036,-0.0047394697624852,-2.7491014586347253,0.5125314334585036,0.1734307277906968,0.0002334267040149,8.292878207730779e-07,DS,0.0232880998005553,constitutive,0.7182946080357954,0.24203226745327022,0.24203226745327022,0.18275390834377536,0.13766705952856648,0.728,stable,unchanged,equal,0.045086848815208885
chr1,263870101,Zm00001eb052110,1078,6,10,0.7089952312416505,1.5451657390418572,-2.1263716759341165,0.7089952312416505,1.5451657390418572,0.0029970029970029,0.0007379483290286,WW,0.0451605666375824,1078,6,10,0.2822475788854079,0.9082307917267016,-1.3026619449418468,0.396044738839421,0.9822499534567012,0.0224775224775224,0.0178886928449322,DS,0.1379934498491199,ww_only,-0.8837191712388149,0.8237097309922696,0.8237097309922696,-0.4267476523562426,-0.6369349473151555,-0.884,stable,shifted,NAM_up_or_B73_down,0.21018729495891292
chr1,274494877,Zm00001eb055010,101,6,10,-0.7698004332164193,0.345341025596991,-2.360762006815106,0.7698004332164193,0.3985228165354101,0.0004995004995004,0.0012771637690057,WW,0.0222282178940474,101,6,10,-0.6162954192845521,0.4306657768129026,-2.695134285554917,0.6162954192845521,0.4488761728384832,0.0002497502497502,0.0002731453448502,DS,0.0232880998005553,constitutive,0.7158819928713267,-0.3343722787398109,0.3343722787398109,0.15350501393186722,0.0853247512159116,0.75,stable,unchanged,equal,0.06818026271595562
chr1,275076946,Zm00001eb055170,95,6,12,-0.4231143441516725,0.0353561013913966,-3.0741188842508755,0.4231143441516725,0.1215898010677802,0.000107735401853,6.351816733621741e-06,WW,0.018794646214001,95,6,12,-0.3914393601677082,0.0511916518082494,-2.0470969703150947,0.4347318186696305,0.1504471938774646,0.0068950657185951,0.0066601950676331,DS,0.0752324190156283,ww_only,0.2394754259310213,1.0270219139357808,1.0270219139357808,0.03167498398396429,0.015835550416852806,0.24,stable,unchanged,equal,0.015839433567111483
chr1,276650852,Zm00001eb055620,719,9,8,0.5640812780337254,-0.3725485169931914,3.111528800186716,0.5640812780337254,0.4513707413742731,8.227067050596462e-05,0.0003004068956174,WW,0.018794646214001,719,9,8,0.3911826693407949,-0.5713313564733415,2.8126847075077728,0.3911826693407949,0.6533299421074361,8.227067050596462e-05,0.0007372195651896,DS,0.0210852438700539,constitutive,0.513847898707583,-0.2988440926789431,0.2988440926789431,-0.17289860869293056,-0.19878283948015013,0.518,stable,unchanged,equal,0.025884230787219575
chr1,278826136,Zm00001eb056030,1976,8,5,0.0927067571325708,-2.256056659376853,2.1356230427989327,1.0255536892847612,2.256056659376853,0.0015540015540015,0.0017646535741099,WW,0.0332696092867399,1976,8,5,0.3436177760877595,-1.1222604627742263,1.5036671142392009,0.8108391565713495,1.1222604627742263,0.0062160062160062,0.0104698277708915,DS,0.0705818003535793,ww_only,0.102707311776443,-0.6319559285597318,0.6319559285597318,0.2509110189551887,1.1337961966026269,0.103,stable,unchanged,equal,0.8828851776474382
chr1,282764868,Zm00001eb057160,471,11,8,-0.4597517789667529,-0.127871484390952,-1.932704372928077,0.4597517789667529,0.1335604629078783,0.0025402873700087,0.0003562770545806,WW,0.0418759985578686,471,11,8,-0.0581324864936419,0.0015699750979166,-0.2945813295790688,0.2090316362303228,0.047381036944546,0.4920219099785663,0.4770077058315184,DS,0.7423463807159622,ww_only,0.6680928195301702,1.6381230433490082,1.6381230433490082,0.401619292473111,0.1294414594888686,0.672,stable,shifted,B73_up_or_NAM_down,0.2721778329842424
chr1,292328009,Zm00001eb059970,1366,16,3,-0.0104541764463584,-0.8412204427415202,3.7478475365024257,0.1702876714570695,0.8412204427415202,0.002063983488132,3.002589416132037e-09,WW,0.0381789212106284,1366,16,3,0.0548184776294078,-0.5146682717976572,1.54534408601856,0.2981701255930387,0.5146682717976572,0.0330237358101135,0.0219115104091563,DS,0.1688890070591988,ww_only,-1.1874815651226625,-2.2025034504838654,2.2025034504838654,0.0652726540757662,0.326552170943863,-1.187,down,unchanged,equal,0.2612795168680968
chr1,293484526,Zm00001eb060330,75,7,6,0.1492945551895519,-1.080252125385323,1.7078661486235942,0.3197609217087837,1.080252125385323,0.0023310023310023,0.0262791442095531,WW,0.0405310631397587,75,7,6,0.0527263318823009,-0.9100081081710923,2.5350898658855017,0.2085344541132565,0.9100081081710923,0.0011655011655011,0.0032191206928702,DS,0.0355390091835874,constitutive,0.6134095237217257,0.8272237172619075,0.8272237172619075,-0.096568223307251,0.17024401721423066,0.621,stable,unchanged,equal,0.26681224052148167
chr1,293674250,Zm00001eb060410,98,4,13,0.1490762960257133,-0.334908262616597,2.3821317826395716,0.173721260806477,0.334908262616597,0.0008403361344537,0.0134839220570327,WW,0.0263789032096355,98,4,13,-0.1420210871604985,-0.3719655366633821,0.9743113451062844,0.1420210871604985,0.3724735839998583,0.1302521008403361,0.0258485760078012,DS,0.3621054902806928,ww_only,0.6429447975896163,-1.4078204375332872,1.4078204375332872,-0.2910973831862118,-0.037057274046785105,0.645,stable,unchanged,equal,0.2540401091394267
chr1,294630742,Zm00001eb060730,197,12,5,0.9322047100004908,0.0735843627823874,3.773302014758296,0.9322047100004908,0.1579304375789621,0.0003232062055591,1.2949943652626857e-05,WW,0.0204994931767883,197,12,5,0.9839655305981464,0.2134955483144266,3.2975618068637185,0.9839655305981464,0.2134955483144266,0.0003232062055591,1.5885489434593512e-06,DS,0.0232880998005553,constitutive,1.0360053720885056,-0.4757402078945776,0.4757402078945776,0.05176082059765563,0.13991118553203918,1.047,up,unchanged,equal,0.08815036493438355
chr1,296607704,Zm00001eb061370,21,6,10,0.8046207876006358,0.1631240778064134,2.519542761949473,0.8046207876006358,0.2569183374536306,0.0002497502497502,0.0002507924589109,WW,0.0201065862242332,21,6,10,0.4352462875780988,0.1510619544803147,2.0679341589964615,0.4352462875780988,0.1580571821289096,0.0047452547452547,0.0053291657601872,DS,0.0622664762327756,ww_only,0.3065480420200357,-0.4516086029530113,0.4516086029530113,-0.369374500022537,-0.012062123326098684,0.307,stable,shifted,NAM_up_or_B73_down,0.35731237669643834
chr1,297171952,Zm00001eb061520,94,7,11,-0.7487258081141474,0.0514169489325847,-1.733414712405709,0.7487258081141474,0.3045181670930043,0.0028280542986425,0.0025302670316039,WW,0.044668067737485,94,7,11,-0.1727828214410859,-0.0256767865610794,-0.4946887001813582,0.3064170309158159,0.1605394031020346,0.374937154348919,0.4108999635485131,DS,0.645962607564888,ww_only,1.816841034605872,1.2387260122243509,1.2387260122243509,0.5759429866730614,-0.0770937354936641,1.868,up,shifted,B73_up_or_NAM_down,0.6530367221667255
chr1,297171952,Zm00001eb061530,11,7,9,-0.3650171834253183,-0.4211910492230284,0.1716319007549348,0.3654067851396831,0.4211910492230284,0.2104895104895105,0.7664690417280806,WW,0.4700406666509956,11,7,9,0.0345081293261991,-0.5217554356828362,2.240870488937858,0.1303591953757479,0.5217554356828362,0.0012237762237762,0.0003657394891951,DS,0.0357036816611284,ds_only,1.03445340119696,2.069238588182923,2.069238588182923,0.3995253127515174,-0.10056438645980781,1.04,up,shifted,B73_up_or_NAM_down,0.5000896992113253
chr1,297567154,Zm00001eb061760,75,10,7,-0.1536690851689698,0.2787046765825894,-2.260904184631009,0.2391355553477644,0.2787046765825894,0.0030851501439736,0.0001545145230604,WW,0.0456629624566229,75,10,7,-0.3895644906047505,0.0875598697585329,-2.32559011132678,0.3895644906047505,0.1884740938857423,0.0007198683669271,0.0006132639157535,DS,0.029034212799153,constitutive,0.63262057270334,-0.06468592669577067,0.06468592669577067,-0.23589540543578072,-0.1911448068240565,0.635,stable,unchanged,equal,0.04475059861172423
chr1,297821539,Zm00001eb061820,342,7,12,-0.3916006196584086,-0.0152139898049654,-1.892912127518124,0.3916006196584086,0.166459827108583,0.0011907597046915,0.0004825420244729,WW,0.0301297495867631,342,7,12,-0.2200616238353006,0.0171400629496738,-1.2019375420580845,0.2417111584002208,0.1434127235491214,0.0449313328570294,0.0368972575044521,DS,0.1992124511053506,ww_only,0.6955797108418512,0.6909745854600395,0.6909745854600395,0.171538995823108,0.0323540527546392,0.696,stable,unchanged,equal,0.1391849430684688
chr1,297954395,Zm00001eb061860,987,10,9,0.6988653484823424,0.1593276365063158,1.9645817827380807,0.6988653484823424,0.1918614566080987,0.0016693366427425,0.0004701585036721,WW,0.0349342231695172,987,10,9,0.4968250579643125,-0.2247614347623028,2.600600963950883,0.4968250579643125,0.2726466969421861,0.0002797002701866,2.6503827015897672e-05,DS,0.0232880998005553,constitutive,0.1856746276419834,0.6360191812128024,0.6360191812128024,-0.2020402905180299,-0.3840890712686186,0.186,stable,unchanged,equal,0.18204878075058867
chr1,298119374,Zm00001eb061940,45,11,8,0.7867069197228855,-0.1040382904507849,2.002516013493631,0.7929156874341303,0.2790045648070203,0.0005027652086475,0.0003233309615378,WW,0.0222282178940474,45,11,8,0.783066890573032,0.5960174540088055,0.466724024058179,0.783066890573032,0.5960174540088055,0.31004736577492,0.3226837964771247,DS,0.5826013006816524,ww_only,0.1501436518782714,-1.5357919894354521,1.5357919894354521,-0.0036400291498535076,0.7000557444595904,0.158,stable,unchanged,equal,0.7036957736094439
chr1,299161158,Zm00001eb062220,323,8,6,-0.3252830247304684,0.4217535678088944,-1.412109260528254,0.3252830247304684,0.4532991925215862,0.0036382418317056,0.0696555854149598,WW,0.0500345829895368,323,8,9,-0.4222458248187655,0.0785513949958335,-0.9211839873891629,0.4222458248187655,0.5914322474382906,0.1671740024681201,0.0770437334746637,DS,0.4180851361450935,non_functional,0.2567347841440656,0.49092527313909107,0.49092527313909107,-0.09696280008829711,-0.34320217281306087,0.263,stable,unchanged,equal,0.24623937272476376
chr1,302187930,Zm00001eb063300,28,6,10,0.1916364258039614,-0.3411404401829699,1.6835610594214192,0.1916364258039614,0.3411404401829699,0.0002497502497502,0.0016627687361172,WW,0.0201065862242332,28,6,10,0.2723669313304928,-0.2960195513071657,1.7786359092270845,0.2961081635297372,0.2960195513071657,0.0017482517482517,0.0012301354600462,DS,0.0431550926149594,constitutive,0.0952664059169306,0.09507484980566527,0.09507484980566527,0.08073050552653138,0.04512088887580423,0.095,stable,unchanged,equal,0.03560961665072715
chr1,306610697,Zm00001eb065000,183,7,11,-0.7951830454805692,0.8020606056053796,-3.820790369134767,0.7951830454805692,0.8020606056053796,6.284565108094519e-05,4.724419271785927e-06,WW,0.018794646214001,183,6,11,-1.0576542374535507,0.1031162447834329,-1.2293031602548443,1.1566481500392614,0.7674541496081343,0.0365223012281835,0.0401884275757909,DS,0.1751461470788804,ww_only,-3.1608802349141194,2.5914872088799226,2.5914872088799226,-0.2624711919729815,-0.6989443608219468,-2.893,down,unchanged,equal,0.43647316884896525
chr2,6413681,Zm00001eb068910,95,3,13,1.1453116432577073,0.4026973639792939,2.0545398974307716,1.1453116432577073,0.408078308324367,0.0142857142857142,0.050124629384152,WW,0.1021298329843199,95,3,13,1.4095821424923207,0.3684527811201755,2.901876417826418,1.4095821424923207,0.4459636505347853,0.0035714285714285,0.0021811014743597,DS,0.056011397587695,non_functional,-0.4228056208198751,0.8473365203956464,0.8473365203956464,0.26427049923461343,-0.03424458285911841,-0.423,stable,unchanged,equal,0.29851508209373184
chr2,11570568,Zm00001eb071290,1239,6,13,1.1235591646285492,0.0665833912913373,2.2189300860833683,1.1235591646285492,0.4021153705638041,0.0008845643520566,0.0007064675658938,WW,0.0275081629606905,1239,6,13,0.0840813966634801,-0.7537819916335273,1.3271566249200653,0.6453006983759093,0.8076415078316962,0.0285272003538257,0.0557297778788177,DS,0.1575825971903335,ww_only,-0.7327444569787969,-0.891773461163303,0.891773461163303,-1.039477767965069,-0.8203653829248646,-0.738,stable,shifted,NAM_up_or_B73_down,0.21911238504020447
chr2,11669559,Zm00001eb071360,816,11,5,2.119513136271137,0.7524667475981328,2.03018534325742,2.119513136271137,0.7524667475981328,0.0018315018315018,0.0087105667629411,WW,0.0373320189833951,816,11,6,1.4795934613722324,1.686033285589468,-0.1545100462771634,1.4795934613722324,1.8104098359464664,0.3926585107457054,0.832089906966698,DS,0.6568272973929455,ww_only,-0.3722657443176473,-2.1846953895345838,2.1846953895345838,-0.6399196748989047,0.9335665379913352,-0.376,stable,shifted,NAM_up_or_B73_down,1.5734862128902398
chr2,15238401,Zm00001eb072790,134,3,14,0.6566073654273185,0.0982318194949187,2.5995544872272567,0.6566073654273185,0.2096839746577487,0.0029411764705882,1.1704646457593869e-06,WW,0.0446897908099409,134,3,14,0.5155417540409792,0.2894292143612156,1.4841297411594614,0.5155417540409792,0.293960560526414,0.1205882352941176,0.198638164679733,DS,0.3484510161832839,ww_only,0.8817960007527076,-1.1154247460677953,1.1154247460677953,-0.14106561138633922,0.1911973948662969,0.886,stable,unchanged,equal,0.3322630062526361
chr2,15238401,Zm00001eb072800,103,3,8,0.6561500980223725,0.3278723578781121,0.5150748391191813,0.7937840163339898,0.5700542479188171,0.496969696969697,0.5509265342623121,WW,0.7458572753638527,103,3,13,1.1539132198869353,0.5161497115616707,1.4395361462013263,1.1539132198869353,0.5161497115616707,0.0434348767662641,0.0702859012706126,DS,0.1946063177443127,non_functional,1.373231581647862,0.924461307082145,0.924461307082145,0.49776312186456284,0.18827735368355858,1.728,up,shifted,B73_up_or_NAM_down,0.30948576818100426
chr2,18375896,Zm00001eb073810,699,3,16,0.2126194597115034,-0.267116501536828,2.7407663363859274,0.2126194597115034,0.267116501536828,0.002063983488132,0.0458921344510779,WW,0.0381789212106284,699,3,16,0.1098494087313981,0.1333327887922946,-0.0971042748327844,0.2226550507197126,0.2179119842347893,0.9576883384932922,0.9173515524036938,DS,1.0,ww_only,-1.5721600529647957,-2.8378706112187118,2.8378706112187118,-0.10277005098010529,0.4004492903291226,-1.571,down,unchanged,equal,0.5032193413092279
chr2,50978303,Zm00001eb082480,243,6,8,-1.766975725713115,0.2216922845819303,-2.302728176284185,1.766975725713115,0.7895991520340153,0.0006660006660006,0.0006962762095705,WW,0.0232820792261351,243,6,6,-3.779131470347288,-0.6943045418601369,-1.638709786350445,3.779131470347288,1.8697808474026465,0.0649350649350649,0.0305943682387858,DS,0.2471232137523005,ww_only,-1.306175416441044,0.6640183899337402,0.6640183899337402,-2.012155744634173,-0.9159968264420673,-1.251,down,shifted,NAM_up_or_B73_down,1.0961589181921056
chr2,66222254,Zm00001eb084920,117,8,9,-0.2941548629834395,0.2889084959508511,-2.375015274863031,0.3608889068944421,0.3432284561752585,0.0005758946935417,0.000205450558271,WW,0.0232820792261351,117,8,9,-0.2764329416737974,0.5252881926674581,-4.544329543030348,0.2853548938263169,0.5252881926674581,8.227067050596462e-05,3.280320215604682e-07,DS,0.0210852438700539,constitutive,0.6772607952161599,-2.169314268167317,2.169314268167317,0.01772192130964212,0.23637969671660697,0.679,stable,unchanged,equal,0.21865777540696485
chr2,84666680,Zm00001eb086540,311,7,8,1.2883274261795683,0.275732854751648,5.401896924454994,1.2883274261795683,0.275732854751648,0.0003108003108003,4.241358981521696e-07,WW,0.0204994931767883,311,7,8,1.1813207584053302,0.3095724357503645,4.600817011906296,1.1813207584053302,0.3095724357503645,0.0003108003108003,6.602144736296772e-07,DS,0.0232880998005553,constitutive,0.0878340604443404,-0.8010799125486985,0.8010799125486985,-0.10700666777423806,0.033839580998716534,0.088,stable,unchanged,equal,0.1408462487729546
chr2,91262529,Zm00001eb087050,162,12,5,-0.334353529652558,0.3072778047215077,-1.8052157268565323,0.334353529652558,0.3871019619294256,0.0006464124111182,0.0876737770125652,WW,0.0232820792261351,162,12,5,-0.3417174029867055,-0.6545454733039036,1.5233648174414711,0.3613007524953972,0.6545454733039036,0.0093729799612152,0.0220904416206325,DS,0.0878586691086691,ww_only,0.3393896550954891,3.3285805442980037,3.3285805442980037,-0.007363873334147508,-0.9618232780254112,0.34,stable,unchanged,equal,0.9544594046912638
chr2,115957364,Zm00001eb089390,850,8,7,1.2530988257666895,0.1382718271853683,1.929552413952948,1.2530988257666895,0.1578935080230132,0.0012432012432012,0.0043085908909998,WW,0.0301687524988495,850,8,7,1.6276454688646385,0.5504149613552153,1.8807827314423264,1.6276454688646385,0.5604690837730153,0.0059052059052059,0.0027143165703213,DS,0.0699058879947249,ww_only,-1.8688078791291944,-0.04876968251062164,0.04876968251062164,0.37454664309794894,0.412143134169847,-1.866,down,shifted,B73_up_or_NAM_down,0.03759649107189805
chr2,127623788,Zm00001eb090620,81,11,4,0.269089114714262,-0.2718002133315725,2.289481718636147,0.2694182341918842,0.2718002133315725,0.0014652014652014,4.134494834931803e-05,WW,0.0322312084688322,81,11,4,0.5027614280065396,-0.492356749814482,2.0234739425205297,0.504332140419971,0.492356749814482,0.0014652014652014,0.000117569488932,DS,0.0386778801381148,constitutive,-0.5343526864931931,-0.2660077761156172,0.2660077761156172,0.23367231329227756,-0.22055653648290952,-0.535,stable,unchanged,equal,0.45422884977518707
chr2,129787929,Zm00001eb090730,53,5,12,-0.1703609217600995,0.3256434757007901,-2.2000546394549323,0.1832697840698622,0.3374084098418071,0.0006464124111182,0.0005797554358864,WW,0.0232820792261351,53,5,12,-0.375583731781002,0.1867409200500257,-1.879555755222219,0.375583731781002,0.2549232242479048,0.0038784744667097,0.0226944257426837,DS,0.0588661713099494,ww_only,0.4043552834503747,0.3204988842327132,0.3204988842327132,-0.2052228100209025,-0.1389025556507644,0.406,stable,unchanged,equal,0.06632025437013811
chr2,134943378,Zm00001eb091250,692,9,8,3.1388414315515765,0.0668384630426481,3.8889122995896312,3.1388414315515765,0.4210170509649701,8.227067050596462e-05,1.4732952498272757e-06,WW,0.018794646214001,692,6,8,2.093574990743181,0.4672102679204353,1.4142162063611667,2.339230188798583,0.7451507618914788,0.0293040293040293,0.0417972078009421,DS,0.1597519335806896,ww_only,-1.7843602475307598,-2.4746960932284647,2.4746960932284647,-1.0452664408083954,0.40037180487778723,-1.768,down,shifted,NAM_up_or_B73_down,1.4456382456861827
chr2,137218069,Zm00001eb091420,20,4,15,0.3012609380498136,-0.3809136460553949,1.571750406634947,0.3537457178505849,0.4257561149232184,0.0036119711042311,0.0111383919164746,WW,0.049707483964354,20,4,15,-0.0136669402267484,-0.590283940519605,1.7735022257991602,0.109770616761673,0.590283940519605,0.001031991744066,0.0001669689057089,DS,0.034141726866185,constitutive,1.192809003977429,0.20175181916421314,0.20175181916421314,-0.314927878276562,-0.20937029446421007,1.206,up,shifted,NAM_up_or_B73_down,0.10555758381235192
chr2,149291040,Zm00001eb092900,58,11,5,-0.6649680262747645,-0.0084602461612925,-3.688189691282312,0.6649680262747645,0.1088585820118483,0.0004578754578754,4.480497813098857e-06,WW,0.0217474528638424,58,11,5,-0.950498478626968,-0.486207421798138,-1.6751869927878549,0.950498478626968,0.486207421798138,0.0132783882783882,0.0084001016133629,DS,0.1059288918331471,ww_only,0.2824527490872537,2.013002698494457,2.013002698494457,-0.28553045235220353,-0.4777471756368455,0.287,stable,unchanged,equal,0.19221672328464195
chr2,150353833,Zm00001eb093120,91,6,6,-0.5580671575046655,0.2235173628118222,-4.1132980413535964,0.5580671575046655,0.2781335357902594,0.0021645021645021,5.9784464665745154e-05,WW,0.038891268213993,91,6,6,-0.5529796298927977,0.0194282705071499,-2.5691046092483605,0.5529796298927977,0.222322314071493,0.0043290043290043,0.0025126228103109,DS,0.0609991790252242,ww_only,0.2842292341223615,1.544193432105236,1.544193432105236,0.005087527611867815,-0.2040890923046723,0.286,stable,unchanged,equal,0.2091766199165401
chr2,157709917,Zm00001eb094240,25,4,15,-1.1386883118861375,-0.4518341402033231,-2.766908908524474,1.1386883118861375,0.4806519309852918,0.000515995872033,4.272532884694121e-06,WW,0.0222282178940474,25,4,15,-1.246263317442824,-0.5233584112561641,-2.0949014168803695,1.246263317442824,0.5606349555206609,0.000515995872033,0.0015727949550775,DS,0.0258598228243877,constitutive,0.700473389858595,0.6720074916441043,0.6720074916441043,-0.10757500555668642,-0.07152427105284104,0.716,stable,unchanged,equal,0.03605073450384538
chr2,159164367,Zm00001eb094480,1848,6,11,-0.2476464229397769,0.2644564579337188,-2.6412126432812304,0.2867748659437856,0.2644564579337188,0.0006464124111182,0.0029621847753568,WW,0.0232820792261351,1848,6,11,0.0447099193162338,0.0121844512382952,0.159123785333712,0.1737218412976549,0.1479468099697911,0.732546864899806,0.7721680780790826,DS,0.9012572292179348,ww_only,-0.6501081830388998,2.8003364286149424,2.8003364286149424,0.2923563422560107,-0.2522720066954236,-0.651,stable,unchanged,equal,0.5446283489514343
chr2,159636350,Zm00001eb094520,725,12,6,-0.4555451223153612,0.0597844447720845,-1.805235910614018,0.4555451223153612,0.1393809897067074,0.000215470803706,0.0006446586426044,WW,0.0201065862242332,725,12,6,-0.3017924923540412,-0.1650288869529227,-0.557070053188651,0.3092326542678916,0.197067260668163,0.6164619694031459,0.2100251204487143,DS,0.8309923764650795,ww_only,0.7250805965504017,1.248165857425367,1.248165857425367,0.15375262996132,-0.2248133317250072,0.731,stable,unchanged,equal,0.37856596168632717
chr2,160906572,Zm00001eb094610,694,7,9,1.7946140380906714,0.4548039795310222,1.919062677251252,1.7946140380906714,0.4821936772771901,0.0006993006993006,0.0099495905030401,WW,0.0239836227631297,694,7,9,1.633527638281292,0.4289866771182253,1.8405430691314504,1.633527638281292,0.4884453580769605,0.0078671328671328,0.0097694889223579,DS,0.0804245456332931,ww_only,-1.828398458463632,-0.07851960811980163,0.07851960811980163,-0.16108639980937944,-0.025817302412796894,-1.823,down,unchanged,equal,0.13526909739658255
chr2,165512139,Zm00001eb095350,216,6,13,0.3436790131233968,0.0259162683787559,1.810984873515948,0.3436790131233968,0.1539382215294931,0.0022114108801415,0.0001571160539557,WW,0.038891268213993,216,6,13,0.3840408923988106,-0.2906199938448823,2.558750821068959,0.3840408923988106,0.3115251366266935,0.0001474273920094,4.1531747060923186e-05,DS,0.0232874033860875,constitutive,-0.7227955097365524,0.747765947553011,0.747765947553011,0.04036187927541379,-0.3165362622236382,-0.723,stable,unchanged,equal,0.35689814149905197
chr2,179202379,Zm00001eb097990,1,11,5,-0.0124499926901464,-0.8323718268825211,3.4235348608064067,0.1716389918886424,0.8323718268825211,0.0004578754578754,0.0001502120748331,WW,0.0217474528638424,1,11,5,-0.0432282098701554,-0.5743234708580077,2.0618289416481863,0.2297280346945801,0.5743234708580077,0.0032051282051282,0.0014639560483859,DS,0.0530017537791209,ww_only,0.2971050819234863,-1.3617059191582204,1.3617059191582204,-0.030778217180009004,0.25804835602451337,0.3,stable,unchanged,equal,0.2888265732045224
chr2,184394540,Zm00001eb099240,20,11,8,-0.0155026782217451,0.5020953128686156,-2.358930094955035,0.176511738090152,0.5020953128686156,0.0001852292873964,0.0001762466078538,WW,0.0191909058589627,20,11,8,0.1306405818653593,0.4559160709775466,-1.4898589925558083,0.1543760750654535,0.4559160709775466,0.0120663650075414,0.0153160634679074,DS,0.1000074090538638,ww_only,0.197860640570653,0.8690711023992266,0.8690711023992266,0.14614326008710438,-0.046179241891069034,0.198,stable,unchanged,equal,0.1923225019781734
chr2,187908036,Zm00001eb099850,287,7,12,0.419699023747373,0.1402416309694281,1.5607051819432776,0.419699023747373,0.2053387471806646,0.0017861395570373,0.0009935678157545,WW,0.0366314323923278,287,7,12,0.2807469593869855,0.1621128358476974,0.5086887238147402,0.2807469593869855,0.238236710898366,0.2268397237437485,0.2508445992215553,DS,0.4965215012583433,ww_only,-0.361598584710788,-1.0520164581285374,1.0520164581285374,-0.13895206436038748,0.021871204878269296,-0.362,stable,unchanged,equal,0.16082326923865678
chr2,188343833,Zm00001eb099930,832,7,9,-1.7645486494731066,-0.9199206848846948,-2.0438975612233015,1.7645486494731066,0.9240536929255588,0.002097902097902,0.0008020357852414,WW,0.0386276706718695,832,7,9,-0.754190044051513,-0.6390006445604287,-0.284157508722231,0.754190044051513,0.6576396239837395,0.6064685314685315,0.5560908929413346,DS,0.823105445890256,ww_only,-0.5232261244213927,1.7597400525010705,1.7597400525010705,1.0103586054215936,0.2809200403242661,-0.524,stable,shifted,B73_up_or_NAM_down,0.7294385650973275
chr2,189051241,Zm00001eb100140,149,13,6,-0.9286754353917396,-0.5581169444911969,-1.993722553320605,0.9286754353917396,0.5581169444911969,0.0014005602240896,0.0048164749043218,WW,0.0317884247910287,149,13,6,-0.9191631948058312,-0.5295459936046546,-1.2768250546316249,0.9191631948058312,0.5295459936046546,0.0715022851245761,0.0366953837535766,DS,0.2608950742327074,ww_only,-1.447040064183839,0.7168974986889802,0.7168974986889802,0.009512240585908383,0.028570950886542268,-1.447,down,unchanged,equal,0.019058710300633885
chr2,195309375,Zm00001eb101980,6,8,8,0.3467619112011985,-0.5718439767531187,2.0262047885175587,0.3664472132089481,0.5799830411830982,0.0006216006216006,0.0018108914469629,WW,0.0232820792261351,6,8,8,0.1782656360546234,-0.1796792963171996,1.3341654862303354,0.2411409822895611,0.2291401108334733,0.0147630147630147,0.0193767101996963,DS,0.1115323730995372,ww_only,2.11621708538698,-0.6920393022872233,0.6920393022872233,-0.1684962751465751,0.3921646804359191,2.131,up,unchanged,equal,0.5606609555824942
chr2,197316674,Zm00001eb102250,347,9,9,0.3392106366171863,-0.3320826021923808,2.378549479752704,0.4294939476003593,0.3406260835632534,0.0019976900972723,0.0001298229752977,WW,0.0381789212106284,347,9,9,0.249859873204166,-0.1846563318456066,1.7725979327852464,0.3809744795258197,0.1846563318456066,0.0061933181740442,0.0037573164384628,DS,0.0705818003535793,ww_only,0.5441002669112827,-0.6059515469674575,0.6059515469674575,-0.08935076341302031,0.1474262703467742,0.547,stable,unchanged,equal,0.2367770337597945
chr2,199471918,Zm00001eb102760,88,15,4,-0.1582104494923389,-0.1472587690678321,-0.0518951723927808,0.2097470774572084,0.2881925281639753,0.5964912280701754,0.947714635584148,WW,0.8120532813515269,88,15,4,-0.0125572191226955,-0.1088547960305559,0.6062908814266309,0.1302981714688609,0.1401821235038158,0.3570691434468524,0.2290630758261224,DS,0.6352323123950814,non_functional,0.5131656662098409,0.6581860538194118,0.6581860538194118,0.1456532303696434,0.03840397303727622,0.515,stable,unchanged,equal,0.10724925733236718
chr2,199471918,Zm00001eb102770,515,15,3,-0.1148030586159032,0.7302053201576105,-3.7244442099113337,0.1871043185896646,0.7302053201576105,0.0024509803921568,0.0392234207738874,WW,0.0413684239925549,515,15,3,0.5124481080006441,1.165387671909086,-2.1561384429278223,0.531797002381952,1.165387671909086,0.0024509803921568,0.0069963750333539,DS,0.0485165320116776,constitutive,-0.0926718545876648,1.5683057669835114,1.5683057669835114,0.6272511666165473,0.43518235175147557,-0.093,stable,shifted,B73_up_or_NAM_down,0.19206881486507177
chr2,201176114,Zm00001eb103260,2,8,7,-0.3048420435634699,0.4312166146954022,-2.3211948551228647,0.3266702721553767,0.4312166146954022,0.0006216006216006,0.0009507194389572,WW,0.0232820792261351,2,8,7,-0.2814359817077606,0.4267565097283421,-3.4151772005208563,0.2814359817077606,0.4267565097283421,0.0003108003108003,1.8425736914714983e-05,DS,0.0232880998005553,constitutive,-0.0352994736511828,-1.0939823453979916,1.0939823453979916,0.023406061855709315,-0.004460104967060063,-0.035,stable,unchanged,equal,0.027866166822769378
chr2,203976292,Zm00001eb104260,485,7,10,-0.6066655341132027,0.3049211626518778,-3.241963638025311,0.6066655341132027,0.3239257387509895,0.0001028383381324,7.66031710448303e-06,WW,0.018794646214001,485,7,8,-0.4262358935908565,0.4800576694382684,-2.17666011870776,0.6367974919240583,0.5110358203596375,0.0205128205128205,0.0035109323282726,DS,0.1295571095571095,ww_only,-1.359573248316121,1.0653035193175509,1.0653035193175509,0.18042964052234617,0.1751365067863906,-1.356,down,unchanged,equal,0.00529313373595558
chr2,204129280,Zm00001eb104300,1579,9,7,-0.894892791204717,1.0670579244564686,-2.1994068239356923,0.9293042258167348,1.220674149011554,0.002097902097902,0.0011684346776953,WW,0.0386276706718695,1579,9,6,-0.8950056687588656,0.3853397548742494,-0.9816204819104982,1.0345681626728749,1.2128040105677855,0.0495504495504495,0.1178273938147507,DS,0.209709020076913,ww_only,-0.9187739500182852,1.2177863420251942,1.2177863420251942,-0.00011287755414857159,-0.6817181695822192,-0.918,stable,unchanged,equal,0.6816052920280706
chr2,205427329,Zm00001eb104810,949,11,8,0.6292585799309154,-0.0762880044268909,3.3251681702570246,0.6292585799309154,0.1938481467383982,2.6461326770924297e-05,4.967522207387792e-06,WW,0.018794646214001,949,11,8,0.6169894710418512,-0.1123382238259083,3.429689183571632,0.6169894710418512,0.1979208380684011,5.292265354184859e-05,2.009201816189813e-06,DS,0.0210852438700539,constitutive,0.3541277683017053,0.10452101331460728,0.10452101331460728,-0.012269108889064184,-0.0360502193990174,0.356,stable,unchanged,equal,0.023781110509953213
chr2,208547792,Zm00001eb105590,1227,11,5,-2.6235444011001863,-0.4374338441089742,-3.1155629012336563,2.6235444011001863,0.6871440140073671,0.0004578754578754,0.0010082661805873,WW,0.0217474528638424,1227,11,5,-4.079307387594445,-0.6153910412837951,-2.7575073660746,4.079307387594445,1.1160360653843715,0.0009157509157509,0.0029565747345693,DS,0.0325284364758048,constitutive,-2.176763112341031,0.3580555351590564,0.3580555351590564,-1.4557629864942583,-0.1779571971748209,-2.068,down,shifted,NAM_up_or_B73_down,1.2778057893194374
chr2,208963532,Zm00001eb105750,23,3,16,1.071775062780637,0.0505502062007588,3.982218478888756,1.071775062780637,0.2202008712364406,0.002063983488132,0.0017045674014941,WW,0.0381789212106284,23,3,16,0.6886734307676498,0.1082349515029836,2.9449747170271903,0.6886734307676498,0.1841852371307711,0.002063983488132,3.1071888155450933e-08,DS,0.0447904326733231,constitutive,0.5018775043703152,-1.0372437618615655,1.0372437618615655,-0.3831016320129873,0.057684745302224796,0.505,stable,shifted,NAM_up_or_B73_down,0.4407863773152121
chr2,210156220,Zm00001eb106100,138,7,12,1.0447654476448305,0.2501258163765273,1.58807652347413,1.0447654476448305,0.258067396000879,0.0017861395570373,0.0010293659004011,WW,0.0366314323923278,138,7,12,0.9422447178482194,0.225683489548365,1.7944532943228169,0.9422447178482194,0.2538136638407177,0.0017861395570373,0.000410510922242,DS,0.0431550926149594,constitutive,-0.2579991285775183,0.20637677084868677,0.20637677084868677,-0.10252072979661109,-0.024442326828162303,-0.259,stable,unchanged,equal,0.07807840296844878
chr2,210259382,Zm00001eb106160,233,5,13,0.623792410059069,0.2382523776719643,1.6797648972411787,0.623792410059069,0.2803142022794737,0.0028011204481792,0.0023945112370123,WW,0.0445594307731047,233,5,13,-0.1357543877084203,0.7605883717514215,-1.158616146578794,0.4633814207298574,0.8063548405523261,0.0193744164332399,0.0260369593872669,DS,0.1275706940874036,ww_only,-2.441587990374063,-2.8383810438199726,2.8383810438199726,-0.7595467977674893,0.5223359940794572,-2.44,down,shifted,NAM_up_or_B73_down,1.2818827918469466
chr2,210450109,Zm00001eb106240,1648,3,15,-0.2966537707390952,-0.0420000763711742,-0.7744791492284704,0.2966537707390952,0.2195077607183751,0.0024509803921568,0.0141885416709986,WW,0.0413684239925549,1648,3,15,-0.2325770229568494,-0.1271299887676755,-0.2360590758181516,0.2325770229568494,0.2828277555535227,0.3014705882352941,0.4783799488062492,DS,0.5735646495019733,ww_only,-1.1030826227068082,0.5384200734103188,0.5384200734103188,0.06407674778224581,-0.0851299123965013,-1.103,down,unchanged,equal,0.14920666017874712
chr2,210507799,Zm00001eb106250,46,15,4,2.0700934465711174,0.2627003894927645,1.8418632697213757,2.0700934465711174,0.279481104397928,0.0036119711042311,1.3668455694256662e-05,WW,0.049707483964354,46,15,4,0.4860508914518165,0.1338341299114366,0.4295474966361001,0.7704986174989995,0.1710732378910748,0.6646026831785345,0.1779122759985282,DS,0.8595471431693255,ww_only,-2.3064667047937393,-1.4123157730852756,1.4123157730852756,-1.584042555119301,-0.12886625958132789,-2.295,down,shifted,NAM_up_or_B73_down,1.455176295537973
chr2,213303119,Zm00001eb107400,0,8,7,0.5045147247045765,-0.3234512530090753,1.7140195289058962,0.5512973289527651,0.3234512530090753,0.0021756021756021,0.0062130496852057,WW,0.038891268213993,0,8,7,0.4230795472070859,-0.1135872839610695,1.072059273359824,0.487568127136559,0.2289371193364701,0.0139860139860139,0.0547935886304237,DS,0.1083160536942049,ww_only,-0.4456324919595713,-0.6419602555460722,0.6419602555460722,-0.08143517749749057,0.2098639690480058,-0.446,stable,unchanged,equal,0.2912991465454964
chr2,216082865,Zm00001eb108390,1955,5,11,1.2814724504761488,0.2238649975885312,3.0277560985074548,1.2814724504761488,0.3293123860629804,0.0004578754578754,2.434200309820544e-06,WW,0.0217474528638424,1955,5,11,1.2909002515920838,0.1802540282127644,3.824367546757345,1.2909002515920838,0.2843205546676557,0.0004578754578754,1.65500358272783e-07,DS,0.0258261774655217,constitutive,0.04314554056911,0.79661144824989,0.79661144824989,0.009427801115934997,-0.043610969375766806,0.044,stable,unchanged,equal,0.0530387704917018
chr2,218577186,Zm00001eb109520,159,9,10,0.8048975221412488,-0.086937675823412,3.062424874005626,0.8048975221412488,0.2607157681994453,0.0002797002701866,3.63569403709523e-06,WW,0.0204994931767883,159,9,10,0.2138279512994844,-0.2567797286890794,1.2364353110409907,0.3622117821723461,0.3986398776023978,0.019964453305216,0.0148334651711818,DS,0.1283424697130281,ww_only,-0.7975913099663418,-1.8259895629646354,1.8259895629646354,-0.5910695708417644,-0.1698420528656674,-0.798,stable,shifted,NAM_up_or_B73_down,0.421227517976097
chr2,219207006,Zm00001eb109710,87,5,11,-0.7841320260304364,-0.0718939868934588,-2.382996071675344,0.7841320260304364,0.2374652780468594,0.0032051282051282,0.0004479929977829,WW,0.0465768485390578,87,5,11,-1.0753071343390397,-0.231082257707922,-2.0275067027342653,1.0753071343390397,0.3983936076252187,0.0032051282051282,0.0001505028674137,DS,0.0530017537791209,ww_only,-0.0976799804012351,0.35548936894107896,0.35548936894107896,-0.29117510830860327,-0.1591882708144632,-0.098,stable,unchanged,equal,0.13198683749414006
chr2,219308618,Zm00001eb109770,39,5,11,-1.041676183217025,-0.2389215740180998,-4.726633494280649,1.041676183217025,0.2610317871656462,0.0004578754578754,1.7601624991815837e-07,WW,0.0217474528638424,39,5,11,-0.8806375944064243,-0.2930147272377403,-3.4815221005725983,0.8806375944064243,0.308462642784624,0.0004578754578754,2.7413771034956856e-05,DS,0.0258261774655217,constitutive,0.5728269793276395,1.2451113937080507,1.2451113937080507,0.16103858881060062,-0.054093153219640505,0.578,stable,unchanged,equal,0.21513174203024113
chr2,219948998,Zm00001eb110020,852,11,7,-2.2077179526880055,-0.9004922037892181,-2.19515546664191,2.2077179526880055,0.9004922037892181,0.0011940673705379,0.0002328948232248,WW,0.0301297495867631,852,11,7,-3.578633956366722,-1.2702462799639525,-3.786514613690799,3.578633956366722,1.2702462799639525,6.284565108094519e-05,1.147561710401394e-05,DS,0.0210852438700539,constitutive,-0.7321106670631589,-1.5913591470488888,1.5913591470488888,-1.3709160036787167,-0.3697540761747343,-0.735,stable,shifted,NAM_up_or_B73_down,1.0011619275039823
chr2,221893832,Zm00001eb110760,435,4,15,-0.6649929956744381,0.8526739515008199,-1.9481261948587951,0.6649929956744381,0.8526739515008199,0.000515995872033,1.863248322105116e-05,WW,0.0222282178940474,435,4,15,-0.8345823589725208,-0.3308639794329694,-0.6967455436322766,0.8345823589725208,0.5819473273830377,0.262125902992776,0.239626894974888,DS,0.531843186481084,ww_only,1.2962908957154955,1.2513806512265186,1.2513806512265186,-0.1695893632980826,-1.1835379309337895,1.331,up,unchanged,equal,1.013948567635707
chr2,227252089,Zm00001eb112590,1500,10,8,-1.0917462198025096,0.1171497415246123,-0.9119035193679208,1.6507323541327756,0.244753204440515,0.0144972313262265,0.0583396045727251,WW,0.103313466389425,1500,10,8,-0.641315795054322,0.0484271556094067,-0.4639075687722637,1.7256599711438487,0.2913786434783847,0.1728141139905845,0.301050509912052,DS,0.4263913436470102,non_functional,0.9847339081572258,0.4479959505956571,0.4479959505956571,0.4504304247481876,-0.06872258591520561,1.029,up,shifted,B73_up_or_NAM_down,0.5191530106633933
chr2,229264642,Zm00001eb113090,10,3,16,1.6370036413653326,1.004317759535748,3.225027859934023,1.6370036413653326,1.004317759535748,0.002063983488132,0.0072080210189454,WW,0.0381789212106284,10,3,16,1.1643547683426736,1.1166290933178886,0.190886436487668,1.1643547683426736,1.1166290933178886,0.4871001031991744,0.9043834693256824,DS,0.7390824182759056,ww_only,-0.8581221371375811,-3.034141423446355,3.034141423446355,-0.472648873022659,0.11231133378214064,-0.858,stable,shifted,NAM_up_or_B73_down,0.5849602068047997
chr2,231733039,Zm00001eb113950,43,3,13,0.6650942870417206,-0.1824396272409234,2.420670861030814,0.6650942870417206,0.278333703379798,0.0035714285714285,0.0198713655015434,WW,0.0495588381084564,43,3,13,0.6771014841791247,0.1553565235935739,1.6692758578339155,0.6771014841791247,0.2735969261358005,0.0392857142857142,0.0835732095647089,DS,0.1833605018770993,ww_only,0.6983257978238029,-0.7513950031968986,0.7513950031968986,0.012007197137404169,0.3377961508344973,0.714,stable,unchanged,equal,0.32578895369709315
chr2,231974874,Zm00001eb114030,180,4,14,1.5260137895287598,0.2712997075741133,2.918421726796057,1.5260137895287598,0.4274278906880055,0.0006535947712418,0.0009959411580154,WW,0.0232820792261351,180,4,14,2.382277398814574,0.3765698224452976,4.010166963424732,2.382277398814574,0.3933692840631317,0.0006535947712418,0.0252921487078605,DS,0.0273519583864411,constitutive,-1.2658287921302802,1.0917452366286748,1.0917452366286748,0.8562636092858142,0.10527011487118426,-1.263,down,shifted,B73_up_or_NAM_down,0.7509934944146299
chr2,240761302,Zm00001eb117470,40,7,12,1.0992434867993783,-0.4019237084242213,1.9377274492817855,1.1850449962815404,0.6459151940018181,0.0017861395570373,0.0022258997402263,WW,0.0366314323923278,40,7,12,1.0471720302540457,-0.1540690422117939,1.5252684564842272,1.0471720302540457,0.7935012161535132,0.009764229578471,0.0015406847023778,DS,0.0884975479268836,ww_only,1.5530835276882335,-0.4124589927975584,0.4124589927975584,-0.05207145654533263,0.2478546662124274,1.677,up,unchanged,equal,0.29992612275776004
chr2,241868493,Zm00001eb117970,104,5,12,-0.8587708623102029,0.2511403660530067,-2.2732107640799013,0.8587708623102029,0.3859541652563167,0.0006464124111182,0.0057705112133589,WW,0.0232820792261351,104,5,12,-0.8555573098425409,0.1699223391080261,-1.7663936994987428,0.8555573098425409,0.503854992049062,0.0061409179056237,0.0016389203827349,DS,0.0705818003535793,ww_only,-0.2819262018846298,0.5068170645811585,0.5068170645811585,0.003213552467662084,-0.08121802694498062,-0.282,stable,unchanged,equal,0.0844315794126427
chr3,1394090,Zm00001eb118790,24,6,7,0.3452638236937886,-0.3133710882991295,2.2558916658189645,0.3710323990829383,0.3133710882991295,0.0023310023310023,0.00535703568126,WW,0.0405310631397587,24,6,7,0.1134122580961857,0.0365754121767699,0.2781586475711056,0.3367404301186218,0.1326839391982028,0.5337995337995338,0.6484521866873846,DS,0.7705983749659303,ww_only,0.5086459169595532,-1.977733018247859,1.977733018247859,-0.2318515655976029,0.3499465004758994,0.529,stable,unchanged,equal,0.5817980660735023
chr3,2105164,Zm00001eb119270,88,4,13,0.3636402522659625,1.0208774186875191,-2.1349309794377223,0.3636402522659625,1.0208774186875191,0.0016806722689075,0.0001507158570804,WW,0.0349342231695172,88,4,13,0.0492834085906549,0.4726001352581251,-1.0910587331565362,0.1229941850049247,0.4956428772253572,0.0789915966386554,0.0075663033568619,DS,0.2758844475074661,ww_only,0.6017894504723469,1.043872246281186,1.043872246281186,-0.31435684367530764,-0.5482772834293941,0.604,stable,shifted,NAM_up_or_B73_down,0.23392043975408644
chr3,4403930,Zm00001eb120360,7,9,5,1.670048317518996,-0.349563123326883,4.025381601216374,1.670048317518996,0.349563123326883,0.0009990009990009,1.741819776644622e-06,WW,0.0289507593855419,7,9,5,1.1708209005096135,-0.111316218815934,1.9629391826581088,1.1908648580588532,0.3198847859845753,0.0069930069930069,0.0019319603706382,DS,0.0752324190156283,ww_only,-0.0734214288290856,-2.0624424185582653,2.0624424185582653,-0.49922741700938245,0.238246904510949,-0.077,stable,shifted,NAM_up_or_B73_down,0.7374743215203314
chr3,5797323,Zm00001eb121000,1384,12,7,0.9924330470376128,0.1435891890354705,1.5720157630927891,0.9924330470376128,0.2714150108028052,0.0017861395570373,0.0024070234674794,WW,0.0366314323923278,1384,12,7,1.0186652706761423,0.0099140706744137,1.8298514975432707,1.023519223171405,0.2977740554166077,0.0017861395570373,0.0004648217367395,DS,0.0431550926149594,constitutive,-0.4297950935175527,0.2578357344504816,0.2578357344504816,0.026232223638529506,-0.1336751183610568,-0.431,stable,unchanged,equal,0.1599073419995863
chr3,8139290,Zm00001eb121590,75,9,10,-0.2585269515697935,0.121673496385579,-1.745070885012593,0.2636899172424451,0.1818945268314937,0.002880484669027,0.0013236285116183,WW,0.0446897908099409,75,9,10,-0.1503090437889649,0.2107723058426509,-1.2171397549894674,0.2411122024871607,0.2594705563605805,0.0454552948490584,0.0177047060614182,DS,0.2006832435257058,ww_only,0.4143054605517093,0.5279311300231257,0.5279311300231257,0.1082179077808286,0.08909880945707188,0.415,stable,unchanged,equal,0.019119098323756717
chr3,8816775,Zm00001eb121890,7,5,13,-1.6128451122589582,0.6734982714037401,-1.4697511615739025,1.6128451122589582,1.483060919868947,0.0067693744164332,0.0006044538912208,WW,0.068571636692502,7,5,13,-1.1648453659283309,0.6940334289756814,-2.450904024243146,1.1648453659283309,0.9421556553575898,0.0002334267040149,1.815928459297348e-05,DS,0.0232880998005553,ds_only,1.530946994544839,-0.9811528626692436,0.9811528626692436,0.44799974633062734,0.020535157571941354,1.698,up,shifted,B73_up_or_NAM_down,0.427464588758686
chr3,8920662,Zm00001eb122000,1739,4,15,0.2769861876880035,-0.3340171343316455,2.491339568755661,0.36189180204657,0.3390962238212554,0.0036119711042311,0.0378087602259178,WW,0.049707483964354,1739,4,15,0.0340360752640018,-0.3252262720384284,0.8963752165653354,0.2973563469234857,0.3621416290776334,0.152218782249742,0.201480210592595,DS,0.395835304933281,ww_only,0.4397358050360648,-1.5949643521903258,1.5949643521903258,-0.2429501124240017,0.008790862293217072,0.444,stable,unchanged,equal,0.2517409747172188
chr3,9277928,Zm00001eb122170,127,4,14,-1.0000646815832477,0.1580226389530706,-1.640044094797855,1.0000646815832477,0.548013583677655,0.0013071895424836,0.0002956680903617,WW,0.0306430974109065,127,4,14,-0.8715633402588968,0.1767556348675361,-1.296837421843662,0.8715633402588968,0.4460991830096229,0.0013071895424836,0.0014336950486955,DS,0.0365929863894585,constitutive,1.50435038672992,0.34320667295419294,0.34320667295419294,0.12850134132435087,0.018732995914465506,1.601,up,unchanged,equal,0.10976834540988537
chr3,9385012,Zm00001eb122200,168,8,10,0.1437500747954957,-0.1875172452633711,1.8609562997607636,0.1582871295772842,0.2135204521903827,0.0030622971799442,0.0010185621735115,WW,0.0456629624566229,168,8,10,0.5098418153066142,0.0396274668366367,1.713814846663438,0.5098418153066142,0.2470566838114892,0.0043877690936514,0.0017786231019855,DS,0.0609991790252242,ww_only,-0.7258430641345595,-0.14714145309732563,0.14714145309732563,0.3660917405111185,0.2271447121000078,-0.726,stable,shifted,B73_up_or_NAM_down,0.13894702841111067
chr3,10164283,Zm00001eb122460,1,8,10,1.274173993933754,0.0103026616939637,1.6006016395674467,1.274173993933754,0.5595589856508528,0.0020567667626491,0.0028039671836813,WW,0.0381789212106284,1,8,10,1.50666722702185,0.2243370836061769,2.811983193810728,1.50666722702185,0.4234577548098601,4.570592805886923e-05,4.031704887341483e-05,DS,0.0210852438700539,constitutive,0.4471994177493833,1.2113815542432813,1.2113815542432813,0.232493233088096,0.2140344219122132,0.45,stable,unchanged,equal,0.0184588111758828
chr3,12504511,Zm00001eb122970,93,5,10,-1.1620986604202337,0.1638882280283926,-2.7635798522814516,1.1620986604202337,0.4429546760528876,0.0013320013320013,7.159693984362115e-05,WW,0.0307915591152585,93,5,10,-0.6600010049598608,0.1766075578014797,-2.560120664498911,0.6600010049598608,0.3182467421129814,0.0026640026640026,0.0003840018465357,DS,0.0497124994820847,constitutive,0.9834791693424048,0.20345918778254068,0.20345918778254068,0.5020976554603729,0.012719329773087096,1.016,up,shifted,B73_up_or_NAM_down,0.4893783256872858
chr3,13885162,Zm00001eb123370,64,5,10,-0.354133963251747,0.4671970652298807,-0.603909474106995,1.905792205301993,0.4814840928384704,0.0752580752580752,0.4898227609656005,WW,0.2623054386532434,64,4,10,-0.9186551528210988,0.6323946984918984,-2.028699486558186,0.9186551528210988,0.7986033519240342,0.0039960039960039,0.0019536636247386,DS,0.0601073185937256,non_functional,0.424827121319879,-1.4247900124511912,1.4247900124511912,-0.5645211895693518,0.16519763326201775,0.432,stable,shifted,NAM_up_or_B73_down,0.7297188228313696
chr3,16582531,Zm00001eb124070,7,5,10,-0.3348444395478269,0.3115038453836962,-3.4163740141898544,0.3348444395478269,0.3115038453836962,0.0006660006660006,0.0008251872970699,WW,0.0232820792261351,7,5,10,-0.1528451348633445,0.2069387366197206,-1.856010080319085,0.1999995950326379,0.2078094445938977,0.0079920079920079,0.0113337076456977,DS,0.0804245456332931,ww_only,0.3181624257004582,1.5603639338707693,1.5603639338707693,0.1819993046844824,-0.1045651087639756,0.319,stable,unchanged,equal,0.28656441344845796
chr3,19793856,Zm00001eb124780,412,4,9,-1.854834779137344,-0.1981758936592733,-6.636631645529725,1.854834779137344,0.2552613520996029,0.0027972027972027,9.444425196795406e-05,WW,0.0445594307731047,412,5,9,-0.2388120862075471,-0.1665255540629924,-0.043173856338646,2.159459507210931,0.3457245771130799,0.0829170829170829,0.9573601340094764,DS,0.2828153589242299,ww_only,-0.2972839677867042,6.5934577891910795,6.5934577891910795,1.616022692929797,0.031650339596280885,-0.3,stable,shifted,B73_up_or_NAM_down,1.5843723533335161
chr3,23440020,Zm00001eb125470,1267,9,6,2.7470618540715317,0.6748643267296685,2.357400717287556,2.7470618540715317,1.178116378906996,0.0003996003996003,0.0135169554761352,WW,0.0214693928698582,1267,9,8,0.3356279861873903,0.8441508859814522,-0.9745551804946228,0.3759400437914519,0.8570334611414727,0.0927190456602221,0.0674240746759278,DS,0.3057725621185605,ww_only,0.4913169902163866,-3.331955897782179,3.331955897782179,-2.411433867884141,0.1692865592517837,0.496,stable,shifted,NAM_up_or_B73_down,2.5807204271359248
chr3,24544548,Zm00001eb125670,2,5,8,-0.3563779325892622,0.0211603085315926,-2.1648407552934197,0.3563779325892622,0.1442033393935434,0.0015540015540015,0.0015977979250581,WW,0.0332696092867399,2,5,8,-0.3751429337330078,-0.0412653766067994,-1.4100797560685516,0.3751429337330078,0.2438254296250876,0.0108780108780108,0.0141701456146094,DS,0.0950159992437818,ww_only,0.4913353745345956,0.7547609992248681,0.7547609992248681,-0.018765001143745574,-0.062425685138392,0.494,stable,unchanged,equal,0.043660683994646426
chr3,28739489,Zm00001eb126330,306,5,13,2.2174033113260343,0.3172317704821786,2.383659044984505,2.2174033113260343,0.4376163180515207,0.0016339869281045,0.0306759588511037,WW,0.0343566799309979,306,5,13,1.5399023087011416,0.0133403950418083,1.307772627453771,1.9750906774683383,0.3825870366819437,0.1433239962651727,0.1899024539269757,DS,0.3842024298134453,ww_only,-0.9629683463942272,-1.075886417530734,1.075886417530734,-0.6775010026248927,-0.3038913754403703,-0.964,stable,shifted,NAM_up_or_B73_down,0.37360962718452234
chr3,30093262,Zm00001eb126650,151,6,6,-0.6395098282940243,0.2211579209270718,-2.6248526361820534,0.6395098282940243,0.2580014811966877,0.0021645021645021,0.003232862914299,WW,0.038891268213993,151,6,6,-0.1632108094075358,0.2476479669555327,-2.2183075766824407,0.1870984704334991,0.2668480558298422,0.0151515151515151,0.0032540102689747,DS,0.1131280613659468,ww_only,0.1510126013729821,0.4065450594996127,0.4065450594996127,0.47629901888648846,0.026490046028460917,0.151,stable,shifted,B73_up_or_NAM_down,0.44980897285802757
chr3,37290665,Zm00001eb127860,595,10,9,0.6161951272169514,-0.3394325968236902,1.6424842912910085,0.6822493610037463,0.3407917886760309,0.0016693366427425,0.0026820039931251,WW,0.0349342231695172,595,10,9,1.0515404758478388,-0.2494492433324189,1.857832939888025,1.0515404758478388,0.2897449352879715,0.0002797002701866,0.0012876415006516,DS,0.0232880998005553,constitutive,0.3088502336588307,0.2153486485970164,0.2153486485970164,0.4353453486308875,0.08998335349127129,0.309,stable,shifted,B73_up_or_NAM_down,0.3453619951396162
chr3,48267116,Zm00001eb129370,349,4,13,-1.6343859985658966,-0.4176231011717032,-1.8402625903238456,1.6343859985658966,0.6762479333174538,0.0008403361344537,5.7608949200058446e-05,WW,0.0263789032096355,349,4,13,-1.0837641910772515,-0.1245394830980914,-1.0823291257160723,1.0837641910772515,0.6098586806335619,0.0008403361344537,0.0044979806406036,DS,0.0311047270827892,constitutive,0.7536834979515238,0.7579334646077733,0.7579334646077733,0.5506218074886451,0.29308361807361183,0.784,stable,shifted,B73_up_or_NAM_down,0.25753818941503326
chr3,49482162,Zm00001eb129580,98,7,10,-2.563850957739487,-0.3298027147581497,-3.6309879415702446,2.563850957739487,0.4812514560599804,0.0001028383381324,2.934329493465988e-05,WW,0.018794646214001,98,7,10,-2.0339485070936036,-0.0199741396912576,-3.205963985446534,2.0339485070936036,0.378685071333327,0.0001028383381324,4.6572056510585654e-05,DS,0.0218131868131868,constitutive,1.1039880689231534,0.4250239561237108,0.4250239561237108,0.5299024506458831,0.3098285750668921,1.192,up,shifted,B73_up_or_NAM_down,0.22007387557899105
chr3,68382243,Zm00001eb131690,122,5,11,0.9088488011488998,0.0929200159272113,2.4659248005958148,0.9088488011488998,0.182796934635684,0.0032051282051282,0.0081774086823558,WW,0.0465768485390578,122,5,11,0.3234144497044546,0.1065213066324637,0.4558856063157228,0.451835151088936,0.251804255211496,0.8269230769230771,0.5470993236385628,DS,0.9538919518266604,ww_only,-0.2973624459476033,-2.010039194280092,2.010039194280092,-0.5854343514444451,0.0136012907052524,-0.297,stable,shifted,NAM_up_or_B73_down,0.5990356421496975
chr3,70286034,Zm00001eb131860,38,5,11,0.9300050773627714,-0.0104963921906128,2.6506165343343806,0.9300050773627714,0.2230625969678726,0.0018315018315018,0.0056700343457553,WW,0.0373320189833951,38,5,11,-0.6008111510247065,-0.0755981119694237,-1.548746502193496,0.6934240454010054,0.1574916176612798,0.1405270518677598,0.1033670697585935,DS,0.3810434202713985,ww_only,-0.0413860119357959,-4.199363036527877,4.199363036527877,-1.530816228387478,-0.06510171977881091,-0.042,stable,shifted,NAM_up_or_B73_down,1.4657145086086671
chr3,107858865,Zm00001eb134200,229,10,4,0.8389196505291983,-0.0254341199803718,4.496041941413685,0.8389196505291983,0.1519171811538106,0.0019980019980019,0.0012958281311473,WW,0.0381789212106284,229,10,4,0.6281794554661475,-0.3071860376140058,3.3365052444819563,0.6281794554661475,0.3071860376140058,0.0019980019980019,0.0001379168843085,DS,0.0447904326733231,constitutive,0.9691199443937656,-1.1595366969317285,1.1595366969317285,-0.21074019506305075,-0.281751917633634,0.972,stable,unchanged,equal,0.07101172257058325
chr3,120935326,Zm00001eb135710,1036,9,6,-1.431957017071272,0.8366858761055113,-2.865044808889981,1.431957017071272,1.0995178410409403,0.0007992007992007,0.002110863239833,WW,0.026327543955221,1036,9,6,-1.129520443482994,0.7781121078191559,-4.002776115148175,1.129520443482994,0.7781121078191559,0.0003996003996003,5.647457538264757e-06,DS,0.0257646075843921,constitutive,0.2332796546569703,-1.1377313062581944,1.1377313062581944,0.30243657358827813,-0.05857376828635541,0.237,stable,shifted,B73_up_or_NAM_down,0.36101034187463354
chr3,127174606,Zm00001eb136350,330,10,7,0.8076026463889002,0.4475462949040043,2.1912711795258195,0.8076026463889002,0.4475462949040043,0.0012340600575894,0.0007529376360583,WW,0.0301297495867631,330,10,7,0.7139939892326448,0.3856563186469784,1.8715141243040752,0.7139939892326448,0.3856563186469784,0.0019539284245166,0.0026920268516939,DS,0.0447904326733231,constitutive,0.1908673090090679,-0.31975705522174436,0.31975705522174436,-0.09360865715625544,-0.061889976257025914,0.193,stable,unchanged,equal,0.03171868089922952
chr3,133837428,Zm00001eb137500,730,8,9,-1.582289582015155,0.8946213101661203,-2.531815399784066,1.6172207729318082,0.9778203134508976,0.0003290826820238,0.0001092025101297,WW,0.0204994931767883,730,8,9,-2.2008141966787225,0.8946408857909213,-2.7561477739079914,2.2008141966787225,0.9316741901041324,8.227067050596462e-05,0.0001348695184751,DS,0.0210852438700539,constitutive,1.7016348566249069,-0.2243323741239256,0.2243323741239256,-0.6185246146635675,1.9575624800927116e-05,1.915,up,shifted,NAM_up_or_B73_down,0.6185441902883684
chr3,137811367,Zm00001eb138290,1165,4,13,-1.0868508824149836,0.1276099856929244,-2.2542490375072863,1.0868508824149836,0.5168244113590303,0.0016806722689075,9.458952545858914e-05,WW,0.0349342231695172,1165,4,13,-1.0057269349284497,-0.5629009495438811,-0.9087008845520812,1.0057269349284497,0.6277973595348784,0.0445378151260504,0.0960311313815612,DS,0.1980143045360436,ww_only,-2.725395590313491,1.3455481529552051,1.3455481529552051,0.08112394748653395,-0.6905109352368055,-2.68,down,unchanged,equal,0.7716348827233395
chr3,137930351,Zm00001eb138300,1348,10,4,-4.766045335862591,-7.282253798043119,1.9954387617160885,4.766045335862591,7.282253798043119,0.0019980019980019,0.000307281006867,WW,0.0381789212106284,1348,9,4,-5.466893360857251,-8.097110613297133,1.6641491812010083,5.466893360857251,8.097110613297133,0.0055944055944055,0.002444397017804,DS,0.068070871436256,ww_only,-1.166986122770929,-0.3312895805150802,0.3312895805150802,-0.7008480249946603,-0.8148568152540143,-1.14,down,shifted,NAM_up_or_B73_down,0.11400879025935406
chr3,144023725,Zm00001eb139410,123,12,4,0.6819297150543132,-0.0630107828558462,2.6953930522355676,0.6819297150543132,0.1320964603016376,0.001098901098901,0.0012308042041505,WW,0.0300596804016776,123,12,4,-0.660060934627821,-0.2366150561519923,-1.967880521940521,0.660060934627821,0.2366150561519923,0.0043956043956043,0.0136794392950916,DS,0.0609991790252242,ww_only,-0.2417134946997123,-4.663273574176088,4.663273574176088,-1.3419906496821343,-0.17360427329614608,-0.244,stable,shifted,NAM_up_or_B73_down,1.1683863763859883
chr3,144772101,Zm00001eb139520,1562,4,13,0.4945459581554536,-0.3066959639778402,2.557633574907942,0.4945459581554536,0.3794887709701138,0.0008403361344537,1.739652304673782e-06,WW,0.0263789032096355,1562,4,13,0.1732366651296063,-0.2016347549333862,1.171686802919326,0.1732366651296063,0.3186794406842766,0.015126050420168,0.038837646217659,DS,0.1131280613659468,ww_only,0.7830658725774766,-1.3859467719886163,1.3859467719886163,-0.3213092930258473,0.10506120904445401,0.793,stable,shifted,NAM_up_or_B73_down,0.42637050207030136
chr3,145520648,Zm00001eb139660,99,5,14,1.5027478724711147,0.1037787611836629,3.9552683260626273,1.5027478724711147,0.224467872751624,0.000343997248022,0.0010924341882374,WW,0.020746612438007,99,5,14,1.174416852917613,-0.0272699509926392,3.1628139668287956,1.174416852917613,0.307789669593294,0.000171998624011,0.0004396722975114,DS,0.0232874033860875,constitutive,-0.2766074333876087,-0.7924543592338318,0.7924543592338318,-0.32833101955350164,-0.1310487121763021,-0.279,stable,shifted,NAM_up_or_B73_down,0.19728230737719954
chr3,147103568,Zm00001eb139920,1089,5,14,0.1372195223512853,-1.9134282903596855,3.0369813984815455,0.7467955211643436,1.9134282903596855,0.000343997248022,0.0065515275007468,WW,0.020746612438007,1089,5,14,1.9005463059048089,-1.0085312273109568,4.6467740264296395,1.9005463059048089,1.0085312273109568,0.000171998624011,0.0020531990878548,DS,0.0232874033860875,constitutive,2.8484957323535336,1.609792627948094,1.609792627948094,1.7633267835535236,0.9048970630487287,2.89,up,shifted,B73_up_or_NAM_down,0.8584297205047948
chr3,148503239,Zm00001eb140330,452,10,6,-0.6728404936945959,0.2063843320706101,-2.459158863412979,0.6728404936945959,0.3728143494465633,0.0009990009990009,0.0018624859768277,WW,0.0289507593855419,452,10,6,-0.6402307344792078,0.0385503002081672,-1.770140016962636,0.6603695344031024,0.3934745652408553,0.0109890109890109,0.0109887086200159,DS,0.0951644591507722,ww_only,0.6946923344455921,0.6890188464503428,0.6890188464503428,0.03260975921538811,-0.1678340318624429,0.71,stable,unchanged,equal,0.200443791077831
chr3,148810719,Zm00001eb140420,323,3,15,-0.5811465557950553,0.3555231427969115,-3.0904689411567277,0.5811465557950553,0.408279878253844,0.0024509803921568,0.0037605756295302,WW,0.0413684239925549,323,3,15,-0.2318201790860758,0.35004275692475,-2.216950597230758,0.2318201790860758,0.3973700427393865,0.0024509803921568,0.0059443334894128,DS,0.0485165320116776,constitutive,0.5519993372973167,0.8735183439259697,0.8735183439259697,0.3493263767089795,-0.005480385872161486,0.554,stable,shifted,B73_up_or_NAM_down,0.35480676258114097
chr3,150304881,Zm00001eb140720,27,9,10,0.5558696636718256,-0.0396964956196254,3.164799339603252,0.5558696636718256,0.1468654196659306,0.0005202443475902,2.8707334815749064e-06,WW,0.0222282178940474,27,9,10,0.2562515584066154,-0.0677446292314779,0.5991149935887519,0.6278292471975608,0.1383760080841553,0.0101123339213334,0.2474104108428321,DS,0.089997549408896,ww_only,0.4641837309215747,-2.5656843460145002,2.5656843460145002,-0.29961810526521016,-0.02804813361185251,0.465,stable,unchanged,equal,0.27156997165335767
chr3,160577721,Zm00001eb142940,29,8,9,0.603257969554656,-0.3342082440518057,2.017486914513602,0.603257969554656,0.4954361927842623,0.0024681201151789,0.0011581528030318,WW,0.0413684239925549,29,8,9,0.1471642806244028,0.0061635477940603,0.3866257809904103,0.2928221931568245,0.2569319960087228,0.4807075277663513,0.4396086306808688,DS,0.7345019481311083,ww_only,1.6152695101151675,-1.6308611335231917,1.6308611335231917,-0.45609368893025326,0.340371791845866,1.645,up,shifted,NAM_up_or_B73_down,0.7964654807761193
chr3,161861731,Zm00001eb143140,368,10,4,1.826350295357105,0.0209213966763545,1.7585684476879355,1.826350295357105,0.1358133953608787,0.0019980019980019,0.0008543344040172,WW,0.0381789212106284,368,10,5,1.258075105974816,0.0359162372760976,0.9224034873288718,1.258075105974816,0.2292906521157983,0.0046620046620046,0.0401006377135017,DS,0.0622664762327756,ww_only,-0.9237389164628248,-0.8361649603590637,0.8361649603590637,-0.5682751893822888,0.014994840599743101,-0.924,stable,shifted,NAM_up_or_B73_down,0.5832700299820319
chr3,163555665,Zm00001eb143370,1364,6,6,-0.4249444512108639,0.1497835975746107,-5.456656328088315,0.4249444512108639,0.156049462725986,0.0021645021645021,2.680745270496237e-06,WW,0.038891268213993,1364,6,6,-0.4238085719329136,-0.0815519336673183,-0.9463486505377486,0.4238085719329136,0.2579070646020712,0.0649350649350649,0.1389543058165902,DS,0.2471232137523005,ww_only,0.340915315346553,4.510307677550567,4.510307677550567,0.0011358792779502802,-0.23133553124192902,0.342,stable,unchanged,equal,0.2324714105198793
chr3,163930045,Zm00001eb143460,141,6,11,1.037461365531552,0.1627289390228766,2.857941675655459,1.037461365531552,0.2999208012165494,0.0001616031027795,5.238993145779159e-06,WW,0.018794646214001,141,6,11,0.3783124031949391,0.1565451679543986,0.6951924286072022,0.3974092013089672,0.2473501722203087,0.2160633484162896,0.264576897050116,DS,0.4825851754423182,ww_only,1.2652249621180691,-2.1627492470482568,2.1627492470482568,-0.659148962336613,-0.006183771068478006,1.266,up,shifted,NAM_up_or_B73_down,0.652965191268135
chr3,170915078,Zm00001eb144360,46,3,14,0.6470015523037616,-0.2738137161837972,3.0984436818723986,0.6470015523037616,0.363055773759187,0.0029411764705882,0.0002281234311273,WW,0.0446897908099409,46,3,14,1.0300616046913704,-0.2088024429383969,3.4502739681326267,1.0300616046913704,0.3419434386865548,0.0029411764705882,0.0326725190695423,DS,0.0508974358974358,ww_only,0.3736389887857202,0.35183028626022805,0.35183028626022805,0.3830600523876089,0.06501127324540029,0.38,stable,shifted,B73_up_or_NAM_down,0.3180487791422086
chr3,171120618,Zm00001eb144450,1473,5,10,-0.3287720862361849,0.1249707427127183,-2.540337798256626,0.3287720862361849,0.1533811792332609,0.0006660006660006,0.0049165874474952,WW,0.0232820792261351,1473,5,10,-0.1620301540652878,-0.0426622508836627,-0.5370605497594891,0.2781931888416958,0.1154877679275506,0.6786546786546787,0.4967111694145156,DS,0.8723159775724529,ww_only,1.1584018396953375,2.0032772484971373,2.0032772484971373,0.1667419321708971,-0.167632993596381,1.161,up,unchanged,equal,0.3343749257672781
chr3,172182737,Zm00001eb144650,30,5,11,0.8692003893309815,0.0260330672483445,2.7313727104128804,0.8692003893309815,0.0931892222391648,0.0004578754578754,0.0224651293850046,WW,0.0217474528638424,30,5,11,0.4298414471829743,0.040941940639443,1.31464095097164,0.4298414471829743,0.1244564426092011,0.0086996336996337,0.1537297926106145,DS,0.0847241382955668,ww_only,0.7105380462120088,-1.4167317594412405,1.4167317594412405,-0.43935894214800725,0.0149088733910985,0.716,stable,shifted,NAM_up_or_B73_down,0.4542678155391057
chr3,172976940,Zm00001eb144840,528,9,6,0.1105388828509271,-0.2328933028634604,1.613928844043658,0.2239998264144261,0.2328933028634604,0.0003996003996003,0.0049877781090066,WW,0.0214693928698582,528,9,6,0.1090853627378142,-0.2980062650030824,1.564749655110348,0.224803937472701,0.2980062650030824,0.0175824175824175,0.010955750978275,DS,0.1207902514854928,ww_only,-0.5688054805052721,-0.04917918893331019,0.04917918893331019,-0.0014535201131128939,-0.065112962139622,-0.569,stable,unchanged,equal,0.06365944202650911
chr3,173688086,Zm00001eb145100,1194,11,8,0.5577599517670175,0.1580212087499741,1.5953807974321934,0.5577599517670175,0.1913120598093559,0.0035987404408457,0.0018736199250967,WW,0.049707483964354,1194,11,8,1.599814967917964,1.5333842786792564,0.129595619772056,1.599814967917964,1.5333842786792564,0.7167844195707973,0.7621993979180217,DS,0.8933112238735648,ww_only,1.4934970068099052,-1.4657851776601374,1.4657851776601374,1.0420550161509465,1.3753630699292823,1.507,up,shifted,B73_up_or_NAM_down,0.3333080537783357
chr3,183850314,Zm00001eb147750,34,7,11,0.0718167620077495,-0.0518498023909356,1.3537744477021547,0.0718167620077495,0.0815735428192098,0.0018853695324283,0.0049471427938139,WW,0.0378512541871861,34,7,11,0.0335977088342534,-0.6452710781588609,0.425136498773574,0.0697329424199796,0.6914168511092972,0.0853443941679235,0.2912768989210568,DS,0.2881387274833998,ww_only,-1.819935053600932,-0.9286379489285808,0.9286379489285808,-0.0382190531734961,-0.5934212757679252,-1.82,down,unchanged,equal,0.5552022225944292
chr3,185093979,Zm00001eb148130,1943,12,4,0.1154269156149276,-0.2853865750115315,2.0914569123029247,0.1835092088958235,0.2853865750115315,0.001098901098901,3.687564179904016e-05,WW,0.0300596804016776,1943,12,4,0.1521671389269934,-0.1284997984621161,1.983026518808712,0.1785844590654559,0.1284997984621161,0.0021978021978021,6.558302031934569e-05,DS,0.0460168921790601,constitutive,2.421305465327483,-0.1084303934942128,0.1084303934942128,0.036740223312065806,0.15688677654941538,2.428,up,unchanged,equal,0.12014655323734957
chr3,186809419,Zm00001eb148640,267,8,8,-0.951431531099342,-0.5115105481338754,-2.205759871483669,0.951431531099342,0.5115105481338754,0.0029526029526029,0.0010300430261457,WW,0.0446936023014751,267,8,8,-0.4669228769829971,-0.5934328633481925,0.6074984105988441,0.4669228769829971,0.5934328633481925,0.2786324786324786,0.247818002679109,DS,0.5540457579326838,ww_only,1.0887170805309965,2.813258282082513,2.813258282082513,0.48450865411634486,-0.08192231521431703,1.096,up,shifted,B73_up_or_NAM_down,0.566430969330662
chr3,187164382,Zm00001eb148780,29,5,14,-0.707075891089594,0.3332632915129676,-1.5267389709166748,0.707075891089594,0.6230379968269129,0.0032679738562091,0.0002336777297036,WW,0.0468097458658726,29,5,14,-0.9623858893023278,-0.4420507160820383,-0.4799569436021854,1.0389783472258318,1.102640502657051,0.2566219470244238,0.3131850654280674,DS,0.5269598946656703,ww_only,-0.7194543271821532,1.0467820273144894,1.0467820273144894,-0.2553099982127338,-0.7753140075950058,-0.723,stable,unchanged,equal,0.520004009382272
chr3,190837124,Zm00001eb149700,93,8,7,-0.8317014706641797,-0.3823114259281721,-2.0265898685089843,0.8317014706641797,0.4541796450698762,0.0003108003108003,0.0063562712773029,WW,0.0204994931767883,93,8,7,-0.4683627305005745,-0.0504839158752764,-1.6831571656845037,0.4683627305005745,0.2136767591065305,0.0059052059052059,0.0086487708326844,DS,0.0699058879947249,ww_only,0.9570096588234274,0.3434327028244806,0.3434327028244806,0.3633387401636052,0.3318275100528957,0.996,stable,shifted,B73_up_or_NAM_down,0.0315112301107095
chr3,191468075,Zm00001eb149900,639,6,12,0.4403268298119676,0.0660906913675356,1.7550941397337827,0.4403268298119676,0.1755593499159873,0.0032320620555914,0.000609699627891,WW,0.0466293743604667,639,6,12,1.2286680818151157,-0.1572043381102477,5.433334203571507,1.2286680818151157,0.209359720295373,0.000107735401853,4.77876695474094e-05,DS,0.0218131868131868,constitutive,-0.0699364644149723,3.678240063837724,3.678240063837724,0.7883412520031481,-0.2232950294777833,-0.07,stable,shifted,B73_up_or_NAM_down,1.0116362814809314
chr3,192787595,Zm00001eb150550,867,12,5,2.762904698895111,0.3330969894239871,0.995990544365021,2.762904698895111,0.4070716513545657,0.0012928248222365,0.0133903365898366,WW,0.0306430974109065,867,12,5,2.9055748573962656,0.1497243948225073,0.9133430413969644,2.9138864453759417,0.3372733719376185,0.0135746606334841,0.0206851260820502,DS,0.1070690120164214,ww_only,0.9069291553861842,-0.08264750296805656,0.08264750296805656,0.14267015850115472,-0.18337259460147978,0.908,stable,unchanged,equal,0.32604275310263453
chr3,194401490,Zm00001eb150960,126,5,12,-0.4449734359753347,0.3248476230822253,-6.629328036659456,0.4449734359753347,0.3248476230822253,0.0003232062055591,3.818556548874971e-07,WW,0.0204994931767883,126,5,12,-0.2454292145321552,0.3056773963407402,-5.717854171862146,0.2454292145321552,0.3056773963407402,0.0003232062055591,6.3547457859662375e-06,DS,0.0232880998005553,constitutive,0.1406918076988753,0.9114738647973102,0.9114738647973102,0.1995442214431795,-0.019170226741485108,0.141,stable,unchanged,equal,0.2187144481846646
chr3,199104117,Zm00001eb152080,157,10,5,0.4980996871209673,-0.3882152205381639,2.7188964044977895,0.5178837034953364,0.3882152205381639,0.0013320013320013,0.0006670139099526,WW,0.0307915591152585,157,10,5,0.1760311859929846,-0.3841396450460005,1.898122719594598,0.2935237219881307,0.3975897165565571,0.0126540126540126,0.0100079032037045,DS,0.1027288669630289,ww_only,-0.6576032696956777,-0.8207736849031915,0.8207736849031915,-0.3220685011279827,0.004075575492163364,-0.658,stable,shifted,NAM_up_or_B73_down,0.32614407662014605
chr3,203944342,Zm00001eb153500,2,11,7,-0.4566092039579261,-0.0044926315018625,-4.415458964477176,0.4566092039579261,0.1239941686088074,6.284565108094519e-05,4.23668401227281e-05,WW,0.018794646214001,2,11,7,-0.3616062650711009,-0.088411674989286,-1.6499704918108986,0.3616062650711009,0.1548107396345013,0.011375062845651,0.0219626086729418,DS,0.097177593854809,ww_only,0.7124393553106398,2.765488472666277,2.765488472666277,0.0950029388868252,-0.08391904348742349,0.715,stable,unchanged,equal,0.1789219823742487
chr3,205007922,Zm00001eb153830,1254,5,13,1.6197217055763935,0.3031939467906603,1.931563675144516,1.6197217055763935,0.5780554807139443,0.0028011204481792,0.0002491922570258,WW,0.0445594307731047,1254,5,13,0.0884750894973523,-0.3519084735988569,0.3656156119518379,0.6236815318696574,1.0900671760036211,0.5028011204481793,0.4595033802609786,DS,0.750463317601127,ww_only,0.6880062101547577,-1.565948063192678,1.565948063192678,-1.5312466160790412,-0.6551024203895173,0.691,stable,shifted,NAM_up_or_B73_down,0.876144195689524
chr3,209926939,Zm00001eb155350,13,11,7,-0.1315553537154389,0.2426804444140449,-1.857084951636292,0.1315553537154389,0.27175778096668,0.0018853695324283,0.010384069277223,WW,0.0378512541871861,13,11,7,-0.1349200686362401,0.0285342684164741,-0.6610086311100157,0.1806674788269189,0.265535719835854,0.2462921065862242,0.2688080871612487,DS,0.5155312131888335,ww_only,-0.6298472847431748,1.1960763205262763,1.1960763205262763,-0.003364714920801204,-0.2141461759975708,-0.631,stable,unchanged,equal,0.2107814610767696
chr3,213069872,Zm00001eb156460,53,9,4,0.3348871572412793,-0.6850535810340364,2.6016593480831673,0.4366002300499322,0.6850535810340364,0.0027972027972027,0.0001157986413521,WW,0.0445594307731047,53,9,4,-1.4193128773229051,-0.8882788772194752,-0.6942232711903946,1.4193128773229051,0.8882788772194752,0.3300699300699301,0.1317698254775566,DS,0.6052826622702541,ww_only,-1.4600457302634755,-3.295882619273562,3.295882619273562,-1.7542000345641844,-0.20322529618543883,-1.445,down,shifted,NAM_up_or_B73_down,1.5509747383787456
chr3,213192022,Zm00001eb156500,13,6,9,1.7320774216556176,0.0081330787915041,14.460227020457108,1.7320774216556176,0.0881266695816358,0.0003996003996003,2.306009932248677e-09,WW,0.0214693928698582,13,6,9,1.1604527661408686,-0.013499779880485,9.40235167958523,1.1604527661408686,0.0514080890861832,0.0003996003996003,3.7611821384328032e-06,DS,0.0257646075843921,constitutive,0.9380462954097885,-5.0578753408718775,5.0578753408718775,-0.5716246555147491,-0.0216328586719891,0.942,stable,shifted,NAM_up_or_B73_down,0.54999179684276
chr3,214206618,Zm00001eb156710,144,3,16,-1.5464746946484418,-0.3094234779000742,-4.181177988006206,1.5464746946484418,0.3200345900983883,0.002063983488132,0.0234607457199424,WW,0.0381789212106284,144,3,16,-1.2198595183174965,-0.3899914437043343,-2.1904532969475436,1.2198595183174965,0.4385955280520425,0.0330237358101135,0.0842360888347839,DS,0.1688890070591988,ww_only,0.7915684626161408,1.990724691058662,1.990724691058662,0.3266151763309453,-0.08056796580426012,0.822,stable,shifted,B73_up_or_NAM_down,0.4071831421352054
chr3,217637108,Zm00001eb157820,119,4,15,-1.5479597997490306,-0.6424844009770233,-2.787757952208538,1.5479597997490306,0.6424844009770233,0.002063983488132,0.0204333032770486,WW,0.0381789212106284,119,4,15,2.040791775343733,0.95585101840476,2.153314343012142,2.040791775343733,1.0296841923557043,0.000515995872033,3.2353770224397405e-05,DS,0.0258598228243877,constitutive,4.175615901358726,4.94107229522068,4.94107229522068,3.5887515750927634,1.5983354193817831,4.182,up,shifted,B73_up_or_NAM_down,1.9904161557109803
chr3,219845503,Zm00001eb158370,480,5,8,-0.3628220056385434,0.2594082869746451,-0.7925071479192243,0.3628220056385434,0.4287707074902995,0.0015540015540015,0.1171695135007805,WW,0.0332696092867399,480,5,8,-0.3320716661315644,0.1651677275651574,-0.8695157482398356,0.3320716661315644,0.3237723094762659,0.0062160062160062,0.0914552714843268,DS,0.0705818003535793,ww_only,-0.0307258514638578,-0.0770086003206113,0.0770086003206113,0.030750339506978974,-0.09424055940948767,-0.031,stable,unchanged,equal,0.12499089891646664
chr3,220152206,Zm00001eb158500,1842,3,16,-0.9164360660778712,-0.1821961329429378,-2.0721819504074386,0.9164360660778712,0.3597643636130933,0.002063983488132,8.935060886300193e-05,WW,0.0381789212106284,1842,3,16,-0.4501233164622195,0.1361583450248511,-0.872312336439725,0.4501233164622195,0.5871385990821593,0.1382868937048503,0.0154576662331927,DS,0.3759761967023103,ww_only,2.650624328858469,1.1998696139677136,1.1998696139677136,0.4663127496156517,0.31835447796778893,2.691,up,shifted,B73_up_or_NAM_down,0.1479582716478628
chr3,221941447,Zm00001eb159080,177,12,6,-0.1520778354996921,0.270318401507241,-1.9966931031244648,0.1813203702599833,0.270318401507241,0.000215470803706,8.922409169254643e-05,WW,0.0201065862242332,177,12,6,-0.1221013529073721,0.382092163055649,-2.0442783146377,0.1941007889756706,0.382092163055649,0.0004309416074121,0.0001078367299903,DS,0.0258261774655217,constitutive,-1.0621595876907122,-0.04758521151323536,0.04758521151323536,0.029976482592319983,0.11177376154840801,-1.062,down,unchanged,equal,0.08179727895608803
chr3,231271693,Zm00001eb162130,60,9,9,0.263262558844607,-0.2694034820670246,1.9820415401745288,0.263262558844607,0.2855038808110891,0.001086246625822,0.0009767801942112,WW,0.0300596804016776,60,9,9,0.3067256678777252,-0.3908171582911258,2.871037214758328,0.3573110617802353,0.3908171582911258,0.0005736335109885,6.656575991614181e-05,DS,0.027249309581873,constitutive,-0.0861857733007652,0.888995674583799,0.888995674583799,0.04346310903311823,-0.12141367622410121,-0.086,stable,unchanged,equal,0.16487678525721944
chr3,233212650,Zm00001eb162710,1378,4,15,0.7341617057989792,-0.8020464983629725,2.216855469490744,0.7341617057989792,0.8307093574891841,0.001031991744066,0.0029655857131417,WW,0.0296490041872768,1378,4,15,1.2311065710624491,-0.3889336831625381,2.045377925031056,1.2311065710624491,0.6339294927181316,0.002063983488132,0.0172834210489411,DS,0.0447904326733231,constitutive,-0.103708202472987,-0.17147754445968788,0.17147754445968788,0.4969448652634699,0.41311281520043436,-0.105,stable,shifted,B73_up_or_NAM_down,0.08383205006303557
chr3,234870111,Zm00001eb163100,5,14,4,0.6456001467376332,0.0943398305654875,2.427302523424975,0.6456001467376332,0.1648787984625367,0.0006535947712418,0.0009545779853083,WW,0.0232820792261351,5,14,4,0.4281470060834664,-0.1142333534202476,2.256941655085815,0.4431675066583713,0.1579930051676816,0.0026143790849673,0.0007234144109689,DS,0.0496169184564635,constitutive,0.5003851229761768,-0.1703608683391602,0.1703608683391602,-0.21745314065416682,-0.2085731839857351,0.505,stable,unchanged,equal,0.008879956668431721
chr3,235166050,Zm00001eb163210,45,4,13,1.0080260793516571,0.2392685138933895,4.822667332112173,1.0080260793516571,0.2392685138933895,0.0008403361344537,1.9053250570896357e-05,WW,0.0263789032096355,45,4,13,0.7018147583346088,-0.0637110335817604,4.776951190819305,0.7018147583346088,0.1177780796396458,0.0008403361344537,0.004151833812215,DS,0.0311047270827892,constitutive,-0.3675044402618874,-0.045716141292868606,0.045716141292868606,-0.3062113210170483,-0.3029795474751499,-0.368,stable,shifted,NAM_up_or_B73_down,0.0032317735418984084
chr3,235166050,Zm00001eb163220,634,4,5,0.793759103814978,0.3769389771971317,0.6897750755492785,0.793759103814978,0.4294367905084328,0.7301587301587302,0.4097723275519276,WW,0.8941660469013302,634,4,7,0.9990809664053674,0.9717973513535836,0.0387132937783835,0.9990809664053674,0.9717973513535836,0.9272727272727272,0.955897508222856,DS,1.0,non_functional,0.1829220990405769,-0.651061781770895,0.651061781770895,0.20532186259038931,0.5948583741564519,0.218,stable,unchanged,equal,0.3895365115660626
chr3,235713991,Zm00001eb163480,218,8,9,2.2618598686251783,-0.2933983843712047,2.2246465014935586,2.2618598686251783,0.5970185953761281,0.0003290826820238,0.0015544847557413,WW,0.0204994931767883,218,9,9,1.695822322523846,-0.5971181270431196,1.9673984150202557,1.9441277623879796,0.6884317523662841,0.008071487425268,0.0021078316674078,DS,0.080676588368896,ww_only,-0.6334081308640146,-0.2572480864733029,0.2572480864733029,-0.5660375461013323,-0.3037197426719149,-0.637,stable,shifted,NAM_up_or_B73_down,0.26231780342941735
chr3,236259214,Zm00001eb163710,1208,9,8,0.3341857771068186,-0.0431789938352829,2.437920016342074,0.3341857771068186,0.1674244350325657,0.0003290826820238,0.0005222157519918,WW,0.0204994931767883,1208,9,8,0.2377982505395026,-0.0030087635434205,0.8763104250945559,0.2903353015703835,0.2248265621930235,0.113944878650761,0.0969152335937462,DS,0.3364756226760007,ww_only,0.2744610591511379,-1.561609591247518,1.561609591247518,-0.09638752656731603,0.0401702302918624,0.275,stable,unchanged,equal,0.13655775685917843
chr3,236418050,Zm00001eb163800,143,13,6,0.7125532426258379,0.1677577647575434,2.935117373054825,0.7125532426258379,0.1957859931725321,0.0002948547840188,0.0003062266776613,WW,0.0204994931767883,143,13,6,0.0689957472564186,0.0007948324976649,0.2319499814156762,0.248979673612931,0.1431168155940246,0.5788736547250479,0.5914280987916825,DS,0.8027708826861675,ww_only,-0.636807271788264,-2.7031673916391488,2.7031673916391488,-0.6435574953694192,-0.1669629322598785,-0.638,stable,shifted,NAM_up_or_B73_down,0.47659456310954074
chr4,2047841,Zm00001eb164780,1115,7,6,0.9781811703791397,0.5536401216459025,0.9163328696465558,0.9781811703791397,0.6457161551411853,0.1375291375291375,0.1558855575265521,WW,0.3717138397662085,1115,7,6,1.3206369798442534,0.8492188097765755,0.6094699514043618,1.3206369798442534,0.8581721989099172,0.2342657342657342,0.3011107831249578,DS,0.5029552862391845,non_functional,0.9686565727226668,-0.306862918242194,0.306862918242194,0.3424558094651138,0.295578688130673,0.97,stable,shifted,B73_up_or_NAM_down,0.046877121334440774
chr4,2047841,Zm00001eb164790,144,7,5,1.1610315859236775,-0.2707372667593918,2.317288568145251,1.1610315859236775,0.3330315916879438,0.0025252525252525,0.0015659688847039,WW,0.0418697757006214,144,7,5,1.2146485674535976,-0.3831935171547651,2.40921282414192,1.2146485674535976,0.3891166572989138,0.0025252525252525,0.0014270245704854,DS,0.0488802943391853,constitutive,0.0863630065226621,0.09192425599666931,0.09192425599666931,0.053616981529920116,-0.11245625039537327,0.086,stable,unchanged,equal,0.16607323192529339
chr4,18974773,Zm00001eb169350,953,7,6,1.4646183116491451,0.457670452091072,3.925214968024986,1.4646183116491451,0.457670452091072,0.0011655011655011,4.1959181802135205e-05,WW,0.0301297495867631,953,7,6,1.437355739938194,0.9864635913719232,0.9493498680244096,1.437355739938194,0.9864635913719232,0.1806526806526806,0.1103265334505259,DS,0.4347781189886454,ww_only,-0.6337851485023164,-2.9758651000005765,2.9758651000005765,-0.027262571710951145,0.5287931392808511,-0.636,stable,unchanged,equal,0.5560557109918023
chr4,22255547,Zm00001eb169970,776,14,4,-0.3776240160722815,-0.1116202680880233,-5.027759132106605,0.3776240160722815,0.1116202680880233,0.0006535947712418,0.0018215513826886,WW,0.0232820792261351,776,14,4,-0.3283603911010472,-0.1676033941977875,-1.7063701545773915,0.3283603911010472,0.1676033941977875,0.0117647058823529,0.0137903296525963,DS,0.0992913714047519,ww_only,0.1972527832684571,3.321388977529214,3.321388977529214,0.04926362497123432,-0.05598312610976419,0.197,stable,unchanged,equal,0.10524675108099851
chr4,22444656,Zm00001eb169990,125,14,3,0.1671264409797156,-0.2930938492127202,6.8183635631367965,0.1671264409797156,0.2930938492127202,0.0029411764705882,5.4930597190255324e-08,WW,0.0446897908099409,125,14,3,0.1183199424568338,-0.1506803725624829,2.2362164242842137,0.1314313913882157,0.1506803725624829,0.0029411764705882,0.0060342818003023,DS,0.0508974358974358,ww_only,-0.3899375830897157,-4.582147138852583,4.582147138852583,-0.0488064985228818,0.1424134766502373,-0.39,stable,unchanged,equal,0.1912199751731191
chr4,28342592,Zm00001eb171030,1406,6,11,-0.6830124304617541,-0.1910930126850193,-1.9841073658239827,0.6830124304617541,0.2469341492735554,0.0030704589528118,0.0014073189516626,WW,0.0456629624566229,1406,6,11,-0.2555452558884222,-0.1581415431166215,-0.3241714473530933,0.3900752123752662,0.1992562973700035,0.2160633484162896,0.5769460163377192,DS,0.4825851754423182,ww_only,-0.4171461100911749,1.6599359184708895,1.6599359184708895,0.4274671745733319,0.032951469568397784,-0.42,stable,shifted,B73_up_or_NAM_down,0.3945157050049341
chr4,32604294,Zm00001eb172070,10,15,4,-0.1742770416838755,0.1022002834604438,-2.4616712828036538,0.1784989843575042,0.1341727478815571,0.002063983488132,0.009785440368243,WW,0.0381789212106284,10,15,4,0.1869173034793464,0.1431230278100389,0.2624136831892645,0.1897179870044067,0.2497301194779852,0.9613003095975232,0.7795699872732149,DS,1.0,ww_only,-0.6203599030660033,2.724084965992918,2.724084965992918,0.3611943451632219,0.040922744349595114,-0.621,stable,shifted,B73_up_or_NAM_down,0.3202716008136268
chr4,34451809,Zm00001eb172450,138,13,6,-0.5621143317351985,-0.3574592591973569,-1.9185853146256209,0.5621143317351985,0.3574592591973569,0.0022114108801415,0.0013222307630422,WW,0.038891268213993,138,13,6,-0.3369453687414508,-0.4870231128431826,0.7814674550130858,0.3759479654218851,0.4870231128431826,0.2100103199174406,0.1665947837618925,DS,0.4747745952093422,ww_only,0.3935499070855631,2.700052769638707,2.700052769638707,0.22516896299374772,-0.12956385364582573,0.394,stable,unchanged,equal,0.35473281663957346
chr4,35993232,Zm00001eb172780,170,5,14,0.4724073994842642,-0.2536474129100275,3.031020071352137,0.4724073994842642,0.2834770674979189,0.000171998624011,0.0006264612619982,WW,0.018794646214001,170,5,14,0.3171528955321769,-0.2982007506510957,2.089793811812556,0.3171528955321769,0.3355891794147992,0.000687994496044,0.0009252334554452,DS,0.028084323712507,constitutive,0.4697834549588027,-0.9412262595395808,0.9412262595395808,-0.15525450395208729,-0.04455333774106818,0.472,stable,unchanged,equal,0.11070116621101911
chr4,37192386,Zm00001eb172970,973,9,5,0.2959023880557236,-0.3748508630292769,1.6654110344848736,0.3386502677856021,0.3748508630292769,0.0009990009990009,0.0032109456662635,WW,0.0289507593855419,973,9,5,0.1792570946119135,-0.1665460433670771,2.051127746674386,0.2251815360418775,0.1822686926059633,0.0069930069930069,0.0023579308579354,DS,0.0752324190156283,ww_only,2.3196863458213035,0.3857167121895124,0.3857167121895124,-0.11664529344381011,0.2083048196621998,2.347,up,unchanged,equal,0.3249501131060099
chr4,39120195,Zm00001eb173500,1263,11,5,-7.064260824243352,-6.1962211962416465,-1.6769257305869216,7.064260824243352,6.1962211962416465,0.0032051282051282,0.0452195789760762,WW,0.0465768485390578,1263,11,5,-7.183723255156838,-5.148458657107343,-2.7420386396581136,7.183723255156838,5.148458657107343,0.0004578754578754,0.0248046069570554,DS,0.0258261774655217,constitutive,-1.063552398909416,-1.065112909071192,1.065112909071192,-0.11946243091348663,1.047762539134303,-1.06,down,unchanged,equal,1.1672249700477897
chr4,44170160,Zm00001eb174710,202,7,9,1.229179696720868,-0.1000060282677586,1.9188799130853584,1.229179696720868,0.2773303184476558,0.0006993006993006,0.0066990900342184,WW,0.0239836227631297,202,7,9,1.1879304445275172,-1.6100838679101848e-06,1.8932581115817917,1.1879304445275172,0.3852554427493828,0.0012237762237762,0.0048756835285895,DS,0.0357036816611284,constitutive,1.050942052881342,-0.025621801503566743,0.025621801503566743,-0.04124925219335074,0.10000441818389069,1.067,up,unchanged,equal,0.14125367037724143
chr4,47116254,Zm00001eb175230,886,4,13,0.7732146091903126,0.1997546860626784,2.2875900727430807,0.7732146091903126,0.2517023815708797,0.0033613445378151,0.0284324238126696,WW,0.0477707500910812,886,4,13,-0.3330552405960003,0.0339309705907811,-0.8880009453692271,0.5873775371539872,0.244950184060302,0.1630252100840336,0.3539707599987677,DS,0.4133197381131265,ww_only,-2.726817165554661,-3.175591018112308,3.175591018112308,-1.1062698497863128,-0.1658237154718973,-2.669,down,shifted,NAM_up_or_B73_down,0.9404461343144155
chr4,59440786,Zm00001eb176590,10,5,12,-0.8051727713344679,0.381799557381667,-1.407244532389656,0.8051727713344679,0.6685106432753067,0.0003232062055591,0.0014932971699159,WW,0.0204994931767883,10,5,12,-0.7619911604084821,0.3462246210178885,-1.901541307217405,0.9120264081009368,0.4503299413584178,0.0193923723335488,0.0129013840557874,DS,0.1275706940874036,ww_only,-0.4874890768493536,-0.4942967748277489,0.4942967748277489,0.043181610925985714,-0.03557493636377851,-0.49,stable,unchanged,equal,0.07875654728976422
chr4,70420623,Zm00001eb177830,1,7,9,-0.248536952666414,0.6651197747188119,-2.3868805370453425,0.355507099746842,0.6746196963764424,0.0006993006993006,0.0002996284552028,WW,0.0239836227631297,1,7,9,0.2020322616166142,0.4810755042270876,-0.3958926277970625,0.5083708860183169,0.6354846635230396,0.4697552447552447,0.4507717206127921,DS,0.7227855035002234,ww_only,1.649914357816201,1.99098790924828,1.99098790924828,0.4505692142830282,-0.18404427049172428,1.793,up,shifted,B73_up_or_NAM_down,0.6346134847747524
chr4,74114150,Zm00001eb178280,146,15,3,-0.0651701372216495,-0.356549415296057,2.59848477312212,0.1070670442794264,0.356549415296057,0.0024509803921568,0.0705863140049913,WW,0.0413684239925549,146,15,3,0.0156445921516155,-0.3400744807803266,1.8700864827909531,0.1384681328615965,0.3400744807803266,0.017156862745098,0.0331220318571724,DS,0.1202405676704742,ww_only,-0.1293291221099393,-0.728398290331167,0.728398290331167,0.08081472937326499,0.0164749345157304,-0.13,stable,unchanged,equal,0.06433979485753459
chr4,83096032,Zm00001eb179290,17,10,7,1.554602358827723,0.1018846295060786,2.6057733863635613,1.554602358827723,0.1684032637193049,0.0004113533525298,7.232734336151118e-05,WW,0.0214693928698582,17,10,7,1.4338557095806237,0.1947636403732785,2.627454379510311,1.4338557095806237,0.3395814940631474,0.0002056766762649,5.0372162190161446e-05,DS,0.0232880998005553,constitutive,-0.5023982382466838,0.02168099314674965,0.02168099314674965,-0.12074664924709921,0.09287901086719991,-0.504,stable,unchanged,equal,0.21362566011429912
chr4,86785717,Zm00001eb179750,230,14,4,0.7632543251130788,1.6036827495317636,-3.657869290088657,0.7632543251130788,1.6036827495317636,0.0006535947712418,0.0396402167452024,WW,0.0232820792261351,230,14,4,0.3315336764889567,1.0496257323166132,-4.17865727604266,0.3315336764889567,1.0496257323166132,0.0006535947712418,0.0167165889642887,DS,0.0273519583864411,constitutive,-0.2713609834527115,-0.5207879859540032,0.5207879859540032,-0.43172064862412207,-0.5540570172151504,-0.272,stable,shifted,NAM_up_or_B73_down,0.12233636859102837
chr4,123536641,Zm00001eb182260,119,3,14,-0.2498295724778019,-1.103669365896813,3.4841508150642113,0.2498295724778019,1.103669365896813,0.0029411764705882,0.0007313825259578,WW,0.0446897908099409,119,3,14,-0.5308734402999753,-0.9698419471482964,1.690334366741467,0.5308734402999753,0.9698419471482964,0.0470588235294117,0.0034544939972395,DS,0.2053448275862069,ww_only,-0.0722864519032691,-1.7938164483227443,1.7938164483227443,-0.2810438678221734,0.13382741874851667,-0.073,stable,unchanged,equal,0.41487128657069006
chr4,147044205,Zm00001eb185040,1641,6,12,-0.2979939377205522,-1.5086154490096124,1.9264368298410903,0.4273344848510593,1.5086154490096124,0.0004309416074121,0.0003464666879023,WW,0.0217474528638424,1641,6,12,-0.6799339128863514,-2.3715685862154507,2.622250627104445,0.6799339128863514,2.3715685862154507,0.0007541478129713,0.0008720903189444,DS,0.0296489917849141,constitutive,-0.1891709377583969,0.6958137972633547,0.6958137972633547,-0.3819399751657992,-0.8629531372058383,-0.194,stable,shifted,NAM_up_or_B73_down,0.48101316204003913
chr4,154507836,Zm00001eb186120,956,15,3,-0.090140710211191,0.146067179390542,-3.2354246033905416,0.091350204405758,0.146067179390542,0.0024509803921568,0.0412810185114495,WW,0.0413684239925549,956,15,3,-0.3858462048219248,0.0657749316712949,-2.5224349121224576,0.3858462048219248,0.1235578726572197,0.0098039215686274,0.0111925595675678,DS,0.0884975479268836,ww_only,-0.7138804792878426,0.712989691268084,0.712989691268084,-0.2957054946107338,-0.0802922477192471,-0.714,stable,unchanged,equal,0.21541324689148672
chr4,158778172,Zm00001eb186820,627,6,9,1.4248886331325827,0.1136769763703581,3.184427445170177,1.4248886331325827,0.3838621269580313,0.0003996003996003,2.782069427505236e-05,WW,0.0214693928698582,627,6,9,1.043741262407331,0.1208897616552071,1.3700159056512975,1.043741262407331,0.6164826676588686,0.0047952047952047,0.0116258156295561,DS,0.0625167491877086,ww_only,0.8664350366883861,-1.8144115395188796,1.8144115395188796,-0.38114737072525173,0.007212785284848991,0.874,stable,shifted,NAM_up_or_B73_down,0.3883601560101007
chr4,162371023,Zm00001eb187670,1460,4,15,-0.9714814757855884,0.6813332182772478,-2.404480837666614,0.9714814757855884,0.7613382785424585,0.0036119711042311,0.0081465784806628,WW,0.049707483964354,1460,4,15,-1.3583989236255851,-0.090574376760634,-1.8575837476821857,1.3583989236255851,0.5936092246562026,0.0139318885448916,0.0126800558602862,DS,0.1083160536942049,ww_only,-0.6965951551423455,0.5468970899844281,0.5468970899844281,-0.3869174478399967,-0.7719075950378818,-0.699,stable,shifted,NAM_up_or_B73_down,0.38499014719788505
chr4,162955738,Zm00001eb187800,1455,6,13,0.2297944011303822,-0.1111449118988103,2.3003995314407426,0.2297944011303822,0.1484751332163463,0.0002948547840188,1.9815388815471345e-05,WW,0.0204994931767883,1455,6,13,0.2561096116637215,0.0551323716273395,0.9412571194334723,0.2561096116637215,0.1919189999667984,0.0874244434615951,0.0432109023320686,DS,0.2935767844229002,ww_only,-0.6584693413884348,-1.3591424120072704,1.3591424120072704,0.026315210533339295,0.1662772835261498,-0.659,stable,unchanged,equal,0.1399620729928105
chr4,166534010,Zm00001eb188700,59,4,12,-1.7646235832896666,0.8312927378154686,-5.532212596042981,1.7646235832896666,0.8312927378154686,0.001098901098901,3.078448854805067e-07,WW,0.0300596804016776,59,4,12,-1.9241026335226648,0.3138206471775245,-3.332204067117637,1.9241026335226648,0.6365709150230714,0.001098901098901,2.374003205146257e-07,DS,0.0349834128136014,constitutive,1.0881363929589831,2.2000085289253435,2.2000085289253435,-0.15947905023299813,-0.5174720906379442,1.134,up,unchanged,equal,0.35799304040494606
chr4,176530292,Zm00001eb191380,1685,11,5,0.9062991270634762,0.0011085207792088,1.475576383869085,0.9062991270634762,0.2139858531468637,0.0009157509157509,0.0027119068670081,WW,0.0281713158636235,1685,11,5,0.771311576591069,0.5484678614451952,0.3333553023457614,0.794833558971374,0.5484678614451952,0.7426739926739928,0.3907062743669205,DS,0.9056195384893236,ww_only,1.2549389472976595,-1.1422210815233236,1.1422210815233236,-0.13498755047240718,0.5473593406659865,1.261,up,unchanged,equal,0.6823468911383936
chr4,178453918,Zm00001eb192150,781,5,14,-0.8196286436155432,0.0483257966904738,-1.9102808312773631,0.8196286436155432,0.3193925874073199,0.000687994496044,0.0071859242955162,WW,0.0238425267641186,781,5,14,-0.2525121715087551,-0.1213211995847274,-0.3127448080851382,0.3606900491308304,0.3457767377535358,0.7538699690402476,0.5513370387470521,DS,0.9142152598826444,ww_only,0.7946224147086322,1.5975360231922249,1.5975360231922249,0.5671164721067881,-0.1696469962752012,0.808,stable,shifted,B73_up_or_NAM_down,0.7367634683819893
chr4,183560529,Zm00001eb193640,1999,5,9,1.7020111909004707,0.2817758196079756,3.0658679028453775,1.7020111909004707,0.4831354510171818,0.0009990009990009,2.2551437448800756e-05,WW,0.0289507593855419,1999,5,9,1.0496779940490757,-0.3709897218212439,2.5382168465139214,1.0496779940490757,0.5827841275209038,0.0019980019980019,0.000223134555759,DS,0.0447904326733231,constitutive,-1.222845876219942,-0.527651056331456,0.527651056331456,-0.652333196851395,-0.6527655414292195,-1.216,down,shifted,NAM_up_or_B73_down,0.0004323445778244839
chr4,188805546,Zm00001eb195000,166,13,6,0.0591253061834331,-0.0868721886146343,1.6817287250203412,0.0739379159535473,0.0900721894225818,0.0022114108801415,0.014370519559424,WW,0.038891268213993,166,13,6,0.0437010773863061,-0.2037739698206426,0.8928845905054603,0.0662908497005119,0.2655976860827011,0.2818074598260357,0.2788762872983325,DS,0.5554339265329238,ww_only,0.558442954806481,-0.7888441345148809,0.7888441345148809,-0.015424228797126995,-0.1169017812060083,0.561,stable,unchanged,equal,0.10147755240888132
chr4,192353067,Zm00001eb196380,877,8,10,-0.3432491018568758,0.1191437595818258,-1.8316769933095616,0.3781438182086979,0.1640941784454621,0.0020567667626491,0.0060609596485623,WW,0.0381789212106284,877,8,10,-0.1353408101768135,-0.0104784062248824,-0.4494678430338139,0.3183762410243246,0.1167430072826533,0.6964669317610493,0.4092209762896749,DS,0.8836549672494025,ww_only,1.7316056670324025,1.3822091502757476,1.3822091502757476,0.2079082916800623,-0.1296221658067082,1.738,up,unchanged,equal,0.3375304574867705
chr4,193101732,Zm00001eb196600,47,13,4,1.281606044025967,-0.27854042613218,2.8680227016065847,1.302507012952855,0.27854042613218,0.0016806722689075,7.951559833881355e-07,WW,0.0349342231695172,47,13,4,0.4539948691188318,-0.3418503819728434,1.258811098592182,0.6011320264033512,0.4161517697928142,0.0445378151260504,0.020902324764737,DS,0.1980143045360436,ww_only,-0.4648644962715815,-1.6092116030144026,1.6092116030144026,-0.8276111749071351,-0.0633099558406634,-0.466,stable,shifted,NAM_up_or_B73_down,0.7643012190664717
chr4,198955435,Zm00001eb198110,80,7,12,0.2626304256474387,-0.4757661205318399,2.3121133020345797,0.302419067792569,0.5019511409500311,0.0004763038818766,0.0001074821684209,WW,0.0220466954213084,80,7,12,0.2270856758088199,-0.3912356281970448,2.225423745897914,0.2417106629113312,0.4589326915769516,0.0017861395570373,0.0001201293466694,DS,0.0431550926149594,constitutive,0.7059138522640565,-0.08668955613666585,0.08668955613666585,-0.03554474983861883,0.0845304923347951,0.726,stable,unchanged,equal,0.12007524217341392
chr4,198983254,Zm00001eb198120,1786,9,8,0.0581318029081823,3.037298364484735,-1.4832384113788744,0.8427371485449983,3.0983395509749485,0.0009872480460715,0.0123438273841475,WW,0.0289507593855419,1786,9,8,0.0568311785564187,2.1214245755907504,-1.1001138593972162,0.9087220139101791,2.220024345695522,0.0152200740436034,0.0457808881922139,DS,0.1131280613659468,ww_only,-0.4457421379543062,0.3831245519816582,0.3831245519816582,-0.0013006243517636046,-0.9158737888939847,-0.446,stable,unchanged,equal,0.9145731645422212
chr4,205877979,Zm00001eb199940,290,7,10,1.303599994516041,-0.1646297562279033,4.099448807269747,1.303599994516041,0.2623065195753425,0.0001028383381324,3.9706506195906896e-05,WW,0.018794646214001,290,7,10,1.052367835870427,0.0005308417363779,4.259305226028561,1.052367835870427,0.1763214484829778,0.0001028383381324,6.248148192980607e-06,DS,0.0218131868131868,constitutive,0.7032899227322819,0.15985641875881385,0.15985641875881385,-0.2512321586456141,0.1651605979642812,0.706,stable,unchanged,equal,0.4163927566098953
chr4,207015716,Zm00001eb200140,52,10,8,1.0828728614631342,0.1034931239966486,2.3901232257568004,1.0828728614631342,0.4920878202709896,4.570592805886923e-05,0.0017437005447479,WW,0.018794646214001,52,10,8,0.908062236744436,0.3759593797919201,1.7081367029639385,0.908062236744436,0.4388440715409112,0.0043877690936514,0.0053342692898231,DS,0.0609991790252242,ww_only,0.5384065107277247,-0.6819865227928619,0.6819865227928619,-0.17481062471869824,0.2724662557952715,0.545,stable,unchanged,equal,0.44727688051396974
chr4,207892864,Zm00001eb200440,16,11,4,0.3417560130471223,0.0115612706634984,3.5253533727862294,0.3417560130471223,0.0669654882226861,0.0014652014652014,0.000677307137797,WW,0.0322312084688322,16,11,4,0.3317160429003117,0.083367490002623,2.47014271330448,0.3317160429003117,0.1073468831748625,0.0058608058608058,0.0079513618848881,DS,0.0699058879947249,ww_only,0.4366861385382005,-1.0552106594817494,1.0552106594817494,-0.010039970146810573,0.0718062193391246,0.438,stable,unchanged,equal,0.08184618948593517
chr4,207892864,Zm00001eb200450,74,11,4,-0.1070175964967303,0.7025459101378622,-1.3072108275586134,0.3913366097400493,0.9862834471340196,0.104029304029304,0.1557257963448866,WW,0.3155597638607347,74,11,4,-0.1612482457803992,0.4235080360459465,-1.251727534270409,0.3741502913147467,0.5283149443535191,0.1377289377289377,0.121006021976741,DS,0.3757711632122089,non_functional,1.2680659188299634,0.05548329328820434,0.05548329328820434,-0.0542306492836689,-0.27903787409191566,1.372,up,unchanged,equal,0.22480722480824678
chr4,208625246,Zm00001eb200590,27,12,6,0.7795012866432688,0.2249518304781156,0.9775651337333818,0.7795012866432688,0.6736457585185541,0.0244559362206421,0.2226403557724257,WW,0.1403216357727287,27,12,6,0.970452133902408,0.7770311446600181,0.2664925940826792,0.970452133902408,0.9168551178808054,0.1505063563887093,0.7115335597253086,DS,0.3948201847691379,non_functional,0.5088092896857094,-0.7110725396507026,0.7110725396507026,0.19095084725913924,0.5520793141819025,0.511,stable,unchanged,equal,0.36112846692276324
chr4,212104110,Zm00001eb201090,97,5,12,2.1213956680619144,-0.1518352661552135,8.233808800655808,2.1213956680619144,0.2096982173056471,0.0003232062055591,4.3270515944622784e-05,WW,0.0204994931767883,97,5,12,1.336635433102895,0.0690273420624132,3.2139457498753807,1.336635433102895,0.2900888480218146,0.0003232062055591,8.117165222353446e-05,DS,0.0232880998005553,constitutive,-0.4059521513442645,-5.019863050780428,5.019863050780428,-0.7847602349590195,0.2208626082176267,-0.41,stable,shifted,NAM_up_or_B73_down,1.005622843176646
chr4,212273966,Zm00001eb201100,83,4,11,0.432217826724486,-2.97150179629241,5.654307076768193,0.432217826724486,2.97150179629241,0.0014652014652014,3.285565254208967e-06,WW,0.0322312084688322,83,4,11,-0.6042146719132844,-2.1165036020443044,2.8996953727068444,0.6042146719132844,2.1165036020443044,0.0014652014652014,5.801291248972593e-05,DS,0.0386778801381148,constitutive,-0.4948144898040107,-2.7546117040613485,2.7546117040613485,-1.0364324986377704,0.8549981942481057,-0.513,stable,shifted,NAM_up_or_B73_down,1.8914306928858762
chr4,218320182,Zm00001eb202020,42,4,12,1.4320150972808583,-0.3761792081631523,3.775298494163311,1.4320150972808583,0.4544390121698693,0.001098901098901,0.0014522676025385,WW,0.0300596804016776,42,4,12,1.221594980400698,-0.3792910357962761,2.477809647470083,1.221594980400698,0.633146076296054,0.001098901098901,8.259411764283266e-06,DS,0.0349834128136014,constitutive,-1.198934114611453,-1.297488846693228,1.297488846693228,-0.21042011688016027,-0.003111827633123787,-1.198,down,unchanged,equal,0.20730828924703648
chr4,218406423,Zm00001eb202030,1793,5,9,-1.586275841253355,0.2604352135219805,-2.607601090587058,1.586275841253355,0.4179107974423622,0.0019980019980019,0.0096485986610847,WW,0.0381789212106284,1793,5,7,-2.5237598009982176,-0.3923449165097915,-2.022246993141743,2.5237598009982176,0.8778754936879002,0.005050505050505,0.0114480266084431,DS,0.0641113327633703,ww_only,-1.7256415856005989,0.5853540974453151,0.5853540974453151,-0.9374839597448625,-0.6527801300317719,-1.655,down,shifted,NAM_up_or_B73_down,0.2847038297130906
chr4,226807901,Zm00001eb203240,776,3,15,0.9657835528072284,-0.0343654487647896,3.3381285796970497,0.9657835528072284,0.2363252967875719,0.0024509803921568,0.0044899020085673,WW,0.0413684239925549,776,3,15,0.5059048832539002,-0.007802348586486,1.669907461037777,0.5059048832539002,0.2379183079022205,0.0392156862745098,0.0274527669933269,DS,0.1833605018770993,ww_only,0.4955860817369789,-1.6682211186592726,1.6682211186592726,-0.45987866955332823,0.0265631001783036,0.497,stable,shifted,NAM_up_or_B73_down,0.48644176973163183
chr4,231395241,Zm00001eb204030,849,7,7,-0.7753185888153702,0.0122597382639697,-3.7835989477168663,0.7753185888153702,0.1655550876791505,0.0005827505827505,1.331349290741821e-05,WW,0.0232820792261351,849,7,7,-0.4073315249973328,0.1755943222955873,-1.818901967031782,0.4528042047273487,0.2527090811362681,0.011072261072261,0.0052456982006425,DS,0.095762524532281,ww_only,0.8510061535029615,1.9646969806850842,1.9646969806850842,0.3679870638180374,0.1633345840316176,0.857,stable,shifted,B73_up_or_NAM_down,0.20465247978641982
chr4,243744385,Zm00001eb206750,1129,4,14,2.612969749285601,0.506090741286617,2.944753782779685,2.612969749285601,0.7159031515734581,0.0006535947712418,6.761449261184309e-05,WW,0.0232820792261351,1129,4,14,1.5271585636623852,0.4069662579102866,1.7324987112897683,1.5271585636623852,0.6500478738472033,0.0078431372549019,0.0038604045035241,DS,0.0804245456332931,ww_only,-0.6709953243431949,-1.2122550714899167,1.2122550714899167,-1.085811185623216,-0.0991244833763304,-0.673,stable,shifted,NAM_up_or_B73_down,0.9866867022468856
chr4,243828411,Zm00001eb206800,124,5,13,0.0819219737556516,0.5720350038842524,-1.5751372211586947,0.1208956341179023,0.5720350038842524,0.0028011204481792,0.0004140507934933,WW,0.0445594307731047,124,5,13,0.0757585330570485,0.4470257553914906,-1.851884207211261,0.0944635768900693,0.4470257553914906,0.0044351073762838,0.0001283491186449,DS,0.0610038172877846,ww_only,0.3765415447632409,-0.2767469860525662,0.2767469860525662,-0.006163440698603112,-0.12500924849276185,0.377,stable,unchanged,equal,0.11884580779415874
chr4,245967276,Zm00001eb207920,174,7,9,0.817001118360877,0.1118754422767421,2.4359645913347476,0.817001118360877,0.1465543197912207,0.0012237762237762,0.0018783607331838,WW,0.0301297495867631,174,7,9,0.5077736633046188,0.2887201859158509,0.9544485178304116,0.5077736633046188,0.2921028551419645,0.1737762237762238,0.1039978664643367,DS,0.4265301494480789,ww_only,0.4007467084284928,-1.481516073504336,1.481516073504336,-0.30922745505625815,0.17684474363910882,0.402,stable,shifted,NAM_up_or_B73_down,0.486072198695367
chr4,246974498,Zm00001eb208430,45,5,14,0.4170628356866492,0.0202832098380212,1.9874955046121832,0.4170628356866492,0.1570624442058246,0.001203990368077,0.0016783062833049,WW,0.0301297495867631,45,5,14,0.0228902472070549,-0.1818561687496641,1.0493018450652882,0.0962014814491238,0.2295294772005953,0.043687650498796,0.0246792096235784,DS,0.1952635451764068,ww_only,-0.0487307967029995,-0.9381936595468949,0.9381936595468949,-0.3941725884795943,-0.2021393785876853,-0.049,stable,shifted,NAM_up_or_B73_down,0.192033209891909
chr4,247481976,Zm00001eb208710,1599,6,8,0.1620389657064408,-0.125080072447271,1.9496355280057696,0.1620389657064408,0.1551536308766989,0.0026640026640026,0.0041742957260153,WW,0.0434852222607324,1599,6,8,0.1991322982883282,-0.0608777835631128,1.5830003053114583,0.1991322982883282,0.1649381436056778,0.0126540126540126,0.0084517247742642,DS,0.1027288669630289,ww_only,0.4053110516077997,-0.36663522269431126,0.36663522269431126,0.037093332581887406,0.06420228888415822,0.41,stable,unchanged,equal,0.02710895630227081
chr4,248497085,Zm00001eb209380,77,6,10,-0.5107803855900258,0.330828491949489,-1.735638527308187,0.5107803855900258,0.4865620125994844,0.0017482517482517,0.0013344597832155,WW,0.0361884492319274,77,6,9,-0.4022687432271796,0.1529423509231783,-2.4392806438547683,0.4022687432271796,0.214897386957902,0.0003996003996003,0.0002042515986424,DS,0.0257646075843921,constitutive,0.5854634812114528,-0.7036421165465814,0.7036421165465814,0.10851164236284622,-0.1778861410263107,0.593,stable,unchanged,equal,0.2863977833891569
chr5,2582951,Zm00001eb211620,278,6,13,-0.8526310055143469,0.0378344369910729,-2.0910089536695327,0.8526310055143469,0.3969851506246188,0.0014005602240896,0.0001234009449785,WW,0.0317884247910287,278,6,13,-0.4691722199406015,0.0500103945440198,-1.38621821560074,0.5065548697649485,0.3177868079028423,0.0124576146247972,0.0115287893800058,DS,0.1020345159014039,ww_only,0.6025195662991991,0.7047907380687926,0.7047907380687926,0.3834587855737454,0.012175957552946898,0.609,stable,shifted,B73_up_or_NAM_down,0.3712828280207985
chr5,2679905,Zm00001eb211740,177,13,3,-0.5553243164103853,-0.0571498595471124,-2.005689302297517,0.5553243164103853,0.0894495373222127,0.0035714285714285,0.000211140020026,WW,0.0495588381084564,177,13,4,-0.3870942493332536,0.1081806391994117,-2.0849588369365697,0.3870942493332536,0.2365097963752799,0.0008403361344537,0.0710052084210457,DS,0.0311047270827892,constitutive,-0.0984494796712362,-0.07926953463905262,0.07926953463905262,0.16823006707713167,0.1653304987465241,-0.098,stable,unchanged,equal,0.0028995683306075604
chr5,2722689,Zm00001eb211780,193,6,9,0.3188238781772463,-0.1729775856383721,1.478916406060164,0.3188238781772463,0.291730760881877,0.0027972027972027,0.0071517933174414,WW,0.0445594307731047,193,6,9,-0.0026537760135879,-0.0780537141717937,0.3561634808985855,0.1567793565002886,0.161687907970224,0.8639360639360639,0.5007617277451542,DS,0.9697906240790312,ww_only,0.5093046014146052,-1.1227529251615787,1.1227529251615787,-0.3214776541908342,0.0949238714665784,0.512,stable,shifted,NAM_up_or_B73_down,0.41640152565741256
chr5,3799865,Zm00001eb212520,1213,13,5,1.334653786933368,0.22991667100449,1.0582392699258938,1.334653786933368,0.22991667100449,0.0028011204481792,0.0069319535740447,WW,0.0445594307731047,1213,13,5,1.0787927442257363,0.2864109308457592,0.6044270877210283,1.1618509010905895,0.3641531342146741,0.207516339869281,0.0990422307517827,DS,0.471769967811962,ww_only,-2.0197191073203498,-0.4538121822048655,0.4538121822048655,-0.25586104270763155,0.056494259841269184,-2.019,down,unchanged,equal,0.31235530254890076
chr5,3929566,Zm00001eb212610,159,7,8,-0.8052604255612404,0.464871507624903,-2.54765941047764,0.8052604255612404,0.5665044833866095,0.0006216006216006,0.0003189710049701,WW,0.0232820792261351,159,7,8,-0.0826955733643266,0.2817411278215048,-0.6696498484090863,0.4054144224565067,0.528715686089253,0.3356643356643357,0.2108231074654178,DS,0.6120950495219238,ww_only,0.6000743381747364,1.878009562068554,1.878009562068554,0.7225648521969138,-0.1831303798033982,0.62,stable,shifted,B73_up_or_NAM_down,0.905695232000312
chr5,4304943,Zm00001eb212810,135,8,7,1.040223008986569,-0.4296636257618605,4.445932392927217,1.040223008986569,0.506001360197155,0.0003108003108003,1.3152983624035443e-05,WW,0.0204994931767883,135,8,7,0.9563939031811164,0.0092200912894653,2.392802273422336,0.9563939031811164,0.2525740245691909,0.0021756021756021,0.0004249206854845,DS,0.0460168921790601,constitutive,0.0734685145334319,-2.053130119504881,2.053130119504881,-0.08382910580545255,0.43888371705132584,0.074,stable,unchanged,equal,0.5227128228567783
chr5,4539678,Zm00001eb212940,852,4,13,1.1697571067911976,0.0528198510752111,4.068480694467539,1.1697571067911976,0.2226563905659604,0.0008403361344537,0.0006092678461639,WW,0.0263789032096355,852,4,13,1.103416018136523,0.0769160976159057,3.2084487922340985,1.103416018136523,0.2297035096304786,0.0008403361344537,0.0217335732363674,DS,0.0311047270827892,constitutive,-0.2353901782895512,-0.8600319022334402,0.8600319022334402,-0.0663410886546747,0.024096246540694602,-0.236,stable,unchanged,equal,0.0904373351953693
chr5,6342999,Zm00001eb214080,793,12,7,0.6629619668259522,-0.207295816790762,2.2276860119138893,0.6629619668259522,0.2173586280145058,3.969199015638645e-05,3.82249032822074e-05,WW,0.018794646214001,793,12,7,-0.2862817874129186,-0.8859678651701054,0.9210233754005492,0.5543941238265412,0.8859678651701054,0.1198301182821306,0.0952176582767676,DS,0.3481418287929831,ww_only,-2.6943819593413294,-1.30666263651334,1.30666263651334,-0.9492437542388708,-0.6786720483793434,-2.691,down,shifted,NAM_up_or_B73_down,0.2705717058595274
chr5,9017699,Zm00001eb215480,1544,9,7,-0.2272690865780272,1.0569576251115294,-2.1013939884170836,0.4230858224969149,1.0569576251115294,0.002097902097902,0.0036887206029473,WW,0.0386276706718695,1544,9,7,-0.6700223091722949,0.3849644224960283,-1.9379821740473064,0.6700223091722949,0.7710369480658541,0.0164335664335664,0.011787838296166,DS,0.1179895104895104,ww_only,0.4265120385263097,0.16341181436977714,0.16341181436977714,-0.4427532225942677,-0.6719932026155011,0.44,stable,shifted,NAM_up_or_B73_down,0.2292399800212334
chr5,9899872,Zm00001eb215680,52,11,6,0.9870790370467716,-0.0956487030127579,3.5012092021246386,0.9870790370467716,0.1985532808477148,0.0001616031027795,1.4936212942649125e-06,WW,0.018794646214001,52,11,5,1.1788918228317615,0.1051078362078267,2.5770178182911767,1.1788918228317615,0.3439260461756125,0.0018315018315018,0.0040136825688776,DS,0.0439886329566044,constitutive,-1.801413262242755,-0.9241913838334619,0.9241913838334619,0.19181278578498995,0.2007565392205846,-1.791,down,unchanged,equal,0.008943753435594642
chr5,10003009,Zm00001eb215710,457,4,14,-0.106832240312958,0.397857100728679,-2.5402543547607324,0.106832240312958,0.397857100728679,0.0006535947712418,7.779191227863512e-07,WW,0.0232820792261351,457,4,14,-0.2206721975562115,0.972274069902495,-3.025622920532979,0.2211987766619532,0.972274069902495,0.0006535947712418,0.0006463508660577,DS,0.0273519583864411,constitutive,-0.2346726020583828,-0.48536856577224663,0.48536856577224663,-0.1138399572432535,0.5744169691738159,-0.235,stable,unchanged,equal,0.6882569264170694
chr5,10159988,Zm00001eb215780,19,6,8,-0.8200601198707226,0.1757474072416902,-1.629426063828257,0.8200601198707226,0.3337645411048683,0.0026640026640026,0.0126238327500854,WW,0.0434852222607324,19,6,8,-0.3894764748921018,0.3110768293368395,-1.2982284163521498,0.3943711568111395,0.5304882443054316,0.0293040293040293,0.0235288823271309,DS,0.1597519335806896,ww_only,0.6866165747433262,0.33119764747610714,0.33119764747610714,0.4305836449786208,0.1353294220951493,0.702,stable,shifted,B73_up_or_NAM_down,0.2952542228834715
chr5,10575019,Zm00001eb216000,463,3,15,1.986754358183896,-0.4281555224070088,2.795908643910275,1.986754358183896,0.889533167719747,0.0024509803921568,0.0006938176214623,WW,0.0413684239925549,463,3,15,0.8521489108000168,0.299559494905776,0.9696924651114042,0.8521489108000168,0.5012547917104058,0.0563725490196078,0.0120707987390746,DS,0.2265082357610637,ww_only,-0.0385925989943341,-1.8262161787988709,1.8262161787988709,-1.1346054473838794,0.7277150173127849,-0.039,stable,shifted,NAM_up_or_B73_down,1.8623204646966642
chr5,13128960,Zm00001eb217010,113,15,4,-1.8287313125601716,-0.3872471525224694,-3.17754032182513,1.8287313125601716,0.7233043774305885,0.002063983488132,0.0448369095783193,WW,0.0381789212106284,113,15,4,-0.9103832297510808,-0.0669604280002403,-1.926637702058156,0.9103832297510808,0.6434558792408248,0.0092879256965944,0.1319965942836853,DS,0.087806147341031,ww_only,1.6799802130970063,1.2509026197669741,1.2509026197669741,0.9183480828090909,0.32028672452222906,1.699,up,shifted,B73_up_or_NAM_down,0.5980613582868618
chr5,14254464,Zm00001eb217390,153,5,12,-1.204222297886577,0.2473595127403479,-3.978152012615972,1.204222297886577,0.3558364626751624,0.0003232062055591,3.9458179077712505e-07,WW,0.0204994931767883,153,5,12,0.5001317202596549,0.1481271255484958,1.1936308787144123,0.5001317202596549,0.261800662202102,0.0365223012281835,0.0094598726536922,DS,0.1751461470788804,ww_only,3.099997648764936,5.171782891330384,5.171782891330384,1.704354018146232,-0.0992323871918521,3.124,up,shifted,B73_up_or_NAM_down,1.8035864053380841
chr5,14614921,Zm00001eb217560,206,8,10,-0.2633866810909214,0.3442021865228086,-1.8978470806063432,0.2633866810909214,0.4282654190363683,0.0020567667626491,0.0009186717894524,WW,0.0381789212106284,206,8,10,-0.1964656006099546,0.5546521128342252,-1.692136225887389,0.1964656006099546,0.6508061560659208,0.0043877690936514,0.0025791151714588,DS,0.0609991790252242,ww_only,1.335215357340384,0.20571085471895412,0.20571085471895412,0.06692108048096679,0.21044992631141662,1.335,up,unchanged,equal,0.14352884583044984
chr5,19107568,Zm00001eb219040,131,4,15,-1.524365904118387,0.0432904719128272,-2.4129589743381,1.524365904118387,0.4879856497641322,0.000515995872033,2.3074747342291393e-06,WW,0.0222282178940474,131,4,15,-0.7527189730332643,0.7394381720410909,-2.3162324231357116,0.7527189730332643,0.8370581602997171,0.002063983488132,9.092593328593064e-07,DS,0.0447904326733231,constitutive,2.958014069695277,0.09672655120238849,0.09672655120238849,0.7716469310851227,0.6961477001282637,2.977,up,shifted,B73_up_or_NAM_down,0.07549923095685906
chr5,19510487,Zm00001eb219210,205,3,14,-0.3778884448854652,0.4944108688832463,-2.194222350038236,0.3778884448854652,0.5106058600536519,0.0029411764705882,0.0003249451613532,WW,0.0446897908099409,205,3,14,-0.6310281862960415,0.1831020481925718,-2.017851659164435,0.6310281862960415,0.3193975269180535,0.0058823529411764,0.0127029929122935,DS,0.0699058879947249,ww_only,0.6280995773482435,0.1763706908738012,0.1763706908738012,-0.2531397414105763,-0.3113088206906745,0.639,stable,unchanged,equal,0.05816907928009818
chr5,21032251,Zm00001eb219710,105,10,7,4.547492115571719,1.8018666325853407,1.8420274464216304,4.547492115571719,1.87079079991596,0.0019539284245166,0.0034265058287475,WW,0.0381789212106284,105,10,7,4.340406564729496,1.6663201602200215,1.5597100403731805,4.340406564729496,1.6781934875582174,0.0046277252159605,0.0048850054066965,DS,0.0622664762327756,ww_only,-0.2177050315933258,-0.2823174060484499,0.2823174060484499,-0.20708555084222358,-0.13554647236531925,-0.218,stable,unchanged,equal,0.07153907847690433
chr5,32352203,Zm00001eb222310,871,10,8,0.0842089041767969,0.8720300150359143,-2.872397419327107,0.2172271229819788,0.8720300150359143,9.141185611773848e-05,1.6263686635242665e-05,WW,0.018794646214001,871,10,8,-0.0156646520494759,0.1423456089998968,-0.4853428269866252,0.2259668001393477,0.2584238453033951,0.3599341834635952,0.3159861672555794,DS,0.6369401030297738,ww_only,0.5007870922684039,2.387054592340482,2.387054592340482,-0.0998735562262728,-0.7296844060360175,0.516,stable,unchanged,equal,0.6298108498097447
chr5,51768174,Zm00001eb225790,133,14,3,-0.4577269550482846,0.1550295037120131,-4.027589696516818,0.4577269550482846,0.1550295037120131,0.0029411764705882,0.0132393973912163,WW,0.0446897908099409,133,14,3,-0.2994546763720179,0.3791882254972867,-5.064919128689385,0.2994546763720179,0.3791882254972867,0.0029411764705882,6.096992987620373e-11,DS,0.0508974358974358,ww_only,0.1258654864742696,-1.0373294321725668,1.0373294321725668,0.1582722786762667,0.2241587217852736,0.126,stable,unchanged,equal,0.0658864431090069
chr5,58804250,Zm00001eb227020,1342,10,9,-0.0058619763249208,1.522927008926849,-1.9000503046481223,0.276666018155875,1.522927008926849,0.0005202443475902,0.0027279415848597,WW,0.0222282178940474,1342,10,9,0.5291816632585784,0.9130048689209748,-0.3693701145762775,0.872057921532129,0.9130048689209748,0.4876683534589304,0.4295138503334509,DS,0.7392244630143718,ww_only,-2.2434061666919,1.5306801900718447,1.5306801900718447,0.5350436395834992,-0.6099221400058742,-2.188,down,shifted,B73_up_or_NAM_down,1.1449657795893735
chr5,59946133,Zm00001eb227200,1582,4,13,0.8783852797160588,0.1140096072241055,2.1035546470341795,0.8783852797160588,0.3027898307855746,0.0016806722689075,1.432086587838517e-05,WW,0.0349342231695172,1582,4,9,0.6790725189199418,0.1312714850431851,0.715665606557418,0.6790725189199418,0.6891003718297175,0.3300699300699301,0.1278652359008133,DS,0.6052826622702541,ww_only,-2.2100729190687702,-1.3878890404767614,1.3878890404767614,-0.19931276079611704,0.01726187781907959,-2.205,down,unchanged,equal,0.21657463861519663
chr5,60016925,Zm00001eb227230,326,6,11,-0.3183389011240339,0.2286689580569739,-1.037494032647709,0.7661082792893033,0.3046050067346503,0.2160633484162896,0.1541371625109035,WW,0.4774980896255666,326,6,11,-0.6928848778738766,-0.2095974255809729,-0.7309261852057151,0.9871777197536818,0.3798670377321862,0.2561409179056238,0.2762804124780497,DS,0.5269598946656703,non_functional,-2.05701434666306,0.30656784744199383,0.30656784744199383,-0.37454597674984275,-0.4382663836379468,-2.035,down,shifted,NAM_up_or_B73_down,0.06372040688810404
chr5,60016925,Zm00001eb227240,30,8,5,0.8489786731327245,0.0456466309827855,2.646568455196892,0.8489786731327245,0.0953788075439311,0.0015540015540015,0.0002732229295427,WW,0.0332696092867399,30,8,5,0.6396739090955469,0.1596766955190914,1.3706393138032904,0.6396739090955469,0.2322120204477512,0.0108780108780108,0.0207280177168992,DS,0.0950159992437818,ww_only,0.1985374929261185,-1.2759291413936016,1.2759291413936016,-0.20930476403717757,0.11403006453630589,0.199,stable,unchanged,equal,0.32333482857348345
chr5,60347328,Zm00001eb227310,1674,10,5,-0.367022372221234,-0.0776124932230143,-3.5388677633444767,0.367022372221234,0.0792231148026004,0.0006660006660006,0.0015317935714066,WW,0.0232820792261351,1674,10,6,-0.3348892210088828,0.0384980824731539,-2.5376901242267733,0.3348892210088828,0.178493206471442,0.0029970029970029,0.0061900962751164,DS,0.051555071945896,ww_only,-0.323778715377214,1.0011776391177034,1.0011776391177034,0.03213315121235122,0.1161105756961682,-0.324,stable,unchanged,equal,0.08397742448381698
chr5,60404792,Zm00001eb227330,43,5,14,-1.0444655636358344,0.0446239433962822,-1.667290906668397,1.0444655636358344,0.471485862815403,0.002063983488132,0.0026742231097062,WW,0.0381789212106284,43,5,14,-0.5619108550245173,0.1479342901135953,-0.91048908024704,0.5619108550245173,0.4509443109645322,0.0072239422084623,0.0132019843608444,DS,0.0765775695783962,ww_only,2.787279488491424,0.756801826421357,0.756801826421357,0.4825547086113171,0.1033103467173131,2.875,up,shifted,B73_up_or_NAM_down,0.379244361894004
chr5,60874715,Zm00001eb227400,23,6,13,1.3951622585238437,0.617732737159192,2.9460650086940543,1.3951622585238437,0.617732737159192,7.371369600471768e-05,1.0087349924411304e-06,WW,0.018794646214001,23,6,13,1.4067501824296609,0.4968722028142697,2.8514020468410175,1.4067501824296609,0.5142892198062683,0.000515995872033,0.0004354995997587,DS,0.0258598228243877,constitutive,0.453798612392406,-0.0946629618530368,0.0946629618530368,0.011587923905817199,-0.12086053434492228,0.454,stable,unchanged,equal,0.13244845825073948
chr5,61446348,Zm00001eb227670,47,9,10,2.0684098725779596,0.3342146149066373,5.566677341039486,2.0684098725779596,0.3342146149066373,0.0002797002701866,6.537816121404421e-07,WW,0.0204994931767883,47,9,10,1.2372430371618848,0.2229736138501633,1.7777550143708691,1.404076239295064,0.2229736138501633,0.0048487627216789,0.0060739135687104,DS,0.0628105558706548,ww_only,-0.1229400156529223,-3.788922326668617,3.788922326668617,-0.8311668354160748,-0.111241001056474,-0.124,stable,shifted,NAM_up_or_B73_down,0.7199258343596009
chr5,63257241,Zm00001eb228090,610,12,5,-0.304545097932105,0.3333342371628488,-2.5449077421128865,0.3352957922503556,0.362725042042051,0.0012928248222365,0.0032111182300959,WW,0.0306430974109065,610,12,5,-0.0771660145544897,0.2317404268563067,-1.37981056834003,0.1682025299685396,0.2520719393931283,0.0135746606334841,0.0900043506750902,DS,0.1070690120164214,ww_only,0.8081140991701615,1.1650971737728566,1.1650971737728566,0.2273790833776153,-0.10159381030654213,0.816,stable,unchanged,equal,0.32897289368415744
chr5,63491996,Zm00001eb228160,777,10,9,-0.1205866628243568,-1.2433861510603257,2.0950354777734055,0.4743837743138395,1.2433861510603257,0.0009436448512078,0.0002954570187114,WW,0.0284602148487962,777,10,9,0.0812049822621799,-1.3061098384614582,1.989794281773286,0.4747871179566815,1.322320502650285,0.002880484669027,0.0004312266931827,DS,0.0508974358974358,ww_only,1.9682848153834076,-0.10524119600011939,0.10524119600011939,0.2017916450865367,-0.06272368740113254,2.005,up,unchanged,equal,0.26451533248766923
chr5,84480191,Zm00001eb232710,758,8,10,-0.3744620876704569,0.4261450844191051,-1.8658103239065185,0.3808617783956339,0.5437291771992132,0.0030622971799442,0.0009907435407883,WW,0.0456629624566229,758,8,10,-0.1591288875579206,0.6733185216078397,-1.7475625437912097,0.2375072717831331,0.7404032295984206,0.0043877690936514,0.0015072614116161,DS,0.0609991790252242,ww_only,-0.1058320072026872,0.11824778011530879,0.11824778011530879,0.21533320011253632,0.24717343718873458,-0.106,stable,unchanged,equal,0.03184023707619826
chr5,91349547,Zm00001eb233730,35,15,4,0.1893183892899886,-0.2523935599202619,3.4592371020439923,0.2048083911979116,0.2523935599202619,0.000515995872033,0.0002987515125297,WW,0.0222282178940474,35,15,4,0.1463572127027357,-0.0441093508153976,1.1921491483107598,0.1906366472322013,0.0836838783398445,0.0485036119711042,0.0106634583361731,DS,0.2062269280930171,ww_only,0.5488430961714789,-2.2670879537332325,2.2670879537332325,-0.0429611765872529,0.2082842091048643,0.554,stable,unchanged,equal,0.2512453856921172
chr5,100436856,Zm00001eb234620,1651,10,5,-1.0554718012905258,-0.0668362682420418,-3.529893362878096,1.0554718012905258,0.3035242150006277,0.0006660006660006,0.0025246374100282,WW,0.0232820792261351,1651,10,5,-0.9709263350477508,-0.2137098718062317,-1.6922612133562702,0.9709263350477508,0.644910876606741,0.0026640026640026,0.0802108062944196,DS,0.0497124994820847,constitutive,0.0,1.8376321495218257,1.8376321495218257,0.08454546624277492,-0.14687360356418988,-0.001,stable,unchanged,equal,0.2314190698069648
chr5,138337529,Zm00001eb237500,926,6,11,1.5586557667897585,-0.1664991921049194,3.7777959774192538,1.5586557667897585,0.2892725560594884,0.0001616031027795,0.0007783607175782,WW,0.018794646214001,926,6,11,1.5257661780658405,-0.1747294591063802,3.966865493252396,1.5257661780658405,0.289914926479697,0.0001616031027795,0.0001898810833582,DS,0.0232874033860875,constitutive,-0.8694184847994458,0.18906951583314235,0.18906951583314235,-0.032889588723918006,-0.008230267001460817,-0.87,stable,unchanged,equal,0.02465932172245719
chr5,147071399,Zm00001eb238620,54,10,8,-0.6531094652819103,0.0689057838487847,-2.105279106083744,0.6531094652819103,0.3344275897704992,0.0030622971799442,0.0006581341439819,WW,0.0456629624566229,54,10,8,0.0230729165016971,0.6918456170104748,-1.399105084187568,0.3952464062613624,0.6918456170104748,0.0155400155400155,0.0103900966509734,DS,0.1148735650378585,ww_only,0.4757654879332589,0.7061740218961758,0.7061740218961758,0.6761823817836073,0.6229398331616901,0.478,stable,shifted,B73_up_or_NAM_down,0.05324254862191724
chr5,147580358,Zm00001eb238670,910,8,5,0.4464877499989685,-0.3253529697826717,2.4816655013220217,0.4464877499989685,0.3253529697826717,0.0015540015540015,0.0046553703902857,WW,0.0332696092867399,910,8,5,0.4149225515332093,0.4534315490848524,-0.0967928501086995,0.4872992058319555,0.4534315490848524,0.7241647241647241,0.8678238378879429,DS,0.8967435960158563,ww_only,3.5358111311171045,-2.5784583514307213,2.5784583514307213,-0.031565198465759225,0.7787845188675241,3.585,up,unchanged,equal,0.8103497173332833
chr5,159177486,Zm00001eb240160,614,4,13,0.5877216081983732,-0.2285836887103969,3.1504239585087928,0.5877216081983732,0.2727134809150822,0.0033613445378151,0.0152067578188249,WW,0.0477707500910812,614,4,13,0.3948814448074099,-0.132874665046541,1.2697420607298686,0.3948814448074099,0.2636895569355229,0.0445378151260504,0.12344452578149,DS,0.1980143045360436,ww_only,1.5747326627945653,-1.8806818977789241,1.8806818977789241,-0.19284016339096327,0.09570902366385589,1.577,up,unchanged,equal,0.28854918705481913
chr5,162417985,Zm00001eb240750,1492,6,11,-0.0259685060703615,1.4169498587121268,-1.964323814407831,0.3932974130855206,1.4169498587121268,0.001131221719457,0.0004295256068839,WW,0.0301297495867631,1492,6,11,0.5335513863781142,1.599749117136946,-1.0913641839581316,0.9902602055682884,1.599749117136946,0.0782159017453135,0.0817517839264751,DS,0.2740331134516979,ww_only,1.8224702892283424,0.8729596304496994,0.8729596304496994,0.5595198924484757,0.18279925842481926,2.026,up,shifted,B73_up_or_NAM_down,0.3767206340236564
chr5,165941716,Zm00001eb241400,33,6,12,-1.065342266891302,-0.2446367171097357,-2.196548634888758,1.065342266891302,0.3668924422531123,0.0012928248222365,0.0001778307383485,WW,0.0306430974109065,33,6,12,-0.8750932794252537,-0.0982798711623408,-3.208681584796874,0.8750932794252537,0.2414407436905673,0.000107735401853,2.6266180607697156e-06,DS,0.0218131868131868,constitutive,1.5652220609489211,-1.012132949908116,1.012132949908116,0.19024898746604824,0.1463568459473949,1.609,up,unchanged,equal,0.04389214151865334
chr5,167200610,Zm00001eb241780,622,12,6,0.8012471689660567,-1.380192576817464,2.655864129862715,0.9379449826359066,1.380192576817464,0.000107735401853,7.279763680412425e-06,WW,0.018794646214001,622,12,6,-0.0409002528997954,-1.403032851794446,1.4818832786172702,0.7960142046095502,1.403032851794446,0.0096961861667744,0.0070198455882647,DS,0.0884975479268836,ww_only,0.6273484771483678,-1.1739808512454448,1.1739808512454448,-0.8421474218658521,-0.022840274976981823,0.632,stable,shifted,NAM_up_or_B73_down,0.8193071468888703
chr5,177500754,Zm00001eb243970,765,7,11,4.29428778240273,1.343931662531472,2.263355253610987,4.29428778240273,1.4379465179735182,0.0028280542986425,0.0029613322691523,WW,0.044668067737485,765,8,11,3.6168285643916422,0.8133745280590751,2.2343965104124375,3.6168285643916422,0.9527030262787982,0.0025402873700087,0.0013539953772882,DS,0.0489373914182367,constitutive,-0.6497110024017484,-0.02895874319854963,0.02895874319854963,-0.6774592180110877,-0.5305571344723968,-0.651,stable,shifted,NAM_up_or_B73_down,0.14690208353869083
chr5,179748634,Zm00001eb244930,1903,5,12,0.934299411134728,-0.8591172700937927,4.755181328456264,0.934299411134728,0.8591172700937927,0.0003232062055591,5.227124805434746e-05,WW,0.0204994931767883,1903,5,12,1.447681033381701,-0.3987463788302897,4.533173658989428,1.447681033381701,0.4919382344019452,0.0003232062055591,4.557723848282054e-05,DS,0.0232880998005553,constitutive,0.6423398573583469,-0.22200766946683625,0.22200766946683625,0.5133816222469729,0.460370891263503,0.652,stable,shifted,B73_up_or_NAM_down,0.05301073098346992
chr5,181666853,Zm00001eb245410,1176,5,11,-0.1947498340540867,0.2337466266431739,-3.7981634416581014,0.1947498340540867,0.2337466266431739,0.0004578754578754,0.0002975336872894,WW,0.0217474528638424,1176,5,11,-0.2598015607313139,0.1349485695551912,-3.4239487250672425,0.2598015607313139,0.1349485695551912,0.0004578754578754,0.000641085473854,DS,0.0258261774655217,constitutive,0.5761206346292312,0.3742147165908589,0.3742147165908589,-0.0650517266772272,-0.0987980570879827,0.578,stable,unchanged,equal,0.033746330410755504
chr5,183345807,Zm00001eb245840,146,10,8,0.0961083708313774,0.7403224516934488,-3.15244639510801,0.1997559430449972,0.7403224516934488,9.141185611773848e-05,4.76163085941783e-06,WW,0.018794646214001,146,10,8,0.049228351920653,0.5647409145361586,-1.4827498585585104,0.3433478858147603,0.5647409145361586,0.0030622971799442,0.0047873046353053,DS,0.0515813666102683,ww_only,0.223758773294699,1.6696965365494998,1.6696965365494998,-0.046880018910724394,-0.1755815371572902,0.224,stable,unchanged,equal,0.12870151824656578
chr5,185128518,Zm00001eb246360,674,6,12,0.7456904432766218,0.320993896400024,1.7264739613453068,0.7456904432766218,0.3784670755035995,0.000107735401853,0.0003549099251641,WW,0.018794646214001,674,6,12,0.8242857545713597,0.2616559155087891,2.1918306539132204,0.8242857545713597,0.3472725347189007,0.000107735401853,8.726091495150326e-05,DS,0.0218131868131868,constitutive,0.9469359215427128,0.46535669256791357,0.46535669256791357,0.07859531129473785,-0.05933798089123493,0.948,stable,unchanged,equal,0.13793329218597278
chr5,185610092,Zm00001eb246440,485,3,14,0.5395661829613899,0.0737793860690924,2.859521921753124,0.5395661829613899,0.1558125329911316,0.0029411764705882,0.0043161742945033,WW,0.0446897908099409,485,3,14,0.4401997759700869,0.0952415248169626,1.2723140197889713,0.4401997759700869,0.233346166411777,0.0323529411764705,0.0106486462898708,DS,0.1670193778684344,ww_only,-0.1423557294807622,-1.5872079019641527,1.5872079019641527,-0.099366406991303,0.021462138747870202,-0.143,stable,unchanged,equal,0.1208285457391732
chr5,185969286,Zm00001eb246590,190,5,12,3.4766028608799453,1.2979317660797025,3.5318198703638135,3.4766028608799453,1.2979317660797025,0.0003232062055591,1.8200945023210845e-06,WW,0.0204994931767883,190,5,12,3.7144982781156335,0.6647156285886907,6.033713218096797,3.7144982781156335,0.6920688585488751,0.0003232062055591,0.0001173432592066,DS,0.0232880998005553,constitutive,-0.0469359957667912,2.5018933477329837,2.5018933477329837,0.2378954172356882,-0.6332161374910118,-0.047,stable,unchanged,equal,0.8711115547267
chr5,187363173,Zm00001eb246850,162,10,5,-0.7283056950486818,-0.233458750883832,-2.141695818056016,0.7283056950486818,0.3211460203003538,0.0006660006660006,0.0077501664046924,WW,0.0232820792261351,162,10,5,-0.419391793352309,0.1080244523331844,-1.6236328736657175,0.419391793352309,0.3677072876898426,0.0552780552780552,0.0565053125847527,DS,0.2253926866707319,ww_only,1.0626325966311343,0.5180629443902987,0.5180629443902987,0.30891390169637284,0.3414832032170164,1.087,up,shifted,B73_up_or_NAM_down,0.03256930152064358
chr5,190042182,Zm00001eb247540,171,6,11,-1.342038909653357,0.1567692469419215,-2.659275807693594,1.342038909653357,0.5078620266332866,0.0001616031027795,1.2422629854477416e-05,WW,0.018794646214001,171,6,10,-1.5145148877393222,0.0053584122177256,-2.3913423520042305,1.5145148877393222,0.4612126515297811,0.0017482517482517,0.0009426565551683,DS,0.0431550926149594,constitutive,-1.706466440831073,0.26793345568936333,0.26793345568936333,-0.17247597808596526,-0.1514108347241959,-1.674,down,unchanged,equal,0.021065143361769373
chr5,192527539,Zm00001eb248290,217,6,7,0.3560353175925607,-0.2278750908491975,3.045989640162528,0.3560353175925607,0.2389106255759569,0.0023310023310023,0.0005851982430563,WW,0.0405310631397587,217,6,7,0.287578890044815,-0.153818395597718,3.820240702109283,0.287578890044815,0.1778201028140923,0.0011655011655011,3.208728244387312e-05,DS,0.0355390091835874,constitutive,0.5773932025172648,0.7742510619467549,0.7742510619467549,-0.06845642754774567,0.07405669525147948,0.579,stable,unchanged,equal,0.14251312279922515
chr5,192696772,Zm00001eb248350,17,10,8,-0.6587462840507612,-0.0719183045368756,-1.8516121682967428,0.6587462840507612,0.2792381206795626,0.0020567667626491,0.001783001415129,WW,0.0381789212106284,17,10,8,-0.5404287632946453,-0.0975581778054608,-1.5313636069177523,0.5404287632946453,0.3359246184300906,0.0116550116550116,0.0151238974658895,DS,0.0991925266830689,ww_only,0.9912759811665536,0.3202485613789905,0.3202485613789905,0.1183175207561159,-0.025639873268585203,1.02,up,unchanged,equal,0.1439573940247011
chr5,192898521,Zm00001eb248530,459,7,11,-2.480865724209474,-0.8400698849830911,-2.1032526355903545,2.480865724209474,0.907121141040904,0.0007541478129713,0.0005281021560391,WW,0.0251913816382048,459,7,11,-1.6938196625351405,-0.636370398137013,-1.5449616230162189,1.6938196625351405,0.6663811701861941,0.0153971845148315,0.0118546990402783,DS,0.1141093685475091,ww_only,0.229937964228641,0.5582910125741356,0.5582910125741356,0.7870460616743333,0.20369948684607808,0.244,stable,shifted,B73_up_or_NAM_down,0.5833465748282552
chr5,192898521,Zm00001eb248540,1496,7,10,0.393603330207715,1.8878540527673529,-2.1405742419211933,0.675899890239252,1.8878540527673529,0.0030851501439736,0.0024295699312832,WW,0.0456629624566229,1496,7,10,1.5002297150658992,2.4098941765745607,-0.9043497660565044,1.5002297150658992,2.4098941765745607,0.1932332373508844,0.1382421756906618,DS,0.4535582374963317,ww_only,2.814542632937222,1.236224475864689,1.236224475864689,1.1066263848581843,0.5220401238072079,2.978,up,shifted,B73_up_or_NAM_down,0.5845862610509764
chr5,193107259,Zm00001eb248620,131,6,13,-1.5271985555006908,1.506762765386502,-2.7498261377518025,1.5271985555006908,1.6468754826023344,0.0007297384380704,1.1296611108851864e-06,WW,0.024731948826538,131,6,11,-0.6297099604914057,2.1681187943455105,-2.5002449630035803,0.6742464963732203,2.1681187943455105,0.0001616031027795,8.61691462392134e-05,DS,0.0232874033860875,constitutive,0.2366884127402541,0.24958117474822217,0.24958117474822217,0.8974885950092851,0.6613560289590086,0.245,stable,shifted,B73_up_or_NAM_down,0.23613256605027655
chr5,199009303,Zm00001eb250370,374,12,4,1.1284269854036322,0.3198952334010572,1.348648260127027,1.1284269854036322,0.3198952334010572,0.0197802197802197,0.0019568070505333,WW,0.1220380360152035,374,12,4,0.3119387744521482,0.0586114197227266,0.457439035753732,0.5626584687825673,0.1933548214408079,0.3791208791208791,0.2540071706048304,DS,0.6491383035569082,non_functional,-0.7671038426472646,-0.8912092243732951,0.8912092243732951,-0.8164882109514839,-0.2612838136783306,-0.769,stable,shifted,NAM_up_or_B73_down,0.5552043972731533
chr5,204023118,Zm00001eb250610,112,5,14,-0.3422725035241628,-0.0527449789910479,-1.5315409708030423,0.3422725035241628,0.1917347069509731,0.000343997248022,0.0002523734791202,WW,0.020746612438007,112,5,14,-0.1373908994342716,0.0141088636421826,-0.646503437691618,0.2301649708961846,0.1904325948719837,0.2566219470244238,0.2757538610693899,DS,0.5269598946656703,ww_only,0.4055431525215232,0.8850375331114243,0.8850375331114243,0.20488160408989117,0.0668538426332305,0.408,stable,unchanged,equal,0.13802776145666068
chr5,205962090,Zm00001eb251070,1263,6,13,0.7541725865620039,-0.0722305558477782,1.6588664470061796,0.7541725865620039,0.3058967914538939,0.0008845643520566,0.0006063226011261,WW,0.0275081629606905,1263,6,13,0.7657835192801219,-0.1269150781019285,1.0939184209987296,1.0601483883482368,0.531288580147746,0.0462184873949579,0.1074151299301402,DS,0.2030784970238095,ww_only,-0.4427774986498319,-0.56494802600745,0.56494802600745,0.011610932718117972,-0.05468452225415031,-0.448,stable,unchanged,equal,0.06629545497226828
chr5,208499872,Zm00001eb251900,78,9,10,-0.9399998820971766,0.1129370646936484,-2.044590405729082,0.9399998820971766,0.498020518030975,0.002880484669027,0.0004261923972817,WW,0.0446897908099409,78,9,10,-0.8482608034109099,0.023528815609013,-1.6944030806480583,0.8796689008521137,0.4531360933283898,0.0079634892065499,0.0017114231568444,DS,0.0804245456332931,ww_only,0.6426874487162182,0.35018732508102346,0.35018732508102346,0.09173907868626663,-0.0894082490846354,0.657,stable,unchanged,equal,0.18114732777090203
chr5,209205811,Zm00001eb252160,979,5,11,0.7205519102179534,-0.1214159493998263,2.356414534940128,0.7205519102179534,0.3086267359251588,0.0004578754578754,0.0003996337199584,WW,0.0217474528638424,979,5,11,1.0113796861381186,-0.4183395836429048,2.3086647169343006,1.0113796861381186,0.6506236150426228,0.0018315018315018,0.0002628600832646,DS,0.0439886329566044,constitutive,-2.9416552915855667,-0.04774981800582756,0.04774981800582756,0.2908277759201652,-0.2969236342430785,-2.928,down,unchanged,equal,0.5877514101632437
chr5,209563666,Zm00001eb252250,469,3,13,-0.57140324271064,0.1645368257525518,-3.2031539390461403,0.57140324271064,0.1968204384332536,0.0035714285714285,0.0005842438947957,WW,0.0495588381084564,469,3,13,-0.0074664830716966,-0.0968885983984742,0.4755650295451066,0.0594839618174923,0.1775048911451564,0.6107142857142858,0.2619554344840631,DS,0.8256080752391763,ww_only,0.1623636249276206,3.678718968591247,3.678718968591247,0.5639367596389434,-0.261425424151026,0.163,stable,shifted,B73_up_or_NAM_down,0.8253621837899694
chr5,209976915,Zm00001eb252380,336,13,6,-0.7366490335228302,-2.0231970546535725,1.350565093959835,1.044813185582004,2.0231970546535725,0.0092142120005897,0.004926203211797,WW,0.0807748282173572,336,13,6,-0.0362663756599308,-1.490638968413683,1.5680625148879752,0.8621389492161392,1.490638968413683,0.0047176765443019,0.000589767265706,DS,0.0622664762327756,non_functional,1.2784815937909222,0.21749742092814017,0.21749742092814017,0.7003826578628993,0.5325580862398895,1.396,up,shifted,B73_up_or_NAM_down,0.1678245716230098
chr5,210135106,Zm00001eb252460,1702,6,11,1.9393562791815484,-0.4252167047930706,2.756466316953514,1.9393562791815484,0.5814735140655594,0.0006464124111182,0.0043476062583696,WW,0.0232820792261351,1702,6,11,1.0482745612350242,-0.8220705865278973,1.907349309722148,1.3904319650220878,0.9037307134273976,0.0103425985778926,0.0124719937701682,DS,0.0910067767955642,ww_only,-0.8365834581094128,-0.8491170072313663,0.8491170072313663,-0.8910817179465242,-0.3968538817348267,-0.839,stable,shifted,NAM_up_or_B73_down,0.4942278362116975
chr5,210672360,Zm00001eb252640,602,6,11,-0.7837696730833109,0.3851691685337757,-2.1907146604441197,0.7837696730833109,0.6173915610158005,0.0030704589528118,0.0012425636054381,WW,0.0456629624566229,602,6,11,-0.3657019761356381,0.1462841859990793,-0.804611215210485,0.8035363134410886,0.2892845420396846,0.4623464770523594,0.2541491688019232,DS,0.7171080987344202,ww_only,0.5723299925340329,1.3861034452336347,1.3861034452336347,0.4180676969476728,-0.2388849825346964,0.597,stable,shifted,B73_up_or_NAM_down,0.6569526794823692
chr5,212216401,Zm00001eb253150,377,8,11,0.6304933564101195,0.1741199744144869,1.668390406457259,0.6304933564101195,0.2285552638895587,0.0025402873700087,0.0014271906913985,WW,0.0418759985578686,377,8,11,0.8147292652067606,0.3991632306242479,0.9841467332022532,0.8147292652067606,0.4924396858723511,0.0203487602868407,0.0375976575286071,DS,0.1295571095571095,ww_only,0.6084459352483631,-0.6842436732550058,0.6842436732550058,0.1842359087966411,0.225043256209761,0.612,stable,unchanged,equal,0.04080734741311992
chr5,213145580,Zm00001eb253690,11,3,14,-0.7069404166493171,0.3510383353432427,-2.9498392138652547,0.7069404166493171,0.3883101464769184,0.0029411764705882,0.0001752993112024,WW,0.0446897908099409,11,3,14,-0.2101130313519897,0.2949334932363599,-1.9653891502530625,0.2759219585544726,0.3206145817040117,0.0323529411764705,0.1839028984672218,DS,0.1670193778684344,ww_only,0.5499092434317459,0.9844500636121922,0.9844500636121922,0.4968273852973274,-0.05610484210688277,0.558,stable,shifted,B73_up_or_NAM_down,0.5529322274042101
chr5,216053809,Zm00001eb254940,9,6,6,1.862535192117788,0.7125238671155697,3.02928411871837,1.862535192117788,0.7125238671155697,0.0021645021645021,0.000717024908385,WW,0.038891268213993,9,6,6,2.098667212737118,0.981312947226559,2.5487465977410935,2.098667212737118,0.981312947226559,0.0043290043290043,0.0013593873019613,DS,0.0609991790252242,ww_only,-0.0515722686692924,-0.4805375209772764,0.4805375209772764,0.23613202061933003,0.26878908011098934,-0.052,stable,unchanged,equal,0.03265705949165931
chr5,218429727,Zm00001eb255980,333,11,6,0.7487163699703315,-1.6027757410587669,3.4259594706209664,0.8630163967109116,1.6027757410587669,0.0001616031027795,7.083214400797262e-07,WW,0.018794646214001,333,10,6,0.8936607418686036,-1.2832434821181031,3.2326313459775013,0.9356480807051216,1.2832434821181031,0.0002497502497502,3.94899775015569e-06,DS,0.0232880998005553,constitutive,1.7685760724473485,-0.19332812464346505,0.19332812464346505,0.14494437189827203,0.3195322589406637,1.919,up,unchanged,equal,0.1745878870423917
chr5,219599710,Zm00001eb256460,417,5,9,0.9422962472478252,-1.556658432442405,2.4707938643920846,0.9422962472478252,1.5951765664169746,0.0019980019980019,0.0016504076656005,WW,0.0381789212106284,417,6,9,0.3931938380606996,-0.4097425379084058,0.8015801594557663,0.6657285997987336,0.8433036124650237,0.1446553446553446,0.150397977604077,DS,0.3870027435566548,ww_only,1.612746382922006,-1.6692137049363183,1.6692137049363183,-0.5491024091871257,1.1469158945339992,1.934,up,shifted,NAM_up_or_B73_down,1.696018303721125
chr5,222003901,Zm00001eb257810,34,6,13,-1.6941630369155305,0.0735734881268087,-3.7723721103992873,1.6941630369155305,0.3034878838291951,7.371369600471768e-05,0.0002406845002808,WW,0.018794646214001,34,6,13,-0.3404894097115636,0.2764360057912507,-0.6716775565913249,0.7489979411500265,0.8761413780086381,0.1517765000737137,0.2059333084147905,DS,0.3957016220695958,ww_only,0.6931483818448934,3.1006945538079624,3.1006945538079624,1.353673627203967,0.20286251766444202,0.725,stable,shifted,B73_up_or_NAM_down,1.1508111095395248
chr5,222551203,Zm00001eb258090,611,9,8,-0.3513102797011094,0.8227417487727016,-1.912885228440008,0.3513102797011094,0.8657924884180312,0.0001645413410119,0.0071175301237658,WW,0.018794646214001,611,9,8,-0.4680363655029113,1.0255033362059591,-1.794719460342852,0.4680363655029113,1.0883379388041328,0.0001645413410119,0.0097824215604658,DS,0.0232874033860875,constitutive,0.7021156576136798,0.11816576809715595,0.11816576809715595,-0.11672608580180188,0.20276158743325756,0.705,stable,unchanged,equal,0.31948767323505944
chr5,222744777,Zm00001eb258170,18,6,12,0.5900051022241505,0.0387278221532668,4.794804588729204,0.5900051022241505,0.0808484685077264,0.000107735401853,3.3509390429173265e-05,WW,0.018794646214001,18,6,12,0.6042180321142566,0.0915270318752003,3.836569657186966,0.6042180321142566,0.1396422667391335,0.000107735401853,6.657596763826462e-06,DS,0.0218131868131868,constitutive,0.3073518543664235,-0.958234931542238,0.958234931542238,0.01421292989010614,0.0527992097219335,0.308,stable,unchanged,equal,0.03858627983182736
chr5,224090715,Zm00001eb258890,119,3,16,-0.2168990589948685,0.1142861648226042,-1.9659522012096315,0.2168990589948685,0.1751993829538562,0.002063983488132,2.0537440792549915e-06,WW,0.0381789212106284,119,3,16,-0.2077360358072856,0.0786283632665693,-1.505239874207302,0.2077360358072856,0.1788070057422756,0.0639834881320949,0.0030711030720193,DS,0.2439227422727407,ww_only,0.4646421805551757,0.46071232700232945,0.46071232700232945,0.009163023187582886,-0.0356578015560349,0.467,stable,unchanged,equal,0.04482082474361779
chr5,224227778,Zm00001eb258970,174,6,12,0.6900426044987896,0.0235456785247208,1.9470201753611005,0.6900426044987896,0.3224229961437913,0.0020469726352079,0.0003552479189777,WW,0.0381789212106284,174,6,12,1.0277731943391812,0.1253035964775719,2.5405481218198545,1.0277731943391812,0.3311743676769836,0.0004309416074121,7.167264114382363e-06,DS,0.0258261774655217,constitutive,1.0384472746767703,0.593527946458754,0.593527946458754,0.3377305898403916,0.10175791795285109,1.049,up,shifted,B73_up_or_NAM_down,0.2359726718875405
chr5,224227778,Zm00001eb258980,111,5,9,-0.3831843723448677,-0.3900636103152233,0.0066493879189264,0.3831843723448677,0.8491679858121987,0.3501178793024773,0.9876216341498664,WW,0.625848667441253,111,5,9,-0.1458635945168892,-0.0470967160870805,-0.1058646224900223,0.2199155437383471,0.807902073890349,0.6993006993006993,0.8069686101731044,DS,0.8845759261230574,non_functional,0.5329408210045571,-0.1125140104089487,0.1125140104089487,0.23732077782797847,0.3429668942281428,0.551,stable,unchanged,equal,0.10564611640016433
chr5,224374169,Zm00001eb259070,98,5,8,-0.1721422113313246,0.0907816232296546,-1.9506466122771968,0.1721422113313246,0.1324088931139127,0.0031080031080031,0.0021758414184257,WW,0.0456632109828289,98,5,8,-0.0761414282450079,0.0012451156428562,-0.2766068453307247,0.1131239287713171,0.2387897147409282,0.9432789432789432,0.5723226187312699,DS,1.0,ww_only,-1.4792097486285114,1.6740397669464722,1.6740397669464722,0.0960007830863167,-0.0895365075867984,-1.479,down,unchanged,equal,0.18553729067311509
chr6,7501354,Zm00001eb260350,513,6,12,1.072010719013002,-0.4602388975492286,2.5400762004351027,1.072010719013002,0.5654647985834965,0.000215470803706,0.000705679071342,WW,0.0201065862242332,513,4,12,0.2232711990208719,-0.9249661694185604,1.739877017780243,0.5917539961039749,0.9249661694185604,0.0296703296703296,0.058737799153097,DS,0.160324303398763,ww_only,-1.81181438010962,-0.8001991826548598,0.8001991826548598,-0.84873951999213,-0.46472727186933177,-1.709,down,shifted,NAM_up_or_B73_down,0.38401224812279827
chr6,8188344,Zm00001eb260480,558,12,4,0.6699628195230359,-0.0942153146555575,3.549157090970949,0.6699628195230359,0.1758470761332108,0.001098901098901,0.0016425070361245,WW,0.0300596804016776,558,12,4,0.6123878238891622,-0.2715878172245239,4.052456854363249,0.6123878238891622,0.2715878172245239,0.001098901098901,2.033497993114711e-08,DS,0.0349834128136014,constitutive,0.3569389533741499,0.5032997633922998,0.5032997633922998,-0.05757499563387369,-0.17737250256896642,0.358,stable,unchanged,equal,0.11979750693509272
chr6,10181290,Zm00001eb260960,914,6,5,0.0752371066790774,0.1440277497256438,-0.4360493339457481,0.0870929761250346,0.2156227106013467,0.4285714285714285,0.5304339212723624,WW,0.6907160704210756,914,6,5,0.0796832626918736,0.0964964449099184,-0.1318373343590475,0.0862464172811987,0.1129111359616981,0.7922077922077921,0.8397589259457113,DS,0.9353125776497548,non_functional,0.9197049081377168,0.3042119995867006,0.3042119995867006,0.004446156012796201,-0.0475313048157254,0.923,stable,unchanged,equal,0.0519774608285216
chr6,10181290,Zm00001eb260970,1874,7,9,0.3736927033228011,0.0939476649179465,1.9429595644003144,0.3736927033228011,0.1453574593102389,0.0033216783216783,0.0011823059629709,WW,0.0473416106345543,1874,7,9,0.0862262961637128,-0.0052418315570495,0.5118496586103731,0.175265461339145,0.1253396314560123,0.2991258741258741,0.3483746776810012,DS,0.5726552168519832,ww_only,0.396169469268165,-1.4311099057899412,1.4311099057899412,-0.2874664071590883,-0.099189496474996,0.397,stable,unchanged,equal,0.18827691068409227
chr6,29131841,Zm00001eb264550,1,8,11,0.9872067670584832,0.291968484205155,2.561056018508379,0.9872067670584832,0.3391797034321637,0.0001058453070836,1.913454281344915e-05,WW,0.018794646214001,1,8,11,0.5836129694391998,0.1403869348311233,1.329190192933531,0.5836129694391998,0.2793783654877028,0.0068005609801275,0.0133559381036571,DS,0.0752324190156283,ww_only,-0.0007527759319702,-1.231865825574848,1.231865825574848,-0.4035937976192834,-0.15158154937403168,-0.0,stable,shifted,NAM_up_or_B73_down,0.2520122482452517
chr6,36004831,Zm00001eb265520,724,9,10,0.1760145474959278,1.6062767557785085,-1.8028207373331089,0.3830668426490593,1.673971066957515,0.002880484669027,0.0013418532897051,WW,0.0446897908099409,724,9,10,0.5956712171321356,0.7974849477576942,-0.2719603356196217,0.6884344764405939,0.9372719851033722,0.7133031738784577,0.5530839923525381,DS,0.8910198297789943,ww_only,0.5936227424010345,1.5308604017134873,1.5308604017134873,0.41965666963620774,-0.8087918080208143,0.599,stable,shifted,B73_up_or_NAM_down,1.2284484776570221
chr6,44084585,Zm00001eb266600,46,9,10,0.0880270521446879,-0.2000298641865496,1.3822635833068857,0.1868883841083465,0.2171362920383158,0.002880484669027,0.0080433338691072,WW,0.0446897908099409,46,9,10,-0.0620820122697007,-0.3025476466699187,1.3908095288199998,0.1566221193582131,0.3025476466699187,0.0247446720463989,0.0096647348382889,DS,0.1465474811812391,ww_only,-0.1788341412972342,0.00854594551311405,0.00854594551311405,-0.1501090644143886,-0.10251778248336907,-0.18,stable,unchanged,equal,0.047591281931019525
chr6,44126781,Zm00001eb266620,1881,4,15,-0.2275234081347546,0.0376823638295969,-2.9600009734941386,0.2275234081347546,0.0865624831508396,0.001031991744066,1.2452001716045524e-06,WW,0.0296490041872768,1881,4,15,-0.2565630338131328,0.0239428085131362,-2.3104600689979176,0.2565630338131328,0.1016438560970709,0.0036119711042311,7.259351027389737e-05,DS,0.0563851803757659,ww_only,-0.3367640843210003,0.649540904496221,0.649540904496221,-0.029039625678378173,-0.013739555316460702,-0.337,stable,unchanged,equal,0.01530007036191747
chr6,64425664,Zm00001eb268420,378,4,12,0.3083499711824737,-0.029176980395432,2.52436766494014,0.3083499711824737,0.1026070075237119,0.0021978021978021,0.0127671158238969,WW,0.038891268213993,378,4,12,0.5151685832098181,0.0448091655034889,1.6291255873796424,0.5151685832098181,0.2456267348784272,0.0131868131868131,0.0029823802565532,DS,0.1056562748687798,ww_only,0.2211899238220736,-0.8952420775604977,0.8952420775604977,0.20681861202734436,0.0739861458989209,0.222,stable,unchanged,equal,0.13283246612842348
chr6,71846402,Zm00001eb269400,171,7,11,1.3213206441263716,0.1535869263536114,5.375929943915722,1.3213206441263716,0.2011585888556259,6.284565108094519e-05,8.015166490292456e-08,WW,0.018794646214001,171,7,11,0.8021073288746459,0.2939320903763264,3.175005107531736,0.8021073288746459,0.2939320903763264,6.284565108094519e-05,8.663140346927381e-06,DS,0.0210852438700539,constitutive,1.1509302331831588,-2.2009248363839857,2.2009248363839857,-0.5192133152517258,0.140345164022715,1.153,up,shifted,NAM_up_or_B73_down,0.6595584792744408
chr6,92924064,Zm00001eb272170,1571,7,9,-0.3568556436439976,0.0680411846964494,-3.261800818785813,0.3568556436439976,0.1369783317476262,0.0001748251748251,1.4711477095829693e-05,WW,0.018794646214001,1571,7,9,-0.1084003121637856,-0.0577941492821806,-0.4228221648539458,0.1104718663761598,0.1260609908382079,0.5360139860139861,0.3911510195201335,DS,0.7705983749659303,ww_only,0.5780946128678618,2.8389786539318673,2.8389786539318673,0.24845533148021198,-0.12583533397863,0.579,stable,unchanged,equal,0.374290665458842
chr6,92924064,Zm00001eb272180,1016,8,9,-1.140207853391234,-0.3763009021142003,-1.050766026159696,1.140207853391234,0.526312624442377,0.046400658165364,0.0602369692815134,WW,0.1999825332431823,1016,8,9,-0.9238010890854704,-0.3985142773564447,-0.6474794362098173,0.9238010890854704,0.5888483334536844,0.5414232825997531,0.220367728080497,DS,0.7743852220116701,non_functional,0.363238303130276,0.40328658994987876,0.40328658994987876,0.21640676430576367,-0.02221337524224437,0.375,stable,unchanged,equal,0.23862013954800804
chr6,94722184,Zm00001eb272520,51,5,7,-0.0070662157260296,0.2427874130645607,-2.078665926514059,0.0989262877032769,0.2427874130645607,0.0025252525252525,0.0149512068696054,WW,0.0418697757006214,51,5,7,0.2761568707809829,-0.2087781257975357,2.2528589826168357,0.2761568707809829,0.2540138094561217,0.005050505050505,0.0019462831185315,DS,0.0641113327633703,ww_only,0.1807112988421857,4.331524909130895,4.331524909130895,0.2832230865070125,-0.4515655388620964,0.181,stable,unchanged,equal,0.7347886253691089
chr6,98445058,Zm00001eb273360,230,7,11,4.395061910535884,1.4683209151675798,3.3947784957038927,4.395061910535884,1.4683209151675798,6.284565108094519e-05,0.0003670319984716,WW,0.018794646214001,230,7,11,3.8695245938522222,1.5364615482237227,2.640983858034414,3.8695245938522222,1.5364615482237227,0.0011940673705379,0.0007887536730577,DS,0.0357036816611284,constitutive,0.6825472891106241,-0.7537946376694786,0.7537946376694786,-0.5255373166836619,0.06814063305614293,0.683,stable,shifted,NAM_up_or_B73_down,0.5936779497398048
chr6,102898532,Zm00001eb274240,1080,7,6,-0.9688614170132912,0.0661401446972406,-2.2716834892959072,0.9688614170132912,0.3419230564635915,0.0011655011655011,0.0021305569713142,WW,0.0301297495867631,1080,7,6,-0.5680718826282521,0.2575635371371227,-1.1238311481784913,0.7105585270842282,0.6459879068901022,0.2948717948717949,0.0799617672963768,DS,0.5706623237210123,ww_only,0.7078374117211241,1.147852341117416,1.147852341117416,0.40078953438503906,0.1914233924398821,0.73,stable,shifted,B73_up_or_NAM_down,0.20936614194515696
chr6,110082271,Zm00001eb276160,152,3,13,-0.7758091315313704,0.0854403105205992,-2.082418827517894,0.7758091315313704,0.3405019011209417,0.0035714285714285,0.0177175562683257,WW,0.0495588381084564,152,3,13,-0.1241535607412053,0.4263708892211728,-2.5626739754062635,0.1241535607412053,0.4311765564268343,0.0035714285714285,0.0015734802393352,DS,0.056011397587695,ww_only,1.0805527328023157,-0.48025514788836965,0.48025514788836965,0.6516555707901651,0.3409305787005736,1.103,up,shifted,B73_up_or_NAM_down,0.31072499208959153
chr6,110151986,Zm00001eb276190,14,3,14,0.8508373796738832,0.1063850969471972,2.448028859417813,0.8508373796738832,0.2942424025375673,0.0029411764705882,0.0020086631652397,WW,0.0446897908099409,14,3,14,0.491119990653501,0.1292530222422437,0.7512744679013309,0.491119990653501,0.47726320608418,0.1970588235294117,0.0258018585031008,DS,0.4583400344629523,ww_only,0.0947471618281819,-1.6967543915164818,1.6967543915164818,-0.3597173890203822,0.0228679252950465,0.095,stable,shifted,NAM_up_or_B73_down,0.3825853143154287
chr6,117817772,Zm00001eb278120,1136,5,13,-0.6748923444332793,1.2113939906052738,-1.6879489026892167,0.6748923444332793,1.292648350364129,0.0009337068160597,0.000179217322904,WW,0.0282456906110906,1136,5,13,-0.0735509592696511,1.1966084020941254,-1.6371339236901672,0.1770774650301749,1.1966084020941254,0.0002334267040149,0.0002336772459209,DS,0.0232880998005553,constitutive,3.2649044524749384,0.05081497899904952,0.05081497899904952,0.6013413851636282,-0.014785588511148307,3.311,up,shifted,B73_up_or_NAM_down,0.6161269736747765
chr6,117850289,Zm00001eb278130,18,5,13,0.0742295837881207,0.7488202888448903,-2.9193859228772987,0.1367883519173083,0.7488202888448903,0.0004668534080298,9.58638181024868e-06,WW,0.0218622968313008,18,5,13,0.0727322967492618,0.3677728510574939,-1.7833525781554866,0.0755583455722709,0.3677728510574939,0.0028011204481792,0.0002405693122874,DS,0.0508974358974358,ww_only,0.2479949004872942,1.136033344721812,1.136033344721812,-0.0014972870388589021,-0.38104743778739636,0.249,stable,unchanged,equal,0.3795501507485375
chr6,124409130,Zm00001eb279790,1016,4,10,0.4495437648162086,-0.6755574385340071,9.584434305669204,0.4495437648162086,0.6755574385340071,0.0019980019980019,0.0001865136486593,WW,0.0381789212106284,1016,4,10,0.6548463471348751,-0.4905909512962621,4.840993236596949,0.6548463471348751,0.5151138313407102,0.0019980019980019,1.1322415237568893e-07,DS,0.0447904326733231,constitutive,-0.1185772971018326,-4.743441069072254,4.743441069072254,0.2053025823186665,0.18496648723774495,-0.119,stable,unchanged,equal,0.020336095080921546
chr6,126409344,Zm00001eb280210,1439,7,12,0.9389255667737444,0.2136304691153504,1.7803683202671288,0.9389255667737444,0.3554311585962922,0.0011907597046915,0.0008592749306734,WW,0.0301297495867631,1439,7,12,1.7501406873732883,0.59376024926924,2.1009467912035165,1.7501406873732883,0.59376024926924,0.0007541478129713,0.0028011076975407,DS,0.0296489917849141,constitutive,0.078458209411538,0.3205784709363877,0.3205784709363877,0.8112151205995439,0.38012978015388954,0.079,stable,shifted,B73_up_or_NAM_down,0.4310853404456544
chr6,130867559,Zm00001eb280970,1293,12,4,-0.118883857526037,1.0115975614964496,-3.748347967890126,0.1876637616023579,1.0115975614964496,0.001098901098901,0.0169635759045344,WW,0.0300596804016776,1293,12,4,-0.3626199441960558,0.4440570535257705,-1.9161422961443195,0.4063846499437586,0.5093819798802067,0.0076923076923076,0.0144129717679587,DS,0.0804245456332931,ww_only,-1.7275048819671297,1.8322056717458066,1.8322056717458066,-0.2437360866700188,-0.5675405079706791,-1.716,down,unchanged,equal,0.32380442130066034
chr6,134534847,Zm00001eb282040,295,4,15,0.5504097216019898,-0.0613765965116622,2.0902815643824955,0.5504097216019898,0.2026810740860924,0.0036119711042311,0.0107231481933856,WW,0.049707483964354,295,4,15,-0.2215244997038334,-0.4175953737264498,0.3068591388109817,0.3336781679678753,0.6016364200758504,0.3570691434468524,0.5180245534137433,DS,0.6352323123950814,ww_only,-3.941879612008875,-1.7834224255715139,1.7834224255715139,-0.7719342213058231,-0.35621877721478756,-3.932,down,shifted,NAM_up_or_B73_down,0.41571544409103556
chr6,138984500,Zm00001eb282990,223,6,13,0.4762253141955585,-0.223220748758437,2.656954251438914,0.4762253141955585,0.2610756320741497,7.371369600471768e-05,0.0039460126474248,WW,0.018794646214001,223,6,13,0.4685410753403715,-0.1967107090345493,2.2171846943661007,0.4685410753403715,0.2274900588328577,0.000515995872033,0.0211954868056933,DS,0.0258598228243877,constitutive,1.125984200812944,-0.4397695570728133,0.4397695570728133,-0.007684238855187042,0.026510039723887713,1.138,up,unchanged,equal,0.034194278579074755
chr6,139381527,Zm00001eb283110,400,7,6,0.2823098624226643,0.0700982204813855,2.8561901649498505,0.2823098624226643,0.0700982204813855,0.0011655011655011,0.0005482399038254,WW,0.0301297495867631,400,7,6,0.1451699960103419,0.2169056891818098,-0.4694881848091811,0.1919670275227559,0.2169056891818098,0.5337995337995338,0.3946140084883485,DS,0.7705983749659303,ww_only,-0.62011697006541,-3.3256783497590314,3.3256783497590314,-0.13713986641232243,0.1468074687004243,-0.621,stable,unchanged,equal,0.2839473351127467
chr6,139654163,Zm00001eb283200,1409,4,15,-4.868402423949713,-0.7790990749838487,-2.0464302542033153,4.868402423949713,1.8556512141406267,0.002063983488132,0.0026395383519396,WW,0.0381789212106284,1409,4,15,-4.251325790699954,-1.056864061065132,-1.3271191140242986,4.251325790699954,1.9978697390257467,0.0485036119711042,0.1043641473388972,DS,0.2062269280930171,ww_only,0.0205880364868398,0.7193111401790167,0.7193111401790167,0.6170766332497593,-0.2777649860812834,0.021,stable,shifted,B73_up_or_NAM_down,0.8948416193310427
chr6,142919744,Zm00001eb284070,1471,7,11,-1.239071605372558,-0.1970514304584813,-2.024893913381637,1.239071605372558,0.4389165266434773,0.0011940673705379,0.0024638338873541,WW,0.0301297495867631,1471,7,10,-0.9173084483190184,-0.4003749955264376,-0.8351247958429415,1.1183390189532398,0.4947886843894821,0.0633842254850589,0.1624230347784038,DS,0.2435367095734316,ww_only,-4.278541947216273,1.1897691175386955,1.1897691175386955,0.32176315705353953,-0.20332356506795632,-3.63,down,shifted,B73_up_or_NAM_down,0.5250867221214959
chr6,143072104,Zm00001eb284120,230,6,13,0.5479715825699805,-0.0214909214383702,2.827451554421771,0.5479715825699805,0.1931565211697742,0.0001474273920094,1.1805253983570328e-06,WW,0.018794646214001,230,6,13,0.6802302059643875,-0.1094636877122961,3.6962603465734345,0.6802302059643875,0.2272708237132346,7.371369600471768e-05,1.253519295560865e-06,DS,0.0210852438700539,constitutive,-0.497439210381834,0.8688087921516634,0.8688087921516634,0.13225862339440708,-0.0879727662739259,-0.498,stable,unchanged,equal,0.220231389668333
chr6,144722672,Zm00001eb284450,106,9,7,0.3392288108208172,-0.0507849854674167,1.681277324232101,0.3594162387465563,0.0616329426671368,0.0033216783216783,0.0045449310552173,WW,0.0473416106345543,106,9,7,0.1586862776330514,-0.077137086970639,1.5833581196878552,0.1687468229865851,0.1276966533014217,0.0052447552447552,0.0065373352567481,DS,0.0658341968013387,ww_only,-0.2671057069092781,-0.09791920454424585,0.09791920454424585,-0.18054253318776578,-0.026352101503222293,-0.268,stable,unchanged,equal,0.1541904316845435
chr6,144921415,Zm00001eb284520,76,5,14,1.155063635928809,-0.5394915738062881,1.986636042667555,1.155063635928809,0.768176040729016,0.001203990368077,0.0004805474546162,WW,0.0301297495867631,76,5,14,0.3967149090401068,-0.8311885844697102,1.319900301396692,0.5136495257129037,0.9665452503866376,0.0072239422084623,0.0029366542824245,DS,0.0765775695783962,ww_only,-0.1702190312133423,-0.666735741270863,0.666735741270863,-0.7583487268887021,-0.29169701066342213,-0.171,stable,shifted,NAM_up_or_B73_down,0.46665171622528
chr6,152679315,Zm00001eb286540,186,7,5,-0.2256450396265959,3.4989539818950703,-1.6025683519264586,0.3340596057416973,3.4989539818950703,0.0025252525252525,0.0840897773882676,WW,0.0418697757006214,186,7,5,-0.0260427694152984,2.5607308846893075,-1.2446668035070385,0.7191239737275101,2.561834284674333,0.3434343434343435,0.1307122488393504,DS,0.6200191842635,ww_only,-1.9400288088970432,0.3579015484194201,0.3579015484194201,0.1996022702112975,-0.9382230972057628,-1.928,down,unchanged,equal,1.1378253674170602
chr6,158302188,Zm00001eb288150,1790,7,7,-1.2954921003549278,-0.0457067372450892,-3.305231786063878,1.2954921003549278,0.2771307155750278,0.0011655011655011,5.7228189351718056e-05,WW,0.0301297495867631,1790,7,7,0.5504784095793881,-0.0681829082454999,0.8392153350653967,0.7551231892756574,0.5300481434197978,0.3175990675990676,0.1426690550494755,DS,0.5908690913974384,ww_only,1.6276336686183517,4.144447121129275,4.144447121129275,1.845970509934316,-0.022476171000410695,1.642,up,shifted,B73_up_or_NAM_down,1.8684466809347267
chr6,159037925,Zm00001eb288420,289,6,13,0.7890111767553921,0.0107347224155357,2.9113101055445973,0.7890111767553921,0.0580963838930436,7.371369600471768e-05,0.0102576446673549,WW,0.018794646214001,289,6,13,0.7670379943315299,0.0259315828457397,2.8191059614657212,0.7670379943315299,0.0896573298655765,7.371369600471768e-05,0.0093632012492208,DS,0.0210852438700539,constitutive,0.0701395112187207,-0.09220414407887612,0.09220414407887612,-0.02197318242386226,0.015196860430203999,0.07,stable,unchanged,equal,0.037170042854066256
chr6,162664891,Zm00001eb289600,1922,7,8,-0.1754561618713974,0.0982497908717815,-1.8815842171390031,0.1782604938805833,0.1350180597662284,0.0021756021756021,0.0037420069190314,WW,0.038891268213993,1922,7,8,-0.1440426893176254,0.1136875835917212,-1.6027153058059151,0.1593105874488045,0.1194948819152416,0.0093240093240093,0.0103110137008396,DS,0.087806147341031,ww_only,0.4540743541411987,0.278868911333088,0.278868911333088,0.031413472553772,0.015437792719939697,0.455,stable,unchanged,equal,0.0159756798338323
chr6,165528366,Zm00001eb290750,73,8,10,1.209447228553124,-0.1138973446264937,2.621567596716538,1.209447228553124,0.4228517828124515,9.141185611773848e-05,7.364523061889547e-05,WW,0.018794646214001,73,7,10,1.9873105901814756,0.1390205605097964,2.6911566661330717,1.9873105901814756,0.541597504065545,0.001505504183816,0.0001114082314883,DS,0.0396384176979497,constitutive,-0.8128230008510189,0.06958906941653353,0.06958906941653353,0.7778633616283517,0.2529179051362901,-0.814,stable,shifted,B73_up_or_NAM_down,0.5249454564920616
chr6,166984831,Zm00001eb291350,450,3,14,0.3203558208151089,-0.9035226821905206,2.8407938557486694,0.4405125596697067,0.9035226821905206,0.0029411764705882,0.0229232405612765,WW,0.0446897908099409,450,3,14,0.5386048879792269,-0.2797369288318395,1.8786660716515335,0.5386048879792269,0.3960789871317499,0.0117647058823529,0.0204350900618429,DS,0.0992913714047519,ww_only,0.2434227646949433,-0.9621277840971358,0.9621277840971358,0.21824906716411802,0.623785753358681,0.246,stable,unchanged,equal,0.405536686194563
chr6,170739704,Zm00001eb293130,86,6,13,-1.750335726568861,0.0163321052304812,-3.7426059745823226,1.750335726568861,0.3476018870356994,7.371369600471768e-05,1.8121099815910604e-05,WW,0.018794646214001,86,6,13,0.045108549506218,0.4260188745389299,-0.7008896602059845,0.5433634467560774,0.5175215440839702,0.2440660474716202,0.2919560798913596,DS,0.5141631124518881,ww_only,0.8901206762599819,3.041716314376338,3.041716314376338,1.795444276075079,0.4096867693084487,0.908,stable,shifted,B73_up_or_NAM_down,1.3857575067666303
chr6,172670934,Zm00001eb294000,85,9,10,0.3340085595126439,-0.0391373127611657,2.0014810079275187,0.3340085595126439,0.1313965039577877,0.002199647061113,0.0004186986419164,WW,0.038891268213993,85,9,10,0.3166202274323308,0.0129127625120789,2.2544954555750527,0.3166202274323308,0.1356889900191312,0.0007028607191035,0.000197756130299,DS,0.028518679318014,constitutive,0.4742489026430474,0.253014447647534,0.253014447647534,-0.017388332080313096,0.0520500752732446,0.477,stable,unchanged,equal,0.06943840735355769
chr6,173977731,Zm00001eb294740,0,8,9,-0.4615419762929076,-0.0418986207118296,-1.924973539204751,0.4615419762929076,0.1433245924575771,0.0024681201151789,0.0020187636892288,WW,0.0413684239925549,0,8,9,-0.6178981493699413,-0.0011140980874551,-2.7814741711726416,0.6178981493699413,0.1473337523060592,8.227067050596462e-05,3.60616309618419e-05,DS,0.0210852438700539,constitutive,0.7180535906041483,-0.8565006319678907,0.8565006319678907,-0.15635617307703364,0.0407845226243745,0.725,stable,unchanged,equal,0.19714069570140813
chr6,175625843,Zm00001eb295670,141,8,11,-1.842831469482936,-0.7270447900785346,-3.054493175277227,1.842831469482936,0.7270447900785346,2.6461326770924297e-05,8.711918405928454e-06,WW,0.018794646214001,141,8,11,-1.189089262642983,-0.2763257567987068,-2.0234043875892818,1.189089262642983,0.3863850401017176,0.0017729088936519,0.0004699659066343,DS,0.0431550926149594,constitutive,2.141494195632907,1.031088787687945,1.031088787687945,0.653742206839953,0.4507190332798278,2.158,up,shifted,B73_up_or_NAM_down,0.20302317356012517
chr6,175938755,Zm00001eb295800,118,12,5,-1.2976447911780582,-0.1652897374435388,-2.5731828414123252,1.2976447911780582,0.212556435512475,0.0012928248222365,3.052032066306754e-05,WW,0.0306430974109065,118,12,5,-1.051809180321394,-0.2082101675303126,-2.3575094794223395,1.051809180321394,0.2709409725596715,0.0061409179056237,0.0001171261848269,DS,0.0705818003535793,ww_only,0.2437098171357646,0.21567336198998577,0.21567336198998577,0.24583561085666417,-0.04292043008677379,0.245,stable,unchanged,equal,0.288756040943438
chr7,880702,Zm00001eb298140,23,6,13,-1.3027461425170317,0.4111388839848054,-1.879958015789284,1.3027461425170317,0.9425980661661406,0.0008845643520566,0.0001083354854661,WW,0.0275081629606905,23,6,13,-0.1156144425585024,0.3736616618946202,-0.8913537106309853,0.4762585116843315,0.4680767189881587,0.1246548823531972,0.1118746427952961,DS,0.357086502971871,ww_only,0.48276238039336,0.9886043051582986,0.9886043051582986,1.1871316999585293,-0.037477222090185225,0.517,stable,shifted,B73_up_or_NAM_down,1.2246089220487146
chr7,1059198,Zm00001eb298180,51,13,6,-0.4690536734132485,0.033132023738223,-2.906440042408967,0.4690536734132485,0.2127994877881927,7.371369600471768e-05,0.0048757935263888,WW,0.018794646214001,51,13,6,-0.557160034715295,-0.082557230854073,-4.209247487668886,0.557160034715295,0.1296392059993235,7.371369600471768e-05,0.0001786584370187,DS,0.0210852438700539,constitutive,0.5203314981855569,-1.3028074452599192,1.3028074452599192,-0.08810636130204647,-0.11568925459229601,0.522,stable,unchanged,equal,0.027582893290249544
chr7,1401739,Zm00001eb298400,17,11,4,-0.1354934075248558,0.459858493912205,-2.491263747485559,0.1493670952066368,0.459858493912205,0.0014652014652014,0.0491557998071026,WW,0.0322312084688322,17,11,4,0.4178816414846646,0.4767060348042983,-0.2533933726523174,0.4178816414846646,0.4767060348042983,1.0,0.7574570253082611,DS,1.0,ww_only,0.9355090380084944,2.2378703748332414,2.2378703748332414,0.5533750490095204,0.016847540892093282,0.939,stable,shifted,B73_up_or_NAM_down,0.5365275081174271
chr7,5273290,Zm00001eb299970,6,9,10,0.3776142828064543,-0.6524040518788808,2.4920785124285247,0.460715303542188,0.6724263488369217,0.0007028607191035,4.741109808946786e-05,WW,0.0239836227631297,6,9,10,0.0893918287586852,-0.7395255752096266,1.843767025971946,0.344603207682817,0.7395255752096266,0.002880484669027,0.0008803077998442,DS,0.0508974358974358,ww_only,-0.8620194640667145,-0.6483114864565787,0.6483114864565787,-0.28822245404776914,-0.08712152333074574,-0.863,stable,unchanged,equal,0.2011009307170234
chr7,6870529,Zm00001eb300490,683,4,14,2.706099119145967,0.5689090799257674,2.4763459429276105,2.706099119145967,0.8224574110950804,0.0006535947712418,0.0148847199244549,WW,0.0232820792261351,683,4,14,2.3744916118801713,0.799241228026979,2.3275986933482393,2.3744916118801713,0.8593485930868985,0.0013071895424836,0.0104137213069237,DS,0.0365929863894585,constitutive,-1.425896558186223,-0.14874724957937113,0.14874724957937113,-0.3316075072657956,0.2303321481012115,-1.425,down,shifted,NAM_up_or_B73_down,0.5619396553670071
chr7,10524518,Zm00001eb301430,10,8,11,-0.1797368006461057,0.3251427920932072,-1.4359374822309043,0.2323509948022018,0.3309095500023027,0.0007938398031277,0.0037114872792121,WW,0.0263244124433533,10,8,11,-0.2012526260552986,0.1466769302977675,-1.6393209135695683,0.2376841404160428,0.1962671346379317,0.0017729088936519,0.0018403818907744,DS,0.0431550926149594,constitutive,-0.4096697473688767,-0.203383431338664,0.203383431338664,-0.02151582540919289,-0.1784658617954397,-0.41,stable,unchanged,equal,0.1569500363862468
chr7,10719162,Zm00001eb301470,887,8,11,-1.17158945727622,-0.311359721906507,-1.3228860392816502,1.17158945727622,0.7483625636126205,0.0035987404408457,0.0066497921383394,WW,0.049707483964354,887,8,11,-0.8545839551787664,-0.542111481328922,-0.866102544630277,0.8545839551787664,0.6273759163754317,0.1086502077214151,0.0632290721331322,DS,0.3308697498152312,ww_only,0.5556720772208423,0.45678349465137313,0.45678349465137313,0.3170055020974536,-0.23075175942241494,0.574,stable,shifted,B73_up_or_NAM_down,0.5477572615198685
chr7,10933578,Zm00001eb301540,4,6,7,1.0338228243901917,0.1860777253825735,5.0626053328579035,1.0338228243901917,0.1860777253825735,0.0011655011655011,0.0001016426150133,WW,0.0301297495867631,4,6,7,0.1061318968267027,0.0379246638587511,0.3290821757969575,0.2292291010951517,0.1202648931092764,0.6282051282051282,0.58822198687683,DS,0.8397681104774474,ww_only,-0.5011492998727642,-4.733523157060946,4.733523157060946,-0.927690927563489,-0.1481530615238224,-0.502,stable,shifted,NAM_up_or_B73_down,0.7795378660396666
chr7,13954725,Zm00001eb302270,889,6,12,-2.593144234345005,-0.7479663300778828,-2.4716941648064763,2.593144234345005,0.8793823125455974,0.000215470803706,6.377886561168038e-05,WW,0.0201065862242332,889,6,13,-1.8190789327117296,-0.7658399545853659,-1.355666246784441,1.8190789327117296,0.8792192767647824,0.0167330089930709,0.0120192373233771,DS,0.1181699452677735,ww_only,0.5134934459182736,1.1160279180220354,1.1160279180220354,0.7740653016332752,-0.017873624507483088,0.621,stable,shifted,B73_up_or_NAM_down,0.7919389261407583
chr7,13954725,Zm00001eb302280,1442,6,13,-0.2755304351796477,-0.1372726872978667,-0.646457692094189,0.3043883395496515,0.1932615422813637,0.2100103199174406,0.231427019382882,WW,0.4700406666509956,1442,6,13,-0.4424261197369993,-0.2570134742832794,-0.7544878282343298,0.4424261197369993,0.2699981332370368,0.3228659885006634,0.2179333875809797,DS,0.5985229508490142,non_functional,0.0725913990506522,-0.10803013614014079,0.10803013614014079,-0.1668956845573516,-0.11974078698541271,0.073,stable,unchanged,equal,0.047154897571938886
chr7,17959685,Zm00001eb302940,19,12,7,-0.4630081783619077,0.3378856785858363,-4.6860576055293555,0.4630081783619077,0.3378856785858363,3.969199015638645e-05,8.182425548911063e-06,WW,0.018794646214001,19,12,7,-0.2358328725536567,0.3018819582318294,-4.051795051058148,0.2358328725536567,0.3018819582318294,3.969199015638645e-05,2.3489643180336553e-08,DS,0.0210852438700539,constitutive,-0.1883348700507441,0.6342625544712073,0.6342625544712073,0.22717530580825102,-0.036003720354006896,-0.188,stable,unchanged,equal,0.2631790261622579
chr7,18956238,Zm00001eb303060,1378,5,13,-1.348107304656602,-0.2487656888540509,-1.7904073156165294,1.348107304656602,0.5855849495675292,0.0016339869281045,0.0026064759448959,WW,0.0343566799309979,1378,5,13,-0.6877941225621441,-0.4098800007891495,-0.3484444942695996,0.7812251458960958,0.7472086227811409,0.7028478057889822,0.5116020655222387,DS,0.8845759261230574,ww_only,-1.1315855252825415,1.4419628213469298,1.4419628213469298,0.6603131820944578,-0.1611143119350986,-1.13,down,shifted,B73_up_or_NAM_down,0.8214274940295564
chr7,20132866,Zm00001eb303280,142,6,12,0.5659862529707506,0.1329527755902499,2.6654224851826,0.5659862529707506,0.1792501789658503,0.000215470803706,4.193302820076287e-06,WW,0.0201065862242332,142,6,12,0.3406046199867446,0.0047080183369613,1.8955328666644145,0.3406046199867446,0.1632452502582038,0.0020469726352079,0.0001483882190507,DS,0.0447904326733231,constitutive,-0.0306031775042999,-0.7698896185181854,0.7698896185181854,-0.225381632984006,-0.1282447572532886,-0.031,stable,unchanged,equal,0.09713687573071739
chr7,21757630,Zm00001eb303620,307,4,12,-1.4620447080431331,-0.6208584384792027,-2.3721359575515573,1.4620447080431331,0.6426997015331292,0.001098901098901,6.911902915240304e-05,WW,0.0300596804016776,307,4,12,0.0153240988892157,0.209149816246761,-0.545458836086786,0.2939110172625901,0.3358432677623479,0.5208791208791208,0.4618739445846744,DS,0.7626500242515557,ww_only,-0.739584925088814,1.8266771214647712,1.8266771214647712,1.4773688069323487,0.8300082547259637,-0.74,stable,shifted,B73_up_or_NAM_down,0.647360552206385
chr7,22297801,Zm00001eb303740,16,8,10,0.2261717627551335,-0.7741559593624014,2.5083449876475115,0.3624948712589384,0.7741559593624014,0.0001828237122354,0.000122130794194,WW,0.0191909058589627,16,8,10,0.9107662456983114,-0.165753204296382,1.9465184883901467,0.9107662456983114,0.2900348554876347,0.0001828237122354,0.004274534120653,DS,0.0232880998005553,constitutive,1.6786672083368115,-0.5618264992573647,0.5618264992573647,0.6845944829431779,0.6084027550660195,1.692,up,shifted,B73_up_or_NAM_down,0.07619172787715844
chr7,24551813,Zm00001eb304110,36,4,10,-0.068959022242869,0.4683144232750748,-2.6150298797400855,0.1222068191128779,0.4683144232750748,0.0019980019980019,0.0005877061586918,WW,0.0381789212106284,36,4,10,-0.1947686864381699,0.4736397046709698,-5.274577820748134,0.1947686864381699,0.4736397046709698,0.0019980019980019,7.442515905571056e-05,DS,0.0447904326733231,constitutive,0.1128756763549111,-2.6595479410080487,2.6595479410080487,-0.12580966419530093,0.0053252813958949985,0.114,stable,unchanged,equal,0.13113494559119593
chr7,27378767,Zm00001eb304560,245,4,15,1.1550164450662463,-0.4405715381770627,3.8730767667182073,1.1550164450662463,0.4801090914580131,0.000515995872033,0.0019824253579218,WW,0.0222282178940474,245,4,15,0.7304710989340574,-0.83290047673683,2.7306980344683094,0.7304710989340574,0.8867220025831529,0.000515995872033,0.0003893753311474,DS,0.0258598228243877,constitutive,-0.1538682309715385,-1.142378732249898,1.142378732249898,-0.42454534613218897,-0.3923289385597673,-0.154,stable,shifted,NAM_up_or_B73_down,0.03221640757242167
chr7,52719477,Zm00001eb307400,1015,15,3,-0.3970112409889106,0.4470611304589806,-2.275074973866985,0.4197591601841543,0.4470611304589806,0.0024509803921568,0.0377308014241068,WW,0.0413684239925549,1015,15,3,-0.4169935166987188,-0.2898022607023948,-0.5196399340268836,0.4169935166987188,0.3527950901741064,0.823529411764706,0.5884530081521069,DS,0.9523102404477698,ww_only,2.160253502179516,1.7554350398401013,1.7554350398401013,-0.019982275709808206,-0.7368633911613753,2.229,up,unchanged,equal,0.7168811154515671
chr7,82964676,Zm00001eb308990,312,8,10,-0.2232141275220271,0.1995128301951045,-1.4897012663039768,0.2232141275220271,0.2125606998427245,4.570592805886923e-05,0.0051631038934478,WW,0.018794646214001,312,8,10,-0.2003908831661817,0.3212357753507405,-0.9108051526488532,0.2355030526682386,0.4099723275299661,0.0062160062160062,0.0582251751049488,DS,0.0705818003535793,ww_only,1.0341167597222416,0.5788961136551236,0.5788961136551236,0.0228232443558454,0.121722945155636,1.039,up,unchanged,equal,0.0988997007997906
chr7,89902299,Zm00001eb309590,938,7,11,0.8954728490717674,0.1792928791671128,1.4821551666962545,0.8954728490717674,0.510092348316661,0.0028280542986425,0.0026329353944176,WW,0.044668067737485,938,7,11,0.6310026024214224,0.4535889919499875,0.7136260716099193,0.6310026024214224,0.4535889919499875,0.1259426847662141,0.1050420366635032,DS,0.3593013299227192,ww_only,1.3749844776240043,-0.7685290950863352,0.7685290950863352,-0.264470246650345,0.2742961127828747,1.391,up,unchanged,equal,0.5387663594332197
chr7,104978194,Zm00001eb311230,1549,5,13,-0.4184597390819625,0.9367801837645632,-0.910044843809684,0.4650045096793231,0.9438370900815576,0.0004668534080298,0.0162107543036971,WW,0.0218622968313008,1549,5,13,-1.156959161855661,0.0067118301968419,-0.7905989907937248,1.156959161855661,0.895704054332562,0.0098039215686274,0.0370062065639532,DS,0.0884975479268836,ww_only,-1.8689195885996288,0.11944585301595922,0.11944585301595922,-0.7384994227736985,-0.9300683535677213,-1.861,down,shifted,NAM_up_or_B73_down,0.19156893079402282
chr7,112626983,Zm00001eb312020,184,11,8,-0.4561818887567926,0.0648166856360546,-2.7761789047712804,0.4561818887567926,0.1251940630639328,5.292265354184859e-05,6.897529207112668e-06,WW,0.018794646214001,184,11,8,-0.6207344068338497,-0.2645470952128853,-1.850216408036181,0.6207344068338497,0.2645470952128853,0.0017729088936519,0.0006220403220331,DS,0.0431550926149594,constitutive,1.0077517472277184,0.9259624967350994,0.9259624967350994,-0.16455251807705712,-0.32936378084893986,1.01,up,unchanged,equal,0.16481126277188274
chr7,115955090,Zm00001eb312440,746,8,7,-0.6223151515839744,0.0112199068681367,-1.662857872895977,0.6223151515839744,0.3942913634834994,0.0012432012432012,0.0235364988743455,WW,0.0301687524988495,746,8,7,-0.5043018123540345,-0.2449599439494057,-0.6438552747126263,0.5909510230810336,0.3743751498115641,0.1892773892773893,0.2463720848956524,DS,0.4478751732082338,ww_only,0.5855904419893456,1.0190025981833508,1.0190025981833508,0.11801333922993995,-0.2561798508175424,0.59,stable,unchanged,equal,0.37419319004748236
chr7,121094007,Zm00001eb312990,1483,11,6,1.301770297661858,0.2704869266365519,5.438834741683843,1.301770297661858,0.2704869266365519,0.0001616031027795,3.102849917575925e-08,WW,0.018794646214001,1483,11,6,0.9047560279191658,0.3218169300554307,4.652775125793498,0.9047560279191658,0.3218169300554307,0.0001616031027795,5.306490845395063e-07,DS,0.0232874033860875,constitutive,0.1311488875531194,-0.7860596158903448,0.7860596158903448,-0.39701426974269216,0.05133000341887883,0.131,stable,shifted,NAM_up_or_B73_down,0.448344273161571
chr7,123472084,Zm00001eb313460,51,5,10,-0.4197752458643015,0.0732961801416446,-2.3157668476542037,0.4197752458643015,0.1647393754264059,0.0013320013320013,0.001224433820109,WW,0.0307915591152585,51,5,10,-0.2814060498214016,0.0474188500780512,-1.099270024508488,0.3025503240404512,0.223989173262863,0.1292041292041292,0.0918784617831365,DS,0.3621054902806928,ww_only,0.9688874963655189,1.2164968231457156,1.2164968231457156,0.13836919604289988,-0.0258773300635934,0.971,stable,unchanged,equal,0.16424652610649326
chr7,127366190,Zm00001eb314230,453,8,10,-0.5163348631609508,0.507322460034239,-1.5643738855769462,0.6746444284419872,0.6596905125952861,0.0043877690936514,0.0072547755359375,WW,0.0535942106673814,453,8,10,-0.0669387346823299,0.2298622329072384,-0.4952876764615974,0.5829953931173348,0.3419715300534708,0.8967503085150144,0.3536260084549996,DS,0.9851949169470952,non_functional,1.6759090683434272,1.0690862091153488,1.0690862091153488,0.44939612847862087,-0.2774602271270006,1.856,up,shifted,B73_up_or_NAM_down,0.7268563556056215
chr7,136373078,Zm00001eb316180,483,7,10,2.455870684183221,0.7649786796453729,2.049581373684539,2.455870684183221,0.7791703214612393,0.0030851501439736,0.0016296653180736,WW,0.0456629624566229,483,7,10,2.000107851609896,0.6682969514010868,1.8165770201264084,2.000107851609896,0.7383382581702811,0.0030851501439736,0.0049131923829035,DS,0.0515813666102683,ww_only,-0.2213975516660196,-0.23300435355813076,0.23300435355813076,-0.4557628325733254,-0.09668172824428611,-0.222,stable,shifted,NAM_up_or_B73_down,0.3590811043290393
chr7,137154179,Zm00001eb316410,30,8,11,1.1654480525666582,0.2798907739993286,3.6244088942813457,1.1654480525666582,0.3471054191255353,2.6461326770924297e-05,6.656049836145788e-07,WW,0.018794646214001,30,8,11,0.9896230776083266,0.1734350833289389,2.2759522166829984,0.9896230776083266,0.342453073212411,2.6461326770924297e-05,0.0001772858259242,DS,0.0210852438700539,constitutive,0.9587222586333478,-1.3484566775983473,1.3484566775983473,-0.1758249749583316,-0.10645569067038971,0.96,stable,unchanged,equal,0.0693692842879419
chr7,152794976,Zm00001eb320760,1842,11,5,1.5444398285212144,0.1315859562940912,2.365669430582997,1.5444398285212144,0.2576962910277894,0.0004578754578754,0.0001126769740133,WW,0.0217474528638424,1842,11,5,1.356482472944632,0.0643847992286645,2.6801355743666413,1.356482472944632,0.2136142250968789,0.0004578754578754,6.472810758457083e-05,DS,0.0258261774655217,constitutive,1.5844398172299992,0.31446614378364446,0.31446614378364446,-0.18795735557658233,-0.0672011570654267,1.589,up,unchanged,equal,0.12075619851115563
chr7,152901826,Zm00001eb320800,1362,5,11,0.198269595660166,-0.1378654926236313,2.3772035577465154,0.198269595660166,0.1934771984096218,0.0032051282051282,0.0002786755939446,WW,0.0465768485390578,1362,5,11,0.0857421734918404,-0.1484709196149223,1.508978799090179,0.1133428010808051,0.1902207297509409,0.0132783882783882,0.0231178654062632,DS,0.1059288918331471,ww_only,-0.1447680581313105,-0.8682247586563363,0.8682247586563363,-0.11252742216832559,-0.010605426991290995,-0.145,stable,unchanged,equal,0.1019219951770346
chr7,162221242,Zm00001eb322690,23,6,11,-3.854505485717116,-0.0453770432082812,-5.882167497640901,3.854505485717116,0.5862920082494503,0.0001616031027795,5.773865170031749e-09,WW,0.018794646214001,23,6,11,-2.144794535072865,-0.4410418108995995,-1.8839615020778775,2.144794535072865,0.8424256968336791,0.001131221719457,0.0016429797258075,DS,0.0355390091835874,constitutive,1.73410848340539,3.9982059955630236,3.9982059955630236,1.7097109506442507,-0.3956647676913183,1.805,up,shifted,B73_up_or_NAM_down,2.1053757183355692
chr7,164514551,Zm00001eb323490,1515,14,4,-0.599603865069031,0.4663756191352103,-2.503925367667735,0.6108334645872947,0.49561446134157,0.0013071895424836,0.023209449046502,WW,0.0306430974109065,1515,14,4,-0.2978489401935312,0.3567260927434801,-1.401542636094039,0.4574336707148203,0.3637177163653763,0.0248366013071895,0.048220979568554,DS,0.1465474811812391,ww_only,0.7150733364423164,1.102382731573696,1.102382731573696,0.30175492487549976,-0.1096495263917302,0.717,stable,shifted,B73_up_or_NAM_down,0.41140445126722996
chr7,164771432,Zm00001eb323570,1834,14,5,-0.4537166888858401,0.0750517468246298,-2.3792851791112235,0.4537166888858401,0.2591904780929543,0.000687994496044,0.0255876454940359,WW,0.0238425267641186,1834,14,5,-0.3853681103715941,-0.4646620748787464,0.2594474572308682,0.4201449210749484,0.4981626147560453,0.4439284485724114,0.693707959502013,DS,0.6975181823875224,ww_only,-0.2506982386840654,2.6387326363420915,2.6387326363420915,0.06834857851424603,-0.5397138217033762,-0.252,stable,unchanged,equal,0.6080624002176223
chr7,169218303,Zm00001eb325330,330,6,13,-4.247799711950009,-1.1410879095094908,-2.902876180408835,4.247799711950009,1.2365358074672517,0.0002948547840188,0.0004341167354603,WW,0.0204994931767883,330,6,13,-1.1298758424981752,0.2537792291955377,-1.600158720853282,1.1298758424981752,0.8007474282453378,0.0014005602240896,0.000437431132838,DS,0.0380632790028763,constitutive,3.1207556538221652,1.302717459555553,1.302717459555553,3.1179238694518334,1.3948671387050284,3.402,up,shifted,B73_up_or_NAM_down,1.723056730746805
chr7,169303840,Zm00001eb325370,140,10,6,-1.7997586483347383,-0.1335152867651782,-1.7474635331940849,1.7997586483347383,0.8868043290168818,0.0159840159840159,0.0335948949856623,WW,0.1093801750075508,140,10,7,-2.1343423319331394,-1.0391448946693276,-1.0938633825266442,2.1343423319331394,1.2651175807484734,0.0878239407651172,0.0599990805190911,DS,0.2935767844229002,non_functional,0.2407101921856335,0.6536001506674407,0.6536001506674407,-0.33458368359840107,-0.9056296079041494,0.267,stable,shifted,NAM_up_or_B73_down,0.5710459243057483
chr7,173331955,Zm00001eb327030,47,9,7,-0.8732518604203763,0.5036266828368594,-2.747892312795981,0.8885213604390461,0.5774301101486853,0.0003496503496503,6.130291995089045e-05,WW,0.020746612438007,47,9,7,-0.4841502090206168,0.5983585745137162,-2.3711698951074216,0.5790716730543946,0.5983585745137162,0.0006993006993006,0.0002246473222447,DS,0.0284312073468699,constitutive,0.5754634019995205,0.3767224176885593,0.3767224176885593,0.3891016513997595,0.0947318916768568,0.641,stable,shifted,B73_up_or_NAM_down,0.2943697597229027
chr7,173667431,Zm00001eb327110,1946,7,8,-1.712171994425416,-0.3056442841363069,-2.4863043476489533,1.712171994425416,0.4220601772235098,0.0031399928189788,0.0005523082434793,WW,0.0460993365699711,1946,7,8,-1.0343285293966582,-0.4345151880275439,-1.7434064950872428,1.0343285293966582,0.5486940706597225,0.0021756021756021,0.004641649796157,DS,0.0460168921790601,constitutive,2.143699314395891,0.7428978525617105,0.7428978525617105,0.6778434650287577,-0.128870903891237,2.511,up,shifted,B73_up_or_NAM_down,0.8067143689199947
chr7,174664944,Zm00001eb327480,838,7,10,-0.9927076519551165,0.0322469372966378,-1.7588914414708188,0.9927076519551165,0.5498121017600809,0.0007198683669271,0.0013379173344006,WW,0.024438858854119,838,7,10,0.0341942337075392,0.4951776987713159,-0.950790392290922,0.1628825395627922,0.6343592521362498,0.0878239407651172,0.0455592055551752,DS,0.2935767844229002,ww_only,-0.8320927195109115,0.8081010491798968,0.8081010491798968,1.0269018856626557,0.4629307614746781,-0.833,stable,shifted,B73_up_or_NAM_down,0.5639711241879777
chr7,175668363,Zm00001eb327810,221,14,5,1.045730311706906,0.062126620056728,1.7017941039502162,1.0836938580213042,0.3406376501622601,0.001203990368077,0.0017197484367389,WW,0.0301297495867631,221,14,5,0.3915753181436477,0.0489716138547953,0.7043852730686585,0.4940831282855725,0.4016734826884351,0.3426212590299278,0.2562856209163834,DS,0.6200191842635,ww_only,-0.6422417368101605,-0.9974088308815577,0.9974088308815577,-0.6541549935632582,-0.013155006201932697,-0.643,stable,shifted,NAM_up_or_B73_down,0.6409999873613256
chr7,175680502,Zm00001eb327830,183,6,11,-1.1102206622572972,0.3825963506597385,-2.413903988366072,1.1102206622572972,0.6551316107397519,0.0001616031027795,3.14628108099502e-05,WW,0.018794646214001,183,6,11,-0.6313888374356017,0.2641457847984938,-1.8706745728877785,0.6313888374356017,0.4975594457629018,0.0019392372333548,0.0010123063832748,DS,0.0447904326733231,constitutive,0.7196285639241412,0.5432294154782935,0.5432294154782935,0.4788318248216955,-0.1184505658612447,0.734,stable,shifted,B73_up_or_NAM_down,0.5972823906829402
chr7,176262487,Zm00001eb328010,557,8,9,-0.6800773081813507,-0.3335981485772708,-1.9669868321941792,0.6800773081813507,0.3335981485772708,0.0024681201151789,0.0015485922622721,WW,0.0413684239925549,557,8,9,0.0609132811057724,0.0017860576801847,0.152887854568342,0.3088022953972982,0.2827653137902838,0.5414232825997531,0.7590864770481973,DS,0.7743852220116701,ww_only,-0.6349180934692209,2.1198746867625213,2.1198746867625213,0.7409905892871231,0.3353842062574555,-0.636,stable,shifted,B73_up_or_NAM_down,0.4056063830296676
chr7,176262487,Zm00001eb328020,430,8,9,2.7547367604702604,2.601921251005792,0.1224696210578922,2.7547367604702604,2.601921251005792,0.8883587001234061,0.7991657027983374,WW,0.9773656433379712,430,8,9,-0.4054941326681104,0.1578026036307337,-0.7633863595831727,0.5096690702339701,0.582433020216877,0.2358700123406006,0.1290502459802709,DS,0.5048266532621712,non_functional,3.098389135943174,-0.8858559806410649,0.8858559806410649,-3.1602308931383707,-2.4441186473750585,3.253,up,shifted,NAM_up_or_B73_down,0.7161122457633122
chr7,176970350,Zm00001eb328440,1462,3,15,-1.4353658038992,-0.130363480462138,-6.513195587437787,1.4353658038992,0.1945408729980229,0.0024509803921568,1.1542204924331807e-05,WW,0.0413684239925549,1462,3,15,-0.9975069468536814,-0.1148939910297732,-3.876323440403616,0.9975069468536814,0.1707733474689403,0.0024509803921568,0.0612564638832121,DS,0.0485165320116776,constitutive,-0.115758274974088,2.636872147034171,2.636872147034171,0.43785885704551875,0.0154694894323648,-0.116,stable,shifted,B73_up_or_NAM_down,0.42238936761315393
chr7,179464147,Zm00001eb329360,149,5,11,1.319559902203204,-0.1786402491589294,4.169577676495278,1.319559902203204,0.2461719857013952,0.0004578754578754,0.0025994540615751,WW,0.0217474528638424,149,5,11,0.6487998492325739,0.1990358066380962,1.8415829758012576,0.6487998492325739,0.2996216230792944,0.0009157509157509,0.000852698686772,DS,0.0325284364758048,constitutive,-0.3342421967443919,-2.3279947006940205,2.3279947006940205,-0.6707600529706301,0.37767605579702557,-0.336,stable,shifted,NAM_up_or_B73_down,1.0484361087676557
chr7,179751510,Zm00001eb329550,200,9,7,-0.4875040487175069,0.3877427495773008,-1.8795928910904784,0.5018878119849887,0.3965844494852548,0.0003496503496503,0.0056447545697053,WW,0.020746612438007,200,9,7,-0.4523945411271605,0.1980934633331856,-1.4665018529243654,0.5488884115011126,0.3195898675865922,0.0164335664335664,0.0137838021074274,DS,0.1179895104895104,ww_only,0.0862270360065878,0.41309103816611303,0.41309103816611303,0.03510950759034642,-0.18964928624411523,0.086,stable,unchanged,equal,0.22475879383446165
chr7,180810886,Zm00001eb329970,139,11,6,1.2989729276837088,0.2437853477957308,2.1744658616567967,1.2989729276837088,0.4274829895785623,0.0006464124111182,0.0019487491091743,WW,0.0232820792261351,139,11,6,0.4857546416879611,-0.0849047862663908,1.2671470307668264,0.4857546416879611,0.3295713484469657,0.0202003878474466,0.0468893990350377,DS,0.129347644765102,ww_only,0.3077653033345137,-0.9073188308899702,0.9073188308899702,-0.8132182859957476,-0.3286901340621216,0.309,stable,shifted,NAM_up_or_B73_down,0.48452815193362603
chr7,181733597,Zm00001eb330450,165,4,15,-1.8854142979559363,0.2741154223433312,-2.935753673508807,1.8854142979559363,0.5523142015405841,0.003164448223916,0.0007595882175077,WW,0.0464242895711116,165,4,15,-0.8941026120254563,0.1286422931609879,-1.2135898153937397,0.8941026120254563,0.645562732029999,0.0092879256965944,0.0152019244332188,DS,0.087806147341031,ww_only,1.2604369979417764,1.7221638581150673,1.7221638581150673,0.99131168593048,-0.14547312918234329,1.333,up,shifted,B73_up_or_NAM_down,1.1367848151128233
chr7,184184149,Zm00001eb331730,113,15,4,-0.7870507473112109,0.5599860388658454,-0.7275161445857018,1.6012044929507978,0.7090691775127437,0.0092879256965944,0.0596640389510745,WW,0.0810621262795175,113,15,4,0.4537922097074329,0.9857551596038676,-0.3936848570566071,0.8516969812691694,1.0499406702902012,0.3070175438596491,0.5150801161257736,DS,0.5807631608072378,non_functional,0.5774164891152753,0.3338312875290947,0.3338312875290947,1.2408429570186439,0.4257691207380222,0.585,stable,shifted,B73_up_or_NAM_down,0.8150738362806217
chr8,1617992,Zm00001eb332500,120,3,13,0.3499310685130512,-0.0418404611878126,2.432037025895419,0.3499310685130512,0.1391834833470852,0.0035714285714285,0.0018169567930458,WW,0.0495588381084564,120,3,13,0.2236046987567087,-0.1072540887931086,1.569214362472969,0.2236046987567087,0.1914393800854197,0.025,0.0012689956576367,DS,0.1465474811812391,ww_only,0.2171003686577229,-0.8628226634224498,0.8628226634224498,-0.12632636975634254,-0.06541362760529601,0.219,stable,unchanged,equal,0.06091274215104653
chr8,1749181,Zm00001eb332530,3,7,10,-0.3091859257568406,0.1094505124680355,-1.1634137152148902,0.3091859257568406,0.2214519465679056,0.0012340600575894,0.0183955580732076,WW,0.0301297495867631,3,7,10,-0.2280976068864539,-0.0899772167908843,-0.9067303574598888,0.2280976068864539,0.1536574940572543,0.0878239407651172,0.0676044243988297,DS,0.2935767844229002,ww_only,0.8061508775365348,0.2566833577550014,0.2566833577550014,0.08108831887038673,-0.1994277292589198,0.809,stable,unchanged,equal,0.28051604812930653
chr8,8506709,Zm00001eb334370,166,5,8,1.8714075726807216,-1.8777230065000168,2.124296051926801,1.8714075726807216,1.9947961265971137,0.0015540015540015,0.00128462983292,WW,0.0332696092867399,166,5,8,1.4858748324755913,-0.528361456520624,1.5147928537867026,1.4858748324755913,1.1376768184266417,0.0186480186480186,0.0122745703899855,DS,0.1256878939968154,ww_only,-1.5390868272045932,-0.6095031981400982,0.6095031981400982,-0.3855327402051303,1.3493615499793927,-1.518,down,shifted,NAM_up_or_B73_down,1.734894290184523
chr8,8775687,Zm00001eb334480,224,4,12,-0.1582365531831563,0.2593448865080139,-2.4904440975633877,0.1582365531831563,0.2593448865080139,0.001098901098901,8.26118243606638e-06,WW,0.0300596804016776,224,4,12,-0.1559369322257394,0.2049530323688215,-2.236938415055417,0.1559369322257394,0.23117578866017,0.0043956043956043,4.021307279723289e-05,DS,0.0609991790252242,ww_only,0.5715801862925652,0.2535056825079707,0.2535056825079707,0.002299620957416898,-0.0543918541391924,0.574,stable,unchanged,equal,0.056691475096609295
chr8,8775687,Zm00001eb334490,565,4,15,1.823520349076748,0.0592631958043046,2.147041140319577,1.823520349076748,0.2773669912695244,0.0273477812177502,0.1433091866208628,WW,0.1478977000638797,565,4,15,-0.2355183886432713,0.0377063121074613,-0.5627660655049221,0.6575685195996925,0.3420848108706532,0.6646026831785345,0.5473049078656291,DS,0.8595471431693255,non_functional,-1.8376114615917367,-2.7098072058244993,2.7098072058244993,-2.0590387377200194,-0.021556883696843297,-1.829,down,shifted,NAM_up_or_B73_down,2.0374818540231763
chr8,10520954,Zm00001eb334810,93,6,10,-0.3875093123194084,0.0307726356679598,-1.945947895023432,0.3875093123194084,0.1646329030978879,0.0029970029970029,0.0016354450429171,WW,0.0451605666375824,93,6,10,-0.3901220953148369,0.2170247156896659,-3.42728520917365,0.3901220953148369,0.2235559472198151,0.0002497502497502,1.3732466284515072e-05,DS,0.0232880998005553,constitutive,-0.2751874602257833,-1.481337314150218,1.481337314150218,-0.0026127829954284976,0.1862520800217061,-0.275,stable,unchanged,equal,0.1888648630171346
chr8,13302694,Zm00001eb335380,1991,10,9,2.103388495480787,0.2500598683824664,3.8224989728586167,2.103388495480787,0.3083738466335245,0.0002797002701866,4.45059488533273e-07,WW,0.0204994931767883,1991,10,9,0.5307188693265973,0.0199350850197102,0.6419022693363299,0.8987265361131918,0.5526535242565805,0.1779095949869826,0.1742712086444515,DS,0.4338354293269225,ww_only,-0.860669696226392,-3.180596703522287,3.180596703522287,-1.5726696261541897,-0.2301247833627562,-0.862,stable,shifted,NAM_up_or_B73_down,1.3425448427914335
chr8,14488803,Zm00001eb335790,31,3,16,-1.3247799424213251,0.0522019620601019,-5.732276514278201,1.3247799424213251,0.1808533600524843,0.002063983488132,0.0043546860106429,WW,0.0381789212106284,31,3,16,-0.7736421606315361,0.2216073424328984,-3.368785076665193,0.7736421606315361,0.3103956911367992,0.002063983488132,1.806433929128707e-05,DS,0.0447904326733231,constitutive,-0.050435114112187,2.3634914376130083,2.3634914376130083,0.551137781789789,0.1694053803727965,-0.051,stable,shifted,B73_up_or_NAM_down,0.3817324014169925
chr8,14821883,Zm00001eb335870,37,13,6,-0.3606409608288135,0.2119419460693394,-2.063458044404194,0.4128525512500862,0.237710521458489,0.0014005602240896,0.0001317918712716,WW,0.0317884247910287,37,13,6,-0.1833323012383605,-0.1491486803100153,-0.1211353068408037,0.3005635943626257,0.1988569400362999,0.96609169983783,0.8062129134512256,DS,1.0,ww_only,-0.2157559910847853,1.9423227375633902,1.9423227375633902,0.17730865959045297,-0.3610906263793547,-0.216,stable,unchanged,equal,0.5383992859698077
chr8,17930775,Zm00001eb336750,88,12,7,0.8655290874571047,0.5952996501754537,1.447073319721677,0.8655290874571047,0.5952996501754537,3.969199015638645e-05,0.0017771516343069,WW,0.018794646214001,88,12,7,0.5212141339528655,0.5968537294800088,-0.2743961538521234,0.5711265210745193,0.5968537294800088,0.9018020163531,0.5411529065446722,DS,0.9851949169470952,ww_only,-0.5111101940682495,-1.7214694735738003,1.7214694735738003,-0.34431495350423913,0.0015540793045550894,-0.512,stable,shifted,NAM_up_or_B73_down,0.3458690328087942
chr8,19585956,Zm00001eb337140,998,13,6,-0.5360809378789387,-0.0560514528615722,-2.5442571019770472,0.5360809378789387,0.2032960340409593,0.0002948547840188,0.0046088237559908,WW,0.0204994931767883,998,13,6,-0.4421012096867012,-0.0484722031149046,-3.381255530756726,0.4421012096867012,0.1424263451999416,0.0001474273920094,0.0015056721756313,DS,0.0232874033860875,constitutive,0.7074587061337793,-0.8369984287796788,0.8369984287796788,0.09397972819223754,0.007579249746667599,0.71,stable,unchanged,equal,0.08640047844556994
chr8,22431123,Zm00001eb337820,247,8,11,1.2339183951916124,-0.1985101402223594,3.061097366237145,1.2339183951916124,0.3162074983479193,2.6461326770924297e-05,6.3216350822159e-06,WW,0.018794646214001,247,8,11,1.2502558045626913,0.0184379252320442,1.9545570159621564,1.2502558045626913,0.4674311942025467,0.0011907597046915,0.000768553232628,DS,0.0357036816611284,constitutive,-1.215632717460286,-1.1065403502749884,1.1065403502749884,0.01633740937107886,0.21694806545440362,-1.207,down,unchanged,equal,0.20061065608332476
chr8,35510978,Zm00001eb339970,227,7,6,1.3194028524538737,-0.1919113779320325,2.2922920874685726,1.3194028524538737,0.3287711050975737,0.0011655011655011,0.0018273295478409,WW,0.0301297495867631,227,7,6,1.7266863872327338,0.3785728744395698,1.6752129032378846,1.7266863872327338,0.5151370469206593,0.0349650349650349,0.0124765229289018,DS,0.1743552807251774,ww_only,3.0054597745119356,-0.617079184230688,0.617079184230688,0.40728353477886015,0.5704842523716023,3.022,up,shifted,B73_up_or_NAM_down,0.16320071759274213
chr8,63618585,Zm00001eb342350,20,6,8,-0.7023744876779251,0.2816041360692858,-2.712337147285195,0.7023744876779251,0.3981090129995904,0.0006660006660006,0.0001902233057977,WW,0.0232820792261351,20,6,8,-0.8632553094534826,0.447278606183167,-2.6896167025208713,0.8632553094534826,0.5289542562350944,0.0006660006660006,0.0003312112510796,DS,0.0273519583864411,constitutive,0.806838994023712,0.022720444764323666,0.022720444764323666,-0.16088082177555751,0.1656744701138812,0.823,stable,unchanged,equal,0.3265552918894387
chr8,74324726,Zm00001eb344390,101,10,5,0.9658345724787946,0.1415884148470957,5.125669230778888,0.9658345724787946,0.1415884148470957,0.0006660006660006,2.2459704676639524e-08,WW,0.0232820792261351,101,10,5,0.8987462878258405,0.0601644677175759,4.670724444683196,0.8987462878258405,0.06897957962244,0.0006660006660006,6.639497413967059e-08,DS,0.0273519583864411,constitutive,-0.1931733274317725,-0.4549447860956919,0.4549447860956919,-0.06708828465295402,-0.0814239471295198,-0.193,stable,unchanged,equal,0.014335662476565772
chr8,95195123,Zm00001eb347380,1282,8,6,-1.03863362017805,-0.4766016828614625,-2.126161526897561,1.03863362017805,0.493617885551247,0.0026640026640026,0.0041165466780552,WW,0.0434852222607324,1282,8,6,-0.7786169980223951,-0.5476457047784238,-0.8165179482342081,0.7786169980223951,0.5476457047784238,0.344988344988345,0.2344081855484605,DS,0.6217159787253245,ww_only,0.7555550908240645,1.3096435786633527,1.3096435786633527,0.2600166221556548,-0.0710440219169613,0.759,stable,unchanged,equal,0.3310606440726161
chr8,107751729,Zm00001eb349530,54,3,13,0.1962571157751943,1.1703656700302711,-6.402983117963625,0.1962571157751943,1.1703656700302711,0.0035714285714285,0.0084291421287602,WW,0.0495588381084564,54,3,13,0.1155989429300167,0.9922422183038648,-5.950226155152087,0.1155989429300167,0.9922422183038648,0.0035714285714285,0.0058024321030799,DS,0.056011397587695,ww_only,0.8091303342654089,0.452756962811538,0.452756962811538,-0.08065817284517761,-0.1781234517264063,0.813,stable,unchanged,equal,0.0974652788812287
chr8,111330142,Zm00001eb350050,155,5,12,0.3089966924680997,-0.0197496083756486,2.2710407230239484,0.3089966924680997,0.0985442586980244,0.002262443438914,0.0135379070102359,WW,0.0395452963326266,155,5,12,0.276714750165269,-0.0517796913916344,2.1750103426753897,0.276714750165269,0.1197852036688015,0.0038784744667097,0.0086507227897589,DS,0.0588661713099494,ww_only,0.9775655655042832,-0.09603038034855871,0.09603038034855871,-0.03228194230283071,-0.0320300830159858,0.983,stable,unchanged,equal,0.000251859286844916
chr8,116309207,Zm00001eb350800,17,6,7,0.9519663573963698,0.1964879006461029,3.048962988487219,0.9519663573963698,0.2300697062669841,0.0011655011655011,0.0010144293320613,WW,0.0301297495867631,17,6,7,0.7323724604977127,-0.1861701873111823,1.3182051485603916,0.7669429103384152,0.5280000008102997,0.0512820512820512,0.0433494836381465,DS,0.2153271862935902,ww_only,-1.8661692142090895,-1.7307578399268275,1.7307578399268275,-0.21959389689865716,-0.3826580879572852,-1.847,down,unchanged,equal,0.16306419105862802
chr8,120328484,Zm00001eb351640,149,11,4,3.34179737715693,-0.3138984741512682,4.115648908197177,3.34179737715693,0.3138984741512682,0.0014652014652014,6.976561634650551e-08,WW,0.0322312084688322,149,10,4,3.1888814647035297,-0.3765231048924709,4.550611175847791,3.1888814647035297,0.5679324865067278,0.0019980019980019,4.425822929172392e-06,DS,0.0447904326733231,constitutive,0.552032407008668,0.4349622676506142,0.4349622676506142,-0.15291591245340008,-0.06262463074120267,0.562,stable,unchanged,equal,0.09029128171219741
chr8,120770399,Zm00001eb351780,928,6,6,-0.3297426994019356,0.0779362010509829,-2.2404733832540775,0.3297426994019356,0.1307780189186423,0.0043290043290043,0.0032364958598752,WW,0.0535942106673814,928,6,6,0.3328351702537767,0.4194778586641323,-0.163734595258403,0.3328351702537767,0.5786914360123868,0.8181818181818182,0.7865193634239837,DS,0.94992415119716,non_functional,0.6042352991079923,2.0767387879956747,2.0767387879956747,0.6625778696557123,0.34154165761314936,0.607,stable,shifted,B73_up_or_NAM_down,0.32103621204256294
chr8,121249849,Zm00001eb351910,2,11,4,-0.5180369088008345,0.3251989556331274,-2.664708163603077,0.5180369088008345,0.3744008076636247,0.0029304029304029,0.0118774103127487,WW,0.0446897908099409,2,11,5,-0.958094516928579,-0.0873690293066971,-3.568556258033679,0.958094516928579,0.2407861897693022,0.0009157509157509,0.0037033317512265,DS,0.0325284364758048,constitutive,0.5894401259453291,-0.903848094430602,0.903848094430602,-0.4400576081277445,-0.4125679849398245,0.594,stable,shifted,NAM_up_or_B73_down,0.02748962318792003
chr8,121472803,Zm00001eb351960,1771,4,9,2.673619961903556,0.0446252842547488,1.4753343425864494,2.673619961903556,0.1576353605548553,0.0027972027972027,0.2194161257879047,WW,0.0445594307731047,1771,4,9,0.3166668396034464,-0.0048731955437225,0.8530079336808609,0.3982619233102387,0.2381271248336798,0.413986013986014,0.2973863839552098,DS,0.6754210173388255,ww_only,-1.2282743362885409,-0.6223264089055884,0.6223264089055884,-2.3569531223001094,-0.0494984797984713,-1.228,down,shifted,NAM_up_or_B73_down,2.307454642501638
chr8,122598520,Zm00001eb352310,114,4,13,0.5377128766507119,-0.3738595753815438,5.148717241296048,0.5377128766507119,0.3738595753815438,0.0008403361344537,0.0016730818308378,WW,0.0263789032096355,114,4,13,0.5535993955782943,-0.6394719002828163,6.081491258142006,0.5535993955782943,0.6394719002828163,0.0008403361344537,2.1743024389478465e-05,DS,0.0311047270827892,constitutive,0.0532871411047982,0.9327740168459586,0.9327740168459586,0.015886518927582416,-0.2656123249012725,0.053,stable,unchanged,equal,0.2814988438288549
chr8,125692145,Zm00001eb352940,119,3,13,-0.9681929801482506,-0.1109976774247204,-2.9554200754107827,0.9681929801482506,0.272981533108737,0.0035714285714285,2.840380425487231e-07,WW,0.0495588381084564,119,3,13,-0.6652676010987348,-0.0164573009071342,-3.3464251312960083,0.6652676010987348,0.1532241608155174,0.0035714285714285,0.0036933907413793,DS,0.056011397587695,ww_only,1.2436339894355346,-0.3910050558852256,0.3910050558852256,0.3029253790495158,0.0945403765175862,1.28,up,shifted,B73_up_or_NAM_down,0.20838500253192957
chr8,132884231,Zm00001eb354530,6,8,10,-1.5792092268897728,-0.7350447966500322,-2.7287531241085516,1.5792092268897728,0.7350447966500322,9.141185611773848e-05,8.991541303143182e-05,WW,0.018794646214001,6,8,10,-1.059302207016474,-0.4308772991562172,-2.393207729858545,1.059302207016474,0.4402187809281647,0.0005484711367064,0.0001898296547119,DS,0.0268883658714167,constitutive,0.9536635673827246,0.3355453942500066,0.3355453942500066,0.5199070198732989,0.304167497493815,0.964,stable,shifted,B73_up_or_NAM_down,0.2157395223794839
chr8,135407191,Zm00001eb355170,1813,5,11,0.9886346061366698,-0.1943118177287673,7.38472485491139,0.9886346061366698,0.201515914223899,0.0004578754578754,5.315912759771641e-05,WW,0.0217474528638424,1813,5,11,0.3255155432291453,-0.0472544130269747,2.480609915991002,0.3362312015297393,0.0949927531831952,0.0086996336996337,0.0142757263265874,DS,0.0847241382955668,ww_only,0.2348166071986475,-4.904114938920388,4.904114938920388,-0.6631190629075245,0.1470574047017926,0.235,stable,shifted,NAM_up_or_B73_down,0.8101764676093172
chr8,138292923,Zm00001eb356090,221,10,5,-0.259682477414304,0.2004635923856868,-2.4950368615686846,0.2699885375423204,0.2004635923856868,0.0013320013320013,0.0004886738245714,WW,0.0307915591152585,221,10,5,-0.2465037568036679,0.1638271910064121,-1.8128542611830856,0.300493287236984,0.2116126725906189,0.0079920079920079,0.008639180743056,DS,0.0804245456332931,ww_only,0.5301576382099639,0.6821826003855991,0.6821826003855991,0.013178720610636102,-0.03663640137927471,0.532,stable,unchanged,equal,0.04981512198991081
chr8,139542115,Zm00001eb356410,1199,3,14,0.4826649777994571,-0.6056131189136505,1.011785589456383,0.4826649777994571,0.7568021627476508,0.0029411764705882,0.0037390010385673,WW,0.0446897908099409,1199,3,14,1.501477509101864,0.1544571321957221,0.8200542102142183,1.501477509101864,1.5261763484386035,0.1558823529411764,0.0195678713706559,DS,0.4018559439310745,ww_only,2.7957630912348574,-0.19173137924216466,0.19173137924216466,1.0188125313024068,0.7600702511093727,2.804,up,shifted,B73_up_or_NAM_down,0.25874228019303414
chr8,139633555,Zm00001eb356430,1172,10,7,-0.506735263952475,0.9499873408893909,-2.9302163089230806,0.5862403418764857,0.9499873408893909,0.0002056766762649,1.54374936696665e-05,WW,0.0201065862242332,1172,10,7,-2.384465008868774,-2.491246318042228,0.1470579562072329,2.384465008868774,2.491246318042228,0.6690662278897572,0.7815884670685415,DS,0.8631146171445628,ww_only,-0.4603826060025618,3.0772742651303133,3.0772742651303133,-1.8777297449162993,-3.441233658931619,-0.462,stable,shifted,NAM_up_or_B73_down,1.5635039140153197
chr8,141846950,Zm00001eb356920,54,5,9,0.1283867248103363,-0.1414364461862447,2.1293293228231733,0.1293915039667115,0.1414364461862447,0.0009990009990009,0.0067389912154696,WW,0.0289507593855419,54,5,9,0.48590174048829,-0.0076969091805508,2.852389365017521,0.48590174048829,0.1338422404385525,0.0009990009990009,0.0001254915290625,DS,0.0333775135755333,constitutive,-0.002866066576841,0.7230600421943478,0.7230600421943478,0.3575150156779537,0.1337395370056939,-0.003,stable,shifted,B73_up_or_NAM_down,0.22377547867225978
chr8,143422255,Zm00001eb357290,1233,4,12,-0.7233326971887466,0.582890710067965,-1.3524360790717809,0.7233326971887466,0.7940112029634364,0.0021978021978021,0.0017031736496284,WW,0.038891268213993,1233,4,12,0.0469170939422488,1.49045099888243,-1.055896960171628,0.583183400503405,1.5323346246329443,0.0582417582417582,0.0279905150883205,DS,0.2299572697193602,ww_only,1.1339618684770192,0.29653911890015294,0.29653911890015294,0.7702497911309953,0.9075602888144649,1.153,up,shifted,B73_up_or_NAM_down,0.1373104976834696
chr8,143696517,Zm00001eb357340,864,5,9,1.143572845310827,0.1171008328275124,2.3654289920370504,1.143572845310827,0.329106715941933,0.0019980019980019,0.0035592533405364,WW,0.0381789212106284,864,5,9,0.5542577397274268,-0.066078386303017,1.7702962754482074,0.5542577397274268,0.279752878243178,0.0289710289710289,0.0197072186026009,DS,0.1586628140590813,ww_only,1.2438349330712055,-0.5951327165888429,0.5951327165888429,-0.5893151055834002,-0.1831792191305294,1.254,up,shifted,NAM_up_or_B73_down,0.4061358864528708
chr8,144808376,Zm00001eb357600,190,8,9,0.8884095167958376,-2.4312125102351794,2.7733048004307985,0.8884095167958376,2.5247127658958988,0.0003290826820238,0.0001441942198388,WW,0.0204994931767883,190,8,9,1.5927925460060903,-0.8955907679774149,2.216999077877728,1.5927925460060903,1.2976667178206356,0.0015631427396133,0.0003439505857179,DS,0.0402658410291998,constitutive,2.0274447647008853,-0.5563057225530703,0.5563057225530703,0.7043830292102528,1.5356217422577645,2.104,up,shifted,B73_up_or_NAM_down,0.8312387130475117
chr8,148019718,Zm00001eb358310,13,4,10,1.257154883562406,0.3575954043189284,4.065151347192334,1.257154883562406,0.3575954043189284,0.0019980019980019,0.0146650735308697,WW,0.0381789212106284,13,4,10,-0.2272275547385533,0.4174173844670046,-0.9044533028368766,0.7007434452133042,0.6190709076637246,0.2397602397602398,0.2383456610782772,DS,0.5083700465415829,ww_only,0.4691228317140659,-4.96960465002921,4.96960465002921,-1.4843824383009594,0.059821980148076215,0.47,stable,shifted,NAM_up_or_B73_down,1.5442044184490356
chr8,148220192,Zm00001eb358380,1644,14,5,0.112141414502077,-0.2985775805420098,3.591320808373115,0.1252193237646033,0.2985775805420098,0.000171998624011,1.417409115238008e-06,WW,0.018794646214001,1644,14,5,0.0654679665163675,-0.1972479637951659,1.4953405995047366,0.1437165429183023,0.2048412051421949,0.0142758857929136,0.0167033325651638,DS,0.1093545773697002,ww_only,-0.653536575022216,-2.0959802088683785,2.0959802088683785,-0.04667344798570949,0.10132961674684388,-0.655,stable,unchanged,equal,0.14800306473255337
chr8,149082352,Zm00001eb358690,281,9,10,1.7072909933748923,0.2798575071283506,3.091094617788654,1.7072909933748923,0.3816926475123,0.0002797002701866,7.673758997903853e-06,WW,0.0204994931767883,281,7,8,0.5739078246864956,0.1288482075856749,0.685774648249247,0.5739078246864956,0.6056967482311961,0.20261353134705,0.1948947162084511,DS,0.465537468132515,ww_only,-2.4674533096114537,-2.405319969539407,2.405319969539407,-1.1333831686883968,-0.15100929954267572,-2.301,down,shifted,NAM_up_or_B73_down,0.9823738691457211
chr8,151310228,Zm00001eb359400,43,6,7,0.3762782802980526,-0.1445730072917712,4.116457512418691,0.3762782802980526,0.1445730072917712,0.0011655011655011,0.0001576990423034,WW,0.0301297495867631,43,6,7,0.7551351019146694,0.1635599170908336,5.467716790411174,0.7551351019146694,0.1758168339791348,0.0011655011655011,5.6532552870738094e-06,DS,0.0355390091835874,constitutive,1.318915854988279,1.351259277992483,1.351259277992483,0.37885682161661677,0.30813292438260476,1.33,up,shifted,B73_up_or_NAM_down,0.07072389723401201
chr8,154803605,Zm00001eb360330,112,5,13,0.5545167596598264,0.1132858399239934,2.4157533622013316,0.5545167596598264,0.2050703761448198,0.0002334267040149,4.58715494930195e-06,WW,0.0201065862242332,112,5,13,0.4712109723951833,0.0655255390250332,2.002034860702934,0.4712109723951833,0.2067117453724341,0.0002334267040149,3.120769751300232e-05,DS,0.0232880998005553,constitutive,-0.756687488552185,-0.41371850149839773,0.41371850149839773,-0.0833057872646431,-0.04776030089896019,-0.757,stable,unchanged,equal,0.035545486365682916
chr8,158078802,Zm00001eb361180,1392,12,6,0.3277313076721063,-0.3174622545500059,1.9714695421064587,0.3277313076721063,0.3830732128519489,0.0004309416074121,0.033456231244265,WW,0.0217474528638424,1392,12,6,0.4697483876142344,0.6561425536526327,-0.6307941289210064,0.4697483876142344,0.6561425536526327,0.3354880413703943,0.3416738687653346,DS,0.6120950495219238,ww_only,0.567938788624852,-2.6022636710274654,2.6022636710274654,0.1420170799421281,0.9736048082026386,0.57,stable,unchanged,equal,0.8315877282605105
chr8,160124268,Zm00001eb361900,161,4,11,0.7682581821196219,-0.0390408245836697,3.0793207885147074,0.7682581821196219,0.2232456739185677,0.0014652014652014,4.495412450595627e-05,WW,0.0322312084688322,161,4,11,0.5762364014298619,-0.1384470971349216,5.75857859337796,0.5762364014298619,0.1439771721208085,0.0014652014652014,0.0024715887307064,DS,0.0386778801381148,constitutive,0.965528927303356,2.6792578048632527,2.6792578048632527,-0.19202178068976006,-0.0994062725512519,0.968,stable,unchanged,equal,0.09261550813850816
chr8,162966385,Zm00001eb362270,6,7,10,0.043779666554885,-2.8302906942646593,2.7172358361520272,0.6441368927252161,2.8302906942646593,0.0002056766762649,3.373264551513623e-05,WW,0.0201065862242332,6,7,10,-0.2062572431158509,-1.6636461975704515,1.3117634295433096,1.0288255822763854,1.7410508221923011,0.0135746606334841,0.0238703232247372,DS,0.1070690120164214,ww_only,1.231671103910804,-1.4054724066087176,1.4054724066087176,-0.2500369096707359,1.1666444966942078,1.522,up,unchanged,equal,1.4166814063649436
chr8,165905195,Zm00001eb363480,311,11,7,-0.3415886875904311,0.3029825232415488,-2.543947546672056,0.4053274485527968,0.3029825232415488,0.0004399195575666,3.44609255314461e-05,WW,0.0217474528638424,311,11,7,-0.623912508860962,0.115693380810044,-1.9314460121442736,0.6989148902906523,0.1391785870639209,0.0018853695324283,0.0003110765364264,DS,0.0446991533057106,constitutive,-0.0724639273010918,0.6125015345277822,0.6125015345277822,-0.28232382127053085,-0.1872891424315048,-0.072,stable,unchanged,equal,0.09503467883902605
chr8,166221363,Zm00001eb363730,788,4,15,0.1889829973069956,-0.3389043696094054,2.819251415744291,0.1889829973069956,0.3389043696094054,0.000515995872033,3.3641707918984296e-05,WW,0.0222282178940474,788,4,15,0.0609402182803368,-0.158400779987956,0.9227041698722926,0.1596495462610047,0.2493973979782556,0.1243550051599587,0.1563273011599032,DS,0.3570357046899722,ww_only,0.7381420764245531,-1.8965472458719983,1.8965472458719983,-0.1280427790266588,0.1805035896214494,0.745,stable,unchanged,equal,0.30854636864810825
chr8,166609169,Zm00001eb363880,662,8,9,0.389522911940839,-0.0229413250579967,1.9709664576658736,0.389522911940839,0.1452128986524893,0.0009872480460715,0.0011879135109113,WW,0.0289507593855419,662,8,9,0.6937813432973438,0.0192491050923127,5.525323002398477,0.6937813432973438,0.0833434991109044,8.227067050596462e-05,3.8388403653823705e-08,DS,0.0210852438700539,constitutive,0.8450535577117786,3.5543565447326033,3.5543565447326033,0.30425843135650477,0.042190430150309405,0.846,stable,shifted,B73_up_or_NAM_down,0.26206800120619533
chr8,167523808,Zm00001eb364260,623,8,10,0.1379890278847191,-0.200110881513756,2.0309775893144746,0.1913313824300978,0.200110881513756,0.001371177841766,0.000870983742413,WW,0.0314427432614156,623,8,10,0.1028098904611473,-0.2387114221025771,1.2762080084655132,0.1886969034055771,0.2494650983440989,0.0062160062160062,0.0123623212734245,DS,0.0705818003535793,ww_only,1.243957300819014,-0.7547695808489614,0.7547695808489614,-0.03517913742357179,-0.03860054058882109,1.251,up,unchanged,equal,0.0034214031652493038
chr8,167835862,Zm00001eb364360,435,5,13,1.346446418321256,-0.0418370462355432,3.2392091687961684,1.346446418321256,0.3267273033387984,0.0002334267040149,3.695607166279705e-05,WW,0.0201065862242332,435,5,14,0.4349136264141492,0.1428101391462702,0.6885460591479533,0.4349136264141492,0.4051791886028524,0.2566219470244238,0.090395421929539,DS,0.5269598946656703,ww_only,0.4105002828428517,-2.550663109648215,2.550663109648215,-0.9115327919071067,0.1846471853818134,0.422,stable,shifted,NAM_up_or_B73_down,1.09617997728892
chr8,168498954,Zm00001eb364690,1557,4,7,0.9817886638778228,-0.039729883425255,2.825271640606174,0.9817886638778228,0.317830377360281,0.006060606060606,0.0004547663877595,WW,0.0637495417085106,1557,4,7,1.423616217361078,0.0009239871594727,3.7618013034479145,1.423616217361078,0.304826341358916,0.006060606060606,0.000722407465428,DS,0.0705818003535793,non_functional,-0.8030137193284472,0.9365296628417403,0.9365296628417403,0.4418275534832552,0.0406538705847277,-0.804,stable,shifted,B73_up_or_NAM_down,0.4011736828985275
chr8,168498954,Zm00001eb364700,1200,4,14,3.1811157337064087,-0.1002844144925222,3.585728662290537,3.1811157337064087,0.6497641640970675,0.0006535947712418,0.0010015432782269,WW,0.0232820792261351,1200,4,14,2.7146397496643058,0.0687619512873923,2.3251342115560223,2.7146397496643058,0.8627517841531109,0.0078431372549019,0.009424631297733,DS,0.0804245456332931,ww_only,0.2441680235482345,-1.2605944507345148,1.2605944507345148,-0.4664759840421029,0.1690463657799145,0.247,stable,shifted,NAM_up_or_B73_down,0.6355223498220174
chr8,169330104,Zm00001eb365060,1020,9,9,2.1813187153227687,-0.4098041094744225,2.318887854464994,2.2759752650720504,0.7342340852723847,0.0019976900972723,0.000216971041063,WW,0.0381789212106284,1020,9,9,2.287302513886808,-0.6830288356074453,2.23212488007452,2.287302513886808,0.8218729688187776,0.0005736335109885,0.0007611404837193,DS,0.027249309581873,constitutive,2.6733716773499476,-0.08676297439047387,0.08676297439047387,0.1059837985640395,-0.27322472613302284,2.71,up,unchanged,equal,0.37920852469706234
chr8,170000212,Zm00001eb365530,604,5,8,-0.2696058215594387,-1.26276513015379,3.973352059166501,0.2696058215594387,1.26276513015379,0.0015540015540015,1.0504910682341222e-05,WW,0.0332696092867399,604,5,8,0.4737759955195981,-0.1969114864133562,2.047850239899488,0.4737759955195981,0.2831392502495253,0.0015540015540015,0.001584149731302,DS,0.0401837413331666,constitutive,0.8408064952038212,-1.925501819267013,1.925501819267013,0.7433818170790367,1.065853643740434,0.854,stable,shifted,B73_up_or_NAM_down,0.3224718266613973
chr8,170468152,Zm00001eb365690,1866,3,16,0.8540311615415256,-0.3181578071821581,2.0752487835185445,0.8540311615415256,0.5608103065738976,0.002063983488132,6.5131988502375246e-06,WW,0.0381789212106284,1866,3,16,0.2800944506356634,-0.2873888890423131,0.9294988593576284,0.2800944506356634,0.6086962943234762,0.109391124871001,0.0175254963057115,DS,0.3308697498152312,ww_only,1.4018432075962612,-1.1457499241609161,1.1457499241609161,-0.5739367109058622,0.030768918139845003,1.408,up,shifted,NAM_up_or_B73_down,0.6047056290457071
chr8,170688841,Zm00001eb365760,14,8,11,0.4801147784039974,-0.2724044551042606,4.112015227509307,0.4801147784039974,0.2751588239908856,2.6461326770924297e-05,8.035447365846093e-07,WW,0.018794646214001,14,8,11,0.05888572097124,-0.4801194380576865,2.322794179772215,0.1493117502848575,0.4801194380576865,0.0001058453070836,0.0001371997443228,DS,0.0218131868131868,constitutive,-0.7724360695690882,-1.789221047737092,1.789221047737092,-0.4212290574327574,-0.2077149829534259,-0.773,stable,shifted,NAM_up_or_B73_down,0.21351407447933152
chr8,170726288,Zm00001eb365780,566,8,8,1.681553125635786,0.4668790825591301,2.991082437162624,1.681553125635786,0.4769810508361821,0.0001554001554001,3.3666827734162265e-05,WW,0.018794646214001,566,8,8,1.8083009971012711,0.378678256738171,3.144768882428265,1.8083009971012711,0.4475206452497677,0.0003108003108003,2.384174629624121e-05,DS,0.0232880998005553,constitutive,-0.1603845900993888,0.15368644526564124,0.15368644526564124,0.12674787146548505,-0.08820082582095906,-0.16,stable,unchanged,equal,0.2149486972864441
chr8,170841016,Zm00001eb365820,1160,5,13,0.6830579742336337,-2.560171707743156,2.1195010782345967,1.298425940147284,2.5969929867263,0.0016339869281045,0.0047561045467982,WW,0.0343566799309979,1160,6,13,0.7859904150637947,-2.072693452202224,1.7466650343672423,1.4450642795415012,2.238780722558889,0.0047176765443019,0.0051714309899272,DS,0.0622664762327756,ww_only,0.302069502340417,-0.37283604386735436,0.37283604386735436,0.10293244083016106,0.48747825554093227,0.313,stable,unchanged,equal,0.3845458147107712
chr8,173983761,Zm00001eb367290,547,5,14,0.491562723133897,-0.2552196510951149,2.7780644658443814,0.491562723133897,0.29669417450038,0.000171998624011,4.841670613917232e-06,WW,0.018794646214001,547,5,14,0.1513940854508877,-0.2301320568810188,1.0050714094132722,0.161551936563494,0.4092218533312716,0.0142758857929136,0.0203571074197907,DS,0.1093545773697002,ww_only,-0.2989135582887653,-1.7729930564311092,1.7729930564311092,-0.3401686376830093,0.02508759421409612,-0.299,stable,shifted,NAM_up_or_B73_down,0.36525623189710543
chr8,177936963,Zm00001eb369360,97,3,16,-0.9102919251024224,-0.035057840477307,-2.538165958635833,0.9102919251024224,0.3168972240855952,0.002063983488132,1.1541560763196828e-05,WW,0.0381789212106284,97,3,16,-0.8936536813861427,-0.0799396631425355,-2.4356776902292423,0.8936536813861427,0.2788372005763873,0.0041279669762641,0.0373610997313444,DS,0.0607675609484582,ww_only,1.638120113841907,0.10248826840659087,0.10248826840659087,0.016638243716279755,-0.044881822665228506,1.699,up,unchanged,equal,0.06152006638150826
chr8,178310904,Zm00001eb369680,106,7,11,1.5142663946192714,0.5629297378970242,0.8075014819815663,1.6063200467885,0.6948881030056996,0.1508924082453494,0.1619304041683865,WW,0.3904302012518125,106,7,11,2.8035864152228984,1.1390866436630367,0.9882584094095088,2.8035864152228984,1.2335093306775795,0.0441176470588235,0.0842977720190692,DS,0.1969246031746031,non_functional,1.428200980665098,0.18075692742794247,0.18075692742794247,1.289320020603627,0.5761569057660125,1.446,up,shifted,B73_up_or_NAM_down,0.7131631148376145
chr8,178310904,Zm00001eb369690,856,8,11,0.4855194017730904,-0.1151065530385596,1.9040725909942684,0.4855194017730904,0.2789489757398385,0.0017729088936519,0.000596779959933,WW,0.0365475115850143,856,8,11,0.1761380150741105,-0.1972019337489034,1.337183887297425,0.2699813279887688,0.2415171624240121,0.0203487602868407,0.0161862778237291,DS,0.1295571095571095,ww_only,0.2298439090859902,-0.5668887036968433,0.5668887036968433,-0.30938138669897985,-0.08209538071034381,0.232,stable,shifted,NAM_up_or_B73_down,0.22728600598863605
chr8,179708135,Zm00001eb370370,161,6,13,-1.098980069473182,-0.4110802314316368,-2.661883366626564,1.098980069473182,0.4462342669576511,7.371369600471768e-05,2.419586251523878e-06,WW,0.018794646214001,161,6,13,-0.8914160462454163,-0.1225516719822679,-2.19265617650098,0.8914160462454163,0.3333995724186009,0.000515995872033,1.4139934395433912e-05,DS,0.0258598228243877,constitutive,0.901761814588878,0.4692271901255842,0.4692271901255842,0.20756402322776568,0.2885285594493689,0.908,stable,unchanged,equal,0.08096453622160321
chr8,179956982,Zm00001eb370480,244,4,12,-0.1181719954201766,0.1508610190977148,-2.0152806854604095,0.1181719954201766,0.1685842623355523,0.0021978021978021,0.0001372978732445,WW,0.038891268213993,244,4,12,-0.2182979853127853,0.1713990779252203,-2.0029853772811705,0.2182979853127853,0.2403125623754682,0.0076923076923076,0.0025487412367506,DS,0.0804245456332931,ww_only,-1.651836720041863,0.012295308179238962,0.012295308179238962,-0.1001259898926087,0.020538058827505506,-1.652,down,unchanged,equal,0.1206640487201142
chr8,179956982,Zm00001eb370490,38,4,15,4.2098690754436205,0.4366632560660438,5.482752366047841,4.2098690754436205,0.7052330678327483,0.000515995872033,5.290923900606563e-07,WW,0.0222282178940474,38,4,15,1.651650700881382,0.5019723917023611,1.226063865693211,1.651650700881382,0.7618503471630745,0.0485036119711042,0.1051500883024201,DS,0.2062269280930171,ww_only,-0.7017782855747193,-4.25668850035463,4.25668850035463,-2.558218374562238,0.0653091356363173,-0.706,stable,shifted,NAM_up_or_B73_down,2.6235275101985556
chr8,181585871,Zm00001eb371150,37,4,11,-0.0435833982711631,0.4825044565930723,-1.913224457430619,0.121457449117512,0.4825044565930723,0.0029304029304029,0.0007820993947422,WW,0.0446897908099409,37,4,11,0.2955004886396831,0.4116798282390959,-0.3355012424783435,0.4011844649648388,0.4300048885877459,0.7531135531135531,0.6428927063678621,DS,0.9142152598826444,ww_only,0.3927179318038918,1.5777232149522755,1.5777232149522755,0.3390838869108462,-0.0708246283539764,0.395,stable,shifted,B73_up_or_NAM_down,0.4099085152648226
chr8,181685300,Zm00001eb371180,27,3,14,-1.184489390174889,0.3628271369874389,-2.449592077209153,1.184489390174889,0.5963285638893819,0.0029411764705882,1.050977388272194e-06,WW,0.0446897908099409,27,3,14,-1.3274916456559176,0.3009551417362966,-2.4181609130200337,1.3274916456559176,0.6154545150538544,0.0029411764705882,1.58014013762209e-06,DS,0.0508974358974358,ww_only,0.0508319126119748,0.031431164189119176,0.031431164189119176,-0.14300225548102863,-0.06187199525114229,0.05,stable,unchanged,equal,0.08113026022988634
chr9,2221701,Zm00001eb371520,118,10,7,-0.0910508795135035,0.2788636251723969,-1.819921157944408,0.1613549580489532,0.2825439941143204,0.0030851501439736,0.0019619223101834,WW,0.0456629624566229,118,10,7,-0.0537044571775096,0.3075733050845176,-1.0420647646120127,0.145373984778138,0.4908214123910842,0.269847799259564,0.1122651370065379,DS,0.5426706785467215,ww_only,0.9026444528909662,0.7778563933323952,0.7778563933323952,0.037346422335993903,0.0287096799121207,0.912,stable,unchanged,equal,0.008636742423873203
chr9,10900844,Zm00001eb373600,55,10,7,1.2127117880849625,-0.0902979946359317,2.499220774435751,1.2127117880849625,0.2247600668619716,0.0007546328066255,6.058750758118288e-05,WW,0.0251913816382048,55,10,6,0.8032328672883571,0.2791399879400412,0.677207952518145,0.8561792969393345,0.7290014672034504,0.4922577422577422,0.2448677691167206,DS,0.7423463807159622,ww_only,-1.0376646887001522,-1.822012821917606,1.822012821917606,-0.4094789207966054,0.3694379825759729,-1.036,down,shifted,NAM_up_or_B73_down,0.7789169033725782
chr9,13076932,Zm00001eb374170,158,13,4,-0.4637776068790628,0.5055114772549537,-2.8700921001899826,0.4742105643280234,0.5055114772549537,0.0008403361344537,0.0011617102859248,WW,0.0263789032096355,158,14,4,0.3281829213480737,0.2454034227156741,0.0738980791418564,0.6618033144617959,0.2454034227156741,0.7980392156862743,0.8186372268592647,DS,0.9376324167872648,ww_only,1.4945759203260418,2.943990179331839,2.943990179331839,0.7919605282271365,-0.2601080545392796,1.541,up,shifted,B73_up_or_NAM_down,1.052068582766416
chr9,13463701,Zm00001eb374330,345,7,9,0.0725044270569485,-0.0664964313471211,1.618079873524338,0.0852230477550476,0.0773723823564198,0.0033216783216783,0.0136732091864237,WW,0.0473416106345543,345,7,9,0.0234179591292818,-0.0443261222138205,0.8011600828834571,0.060490913380391,0.0718521708034861,0.2104895104895105,0.1239298542367939,DS,0.4747745952093422,ww_only,0.1099526476855251,-0.8169197906408809,0.8169197906408809,-0.0490864679276667,0.022170309133300606,0.11,stable,unchanged,equal,0.07125677706096731
chr9,14320547,Zm00001eb374580,49,7,10,0.6181238265165696,-0.2015898790810693,1.991287244719138,0.6302481883223973,0.3536568310066154,0.0019539284245166,0.001757853059536,WW,0.0381789212106284,49,7,10,1.3968581666646838,0.4488417565781331,2.2406161054325544,1.3968581666646838,0.4789913626300183,0.0019539284245166,0.0019938690119254,DS,0.0447904326733231,constitutive,2.322224500163238,0.2493288607134163,0.2493288607134163,0.7787343401481142,0.6504316356592024,2.441,up,shifted,B73_up_or_NAM_down,0.1283027044889118
chr9,17538945,Zm00001eb375480,1409,3,14,0.8329907493959738,-0.1156798864257015,3.687544893073023,0.8329907493959738,0.1667998407239254,0.0029411764705882,0.0291852420797272,WW,0.0446897908099409,1409,3,14,-0.7052643018713166,-0.052980456624558,-0.8538079550692156,1.2309282317421757,0.2260729856891217,1.0,0.6203404409722371,DS,1.0,ww_only,-0.5883663803469674,-4.541352848142239,4.541352848142239,-1.5382550512672903,0.0626994298011435,-0.591,stable,shifted,NAM_up_or_B73_down,1.6009544810684337
chr9,18132531,Zm00001eb375670,225,11,4,-1.0326964546575643,0.4362389274957045,-3.709058623786091,1.0326964546575643,0.6351186814192086,0.0014652014652014,0.0190177052875856,WW,0.0322312084688322,225,11,4,-0.6764258112195556,0.1496280552609801,-4.327827273141839,0.6764258112195556,0.1608993395865242,0.0014652014652014,3.3053153776408806e-05,DS,0.0386778801381148,constitutive,0.9577676230827764,-0.618768649355748,0.618768649355748,0.35627064343800874,-0.28661087223472437,0.986,stable,shifted,B73_up_or_NAM_down,0.6428815156727331
chr9,18311524,Zm00001eb375690,38,6,12,-0.7065650849904602,-0.1759869546609342,-3.058278608648567,0.7065650849904602,0.2161039398615112,0.000107735401853,1.4343454671089755e-06,WW,0.018794646214001,38,6,12,-0.3227825747748833,-0.1635535846514772,-0.7061408959205296,0.3227825747748833,0.2104197864157664,0.1505063563887093,0.1080851925194022,DS,0.3948201847691379,ww_only,0.6728354282143966,2.3521377127280374,2.3521377127280374,0.3837825102155769,0.01243337000945699,0.678,stable,shifted,B73_up_or_NAM_down,0.3713491402061199
chr9,25715058,Zm00001eb378280,1376,4,14,0.5739796386717918,0.2425880187346978,2.2971519339067803,0.5739796386717918,0.2503362158150917,0.0006535947712418,0.0003151953379436,WW,0.0232820792261351,1376,4,14,0.253545929566352,0.2411440992551505,0.1081744639866967,0.253545929566352,0.2411440992551505,0.6450980392156862,0.8561498830473866,DS,0.8507679528839759,ww_only,1.278163039193528,-2.1889774699200837,2.1889774699200837,-0.3204337091054398,-0.0014439194795472787,1.279,up,shifted,NAM_up_or_B73_down,0.31898978962589253
chr9,27458565,Zm00001eb378780,210,4,13,2.652486636907965,1.0127799868076772,2.104176132730397,2.652486636907965,1.0127799868076772,0.0033613445378151,1.4927721302218129e-05,WW,0.0477707500910812,210,4,13,1.6266053345875486,0.3845168200948207,3.2779800186742647,1.6266053345875486,0.4305850160280859,0.0008403361344537,0.0067145501717626,DS,0.0311047270827892,constitutive,-0.3904134941850483,1.1738038859438675,1.1738038859438675,-1.0258813023204165,-0.6282631667128565,-0.392,stable,shifted,NAM_up_or_B73_down,0.39761813560756
chr9,27730744,Zm00001eb378830,31,7,10,0.7621104318541951,1.19490151161799,-1.509809112796639,0.7621104318541951,1.19490151161799,0.0030851501439736,0.0062460389867758,WW,0.0456629624566229,31,7,10,0.9449692852563766,1.1891025829387254,-0.6043689910194374,0.9449692852563766,1.1891025829387254,0.7396133278486219,0.298096638640008,DS,0.9038478421626658,ww_only,0.4573207056847377,0.9054401217772017,0.9054401217772017,0.18285885340218144,-0.00579892867926457,0.458,stable,unchanged,equal,0.188657782081446
chr9,28619502,Zm00001eb379070,1868,9,6,1.0073297102162129,0.211435464913785,3.598723167300067,1.0073297102162129,0.2515992460471659,0.0003996003996003,9.891514074683866e-06,WW,0.0214693928698582,1868,9,6,0.4319315103203227,0.268445777164393,0.6639881549199066,0.4319315103203227,0.2836481649060759,0.3884115884115883,0.2093771991703659,DS,0.6542570241738294,ww_only,0.1716045033162069,-2.9347350123801603,2.9347350123801603,-0.5753981998958901,0.057010312250607986,0.172,stable,shifted,NAM_up_or_B73_down,0.6324085121464982
chr9,28971025,Zm00001eb379200,1306,8,11,-0.2517752845522523,0.5865527773770622,-2.0936177964468548,0.2517752845522523,0.7070694213555023,0.0017729088936519,0.0002617049668064,WW,0.0365475115850143,1306,8,11,-0.0550372828180842,0.312062798997747,-0.7802808268694822,0.1303626957103938,0.5573258417997774,0.0620253499510465,0.0768379433782168,DS,0.2402577502312682,ww_only,0.7757623222970732,1.3133369695773727,1.3133369695773727,0.19673800173416808,-0.2744899783793152,0.78,stable,unchanged,equal,0.4712279801134833
chr9,32735822,Zm00001eb379770,107,4,15,-1.9802112952739936,0.0216829029616589,-3.201848863201812,1.9802112952739936,0.3920381651367797,0.001031991744066,0.014200758459622,WW,0.0296490041872768,107,4,15,-0.082489976566923,0.0122735798914979,-0.2059105803391822,0.219215487456489,0.3705949418174198,0.6646026831785345,0.6613581390302133,DS,0.8595471431693255,ww_only,0.6457647890877408,2.9959382828626295,2.9959382828626295,1.8977213187070707,-0.009409323070161,0.71,stable,shifted,B73_up_or_NAM_down,1.9071306417772318
chr9,43137149,Zm00001eb381110,1716,6,11,0.023573715244169,-0.7368843589037403,3.0663049304252965,0.1841508998045104,0.7368843589037403,0.0001616031027795,4.862896130934695e-05,WW,0.018794646214001,1716,6,11,0.0940825026337209,-0.3574934090174202,2.0731859855307126,0.0984714358730321,0.4273415013411208,0.0048480930833872,0.0001512544023886,DS,0.0628105558706548,ww_only,1.343295035287888,-0.9931189448945839,0.9931189448945839,0.0705087873895519,0.37939094988632005,1.362,up,unchanged,equal,0.30888216249676814
chr9,78690049,Zm00001eb384580,91,12,5,-2.283160943896322,-0.9232872225942024,-2.0661662124359608,2.283160943896322,1.0083050767462427,0.002262443438914,0.0176245292456464,WW,0.0395452963326266,91,12,5,-1.383035069335323,-1.0402056633602383,-0.7838633974358481,1.383035069335323,1.0402056633602383,0.2786037491919845,0.3082335711829992,DS,0.5540457579326838,ww_only,0.4405503643785274,1.2823028150001128,1.2823028150001128,0.900125874560999,-0.11691844076603597,0.481,stable,shifted,B73_up_or_NAM_down,1.017044315327035
chr9,86940666,Zm00001eb385310,711,10,6,-2.132973992239368,0.1719333865581279,-5.591880772334811,2.132973992239368,0.4928823870856392,0.0002497502497502,0.0002233656646773,WW,0.0201065862242332,711,10,6,-1.3681396470121,-0.2391140295654891,-2.425591958824997,1.3681396470121,0.5272526922455444,0.0009990009990009,0.0044554761002529,DS,0.0333775135755333,constitutive,-0.6389351584177472,3.166288813509814,3.166288813509814,0.7648343452272679,-0.411047416123617,-0.652,stable,shifted,B73_up_or_NAM_down,1.175881761350885
chr9,89409471,Zm00001eb385600,177,10,7,-0.1125591925682753,0.0744715550458815,-1.9457323342277015,0.1253541187163242,0.0946554534397072,0.0019539284245166,0.0009230518050133,WW,0.0381789212106284,177,10,7,-0.3046410436827171,0.0464754723924549,-2.9819408317395077,0.3046410436827171,0.0638599781537814,0.0001028383381324,1.9933584551455465e-05,DS,0.0218131868131868,constitutive,0.0715153861208946,-1.0362084975118062,1.0362084975118062,-0.19208185111444182,-0.027996082653426603,0.072,stable,unchanged,equal,0.16408576846101522
chr9,95715345,Zm00001eb386410,1466,10,5,-0.7488833865691328,1.173520486603834,-4.272333799499057,0.7488833865691328,1.173520486603834,0.0006660006660006,0.0027564475824475,WW,0.0232820792261351,1466,10,5,-0.2272691966871563,1.2878800734836238,-2.21631717583811,0.3678060480048942,1.331781102996325,0.0079920079920079,0.0334084531580828,DS,0.0804245456332931,ww_only,-0.1031220391865309,2.056016623660947,2.056016623660947,0.5216141898819765,0.11435958687978975,-0.103,stable,shifted,B73_up_or_NAM_down,0.40725460300218674
chr9,97686378,Zm00001eb386670,244,8,6,-1.0356216200286794,-0.1313560848608641,-3.5478989463247523,1.0356216200286794,0.1944603988845944,0.0006660006660006,3.4298259264769256e-05,WW,0.0232820792261351,244,8,6,-0.4827033110268663,0.004751972627186,-2.2828034224399305,0.4827033110268663,0.1956679336940011,0.0013320013320013,0.0024791119326864,DS,0.0365929863894585,constitutive,1.0175907300244773,1.2650955238848218,1.2650955238848218,0.552918309001813,0.13610805748805008,1.026,up,shifted,B73_up_or_NAM_down,0.41681025151376294
chr9,98802774,Zm00001eb386920,215,5,8,-0.1689035133262427,-0.5805564183287093,4.394693912801967,0.1689035133262427,0.5805564183287093,0.0015540015540015,3.5591967225194344e-06,WW,0.0332696092867399,215,5,8,-0.1048679803755161,-0.4156348801039576,3.3260403992543637,0.1048679803755161,0.4156348801039576,0.0015540015540015,0.0040001941194695,DS,0.0401837413331666,constitutive,0.7241653242936533,-1.068653513547603,1.068653513547603,0.0640355329507266,0.1649215382247517,0.727,stable,unchanged,equal,0.1008860052740251
chr9,102589516,Zm00001eb387530,821,4,13,2.4833757851747613,0.5704843242412265,3.49387371209332,2.4833757851747613,0.6946105841622773,0.0008403361344537,0.004039026963639,WW,0.0263789032096355,821,4,13,0.8206249951841229,0.4406221062101126,0.6326740188899124,0.8206249951841229,0.6494949486675571,0.3504201680672268,0.1710936051476592,DS,0.6278562727407213,ww_only,-0.9128356110167246,-2.8611996932034076,2.8611996932034076,-1.6627507899906384,-0.12986221803111392,-0.915,stable,shifted,NAM_up_or_B73_down,1.5328885719595244
chr9,105100312,Zm00001eb388040,16,13,6,0.2469978593528877,-0.4288236830582744,2.59155552670583,0.2576217696166569,0.452821420922937,0.0002948547840188,0.0102205568127606,WW,0.0204994931767883,16,13,6,0.3465803178440997,-0.4839432812728164,1.4734153674498118,0.3465803178440997,0.6383126411556134,0.0124576146247972,0.1017392372903775,DS,0.1020345159014039,ww_only,0.6223045234354109,-1.1181401592560183,1.1181401592560183,0.099582458491212,-0.05511959821454199,0.627,stable,unchanged,equal,0.154702056705754
chr9,114028069,Zm00001eb389750,573,3,14,-0.3560711700165919,0.1667849629986007,-1.5714919592761043,0.3560711700165919,0.2702984695125955,0.0029411764705882,0.0015475501925245,WW,0.0446897908099409,573,3,14,-0.5767275987436437,-0.1306918614729339,-1.7062217462771636,0.5767275987436437,0.2101771997560113,0.0205882352941176,0.0189971720705925,DS,0.1295571095571095,ww_only,-1.104394314542864,-0.1347297870010593,0.1347297870010593,-0.22065642872705177,-0.2974768244715346,-1.104,down,unchanged,equal,0.07682039574448285
chr9,118104984,Zm00001eb390480,1944,7,11,-0.7404689599532536,0.4591297982068356,-2.575574674282685,0.7404689599532536,0.5095798230882564,0.0002513826043237,0.0003131444906945,WW,0.0201065862242332,1944,7,11,-0.4883622354136498,-0.4289958653663868,-0.1319425457447085,0.490372964196488,0.555621014866234,0.7914152840623428,0.7591126745238111,DS,0.9353125776497548,ww_only,-1.00131916143623,2.4436321285379763,2.4436321285379763,0.25210672453960375,-0.8881256635732224,-1.003,down,unchanged,equal,1.1402323881128262
chr9,118437958,Zm00001eb390560,56,4,14,1.7677888889994626,-0.5581284519482931,2.6628792052769907,1.7677888889994626,0.8553684409279618,0.0006535947712418,0.0006453821089171,WW,0.0232820792261351,56,4,10,-0.2415370645683029,-1.412221043049502,0.902591987286976,0.4842504781534237,1.4791048508636135,0.1568427944192416,0.0735488318540792,DS,0.4039684593062441,ww_only,-1.823964306627308,-1.7602872179900149,1.7602872179900149,-2.0093259535677657,-0.8540925911012088,-1.667,down,shifted,NAM_up_or_B73_down,1.1552333624665567
chr9,118637912,Zm00001eb390620,371,6,7,1.847409901308895,0.5568826306339917,3.003235728693068,1.847409901308895,0.6011286674875419,0.0011655011655011,0.0003956031955578,WW,0.0301297495867631,371,6,7,1.4322040293297584,0.4522822201864306,1.760981718154884,1.4322040293297584,0.5022073863312789,0.0139860139860139,0.0088428169773362,DS,0.1083160536942049,ww_only,-0.0814703170427627,-1.2422540105381843,1.2422540105381843,-0.4152058719791365,-0.10460041044756108,-0.082,stable,shifted,NAM_up_or_B73_down,0.3106054615315754
chr9,118637912,Zm00001eb390630,676,7,5,2.547336823794994,0.4298749988324271,2.6246957226987897,2.547336823794994,0.4298749988324271,0.0025252525252525,0.0008126756557966,WW,0.0418697757006214,676,7,5,2.495210306444308,0.4506703686724297,1.5964068699009353,2.495210306444308,0.456516360945233,0.0101010101010101,0.0153014669431028,DS,0.089997549408896,ww_only,-0.4296174586943384,-1.0282888527978544,1.0282888527978544,-0.052126517350686186,0.02079536984000263,-0.432,stable,unchanged,equal,0.07292188719068882
chr9,120197239,Zm00001eb391000,231,11,6,-4.260505443673914,-1.0471437102109296,-3.139551087026383,4.260505443673914,1.0471437102109296,0.0001616031027795,1.9006325580128952e-06,WW,0.018794646214001,231,10,6,-4.845790619054688,-2.7651402325982937,-2.784879133339295,4.845790619054688,2.7651402325982937,0.0002497502497502,4.1122601932089246e-05,DS,0.0232880998005553,constitutive,-0.2289764786253549,0.35467195368708815,0.35467195368708815,-0.5852851753807746,-1.7179965223873641,-0.242,stable,shifted,NAM_up_or_B73_down,1.1327113470065895
chr9,122118336,Zm00001eb391500,141,13,5,-0.5576438874486142,0.0237225954629672,-2.465307661234809,0.5576438874486142,0.1552489079883172,0.0009337068160597,0.0006454614113511,WW,0.0282456906110906,141,13,5,-0.4539362003862696,-0.1157547934305026,-1.530720253297574,0.4539362003862696,0.1837509968369712,0.0140056022408963,0.0094777664674691,DS,0.1083160536942049,ww_only,0.3743775695857331,0.9345874079372347,0.9345874079372347,0.10370768706234457,-0.1394773888934698,0.376,stable,unchanged,equal,0.24318507595581437
chr9,124884985,Zm00001eb392260,885,9,7,0.804539076522924,0.859578023720618,-0.1311367383786687,0.804539076522924,0.859578023720618,0.5360139860139861,0.7975819560646427,WW,0.7682902834287847,885,9,7,0.8894057279365405,0.3927458695395149,1.379860529126168,0.8894057279365405,0.4073384937093062,0.0164335664335664,0.0175819613351493,DS,0.1179895104895104,non_functional,-0.8237830546372988,1.5109972675048369,1.5109972675048369,0.08486665141361649,-0.4668321541811031,-0.826,stable,unchanged,equal,0.5516988055947196
chr9,124884985,Zm00001eb392270,796,9,7,-0.1856441122489812,0.352986398802707,-3.0352708399692307,0.2291507383657834,0.352986398802707,0.0001748251748251,1.9934053526768137e-05,WW,0.018794646214001,796,9,7,0.0197304365588817,0.3850728797550732,-2.894534651261675,0.1000267138240226,0.3850728797550732,0.0001748251748251,0.0001513654374768,DS,0.0232874033860875,constitutive,0.7352219065158139,0.14073618870755578,0.14073618870755578,0.2053745488078629,0.032086480952366214,0.743,stable,unchanged,equal,0.1732880678554967
chr9,125649370,Zm00001eb392420,32,7,10,0.6712604966578514,-0.153752187340976,2.555195442413473,0.6939575259459875,0.2165339279238723,0.0019539284245166,0.0006908549240014,WW,0.0381789212106284,32,7,10,0.0722433152558539,-0.2354907246402895,0.868263484450374,0.2396201050865259,0.3241376230350002,0.1932332373508844,0.0872078182772729,DS,0.4535582374963317,ww_only,-1.714962760891772,-1.6869319579630988,1.6869319579630988,-0.5990171814019974,-0.08173853729931349,-1.713,down,shifted,NAM_up_or_B73_down,0.517278644102684
chr9,126371314,Zm00001eb392580,411,11,5,0.3246904371874649,-0.1673131446227659,1.2698706264010835,0.3780035071552164,0.1673131446227659,0.0018315018315018,0.005110622510298,WW,0.0373320189833951,411,11,5,0.2793924092544171,-0.0576039147315768,1.082722160054,0.3499426331920015,0.0576039147315768,0.1451465201465201,0.0127219045789714,DS,0.387957966126283,ww_only,0.4364450084367618,-0.1871484663470835,0.1871484663470835,-0.04529802793304777,0.10970922989118909,0.437,stable,unchanged,equal,0.15500725782423685
chr9,127396363,Zm00001eb392740,1506,4,12,2.1379695631016307,0.5730811805663126,3.6823036381550383,2.1379695631016307,0.604869865876653,0.001098901098901,3.99172614365638e-07,WW,0.0300596804016776,1506,4,12,0.8825621169077141,-0.0820384172747031,1.5405790718394272,0.8825621169077141,0.518804542443722,0.0197802197802197,0.012857110597072,DS,0.12803392259914,ww_only,0.1280916074925508,-2.1417245663156113,2.1417245663156113,-1.2554074461939164,-0.6551195978410157,0.129,stable,shifted,NAM_up_or_B73_down,0.6002878483529007
chr9,133948298,Zm00001eb394390,73,12,7,0.0644948063042345,2.7092374847368013,-2.1895169596883433,0.8550452815404475,2.7092374847368013,0.0004763038818766,0.0019353334624271,WW,0.0220466954213084,73,12,7,0.5834248070347968,2.994685848309094,-2.2220371140286828,0.8965578856098401,2.994685848309094,0.0002778439310947,0.0030030634256919,DS,0.0232880998005553,constitutive,-1.0015489694042343,-0.0325201543403395,0.0325201543403395,0.5189300007305623,0.28544836357229286,-1.001,down,shifted,B73_up_or_NAM_down,0.23348163715826942
chr9,144887582,Zm00001eb397350,95,6,11,0.4442136113441714,0.0482175716181702,2.3096660262036584,0.4442136113441714,0.1615656501462463,0.0001616031027795,0.0003138759568754,WW,0.018794646214001,95,6,11,0.298754979211922,-0.0267238030557108,0.6411685154649436,0.298754979211922,0.3324014747560477,0.0982546864899806,0.1190774203966177,DS,0.3181453122281524,ww_only,0.4924715727106649,-1.6684975107387148,1.6684975107387148,-0.1454586321322494,-0.07494137467388101,0.493,stable,unchanged,equal,0.0705172574583684
chr9,145381215,Zm00001eb397550,0,8,7,1.0505788686424649,0.4770187695586086,2.254778464689671,1.0505788686424649,0.4770187695586086,0.0021756021756021,0.0006923927389302,WW,0.038891268213993,0,8,7,0.756174756392779,0.3052728424257889,1.9060383252439463,0.756174756392779,0.3052728424257889,0.0059052059052059,0.002493927985121,DS,0.0699058879947249,ww_only,0.4008374708747994,-0.3487401394457248,0.3487401394457248,-0.2944041122496859,-0.17174592713281972,0.402,stable,unchanged,equal,0.12265818511686616
chr9,146333600,Zm00001eb397900,1843,11,6,0.4238274750292805,-0.1692113403096638,2.632461514795296,0.4238274750292805,0.2426983426132199,0.0003232062055591,0.0009533293365791,WW,0.0204994931767883,1843,11,6,0.2253089959914406,0.0281031093419705,0.9447445782091308,0.2253089959914406,0.2160462824312511,0.1801874595992243,0.1370659144845135,DS,0.4347781189886454,ww_only,-0.4531941656744728,-1.687716936586165,1.687716936586165,-0.19851847903783987,0.1973144496516343,-0.454,stable,unchanged,equal,0.3958329286894742
chr9,146645800,Zm00001eb397980,1579,8,7,0.3163129434118032,-0.2906335744611733,2.958876321974279,0.3163129434118032,0.2906335744611733,0.0003108003108003,0.0001741415245828,WW,0.0204994931767883,1579,8,7,0.4068859213856414,-0.0295287402544394,1.2431854745571476,0.4503465810517041,0.0929227382436946,0.0093240093240093,0.0326666989784866,DS,0.087806147341031,ww_only,1.098758205272114,-1.7156908474171313,1.7156908474171313,0.09057297797383818,0.2611048342067339,1.1,up,unchanged,equal,0.17053185623289574
chr9,148869547,Zm00001eb398660,153,11,8,0.4387760544682557,-0.0380802061536691,3.5414721000407985,0.4387760544682557,0.0568538323133833,2.6461326770924297e-05,6.155734548411563e-07,WW,0.018794646214001,153,11,8,0.3146112381383816,-0.1388637342864342,2.830236578453979,0.3146112381383816,0.1388637342864342,2.6461326770924297e-05,6.031873373492797e-06,DS,0.0210852438700539,constitutive,0.1506581787881937,-0.7112355215868194,0.7112355215868194,-0.12416481632987408,-0.1007835281327651,0.151,stable,unchanged,equal,0.023381288197108982
chr9,149072059,Zm00001eb398750,306,8,11,0.5120739271949559,-0.231244537931133,2.12051946019355,0.5728439888003594,0.3009965046431687,0.0011907597046915,0.0010196220292549,WW,0.0301297495867631,306,8,11,0.7755584544873725,-0.0127039876029278,1.9306147939405305,0.7755584544873725,0.2942220191598068,0.0017729088936519,0.0016466337783232,DS,0.0431550926149594,constitutive,0.9433093830506468,-0.18990466625301972,0.18990466625301972,0.26348452729241656,0.2185405503282052,0.945,stable,unchanged,equal,0.044943976964211346
chr9,150243406,Zm00001eb399180,1571,10,5,3.717902915343107,1.5916718507607173,3.212103443396691,3.717902915343107,1.5916718507607173,0.0006660006660006,0.009418815423928,WW,0.0232820792261351,1571,11,5,2.645424189756881,1.7139407632086467,0.7520121516926964,2.645424189756881,1.7139407632086467,0.1804029304029304,0.1016660459013581,DS,0.4347781189886454,ww_only,0.3287344473859663,-2.4600912917039945,2.4600912917039945,-1.072478725586226,0.12226891244792948,0.344,stable,shifted,NAM_up_or_B73_down,1.1947476380341555
chr9,153163926,Zm00001eb400160,390,4,13,-1.370132889680171,0.0099790226246752,-2.7871398074529816,1.370132889680171,0.3454635134326448,0.0008403361344537,0.0001621833104483,WW,0.0263789032096355,390,4,14,-1.4699672651413724,-0.4255061465102105,-1.6790618400126562,1.4699672651413724,0.657693742413911,0.0026143790849673,0.0003421649191728,DS,0.0496169184564635,constitutive,-0.0904398601752397,1.1080779674403254,1.1080779674403254,-0.09983437546120144,-0.4354851691348857,-0.091,stable,unchanged,equal,0.3356507936736843
chr9,154426571,Zm00001eb400800,381,5,14,0.5932293142030028,0.0818001552773765,1.6598290012644008,0.5932293142030028,0.284027259389801,0.0032679738562091,0.0015460332308113,WW,0.0468097458658726,381,5,14,0.8010110641554281,0.0368057966855694,3.804225216267046,0.8010110641554281,0.1696661618369086,0.000171998624011,1.8164545576413167e-06,DS,0.0232874033860875,constitutive,0.949142101730936,2.144396215002645,2.144396215002645,0.20778174995242527,-0.044994358591807095,0.961,stable,unchanged,equal,0.2527761085442324
chr9,155058866,Zm00001eb401030,830,11,7,-0.8756382319047898,0.6700944492651837,-1.7203843244948471,1.0355779543353103,0.9074353651306194,0.0018853695324283,0.0042686397659123,WW,0.0378512541871861,830,11,7,-0.3122670195807642,1.070155315759077,-1.46581591523194,0.7559819714776729,1.1268639347187477,0.011375062845651,0.0184659250365392,DS,0.097177593854809,ww_only,-1.1754501933388473,0.254568409262907,0.254568409262907,0.5633712123240256,0.4000608664938934,-1.175,down,shifted,B73_up_or_NAM_down,0.16331034583013226
chr9,156946459,Zm00001eb401810,147,7,8,-3.29829300721666,-1.7216122122918471,-2.108859394387677,3.29829300721666,1.7216122122918471,0.0037296037296037,0.0011723946207214,WW,0.0504105146033193,147,6,3,-3.5313261051738376,-0.1417162717487107,-3.2056859543026723,3.5313261051738376,0.2292126272675458,0.0238095238095238,0.0006113062251863,DS,0.143601855398102,non_functional,-1.3210909680550675,-1.0968265599149953,1.0968265599149953,-0.23303309795717775,1.5798959405431363,-1.294,down,unchanged,equal,1.812929038500314
chr9,157691476,Zm00001eb402200,1670,5,10,3.045702223806663,0.4713563749839841,3.177812509116876,3.045702223806663,0.4965563400404639,0.0013320013320013,0.0087182546896291,WW,0.0307915591152585,1670,5,10,1.0384744324743704,0.5469233578012975,1.592957250845341,1.0384744324743704,0.5469233578012975,0.0399600399600399,0.0345782540643408,DS,0.1854391311187093,ww_only,1.0865019342495617,-1.5848552582715352,1.5848552582715352,-2.0072277913322925,0.07556698281731344,1.088,up,shifted,NAM_up_or_B73_down,2.082794774149606
chr9,157730650,Zm00001eb402280,1765,8,4,-4.478911830458715,-5.977378213605125,1.3622316112680175,4.478911830458715,5.977378213605125,0.1090909090909091,0.0891282350022639,WW,0.32386510703591,1765,7,7,-6.408399110547998,-5.368826794201241,-0.4806131306492034,6.408399110547998,5.409237766926841,0.7103729603729605,0.3913274826227077,DS,0.8909530435549735,non_functional,0.3198576595227342,-1.842844741917221,1.842844741917221,-1.9294872800892824,0.6085514194038835,0.526,stable,shifted,NAM_up_or_B73_down,2.538038699493166
chr9,157730650,Zm00001eb402300,245,11,7,0.790137391349944,-0.1043086562503942,1.7909119658800428,0.8563674592408286,0.3157451094075396,0.0018853695324283,0.005819135520131,WW,0.0378512541871861,245,11,7,0.3377644684942768,-0.3166281755007554,1.445140293652412,0.3868496668983843,0.3282422853648598,0.0059074912016088,0.0289355518851642,DS,0.0699058879947249,ww_only,0.2481815663232034,-0.3457716722276307,0.3457716722276307,-0.45237292285566716,-0.2123195192503612,0.249,stable,shifted,NAM_up_or_B73_down,0.24005340360530597
chr9,157765410,Zm00001eb402390,674,10,5,-1.829342784481964,-0.4127620621075869,-4.025195576112726,1.829342784481964,0.4127620621075869,0.0006660006660006,8.287215087226518e-07,WW,0.0232820792261351,674,10,5,0.4779705474646344,-0.0116294789112155,1.0045915877975446,0.6310553185076144,0.1622652821297092,0.1292041292041292,0.0323691166307743,DS,0.3621054902806928,ww_only,1.6777706797379968,5.02978716391027,5.02978716391027,2.3073133319465984,0.4011325831963714,1.685,up,shifted,B73_up_or_NAM_down,1.906180748750227
chr9,158841703,Zm00001eb403000,61,12,7,-1.286718544929388,-0.34126059375329,-2.301523855855544,1.286718544929388,0.5542753341616281,0.0004763038818766,0.0014699656916673,WW,0.0220466954213084,61,12,7,-0.7689880464969359,-0.0234051083722121,-1.6777354885795497,0.773989569632133,0.3255199225928767,0.005239342700643,0.0027531992031945,DS,0.0658341968013387,ww_only,0.1487300948348568,0.6237883672759945,0.6237883672759945,0.5177304984324522,0.3178554853810779,0.15,stable,shifted,B73_up_or_NAM_down,0.19987501305137434
chr9,159816783,Zm00001eb403450,255,7,11,-0.2165964682037514,-1.7158558780117326,1.949092083659312,0.5213094430000104,1.7158558780117326,0.0036827035593748,0.0018750374137856,WW,0.0504105146033193,255,6,10,-0.2178087136078167,-1.2609262149607208,1.6589241811642923,0.6118048120183989,1.2609262149607208,0.0109890109890109,0.0187846400551802,DS,0.0951644591507722,non_functional,0.4929884584211711,-0.29016790249501967,0.29016790249501967,-0.0012122454040653097,0.4549296630510118,0.601,stable,unchanged,equal,0.45614190845507707
chr9,160764965,Zm00001eb404040,996,7,5,-0.9516946017368422,1.083640722303072,-2.592657616635426,0.9603424416422124,1.083640722303072,0.0025252525252525,0.0042073828703703,WW,0.0418697757006214,996,7,5,-1.619847425203542,-0.2143109874632256,-1.9712595982732388,1.619847425203542,0.6707576478356339,0.0176767676767676,0.0282755841069077,DS,0.1207902514854928,ww_only,-0.822516116769833,0.621398018362187,0.621398018362187,-0.6681528234666998,-1.2979517097662976,-0.828,stable,shifted,NAM_up_or_B73_down,0.6297988862995978
chr10,2312252,Zm00001eb405630,562,11,5,3.915874343841415,1.077775699286184,2.170855654522436,3.915874343841415,1.1387779741218569,0.0032051282051282,0.0052494980253038,WW,0.0465768485390578,562,11,5,3.805771577599197,2.66245876606729,0.8162756302430709,3.805771577599197,2.66245876606729,0.2673992673992674,0.1739353674856427,DS,0.539161511654548,ww_only,1.0046783004833666,-1.3545800242793649,1.3545800242793649,-0.11010276624221804,1.584683066781106,1.011,up,unchanged,equal,1.694785833023324
chr10,13503648,Zm00001eb408750,27,5,13,1.1886000195025015,-0.1111182245921792,2.865824007659697,1.1886000195025015,0.1513371719728347,0.0002334267040149,0.0283550830787304,WW,0.0201065862242332,27,5,13,1.5913037623113095,-0.029488250626594,3.604479852299359,1.5913037623113095,0.3142251456439547,0.0002334267040149,0.0010181824927145,DS,0.0232880998005553,constitutive,0.371297975531309,0.7386558446396623,0.7386558446396623,0.40270374280880805,0.08162997396558519,0.374,stable,shifted,B73_up_or_NAM_down,0.32107376884322286
chr10,15073683,Zm00001eb408960,27,4,10,1.1094725820181075,-0.1343314486752713,2.0228955568379665,1.1094725820181075,0.1938287634043651,0.0019980019980019,0.1247336833998089,WW,0.0381789212106284,27,4,10,0.6592446196848423,-0.2199736519899084,1.5581742738913733,0.759703095658258,0.2199736519899084,0.0359640359640359,0.2102742973593047,DS,0.1745359147084938,ww_only,-0.0143965973302427,-0.4647212829465932,0.4647212829465932,-0.45022796233326523,-0.0856422033146371,-0.014,stable,shifted,NAM_up_or_B73_down,0.3645857590186281
chr10,24049601,Zm00001eb410260,1431,8,9,0.930159080585337,-0.2574561130629147,2.438899740367448,0.930159080585337,0.4276467838874352,0.0009872480460715,0.0002769550742946,WW,0.0289507593855419,1431,8,9,1.7179834483576075,0.1534693867948694,2.5340954417996677,1.7179834483576075,0.4864738543585642,0.0003290826820238,0.0001001330068506,DS,0.0233787265366212,constitutive,0.2079723282818149,0.09519570143221978,0.09519570143221978,0.7878243677722705,0.41092549985778415,0.21,stable,shifted,B73_up_or_NAM_down,0.37689886791448635
chr10,81773643,Zm00001eb416180,263,10,9,2.3616694753317664,0.7930745541566729,2.0389476728512963,2.3616694753317664,0.8374267708150178,0.0012590162631761,0.0003451561557373,WW,0.0303316737330966,263,10,9,2.1225023684341267,0.6491988675071809,1.7598783074282538,2.1225023684341267,0.7092308802418712,0.002880484669027,0.0013067811484422,DS,0.0508974358974358,ww_only,0.9597642436267664,-0.2790693654230425,0.2790693654230425,-0.23916710689763976,-0.14387568664949202,0.982,stable,unchanged,equal,0.09529142024814774
chr10,95376505,Zm00001eb418570,1237,5,9,1.8046437968524776,-0.0645683530678275,2.417354479391854,1.8046437968524776,0.7240930340171899,0.0019980019980019,0.0001996636656183,WW,0.0381789212106284,1237,5,10,2.1598043321154305,0.6301621608253145,1.8674436587461485,2.1598043321154305,0.7772007546461425,0.0126540126540126,0.0007527103897647,DS,0.1027288669630289,ww_only,1.0151101625306795,-0.5499108206457057,0.5499108206457057,0.355160535262953,0.694730513893142,1.071,up,shifted,B73_up_or_NAM_down,0.339569978630189
chr10,98769739,Zm00001eb419190,1042,4,13,-0.0161164155176028,1.0517792044337635,-3.2053995710607444,0.092214608382028,1.0517792044337635,0.0008403361344537,3.056374131184037e-07,WW,0.0263789032096355,1042,4,13,-0.3286409686235211,1.2048159662617,-4.504017729733034,0.3726703903933164,1.2048159662617,0.0008403361344537,0.0001536062026704,DS,0.0311047270827892,constitutive,0.625254702902074,-1.2986181586722898,1.2986181586722898,-0.3125245531059183,0.15303676182793646,0.627,stable,shifted,NAM_up_or_B73_down,0.4655613149338548
chr10,118636974,Zm00001eb422400,1612,9,6,-1.7956129397564955,8.87498668804644,-4.277123172135911,1.7977298309803738,8.87498668804644,0.0003996003996003,0.0008224571470034,WW,0.0214693928698582,1612,9,7,-1.3460972846544124,8.554175471736155,-3.889509941229475,1.3460972846544124,8.58752309275976,0.0001748251748251,0.0004783415434282,DS,0.0232874033860875,constitutive,-0.1335804267444106,0.3876132309064362,0.3876132309064362,0.44951565510208313,-0.3208112163102843,-0.134,stable,shifted,B73_up_or_NAM_down,0.7703268714123674
chr10,119597830,Zm00001eb422560,258,14,4,0.5073526537824536,0.0489262944431133,2.78045390130452,0.5073526537824536,0.0945964502123263,0.0006535947712418,0.0002007380524593,WW,0.0232820792261351,258,14,4,0.934272337948678,-0.0020276106582676,5.374204499081285,0.934272337948678,0.0869466727095794,0.0006535947712418,7.834054844928519e-06,DS,0.0273519583864411,constitutive,0.9322800646944004,2.5937505977767654,2.5937505977767654,0.4269196841662244,-0.0509539051013809,0.937,stable,shifted,B73_up_or_NAM_down,0.47787358926760526
chr10,122646191,Zm00001eb423410,46,10,6,-1.9928402971474888,-0.2372166654387243,-2.665125386424322,1.9928402971474888,0.8031268090664264,0.0002497502497502,0.0061941766751467,WW,0.0201065862242332,46,10,6,-0.4067271387351185,1.1866581769556237,-2.097737018479528,0.4972565860415325,1.2180109215506338,0.0017482517482517,0.0158043562020408,DS,0.0431550926149594,constitutive,1.4115929116007442,0.567388367944794,0.567388367944794,1.5861131584123702,1.423874842394348,1.491,up,shifted,B73_up_or_NAM_down,0.1622383160180223
chr10,122921125,Zm00001eb423440,108,4,14,5.209836904800371,-0.9548645658626368,11.94056392953394,5.209836904800371,0.9548645658626368,0.0006535947712418,7.176112732289636e-05,WW,0.0232820792261351,108,4,11,3.4707828696462295,-0.827939113053636,10.585762070566682,3.4707828696462295,0.827939113053636,0.0014652014652014,3.0920545455431956e-06,DS,0.0386778801381148,constitutive,-0.5973974396649041,-1.3548018589672584,1.3548018589672584,-1.7390540351541413,0.1269254528090008,-0.598,stable,shifted,NAM_up_or_B73_down,1.8659794879631422
chr10,135013948,Zm00001eb427180,857,6,13,-0.888189772729845,0.1260439139262671,-1.6150649373660724,0.888189772729845,0.4734062053217328,0.0032434026242075,0.0076840488984683,WW,0.0466583301249314,857,6,13,-0.4549865265290351,0.0993957878159271,-1.2719003544291068,0.5462085749369595,0.291873125425994,0.0167330089930709,0.052235790252689,DS,0.1181699452677735,ww_only,0.8052229233431121,0.3431645829369656,0.3431645829369656,0.4332032462008099,-0.026648126110339995,0.809,stable,shifted,B73_up_or_NAM_down,0.4598513723111499
chr10,136303592,Zm00001eb427640,524,5,13,-0.0792544354458253,0.3677217808185096,-1.8466376314882345,0.0970531636673415,0.3753236568377524,0.0009337068160597,0.0001880820009334,WW,0.0282456906110906,524,5,13,-0.0910546463325759,0.2176305808021767,-1.4000397458210103,0.1263787340661311,0.2580383649675434,0.0263772175536881,0.0073052418637769,DS,0.1519805133208662,ww_only,1.1167140338367805,0.44659788566722414,0.44659788566722414,-0.011800210886750595,-0.1500912000163329,1.127,up,unchanged,equal,0.1382909891295823
chr10,138938403,Zm00001eb428570,104,7,9,-2.7439737822311363,-0.3245883748516779,-2.8574547405950157,2.7439737822311363,0.5204609506070365,0.0003496503496503,0.0004516460751663,WW,0.020746612438007,104,7,9,-0.0345156188722676,0.90378381276701,-0.9306952687494592,0.5547917135121824,0.9260745869169094,0.0417832167832167,0.0826574435576336,DS,0.1906901179628452,ww_only,3.3668259312937794,1.9267594718455565,1.9267594718455565,2.709458163358869,1.228372187618688,3.54,up,shifted,B73_up_or_NAM_down,1.4810859757401809
chr10,142901586,Zm00001eb430160,133,9,8,5.8669557333932865,0.6665265517759703,5.881493176181318,5.8669557333932865,0.7332733847002522,8.227067050596462e-05,9.810830121951441e-09,WW,0.018794646214001,133,8,8,4.304112699520154,0.4795706965312311,4.938788831035126,4.304112699520154,0.6869720528945727,0.0001554001554001,1.120200569324954e-07,DS,0.0232874033860875,constitutive,-2.2743080097193684,-0.9427043451461925,0.9427043451461925,-1.5628430338731327,-0.18695585524473923,-2.266,down,shifted,NAM_up_or_B73_down,1.3758871786283935
chr10,143204004,Zm00001eb430350,739,13,6,0.2864326874250861,-0.2572200771975892,1.99410964332428,0.3743400127163087,0.2572200771975892,0.0022114108801415,4.736717515349546e-05,WW,0.038891268213993,739,13,6,0.3076530853860166,-0.166427766040439,2.2874849145953067,0.3502387399854202,0.166427766040439,0.0022114108801415,8.800036931183066e-06,DS,0.0460168921790601,constitutive,0.1633744840991665,0.2933752712710267,0.2933752712710267,0.021220397960930504,0.09079231115715022,0.164,stable,unchanged,equal,0.06957191319621972
chr10,144328092,Zm00001eb430780,775,8,6,0.6031612405038463,-0.2230640106543242,2.6267527358629152,0.6031612405038463,0.2230640106543242,0.0006660006660006,0.0002404863722237,WW,0.0232820792261351,775,8,6,1.1613882697736253,-0.0052937126088012,1.3758983255793462,1.1613882697736253,0.3712741566648213,0.0126540126540126,0.0177544495724127,DS,0.1027288669630289,ww_only,-0.0746552260637698,-1.250854410283569,1.250854410283569,0.558227029269779,0.217770298045523,-0.075,stable,shifted,B73_up_or_NAM_down,0.34045673122425596
chr10,144347010,Zm00001eb430800,19,3,14,4.260076698130324,1.1639274635938748,2.7167179508574604,4.260076698130324,1.191846843206579,0.0029411764705882,0.0004849611404043,WW,0.0446897908099409,19,3,14,4.173750788656258,1.1507841658655098,2.503092830790576,4.173750788656258,1.2406006069887208,0.0058823529411764,0.0202260175967414,DS,0.0699058879947249,ww_only,0.8538473969368393,-0.2136251200668844,0.2136251200668844,-0.08632590947406626,-0.013143297728364978,0.857,stable,unchanged,equal,0.07318261174570129
chr10,144426712,Zm00001eb430820,51,12,6,1.808133145993552,-0.1131096449926303,3.1452572592773977,1.808133145993552,0.3965818864480581,0.000215470803706,1.1030632120576338e-05,WW,0.0201065862242332,51,12,6,1.1894518642641516,-0.0600189473974495,2.0194156178949467,1.1894518642641516,0.3020414627739625,0.0007541478129713,0.0001497975555686,DS,0.0296489917849141,constitutive,-0.1531137672961122,-1.125841641382451,1.125841641382451,-0.6186812817294003,0.05309069759518081,-0.153,stable,shifted,NAM_up_or_B73_down,0.6717719793245811
chr10,146230984,Zm00001eb431580,1573,10,6,-0.6131932517147375,1.455216552510687,-2.581831085095543,0.7761011640486937,1.455216552510687,0.0002497502497502,0.0009248822998709,WW,0.0201065862242332,1573,10,7,1.3741311766052149,2.836378297147109,-1.6996626918895883,1.3741311766052149,2.836378297147109,0.0096668037844508,0.0022006592067241,DS,0.0884975479268836,ww_only,1.5228525950343634,0.8821683932059545,0.8821683932059545,1.9873244283199525,1.381161744636422,1.674,up,shifted,B73_up_or_NAM_down,0.6061626836835305
chr10,146450316,Zm00001eb431690,118,10,5,0.9103053677135604,0.135440700614789,2.114102778910991,0.9103053677135604,0.1979325989827784,0.0026640026640026,0.0019959765691331,WW,0.0434852222607324,118,10,5,0.2794459871617159,0.144852147409033,0.3621644527428896,0.3262445186222559,0.2438165372518997,0.594072594072594,0.488305853393222,DS,0.8165207149440092,ww_only,-0.4057261320180427,-1.7519383261681016,1.7519383261681016,-0.6308593805518445,0.009411446794243994,-0.406,stable,shifted,NAM_up_or_B73_down,0.6402708273460885
chr10,150135146,Zm00001eb433520,504,8,8,-0.461417036543283,1.1756954877222707,-2.158859176925833,0.6743616118475573,1.2892147016562028,0.0018648018648018,0.0007625115310997,WW,0.0378512541871861,504,8,8,-0.3555890000240203,0.7814340413786871,-1.608041665514857,0.569827399376947,0.7814340413786871,0.0046620046620046,0.0064270296268871,DS,0.0622664762327756,ww_only,0.7526659229676254,0.5508175114109761,0.5508175114109761,0.1058280365192627,-0.3942614463435836,0.761,stable,unchanged,equal,0.5000894828628464
