chr,pos,gene_id,cohens_d,abs_d,fdr,n_variant,n_ref,n_missing,variant_hybrids,ref_hybrids
chr1,5744103,Zm00001eb002000,-1.993102093160976,1.993102093160976,0.0498621926919096,4,15,0,CML333|Oh43|P39|Tx303,B97|CML247|CML277|CML322|CML69|HP301|Il14H|Ki11|Ki3|Ky21|M162W|Mo18W|Ms71|NC358|Oh7B
chr1,33102069,Zm00001eb010410,-1.0788372516249425,1.0788372516249425,0.0207611510926322,9,8,2,B97|CML247|CML277|Il14H|Ki11|M162W|Mo18W|NC358|Tx303,CML322|CML333|CML69|HP301|Ki3|Ky21|Ms71|Oh43|Oh7B|P39
chr1,33805903,Zm00001eb010590,2.890233195828243,2.890233195828243,0.0188111888111888,7,12,0,CML247|CML277|HP301|Il14H|Ky21|NC358|Tx303,B97|CML322|CML333|CML69|Ki11|Ki3|M162W|Mo18W|Ms71|Oh43|Oh7B|P39
chr1,33805903,Zm00001eb010600,3.4479645166968327,3.4479645166968327,0.0188111888111888,7,12,0,CML247|CML277|HP301|Il14H|Ky21|NC358|Tx303,B97|CML322|CML333|CML69|Ki11|Ki3|M162W|Mo18W|Ms71|Oh43|Oh7B|P39
chr1,34133753,Zm00001eb010650,1.7228995125959938,1.7228995125959938,0.0311749805466796,5,14,0,HP301|Ki11|Oh43|Oh7B|P39,B97|CML247|CML277|CML322|CML333|CML69|Il14H|Ki3|Ky21|M162W|Mo18W|Ms71|NC358|Tx303
chr1,35686099,Zm00001eb011070,-1.044301392229479,1.044301392229479,0.0450283574693023,3,14,2,CML277|CML322|Ki11,B97|CML247|CML333|CML69|HP301|Il14H|Ki3|Ky21|M162W|Mo18W|Ms71|NC358|Oh43|Oh7B|P39|Tx303
chr1,45314945,Zm00001eb013520,1.971193291247158,1.971193291247158,0.0226429045486012,12,7,0,CML247|CML277|CML322|HP301|Ki3|M162W|Mo18W|Ms71|NC358|Oh43|Oh7B|Tx303,B97|CML333|CML69|Il14H|Ki11|Ky21|P39
chr1,45913981,Zm00001eb013720,-2.0162190655371113,2.0162190655371113,0.0188111888111888,6,13,0,CML277|CML322|CML333|CML69|Ki11|Oh7B,B97|CML247|HP301|Il14H|Ki3|Ky21|M162W|Mo18W|Ms71|NC358|Oh43|P39|Tx303
chr1,46460037,Zm00001eb013870,3.131431563537838,3.131431563537838,0.039548112582254,12,4,3,CML277|CML333|CML69|Il14H|Ki11|Ki3|M162W|Mo18W|NC358|Oh43|P39|Tx303,B97|CML247|CML322|HP301|Ky21|Ms71|Oh7B
chr1,52046833,Zm00001eb015210,4.106711314474418,4.106711314474418,0.0234529107256379,4,14,1,HP301|Il14H|Oh7B|P39,B97|CML247|CML277|CML322|CML333|CML69|Ki11|Ki3|Ky21|M162W|Mo18W|Ms71|NC358|Oh43|Tx303
chr1,55231201,Zm00001eb015900,1.9620971190194931,1.9620971190194931,0.039548112582254,8,7,4,B97|CML277|CML322|CML333|CML69|Il14H|Mo18W|NC358,CML247|HP301|Ki11|Ki3|Ky21|Ms71|Oh43|Oh7B|P39|Tx303
chr1,57416832,Zm00001eb016400,-2.6790199520921387,2.6790199520921387,0.0443649214070538,8,6,5,CML247|CML333|Ki11|Ki3|M162W|Mo18W|Ms71|NC358,B97|CML277|CML322|CML69|HP301|Il14H|Ky21|Oh43|Oh7B|P39|Tx303
chr1,77325694,Zm00001eb020660,-2.326271549412075,2.326271549412075,0.0188111888111888,10,8,1,B97|CML247|CML322|CML333|CML69|HP301|Il14H|M162W|Oh43|Tx303,CML277|Ki11|Ki3|Ky21|Mo18W|Ms71|NC358|Oh7B|P39
chr1,154479231,Zm00001eb028820,-3.4905867984114125,3.4905867984114125,0.0423031419387483,3,15,1,Ki11|Ky21|M162W,B97|CML247|CML277|CML322|CML333|CML69|HP301|Il14H|Ki3|Mo18W|Ms71|NC358|Oh43|Oh7B|P39|Tx303
chr1,170914905,Zm00001eb030870,-2.075649400692202,2.075649400692202,0.0412300028738384,7,7,5,HP301|Il14H|Ki3|Mo18W|Oh43|Oh7B|P39,B97|CML247|CML277|CML322|CML333|CML69|Ki11|Ky21|M162W|Ms71|NC358|Tx303
chr1,184804492,Zm00001eb033190,-3.307093446829383,3.307093446829383,0.0188111888111888,7,11,1,CML247|HP301|Ki3|Ky21|Mo18W|Oh7B|P39,B97|CML277|CML322|CML69|Il14H|Ki11|M162W|Ms71|NC358|Oh43|Tx303
chr1,211667666,Zm00001eb040100,1.7076390765853546,1.7076390765853546,0.0443649214070538,10,5,4,B97|CML247|CML277|CML69|Ki11|Ki3|M162W|Mo18W|Ms71|NC358|Tx303,CML322|CML333|HP301|Il14H|Ky21|Oh43|Oh7B|P39
chr1,227767796,Zm00001eb043170,-2.452830718673834,2.452830718673834,0.0329976999744441,4,11,4,B97|CML322|HP301|Ki11,CML247|CML333|CML69|Il14H|Ki3|Ky21|M162W|Mo18W|Ms71|NC358|Oh43|Oh7B|P39|Tx303
chr1,228494853,Zm00001eb043450,-1.784514558719577,1.784514558719577,0.0468443117268101,6,12,1,B97|HP301|Mo18W|Ms71|Oh43|P39,CML247|CML277|CML322|CML333|CML69|Il14H|Ki11|Ki3|Ky21|M162W|NC358|Oh7B|Tx303
chr1,233018019,Zm00001eb044650,2.886499000041,2.886499000041,0.0234529107256379,6,8,5,B97|Ky21|M162W|Ms71|Oh43|Oh7B,CML247|CML322|CML333|HP301|Mo18W|NC358|P39|Tx303
chr1,234151085,Zm00001eb044960,-1.4648802799572245,1.4648802799572245,0.0450283574693023,4,9,6,CML333|HP301|Il14H|Oh43,CML322|CML69|Ki11|Ki3|Ky21|Mo18W|Ms71|NC358|Oh7B
chr1,235137771,Zm00001eb045280,4.228606261614184,4.228606261614184,0.0388109050467402,3,16,0,B97|M162W|Oh7B,CML247|CML277|CML322|CML333|CML69|HP301|Il14H|Ki11|Ki3|Ky21|Mo18W|Ms71|NC358|Oh43|P39|Tx303
chr1,235367280,Zm00001eb045370,2.976264698232123,2.976264698232123,0.0188111888111888,11,7,1,B97|CML247|CML277|CML322|CML333|CML69|Il14H|Ki3|Mo18W|Oh7B|Tx303,HP301|Ki11|Ky21|M162W|Ms71|NC358|Oh43|P39
chr1,239371910,Zm00001eb046280,-1.8903427375092523,1.8903427375092523,0.0311895358527482,9,7,3,B97|CML277|Il14H|Ky21|M162W|Mo18W|Oh43|P39|Tx303,CML247|CML322|CML333|CML69|HP301|Ki11|Ki3|Ms71|NC358|Oh7B
chr1,251130738,Zm00001eb048860,3.03060708710378,3.03060708710378,0.0315288257270529,4,14,1,CML322|CML333|Il14H|P39,B97|CML247|CML277|CML69|HP301|Ki11|Ki3|Ky21|M162W|Mo18W|Ms71|NC358|Oh43|Oh7B|Tx303
chr1,254176253,Zm00001eb049730,-2.7451497712416173,2.7451497712416173,0.0304485214356458,4,12,3,Ki11|Ki3|Mo18W|NC358,B97|CML277|CML322|CML333|CML69|HP301|Il14H|Ky21|M162W|Ms71|Oh43|Oh7B|P39|Tx303
chr1,261611654,Zm00001eb051580,-1.7412248383409954,1.7412248383409954,0.0450283574693023,11,7,1,B97|CML247|CML333|CML69|Il14H|Ki11|Ki3|Mo18W|Ms71|Oh7B|P39,CML277|CML322|Ky21|M162W|NC358|Oh43|Tx303
chr1,262493215,Zm00001eb051780,2.6326472771472624,2.6326472771472624,0.0387748524021069,5,9,5,CML277|CML322|Ky21|Ms71|Oh43|Tx303,B97|CML247|CML333|CML69|HP301|Il14H|Ki11|Ki3|Mo18W|NC358|Oh7B|P39
chr1,264527680,Zm00001eb052270,2.0778879095474374,2.0778879095474374,0.0392961004179572,9,7,3,CML277|CML333|HP301|Il14H|Ki11|Ki3|Mo18W|NC358|P39,B97|CML247|CML322|CML69|Ky21|M162W|Ms71|Oh43|Oh7B
chr1,266477700,Zm00001eb052940,1.9002833214490025,1.9002833214490025,0.0188111888111888,13,6,0,B97|CML247|CML277|CML322|HP301|Il14H|Ki11|M162W|Mo18W|Ms71|NC358|Oh43|Tx303,CML333|CML69|Ki3|Ky21|Oh7B|P39
chr1,277129800,Zm00001eb055720,2.346077363192974,2.346077363192974,0.0224509667547642,6,12,1,CML247|CML322|CML69|Ki3|Ky21|M162W,B97|CML277|CML333|HP301|Il14H|Ki11|Mo18W|Ms71|NC358|Oh43|Oh7B|P39|Tx303
chr1,281863688,Zm00001eb056930,1.8450745007643008,1.8450745007643008,0.0450283574693023,8,8,3,CML333|CML69|Ki3|Ky21|Mo18W|Ms71|NC358|Oh7B,B97|CML247|CML277|CML322|HP301|Il14H|Ki11|M162W|Oh43|P39
chr1,287900267,Zm00001eb058750,-2.289258328627231,2.289258328627231,0.0188111888111888,9,8,2,B97|CML322|CML69|HP301|Ky21|NC358|Oh7B|P39|Tx303,CML247|CML277|CML333|Il14H|Ki11|Ki3|M162W|Mo18W|Ms71|Oh43
chr1,303833607,Zm00001eb064000,2.7193341663871995,2.7193341663871995,0.0225486703409543,5,13,1,CML247|CML322|CML69|Ki3|Mo18W,B97|CML277|CML333|HP301|Il14H|Ki11|Ky21|M162W|Ms71|NC358|Oh43|Oh7B|P39|Tx303
chr1,304254031,Zm00001eb064190,3.4095005292035405,3.4095005292035405,0.0188111888111888,9,7,3,CML333|HP301|Ki11|Ky21|Mo18W|Ms71|Oh7B|P39|Tx303,B97|CML247|CML277|CML322|CML69|Il14H|Ki3|M162W|NC358|Oh43
chr1,304701394,Zm00001eb064350,2.4350892059607414,2.4350892059607414,0.0353818048958713,4,13,2,CML322|HP301|Ki11|M162W,B97|CML247|CML277|CML333|CML69|Ki3|Ky21|Mo18W|Ms71|NC358|Oh43|Oh7B|P39|Tx303
chr1,305701303,Zm00001eb064670,-2.9504195754854488,2.9504195754854488,0.0450283574693023,11,4,4,CML277|CML69|Il14H|Ki11|M162W|Ms71|NC358|Oh43|Oh7B|P39|Tx303,CML247|CML322|HP301|Ky21|Mo18W
chr1,306411699,Zm00001eb064930,-4.1461282108010815,4.1461282108010815,0.0203714572407656,5,13,1,HP301|Il14H|Ky21|P39|Tx303,B97|CML247|CML277|CML322|CML333|CML69|Ki11|Ki3|M162W|Mo18W|Ms71|NC358|Oh43|Oh7B
chr2,17283394,Zm00001eb073610,6.02706750847857,6.02706750847857,0.039548112582254,6,6,7,B97|CML333|Il14H|Ki11|Ky21|Ms71,CML247|CML277|CML322|CML69|HP301|Ki3|M162W|Mo18W|NC358|Oh43|Oh7B|P39|Tx303
chr2,19112501,Zm00001eb074030,-5.03145492976556,5.03145492976556,0.0234529107256379,5,10,4,CML322|CML69|Il14H|M162W|NC358,B97|CML247|CML277|CML333|HP301|Ki11|Ki3|Ky21|Mo18W|Ms71|Oh43|Oh7B|Tx303
chr2,36159238,Zm00001eb078890,-2.040393037676521,2.040393037676521,0.0381565695967318,8,8,3,CML277|CML322|HP301|Il14H|Ki3|Ky21|Ms71|Oh43|Oh7B|P39|Tx303,B97|CML247|CML333|CML69|Ki11|M162W|Mo18W|NC358
chr2,38576363,Zm00001eb079420,5.825883962535814,5.825883962535814,0.0497278422512067,3,13,3,Il14H|Ky21|P39,B97|CML247|CML277|CML322|CML333|CML69|HP301|Ki11|Ki3|M162W|Mo18W|Ms71|NC358|Oh43|Oh7B|Tx303
chr2,42789655,Zm00001eb080510,-4.4901050570846515,4.4901050570846515,0.0234529107256379,5,10,4,B97|CML69|Ki11|Ky21|M162W|Oh7B,CML247|CML277|CML322|CML333|HP301|Il14H|Ki3|Mo18W|Ms71|NC358|Oh43|P39|Tx303
chr2,44929408,Zm00001eb081030,1.9362284424257552,1.9362284424257552,0.036684875254756,6,10,3,B97|CML277|HP301|Ki11|M162W|NC358,CML247|CML322|CML333|CML69|Il14H|Ki3|Ky21|Mo18W|Ms71|Oh43|Oh7B|P39|Tx303
chr2,140544189,Zm00001eb091780,2.4401060658236484,2.4401060658236484,0.0315767463870279,6,8,5,B97|CML322|CML69|Il14H|Ms71|NC358,CML247|CML277|CML333|HP301|Ki11|Ki3|Ky21|M162W|Mo18W|Oh43|Oh7B|P39|Tx303
chr2,154488990,Zm00001eb093670,-2.0751231582939025,2.0751231582939025,0.0387748524021069,6,11,2,CML247|CML277|CML322|CML69|Il14H|NC358,B97|CML333|HP301|Ki11|Ki3|Ky21|M162W|Mo18W|Ms71|Oh43|Oh7B|P39|Tx303
chr2,157667489,Zm00001eb094220,-3.2553440919204037,3.2553440919204037,0.0188111888111888,12,7,0,CML247|CML277|CML333|CML69|HP301|Ki11|Ki3|Ky21|Mo18W|NC358|Oh43|Tx303,B97|CML322|Il14H|M162W|Ms71|Oh7B|P39
chr2,193988864,Zm00001eb101450,2.771010529896668,2.771010529896668,0.0203714572407656,5,13,1,B97|CML322|Ky21|M162W|Ms71,CML247|CML277|CML333|CML69|HP301|Il14H|Ki11|Ki3|Mo18W|NC358|Oh43|Oh7B|P39|Tx303
chr2,195634230,Zm00001eb102050,2.633437955533686,2.633437955533686,0.0242656085696916,10,9,0,CML247|CML277|CML322|CML333|CML69|Il14H|M162W|NC358|P39|Tx303,B97|HP301|Ki11|Ki3|Ky21|Mo18W|Ms71|Oh43|Oh7B
chr2,205132586,Zm00001eb104710,-1.991401602261453,1.991401602261453,0.0188111888111888,8,9,2,B97|CML277|CML333|Ki11|Ki3|Oh43|Oh7B|Tx303,CML247|CML322|CML69|HP301|Il14H|Ky21|M162W|Mo18W|Ms71|NC358|P39
chr2,211536463,Zm00001eb106770,2.4188644177408363,2.4188644177408363,0.0338267581908725,8,5,6,CML69|HP301|Ki3|M162W|Mo18W|Oh43|Oh7B|P39,CML247|CML277|CML322|CML333|Il14H|Ki11|Ky21|Ms71|NC358|Tx303
chr2,216734256,Zm00001eb108620,2.3199534970626376,2.3199534970626376,0.039548112582254,12,4,3,B97|CML247|CML277|HP301|Il14H|Ki3|M162W|Mo18W|Ms71|NC358|P39|Tx303,CML322|CML333|CML69|Ki11|Ky21
chr2,219580380,Zm00001eb109880,-2.6829275490183595,2.6829275490183595,0.0388109050467402,4,15,0,CML333|Ki11|Ky21|Mo18W,B97|CML247|CML277|CML322|CML69|HP301|Il14H|Ki3|M162W|Ms71|NC358|Oh43|Oh7B|P39|Tx303
chr2,231497576,Zm00001eb113870,-2.662415610472837,2.662415610472837,0.0234529107256379,11,6,2,CML247|CML277|CML322|CML333|CML69|HP301|Ki11|Ki3|M162W|Mo18W|NC358,Il14H|Ky21|Ms71|Oh43|Oh7B|P39
chr2,231633353,Zm00001eb113900,-2.2053015643042735,2.2053015643042735,0.0234529107256379,5,10,4,CML277|CML69|Ki11|M162W|Mo18W,B97|CML333|Il14H|Ky21|Ms71|NC358|Oh43|Oh7B|P39|Tx303
chr2,235230798,Zm00001eb115000,3.363154782404735,3.363154782404735,0.0423031419387483,3,15,1,Ky21|NC358|Tx303,B97|CML247|CML277|CML322|CML333|CML69|HP301|Il14H|Ki11|Ki3|M162W|Mo18W|Ms71|Oh43|Oh7B|P39
chr2,240665648,Zm00001eb117460,-3.3114651472125205,3.3114651472125205,0.0188111888111888,6,12,1,CML322|CML333|CML69|Ki11|Ky21|Mo18W|NC358,B97|CML247|CML277|HP301|Il14H|Ki3|M162W|Ms71|Oh43|Oh7B|P39|Tx303
chr3,13645592,Zm00001eb123270,2.1331547323847975,2.1331547323847975,0.0450283574693023,4,9,6,B97|CML322|Ki3|Ky21|Ms71,CML247|CML277|CML333|CML69|Il14H|Ki11|M162W|Mo18W|NC358|Oh43|Oh7B|Tx303
chr3,17092334,Zm00001eb124200,3.919858817262583,3.919858817262583,0.0188111888111888,8,11,0,CML247|CML333|Ki11|Ki3|Ky21|M162W|NC358|Oh7B,B97|CML277|CML322|CML69|HP301|Il14H|Mo18W|Ms71|Oh43|P39|Tx303
chr3,34672994,Zm00001eb127420,2.8313009384028605,2.8313009384028605,0.0219377080393704,9,6,4,B97|CML247|CML322|CML333|CML69|Ki3|M162W|Ms71|Oh43,CML277|HP301|Il14H|Ki11|Ky21|Mo18W|NC358|Oh7B|P39|Tx303
chr3,136849723,Zm00001eb138110,-1.263909830112649,1.263909830112649,0.0294052452107163,9,5,5,B97|CML333|CML69|HP301|Ki11|Ki3|Mo18W|Ms71|NC358,CML247|CML277|CML322|Il14H|Ky21|M162W|Oh43|Oh7B|P39|Tx303
chr3,170697399,Zm00001eb144320,3.130841108192741,3.130841108192741,0.0226429045486012,6,10,3,CML322|HP301|Ky21|Ms71|Oh43|Oh7B,B97|CML247|CML277|CML333|CML69|Il14H|Ki11|Ki3|M162W|Mo18W|NC358|P39|Tx303
chr3,191054457,Zm00001eb149750,3.470762782045816,3.470762782045816,0.0188111888111888,6,12,1,Il14H|Ki11|Ki3|NC358|Oh7B|P39,B97|CML247|CML277|CML322|CML333|CML69|HP301|Ky21|M162W|Mo18W|Ms71|Oh43|Tx303
chr3,199143750,Zm00001eb152120,3.5931912782003255,3.5931912782003255,0.0234529107256379,4,14,1,CML277|CML322|M162W|NC358,B97|CML247|CML333|CML69|HP301|Il14H|Ki11|Ki3|Ky21|Mo18W|Ms71|Oh43|Oh7B|P39|Tx303
chr3,202471379,Zm00001eb153020,-2.0950216625681706,2.0950216625681706,0.0207280059247336,12,5,2,CML247|CML277|CML322|CML333|CML69|Ki11|Ki3|M162W|Mo18W|Oh43|Oh7B|Tx303,B97|HP301|Il14H|Ky21|Ms71|NC358|P39
chr3,203762192,Zm00001eb153460,-3.7848065277793816,3.7848065277793816,0.0304485214356458,12,4,3,B97|CML277|CML322|CML333|HP301|Ky21|M162W|Ms71|NC358|Oh7B|P39|Tx303,CML69|Il14H|Ki11|Ki3|Oh43
chr3,204399824,Zm00001eb153580,1.862591488812747,1.862591488812747,0.0311749805466796,7,11,1,B97|CML333|HP301|Ky21|M162W|Ms71|Oh7B,CML247|CML277|CML322|CML69|Il14H|Ki11|Ki3|Mo18W|NC358|Oh43|P39|Tx303
chr3,204800583,Zm00001eb153760,-1.9868312836539712,1.9868312836539712,0.0457762769549841,6,11,2,CML277|Il14H|Ki3|Mo18W|Oh43|Oh7B,B97|CML247|CML322|CML333|CML69|HP301|Ki11|Ky21|M162W|Ms71|NC358|P39|Tx303
chr3,222949722,Zm00001eb159400,1.7755265048836455,1.7755265048836455,0.0234529107256379,14,4,1,B97|CML247|CML277|CML322|CML333|CML69|Ki11|Ki3|Ky21|M162W|Mo18W|NC358|Oh7B|Tx303,HP301|Il14H|Ms71|Oh43|P39
chr3,223345700,Zm00001eb159550,-2.041224938227776,2.041224938227776,0.0381565695967318,7,11,1,B97|Il14H|Ky21|M162W|NC358|P39|Tx303,CML247|CML277|CML322|CML333|CML69|HP301|Ki11|Ki3|Mo18W|Ms71|Oh43|Oh7B
chr3,228195173,Zm00001eb161090,-1.882268508015435,1.882268508015435,0.0457559221875363,7,9,3,CML277|HP301|Il14H|Ki11|Ky21|M162W|Ms71|Oh43|Oh7B|P39,B97|CML247|CML322|CML333|CML69|Ki3|Mo18W|NC358|Tx303
chr3,229581278,Zm00001eb161610,1.8960871063937228,1.8960871063937228,0.0457762769549841,6,11,2,CML69|Il14H|Ky21|M162W|Ms71|P39,B97|CML247|CML277|CML322|CML333|HP301|Ki11|Ki3|Mo18W|NC358|Oh43|Oh7B|Tx303
chr3,236713284,Zm00001eb163880,-1.6116800895543422,1.6116800895543422,0.0497278422512067,3,13,3,Ms71|Oh43|P39,B97|CML247|CML277|CML322|CML333|CML69|HP301|Il14H|Ki11|Ki3|Ky21|M162W|Mo18W|NC358|Oh7B|Tx303
chr4,38328395,Zm00001eb173230,-3.241273396577517,3.241273396577517,0.0188111888111888,7,10,2,CML69|Ki11|Ki3|Ky21|Ms71|Oh43|Oh7B,B97|CML247|CML277|CML322|CML333|HP301|M162W|Mo18W|NC358|Tx303
chr4,140997057,Zm00001eb184420,-1.9690909751485175,1.9690909751485175,0.0388109050467402,12,6,1,CML247|CML322|CML333|Il14H|Ki11|Ky21|M162W|Mo18W|Ms71|Oh43|P39|Tx303,B97|CML277|CML69|HP301|Ki3|NC358|Oh7B
chr4,177063328,Zm00001eb191640,1.9085448636469893,1.9085448636469893,0.0387748524021069,6,11,2,CML247|CML277|CML69|HP301|M162W|Oh43|Tx303,B97|CML322|CML333|Il14H|Ki11|Ki3|Ky21|Mo18W|Ms71|NC358|Oh7B|P39
chr4,179998271,Zm00001eb192630,2.0988799051206235,2.0988799051206235,0.0287459703991308,5,11,3,B97|CML69|NC358|Oh43|Oh7B,CML247|CML277|CML322|CML333|HP301|Il14H|Ki11|Ki3|Ky21|M162W|Mo18W|Ms71|P39|Tx303
chr4,230230774,Zm00001eb203840,2.021757317443369,2.021757317443369,0.0443649214070538,10,5,4,B97|CML277|CML322|CML69|Ki11|Ki3|Mo18W|NC358|Oh43|Tx303,CML247|CML333|HP301|Il14H|Ky21|M162W|Ms71|Oh7B|P39
chr4,246091770,Zm00001eb207970,1.0557784988231242,1.0557784988231242,0.0338267581908725,8,9,2,CML247|CML277|CML322|CML333|HP301|Il14H|M162W|P39,B97|CML69|Ki11|Ki3|Ky21|Mo18W|Ms71|NC358|Oh43|Oh7B|Tx303
chr4,248093954,Zm00001eb209100,2.161064757111342,2.161064757111342,0.0315288257270529,5,12,2,CML277|M162W|Mo18W|Oh43|P39,B97|CML247|CML333|CML69|HP301|Il14H|Ki11|Ki3|Ky21|Ms71|NC358|Oh7B|Tx303
chr5,4631545,Zm00001eb213050,2.251004547954921,2.251004547954921,0.0225486703409543,13,5,1,CML247|CML277|CML322|CML333|CML69|HP301|Ki11|Ki3|Mo18W|NC358|Oh7B|P39|Tx303,B97|Il14H|Ky21|M162W|Ms71|Oh43
chr5,7313087,Zm00001eb214630,-3.4581827083427767,3.4581827083427767,0.0315288257270529,4,14,1,CML69|Il14H|Ms71|NC358|Tx303,B97|CML247|CML277|CML322|CML333|HP301|Ki11|Ki3|Ky21|M162W|Mo18W|Oh43|Oh7B|P39
chr5,11366019,Zm00001eb216260,-1.9821950667001171,1.9821950667001171,0.0388109050467402,10,8,1,CML247|CML277|HP301|Il14H|Ky21|M162W|Mo18W|NC358|P39|Tx303,B97|CML322|CML333|CML69|Ki11|Ki3|Ms71|Oh43|Oh7B
chr5,15259532,Zm00001eb217870,3.923326174257188,3.923326174257188,0.0188111888111888,11,7,1,CML247|CML333|CML69|HP301|Il14H|Ki11|Ki3|Mo18W|Oh43|Oh7B|P39,CML277|CML322|Ky21|M162W|Ms71|NC358|Tx303
chr5,16163710,Zm00001eb218270,1.4031557575826,1.4031557575826,0.0450283574693023,9,10,0,CML247|HP301|Il14H|Ky21|M162W|Ms71|Oh43|Oh7B|P39,B97|CML277|CML322|CML333|CML69|Ki11|Ki3|Mo18W|NC358|Tx303
chr5,19678594,Zm00001eb219260,2.4181354041796936,2.4181354041796936,0.0294052452107163,9,5,5,CML322|HP301|Il14H|Ki11|Ky21|Ms71|NC358|Oh43|Oh7B,B97|CML247|CML277|CML333|CML69|Ki3|M162W|Mo18W|P39|Tx303
chr5,36348038,Zm00001eb223240,-4.424017322842078,4.424017322842078,0.0497278422512067,3,13,3,CML247|CML333|Ms71,B97|CML277|CML322|CML69|HP301|Il14H|Ki11|Ki3|Ky21|M162W|Mo18W|NC358|Oh43|Oh7B|P39|Tx303
chr5,62145381,Zm00001eb227820,2.282344077627493,2.282344077627493,0.0269464077021537,4,13,2,Il14H|Oh43|Oh7B|P39,B97|CML247|CML277|CML322|CML333|HP301|Ki11|Ki3|Ky21|M162W|Mo18W|NC358|Tx303
chr5,66029051,Zm00001eb228660,-1.667096797464452,1.667096797464452,0.0311749805466796,8,11,0,CML247|CML277|HP301|Il14H|Ki11|Ki3|NC358|P39,B97|CML322|CML333|CML69|Ky21|M162W|Mo18W|Ms71|Oh43|Oh7B|Tx303
chr5,92095945,Zm00001eb233850,1.9864140091878009,1.9864140091878009,0.0315288257270529,12,6,1,CML247|CML322|CML333|CML69|HP301|Ki11|M162W|Mo18W|Ms71|Oh43|P39|Tx303,B97|CML277|Il14H|Ki3|Ky21|NC358|Oh7B
chr5,142502511,Zm00001eb238000,-2.1498615631079714,2.1498615631079714,0.0207280059247336,11,6,2,B97|CML322|CML333|CML69|Il14H|Ki11|Ky21|Mo18W|Ms71|NC358|Tx303,CML247|CML277|HP301|Ki3|M162W|Oh43|Oh7B|P39
chr5,166109809,Zm00001eb241520,2.556548502981683,2.556548502981683,0.0315288257270529,4,14,1,CML69|Ki11|Mo18W|Tx303,B97|CML247|CML277|CML322|CML333|HP301|Il14H|Ki3|Ky21|M162W|Ms71|NC358|Oh43|Oh7B|P39
chr5,167284817,Zm00001eb241810,-2.3548519731405695,2.3548519731405695,0.0388109050467402,16,3,0,B97|CML247|CML322|CML333|HP301|Il14H|Ki11|Ki3|Ky21|M162W|Ms71|NC358|Oh43|Oh7B|P39|Tx303,CML277|CML69|Mo18W
chr5,168023778,Zm00001eb241920,-1.2653464595362245,1.2653464595362245,0.0188111888111888,6,13,0,CML247|CML277|CML333|NC358|P39|Tx303,B97|CML322|CML69|HP301|Il14H|Ki11|Ki3|Ky21|M162W|Mo18W|Ms71|Oh43|Oh7B
chr5,221117231,Zm00001eb257390,2.3146076263908677,2.3146076263908677,0.0457762769549841,5,8,6,B97|CML322|Ki11|Ki3|P39,CML333|CML69|HP301|Il14H|Mo18W|Ms71|Oh7B|Tx303
chr5,224510508,Zm00001eb259140,1.6340462164675218,1.6340462164675218,0.0348152462305054,13,5,1,CML247|CML277|CML333|HP301|Ki11|Ki3|Ky21|M162W|Mo18W|NC358|Oh43|Oh7B|P39,B97|CML322|CML69|Il14H|Ms71
chr6,50584394,Zm00001eb267380,4.525144469814204,4.525144469814204,0.0387748524021069,10,4,5,B97|CML247|CML277|CML333|Il14H|M162W|Mo18W|Ms71|Oh7B|P39|Tx303,CML322|CML69|HP301|Ki11|Ki3|Ky21|NC358|Oh43
chr6,71518134,Zm00001eb269310,-2.1641728756155523,2.1641728756155523,0.0497278422512067,3,13,3,CML277|Mo18W|Tx303,B97|CML247|CML322|CML333|CML69|HP301|Il14H|Ki11|Ki3|Ky21|M162W|Ms71|NC358|Oh43|Oh7B|P39
chr6,82204827,Zm00001eb270660,-2.357363701868566,2.357363701868566,0.0226429045486012,10,6,3,CML247|CML277|CML322|CML333|CML69|Il14H|Ki11|M162W|Mo18W|NC358,B97|HP301|Ki3|Ky21|Ms71|Oh43|Oh7B|P39
chr6,117591379,Zm00001eb278070,-1.5037420375863468,1.5037420375863468,0.0423031419387483,3,15,1,CML247|Ki11|Ki3,B97|CML277|CML322|CML333|CML69|HP301|Il14H|Ky21|M162W|Mo18W|Ms71|NC358|Oh43|Oh7B|P39|Tx303
chr6,138884889,Zm00001eb282960,1.343075589730851,1.343075589730851,0.0387748524021069,5,9,5,B97|CML247|CML69|Ky21|Mo18W,CML277|CML322|HP301|Il14H|Ki11|Ki3|M162W|Ms71|NC358|Oh43|Oh7B|P39|Tx303
chr6,156454369,Zm00001eb287610,-3.203902110132901,3.203902110132901,0.0313427082071922,9,10,0,B97|CML333|HP301|Ky21|M162W|Mo18W|Ms71|NC358|Oh7B,CML247|CML277|CML322|CML69|Il14H|Ki11|Ki3|Oh43|P39|Tx303
chr6,158295494,Zm00001eb288130,2.150577722344607,2.150577722344607,0.0294052452107163,6,10,3,CML277|Ky21|Mo18W|Ms71|NC358|P39,B97|CML247|CML322|CML333|CML69|HP301|Il14H|Ki3|M162W|Oh43|Oh7B|Tx303
chr6,162420882,Zm00001eb289530,2.2084959121108656,2.2084959121108656,0.0304485214356458,9,9,1,B97|CML333|HP301|Ki11|Ky21|M162W|Oh43|P39|Tx303,CML247|CML277|CML322|CML69|Il14H|Ki3|Mo18W|Ms71|NC358|Oh7B
chr6,171169950,Zm00001eb293310,-2.6627355488071776,2.6627355488071776,0.0311749805466796,5,14,0,CML247|CML277|HP301|Mo18W|Tx303,B97|CML322|CML333|CML69|Il14H|Ki11|Ki3|Ky21|M162W|Ms71|NC358|Oh43|Oh7B|P39
chr6,174632784,Zm00001eb295120,1.8619740594255063,1.8619740594255063,0.0468443117268101,12,6,1,B97|CML247|Il14H|Ki11|Ki3|Ky21|M162W|Mo18W|Ms71|Oh43|Oh7B|Tx303,CML277|CML322|CML333|CML69|HP301|P39
chr6,174715533,Zm00001eb295170,1.8153955865546871,1.8153955865546871,0.0469889514825974,5,14,0,CML69|Ki3|Ky21|NC358|Tx303,B97|CML247|CML277|CML322|CML333|HP301|Il14H|Ki11|M162W|Mo18W|Ms71|Oh43|Oh7B|P39
chr7,10735160,Zm00001eb301490,1.9410855150564548,1.9410855150564548,0.0325252403119521,6,13,0,CML333|Ki11|Ki3|Ky21|M162W|NC358,B97|CML247|CML277|CML322|CML69|HP301|Il14H|Mo18W|Ms71|Oh43|Oh7B|P39|Tx303
chr7,89397106,Zm00001eb309560,-3.520578909038956,3.520578909038956,0.0219377080393704,9,9,1,CML277|CML322|CML333|CML69|Il14H|Ki3|M162W|Oh43|P39,B97|CML247|HP301|Ki11|Ky21|Mo18W|Ms71|NC358|Oh7B|Tx303
chr7,131670304,Zm00001eb315000,2.7010650497920357,2.7010650497920357,0.0388109050467402,4,15,0,B97|HP301|Ky21|Oh7B,CML247|CML277|CML322|CML333|CML69|Il14H|Ki11|Ki3|M162W|Mo18W|Ms71|NC358|Oh43|P39|Tx303
chr7,136093429,Zm00001eb316080,1.9045320392958296,1.9045320392958296,0.0387748524021069,11,6,2,B97|CML247|CML277|CML333|HP301|Il14H|Ky21|M162W|Oh7B|P39|Tx303,CML322|CML69|Ki11|Ki3|Mo18W|Ms71|Oh43
chr7,138416698,Zm00001eb316700,-3.1490789213321686,3.1490789213321686,0.0188111888111888,5,14,0,Il14H|Ky21|Ms71|Oh43|Oh7B,B97|CML247|CML277|CML322|CML333|CML69|HP301|Ki11|Ki3|M162W|Mo18W|NC358|P39|Tx303
chr7,143100402,Zm00001eb317810,2.763468427589063,2.763468427589063,0.0226429045486012,15,4,0,B97|CML322|CML333|HP301|Il14H|Ki11|Ki3|Ky21|M162W|Mo18W|Ms71|Oh43|Oh7B|P39|Tx303,CML247|CML277|CML69|NC358
chr7,152271809,Zm00001eb320580,-2.132742940570341,2.132742940570341,0.0294052452107163,8,9,2,CML277|CML322|CML69|Ki11|Ki3|Ms71|P39|Tx303,B97|CML247|CML333|HP301|Il14H|Ky21|M162W|Mo18W|NC358|Oh43|Oh7B
chr7,154612148,Zm00001eb321330,2.1201122687053937,2.1201122687053937,0.0388109050467402,6,12,1,CML277|CML333|CML69|Il14H|Ki11|Oh7B,B97|CML247|CML322|HP301|Ki3|Ky21|M162W|Mo18W|Ms71|NC358|Oh43|P39|Tx303
chr7,161258452,Zm00001eb322430,-1.820101042836913,1.820101042836913,0.0497278422512067,3,13,3,CML247|HP301|Oh43,B97|CML277|CML322|CML333|CML69|Il14H|Ki11|Ki3|Ky21|M162W|Mo18W|Ms71|NC358|Oh7B|P39|Tx303
chr7,162616610,Zm00001eb322850,2.258611268748007,2.258611268748007,0.0207611510926322,8,9,2,B97|CML247|CML277|CML69|Il14H|Ky21|M162W|Ms71,CML322|CML333|HP301|Ki11|Ki3|Mo18W|NC358|Oh43|Oh7B|P39|Tx303
chr7,162807470,Zm00001eb322940,-1.6639237476891189,1.6639237476891189,0.0450283574693023,7,11,1,B97|CML322|CML333|HP301|Ms71|NC358|P39,CML247|CML277|CML69|Il14H|Ki11|Ki3|Ky21|M162W|Mo18W|Oh43|Oh7B|Tx303
chr7,166654451,Zm00001eb324270,2.854351666684522,2.854351666684522,0.0226429045486012,6,10,3,CML277|CML333|CML69|M162W|NC358|Tx303,B97|CML247|CML322|HP301|Il14H|Ki11|Ki3|Ky21|Mo18W|Ms71|Oh43|Oh7B|P39
chr7,170356482,Zm00001eb325750,1.9537764372555293,1.9537764372555293,0.0269464077021537,13,4,2,CML277|CML333|CML69|HP301|Ki11|Ki3|M162W|Mo18W|NC358|Oh43|Oh7B|P39|Tx303,B97|CML247|CML322|Il14H|Ky21|Ms71
chr7,175487307,Zm00001eb327790,1.5809303343430303,1.5809303343430303,0.0343199774802402,6,9,4,CML333|CML69|Ki3|Ky21|Mo18W|Oh43,B97|CML247|CML277|CML322|HP301|Il14H|Ki11|M162W|Ms71|NC358|Oh7B|P39|Tx303
chr7,180169307,Zm00001eb329780,-2.548671317761873,2.548671317761873,0.0311895358527482,7,8,4,B97|CML277|CML333|HP301|Il14H|M162W|Tx303,CML247|CML322|CML69|Ki11|Ky21|Mo18W|Ms71|Oh43|Oh7B|P39
chr7,184734845,Zm00001eb331960,7.313591831593177,7.313591831593177,0.0269464077021537,4,13,2,CML333|HP301|M162W|Oh7B,B97|CML247|CML277|CML322|CML69|Il14H|Ki11|Ki3|Ky21|Mo18W|Ms71|NC358|Oh43|P39|Tx303
chr8,3885807,Zm00001eb333100,1.9944068305931155,1.9944068305931155,0.039548112582254,6,13,0,CML277|Il14H|Ki11|NC358|P39|Tx303,B97|CML247|CML322|CML333|CML69|HP301|Ki3|Ky21|M162W|Mo18W|Ms71|Oh43|Oh7B
chr8,13195128,Zm00001eb335350,-2.1145856324838888,2.1145856324838888,0.0450283574693023,10,9,0,CML322|CML333|CML69|HP301|Ky21|Ms71|NC358|Oh43|Oh7B|Tx303,B97|CML247|CML277|Il14H|Ki11|Ki3|M162W|Mo18W|P39
chr8,14008624,Zm00001eb335640,-2.086773530985622,2.086773530985622,0.0381565695967318,11,7,1,B97|CML247|CML277|CML322|HP301|Il14H|Ki11|Ky21|M162W|Mo18W|Tx303,CML333|CML69|Ki3|Ms71|Oh43|Oh7B|P39
chr8,16571666,Zm00001eb336310,-2.0356181013936263,2.0356181013936263,0.0315288257270529,4,14,1,B97|CML247|CML69|Ki11|NC358,CML277|CML322|CML333|HP301|Il14H|Ki3|Ky21|M162W|Mo18W|Ms71|Oh43|Oh7B|P39|Tx303
chr8,29624422,Zm00001eb339310,-1.8100285930152655,1.8100285930152655,0.0370024151105208,9,6,4,CML277|CML322|CML69|Ki3|Ky21|M162W|Mo18W|NC358|P39|Tx303,B97|CML247|HP301|Il14H|Ki11|Ms71|Oh43|Oh7B
chr8,69576856,Zm00001eb343490,-2.5924416296542545,2.5924416296542545,0.0450283574693023,11,4,4,B97|CML247|CML277|CML322|CML333|CML69|HP301|Il14H|NC358|P39|Tx303,Ki11|Ki3|Ky21|M162W|Mo18W|Ms71|Oh43|Oh7B
chr8,74212102,Zm00001eb344340,2.3683562503991604,2.3683562503991604,0.0207280059247336,7,8,4,CML247|CML322|Ki11|Ki3|Ky21|Ms71|Tx303,B97|CML333|HP301|Il14H|M162W|Mo18W|NC358|Oh43|Oh7B
chr8,138992533,Zm00001eb356280,-2.668331204954375,2.668331204954375,0.0338267581908725,8,5,6,CML247|CML322|CML333|HP301|Ki11|Ki3|M162W|Mo18W,B97|Il14H|Ky21|NC358|Oh43|Oh7B|P39
chr8,146144410,Zm00001eb357970,2.293064242532769,2.293064242532769,0.0207280059247336,5,12,2,CML277|CML322|CML69|Ki3|Ms71|Oh43,B97|CML247|CML333|HP301|Il14H|Ki11|Ky21|M162W|Mo18W|NC358|Oh7B|P39|Tx303
chr8,154494525,Zm00001eb360250,-2.1140533884354262,2.1140533884354262,0.0474791629035171,9,7,3,CML247|CML333|CML69|Il14H|M162W|NC358|Oh43|Oh7B|P39,B97|CML277|CML322|Ki11|Ki3|Ky21|Mo18W|Ms71
chr8,154506381,Zm00001eb360260,2.5420296378071634,2.5420296378071634,0.0301472339352506,4,15,0,CML247|Ki3|NC358|Oh7B,B97|CML277|CML322|CML333|CML69|HP301|Il14H|Ki11|Ky21|M162W|Mo18W|Ms71|Oh43|P39|Tx303
chr8,154951178,Zm00001eb360390,1.8816870182450085,1.8816870182450085,0.0450283574693023,8,8,3,B97|CML277|CML333|Ki11|Ki3|M162W|Oh43|Oh7B,CML247|CML322|CML69|HP301|Il14H|Ky21|Mo18W|Ms71|NC358|P39|Tx303
chr8,171206073,Zm00001eb365940,2.272348125964605,2.272348125964605,0.0311895358527482,7,8,4,Il14H|Ky21|M162W|Ms71|Oh43|P39|Tx303,B97|CML247|CML333|CML69|HP301|Ki11|Ki3|NC358
chr8,171368481,Zm00001eb366050,2.5632794191115544,2.5632794191115544,0.0190825576505044,10,8,1,CML322|CML333|CML69|HP301|Il14H|Ki3|Ky21|Ms71|P39|Tx303,B97|CML247|CML277|Ki11|M162W|Mo18W|NC358|Oh43|Oh7B
chr8,179616196,Zm00001eb370290,-1.07472545154466,1.07472545154466,0.0224509667547642,5,11,3,B97|CML333|HP301|Ky21|NC358,CML247|CML277|CML322|CML69|Il14H|Ki11|Ki3|M162W|Mo18W|Ms71|Oh43|Oh7B|P39|Tx303
chr8,180764165,Zm00001eb370850,-2.325544764162936,2.325544764162936,0.0219377080393704,10,9,0,CML247|CML277|CML322|CML333|CML69|Ky21|Mo18W|Oh7B|P39|Tx303,B97|HP301|Il14H|Ki11|Ki3|M162W|Ms71|NC358|Oh43
chr8,181730167,Zm00001eb371200,-2.5344946963916644,2.5344946963916644,0.0188111888111888,7,11,1,CML247|CML333|CML69|Ki11|Ki3|NC358|Oh43,B97|CML277|CML322|HP301|Il14H|Ky21|M162W|Mo18W|Ms71|Oh7B|P39|Tx303
chr9,10774790,Zm00001eb373580,1.6602529183513337,1.6602529183513337,0.0311749805466796,8,11,0,CML247|CML322|HP301|Ki3|Mo18W|Ms71|NC358|Oh43,B97|CML277|CML333|CML69|Il14H|Ki11|Ky21|M162W|Oh7B|P39|Tx303
chr9,13058820,Zm00001eb374160,2.633921684721882,2.633921684721882,0.0188111888111888,11,8,0,B97|CML247|CML322|CML333|HP301|Ky21|Ms71|NC358|Oh43|Oh7B|P39,CML277|CML69|Il14H|Ki11|Ki3|M162W|Mo18W|Tx303
chr9,22676829,Zm00001eb377470,-3.041410938030894,3.041410938030894,0.0315288257270529,4,14,1,CML333|CML69|Ki11|Ki3,B97|CML247|CML277|CML322|HP301|Il14H|Ky21|M162W|Mo18W|Ms71|NC358|Oh43|Oh7B|P39|Tx303
chr9,27588012,Zm00001eb378810,3.006792439729751,3.006792439729751,0.0497278422512067,3,13,3,B97|Il14H|Ky21,CML247|CML277|CML322|CML333|CML69|HP301|Ki11|Ki3|M162W|Mo18W|Ms71|NC358|Oh43|Oh7B|P39|Tx303
chr9,34000550,Zm00001eb379950,2.0105873563987866,2.0105873563987866,0.0325252403119521,6,13,0,CML277|CML322|CML69|Ki3|NC358|Oh43,B97|CML247|CML333|HP301|Il14H|Ki11|Ky21|M162W|Mo18W|Ms71|Oh7B|P39|Tx303
chr9,46397613,Zm00001eb381470,-2.0357283788875327,2.0357283788875327,0.0457762769549841,10,7,2,B97|CML277|CML322|CML69|Ki11|Ki3|Ky21|NC358|P39|Tx303,CML247|CML333|HP301|Il14H|M162W|Mo18W|Ms71|Oh43|Oh7B
chr9,74126238,Zm00001eb384110,2.728481723734669,2.728481723734669,0.0207280059247336,6,11,2,B97|CML247|CML277|CML322|CML69|Ms71,CML333|HP301|Il14H|Ki11|Ki3|Ky21|M162W|Mo18W|NC358|Oh43|Oh7B|P39|Tx303
chr9,88034220,Zm00001eb385450,-2.048481055420191,2.048481055420191,0.0467798968175757,5,11,3,CML247|CML322|NC358|Oh43|Tx303,B97|CML277|CML333|CML69|HP301|Ki3|Ky21|M162W|Mo18W|Ms71|Oh7B|P39
chr9,94270267,Zm00001eb386220,2.353208614460676,2.353208614460676,0.0497278422512067,3,13,3,B97|Il14H|NC358,CML247|CML277|CML322|CML333|CML69|HP301|Ki3|Ky21|M162W|Mo18W|Ms71|Oh7B|P39|Tx303
chr9,99581548,Zm00001eb387030,-1.5148667115096182,1.5148667115096182,0.0234529107256379,4,14,1,Il14H|Oh43|Oh7B|P39,B97|CML247|CML277|CML322|CML333|CML69|HP301|Ki11|Ki3|Ky21|M162W|Mo18W|Ms71|NC358|Tx303
chr9,131018319,Zm00001eb393660,-4.155709293425091,4.155709293425091,0.0226429045486012,4,15,0,CML247|CML277|Ki11|NC358,B97|CML322|CML333|CML69|HP301|Il14H|Ki3|Ky21|M162W|Mo18W|Ms71|Oh43|Oh7B|P39|Tx303
chr9,139156708,Zm00001eb395470,3.936818185586951,3.936818185586951,0.0294052452107163,5,9,5,B97|Ky21|Oh43|P39|Tx303,CML277|CML322|CML333|CML69|HP301|Il14H|Ki11|M162W|Mo18W|NC358|Oh7B
chr9,141202033,Zm00001eb396060,-2.8374729660761338,2.8374729660761338,0.0226429045486012,12,7,0,CML247|CML277|CML322|HP301|Ky21|M162W|Mo18W|Ms71|NC358|Oh43|Oh7B|Tx303,B97|CML333|CML69|Il14H|Ki11|Ki3|P39
chr9,142860542,Zm00001eb396520,2.252981731306229,2.252981731306229,0.0313427082071922,9,10,0,B97|CML322|CML333|Il14H|Ki3|Ky21|M162W|Mo18W|Tx303,CML247|CML277|CML69|HP301|Ki11|Ms71|NC358|Oh43|Oh7B|P39
chr9,144227434,Zm00001eb397090,-4.221908761750404,4.221908761750404,0.0387748524021069,10,4,5,CML277|CML333|HP301|Ki11|Ky21|M162W|Ms71|Oh43|Oh7B|Tx303,CML247|CML322|CML69|Ki3|Mo18W
chr9,148791435,Zm00001eb398630,-3.167548745015788,3.167548745015788,0.0423031419387483,15,3,1,CML247|CML277|CML322|CML333|CML69|HP301|Il14H|Ki11|Ki3|Ky21|Mo18W|Ms71|Oh43|P39|Tx303,B97|M162W|NC358|Oh7B
chr9,161194925,Zm00001eb404310,3.950054024266257,3.950054024266257,0.0203714572407656,5,13,1,B97|Ki3|Mo18W|Ms71|Tx303,CML247|CML277|CML322|CML333|CML69|HP301|Il14H|Ki11|Ky21|M162W|NC358|Oh43|Oh7B|P39
chr10,2006861,Zm00001eb405450,5.308221308528998,5.308221308528998,0.0207280059247336,5,12,2,B97|CML247|CML277|CML322|CML333,CML69|HP301|Il14H|Ki11|Ki3|Ky21|M162W|Mo18W|Ms71|NC358|Oh43|P39|Tx303
chr10,3735892,Zm00001eb406080,-2.7982092159957124,2.7982092159957124,0.0450283574693023,3,14,2,B97|CML322|Tx303,CML247|CML277|CML333|CML69|HP301|Il14H|Ki11|Ki3|Ky21|M162W|Mo18W|Ms71|NC358|Oh43|P39
chr10,5111246,Zm00001eb406760,1.9719257867445232,1.9719257867445232,0.0457762769549841,6,11,2,B97|CML333|HP301|Ky21|M162W|NC358,CML247|CML277|CML322|CML69|Il14H|Ki11|Ki3|Mo18W|Ms71|Oh43|P39|Tx303
chr10,6211300,Zm00001eb407090,1.703172273664204,1.703172273664204,0.0467798968175757,11,5,3,CML277|CML333|CML69|HP301|Ki11|Ki3|Ky21|M162W|NC358|Oh43|Tx303,B97|CML322|Il14H|Mo18W|Ms71|P39
chr10,7903301,Zm00001eb407550,2.233745774212639,2.233745774212639,0.0219377080393704,9,6,4,B97|CML247|CML277|CML333|Il14H|Ki3|Ky21|Mo18W|P39,CML322|CML69|HP301|Ki11|M162W|Ms71|NC358|Oh43|Tx303
chr10,8604729,Zm00001eb407680,2.3016985233742973,2.3016985233742973,0.0219377080393704,7,10,2,B97|Il14H|Ki3|Ky21|Mo18W|Ms71|P39,CML247|CML277|CML322|CML333|CML69|HP301|Ki11|M162W|NC358|Oh43|Tx303
chr10,64753637,Zm00001eb413740,2.411421748480584,2.411421748480584,0.0203714572407656,5,13,1,CML247|Ki3|Mo18W|Ms71|Oh43,B97|CML277|CML322|CML333|CML69|HP301|Il14H|Ki11|Ky21|M162W|NC358|Oh7B|P39|Tx303
chr10,73843917,Zm00001eb414970,5.292211561347937,5.292211561347937,0.0219377080393704,9,6,4,B97|CML277|CML333|CML69|Ki11|Ki3|M162W|NC358|Oh7B|Tx303,CML247|CML322|HP301|Il14H|Ky21|Mo18W|Ms71|Oh43|P39
chr10,78959457,Zm00001eb415700,1.910872253891431,1.910872253891431,0.0224509667547642,11,5,3,CML247|CML322|CML333|CML69|HP301|Il14H|Ki3|M162W|Ms71|NC358|P39,B97|CML277|Ki11|Ky21|Mo18W|Oh43|Oh7B|Tx303
chr10,81353777,Zm00001eb416110,2.0762577909849704,2.0762577909849704,0.0468443117268101,13,6,0,CML247|CML277|CML333|CML69|Il14H|Ki11|Ky21|Mo18W|Ms71|NC358|Oh43|Oh7B|P39,B97|CML322|HP301|Ki3|M162W|Tx303
chr10,85117108,Zm00001eb416770,-2.007903871939698,2.007903871939698,0.0450283574693023,9,4,6,B97|CML277|CML322|CML333|HP301|Il14H|Mo18W|Ms71|P39,CML69|Ky21|M162W|NC358
chr10,92089742,Zm00001eb418090,-2.353892134412911,2.353892134412911,0.0315288257270529,12,6,1,B97|CML277|CML333|CML69|HP301|Il14H|Ki11|Ki3|M162W|Ms71|P39|Tx303,CML247|CML322|Ky21|Mo18W|NC358|Oh43|Oh7B
chr10,97534549,Zm00001eb418940,2.012100027216712,2.012100027216712,0.0190825576505044,11,8,0,CML333|CML69|HP301|Il14H|M162W|Mo18W|Ms71|NC358|Oh43|Oh7B|P39,B97|CML247|CML277|CML322|Ki11|Ki3|Ky21|Tx303
chr10,98908136,Zm00001eb419200,2.0258059361051934,2.0258059361051934,0.0315288257270529,12,6,1,CML247|CML322|HP301|Il14H|Ki11|Ki3|M162W|Mo18W|NC358|Oh7B|P39|Tx303,B97|CML277|CML333|CML69|Ky21|Ms71|Oh43
chr10,128801642,Zm00001eb425180,3.1339485522332793,3.1339485522332793,0.0234529107256379,4,14,1,CML333|Il14H|Ky21|P39,B97|CML247|CML277|CML322|CML69|HP301|Ki11|Ki3|M162W|Mo18W|Ms71|NC358|Oh43|Oh7B|Tx303
chr10,129870575,Zm00001eb425580,1.359398667383342,1.359398667383342,0.0457762769549841,10,8,1,B97|CML247|CML322|CML333|CML69|HP301|Il14H|Ki3|Oh43|Oh7B,CML277|Ki11|Ky21|M162W|Mo18W|Ms71|NC358|P39|Tx303
chr10,130088323,Zm00001eb425660,2.1890268340701353,2.1890268340701353,0.0225486703409543,13,5,1,B97|CML277|CML322|CML333|CML69|Il14H|Ki11|Ki3|Ky21|NC358|Oh43|Oh7B|P39,CML247|HP301|M162W|Mo18W|Ms71|Tx303
chr10,131065925,Zm00001eb425960,2.588903946380261,2.588903946380261,0.0497278422512067,3,13,3,HP301|Ms71|Oh43,B97|CML247|CML277|CML322|CML333|CML69|Il14H|Ki11|Ki3|Ky21|M162W|Mo18W|NC358|Oh7B|P39|Tx303
chr10,131196529,Zm00001eb425980,-1.682304387969365,1.682304387969365,0.0457762769549841,11,6,2,B97|CML247|CML277|CML333|CML69|Ki11|Ki3|Ky21|M162W|Mo18W|Oh7B,CML322|HP301|Il14H|Ms71|NC358|Oh43|P39|Tx303
chr10,135806526,Zm00001eb427480,1.7246015035091242,1.7246015035091242,0.0311895358527482,7,10,2,B97|CML247|Ky21|Mo18W|Ms71|Oh7B|Tx303,CML277|CML322|CML333|CML69|Il14H|Ki11|Ki3|M162W|NC358|Oh43|P39
chr10,142142497,Zm00001eb429910,2.7576048593546143,2.7576048593546143,0.0294052452107163,9,5,5,B97|CML247|CML277|CML333|CML69|Ki3|M162W|Ms71|Oh7B,CML322|HP301|Il14H|Ki11|Ky21|Mo18W|NC358|Oh43|P39|Tx303
chr10,145438301,Zm00001eb431330,3.4188105289396575,3.4188105289396575,0.0497278422512067,3,13,3,Ky21|Oh43|P39,B97|CML247|CML277|CML322|CML333|CML69|HP301|Il14H|Ki11|Ki3|M162W|Mo18W|Ms71|NC358|Oh7B|Tx303
chr1,3262750,Zm00001eb000920,1.008744758576002,1.008744758576002,0.0321512983526941,8,10,1,HP301|Ki3|Ky21|M162W|Mo18W|Ms71|P39|Tx303,B97|CML247|CML277|CML322|CML333|CML69|Il14H|Ki11|NC358|Oh43|Oh7B
chr1,3789618,Zm00001eb001150,2.0803573236363664,2.0803573236363664,0.025625148844963,12,7,0,CML247|CML277|CML69|Il14H|Ki11|Ki3|Ky21|M162W|Ms71|NC358|Oh7B|P39,B97|CML322|CML333|HP301|Mo18W|Oh43|Tx303
chr1,4078949,Zm00001eb001340,3.0172447030203235,3.0172447030203235,0.0450283574693023,4,9,6,CML322|CML69|Il14H|Mo18W,B97|CML247|CML277|CML333|HP301|Ki11|Ki3|Ky21|M162W|NC358|Oh43|Oh7B|P39|Tx303
chr1,5896996,Zm00001eb002060,3.089173372090931,3.089173372090931,0.0457762769549841,5,8,6,CML69|Il14H|Ki11|Ki3|Ms71,B97|CML247|CML277|CML322|CML333|HP301|Ky21|M162W|Mo18W|NC358|Oh43|Oh7B|P39|Tx303
chr1,6246228,Zm00001eb002200,1.831745903607489,1.831745903607489,0.0210966603489967,14,5,0,B97|CML247|CML322|CML333|HP301|Il14H|Ki11|Ki3|Ky21|M162W|Mo18W|Ms71|Oh7B|P39,CML277|CML69|NC358|Oh43|Tx303
chr1,12270743,Zm00001eb004440,-2.237456691760147,2.237456691760147,0.0315288257270529,12,5,2,B97|CML247|CML322|CML69|Ki3|Ky21|M162W|Ms71|NC358|Oh7B|P39|Tx303,CML277|CML333|HP301|Il14H|Ki11|Mo18W|Oh43
chr1,16845468,Zm00001eb005920,3.900235613086104,3.900235613086104,0.0234529107256379,14,4,1,B97|CML247|CML277|CML322|Ki11|Ki3|Ky21|M162W|Mo18W|Ms71|NC358|Oh43|Oh7B|Tx303,CML333|CML69|HP301|Il14H|P39
chr1,17983879,Zm00001eb006410,2.2701140403215683,2.2701140403215683,0.0388109050467402,5,14,0,CML277|Ki11|Oh43|Oh7B|P39,B97|CML247|CML322|CML333|CML69|HP301|Il14H|Ki3|Ky21|M162W|Mo18W|Ms71|NC358|Tx303
chr1,19882546,Zm00001eb006880,1.6360159962413543,1.6360159962413543,0.0315767463870279,5,10,4,CML247|Mo18W|Ms71|NC358|Oh43,B97|CML277|CML322|CML333|CML69|HP301|Il14H|Ki11|Ki3|Ky21|M162W|Oh7B|P39|Tx303
chr1,30883530,Zm00001eb009870,-2.263909599998336,2.263909599998336,0.0203714572407656,6,10,3,CML69|Ki11|Ki3|Ky21|Ms71|Oh7B,B97|CML247|CML277|CML322|CML333|HP301|Il14H|M162W|Mo18W|NC358|Oh43|P39|Tx303
chr1,32844672,Zm00001eb010370,-2.252685603445886,2.252685603445886,0.0304485214356458,4,12,3,B97|CML277|Ki11|NC358|Tx303,CML247|CML322|CML333|CML69|HP301|Il14H|Ki3|Ky21|M162W|Mo18W|Ms71|Oh43|Oh7B|P39
chr1,34330835,Zm00001eb010730,1.524366505225603,1.524366505225603,0.0450283574693023,7,11,1,B97|CML247|CML277|CML322|Ki11|NC358|Oh43|Tx303,CML333|CML69|HP301|Il14H|Ki3|Ky21|M162W|Mo18W|Ms71|Oh7B|P39
chr1,34878903,Zm00001eb010900,3.0203014131688506,3.0203014131688506,0.0423031419387483,3,15,1,B97|NC358|Tx303,CML247|CML277|CML322|CML333|CML69|HP301|Il14H|Ki11|Ky21|M162W|Mo18W|Ms71|Oh43|Oh7B|P39
chr1,36186619,Zm00001eb011240,1.5296868605696086,1.5296868605696086,0.0474791629035171,7,9,3,B97|CML247|CML322|HP301|Il14H|Ky21|P39,CML277|CML333|CML69|Ki11|Ki3|M162W|Mo18W|Ms71|NC358|Oh43|Oh7B|Tx303
chr1,37980846,Zm00001eb011630,2.3673147899655183,2.3673147899655183,0.0315767463870279,8,6,5,CML247|CML277|HP301|Il14H|Mo18W|NC358|Oh43|P39|Tx303,B97|CML322|CML333|CML69|Ki11|Ki3|Ky21|M162W|Ms71|Oh7B
chr1,41377778,Zm00001eb012570,-3.1836539394163976,3.1836539394163976,0.0457762769549841,5,8,6,CML247|CML322|CML333|NC358|P39,B97|CML277|CML69|HP301|Il14H|Ki11|Ki3|Ky21|M162W|Mo18W|Ms71|Oh43|Oh7B|Tx303
chr1,42980657,Zm00001eb012950,-2.072267985348476,2.072267985348476,0.0311895358527482,7,9,3,CML247|CML322|CML69|HP301|Ki11|Ms71|Tx303,B97|CML277|CML333|Il14H|Ki3|Ky21|M162W|Mo18W|NC358|Oh43|Oh7B|P39
chr1,44344832,Zm00001eb013300,-1.6498308938673911,1.6498308938673911,0.0497278422512067,9,9,1,B97|CML333|CML69|HP301|Ki3|M162W|Mo18W|NC358|Tx303,CML247|CML277|CML322|Il14H|Ki11|Ky21|Ms71|Oh43|Oh7B|P39
chr1,48970900,Zm00001eb014600,1.7351969075308251,1.7351969075308251,0.0188111888111888,7,11,1,CML277|CML69|HP301|Il14H|Mo18W|Ms71|P39,B97|CML247|CML322|CML333|Ki11|Ki3|Ky21|M162W|NC358|Oh43|Oh7B|Tx303
chr1,57058153,Zm00001eb016330,-2.6286276750149615,2.6286276750149615,0.0234529107256379,9,8,2,CML247|CML277|CML322|CML333|CML69|Ki3|M162W|Mo18W|Ms71,B97|HP301|Il14H|Ki11|Ky21|NC358|Oh43|Oh7B|P39|Tx303
chr1,59904185,Zm00001eb016800,1.3864165469043874,1.3864165469043874,0.0353818048958713,13,4,2,B97|CML277|CML333|CML69|HP301|Ki11|Ky21|M162W|Ms71|NC358|Oh7B|P39|Tx303,CML247|CML322|Il14H|Ki3|Mo18W|Oh43
chr1,60926702,Zm00001eb017050,1.1137561866149133,1.1137561866149133,0.0450283574693023,4,9,6,M162W|Mo18W|Oh7B|Tx303,B97|CML247|CML277|CML322|CML333|CML69|HP301|Il14H|Ki11|Ki3|Ky21|Ms71|NC358|Oh43|P39
chr1,68998584,Zm00001eb019230,-4.5395507311740175,4.5395507311740175,0.0234529107256379,10,5,4,B97|CML247|CML322|CML333|HP301|Il14H|Ki3|M162W|Oh43|Tx303,CML277|CML69|Ki11|Ky21|Mo18W|Ms71|NC358|Oh7B|P39
chr1,69764971,Zm00001eb019370,2.5685487774525666,2.5685487774525666,0.0315288257270529,4,14,1,Il14H|Mo18W|Ms71|P39,B97|CML247|CML277|CML322|CML333|CML69|HP301|Ki11|Ki3|Ky21|M162W|NC358|Oh43|Oh7B|Tx303
chr1,72171126,Zm00001eb019800,-2.0850946858589463,2.0850946858589463,0.0311895358527482,8,7,4,B97|HP301|Il14H|Ki11|Ky21|Oh43|Oh7B|P39,CML247|CML277|CML322|CML333|CML69|Ki3|M162W|Mo18W|Ms71|NC358|Tx303
chr1,74030656,Zm00001eb020110,2.288149136505908,2.288149136505908,0.0310074540843771,7,6,6,CML333|Il14H|Ki3|Ms71|Oh7B|P39|Tx303,B97|CML247|CML277|CML322|CML69|HP301|Ki11|Ky21|M162W|Mo18W|NC358|Oh43
chr1,77561196,Zm00001eb020690,-4.470013059440195,4.470013059440195,0.0450283574693023,4,9,6,CML247|CML333|Ki3|Oh7B|P39|Tx303,B97|CML277|CML322|CML69|HP301|Il14H|Ki11|Ky21|M162W|Mo18W|Ms71|NC358|Oh43
chr1,83001127,Zm00001eb021800,2.653164141231232,2.653164141231232,0.0423031419387483,3,15,1,CML277|Il14H|P39,B97|CML247|CML322|CML333|CML69|HP301|Ki11|Ki3|Ky21|M162W|Mo18W|Ms71|NC358|Oh43|Oh7B|Tx303
chr1,84277355,Zm00001eb022040,2.999940321939209,2.999940321939209,0.0188111888111888,7,12,0,B97|HP301|Il14H|Ky21|M162W|Oh43|P39,CML247|CML277|CML322|CML333|CML69|Ki11|Ki3|Mo18W|Ms71|NC358|Oh7B|Tx303
chr1,86777664,Zm00001eb022580,-3.6209706774235326,3.6209706774235326,0.0423031419387483,15,3,1,B97|CML247|CML277|CML322|CML333|CML69|HP301|Il14H|Ki11|Ki3|Ky21|NC358|Oh43|P39|Tx303,M162W|Mo18W|Ms71|Oh7B
chr1,87656463,Zm00001eb022750,1.3956871185277226,1.3956871185277226,0.0428200920646902,8,11,0,CML322|CML333|HP301|Il14H|M162W|Oh43|P39|Tx303,B97|CML247|CML277|CML69|Ki11|Ki3|Ky21|Mo18W|Ms71|NC358|Oh7B
chr1,90313646,Zm00001eb023130,2.1932050567132197,2.1932050567132197,0.0313427082071922,10,9,0,B97|CML277|CML333|Ki11|Ki3|Ky21|M162W|Mo18W|Ms71|NC358,CML247|CML322|CML69|HP301|Il14H|Oh43|Oh7B|P39|Tx303
chr1,91377437,Zm00001eb023220,2.27054529992127,2.27054529992127,0.0291027284684607,9,10,0,CML333|HP301|Il14H|Ky21|Mo18W|Ms71|Oh43|Oh7B|P39,B97|CML247|CML277|CML322|CML69|Ki11|Ki3|M162W|NC358|Tx303
chr1,92292812,Zm00001eb023350,-2.1033119242741045,2.1033119242741045,0.0450283574693023,7,11,1,HP301|Il14H|Ki11|Ki3|M162W|Oh7B|P39,B97|CML247|CML277|CML322|CML333|CML69|Ky21|Mo18W|Ms71|NC358|Oh43|Tx303
chr1,97701896,Zm00001eb024120,2.302558477026654,2.302558477026654,0.0188111888111888,5,14,0,CML247|CML277|CML333|M162W|Mo18W,B97|CML322|CML69|HP301|Il14H|Ki11|Ki3|Ky21|Ms71|NC358|Oh43|Oh7B|P39|Tx303
chr1,108502297,Zm00001eb025400,-2.50297585963056,2.50297585963056,0.0203714572407656,6,10,3,B97|CML247|CML277|CML322|HP301|Oh7B,CML333|CML69|Il14H|Ki11|Ki3|Ky21|M162W|Mo18W|Ms71|NC358|Oh43|P39|Tx303
chr1,122210678,Zm00001eb026550,-4.060818333122903,4.060818333122903,0.0234529107256379,14,4,1,B97|CML247|CML277|CML333|CML69|HP301|Il14H|M162W|Mo18W|Ms71|Oh43|Oh7B|P39|Tx303,CML322|Ki11|Ki3|Ky21|NC358
chr1,126913502,Zm00001eb026930,2.116487974353716,2.116487974353716,0.0381565695967318,11,7,1,B97|CML277|CML333|CML69|HP301|Ki11|Ki3|Ms71|Oh43|Oh7B|Tx303,CML247|CML322|Il14H|Ky21|M162W|Mo18W|NC358|P39
chr1,170618556,Zm00001eb030710,3.170737524891494,3.170737524891494,0.0450283574693023,9,4,6,CML277|CML333|CML69|Il14H|Ki11|Mo18W|NC358|P39|Tx303,B97|CML247|CML322|HP301|Ki3|Ky21|M162W|Ms71|Oh43|Oh7B
chr1,177309045,Zm00001eb031670,-2.7747387468313107,2.7747387468313107,0.0310074540843771,6,7,6,CML247|CML277|Ki11|Ki3|NC358|Oh7B,CML322|CML333|CML69|Il14H|Mo18W|Ms71|Oh43|Tx303
chr1,180161163,Zm00001eb032230,1.7113240355174346,1.7113240355174346,0.0348152462305054,5,13,1,CML247|CML277|CML333|Oh43|P39,B97|CML322|CML69|HP301|Il14H|Ki11|Ki3|Ky21|M162W|Mo18W|Ms71|NC358|Oh7B|Tx303
chr1,183958880,Zm00001eb032890,2.1225593337323754,2.1225593337323754,0.0478343284411486,4,13,2,B97|CML69|Ki3|P39|Tx303,CML247|CML277|CML322|CML333|HP301|Il14H|Ki11|Ky21|M162W|Mo18W|Ms71|NC358|Oh43|Oh7B
chr1,184439096,Zm00001eb033050,3.3385292973275944,3.3385292973275944,0.0188111888111888,7,12,0,B97|CML277|CML322|CML69|M162W|Ms71|Oh7B,CML247|CML333|HP301|Il14H|Ki11|Ki3|Ky21|Mo18W|NC358|Oh43|P39|Tx303
chr1,184907626,Zm00001eb033220,-2.4420295470223596,2.4420295470223596,0.0301472339352506,4,15,0,Il14H|Ki11|Ms71|P39,B97|CML247|CML277|CML322|CML333|CML69|HP301|Ki3|Ky21|M162W|Mo18W|NC358|Oh43|Oh7B|Tx303
chr1,192290364,Zm00001eb034990,-3.154118781316213,3.154118781316213,0.0188111888111888,7,10,2,CML247|CML277|CML322|CML333|Ky21|Ms71|NC358,B97|CML69|HP301|Il14H|Ki11|Ki3|M162W|Mo18W|Oh43|Oh7B|P39|Tx303
chr1,198167984,Zm00001eb036550,3.589115459714462,3.589115459714462,0.0188111888111888,5,14,0,B97|Il14H|Oh43|Oh7B|P39,CML247|CML277|CML322|CML333|CML69|HP301|Ki11|Ki3|Ky21|M162W|Mo18W|Ms71|NC358|Tx303
chr1,199461418,Zm00001eb036910,2.11257112829817,2.11257112829817,0.025625148844963,6,12,1,CML322|CML69|Ki3|Ky21|Ms71|Tx303,B97|CML247|CML277|CML333|HP301|Il14H|Ki11|M162W|Mo18W|NC358|Oh43|Oh7B|P39
chr1,200570121,Zm00001eb037210,-2.443463835576049,2.443463835576049,0.0497278422512067,3,13,3,Il14H|Oh43|P39,CML247|CML277|CML322|CML333|CML69|Ki11|Ki3|Ky21|M162W|Mo18W|Ms71|NC358|Oh7B|Tx303
chr1,206116074,Zm00001eb038600,2.2044341204611366,2.2044341204611366,0.0207280059247336,6,13,0,CML247|CML277|CML333|Ki11|Ki3|Tx303,B97|CML322|CML69|HP301|Il14H|Ky21|M162W|Mo18W|Ms71|NC358|Oh43|Oh7B|P39
chr1,206226148,Zm00001eb038640,1.6017144404374195,1.6017144404374195,0.0440432245772803,12,7,0,CML247|CML277|CML322|CML333|Ki11|Ki3|M162W|Mo18W|NC358|Oh7B|P39|Tx303,B97|CML69|HP301|Il14H|Ky21|Ms71|Oh43
chr1,209881617,Zm00001eb039610,5.018659294750796,5.018659294750796,0.0497278422512067,13,3,3,B97|CML247|CML277|CML322|CML69|Il14H|Ki11|Ky21|M162W|Oh43|Oh7B|P39|Tx303,CML333|HP301|Ki3|Mo18W|Ms71|NC358
chr1,210024968,Zm00001eb039620,-2.8626669109014293,2.8626669109014293,0.0188111888111888,7,9,3,B97|CML333|HP301|Il14H|Ms71|Oh43|Oh7B,CML247|CML277|CML322|CML69|Ki11|Ki3|Ky21|M162W|Mo18W|NC358|P39|Tx303
chr1,219667307,Zm00001eb041750,3.2547150798762554,3.2547150798762554,0.0234529107256379,6,8,5,CML247|CML322|CML69|Ki3|M162W|Mo18W,B97|CML277|CML333|HP301|Il14H|Ki11|Ky21|Ms71|NC358|Oh43|Oh7B|P39|Tx303
chr1,220331322,Zm00001eb041880,-4.27083902359084,4.27083902359084,0.0203714572407656,6,10,3,CML247|CML322|Ki11|Ki3|Mo18W|NC358,B97|CML277|CML333|CML69|HP301|Il14H|Ky21|M162W|Ms71|Oh43|Oh7B|P39|Tx303
chr1,228006396,Zm00001eb043310,9.946821826323156,9.946821826323156,0.0304485214356458,12,4,3,CML247|CML277|CML333|CML69|Ki3|Ky21|M162W|Mo18W|Ms71|Oh43|Oh7B|Tx303,B97|CML322|HP301|Il14H|Ki11|NC358|P39
chr1,234060687,Zm00001eb044910,-2.1490725006497247,2.1490725006497247,0.0207280059247336,8,10,1,B97|CML247|CML277|CML322|Il14H|Ki11|Oh43|Oh7B,CML333|CML69|HP301|Ki3|Ky21|M162W|Mo18W|Ms71|NC358|P39|Tx303
chr1,234172152,Zm00001eb044970,2.283194705250409,2.283194705250409,0.0457762769549841,7,10,2,B97|CML247|CML277|CML322|CML69|Ki11|Ky21|M162W|NC358,CML333|HP301|Il14H|Ki3|Mo18W|Ms71|Oh43|Oh7B|P39|Tx303
chr1,241110893,Zm00001eb046750,-2.221385354874377,2.221385354874377,0.0240091484673528,5,14,0,CML247|CML69|Ky21|Mo18W|NC358,B97|CML277|CML322|CML333|HP301|Il14H|Ki11|Ki3|M162W|Ms71|Oh43|Oh7B|P39|Tx303
chr1,241539557,Zm00001eb046960,1.4931449668293355,1.4931449668293355,0.0388109050467402,15,4,0,CML247|CML277|CML322|CML69|Ki11|Ki3|Ky21|M162W|Mo18W|Ms71|NC358|Oh43|Oh7B|P39|Tx303,B97|CML333|HP301|Il14H
chr1,245361730,Zm00001eb047770,-7.1755794559533985,7.1755794559533985,0.0219377080393704,9,9,1,B97|CML247|Il14H|Ki3|Ky21|Mo18W|NC358|Oh43|Oh7B,CML277|CML322|CML333|CML69|HP301|Ki11|M162W|Ms71|P39|Tx303
chr1,248596857,Zm00001eb048390,5.293251429718321,5.293251429718321,0.0234529107256379,6,8,5,Il14H|Mo18W|Ms71|Oh43|Oh7B|P39,B97|CML247|CML277|CML322|CML333|CML69|HP301|Ki11|Ki3|Ky21|M162W|NC358|Tx303
chr1,250455723,Zm00001eb048710,-3.3080792392493015,3.3080792392493015,0.0207280059247336,5,12,2,CML277|CML333|Il14H|Ky21|P39,B97|CML247|CML322|CML69|HP301|Ki11|Ki3|M162W|Mo18W|Ms71|NC358|Oh43|Oh7B|Tx303
chr1,254679914,Zm00001eb049880,-2.0255071593635225,2.0255071593635225,0.0450283574693023,4,9,6,CML333|CML69|Ky21|M162W|Ms71|Oh7B,B97|CML247|CML277|CML322|HP301|Il14H|Ki11|Ki3|Mo18W|NC358|Oh43|P39|Tx303
chr1,254745792,Zm00001eb049920,-1.4840239648110298,1.4840239648110298,0.0388109050467402,6,12,1,CML333|Ki3|M162W|Ms71|NC358|P39,B97|CML247|CML277|CML322|CML69|HP301|Il14H|Ki11|Ky21|Mo18W|Oh43|Oh7B|Tx303
chr1,256721763,Zm00001eb050350,-2.967144294346598,2.967144294346598,0.0225486703409543,5,13,1,CML247|CML333|Ki11|Ki3|M162W,B97|CML277|CML322|CML69|HP301|Il14H|Ky21|Mo18W|Ms71|NC358|Oh43|Oh7B|P39|Tx303
chr1,263870101,Zm00001eb052110,-2.124106917694363,2.124106917694363,0.0454905595971426,6,10,3,CML247|Ms71|Oh43|Oh7B|P39|Tx303,B97|CML277|CML322|CML333|CML69|HP301|Il14H|Ki11|Ki3|Ky21|M162W|Mo18W|NC358
chr1,274494877,Zm00001eb055010,-2.350013218095232,2.350013218095232,0.0226429045486012,6,10,3,CML69|HP301|Ky21|Mo18W|Ms71|P39,B97|CML247|CML277|CML322|CML333|Il14H|Ki11|Ki3|M162W|NC358|Oh43|Oh7B|Tx303
chr1,275076946,Zm00001eb055170,-3.0545487766710915,3.0545487766710915,0.0280050917722785,6,12,1,CML322|CML69|HP301|Mo18W|Ms71|P39,B97|CML247|CML277|CML333|Il14H|Ki11|Ki3|Ky21|M162W|NC358|Oh43|Oh7B|Tx303
chr1,276650852,Zm00001eb055620,3.0840355488625844,3.0840355488625844,0.0188111888111888,9,8,2,B97|CML247|CML277|CML69|Ki3|Ky21|M162W|Mo18W|Tx303,CML322|CML333|HP301|Il14H|Ki11|Ms71|NC358|Oh43|Oh7B|P39
chr1,278826136,Zm00001eb056030,2.1339360185778684,2.1339360185778684,0.0338267581908725,8,5,6,CML247|CML277|CML333|CML69|Ki11|Ki3|Mo18W|Ms71|NC358|P39|Tx303,B97|HP301|Il14H|M162W|Oh43|Oh7B
chr1,282764868,Zm00001eb057160,-1.9297323311764496,1.9297323311764496,0.0428200920646902,11,8,0,B97|CML247|CML69|HP301|Il14H|Ki11|Mo18W|Ms71|NC358|Oh43|P39,CML277|CML322|CML333|Ki3|Ky21|M162W|Oh7B|Tx303
chr1,292328009,Zm00001eb059970,3.75243387349988,3.75243387349988,0.0388109050467402,16,3,0,B97|CML247|CML277|CML333|CML69|HP301|Il14H|Ky21|M162W|Mo18W|Ms71|NC358|Oh43|Oh7B|P39|Tx303,CML322|Ki11|Ki3
chr1,293484526,Zm00001eb060330,1.7107850348014724,1.7107850348014724,0.0412300028738384,7,6,6,CML277|CML322|CML69|HP301|Il14H|M162W|Tx303,B97|CML247|CML333|Ki11|Ki3|Ky21|Mo18W|Ms71|NC358|Oh43|Oh7B|P39
chr1,293674250,Zm00001eb060410,2.382455404355214,2.382455404355214,0.0269464077021537,4,13,2,B97|CML69|Ki11|Ms71,CML247|CML277|CML322|CML333|HP301|Il14H|Ki3|Ky21|M162W|Mo18W|NC358|Oh43|Oh7B|P39|Tx303
chr1,294630742,Zm00001eb060730,3.766490117317838,3.766490117317838,0.0207280059247336,12,5,2,B97|CML277|CML322|CML333|CML69|Il14H|Ki11|Ki3|Ky21|M162W|P39|Tx303,CML247|HP301|Mo18W|Ms71|NC358|Oh43|Oh7B
chr1,296607704,Zm00001eb061370,2.515980070847814,2.515980070847814,0.0203714572407656,6,10,3,CML247|CML69|Ki11|Mo18W|Oh43|Tx303,B97|CML277|CML322|CML333|HP301|Il14H|Ki3|Ky21|M162W|Ms71|NC358|Oh7B|P39
chr1,297171952,Zm00001eb061520,-1.69168016277512,1.69168016277512,0.0450283574693023,7,11,1,B97|CML322|CML333|Il14H|Ki11|Ky21|Ms71,CML247|CML277|CML69|HP301|Ki3|M162W|Mo18W|NC358|Oh43|Oh7B|P39|Tx303
chr1,297567154,Zm00001eb061760,-2.2616050530421106,2.2616050530421106,0.0457762769549841,10,7,2,CML247|CML333|CML69|Ki11|Ki3|Ky21|M162W|Mo18W|NC358|Tx303,B97|CML277|CML322|HP301|Il14H|Ms71|Oh43|Oh7B|P39
chr1,297821539,Zm00001eb061820,-1.8927238208995572,1.8927238208995572,0.0311749805466796,7,12,0,CML247|CML277|HP301|Ki3|Mo18W|Oh43|Tx303,B97|CML322|CML333|CML69|Il14H|Ki11|Ky21|M162W|Ms71|NC358|Oh7B|P39
chr1,297954395,Zm00001eb061860,1.9645315002438188,1.9645315002438188,0.0353818048958713,10,9,0,B97|CML277|CML333|CML69|HP301|Ky21|M162W|Mo18W|Oh7B|Tx303,CML247|CML322|Il14H|Ki11|Ki3|Ms71|NC358|Oh43|P39
chr1,298119374,Zm00001eb061940,2.011460116416276,2.011460116416276,0.0226429045486012,11,8,0,B97|CML247|CML333|HP301|Il14H|Ki11|Ky21|M162W|Mo18W|Oh43|Oh7B,CML277|CML322|CML69|Ki3|Ms71|NC358|P39|Tx303
chr1,299161158,Zm00001eb062220,-1.556245220513922,1.556245220513922,0.0315767463870279,8,8,3,CML247|CML322|CML69|Il14H|Ki3|M162W|Mo18W|Oh43,B97|CML277|CML333|HP301|Ki11|Ky21|Ms71|NC358|Oh7B|P39|Tx303
chr1,302187930,Zm00001eb063300,1.6836412220269683,1.6836412220269683,0.0203714572407656,6,10,3,CML277|CML69|Il14H|Ki11|Ki3|Ky21,B97|CML247|CML322|CML333|HP301|Mo18W|Ms71|NC358|Oh43|Oh7B|P39
chr1,306610697,Zm00001eb065000,-3.849499542569564,3.849499542569564,0.0188111888111888,7,11,1,CML322|Ki11|Ki3|M162W|Mo18W|Ms71|Oh7B,B97|CML247|CML277|CML333|CML69|HP301|Il14H|Ky21|NC358|Oh43|P39|Tx303
chr2,6413681,Zm00001eb068910,2.9487015875250875,2.9487015875250875,0.0497278422512067,3,13,3,Ki11|Ki3|Mo18W,B97|CML277|CML322|CML333|CML69|HP301|Il14H|Ky21|M162W|Ms71|Oh43|Oh7B|P39|Tx303
chr2,11570568,Zm00001eb071290,2.1910098163731746,2.1910098163731746,0.028085643230545,6,13,0,B97|CML69|M162W|Mo18W|Oh43|Oh7B,CML247|CML277|CML322|CML333|HP301|Il14H|Ki11|Ki3|Ky21|Ms71|NC358|P39|Tx303
chr2,11669559,Zm00001eb071360,2.2096785542951864,2.2096785542951864,0.0376566109050185,11,5,3,B97|CML247|CML277|CML322|CML333|CML69|Ki11|Ki3|Ky21|M162W|Mo18W|NC358|Oh7B,HP301|Il14H|Ms71|Oh43|P39|Tx303
chr2,15238401,Zm00001eb072790,2.599665427912612,2.599665427912612,0.0450283574693023,3,14,2,CML277|Ki3|P39,B97|CML247|CML322|CML333|CML69|HP301|Il14H|Ki11|Ky21|M162W|Mo18W|Ms71|NC358|Oh43|Oh7B|Tx303
chr2,18375896,Zm00001eb073810,2.74040437964149,2.74040437964149,0.0388109050467402,3,16,0,CML322|Ms71|Tx303,B97|CML247|CML277|CML333|CML69|HP301|Il14H|Ki11|Ki3|Ky21|M162W|Mo18W|NC358|Oh43|Oh7B|P39
chr2,50978303,Zm00001eb082480,-2.112619935604266,2.112619935604266,0.0234529107256379,6,8,5,CML247|CML277|CML69|Ki11|Ky21|NC358,B97|CML322|CML333|HP301|Il14H|Ki3|M162W|Mo18W|Ms71|Oh43|Oh7B|P39|Tx303
chr2,66222254,Zm00001eb084920,-2.3696942297445207,2.3696942297445207,0.0234529107256379,8,9,2,B97|CML277|CML69|Il14H|Ki3|M162W|Ms71|P39,CML247|CML322|CML333|HP301|Ki11|Ky21|Mo18W|NC358|Oh43|Oh7B|Tx303
chr2,84666680,Zm00001eb086540,5.451041171360822,5.451041171360822,0.0207280059247336,7,8,4,B97|HP301|Ky21|M162W|Ms71|NC358|Oh43,CML247|CML277|CML322|CML69|Il14H|Ki11|Mo18W|Oh7B|P39|Tx303
chr2,91262529,Zm00001eb087050,-1.7993221358770537,1.7993221358770537,0.0234529107256379,12,5,2,CML247|CML333|CML69|HP301|Ki11|Ki3|Ky21|M162W|Mo18W|Ms71|Oh7B|Tx303,B97|CML277|CML322|Il14H|NC358|Oh43|P39
chr2,115957364,Zm00001eb089390,1.929141988092667,1.929141988092667,0.0311895358527482,8,7,4,CML333|CML69|HP301|Ky21|M162W|Mo18W|Oh43|Tx303,B97|CML247|CML277|CML322|Il14H|Ki11|Ki3|Ms71|NC358|Oh7B|P39
chr2,127623788,Zm00001eb090620,2.2895812390196606,2.2895812390196606,0.0329976999744441,11,4,4,B97|CML247|CML277|CML333|HP301|Ki11|Ki3|Ky21|Mo18W|Ms71|Oh43|Oh7B,CML322|CML69|Il14H|M162W|NC358|P39|Tx303
chr2,129787929,Zm00001eb090730,-2.2002636420852406,2.2002636420852406,0.0234529107256379,5,12,2,CML69|HP301|Il14H|M162W|Ms71,B97|CML247|CML277|CML322|CML333|Ki11|Ki3|Ky21|Mo18W|NC358|Oh43|Oh7B|P39|Tx303
chr2,134943378,Zm00001eb091250,3.9303940206049,3.9303940206049,0.0188111888111888,8,8,3,B97|CML277|CML333|Ki11|Ki3|Ky21|Mo18W|Ms71|Oh43,CML247|CML322|CML69|HP301|Il14H|M162W|NC358|Oh7B|P39|Tx303
chr2,137218069,Zm00001eb091420,1.5741093788501044,1.5741093788501044,0.0498621926919096,4,15,0,HP301|Ky21|M162W|Oh43,B97|CML247|CML277|CML322|CML333|CML69|Il14H|Ki11|Ki3|Mo18W|Ms71|NC358|Oh7B|P39|Tx303
chr2,149291040,Zm00001eb092900,-3.683282732956356,3.683282732956356,0.0224509667547642,11,5,3,B97|CML333|Ki11|Ki3|Ky21|M162W|Mo18W|Ms71|NC358|Oh7B|Tx303,CML247|CML277|CML322|CML69|HP301|Il14H|Oh43|P39
chr2,150353833,Zm00001eb093120,-4.107570323715804,4.107570323715804,0.039548112582254,6,6,7,CML247|CML277|Ki11|Ki3|Oh43|P39,CML322|CML333|CML69|HP301|Ky21|Mo18W|NC358|Tx303
chr2,157709917,Zm00001eb094240,-2.7660951915360297,2.7660951915360297,0.0226429045486012,4,15,0,CML277|CML69|Oh7B|P39,B97|CML247|CML322|CML333|HP301|Il14H|Ki11|Ki3|Ky21|M162W|Mo18W|Ms71|NC358|Oh43|Tx303
chr2,159164367,Zm00001eb094480,-2.6400627341813325,2.6400627341813325,0.0234529107256379,6,11,2,CML247|CML277|CML333|Il14H|M162W|Ms71,B97|CML322|CML69|HP301|Ki11|Ki3|Ky21|Mo18W|NC358|Oh43|Oh7B|P39|Tx303
chr2,159636350,Zm00001eb094520,-1.8043074544860256,1.8043074544860256,0.0203714572407656,12,6,1,CML247|CML277|CML333|CML69|Il14H|Ki11|Ki3|M162W|Mo18W|Ms71|NC358|P39,B97|CML322|HP301|Ky21|Oh43|Oh7B|Tx303
chr2,160906572,Zm00001eb094610,1.9148125674673215,1.9148125674673215,0.0242290804008156,7,9,3,CML247|Il14H|Ki3|M162W|Mo18W|Oh43|P39,B97|CML277|CML322|CML333|CML69|HP301|Ki11|Ky21|Ms71|NC358|Oh7B|Tx303
chr2,165512139,Zm00001eb095350,1.7922653212566346,1.7922653212566346,0.039548112582254,6,13,0,B97|CML247|HP301|Ms71|Oh43|Oh7B,CML277|CML322|CML333|CML69|Il14H|Ki11|Ki3|Ky21|M162W|Mo18W|NC358|P39|Tx303
chr2,179202379,Zm00001eb097990,3.416799706097878,3.416799706097878,0.0224509667547642,11,5,3,CML322|CML333|CML69|Ki11|Ki3|Mo18W|Ms71|NC358|Oh43|Oh7B|Tx303,B97|CML247|CML277|HP301|Il14H|Ky21|M162W|P39
chr2,184394540,Zm00001eb099240,-2.3588175467836083,2.3588175467836083,0.0190825576505044,11,8,0,B97|CML247|CML277|CML322|CML333|HP301|Ki11|Mo18W|Ms71|Oh43|Tx303,CML69|Il14H|Ki3|Ky21|M162W|NC358|Oh7B|P39
chr2,187908036,Zm00001eb099850,1.5555304707154634,1.5555304707154634,0.0370781896470527,7,12,0,B97|CML333|CML69|HP301|Ky21|Oh43|Tx303,CML247|CML277|CML322|Il14H|Ki11|Ki3|M162W|Mo18W|Ms71|NC358|Oh7B|P39
chr2,188343833,Zm00001eb099930,-2.043435168426184,2.043435168426184,0.0392961004179572,7,9,3,B97|CML247|HP301|Il14H|Ki3|Oh43|P39,CML277|CML322|CML333|CML69|Ki11|Ky21|M162W|Mo18W|Ms71|NC358|Oh7B|Tx303
chr2,189051241,Zm00001eb100140,-1.9935988145958217,1.9935988145958217,0.0325252403119521,13,6,0,B97|CML247|CML322|CML69|Il14H|Ki11|Ky21|M162W|Mo18W|Ms71|Oh43|Oh7B|P39,CML277|CML333|HP301|Ki3|NC358|Tx303
chr2,195309375,Zm00001eb101980,2.0274421820994974,2.0274421820994974,0.0234529107256379,8,8,3,CML247|CML277|CML333|CML69|Ki3|Ky21|M162W|Tx303,B97|CML322|HP301|Il14H|Ki11|Mo18W|Ms71|NC358|Oh43|Oh7B|P39
chr2,197316674,Zm00001eb102250,2.374165845346326,2.374165845346326,0.0387748524021069,9,9,1,B97|CML247|CML322|CML69|HP301|Ki11|Mo18W|Ms71|Oh43|Tx303,CML277|CML333|Il14H|Ki3|Ky21|M162W|NC358|Oh7B|P39
chr2,199471918,Zm00001eb102770,-3.72460756663395,3.72460756663395,0.0423031419387483,15,3,1,B97|CML277|CML322|CML333|CML69|HP301|Ki11|Ki3|Ky21|M162W|Mo18W|Ms71|Oh43|Oh7B|Tx303,CML247|Il14H|NC358|P39
chr2,201176114,Zm00001eb103260,-2.321060806569264,2.321060806569264,0.0234529107256379,8,7,4,CML277|CML333|Il14H|Ki11|Ms71|Oh43|Oh7B|Tx303,B97|CML247|CML322|CML69|HP301|Ki3|Ky21|M162W|Mo18W|NC358|P39
chr2,203976292,Zm00001eb104260,-3.1423662585172822,3.1423662585172822,0.0203714572407656,7,10,2,CML277|HP301|Il14H|Ki3|M162W|Oh43|P39,B97|CML247|CML322|CML333|CML69|Ki11|Ky21|Mo18W|Ms71|NC358|Oh7B|Tx303
chr2,204129280,Zm00001eb104300,-2.0729768128253014,2.0729768128253014,0.0474791629035171,9,7,3,CML247|CML322|CML333|Ki11|Ki3|M162W|Ms71|NC358|Tx303,CML277|CML69|HP301|Il14H|Ky21|Mo18W|Oh43|Oh7B|P39
chr2,205427329,Zm00001eb104810,3.306003782257017,3.306003782257017,0.0188111888111888,11,8,0,B97|CML333|HP301|Il14H|Ki11|M162W|Mo18W|Ms71|Oh43|Oh7B|P39,CML247|CML277|CML322|CML69|Ki3|Ky21|NC358|Tx303
chr2,208547792,Zm00001eb105590,-3.1140159289396037,3.1140159289396037,0.0224509667547642,11,5,3,B97|CML247|CML277|CML322|CML333|CML69|Il14H|Mo18W|NC358|Oh7B|P39,HP301|Ki11|Ki3|Ky21|M162W|Ms71|Oh43|Tx303
chr2,208963532,Zm00001eb105750,3.984082892776928,3.984082892776928,0.0388109050467402,3,16,0,HP301|Il14H|P39,B97|CML247|CML277|CML322|CML333|CML69|Ki11|Ki3|Ky21|M162W|Mo18W|Ms71|NC358|Oh43|Oh7B|Tx303
chr2,210156220,Zm00001eb106100,2.2421915352182813,2.2421915352182813,0.0370781896470527,7,12,0,B97|CML247|CML322|CML333|HP301|Ki11|Ki3,CML277|CML69|Il14H|Ky21|M162W|Mo18W|Ms71|NC358|Oh43|Oh7B|P39|Tx303
chr2,210259382,Zm00001eb106160,1.6798491547575147,1.6798491547575147,0.0450283574693023,5,13,1,CML247|HP301|Il14H|M162W|P39,B97|CML277|CML322|CML333|CML69|Ki11|Ki3|Ky21|Mo18W|Ms71|NC358|Oh43|Oh7B|Tx303
chr2,210450109,Zm00001eb106240,-0.774454218968955,0.774454218968955,0.0423031419387483,3,15,1,CML247|Il14H|P39,B97|CML277|CML322|CML333|CML69|HP301|Ki11|Ki3|Ky21|M162W|Mo18W|Ms71|NC358|Oh43|Oh7B|Tx303
chr2,210507799,Zm00001eb106250,1.8393724624089127,1.8393724624089127,0.0498621926919096,15,4,0,B97|CML247|CML322|CML333|CML69|HP301|Il14H|Ki11|Ki3|Mo18W|NC358|Oh43|Oh7B|P39|Tx303,CML277|Ky21|M162W|Ms71
chr2,213303119,Zm00001eb107400,1.7135357031632072,1.7135357031632072,0.039548112582254,8,7,4,B97|CML247|HP301|Il14H|Ki11|M162W|Mo18W|NC358,CML277|CML322|CML333|CML69|Ki3|Ky21|Ms71|Oh43|Oh7B|P39|Tx303
chr2,216082865,Zm00001eb108390,3.0303187230202746,3.0303187230202746,0.0224509667547642,5,11,3,B97|Il14H|Ky21|M162W|Tx303,CML247|CML277|CML322|CML333|CML69|Ki11|Ki3|Ms71|NC358|Oh7B|P39
chr2,218577186,Zm00001eb109520,3.0542274549644044,3.0542274549644044,0.0207280059247336,9,10,0,CML247|Ki11|Ki3|M162W|Ms71|NC358|Oh43|Oh7B|Tx303,B97|CML277|CML322|CML333|CML69|HP301|Il14H|Ky21|Mo18W|P39
chr2,219207006,Zm00001eb109710,-2.3621668479860167,2.3621668479860167,0.0467798968175757,5,11,3,B97|CML322|HP301|Ky21|M162W,CML247|CML277|CML333|CML69|Il14H|Ki11|Ki3|Mo18W|Ms71|NC358|Oh43|Oh7B|P39|Tx303
chr2,219308618,Zm00001eb109770,-4.723984419407953,4.723984419407953,0.0224509667547642,5,11,3,HP301|Il14H|Ki11|M162W|Oh43,B97|CML247|CML277|CML322|CML333|CML69|Ki3|Ky21|Mo18W|Ms71|NC358|Oh7B|P39|Tx303
chr2,219948998,Zm00001eb110020,-2.196394333079513,2.196394333079513,0.0311749805466796,11,7,1,B97|CML247|CML322|CML333|CML69|Il14H|Ki11|Ki3|Ky21|Mo18W|Tx303,CML277|HP301|M162W|Ms71|NC358|Oh43|Oh7B|P39
chr2,221893832,Zm00001eb110760,-1.8964085092470744,1.8964085092470744,0.0234529107256379,4,14,1,B97|Ki11|Ki3|Oh7B,CML247|CML277|CML322|CML333|CML69|HP301|Il14H|Ky21|M162W|Mo18W|Ms71|NC358|Oh43|P39|Tx303
chr2,227252089,Zm00001eb112590,-1.7042008650994074,1.7042008650994074,0.0423031419387483,9,8,2,CML277|CML333|CML69|Ki11|M162W|Mo18W|NC358|Oh7B|P39|Tx303,B97|CML247|HP301|Il14H|Ki3|Ky21|Ms71|Oh43
chr2,229264642,Zm00001eb113090,3.226892876942958,3.226892876942958,0.0388109050467402,3,16,0,B97|CML277|Ms71,CML247|CML322|CML333|CML69|HP301|Il14H|Ki11|Ki3|Ky21|M162W|Mo18W|NC358|Oh43|Oh7B|P39|Tx303
chr2,231733039,Zm00001eb113950,2.4276087436468217,2.4276087436468217,0.0497278422512067,3,13,3,Ky21|M162W|Oh43,B97|CML247|CML277|CML322|CML333|CML69|HP301|Il14H|Ki11|Ki3|Mo18W|Ms71|NC358|Oh7B|P39|Tx303
chr2,231974874,Zm00001eb114030,2.9034353041982452,2.9034353041982452,0.0234529107256379,4,14,1,CML277|CML322|Il14H|Ki11|Ki3,B97|CML247|CML333|CML69|HP301|Ky21|M162W|Mo18W|Ms71|NC358|Oh43|Oh7B|P39|Tx303
chr2,240761302,Zm00001eb117470,1.933356301671669,1.933356301671669,0.0370781896470527,7,12,0,CML247|CML322|CML333|CML69|Ki3|Ky21|Mo18W,B97|CML277|HP301|Il14H|Ki11|M162W|Ms71|NC358|Oh43|Oh7B|P39|Tx303
chr2,241868493,Zm00001eb117970,-2.2725010919480866,2.2725010919480866,0.0234529107256379,5,12,2,CML322|Il14H|M162W|NC358|Tx303,B97|CML247|CML277|CML333|CML69|HP301|Ki11|Ki3|Ky21|Mo18W|Ms71|Oh43|Oh7B|P39
chr3,1394090,Zm00001eb118790,2.2539416957231064,2.2539416957231064,0.0412300028738384,6,7,6,CML277|CML69|HP301|Il14H|Oh7B|P39,B97|CML247|CML322|CML333|Ki11|Ki3|Ky21|M162W|Mo18W|Ms71|NC358|Oh43|Tx303
chr3,2105164,Zm00001eb119270,-2.135287702759879,2.135287702759879,0.0353818048958713,4,13,2,Ki11|M162W|Mo18W|Oh43,B97|CML247|CML322|CML333|CML69|HP301|Il14H|Ki3|Ky21|Ms71|NC358|Oh7B|P39|Tx303
chr3,4403930,Zm00001eb120360,3.413018641119319,3.413018641119319,0.0474791629035171,9,5,5,B97|CML247|CML277|CML322|Ki3|M162W|Mo18W|NC358|Oh7B,CML333|CML69|HP301|Il14H|Ki11|Ky21|Ms71|Oh43|P39|Tx303
chr3,5797323,Zm00001eb121000,1.5710459829429757,1.5710459829429757,0.0370781896470527,12,7,0,B97|CML277|CML333|CML69|HP301|Il14H|Ki11|Ki3|M162W|Mo18W|P39|Tx303,CML247|CML322|Ky21|Ms71|NC358|Oh43|Oh7B
chr3,8139290,Zm00001eb121590,-1.744482690570362,1.744482690570362,0.0450283574693023,9,10,0,B97|CML322|CML69|HP301|Ky21|M162W|Ms71|Oh43|Oh7B,CML247|CML277|CML333|Il14H|Ki11|Ki3|Mo18W|NC358|P39|Tx303
chr3,8816775,Zm00001eb121890,-2.2326596187640484,2.2326596187640484,0.0287459703991308,5,11,3,CML247|CML322|CML333|Ki3|M162W,B97|CML277|CML69|HP301|Il14H|Ki11|Ky21|Mo18W|Ms71|NC358|Oh43|Oh7B|P39|Tx303
chr3,8920662,Zm00001eb122000,2.492254597951363,2.492254597951363,0.0498621926919096,4,15,0,Il14H|Ki3|Oh7B|P39,B97|CML247|CML277|CML322|CML333|CML69|HP301|Ki11|Ky21|M162W|Mo18W|Ms71|NC358|Oh43|Tx303
chr3,9277928,Zm00001eb122170,-1.6246188408538758,1.6246188408538758,0.0315288257270529,4,14,1,CML333|HP301|Ki3|Ms71,B97|CML247|CML277|CML322|CML69|Il14H|Ki11|Ky21|M162W|Mo18W|NC358|Oh43|Oh7B|P39|Tx303
chr3,9385012,Zm00001eb122200,1.8618692704715207,1.8618692704715207,0.0457762769549841,8,10,1,CML277|CML69|Ki11|Ki3|M162W|Mo18W|NC358|Oh7B,B97|CML247|CML322|CML333|HP301|Il14H|Ky21|Ms71|Oh43|P39|Tx303
chr3,10164283,Zm00001eb122460,1.6020125619309538,1.6020125619309538,0.0388109050467402,8,10,1,B97|CML322|CML333|Il14H|Ki11|Ky21|Mo18W|Oh43,CML247|CML277|CML69|HP301|Ki3|M162W|Ms71|NC358|Oh7B|P39|Tx303
chr3,12504511,Zm00001eb122970,-2.7552397663550363,2.7552397663550363,0.0315767463870279,5,10,4,CML277|CML333|CML69|Ky21|Mo18W|NC358,B97|CML247|CML322|HP301|Il14H|Ki11|Ki3|M162W|Ms71|Oh43|Oh7B|P39|Tx303
chr3,13885162,Zm00001eb123370,-5.053987026020242,5.053987026020242,0.0387748524021069,4,10,5,B97|Ky21|M162W|Ms71|Oh43,CML247|CML277|CML322|CML333|CML69|HP301|Il14H|Ki11|Mo18W|NC358|Oh7B|P39|Tx303
chr3,16582531,Zm00001eb124070,-3.3949988028314917,3.3949988028314917,0.0234529107256379,5,10,4,Ki11|Ki3|Mo18W|NC358|Tx303,B97|CML247|CML277|CML322|CML333|CML69|HP301|Il14H|Ky21|M162W|Ms71|Oh43|Oh7B|P39
chr3,19793856,Zm00001eb124780,-6.626307350143475,6.626307350143475,0.0450283574693023,4,9,6,CML277|CML333|CML69|Ky21|Tx303,B97|CML247|HP301|Il14H|Ki11|M162W|Mo18W|Oh43|Oh7B
chr3,23440020,Zm00001eb125470,2.5685126941439624,2.5685126941439624,0.0294052452107163,9,5,5,B97|CML333|CML69|HP301|Ki3|Ky21|Ms71|Oh43|Oh7B|P39|Tx303,CML247|CML277|CML322|Il14H|Ki11|M162W|Mo18W|NC358
chr3,24544548,Zm00001eb125670,-2.153081217691684,2.153081217691684,0.0338267581908725,5,8,6,B97|CML322|HP301|Il14H|P39,CML247|CML277|CML333|CML69|Ki11|Ki3|Ky21|M162W|Mo18W|Ms71|NC358|Oh43|Oh7B|Tx303
chr3,28739489,Zm00001eb126330,2.5423300346672986,2.5423300346672986,0.0225486703409543,5,13,1,CML322|HP301|Ki3|NC358|P39,B97|CML247|CML277|CML333|CML69|Il14H|Ki11|Ky21|M162W|Mo18W|Ms71|Oh43|Oh7B|Tx303
chr3,30093262,Zm00001eb126650,-2.613780193933824,2.613780193933824,0.039548112582254,6,6,7,CML247|CML277|HP301|Ki3|M162W|Tx303,B97|CML322|CML333|CML69|Il14H|Ki11|Ky21|Mo18W|Ms71|NC358|Oh43|Oh7B|P39
chr3,37290665,Zm00001eb127860,1.6422511574694476,1.6422511574694476,0.0353818048958713,10,9,0,CML247|CML322|CML333|HP301|Ki11|Ki3|Ky21|Mo18W|NC358|Tx303,B97|CML277|CML69|Il14H|M162W|Ms71|Oh43|Oh7B|P39
chr3,48267116,Zm00001eb129370,-1.9990235414204056,1.9990235414204056,0.0269464077021537,4,13,2,B97|CML322|Ky21|Oh43,CML247|CML277|CML333|CML69|Ki11|Ki3|M162W|Mo18W|Ms71|NC358|Oh7B|P39|Tx303
chr3,49482162,Zm00001eb129580,-3.570384747350408,3.570384747350408,0.0188111888111888,7,10,2,B97|CML277|CML69|HP301|Ki11|Ki3|Ky21|Oh43,CML247|CML322|CML333|Il14H|M162W|Mo18W|Ms71|NC358|Oh7B|P39|Tx303
chr3,68382243,Zm00001eb131690,2.46461909420489,2.46461909420489,0.0467798968175757,5,11,3,CML333|CML69|HP301|Oh43|P39,B97|CML247|CML277|CML322|Il14H|Ki11|Ki3|Ky21|M162W|Mo18W|Ms71|NC358|Oh7B|Tx303
chr3,70286034,Zm00001eb131860,2.648928550238483,2.648928550238483,0.0376566109050185,5,11,3,CML277|CML333|CML69|HP301|Ki11,B97|CML247|CML322|Il14H|Ki3|Ky21|M162W|Mo18W|Ms71|NC358|Oh43|Oh7B|P39|Tx303
chr3,107858865,Zm00001eb134200,4.492995826850416,4.492995826850416,0.0387748524021069,10,4,5,CML277|CML322|CML333|Mo18W|Ms71|NC358|Oh43|Oh7B|P39|Tx303,B97|HP301|Il14H|Ki3|Ky21|M162W
chr3,120935326,Zm00001eb135710,-4.5840249634856125,4.5840249634856125,0.0450283574693023,9,4,6,CML247|CML333|CML69|Ki3|M162W|Mo18W|Ms71|NC358|Tx303,B97|CML277|CML322|HP301|Il14H|Ki11|Ky21|Oh43|Oh7B|P39
chr3,127174606,Zm00001eb136350,2.18591599474495,2.18591599474495,0.0311895358527482,10,7,2,CML322|CML333|CML69|Il14H|M162W|Mo18W|NC358|Oh43|Oh7B|Tx303,B97|CML247|CML277|HP301|Ki11|Ki3|Ky21|Ms71|P39
chr3,133837428,Zm00001eb137500,-2.4802241689362075,2.4802241689362075,0.0207611510926322,8,9,2,CML322|CML333|Ki3|Ky21|Mo18W|Ms71|NC358|Tx303,B97|CML247|CML277|CML69|HP301|Il14H|Ki11|M162W|Oh43|Oh7B|P39
chr3,137811367,Zm00001eb138290,-2.2529353490446553,2.2529353490446553,0.0353818048958713,4,13,2,Il14H|Oh43|Oh7B|P39,B97|CML247|CML277|CML322|CML333|CML69|HP301|Ki11|Ki3|Ky21|M162W|Mo18W|Ms71|NC358|Tx303
chr3,137930351,Zm00001eb138300,2.1895306784654274,2.1895306784654274,0.0450283574693023,9,4,6,CML277|CML322|HP301|Ki11|Ki3|Ky21|M162W|Mo18W|NC358|Tx303,B97|CML247|CML333|CML69|Il14H|Ms71|Oh43|Oh7B|P39
chr3,144023725,Zm00001eb139410,2.698116925762295,2.698116925762295,0.0304485214356458,12,4,3,B97|CML247|CML322|HP301|Il14H|Ki11|Ky21|M162W|NC358|Oh43|P39|Tx303,CML277|CML333|CML69|Ki3|Mo18W|Ms71|Oh7B
chr3,144772101,Zm00001eb139520,2.142356257271965,2.142356257271965,0.0269464077021537,4,13,2,B97|HP301|Oh43|Tx303,CML247|CML277|CML322|CML333|CML69|Il14H|Ki11|Ki3|Ky21|M162W|Mo18W|Ms71|NC358|Oh7B|P39
chr3,145520648,Zm00001eb139660,3.9622906001192386,3.9622906001192386,0.0210966603489967,5,14,0,B97|CML277|Ki11|Ki3|Mo18W,CML247|CML322|CML333|CML69|HP301|Il14H|Ky21|M162W|Ms71|NC358|Oh43|Oh7B|P39|Tx303
chr3,147103568,Zm00001eb139920,3.0395723230038407,3.0395723230038407,0.0210966603489967,5,14,0,B97|Il14H|Ky21|NC358|P39,CML247|CML277|CML322|CML333|CML69|HP301|Ki11|Ki3|M162W|Mo18W|Ms71|Oh43|Oh7B|Tx303
chr3,148503239,Zm00001eb140330,-2.4660033014890264,2.4660033014890264,0.0294052452107163,10,6,3,B97|CML322|CML333|CML69|HP301|Ki11|Ki3|NC358|P39|Tx303,CML247|CML277|Il14H|Ky21|M162W|Mo18W|Ms71|Oh43|Oh7B
chr3,148810719,Zm00001eb140420,-3.089985574795782,3.089985574795782,0.0423031419387483,3,15,1,CML333|Il14H|Oh43,B97|CML247|CML277|CML322|CML69|HP301|Ki11|Ki3|Ky21|M162W|Mo18W|Ms71|NC358|Oh7B|P39|Tx303
chr3,150304881,Zm00001eb140720,3.1652220350904807,3.1652220350904807,0.0226429045486012,9,10,0,B97|CML322|HP301|Il14H|Ki11|Ki3|Ms71|Oh7B|P39,CML247|CML277|CML333|CML69|Ky21|M162W|Mo18W|NC358|Oh43|Tx303
chr3,160577721,Zm00001eb142940,1.996247966587519,1.996247966587519,0.0423031419387483,8,9,2,B97|CML322|HP301|Ky21|Ms71|Oh43|Oh7B|P39,CML247|CML277|CML333|CML69|Il14H|Ki11|Ki3|M162W|Mo18W|NC358|Tx303
chr3,161861731,Zm00001eb143140,4.868431744459166,4.868431744459166,0.0450283574693023,9,4,6,CML277|CML333|CML69|HP301|Ki11|Ki3|Ky21|M162W|Oh43|Tx303,B97|CML247|CML322|Il14H|Mo18W|Ms71|NC358|Oh7B|P39
chr3,163555665,Zm00001eb143370,-5.44944864441484,5.44944864441484,0.039548112582254,6,6,7,B97|CML247|Il14H|Ki11|Oh43|Tx303,CML277|CML322|CML333|CML69|HP301|Ki3|Ky21|M162W|Mo18W|Ms71|NC358|Oh7B|P39
chr3,163930045,Zm00001eb143460,2.8587039833583954,2.8587039833583954,0.0188111888111888,6,11,2,B97|CML322|Ki11|Ms71|NC358|Oh7B,CML247|CML277|CML333|CML69|HP301|Il14H|Ki3|Ky21|M162W|Mo18W|Oh43|P39|Tx303
chr3,170915078,Zm00001eb144360,3.0999196988574975,3.0999196988574975,0.0450283574693023,3,14,2,B97|CML247|CML333,CML277|CML322|CML69|HP301|Il14H|Ki11|Ki3|Ky21|M162W|Mo18W|Ms71|NC358|Oh43|Oh7B|P39|Tx303
chr3,171120618,Zm00001eb144450,-2.5403550348152293,2.5403550348152293,0.0234529107256379,5,10,4,CML322|M162W|Ms71|Oh43|Oh7B,B97|CML333|CML69|HP301|Il14H|Ki3|Ky21|NC358|P39|Tx303
chr3,172182737,Zm00001eb144650,2.719783098047161,2.719783098047161,0.0224509667547642,5,11,3,CML247|CML322|CML69|Ky21|Ms71|Oh7B,B97|CML277|CML333|HP301|Il14H|Ki11|Ki3|M162W|Mo18W|NC358|Oh43|P39|Tx303
chr3,172976940,Zm00001eb144840,1.6177074130778542,1.6177074130778542,0.0219377080393704,9,6,4,CML247|CML277|CML333|CML69|HP301|Il14H|Ki11|Ki3|Tx303,Ky21|M162W|Mo18W|Ms71|NC358|Oh43|Oh7B|P39
chr3,173688086,Zm00001eb145100,1.5930707008182463,1.5930707008182463,0.0498621926919096,11,8,0,B97|CML247|CML277|HP301|Il14H|Ky21|M162W|Ms71|Oh43|Oh7B|P39,CML322|CML333|CML69|Ki11|Ki3|Mo18W|NC358|Tx303
chr3,183850314,Zm00001eb147750,1.3081921082906085,1.3081921082906085,0.0381565695967318,7,11,1,CML277|CML333|CML69|Ki11|Ki3|M162W|Oh7B,B97|CML247|CML322|HP301|Il14H|Ky21|Mo18W|Ms71|NC358|Oh43|P39|Tx303
chr3,185093979,Zm00001eb148130,2.0891111623814975,2.0891111623814975,0.0304485214356458,12,4,3,B97|CML333|CML69|Ki11|Ki3|Ky21|M162W|Mo18W|Ms71|NC358|Oh7B|P39,CML247|CML277|CML322|HP301|Il14H|Oh43|Tx303
chr3,186809419,Zm00001eb148640,-2.2057095350318794,2.2057095350318794,0.0450283574693023,8,8,3,B97|CML277|HP301|Il14H|Ki11|Ki3|Mo18W|Ms71,CML247|CML333|CML69|Ky21|M162W|NC358|Oh43|Oh7B|P39|Tx303
chr3,187164382,Zm00001eb148780,-1.530576759378904,1.530576759378904,0.0469889514825974,5,14,0,B97|Il14H|M162W|Ms71|Oh43,CML247|CML277|CML322|CML333|CML69|HP301|Ki11|Ki3|Ky21|Mo18W|NC358|Oh7B|P39|Tx303
chr3,190837124,Zm00001eb149700,-2.016873673081728,2.016873673081728,0.0207280059247336,8,7,4,B97|CML247|CML277|CML333|HP301|Mo18W|Ms71|Tx303,CML322|CML69|Il14H|Ki11|Ki3|Ky21|M162W|NC358|Oh43|Oh7B|P39
chr3,191468075,Zm00001eb149900,1.7551391449030909,1.7551391449030909,0.0468443117268101,6,12,1,CML69|HP301|Ky21|Mo18W|Ms71|P39,B97|CML247|CML277|CML322|CML333|Il14H|Ki11|Ki3|M162W|NC358|Oh43|Oh7B|Tx303
chr3,192787595,Zm00001eb150550,0.99628196713376,0.99628196713376,0.0376566109050185,11,5,3,CML247|CML277|CML322|HP301|Il14H|Ky21|M162W|NC358|Oh43|Oh7B|P39|Tx303,B97|CML333|CML69|Ki11|Ki3|Mo18W|Ms71
chr3,194401490,Zm00001eb150960,-6.626846311236884,6.626846311236884,0.0207280059247336,5,12,2,CML277|CML333|CML69|Oh43|Oh7B,B97|CML247|CML322|HP301|Il14H|Ki11|Ki3|Ky21|M162W|Mo18W|Ms71|NC358|P39|Tx303
chr3,199104117,Zm00001eb152080,2.7188418479420946,2.7188418479420946,0.0315767463870279,10,5,4,CML247|CML277|CML69|HP301|Ki11|Ki3|Ky21|M162W|NC358|Oh7B,B97|CML322|CML333|Il14H|Mo18W|Ms71|Oh43|P39|Tx303
chr3,203944342,Zm00001eb153500,-4.407908919107358,4.407908919107358,0.0188111888111888,11,7,1,CML247|CML322|CML333|Il14H|Ki11|Ki3|Ky21|Mo18W|NC358|P39|Tx303,B97|CML277|CML69|HP301|M162W|Ms71|Oh7B
chr3,205007922,Zm00001eb153830,1.9320962088902591,1.9320962088902591,0.0450283574693023,5,13,1,B97|Il14H|M162W|Ms71|Oh43,CML247|CML277|CML322|CML333|CML69|HP301|Ki11|Ki3|Ky21|Mo18W|NC358|Oh7B|P39|Tx303
chr3,209926939,Zm00001eb155350,-1.861742683775256,1.861742683775256,0.0381565695967318,11,7,1,B97|CML247|CML333|CML69|Ki11|Ki3|Mo18W|Ms71|NC358|Oh43|Tx303,CML277|CML322|HP301|Il14H|Ky21|M162W|Oh7B|P39
chr3,213069872,Zm00001eb156460,2.599210689514044,2.599210689514044,0.0450283574693023,9,4,6,CML247|CML277|CML322|HP301|Ki11|Ki3|Ky21|NC358|P39,B97|CML333|CML69|Il14H|M162W|Mo18W|Ms71|Oh43|Oh7B|Tx303
chr3,213192022,Zm00001eb156500,14.427226648287652,14.427226648287652,0.0219377080393704,6,9,4,CML247|CML277|HP301|Mo18W|P39|Tx303,B97|CML322|CML333|CML69|Il14H|Ki11|Ki3|Ky21|M162W|Ms71|NC358|Oh43|Oh7B
chr3,214206618,Zm00001eb156710,-4.168348144184937,4.168348144184937,0.0388109050467402,3,16,0,CML69|Mo18W|Oh43,B97|CML247|CML277|CML322|CML333|HP301|Il14H|Ki11|Ki3|Ky21|M162W|Ms71|NC358|Oh7B|P39|Tx303
chr3,217637108,Zm00001eb157820,-2.7854375855586,2.7854375855586,0.0388109050467402,4,15,0,CML247|HP301|Il14H|P39,B97|CML277|CML322|CML333|CML69|Ki11|Ki3|Ky21|M162W|Mo18W|Ms71|NC358|Oh43|Oh7B|Tx303
chr3,219845503,Zm00001eb158370,-0.7908584744590792,0.7908584744590792,0.0338267581908725,5,8,6,HP301|Il14H|Ki11|Oh7B|P39,B97|CML322|CML333|Ky21|M162W|Mo18W|NC358|Oh43|Tx303
chr3,220152206,Zm00001eb158500,-2.063671916088679,2.063671916088679,0.0388109050467402,3,16,0,Il14H|Oh7B|P39,B97|CML247|CML277|CML322|CML333|CML69|HP301|Ki11|Ki3|Ky21|M162W|Mo18W|Ms71|NC358|Oh43|Tx303
chr3,221941447,Zm00001eb159080,-1.996860070827555,1.996860070827555,0.0203714572407656,12,6,1,B97|CML247|CML277|CML322|CML333|CML69|Il14H|Ki11|Ki3|Mo18W|NC358|P39,HP301|Ky21|M162W|Ms71|Oh43|Oh7B|Tx303
chr3,231271693,Zm00001eb162130,1.9819117322033593,1.9819117322033593,0.0304485214356458,9,9,1,CML247|CML277|CML322|CML333|CML69|HP301|Ky21|Ms71|Oh7B,B97|Il14H|Ki11|Ki3|M162W|Mo18W|NC358|Oh43|P39|Tx303
chr3,233212650,Zm00001eb162710,2.2204319656711395,2.2204319656711395,0.0301472339352506,4,15,0,CML322|CML333|Ky21|M162W,B97|CML247|CML277|CML69|HP301|Il14H|Ki11|Ki3|Mo18W|Ms71|NC358|Oh43|Oh7B|P39|Tx303
chr3,234870111,Zm00001eb163100,2.4322249176079063,2.4322249176079063,0.0234529107256379,14,4,1,CML247|CML322|CML333|CML69|HP301|Il14H|Ki11|Ki3|M162W|Ms71|NC358|Oh7B|P39|Tx303,B97|CML277|Ky21|Mo18W|Oh43
chr3,235166050,Zm00001eb163210,4.823322684804878,4.823322684804878,0.0269464077021537,4,13,2,B97|CML247|Mo18W|P39,CML277|CML322|CML333|CML69|HP301|Il14H|Ki11|Ki3|Ky21|M162W|Ms71|NC358|Oh43|Oh7B|Tx303
chr3,235713991,Zm00001eb163480,2.23081181371385,2.23081181371385,0.0242290804008156,7,9,3,CML322|CML333|HP301|Ki3|Ky21|Mo18W|Oh43|Oh7B|P39,B97|CML247|CML277|CML69|Il14H|Ki11|M162W|Ms71|NC358|Tx303
chr3,236259214,Zm00001eb163710,2.4384996737793427,2.4384996737793427,0.0207611510926322,9,8,2,B97|CML69|Ki11|M162W|Mo18W|Ms71|NC358|Oh43|Oh7B,CML247|CML277|CML322|CML333|HP301|Il14H|Ki3|Ky21|P39|Tx303
chr3,236418050,Zm00001eb163800,2.9349588111317213,2.9349588111317213,0.0207280059247336,13,6,0,CML247|CML277|CML322|CML333|CML69|HP301|Il14H|Ki3|Ky21|M162W|Mo18W|Ms71|Oh7B,B97|Ki11|NC358|Oh43|P39|Tx303
chr4,2047841,Zm00001eb164790,2.315942755895786,2.315942755895786,0.0428200920646902,7,5,7,B97|CML322|CML333|M162W|Ms71|Oh43|P39,CML277|Il14H|Ki11|Ky21|Mo18W|Tx303
chr4,18974773,Zm00001eb169350,3.932742361674885,3.932742361674885,0.0310074540843771,7,6,6,CML277|CML333|HP301|Il14H|Ki3|M162W|Oh43,CML322|Ki11|Ky21|Mo18W|NC358|Oh7B|P39
chr4,22255547,Zm00001eb169970,-5.027131847221161,5.027131847221161,0.0234529107256379,14,4,1,B97|CML277|CML322|CML69|HP301|Il14H|M162W|Mo18W|Ms71|NC358|Oh43|Oh7B|P39|Tx303,CML247|CML333|Ki11|Ki3|Ky21
chr4,22444656,Zm00001eb169990,6.817995601954361,6.817995601954361,0.0450283574693023,14,3,2,B97|CML277|CML69|HP301|Il14H|Ky21|M162W|Mo18W|Ms71|NC358|Oh43|Oh7B|P39|Tx303,CML247|CML333|Ki11|Ki3
chr4,28342592,Zm00001eb171030,-1.972462297927824,1.972462297927824,0.0457762769549841,6,11,2,CML247|Il14H|Ky21|Ms71|Oh43|P39,CML277|CML322|CML333|CML69|HP301|Ki11|Ki3|M162W|Mo18W|NC358|Oh7B|Tx303
chr4,32604294,Zm00001eb172070,-2.462041241439892,2.462041241439892,0.0388109050467402,15,4,0,B97|CML247|CML322|CML333|CML69|HP301|Il14H|Ki11|Ki3|Ky21|M162W|Mo18W|Ms71|NC358|P39,CML277|Oh43|Oh7B|Tx303
chr4,34451809,Zm00001eb172450,-1.918596607040125,1.918596607040125,0.039548112582254,13,6,0,CML247|CML277|CML322|CML69|Ki11|Ki3|Ky21|M162W|Mo18W|Ms71|NC358|Oh43|Oh7B,B97|CML333|HP301|Il14H|P39|Tx303
chr4,35993232,Zm00001eb172780,3.0310799984111823,3.0310799984111823,0.0188111888111888,5,14,0,CML247|CML277|HP301|Oh43|Oh7B,B97|CML322|CML333|CML69|Il14H|Ki11|Ki3|Ky21|M162W|Mo18W|Ms71|NC358|P39|Tx303
chr4,37192386,Zm00001eb172970,1.6631135426244656,1.6631135426244656,0.0294052452107163,9,5,5,B97|CML277|CML322|Il14H|Ky21|Mo18W|Ms71|Oh43|P39,CML247|CML333|CML69|HP301|Ki11|Ki3|M162W|NC358|Oh7B|Tx303
chr4,39120195,Zm00001eb173500,-1.6807045361079327,1.6807045361079327,0.0467798968175757,11,5,3,B97|CML247|CML277|CML333|CML69|Ki11|Ki3|M162W|Mo18W|NC358|Oh43|Tx303,CML322|HP301|Il14H|Ky21|Ms71|Oh7B|P39
chr4,44170160,Zm00001eb174710,1.9109180498632172,1.9109180498632172,0.0242290804008156,7,9,3,CML277|CML69|Ki3|NC358|Oh43|Oh7B|Tx303,B97|CML247|CML322|CML333|HP301|Il14H|Ki11|Ky21|M162W|Mo18W|Ms71|P39
chr4,47116254,Zm00001eb175230,2.288702790845905,2.288702790845905,0.0478343284411486,4,13,2,HP301|Il14H|Oh7B|P39,B97|CML247|CML277|CML322|CML333|CML69|Ki11|Ki3|Ky21|M162W|Mo18W|Ms71|NC358|Oh43|Tx303
chr4,59440786,Zm00001eb176590,-1.3981270049641512,1.3981270049641512,0.0207280059247336,5,12,2,CML322|CML333|CML69|Ky21|NC358,B97|CML247|CML277|HP301|Il14H|Ki11|Ki3|M162W|Mo18W|Ms71|Oh43|Oh7B|P39|Tx303
chr4,70420623,Zm00001eb177830,-2.4362561512401566,2.4362561512401566,0.0210966603489967,7,9,3,B97|CML247|CML69|Ki3|Ky21|Oh43|Tx303,CML277|CML322|CML333|HP301|Il14H|Ki11|M162W|Mo18W|Ms71|NC358|Oh7B|P39
chr4,74114150,Zm00001eb178280,2.5964933611315097,2.5964933611315097,0.0423031419387483,15,3,1,B97|CML247|CML277|CML322|CML333|CML69|HP301|Il14H|Ki3|Ky21|M162W|Ms71|NC358|Oh43|P39,Ki11|Mo18W|Oh7B|Tx303
chr4,83096032,Zm00001eb179290,2.5907585948602705,2.5907585948602705,0.0219377080393704,10,7,2,B97|CML322|CML333|Il14H|Ki11|M162W|Ms71|Oh43|P39|Tx303,CML247|CML277|CML69|HP301|Ki3|Ky21|Mo18W|NC358|Oh7B
chr4,86785717,Zm00001eb179750,-3.631219078067788,3.631219078067788,0.0234529107256379,14,4,1,B97|CML247|CML322|HP301|Il14H|Ki11|Ky21|M162W|Mo18W|Ms71|Oh43|Oh7B|P39|Tx303,CML277|CML333|Ki3|NC358
chr4,123536641,Zm00001eb182260,3.4683844000086848,3.4683844000086848,0.0450283574693023,3,14,2,Il14H|Ky21|P39,B97|CML247|CML277|CML322|CML333|CML69|HP301|Ki11|Ki3|M162W|Mo18W|Ms71|NC358|Oh43|Oh7B|Tx303
chr4,147044205,Zm00001eb185040,1.9027022709126704,1.9027022709126704,0.0224509667547642,6,12,1,B97|CML322|CML69|HP301|Ms71|Oh7B,CML247|CML277|CML333|Il14H|Ki11|Ki3|Ky21|M162W|Mo18W|NC358|Oh43|P39|Tx303
chr4,154507836,Zm00001eb186120,-3.2353168813696147,3.2353168813696147,0.0423031419387483,15,3,1,B97|CML247|CML333|CML69|Il14H|Ki11|Ki3|Ky21|M162W|Mo18W|NC358|Oh43|Oh7B|P39|Tx303,CML277|CML322|HP301|Ms71
chr4,158778172,Zm00001eb186820,3.173569977080558,3.173569977080558,0.0219377080393704,6,9,4,CML247|CML333|CML69|Ky21|Mo18W|NC358,B97|CML277|CML322|HP301|Il14H|Ki11|Ki3|M162W|Ms71|Oh43|Oh7B|P39|Tx303
chr4,162371023,Zm00001eb187670,-2.378608311491472,2.378608311491472,0.0498621926919096,4,15,0,B97|CML333|M162W|Mo18W,CML247|CML277|CML322|CML69|HP301|Il14H|Ki11|Ki3|Ky21|Ms71|NC358|Oh43|Oh7B|P39|Tx303
chr4,162955738,Zm00001eb187800,2.2977816876713417,2.2977816876713417,0.0207280059247336,6,13,0,CML322|Il14H|Ki11|Ki3|NC358|P39,B97|CML247|CML277|CML333|CML69|HP301|Ky21|M162W|Mo18W|Ms71|Oh43|Oh7B|Tx303
chr4,166534010,Zm00001eb188700,-5.421301104322435,5.421301104322435,0.0304485214356458,4,12,3,CML277|HP301|Il14H|P39,B97|CML247|CML322|CML333|CML69|Ki11|Ki3|Ky21|M162W|Mo18W|Ms71|NC358|Oh43|Oh7B|Tx303
chr4,176530292,Zm00001eb191380,1.4725591162438447,1.4725591162438447,0.0287459703991308,11,5,3,CML247|CML277|CML333|CML69|HP301|Il14H|Mo18W|NC358|Oh43|P39|Tx303,B97|CML322|Ki11|Ki3|Ky21|M162W|Ms71|Oh7B
chr4,178453918,Zm00001eb192150,-1.899920669382254,1.899920669382254,0.0240091484673528,5,14,0,CML322|HP301|Il14H|Ky21|NC358,B97|CML247|CML277|CML333|CML69|Ki11|Ki3|M162W|Mo18W|Ms71|Oh43|Oh7B|P39|Tx303
chr4,183560529,Zm00001eb193640,3.1278602552196215,3.1278602552196215,0.0294052452107163,5,9,5,CML322|CML69|Mo18W|NC358|Tx303,B97|CML277|CML333|HP301|Il14H|Ki3|Ky21|M162W|Ms71|Oh43|Oh7B|P39
chr4,188805546,Zm00001eb195000,1.6814761433417835,1.6814761433417835,0.039548112582254,13,6,0,B97|CML277|CML322|CML333|CML69|HP301|Il14H|Ky21|M162W|Mo18W|NC358|Oh7B|P39,CML247|Ki11|Ki3|Ms71|Oh43|Tx303
chr4,192353067,Zm00001eb196380,-1.8320463985670763,1.8320463985670763,0.0388109050467402,8,10,1,CML277|CML69|Il14H|Ki11|Ki3|Ms71|NC358|Tx303,B97|CML247|CML322|CML333|HP301|Ky21|M162W|Mo18W|Oh43|Oh7B|P39
chr4,193101732,Zm00001eb196600,2.8674926792782833,2.8674926792782833,0.0353818048958713,13,4,2,CML322|CML69|HP301|Il14H|Ki11|Ki3|Ky21|Mo18W|Ms71|NC358|Oh43|Oh7B|P39,B97|CML247|CML277|CML333|M162W|Tx303
chr4,198955435,Zm00001eb198110,2.308612467412072,2.308612467412072,0.0226429045486012,7,12,0,B97|CML247|Ki3|M162W|Mo18W|Oh7B|Tx303,CML277|CML322|CML333|CML69|HP301|Il14H|Ki11|Ky21|Ms71|NC358|Oh43|P39
chr4,198983254,Zm00001eb198120,-1.490005611164971,1.490005611164971,0.0294052452107163,9,8,2,B97|CML247|CML69|Ki11|Ki3|M162W|Mo18W|NC358|Oh7B,CML322|CML333|HP301|Il14H|Ms71|Oh43|P39|Tx303
chr4,205877979,Zm00001eb199940,4.098814330310352,4.098814330310352,0.0188111888111888,7,10,2,B97|Ky21|Mo18W|Ms71|Oh7B|P39|Tx303,CML247|CML277|CML322|CML333|CML69|HP301|Il14H|Ki11|Ki3|M162W|NC358|Oh43
chr4,207015716,Zm00001eb200140,2.354079152205055,2.354079152205055,0.0188111888111888,10,8,1,B97|CML247|CML277|Il14H|Ki11|Ky21|Mo18W|Ms71|NC358|Oh7B,CML322|CML333|CML69|HP301|Ki3|M162W|Oh43|P39|Tx303
chr4,207892864,Zm00001eb200440,3.5257089141939946,3.5257089141939946,0.0329976999744441,11,4,4,CML247|CML277|CML322|CML333|Il14H|Ki11|Ky21|M162W|Oh43|P39|Tx303,B97|CML69|HP301|Ki3|Mo18W|Ms71|NC358|Oh7B
chr4,208625246,Zm00001eb200590,3.1115924936727684,3.1115924936727684,0.0234529107256379,12,5,2,B97|CML247|CML322|CML333|HP301|Il14H|M162W|Mo18W|Ms71|Oh43|Oh7B|Tx303,CML277|CML69|Ki11|Ki3|Ky21|NC358|P39
chr4,212104110,Zm00001eb201090,6.454553502625511,6.454553502625511,0.0207280059247336,5,12,2,B97|HP301|Il14H|Ky21|P39,CML247|CML277|CML322|CML333|CML69|Ki11|Ki3|M162W|Mo18W|Ms71|NC358|Oh43|Oh7B|Tx303
chr4,212273966,Zm00001eb201100,5.598555575237356,5.598555575237356,0.0329976999744441,4,11,4,CML322|Il14H|Ky21|P39,B97|CML247|CML277|CML333|CML69|HP301|Ki11|Ki3|M162W|Mo18W|Ms71|NC358|Oh43|Oh7B|Tx303
chr4,218320182,Zm00001eb202020,3.776223951223463,3.776223951223463,0.0304485214356458,4,12,3,CML247|CML69|HP301|Il14H,B97|CML277|CML322|CML333|Ki11|Ki3|Ky21|M162W|Mo18W|Ms71|NC358|Oh43|Oh7B|P39|Tx303
chr4,218406423,Zm00001eb202030,-2.616696406649417,2.616696406649417,0.0387748524021069,5,9,5,CML333|Ki3|NC358|Oh7B|P39,B97|CML247|CML277|CML322|CML69|HP301|Il14H|Ki11|Ky21|M162W|Mo18W|Ms71|Oh43|Tx303
chr4,226807901,Zm00001eb203240,3.341135025387979,3.341135025387979,0.0423031419387483,3,15,1,CML277|Ki11|Ky21,B97|CML247|CML322|CML333|CML69|HP301|Il14H|Ki3|M162W|Mo18W|Ms71|NC358|Oh43|Oh7B|P39|Tx303
chr4,231395241,Zm00001eb204030,-3.776154804882046,3.776154804882046,0.0234529107256379,7,7,5,B97|HP301|Ki11|Ms71|Oh43|Oh7B|P39,CML247|CML322|CML333|CML69|Il14H|Ky21|Tx303
chr4,243744385,Zm00001eb206750,2.952833078683929,2.952833078683929,0.0234529107256379,4,14,1,B97|CML333|CML69|HP301,CML247|CML277|CML322|Il14H|Ki11|Ki3|Ky21|M162W|Mo18W|Ms71|NC358|Oh43|Oh7B|P39|Tx303
chr4,243828411,Zm00001eb206800,-1.5748227706490667,1.5748227706490667,0.0450283574693023,5,13,1,B97|CML277|Ky21|Mo18W|Ms71,CML247|CML322|CML333|CML69|HP301|Il14H|Ki11|Ki3|M162W|NC358|Oh43|Oh7B|P39|Tx303
chr4,245967276,Zm00001eb207920,2.435194616190339,2.435194616190339,0.0311895358527482,7,9,3,CML69|Il14H|Mo18W|Ms71|NC358|Oh7B|Tx303,B97|CML247|CML277|CML322|CML333|HP301|Ki3|Ky21|M162W|P39
chr4,246974498,Zm00001eb208430,1.9865494578769367,1.9865494578769367,0.0311749805466796,5,14,0,CML322|HP301|Ki3|NC358|Tx303,B97|CML247|CML277|CML333|CML69|Il14H|Ki11|Ky21|M162W|Mo18W|Ms71|Oh43|Oh7B|P39
chr4,247481976,Zm00001eb208710,1.9439999256388856,1.9439999256388856,0.0443649214070538,6,8,5,CML322|CML69|HP301|Ki11|Ky21|NC358,B97|CML277|CML333|Il14H|M162W|Ms71|Oh43|Oh7B|P39
chr4,248497085,Zm00001eb209380,-1.8078821906883915,1.8078821906883915,0.0450283574693023,6,9,4,CML277|Ki11|Ki3|Ky21|Oh43|P39,B97|CML247|CML333|CML69|HP301|Il14H|M162W|Mo18W|Ms71|NC358|Oh7B
chr5,2582951,Zm00001eb211620,-2.0878067972527448,2.0878067972527448,0.0325252403119521,6,13,0,CML277|Il14H|Ki11|NC358|Oh43|P39,B97|CML247|CML322|CML333|CML69|HP301|Ki3|Ky21|M162W|Mo18W|Ms71|Oh7B|Tx303
chr5,2679905,Zm00001eb211740,-2.0055852743209135,2.0055852743209135,0.0497278422512067,13,3,3,B97|CML277|CML322|CML333|CML69|Ki11|Ki3|Ky21|M162W|Mo18W|Ms71|NC358|Tx303,CML247|HP301|Il14H|Oh43|Oh7B|P39
chr5,2722689,Zm00001eb211780,1.4740766603580426,1.4740766603580426,0.0450283574693023,6,9,4,CML277|CML322|Ki11|Ki3|Ky21|Tx303,B97|CML247|CML333|CML69|HP301|Il14H|M162W|Mo18W|Ms71|NC358|Oh43|Oh7B|P39
chr5,3799865,Zm00001eb212520,1.0581936876932885,1.0581936876932885,0.0450283574693023,13,5,1,CML247|CML322|CML69|Il14H|Ki3|Ky21|M162W|Mo18W|Ms71|NC358|Oh43|Oh7B|Tx303,B97|CML277|CML333|HP301|Ki11|P39
chr5,3929566,Zm00001eb212610,-2.5476844419306603,2.5476844419306603,0.0234529107256379,7,8,4,CML277|CML333|CML69|Mo18W|Ms71|Oh43|Tx303,CML247|CML322|HP301|Il14H|Ki11|Ki3|M162W|NC358|Oh7B
chr5,4304943,Zm00001eb212810,4.4476800731906225,4.4476800731906225,0.0207280059247336,8,7,4,B97|CML247|CML322|CML69|M162W|Ms71|Oh43|P39,CML277|CML333|HP301|Il14H|Ki11|Ki3|Ky21|Mo18W|NC358|Oh7B|Tx303
chr5,4539678,Zm00001eb212940,4.0980270622678345,4.0980270622678345,0.0269464077021537,4,13,2,CML277|CML322|CML69|Oh43,B97|CML247|CML333|HP301|Il14H|Ki11|Ki3|Ky21|M162W|Mo18W|Ms71|NC358|Oh7B|P39|Tx303
chr5,6342999,Zm00001eb214080,2.2064550188307166,2.2064550188307166,0.0188111888111888,12,7,0,B97|CML247|CML333|CML69|Ki3|Ky21|M162W|Ms71|NC358|Oh7B|P39|Tx303,CML277|CML322|HP301|Il14H|Ki11|Mo18W|Oh43
chr5,9017699,Zm00001eb215480,-2.0849681970533394,2.0849681970533394,0.0392961004179572,9,7,3,B97|CML277|CML322|CML333|CML69|Ki3|M162W|Oh43|Oh7B,CML247|HP301|Il14H|Ki11|Ky21|Mo18W|Ms71|NC358|P39|Tx303
chr5,9899872,Zm00001eb215680,3.256816592667565,3.256816592667565,0.0188111888111888,11,6,2,B97|CML247|CML277|CML69|Il14H|Ki11|Ki3|Mo18W|Oh43|Oh7B|Tx303,CML322|CML333|HP301|Ky21|M162W|Ms71|NC358|P39
chr5,10003009,Zm00001eb215710,-2.539472552732426,2.539472552732426,0.0234529107256379,4,14,1,B97|Ki11|Ms71|Oh7B,CML247|CML277|CML322|CML333|CML69|HP301|Il14H|Ki3|Ky21|M162W|Mo18W|NC358|Oh43|P39|Tx303
chr5,10159988,Zm00001eb215780,-1.63281724559116,1.63281724559116,0.0443649214070538,6,8,5,B97|CML277|CML69|Ki3|Mo18W|Tx303,CML247|CML322|CML333|HP301|Il14H|Ki11|Ky21|M162W|Ms71|NC358|Oh7B|P39
chr5,10575019,Zm00001eb216000,2.796844178065814,2.796844178065814,0.0423031419387483,3,15,1,CML277|Ms71|Tx303,B97|CML247|CML322|CML333|CML69|HP301|Il14H|Ki11|Ki3|Ky21|M162W|Mo18W|NC358|Oh43|Oh7B|P39
chr5,13128960,Zm00001eb217010,-3.167194025229343,3.167194025229343,0.0388109050467402,15,4,0,B97|CML277|CML322|CML69|HP301|Ki11|Ki3|M162W|Mo18W|Ms71|NC358|Oh43|Oh7B|P39|Tx303,CML247|CML333|Il14H|Ky21
chr5,14254464,Zm00001eb217390,-3.960275009599692,3.960275009599692,0.0207280059247336,5,12,2,B97|CML69|HP301|Ki11|P39,CML247|CML277|CML322|CML333|Il14H|Ki3|Ky21|M162W|Mo18W|Ms71|NC358|Oh43|Oh7B|Tx303
chr5,14614921,Zm00001eb217560,-1.8976472087481904,1.8976472087481904,0.0388109050467402,8,10,1,CML247|CML277|CML322|CML69|Ki3|M162W|Mo18W|NC358,B97|CML333|HP301|Il14H|Ki11|Ky21|Ms71|Oh43|Oh7B|P39|Tx303
chr5,19107568,Zm00001eb219040,-2.410048121163423,2.410048121163423,0.0226429045486012,4,15,0,HP301|Il14H|P39|Tx303,B97|CML247|CML277|CML322|CML333|CML69|Ki11|Ki3|Ky21|M162W|Mo18W|Ms71|NC358|Oh43|Oh7B
chr5,19510487,Zm00001eb219210,-2.188119226814984,2.188119226814984,0.0450283574693023,3,14,2,B97|HP301|P39,CML247|CML277|CML322|CML333|Il14H|Ki11|Ki3|Ky21|Mo18W|Ms71|NC358|Oh43|Oh7B|Tx303
chr5,21032251,Zm00001eb219710,1.848124679262618,1.848124679262618,0.0387748524021069,10,7,2,B97|CML247|CML277|CML69|HP301|M162W|Mo18W|Ms71|Oh7B|P39|Tx303,CML333|Il14H|Ki11|Ki3|Ky21|NC358|Oh43
chr5,32352203,Zm00001eb222310,-2.874238956905657,2.874238956905657,0.0188111888111888,10,8,1,B97|CML247|CML277|CML69|HP301|Il14H|Ki11|Ki3|NC358|Tx303,CML322|CML333|Ky21|M162W|Mo18W|Ms71|Oh43|Oh7B|P39
chr5,51768174,Zm00001eb225790,-4.0288094026258445,4.0288094026258445,0.0450283574693023,14,3,2,B97|CML247|CML333|CML69|HP301|Il14H|Ki11|Ky21|Mo18W|Ms71|Oh43|Oh7B|P39|Tx303,CML277|CML322|Ki3|M162W|NC358
chr5,58804250,Zm00001eb227020,-1.887218699133968,1.887218699133968,0.0226429045486012,10,9,0,CML333|CML69|Il14H|Ki11|Ky21|Mo18W|Oh43|Oh7B|P39|Tx303,B97|CML247|CML277|CML322|HP301|Ki3|M162W|Ms71|NC358
chr5,59946133,Zm00001eb227200,2.305646447426234,2.305646447426234,0.0353818048958713,4,13,2,CML247|CML322|Ki11|Oh7B,B97|CML277|CML333|CML69|HP301|Il14H|Ki3|Ky21|M162W|Mo18W|Ms71|NC358|Oh43|P39|Tx303
chr5,60016925,Zm00001eb227240,2.614639658175785,2.614639658175785,0.0338267581908725,8,5,6,CML247|CML322|Il14H|Ki11|Ky21|NC358|Oh7B|P39,B97|CML277|CML333|CML69|HP301|Ki3|M162W|Mo18W|Ms71|Oh43|Tx303
chr5,60347328,Zm00001eb227310,-3.539510209205446,3.539510209205446,0.0234529107256379,10,5,4,CML247|CML322|CML333|CML69|HP301|Ki3|Ky21|M162W|Mo18W|NC358|Oh43,B97|CML277|Il14H|Ki11|Ms71|Oh7B|P39|Tx303
chr5,60404792,Zm00001eb227330,-1.6322288517979,1.6322288517979,0.0469889514825974,5,14,0,B97|Ki3|Ms71|Oh43|Tx303,CML247|CML277|CML322|CML333|CML69|HP301|Il14H|Ki11|Ky21|M162W|Mo18W|NC358|Oh7B|P39
chr5,60874715,Zm00001eb227400,2.8731706347228676,2.8731706347228676,0.0188111888111888,6,13,0,CML277|CML69|Ki11|M162W|Ms71|Oh7B,B97|CML247|CML322|CML333|HP301|Il14H|Ki3|Ky21|Mo18W|NC358|Oh43|P39|Tx303
chr5,61446348,Zm00001eb227670,5.5371808019707265,5.5371808019707265,0.0207280059247336,9,10,0,CML277|CML333|Il14H|Ki3|Ky21|M162W|Mo18W|Ms71|P39,B97|CML247|CML322|CML69|HP301|Ki11|NC358|Oh43|Oh7B|Tx303
chr5,63257241,Zm00001eb228090,-2.5466650592937663,2.5466650592937663,0.0315288257270529,12,5,2,B97|CML247|CML277|CML69|HP301|Ky21|M162W|Mo18W|Ms71|NC358|Oh7B|Tx303,CML322|CML333|Il14H|Ki3|Oh43|P39
chr5,63491996,Zm00001eb228160,2.0854684599772058,2.0854684599772058,0.0291027284684607,10,9,0,B97|CML322|HP301|Il14H|Ki11|Ky21|M162W|Oh7B|P39|Tx303,CML247|CML277|CML333|CML69|Ki3|Mo18W|Ms71|NC358|Oh43
chr5,84480191,Zm00001eb232710,-1.8662184300906264,1.8662184300906264,0.0457762769549841,8,10,1,B97|CML277|CML69|Il14H|M162W|Ms71|Oh7B|P39,CML247|CML322|CML333|HP301|Ki11|Ki3|Ky21|Mo18W|NC358|Oh43|Tx303
chr5,91349547,Zm00001eb233730,3.4568081099510115,3.4568081099510115,0.0226429045486012,15,4,0,B97|CML247|CML277|CML322|CML333|CML69|Ki11|Ki3|Ky21|M162W|Mo18W|NC358|Oh43|Oh7B|Tx303,HP301|Il14H|Ms71|P39
chr5,100436856,Zm00001eb234620,-3.4991405375220848,3.4991405375220848,0.0234529107256379,10,5,4,B97|CML247|CML277|CML69|Il14H|Ki11|M162W|Oh43|P39|Tx303,CML322|CML333|HP301|Ki3|Ky21|Mo18W|Ms71|NC358|Oh7B
chr5,138337529,Zm00001eb237500,3.7666607845588014,3.7666607845588014,0.0188111888111888,6,11,2,CML277|Ki3|Ky21|Ms71|Oh43|Tx303,B97|CML247|CML322|CML333|CML69|HP301|Il14H|Ki11|M162W|Mo18W|NC358|Oh7B|P39
chr5,147071399,Zm00001eb238620,-2.101410767301607,2.101410767301607,0.0457762769549841,10,8,1,B97|CML277|CML69|HP301|Ki11|Ki3|Mo18W|Ms71|Oh43|Oh7B,CML247|CML322|CML333|Il14H|Ky21|M162W|NC358|P39|Tx303
chr5,147580358,Zm00001eb238670,2.4797842854311596,2.4797842854311596,0.0338267581908725,8,5,6,CML247|CML322|CML333|CML69|HP301|Ki11|Ki3|Ms71,B97|CML277|Ky21|M162W|Mo18W|NC358|Oh43|Oh7B|Tx303
chr5,159177486,Zm00001eb240160,3.150560673239874,3.150560673239874,0.0478343284411486,4,13,2,CML277|Il14H|Oh7B|P39,B97|CML247|CML322|CML333|CML69|HP301|Ky21|M162W|Mo18W|Ms71|NC358|Oh43|Tx303
chr5,162417985,Zm00001eb240750,-2.0331125781654853,2.0331125781654853,0.0226429045486012,6,10,3,CML69|Ki11|Ki3|Mo18W|NC358|Tx303,B97|CML247|CML277|CML322|CML333|HP301|Il14H|Ky21|M162W|Ms71|Oh43|Oh7B|P39
chr5,165941716,Zm00001eb241400,-2.227398896228534,2.227398896228534,0.0315288257270529,6,12,1,CML277|CML333|Il14H|M162W|NC358|P39,B97|CML247|CML322|CML69|HP301|Ki11|Ki3|Ky21|Mo18W|Ms71|Oh7B|Tx303
chr5,167200610,Zm00001eb241780,2.649178803799349,2.649178803799349,0.0188111888111888,12,6,1,B97|CML247|CML277|CML322|CML333|CML69|Ki11|Ky21|M162W|Mo18W|NC358|P39|Tx303,HP301|Il14H|Ki3|Ms71|Oh43|Oh7B
chr5,177500754,Zm00001eb243970,2.201691679038871,2.201691679038871,0.0450283574693023,7,11,1,B97|CML277|HP301|Ki3|Ky21|NC358|Oh7B|P39,CML247|CML322|CML333|CML69|Il14H|Ki11|M162W|Mo18W|Ms71|Oh43|Tx303
chr5,179748634,Zm00001eb244930,4.753694942534736,4.753694942534736,0.0207280059247336,5,12,2,CML277|Il14H|Ky21|Ms71|P39,B97|CML247|CML322|CML333|CML69|HP301|Ki11|Ki3|M162W|Mo18W|NC358|Oh43|Oh7B|Tx303
chr5,181666853,Zm00001eb245410,-3.7983113281608527,3.7983113281608527,0.0224509667547642,5,11,3,B97|Ky21|Mo18W|Oh7B|Tx303,CML247|CML277|CML322|CML333|CML69|HP301|Il14H|Ki11|Ki3|M162W|Ms71|NC358|Oh43|P39
chr5,183345807,Zm00001eb245840,-3.1519521318875774,3.1519521318875774,0.0188111888111888,10,8,1,CML247|HP301|Ky21|M162W|Mo18W|NC358|Oh43|Oh7B|P39|Tx303,B97|CML277|CML322|CML333|CML69|Il14H|Ki11|Ki3|Ms71
chr5,185128518,Zm00001eb246360,1.7253885350789702,1.7253885350789702,0.0188111888111888,6,12,1,B97|CML247|CML69|Ki11|Ki3|M162W,CML277|CML322|CML333|HP301|Il14H|Ky21|Mo18W|Ms71|NC358|Oh43|Oh7B|P39|Tx303
chr5,185610092,Zm00001eb246440,2.855413475989271,2.855413475989271,0.0450283574693023,3,14,2,B97|HP301|M162W,CML247|CML277|CML322|CML333|CML69|Il14H|Ki11|Ki3|Ky21|Mo18W|Ms71|NC358|Oh43|Oh7B|P39|Tx303
chr5,185969286,Zm00001eb246590,3.533033625402345,3.533033625402345,0.0207280059247336,5,12,2,B97|CML247|CML277|NC358|P39,CML322|CML333|CML69|HP301|Il14H|Ki11|Ki3|Ky21|M162W|Mo18W|Ms71|Oh43|Oh7B|Tx303
chr5,187363173,Zm00001eb246850,-2.116124084261831,2.116124084261831,0.0234529107256379,10,5,4,B97|CML277|CML333|HP301|Il14H|Ki3|Ms71|NC358|Oh43|P39,CML322|CML69|Ki11|Ky21|M162W|Mo18W|Oh7B|Tx303
chr5,190042182,Zm00001eb247540,-2.689918027031855,2.689918027031855,0.0188111888111888,6,11,2,HP301|Ky21|M162W|Ms71|Oh43|P39,B97|CML247|CML277|CML322|CML333|CML69|Il14H|Ki11|Ki3|Mo18W|NC358|Oh7B
chr5,192527539,Zm00001eb248290,3.045578705346374,3.045578705346374,0.0412300028738384,6,7,6,B97|CML247|CML322|CML333|Ky21|Mo18W,CML277|CML69|HP301|Il14H|Ki11|M162W|Ms71|NC358|Oh43|Oh7B|P39|Tx303
chr5,192696772,Zm00001eb248350,-1.8501334723944156,1.8501334723944156,0.0388109050467402,10,8,1,CML277|CML322|Ki11|Ki3|Ky21|M162W|Mo18W|NC358|Oh43|Oh7B,B97|CML247|CML333|CML69|HP301|Il14H|Ms71|P39|Tx303
chr5,192898521,Zm00001eb248530,-2.0869914285378406,2.0869914285378406,0.025625148844963,7,11,1,B97|CML247|CML277|Il14H|M162W|NC358|P39,CML322|CML333|CML69|HP301|Ki11|Ki3|Ky21|Mo18W|Ms71|Oh43|Oh7B|Tx303
chr5,193107259,Zm00001eb248620,-3.566530348832343,3.566530348832343,0.0321512983526941,6,10,3,CML277|Ki3|M162W|Ms71|NC358|P39,B97|CML247|CML322|CML333|CML69|HP301|Il14H|Ki11|Ky21|Mo18W|Oh43|Oh7B|Tx303
chr5,199009303,Zm00001eb250370,1.8339465166225088,1.8339465166225088,0.039548112582254,12,4,3,CML247|CML277|CML322|CML333|CML69|HP301|Il14H|Ki11|Ki3|Ky21|Mo18W|NC358,B97|M162W|Ms71|Oh7B|P39
chr5,204023118,Zm00001eb250610,-1.5294181024110318,1.5294181024110318,0.0210966603489967,5,14,0,B97|CML69|Ms71|Oh43|P39,CML247|CML277|CML322|CML333|HP301|Il14H|Ki11|Ki3|Ky21|M162W|Mo18W|NC358|Oh7B|Tx303
chr5,205962090,Zm00001eb251070,1.8363397923573328,1.8363397923573328,0.028085643230545,6,13,0,B97|CML69|Ki11|Mo18W|Ms71|Oh7B,CML247|CML277|CML322|CML333|HP301|Il14H|Ki3|Ky21|M162W|NC358|Oh43|P39|Tx303
chr5,208499872,Zm00001eb251900,-2.0480367921719203,2.0480367921719203,0.0450283574693023,9,10,0,B97|CML277|CML333|CML69|Ki3|M162W|Ms71|Oh43|Tx303,CML247|CML322|HP301|Il14H|Ki11|Ky21|Mo18W|NC358|Oh7B|P39
chr5,209205811,Zm00001eb252160,2.355996357405278,2.355996357405278,0.0224509667547642,5,11,3,CML247|HP301|Il14H|M162W|P39,B97|CML277|CML322|CML333|CML69|Ki11|Ki3|Ky21|Mo18W|Ms71|NC358|Oh43|Oh7B|Tx303
chr5,209563666,Zm00001eb252250,-3.1936707580998416,3.1936707580998416,0.0497278422512067,3,13,3,CML247|CML333|Ki3,B97|CML277|CML322|CML69|HP301|Il14H|Ki11|Ky21|M162W|Mo18W|Ms71|NC358|Oh43|Oh7B|P39|Tx303
chr5,209976915,Zm00001eb252380,1.331292388796791,1.331292388796791,0.0468443117268101,13,6,0,CML247|CML277|CML322|CML333|CML69|HP301|Il14H|Ki11|Ki3|Mo18W|NC358|Oh7B|Tx303,B97|Ky21|M162W|Ms71|Oh43|P39
chr5,210135106,Zm00001eb252460,2.800267841073044,2.800267841073044,0.0376566109050185,5,11,3,CML322|Il14H|Ki3|NC358|Oh43|Oh7B|Tx303,B97|CML247|CML277|CML333|CML69|HP301|Ki11|Ky21|M162W|Mo18W|Ms71|P39
chr5,210672360,Zm00001eb252640,-2.184338854040075,2.184338854040075,0.0457762769549841,6,11,2,M162W|Mo18W|Ms71|Oh43|Oh7B|Tx303,B97|CML247|CML277|CML322|CML333|CML69|Il14H|Ki11|Ki3|NC358|P39
chr5,212216401,Zm00001eb253150,1.66884832394174,1.66884832394174,0.0428200920646902,8,11,0,B97|CML322|HP301|M162W|Mo18W|NC358|P39|Tx303,CML247|CML277|CML333|CML69|Il14H|Ki11|Ki3|Ky21|Ms71|Oh43|Oh7B
chr5,213145580,Zm00001eb253690,-2.9414167343446964,2.9414167343446964,0.0450283574693023,3,14,2,Oh43|Oh7B|P39,B97|CML247|CML277|CML322|CML333|CML69|HP301|Il14H|Ki11|Ki3|Ky21|M162W|Mo18W|Ms71|NC358|Tx303
chr5,216053809,Zm00001eb254940,3.0368323958172567,3.0368323958172567,0.039548112582254,6,6,7,CML247|CML277|CML333|Ki11|Ki3|NC358,B97|CML322|CML69|Il14H|Ky21|M162W|Mo18W|Ms71|Oh7B|P39|Tx303
chr5,218429727,Zm00001eb255980,2.8306111394814533,2.8306111394814533,0.0310074540843771,7,6,6,CML277|CML322|CML333|CML69|Ki3|Ky21|M162W|Mo18W|Ms71|NC358|Oh43|P39|Tx303,B97|CML247|HP301|Il14H|Ki11|Oh7B
chr5,219599710,Zm00001eb256460,2.535602526846472,2.535602526846472,0.0387748524021069,5,9,5,CML277|CML69|HP301|Il14H|M162W|Ms71|Oh43|P39|Tx303,B97|CML247|CML322|CML333|Ki11|Ki3|Ky21|Mo18W|NC358|Oh7B
chr5,222003901,Zm00001eb257810,-3.7401838527052793,3.7401838527052793,0.0188111888111888,6,13,0,HP301|Ki11|Ki3|M162W|NC358|Oh7B,B97|CML247|CML277|CML322|CML333|CML69|Il14H|Ky21|Mo18W|Ms71|Oh43|P39|Tx303
chr5,222551203,Zm00001eb258090,-1.8890916082673856,1.8890916082673856,0.0188111888111888,9,8,2,B97|CML322|CML69|HP301|Ki11|Ki3|Ky21|Mo18W|Oh43,CML247|CML277|CML333|Il14H|M162W|Ms71|NC358|Oh7B|P39|Tx303
chr5,222744777,Zm00001eb258170,4.794391153447574,4.794391153447574,0.0188111888111888,6,12,1,B97|CML333|M162W|Mo18W|Oh43|Oh7B,CML247|CML277|CML322|CML69|HP301|Il14H|Ki11|Ki3|Ky21|Ms71|NC358|P39|Tx303
chr5,224090715,Zm00001eb258890,-1.9603346592901425,1.9603346592901425,0.0388109050467402,3,16,0,B97|Ms71|Oh7B,CML247|CML277|CML322|CML333|CML69|HP301|Il14H|Ki11|Ki3|Ky21|M162W|Mo18W|NC358|Oh43|P39|Tx303
chr5,224227778,Zm00001eb258970,1.890023995138449,1.890023995138449,0.0468443117268101,6,12,1,CML277|CML322|CML69|HP301|Ki3|M162W,B97|CML247|CML333|Il14H|Ki11|Ky21|Mo18W|Ms71|NC358|Oh43|Oh7B|P39|Tx303
chr5,224374169,Zm00001eb259070,-1.9507576650897027,1.9507576650897027,0.0457762769549841,5,8,6,B97|CML322|Ki3|Ms71|Tx303,CML247|CML277|CML333|CML69|HP301|Il14H|Ki11|Ky21|M162W|Mo18W|NC358|Oh43|Oh7B|P39
chr6,7501354,Zm00001eb260350,2.401949872078158,2.401949872078158,0.0224509667547642,6,12,1,CML322|CML333|CML69|Ki3|Ms71|P39,B97|CML247|CML277|HP301|Il14H|Ki11|Ky21|M162W|Mo18W|NC358|Oh43|Oh7B|Tx303
chr6,8188344,Zm00001eb260480,3.5478175791548217,3.5478175791548217,0.0304485214356458,12,4,3,CML247|CML277|CML322|CML69|HP301|Il14H|Ky21|Mo18W|NC358|Oh7B|P39|Tx303,B97|Ki11|Ki3|Ms71|Oh43
chr6,10181290,Zm00001eb260970,1.9402762306550076,1.9402762306550076,0.0474791629035171,7,9,3,CML277|CML69|Ki11|Ki3|M162W|Mo18W|Ms71,B97|CML247|CML322|CML333|HP301|Il14H|Ky21|NC358|Oh43|Oh7B|P39|Tx303
chr6,29131841,Zm00001eb264550,2.565167807096685,2.565167807096685,0.0188111888111888,8,11,0,Il14H|Ki11|M162W|Mo18W|Ms71|NC358|Oh43|Tx303,B97|CML247|CML277|CML322|CML333|CML69|HP301|Ki3|Ky21|Oh7B|P39
chr6,36004831,Zm00001eb265520,-1.7809825153208412,1.7809825153208412,0.0450283574693023,9,10,0,B97|CML247|CML333|CML69|Il14H|M162W|Ms71|Oh43|P39,CML277|CML322|HP301|Ki11|Ki3|Ky21|Mo18W|NC358|Oh7B|Tx303
chr6,44084585,Zm00001eb266600,1.3833691488817503,1.3833691488817503,0.0450283574693023,9,10,0,CML247|CML333|HP301|Ki11|Ki3|Ky21|M162W|Mo18W|P39,B97|CML277|CML322|CML69|Il14H|Ms71|NC358|Oh43|Oh7B|Tx303
chr6,44126781,Zm00001eb266620,-2.9601877835961656,2.9601877835961656,0.0301472339352506,4,15,0,Ki3|Ky21|M162W|P39,B97|CML247|CML277|CML322|CML333|CML69|HP301|Il14H|Ki11|Mo18W|Ms71|NC358|Oh43|Oh7B|Tx303
chr6,64425664,Zm00001eb268420,2.5182726232604637,2.5182726232604637,0.039548112582254,4,12,3,Ki11|Oh43|P39|Tx303,B97|CML247|CML277|CML333|CML69|HP301|Il14H|Ki3|Ky21|M162W|Mo18W|Ms71|NC358|Oh7B
chr6,71846402,Zm00001eb269400,5.37515032156037,5.37515032156037,0.0188111888111888,7,11,1,CML247|CML277|Il14H|Ki11|Ki3|Ky21|Ms71,B97|CML322|CML333|CML69|HP301|M162W|Mo18W|NC358|Oh43|Oh7B|P39|Tx303
chr6,92924064,Zm00001eb272170,-3.261713651505997,3.261713651505997,0.0188111888111888,7,9,3,CML322|CML69|HP301|Ki3|Mo18W|Ms71|NC358|P39,B97|CML247|CML277|CML333|Il14H|Ki11|Ky21|M162W|Oh43|Oh7B|Tx303
chr6,94722184,Zm00001eb272520,-2.0781202486092107,2.0781202486092107,0.0428200920646902,5,7,7,CML247|CML277|CML322|Ki11|NC358,B97|CML69|HP301|Il14H|M162W|Ms71|Oh43|P39
chr6,98445058,Zm00001eb273360,3.373963504912398,3.373963504912398,0.0188111888111888,7,11,1,CML247|CML322|Ki11|Ki3|Ky21|Ms71|Tx303,B97|CML277|CML333|CML69|HP301|Il14H|M162W|Mo18W|NC358|Oh43|Oh7B|P39
chr6,102898532,Zm00001eb274240,-2.18760956779572,2.18760956779572,0.0412300028738384,7,6,6,B97|CML69|HP301|Il14H|Ky21|M162W|Ms71|Oh43|Tx303,CML247|CML277|CML322|CML333|Ki11|Ki3|Mo18W|NC358|Oh7B|P39
chr6,110082271,Zm00001eb276160,-2.0697966596880257,2.0697966596880257,0.0497278422512067,3,13,3,Il14H|Oh43|P39,B97|CML247|CML277|CML322|CML333|CML69|HP301|Ki11|Ki3|Ky21|M162W|Mo18W|Ms71|NC358|Oh7B|Tx303
chr6,110151986,Zm00001eb276190,2.448600298541365,2.448600298541365,0.0450283574693023,3,14,2,Il14H|Oh43|P39,B97|CML247|CML277|CML322|CML333|CML69|HP301|Ki11|Ki3|Ky21|M162W|Mo18W|Ms71|NC358|Oh7B|Tx303
chr6,117817772,Zm00001eb278120,-1.707022122288353,1.707022122288353,0.0288882326093376,5,13,1,B97|HP301|Ms71|P39|Tx303,CML247|CML277|CML322|CML333|CML69|Il14H|Ki11|Ki3|Ky21|M162W|Mo18W|NC358|Oh43|Oh7B
chr6,117850289,Zm00001eb278130,-2.9195594793576416,2.9195594793576416,0.0225486703409543,5,13,1,CML247|CML277|CML333|Ki11|Ki3,B97|CML322|CML69|HP301|Il14H|Ky21|M162W|Mo18W|Ms71|NC358|Oh43|Oh7B|P39|Tx303
chr6,124409130,Zm00001eb279790,9.795547365688725,9.795547365688725,0.0387748524021069,4,10,5,CML333|Ki3|M162W|Mo18W,B97|CML247|CML277|CML322|CML69|HP301|Il14H|Ki11|Ky21|Ms71|NC358|Oh43|Oh7B|P39|Tx303
chr6,126409344,Zm00001eb280210,1.7960201177908428,1.7960201177908428,0.0311749805466796,7,12,0,CML277|CML322|Il14H|Ki11|Ky21|P39|Tx303,B97|CML247|CML333|CML69|HP301|Ki3|M162W|Mo18W|Ms71|NC358|Oh43|Oh7B
chr6,130867559,Zm00001eb280970,-3.748817075985064,3.748817075985064,0.0304485214356458,12,4,3,B97|CML277|CML322|CML69|HP301|Il14H|Ki3|Ky21|M162W|NC358|Oh43|P39,CML247|CML333|Ki11|Mo18W|Ms71|Oh7B|Tx303
chr6,134534847,Zm00001eb282040,2.0901105758952907,2.0901105758952907,0.0498621926919096,4,15,0,CML322|Il14H|M162W|P39,B97|CML247|CML277|CML333|CML69|HP301|Ki11|Ki3|Ky21|Mo18W|Ms71|NC358|Oh43|Oh7B|Tx303
chr6,138984500,Zm00001eb282990,2.655137442273228,2.655137442273228,0.0188111888111888,6,13,0,CML247|CML277|CML333|Ki3|Ms71|Tx303,B97|CML322|CML69|HP301|Il14H|Ki11|Ky21|M162W|Mo18W|NC358|Oh43|Oh7B|P39
chr6,139381527,Zm00001eb283110,2.856266283830376,2.856266283830376,0.0310074540843771,7,6,6,CML277|CML322|CML333|CML69|Ki11|M162W|NC358|Oh43|Oh7B|Tx303,B97|CML247|HP301|Il14H|Ki3|Ky21|Mo18W|Ms71|P39
chr6,139654163,Zm00001eb283200,-2.0579915874978787,2.0579915874978787,0.0439924362446977,4,14,1,CML247|CML277|Ms71|NC358,B97|CML322|CML333|CML69|HP301|Il14H|Ki11|Ki3|Ky21|M162W|Mo18W|Oh43|Oh7B|P39|Tx303
chr6,141497453,Zm00001eb283750,3.2282312202661316,3.2282312202661316,0.0423031419387483,3,15,1,CML69|Ki11|NC358|Tx303,B97|CML247|CML277|CML322|CML333|HP301|Il14H|Ki3|Ky21|M162W|Mo18W|Ms71|Oh43|Oh7B|P39
chr6,142919744,Zm00001eb284070,-2.017722385261348,2.017722385261348,0.0311749805466796,7,11,1,B97|Il14H|Ki11|Ky21|M162W|Ms71|P39,CML247|CML277|CML322|CML333|CML69|HP301|Ki3|Mo18W|NC358|Oh43|Oh7B|Tx303
chr6,143072104,Zm00001eb284120,2.8262855781437546,2.8262855781437546,0.0188111888111888,6,13,0,B97|Il14H|Ky21|M162W|Oh7B|Tx303,CML247|CML277|CML322|CML333|CML69|HP301|Ki11|Ki3|Mo18W|Ms71|NC358|Oh43|P39
chr6,144722672,Zm00001eb284450,1.6809466919998697,1.6809466919998697,0.0474791629035171,9,7,3,B97|CML277|HP301|Il14H|Ki11|Ky21|M162W|Oh7B|P39,CML247|CML322|CML333|CML69|Ki3|Mo18W|Ms71|NC358|Oh43|Tx303
chr6,144921415,Zm00001eb284520,1.9900310270162969,1.9900310270162969,0.0311749805466796,5,14,0,CML322|CML333|Ki11|Ms71|Tx303,B97|CML247|CML277|CML69|HP301|Il14H|Ki3|Ky21|M162W|Mo18W|NC358|Oh43|Oh7B|P39
chr6,152679315,Zm00001eb286540,-1.5857986645549182,1.5857986645549182,0.0428200920646902,7,5,7,CML247|CML277|CML322|CML69|Ki11|Ki3|Mo18W|NC358|Oh7B|Tx303,B97|CML333|HP301|Il14H|Ky21|M162W|Ms71|Oh43|P39
chr6,158302188,Zm00001eb288150,-3.3074906339787136,3.3074906339787136,0.0310074540843771,7,7,5,CML247|CML322|HP301|Il14H|Ki3|Oh43|Oh7B,B97|CML333|CML69|Ki11|M162W|Mo18W|P39|Tx303
chr6,159037925,Zm00001eb288420,2.9114444910666863,2.9114444910666863,0.0188111888111888,6,13,0,CML247|CML322|HP301|M162W|Oh43|P39,B97|CML277|CML333|CML69|Il14H|Ki11|Ki3|Ky21|Mo18W|Ms71|NC358|Oh7B|Tx303
chr6,162664891,Zm00001eb289600,-1.881835007983475,1.881835007983475,0.039548112582254,7,8,4,CML322|CML69|Ky21|M162W|NC358|Oh43|Tx303,B97|CML247|CML277|CML333|HP301|Il14H|Ki11|Ki3|Mo18W|Ms71|Oh7B|P39
chr6,165528366,Zm00001eb290750,2.687972913495488,2.687972913495488,0.0188111888111888,8,10,1,B97|CML247|HP301|Ki3|Ky21|Oh7B|P39|Tx303,CML277|CML322|CML333|CML69|Il14H|Ki11|M162W|Mo18W|Ms71|NC358|Oh43
chr6,166984831,Zm00001eb291350,2.8153083422748817,2.8153083422748817,0.0450283574693023,3,14,2,Il14H|P39|Tx303,B97|CML247|CML277|CML322|CML333|CML69|HP301|Ki11|Ki3|Ky21|M162W|Mo18W|Ms71|NC358|Oh43|Oh7B
chr6,170739704,Zm00001eb293130,-3.7275814784711905,3.7275814784711905,0.0188111888111888,6,13,0,CML247|CML333|Il14H|Ky21|Oh43|P39,B97|CML277|CML322|CML69|HP301|Ki11|Ki3|M162W|Mo18W|Ms71|NC358|Oh7B|Tx303
chr6,172670934,Zm00001eb294000,2.0012701891866422,2.0012701891866422,0.039548112582254,9,10,0,B97|CML247|CML333|Ki11|Ki3|M162W|Mo18W|NC358|Tx303,CML277|CML322|CML69|HP301|Il14H|Ky21|Ms71|Oh43|Oh7B|P39
chr6,173977731,Zm00001eb294740,-1.9243978925261265,1.9243978925261265,0.0423031419387483,8,9,2,B97|CML247|CML322|CML333|HP301|Il14H|Ki3|Oh7B,CML277|CML69|Ki11|Ky21|M162W|Mo18W|Ms71|NC358|Oh43|P39|Tx303
chr6,175625843,Zm00001eb295670,-3.049368935343808,3.049368935343808,0.0188111888111888,8,11,0,B97|CML277|HP301|Ki11|Mo18W|Ms71|P39|Tx303,CML247|CML322|CML333|CML69|Il14H|Ki3|Ky21|M162W|NC358|Oh43|Oh7B
chr6,175938755,Zm00001eb295800,-2.572293252703069,2.572293252703069,0.0315288257270529,12,5,2,B97|CML247|CML322|CML69|Il14H|Ki3|Ky21|Mo18W|Ms71|NC358|Oh43|Oh7B|P39,CML277|CML333|HP301|M162W|Tx303
chr7,880702,Zm00001eb298140,-2.081148712700112,2.081148712700112,0.025625148844963,6,12,1,CML247|CML322|Il14H|M162W|Ms71|P39,B97|CML277|CML333|CML69|HP301|Ki11|Ki3|Ky21|Mo18W|NC358|Oh43|Oh7B|Tx303
chr7,1059198,Zm00001eb298180,-2.905709175966613,2.905709175966613,0.0188111888111888,13,6,0,B97|CML247|CML277|CML322|CML333|CML69|Ki11|Ki3|Ky21|Mo18W|NC358|Oh7B|Tx303,HP301|Il14H|M162W|Ms71|Oh43|P39
chr7,1401739,Zm00001eb298400,-2.4936713485215716,2.4936713485215716,0.0329976999744441,11,4,4,B97|CML247|CML277|CML322|CML333|HP301|Ki11|Ki3|Ky21|M162W|Ms71|Tx303,CML69|Il14H|Mo18W|NC358|Oh43|Oh7B|P39
chr7,5273290,Zm00001eb299970,2.493335649869251,2.493335649869251,0.0242656085696916,9,10,0,B97|CML247|CML322|CML333|CML69|HP301|Ki11|Ki3|P39,CML277|Il14H|Ky21|M162W|Mo18W|Ms71|NC358|Oh43|Oh7B|Tx303
chr7,6870529,Zm00001eb300490,2.4773540200623496,2.4773540200623496,0.0234529107256379,4,14,1,CML247|CML69|Ki11|Mo18W|Ms71,B97|CML277|CML322|CML333|HP301|Il14H|Ki3|Ky21|M162W|NC358|Oh43|Oh7B|P39|Tx303
chr7,10524518,Zm00001eb301430,-1.4359456092472174,1.4359456092472174,0.0268326165915843,8,11,0,Il14H|Ky21|M162W|Mo18W|NC358|Oh43|Oh7B|Tx303,B97|CML247|CML277|CML322|CML333|CML69|HP301|Ki11|Ki3|Ms71|P39
chr7,10719162,Zm00001eb301470,-1.3331421122645593,1.3331421122645593,0.0498621926919096,8,11,0,CML322|HP301|Il14H|Ky21|Ms71|Oh43|P39|Tx303,B97|CML247|CML277|CML333|CML69|Ki11|Ki3|M162W|Mo18W|NC358|Oh7B
chr7,10933578,Zm00001eb301540,5.061909574591178,5.061909574591178,0.0310074540843771,6,7,6,CML333|Ki11|Ki3|Ky21|M162W|P39,B97|CML247|CML277|CML322|CML69|HP301|Il14H|Mo18W|Ms71|NC358|Oh43|Oh7B|Tx303
chr7,13954725,Zm00001eb302270,-2.552939442944594,2.552939442944594,0.0207280059247336,5,12,2,CML247|CML333|Il14H|Ki11|Ki3|Ms71,B97|CML277|CML322|CML69|HP301|Ky21|M162W|Mo18W|NC358|Oh43|Oh7B|P39|Tx303
chr7,17959685,Zm00001eb302940,-4.686390244607297,4.686390244607297,0.0188111888111888,12,7,0,B97|CML277|Il14H|Ki11|Ki3|M162W|Mo18W|Ms71|Oh43|Oh7B|P39|Tx303,CML247|CML322|CML333|CML69|HP301|Ky21|NC358
chr7,18956238,Zm00001eb303060,-1.7875926306467889,1.7875926306467889,0.0348152462305054,5,13,1,CML277|CML69|Ki11|Ki3|Ms71,B97|CML247|CML322|CML333|HP301|Il14H|Ky21|M162W|Mo18W|NC358|Oh43|Oh7B|P39|Tx303
chr7,20132866,Zm00001eb303280,2.66532678268429,2.66532678268429,0.0203714572407656,6,12,1,CML322|CML333|CML69|Ki11|Ki3|M162W,B97|CML247|CML277|HP301|Il14H|Ky21|Mo18W|Ms71|NC358|Oh43|Oh7B|P39|Tx303
chr7,21757630,Zm00001eb303620,-2.369923834793785,2.369923834793785,0.0304485214356458,4,12,3,B97|CML277|Il14H|Ms71,CML247|CML322|CML333|CML69|HP301|Ki11|Ki3|Ky21|M162W|Mo18W|NC358|Oh43|Oh7B|P39|Tx303
chr7,22297801,Zm00001eb303740,2.5093168700910597,2.5093168700910597,0.0190825576505044,8,10,1,B97|CML69|Il14H|Mo18W|Ms71|Oh43|Oh7B|P39,CML247|CML277|CML322|CML333|HP301|Ki11|Ki3|Ky21|M162W|NC358|Tx303
chr7,24551813,Zm00001eb304110,-2.6149041861269624,2.6149041861269624,0.0387748524021069,4,10,5,CML277|Il14H|Ky21|NC358,B97|CML247|CML322|CML333|CML69|HP301|Ki11|Ki3|M162W|Mo18W|Ms71|Oh43|Oh7B|P39|Tx303
chr7,27378767,Zm00001eb304560,3.8414810666527024,3.8414810666527024,0.0226429045486012,4,15,0,CML322|Il14H|Ky21|P39,B97|CML247|CML277|CML333|CML69|HP301|Ki11|Ki3|M162W|Mo18W|Ms71|NC358|Oh43|Oh7B|Tx303
chr7,52719477,Zm00001eb307400,-2.282258721460169,2.282258721460169,0.0423031419387483,15,3,1,B97|CML247|CML277|CML322|CML333|CML69|HP301|Ki11|Ki3|Mo18W|Ms71|NC358|Oh43|Oh7B|Tx303,Il14H|Ky21|M162W|P39
chr7,82964676,Zm00001eb308990,-1.4127807266210728,1.4127807266210728,0.0188111888111888,8,10,1,HP301|Ki11|Ki3|M162W|Ms71|NC358|Oh43|P39,B97|CML247|CML277|CML322|CML333|CML69|Il14H|Ky21|Mo18W|Oh7B|Tx303
chr7,89902299,Zm00001eb309590,1.483412957501383,1.483412957501383,0.0450283574693023,7,11,1,CML247|CML322|CML69|Ki3|Ms71|NC358|Oh7B,B97|CML277|CML333|HP301|Il14H|Ki11|Ky21|M162W|Mo18W|Oh43|P39|Tx303
chr7,104978194,Zm00001eb311230,-3.004041531384752,3.004041531384752,0.0234529107256379,5,12,2,CML247|CML333|Ki3|Oh43|P39,B97|CML277|CML322|CML69|HP301|Il14H|Ki11|Ky21|M162W|Mo18W|Ms71|NC358|Oh7B|Tx303
chr7,112626983,Zm00001eb312020,-2.776015685879615,2.776015685879615,0.0188111888111888,11,8,0,CML247|CML322|CML69|HP301|Il14H|Ki11|Ki3|Ky21|Mo18W|NC358|Oh43,B97|CML277|CML333|M162W|Ms71|Oh7B|P39|Tx303
chr7,115955090,Zm00001eb312440,-1.95379483851799,1.95379483851799,0.0311895358527482,8,7,4,B97|CML322|CML333|CML69|Ms71|Oh7B|P39|Tx303,CML247|CML277|HP301|Il14H|Ki11|Ki3|Ky21|M162W|Mo18W|NC358|Oh43
chr7,121094007,Zm00001eb312990,5.4270744724144935,5.4270744724144935,0.0188111888111888,11,6,2,B97|CML333|HP301|Il14H|Ky21|M162W|NC358|Oh43|Oh7B|P39|Tx303,CML247|CML277|CML322|CML69|Ki11|Ki3|Mo18W|Ms71
chr7,123472084,Zm00001eb313460,-2.315207457748919,2.315207457748919,0.0315767463870279,5,10,4,B97|Il14H|Ki11|Mo18W|Tx303,CML247|CML277|CML322|CML333|CML69|HP301|Ki3|Ky21|M162W|Ms71|NC358|Oh43|Oh7B|P39
chr7,127366190,Zm00001eb314230,-1.7220254620463895,1.7220254620463895,0.0321512983526941,8,10,1,B97|CML322|CML69|Ki11|Ki3|Ky21|Oh43|P39,CML247|CML277|CML333|HP301|Il14H|M162W|Mo18W|Ms71|NC358|Oh7B|Tx303
chr7,136373078,Zm00001eb316180,2.0457408494500875,2.0457408494500875,0.0457762769549841,7,10,2,B97|CML247|CML333|HP301|Il14H|NC358|P39,CML277|CML322|CML69|Ki11|Ki3|Ky21|M162W|Mo18W|Ms71|Oh43|Oh7B|Tx303
chr7,137154179,Zm00001eb316410,3.622077143871217,3.622077143871217,0.0188111888111888,8,11,0,CML322|CML333|HP301|Il14H|Ki3|M162W|NC358|P39,B97|CML247|CML277|CML69|Ki11|Ky21|Mo18W|Ms71|Oh43|Oh7B|Tx303
chr7,152794976,Zm00001eb320760,2.359105314688309,2.359105314688309,0.0224509667547642,11,5,3,CML277|CML322|CML69|HP301|Ki3|Ky21|Mo18W|NC358|Oh43|Oh7B|P39,B97|CML247|CML333|Ki11|M162W
chr7,152901826,Zm00001eb320800,2.376782648274342,2.376782648274342,0.0467798968175757,5,11,3,CML322|CML69|Mo18W|Oh7B|P39,B97|CML247|CML277|CML333|HP301|Il14H|Ki11|Ki3|Ky21|M162W|Ms71|NC358|Oh43|Tx303
chr7,162221242,Zm00001eb322690,-5.814676515804214,5.814676515804214,0.0188111888111888,6,11,2,CML247|CML277|Ki11|M162W|Oh7B|Tx303,B97|CML322|CML333|CML69|HP301|Il14H|Ki3|Ky21|Mo18W|Ms71|NC358|Oh43|P39
chr7,164514551,Zm00001eb323490,-2.505228500913015,2.505228500913015,0.0315288257270529,14,4,1,CML322|CML333|CML69|Il14H|Ki11|Ki3|Ky21|M162W|Mo18W|Ms71|NC358|Oh7B|P39|Tx303,B97|CML277|HP301|Oh43
chr7,164771432,Zm00001eb323570,-2.326173244124276,2.326173244124276,0.0240091484673528,14,5,0,B97|CML247|CML322|CML333|CML69|HP301|Il14H|Ki11|Mo18W|Ms71|Oh43|Oh7B|P39|Tx303,CML277|Ki3|Ky21|M162W|NC358
chr7,169218303,Zm00001eb325330,-2.856167218397106,2.856167218397106,0.0207280059247336,6,13,0,CML277|HP301|Ki11|Ki3|Mo18W|Tx303,B97|CML247|CML322|CML333|CML69|Il14H|Ky21|M162W|Ms71|NC358|Oh43|Oh7B|P39
chr7,169303840,Zm00001eb325370,-2.7983655340285414,2.7983655340285414,0.0234529107256379,10,5,4,B97|CML247|CML322|Il14H|Ki3|Ky21|M162W|Ms71|Oh43|Oh7B,CML277|CML333|CML69|HP301|Ki11|Mo18W|NC358|P39|Tx303
chr7,173331955,Zm00001eb327030,-2.6794854885435906,2.6794854885435906,0.0234529107256379,8,7,4,B97|CML322|CML69|Il14H|Ki11|Ky21|M162W|NC358|Oh7B|P39|Tx303,CML247|CML277|CML333|HP301|Ki3|Mo18W|Ms71|Oh43
chr7,173667431,Zm00001eb327110,-2.1224344819281495,2.1224344819281495,0.039548112582254,7,8,4,CML277|CML322|CML69|HP301|Il14H|Ki3|M162W,B97|CML247|CML333|Ki11|Ky21|Mo18W|Oh7B|P39
chr7,174664944,Zm00001eb327480,-1.751090382141502,1.751090382141502,0.0247644947258362,7,10,2,CML322|Il14H|Ki3|M162W|Mo18W|Ms71|Oh43,B97|CML247|CML277|CML333|HP301|Ki11|Ky21|NC358|Oh7B|P39|Tx303
chr7,175668363,Zm00001eb327810,1.7000016003088825,1.7000016003088825,0.0311749805466796,14,5,0,CML247|CML277|CML322|CML333|CML69|Il14H|Ki11|Ki3|M162W|Ms71|NC358|Oh43|P39|Tx303,B97|HP301|Ky21|Mo18W|Oh7B
chr7,175680502,Zm00001eb327830,-2.3878964371314235,2.3878964371314235,0.0188111888111888,6,11,2,CML333|Il14H|Ki11|Mo18W|P39|Tx303,B97|CML247|CML277|CML322|CML69|HP301|Ki3|Ky21|M162W|Ms71|NC358|Oh43|Oh7B
chr7,176262487,Zm00001eb328010,-1.9647970392261265,1.9647970392261265,0.0423031419387483,8,9,2,B97|CML277|CML322|HP301|Ms71|NC358|Oh43|Tx303,CML247|CML333|CML69|Il14H|Ki11|Ki3|Ky21|Oh7B|P39
chr7,176970350,Zm00001eb328440,-6.513330994649963,6.513330994649963,0.0423031419387483,3,15,1,B97|HP301|Ky21,CML247|CML277|CML322|CML333|CML69|Il14H|Ki11|Ki3|M162W|Mo18W|Ms71|NC358|Oh43|Oh7B|P39|Tx303
chr7,179464147,Zm00001eb329360,4.1646562021484925,4.1646562021484925,0.0224509667547642,5,11,3,CML247|CML322|Il14H|Mo18W|Tx303,B97|CML277|CML333|CML69|HP301|Ki11|Ki3|Ky21|M162W|Ms71|NC358|Oh7B|P39
chr7,179751510,Zm00001eb329550,-1.8798292276384685,1.8798292276384685,0.0210966603489967,9,7,3,B97|CML322|CML333|HP301|Ki11|Ky21|Ms71|P39|Tx303,CML247|CML277|CML69|Il14H|M162W|Mo18W|NC358|Oh43|Oh7B
chr7,180810886,Zm00001eb329970,2.173099184046629,2.173099184046629,0.0234529107256379,11,6,2,B97|CML277|CML322|CML333|HP301|Il14H|Ky21|M162W|NC358|P39|Tx303,CML247|CML69|Ki11|Ki3|Ms71|Oh43|Oh7B
chr7,181733597,Zm00001eb330450,-2.9306116708948107,2.9306116708948107,0.0465722136784239,4,15,0,CML277|CML322|Ki11|Mo18W,B97|CML247|CML333|CML69|HP301|Il14H|Ki3|Ky21|M162W|Ms71|NC358|Oh43|Oh7B|P39|Tx303
chr7,184184149,Zm00001eb331730,-2.510958997747418,2.510958997747418,0.0315288257270529,14,4,1,B97|CML247|CML277|CML322|CML333|CML69|HP301|Ki11|Ki3|Ky21|M162W|NC358|Oh43|Oh7B|Tx303,Il14H|Mo18W|Ms71|P39
chr8,1617992,Zm00001eb332500,2.437675494292419,2.437675494292419,0.0497278422512067,3,13,3,CML322|CML333|Oh43,B97|CML247|CML277|CML69|HP301|Il14H|Ki11|Ki3|Ky21|M162W|Mo18W|Ms71|NC358|Oh7B|P39|Tx303
chr8,1749181,Zm00001eb332530,-1.1478488548900925,1.1478488548900925,0.0311895358527482,7,10,2,CML247|CML69|Ki3|Ky21|Oh43|Oh7B|P39,B97|CML277|CML322|CML333|HP301|Il14H|Ki11|M162W|Mo18W|Ms71|NC358|Tx303
chr8,8506709,Zm00001eb334370,2.5248681663994876,2.5248681663994876,0.0428200920646902,5,7,7,CML322|CML69|Il14H|Mo18W|Oh43,B97|CML247|CML277|CML333|HP301|Ki11|Ki3|Ky21|M162W|Ms71|NC358|Oh7B|P39|Tx303
chr8,8775687,Zm00001eb334480,-2.4471928673778685,2.4471928673778685,0.0304485214356458,4,12,3,Il14H|M162W|Oh43|P39,B97|CML247|CML277|CML322|CML333|CML69|HP301|Ki11|Ki3|Ky21|Mo18W|Ms71|NC358|Oh7B|Tx303
chr8,10520954,Zm00001eb334810,-1.9462046699975093,1.9462046699975093,0.0454905595971426,6,10,3,CML322|CML333|Ki11|Ky21|M162W|NC358,CML247|CML277|CML69|HP301|Il14H|Ki3|Mo18W|Ms71|Oh43|Oh7B|P39|Tx303
chr8,13302694,Zm00001eb335380,3.8109937345835183,3.8109937345835183,0.0207280059247336,10,9,0,B97|CML247|CML277|CML69|HP301|Il14H|Ki11|M162W|Mo18W|NC358,CML322|CML333|Ki3|Ky21|Ms71|Oh43|Oh7B|P39|Tx303
chr8,14488803,Zm00001eb335790,-5.730815164538821,5.730815164538821,0.0388109050467402,3,16,0,B97|Il14H|P39,CML247|CML277|CML322|CML333|CML69|HP301|Ki11|Ki3|Ky21|M162W|Mo18W|Ms71|NC358|Oh43|Oh7B|Tx303
chr8,14821883,Zm00001eb335870,-2.0682081316758447,2.0682081316758447,0.0325252403119521,13,6,0,B97|CML247|CML277|CML322|CML333|CML69|HP301|Ki3|Ky21|Mo18W|Ms71|NC358|Tx303,Il14H|Ki11|M162W|Oh43|Oh7B|P39
chr8,17930775,Zm00001eb336750,1.4278999050363927,1.4278999050363927,0.0188111888111888,12,7,0,B97|CML277|CML333|CML69|Ki11|Ki3|Ky21|M162W|Ms71|Oh43|Oh7B|Tx303,CML247|CML322|HP301|Il14H|Mo18W|NC358|P39
chr8,19585956,Zm00001eb337140,-2.5272997434692557,2.5272997434692557,0.0207280059247336,13,6,0,B97|CML277|CML333|CML69|HP301|Ki11|Ki3|Ky21|NC358|Oh43|Oh7B|P39|Tx303,CML247|CML322|Il14H|M162W|Mo18W|Ms71
chr8,22431123,Zm00001eb337820,3.057842496153543,3.057842496153543,0.0188111888111888,8,11,0,B97|CML322|Ki11|Ki3|Ky21|M162W|Oh7B|P39,CML247|CML277|CML333|CML69|HP301|Il14H|Mo18W|Ms71|NC358|Oh43|Tx303
chr8,35510978,Zm00001eb339970,2.2879860081957872,2.2879860081957872,0.0310074540843771,7,6,6,CML277|HP301|Ki3|Ky21|M162W|Mo18W|Ms71,B97|CML247|CML322|CML333|CML69|Il14H|Ki11|NC358|Oh43|Oh7B|P39|Tx303
chr8,63618585,Zm00001eb342350,-2.869637650985566,2.869637650985566,0.0234529107256379,6,8,5,CML333|HP301|Il14H|Mo18W|Ms71|P39,B97|CML247|CML277|CML322|CML69|Ki11|Ki3|Ky21|M162W|NC358|Oh43|Oh7B|Tx303
chr8,74324726,Zm00001eb344390,5.125252714907451,5.125252714907451,0.0234529107256379,10,5,4,CML277|CML333|HP301|Il14H|M162W|Mo18W|Ms71|Oh43|Oh7B|P39,B97|CML247|CML322|Ki11|Ki3|Tx303
chr8,95195123,Zm00001eb347380,-2.113338649333199,2.113338649333199,0.0443649214070538,8,6,5,B97|CML247|CML322|CML333|HP301|Ki11|Mo18W|NC358,CML277|CML69|Il14H|Ki3|Ky21|M162W|Ms71|Oh43|Oh7B|P39|Tx303
chr8,107751729,Zm00001eb349530,-6.414710185889344,6.414710185889344,0.0497278422512067,3,13,3,Il14H|P39|Tx303,B97|CML247|CML277|CML333|CML69|HP301|Ki11|Ki3|Ky21|M162W|Mo18W|Ms71|NC358|Oh43|Oh7B
chr8,111330142,Zm00001eb350050,2.270372570453316,2.270372570453316,0.0402748203353739,5,12,2,CML322|Ki11|Ki3|M162W|Mo18W,B97|CML247|CML277|CML333|CML69|HP301|Il14H|Ky21|Ms71|NC358|Oh43|Oh7B|P39|Tx303
chr8,116309207,Zm00001eb350800,3.043002445624664,3.043002445624664,0.0310074540843771,6,7,6,B97|Il14H|Ki3|Ms71|Oh43|P39,CML277|CML322|Ki11|Ky21|Mo18W|NC358|Oh7B|Tx303
chr8,120328484,Zm00001eb351640,4.244194216337269,4.244194216337269,0.0387748524021069,10,4,5,B97|CML322|CML333|CML69|Ki3|Ky21|M162W|Mo18W|Ms71|Oh43|Tx303,CML247|CML277|HP301|Il14H|Ki11|NC358|Oh7B|P39
chr8,120770399,Zm00001eb351780,-2.2373508295204845,2.2373508295204845,0.039548112582254,6,6,7,CML247|CML277|Ki11|Ky21|M162W|Ms71,B97|HP301|Il14H|Ki3|Mo18W|NC358|Oh43|Oh7B|Tx303
chr8,121249849,Zm00001eb351910,-2.6652840215089357,2.6652840215089357,0.0450283574693023,11,4,4,B97|CML247|CML322|CML333|CML69|HP301|Ki11|Mo18W|NC358|Oh7B|Tx303,CML277|Il14H|Ki3|Ky21|M162W|Ms71|Oh43|P39
chr8,121472803,Zm00001eb351960,1.470523439041034,1.470523439041034,0.0450283574693023,4,9,6,Il14H|Ki3|Ms71|P39,CML247|CML333|CML69|HP301|Ki11|Ky21|M162W|NC358|Oh43|Tx303
chr8,122598520,Zm00001eb352310,5.150081652451887,5.150081652451887,0.0269464077021537,4,13,2,Ki11|Ki3|Ky21|Mo18W,B97|CML247|CML277|CML322|CML333|CML69|HP301|Il14H|M162W|Ms71|NC358|Oh43|Oh7B|P39|Tx303
chr8,125692145,Zm00001eb352940,-2.9148668990011504,2.9148668990011504,0.0497278422512067,3,13,3,CML277|Ki11|Oh7B,B97|CML247|CML322|CML333|CML69|HP301|Il14H|Ki3|Ky21|M162W|Mo18W|Ms71|NC358|Oh43|P39|Tx303
chr8,132884231,Zm00001eb354530,-2.7259268863491086,2.7259268863491086,0.0188111888111888,8,10,1,B97|CML69|Il14H|Ki3|M162W|Oh7B|P39|Tx303,CML247|CML277|CML322|CML333|HP301|Ki11|Ky21|Mo18W|Ms71|NC358|Oh43
chr8,135407191,Zm00001eb355170,7.387917666386748,7.387917666386748,0.0224509667547642,5,11,3,CML247|HP301|Il14H|Ms71|P39,B97|CML277|CML322|CML333|CML69|Ki11|Ki3|Ky21|M162W|Mo18W|NC358|Oh43|Oh7B|Tx303
chr8,138292923,Zm00001eb356090,-2.489816512747927,2.489816512747927,0.0315767463870279,10,5,4,CML247|CML322|CML333|CML69|Il14H|Ky21|M162W|Mo18W|Ms71|P39,B97|CML277|HP301|Ki11|Ki3|NC358|Oh43|Oh7B|Tx303
chr8,139542115,Zm00001eb356410,1.002036770545491,1.002036770545491,0.0450283574693023,3,14,2,Il14H|Ms71|P39,B97|CML247|CML277|CML322|CML333|CML69|HP301|Ki11|Ki3|Ky21|M162W|Mo18W|NC358|Oh43|Oh7B|Tx303
chr8,139633555,Zm00001eb356430,-2.9344690963873594,2.9344690963873594,0.0203714572407656,10,7,2,CML247|CML277|CML322|HP301|Il14H|Ki3|Ky21|Ms71|Oh7B|P39,B97|CML333|CML69|Ki11|M162W|Mo18W|NC358|Oh43|Tx303
chr8,141846950,Zm00001eb356920,2.1281626349460367,2.1281626349460367,0.0294052452107163,5,9,5,CML322|HP301|M162W|NC358|Oh7B,B97|CML247|CML277|CML333|CML69|Il14H|Ki11|Ki3|Ky21|Mo18W|Ms71|Oh43|P39|Tx303
chr8,143422255,Zm00001eb357290,-1.3467381600489003,1.3467381600489003,0.039548112582254,4,12,3,CML277|HP301|Mo18W|NC358,B97|CML247|CML322|CML333|CML69|Il14H|Ki11|Ki3|Ky21|M162W|Ms71|Oh43|Oh7B|P39|Tx303
chr8,143696517,Zm00001eb357340,2.3397966562317483,2.3397966562317483,0.0387748524021069,5,9,5,CML322|CML333|Il14H|Mo18W|Oh7B,CML247|CML277|CML69|HP301|Ki11|Ki3|M162W|Ms71|NC358|Oh43|Tx303
chr8,144808376,Zm00001eb357600,2.6331342190462195,2.6331342190462195,0.0242290804008156,7,9,3,B97|CML277|CML322|HP301|M162W|Mo18W|Ms71|Oh7B,CML247|CML333|CML69|Ki11|Ki3|Ky21|NC358|Oh43|P39|Tx303
chr8,148019718,Zm00001eb358310,4.062382971328123,4.062382971328123,0.0387748524021069,4,10,5,HP301|Ky21|NC358|Oh7B,B97|CML247|CML277|CML322|CML333|CML69|Il14H|Ki11|Ki3|M162W|Mo18W|Ms71|Oh43|P39|Tx303
chr8,148220192,Zm00001eb358380,3.606833458385681,3.606833458385681,0.0188111888111888,14,5,0,CML247|CML277|CML322|CML333|CML69|HP301|Ki11|Ki3|M162W|Mo18W|Ms71|NC358|Oh43|Tx303,B97|Il14H|Ky21|Oh7B|P39
chr8,149082352,Zm00001eb358690,3.271785325755113,3.271785325755113,0.0207280059247336,9,10,0,CML247|CML277|CML333|CML69|Ki11|Ky21|M162W|NC358|Tx303,B97|CML322|HP301|Il14H|Ki3|Mo18W|Ms71|Oh43|Oh7B|P39
chr8,151310228,Zm00001eb359400,4.113862535067752,4.113862535067752,0.0310074540843771,6,7,6,CML333|CML69|HP301|Il14H|Ki11|Ms71,B97|CML247|CML277|CML322|Ky21|M162W|NC358|Oh43|Oh7B|P39|Tx303
chr8,154803605,Zm00001eb360330,2.4156289925880072,2.4156289925880072,0.0203714572407656,5,13,1,CML69|HP301|Il14H|Oh43|P39,B97|CML247|CML277|CML322|CML333|Ki11|Ki3|Ky21|M162W|Mo18W|Ms71|NC358|Oh7B|Tx303
chr8,158078802,Zm00001eb361180,2.784443667316501,2.784443667316501,0.0315288257270529,12,5,2,CML277|CML322|CML69|Il14H|Ki11|Ki3|Mo18W|NC358|Oh43|Oh7B|P39|Tx303,B97|CML247|CML333|HP301|Ky21|M162W|Ms71
chr8,160124268,Zm00001eb361900,3.050999025132883,3.050999025132883,0.0329976999744441,4,11,4,B97|Ky21|Oh43|Oh7B,CML247|CML277|CML322|CML333|CML69|HP301|Il14H|Ki11|Ki3|M162W|Mo18W|Ms71|NC358|P39|Tx303
chr8,162966385,Zm00001eb362270,2.791335446100365,2.791335446100365,0.0304485214356458,7,10,2,CML322|CML333|Il14H|Ki11|M162W|NC358|P39,B97|CML247|CML277|CML69|HP301|Ki3|Ky21|Mo18W|Ms71|Oh43|Oh7B|Tx303
chr8,165905195,Zm00001eb363480,-2.543557184954071,2.543557184954071,0.0224509667547642,11,7,1,B97|CML247|CML277|CML322|CML333|CML69|Il14H|Ki11|Ki3|Ms71|P39,HP301|Ky21|M162W|Mo18W|NC358|Oh43|Oh7B|Tx303
chr8,166221363,Zm00001eb363730,2.819579796012812,2.819579796012812,0.0226429045486012,4,15,0,HP301|Il14H|Mo18W|Oh43,B97|CML247|CML277|CML322|CML333|CML69|Ki11|Ki3|Ky21|M162W|Ms71|NC358|Oh7B|P39|Tx303
chr8,166609169,Zm00001eb363880,1.9709685441101807,1.9709685441101807,0.0294052452107163,8,9,2,CML277|CML69|HP301|Ki11|Mo18W|NC358|Oh43|P39,B97|CML247|CML322|CML333|Il14H|Ki3|Ky21|M162W|Ms71|Oh7B|Tx303
chr8,167523808,Zm00001eb364260,2.024191433349474,2.024191433349474,0.0321512983526941,8,10,1,B97|CML247|CML277|Il14H|Ky21|Oh43|Oh7B|P39,CML322|CML333|CML69|HP301|Ki11|Ki3|M162W|Mo18W|Ms71|NC358|Tx303
chr8,167835862,Zm00001eb364360,3.2527941695374234,3.2527941695374234,0.0203714572407656,5,13,1,B97|Il14H|Ky21|Oh43|P39,CML247|CML277|CML322|CML333|CML69|HP301|Ki11|Ki3|M162W|Mo18W|Ms71|NC358|Oh7B|Tx303
chr8,168498954,Zm00001eb364700,3.596626692460872,3.596626692460872,0.0234529107256379,4,14,1,Il14H|Ms71|Oh7B|P39,B97|CML247|CML277|CML322|CML333|CML69|HP301|Ki11|Ki3|Ky21|M162W|Mo18W|NC358|Oh43|Tx303
chr8,169330104,Zm00001eb365060,2.194329974718386,2.194329974718386,0.0338267581908725,8,9,2,CML247|CML322|CML333|CML69|Ki11|Ki3|NC358|Oh43|Tx303,B97|CML277|HP301|Il14H|Ky21|M162W|Mo18W|Ms71|Oh7B|P39
chr8,170000212,Zm00001eb365530,3.918592705554616,3.918592705554616,0.0338267581908725,5,8,6,B97|CML247|CML322|Ki3|Tx303,CML277|CML333|CML69|HP301|Il14H|Ki11|Ky21|M162W|Mo18W|Ms71|NC358|Oh43|Oh7B|P39
chr8,170468152,Zm00001eb365690,2.0716104883894,2.0716104883894,0.0388109050467402,3,16,0,Il14H|Ms71|P39,B97|CML247|CML277|CML322|CML333|CML69|HP301|Ki11|Ki3|Ky21|M162W|Mo18W|NC358|Oh43|Oh7B|Tx303
chr8,170688841,Zm00001eb365760,4.111746613288651,4.111746613288651,0.0188111888111888,8,11,0,CML247|CML322|CML333|HP301|Il14H|M162W|NC358|P39,B97|CML277|CML69|Ki11|Ki3|Ky21|Mo18W|Ms71|Oh43|Oh7B|Tx303
chr8,170726288,Zm00001eb365780,2.983379014839409,2.983379014839409,0.0188111888111888,8,8,3,CML247|CML277|Ki11|Ky21|Mo18W|Ms71|P39|Tx303,B97|CML322|CML333|CML69|HP301|Il14H|Ki3|M162W|NC358|Oh43|Oh7B
chr8,170841016,Zm00001eb365820,2.1078338164841717,2.1078338164841717,0.0348152462305054,5,13,1,CML277|CML322|CML333|Mo18W|Oh43|Oh7B,B97|CML247|CML69|HP301|Il14H|Ki11|Ki3|Ky21|M162W|Ms71|NC358|P39|Tx303
chr8,173983761,Zm00001eb367290,1.846391553585101,1.846391553585101,0.0188111888111888,5,14,0,CML333|HP301|Il14H|Ki11|P39,B97|CML247|CML277|CML322|CML69|Ki3|Ky21|M162W|Mo18W|Ms71|NC358|Oh43|Oh7B|Tx303
chr8,177936963,Zm00001eb369360,-2.519296049239762,2.519296049239762,0.0388109050467402,3,16,0,CML333|M162W|Oh7B,B97|CML247|CML277|CML322|CML69|HP301|Il14H|Ki11|Ki3|Ky21|Mo18W|Ms71|NC358|Oh43|P39|Tx303
chr8,178310904,Zm00001eb369690,1.8560892252708696,1.8560892252708696,0.0370024151105208,8,11,0,B97|CML333|HP301|Il14H|Ki3|M162W|Oh7B|P39,CML247|CML277|CML322|CML69|Ki11|Ky21|Mo18W|Ms71|NC358|Oh43|Tx303
chr8,179708135,Zm00001eb370370,-2.658557680019747,2.658557680019747,0.0188111888111888,6,13,0,CML322|CML333|Ki11|Ky21|Mo18W|Oh7B,B97|CML247|CML277|CML69|HP301|Il14H|Ki3|M162W|Ms71|NC358|Oh43|P39|Tx303
chr8,179956982,Zm00001eb370480,-2.015279933830635,2.015279933830635,0.039548112582254,4,12,3,B97|CML69|Ki3|Ms71,CML247|CML277|CML322|CML333|HP301|Il14H|Ki11|Ky21|M162W|Mo18W|NC358|Oh43|Oh7B|P39|Tx303
chr8,179956982,Zm00001eb370490,5.369328196090953,5.369328196090953,0.0226429045486012,4,15,0,B97|CML69|Ki3|Ms71,CML247|CML277|CML322|CML333|HP301|Il14H|Ki11|Ky21|M162W|Mo18W|NC358|Oh43|Oh7B|P39|Tx303
chr8,181585871,Zm00001eb371150,-1.9059675586076643,1.9059675586076643,0.0450283574693023,4,11,4,B97|CML322|M162W|NC358,CML247|CML333|CML69|HP301|Ki11|Ki3|Ky21|Mo18W|Ms71|Oh43|Oh7B|Tx303
chr8,181685300,Zm00001eb371180,-2.4216835827902803,2.4216835827902803,0.0450283574693023,3,14,2,B97|Il14H|M162W,CML247|CML277|CML322|CML333|CML69|HP301|Ki11|Ki3|Ky21|Mo18W|Ms71|NC358|Oh7B|P39|Tx303
chr9,2221701,Zm00001eb371520,-1.8181388931208795,1.8181388931208795,0.0457762769549841,10,7,2,CML247|CML322|CML333|CML69|HP301|Ki3|Ky21|M162W|Mo18W|Ms71|Tx303,B97|CML277|Il14H|Ki11|NC358|Oh43|P39
chr9,10900844,Zm00001eb373600,2.3386125552092167,2.3386125552092167,0.0203714572407656,10,6,3,CML333|HP301|Ki11|Ky21|M162W|Mo18W|NC358|Oh43|Oh7B|Tx303,B97|CML247|CML277|CML322|CML69|Il14H|Ki3|Ms71|P39
chr9,13076932,Zm00001eb374170,-2.8780626893577255,2.8780626893577255,0.0269464077021537,13,4,2,CML277|CML322|CML333|CML69|HP301|Il14H|Ki11|Ki3|Ky21|Mo18W|Ms71|NC358|Oh7B|Tx303,B97|CML247|M162W|Oh43|P39
chr9,13463701,Zm00001eb374330,1.6181686821158872,1.6181686821158872,0.0474791629035171,7,9,3,B97|CML277|CML69|Ky21|M162W|NC358|Tx303,CML247|CML322|CML333|HP301|Il14H|Ki11|Ki3|Mo18W|Ms71|Oh43|Oh7B|P39
chr9,14320547,Zm00001eb374580,1.8971760421948416,1.8971760421948416,0.0474791629035171,7,9,3,B97|CML69|Ki11|Ki3|Ky21|Mo18W|NC358,CML247|CML277|CML322|CML333|HP301|Il14H|M162W|Ms71|Oh43|Oh7B|P39|Tx303
chr9,17538945,Zm00001eb375480,2.889897845155618,2.889897845155618,0.0450283574693023,3,14,2,B97|Ky21|Ms71,CML247|CML277|CML322|CML333|CML69|HP301|Il14H|Ki11|Ki3|M162W|Mo18W|NC358|Oh43|Oh7B|P39|Tx303
chr9,18132531,Zm00001eb375670,-3.623948571308909,3.623948571308909,0.0329976999744441,11,4,4,CML247|CML277|CML322|CML333|CML69|Ki11|Ki3|Ky21|Mo18W|Oh43|P39,B97|HP301|Il14H|M162W|Ms71|NC358|Oh7B|Tx303
chr9,18311524,Zm00001eb375690,-3.0463858326444253,3.0463858326444253,0.0188111888111888,6,12,1,B97|CML69|Il14H|Ky21|NC358|Tx303,CML247|CML277|CML322|CML333|HP301|Ki11|Ki3|M162W|Mo18W|Ms71|Oh43|Oh7B|P39
chr9,25715058,Zm00001eb378280,2.2972309314081407,2.2972309314081407,0.0315288257270529,4,14,1,CML277|Il14H|NC358|P39,B97|CML247|CML322|CML333|CML69|HP301|Ki11|Ki3|Ky21|M162W|Mo18W|Ms71|Oh43|Oh7B|Tx303
chr9,27458565,Zm00001eb378780,2.103731474270827,2.103731474270827,0.0478343284411486,4,13,2,CML322|CML333|CML69|HP301,B97|CML247|CML277|Il14H|Ki11|Ki3|Ky21|M162W|Mo18W|Ms71|NC358|Oh43|Oh7B|P39|Tx303
chr9,27730744,Zm00001eb378830,-1.5108370808028817,1.5108370808028817,0.0457762769549841,7,10,2,CML247|CML277|CML322|CML69|Ky21|Mo18W|Ms71,B97|CML333|HP301|Il14H|Ki11|Ki3|M162W|NC358|Oh43|Oh7B|P39|Tx303
chr9,28619502,Zm00001eb379070,3.622352488728783,3.622352488728783,0.0219377080393704,9,6,4,B97|CML247|CML69|Ky21|M162W|Ms71|NC358|Oh7B|Tx303,CML277|CML322|CML333|Ki3|Mo18W|P39
chr9,28971025,Zm00001eb379200,-2.094570252486709,2.094570252486709,0.0370024151105208,8,11,0,CML277|CML69|Ki11|Ki3|M162W|Oh43|Oh7B|P39,B97|CML247|CML322|CML333|HP301|Il14H|Ky21|Mo18W|Ms71|NC358|Tx303
chr9,32735822,Zm00001eb379770,-4.225863212824155,4.225863212824155,0.0234529107256379,4,14,1,B97|CML247|Ki11|M162W,CML277|CML322|CML333|CML69|HP301|Il14H|Ki3|Ky21|Mo18W|Ms71|NC358|Oh43|Oh7B|P39|Tx303
chr9,43137149,Zm00001eb381110,3.0630036140548107,3.0630036140548107,0.0188111888111888,6,11,2,CML69|Il14H|M162W|Ms71|P39|Tx303,B97|CML247|CML277|CML322|CML333|HP301|Ki11|Ki3|Ky21|Mo18W|NC358|Oh43|Oh7B
chr9,78690049,Zm00001eb384580,-2.0187491728805615,2.0187491728805615,0.0402748203353739,12,5,2,B97|CML277|CML322|CML333|CML69|Ki11|Ki3|Ky21|M162W|NC358|P39|Tx303,HP301|Il14H|Mo18W|Ms71|Oh43|Oh7B
chr9,86940666,Zm00001eb385310,-5.4563074515983665,5.4563074515983665,0.0203714572407656,10,6,3,B97|CML69|Ki3|Ky21|M162W|Ms71|NC358|Oh43|Oh7B|P39,CML277|CML333|HP301|Il14H|Ki11|Mo18W|Tx303
chr9,89409471,Zm00001eb385600,-1.945641899503812,1.945641899503812,0.0387748524021069,10,7,2,B97|CML247|CML277|CML322|CML333|CML69|Ki3|Ky21|M162W|Oh7B,HP301|Il14H|Ki11|Mo18W|Ms71|NC358|Oh43|P39|Tx303
chr9,95715345,Zm00001eb386410,-4.2711141341040735,4.2711141341040735,0.0234529107256379,10,5,4,B97|CML277|CML322|CML333|CML69|Ki11|Ki3|M162W|Mo18W|NC358,CML247|HP301|Ky21|Ms71|Oh7B|P39
chr9,97686378,Zm00001eb386670,-3.54469480317845,3.54469480317845,0.0234529107256379,8,6,5,B97|CML277|CML333|CML69|Mo18W|Ms71|NC358|Oh7B,CML247|CML322|HP301|Il14H|Ki11|Ki3|Ky21|M162W|Oh43|P39|Tx303
chr9,98802774,Zm00001eb386920,4.391702011792004,4.391702011792004,0.0338267581908725,5,8,6,Il14H|Ky21|Oh43|Oh7B|P39,B97|CML247|CML277|CML322|CML333|CML69|HP301|Ki11|Ki3|Mo18W|Ms71|NC358|Tx303
chr9,102589516,Zm00001eb387530,3.517068454399342,3.517068454399342,0.0269464077021537,4,13,2,B97|CML322|CML69|Ki11,CML247|CML277|CML333|HP301|Il14H|Ki3|Ky21|M162W|Mo18W|Ms71|NC358|Oh43|Oh7B|P39|Tx303
chr9,105100312,Zm00001eb388040,2.546970347607554,2.546970347607554,0.0321512983526941,13,6,0,B97|CML247|CML322|CML333|HP301|Il14H|Ki11|Ki3|M162W|NC358|Oh43|Oh7B|Tx303,CML277|CML69|Ky21|Mo18W|Ms71|P39
chr9,114028069,Zm00001eb389750,-1.570640510225311,1.570640510225311,0.0450283574693023,3,14,2,CML322|Ki3|NC358,B97|CML247|CML277|CML333|CML69|HP301|Il14H|Ki11|Ky21|M162W|Mo18W|Ms71|Oh43|Oh7B|P39|Tx303
chr9,118104984,Zm00001eb390480,-2.5792444565528156,2.5792444565528156,0.0203714572407656,7,11,1,CML247|CML277|CML333|Il14H|Mo18W|NC358|Oh43,B97|CML322|CML69|HP301|Ki11|Ki3|Ky21|M162W|Ms71|Oh7B|P39|Tx303
chr9,118437958,Zm00001eb390560,2.6247022196235013,2.6247022196235013,0.0450283574693023,3,14,2,CML277|CML69|Ki11|Ky21,B97|CML247|CML322|CML333|HP301|Il14H|Ki3|M162W|Mo18W|Ms71|NC358|Oh43|Oh7B|P39|Tx303
chr9,118637912,Zm00001eb390620,3.000648476281756,3.000648476281756,0.0310074540843771,6,7,6,CML247|CML322|CML69|Ki11|Ki3|Mo18W|Ms71|NC358,B97|CML277|CML333|HP301|Il14H|Ky21|M162W|Oh43|Oh7B|P39|Tx303
chr9,118637912,Zm00001eb390630,2.6281076190415016,2.6281076190415016,0.0428200920646902,7,5,7,CML247|CML322|CML69|Ki11|Ki3|Mo18W|Ms71|NC358,B97|CML277|CML333|HP301|Il14H|Ky21|M162W|Oh43|Oh7B|P39|Tx303
chr9,120197239,Zm00001eb391000,-3.6825842980269456,3.6825842980269456,0.0294052452107163,9,5,5,B97|CML247|CML277|CML322|CML333|Ky21|Ms71|NC358|Oh7B|P39|Tx303,CML69|HP301|Il14H|Ki11|Ki3|M162W|Mo18W|Oh43
chr9,122118336,Zm00001eb391500,-2.465390847641111,2.465390847641111,0.0288882326093376,13,5,1,B97|CML247|CML277|CML322|CML333|CML69|Ki11|Ki3|M162W|Mo18W|NC358|Oh43|Tx303,HP301|Ky21|Ms71|Oh7B|P39
chr9,124884985,Zm00001eb392270,-3.042346253705929,3.042346253705929,0.0188111888111888,9,7,3,CML277|CML322|CML69|HP301|Il14H|Ki3|Mo18W|NC358|Oh7B,B97|CML247|CML333|Ki11|Ky21|M162W|Ms71|Oh43|P39|Tx303
chr9,125649370,Zm00001eb392420,2.5552530787738763,2.5552530787738763,0.0387748524021069,7,10,2,CML277|CML322|CML333|Ki3|Ky21|Ms71|NC358,B97|CML247|CML69|HP301|Il14H|Ki11|M162W|Mo18W|Oh43|Oh7B|P39|Tx303
chr9,126371314,Zm00001eb392580,1.269886683524992,1.269886683524992,0.0376566109050185,11,5,3,B97|CML247|CML277|CML322|CML69|HP301|M162W|Mo18W|Ms71|Oh7B|Tx303,CML333|Il14H|Ki11|Ki3|Ky21|NC358|Oh43|P39
chr9,127396363,Zm00001eb392740,3.72080896068054,3.72080896068054,0.0304485214356458,4,12,3,B97|Ms71|Oh7B|Tx303,CML247|CML277|CML322|CML333|CML69|HP301|Il14H|Ki11|Ki3|Ky21|M162W|Mo18W|NC358|Oh43|P39
chr9,133948298,Zm00001eb394390,-2.190089812577919,2.190089812577919,0.0226429045486012,12,7,0,CML277|CML322|CML333|CML69|HP301|Ki11|Ki3|M162W|Ms71|NC358|P39|Tx303,B97|CML247|Il14H|Ky21|Mo18W|Oh43|Oh7B
chr9,144887582,Zm00001eb397350,2.3099901398415645,2.3099901398415645,0.0188111888111888,6,11,2,CML277|Il14H|NC358|Oh43|Oh7B|Tx303,B97|CML247|CML322|CML333|CML69|HP301|Ki11|Ky21|M162W|Mo18W|Ms71|P39
chr9,145381215,Zm00001eb397550,2.246237253881352,2.246237253881352,0.039548112582254,8,7,4,CML247|CML322|CML69|Ki3|Ky21|Ms71|NC358|P39,B97|CML277|CML333|HP301|Ki11|M162W|Mo18W|Oh43|Tx303
chr9,146333600,Zm00001eb397900,2.6311028284089657,2.6311028284089657,0.0207280059247336,11,6,2,CML247|CML277|CML322|CML333|CML69|Il14H|Ki11|Ki3|M162W|Mo18W|Oh7B,B97|HP301|Ky21|Ms71|NC358|Oh43|P39|Tx303
chr9,146645800,Zm00001eb397980,5.358473805625028,5.358473805625028,0.0207280059247336,8,7,4,B97|CML247|HP301|Il14H|Ms71|Oh43|P39|Tx303,CML277|CML322|CML333|CML69|Ki11|Ki3|Ky21|M162W|Mo18W|NC358|Oh7B
chr9,148869547,Zm00001eb398660,3.5421658958831186,3.5421658958831186,0.0188111888111888,11,8,0,CML247|CML277|CML69|HP301|Il14H|Ky21|Mo18W|Ms71|Oh43|P39|Tx303,B97|CML322|CML333|Ki11|Ki3|M162W|NC358|Oh7B
chr9,149072059,Zm00001eb398750,2.1202665528226134,2.1202665528226134,0.0311749805466796,8,11,0,CML247|Ki11|Ki3|Ky21|M162W|Mo18W|Oh43|Oh7B,B97|CML277|CML322|CML333|CML69|HP301|Il14H|Ms71|NC358|P39|Tx303
chr9,150243406,Zm00001eb399180,2.7513403451941287,2.7513403451941287,0.0428200920646902,7,5,7,CML247|CML277|CML333|CML69|HP301|Il14H|Ky21|Mo18W|Ms71|NC358|Oh7B|P39,B97|CML322|Ki11|Ki3|M162W|Oh43|Tx303
chr9,153163926,Zm00001eb400160,-2.6464567801316603,2.6464567801316603,0.0269464077021537,4,13,2,CML277|CML322|HP301|NC358,B97|CML247|CML333|CML69|Il14H|Ki11|Ki3|Ky21|M162W|Mo18W|Ms71|Oh43|Oh7B|P39|Tx303
chr9,154426571,Zm00001eb400800,1.652323651479111,1.652323651479111,0.0469889514825974,5,14,0,HP301|Il14H|Ki11|Ky21|Oh43,B97|CML247|CML277|CML322|CML333|CML69|Ki3|M162W|Mo18W|Ms71|NC358|Oh7B|P39|Tx303
chr9,155058866,Zm00001eb401030,-1.7195219639960633,1.7195219639960633,0.0381565695967318,11,7,1,CML247|CML277|CML322|CML69|Ki11|Ky21|M162W|Ms71|NC358|Oh43|Tx303,B97|CML333|HP301|Il14H|Ki3|Mo18W|Oh7B|P39
chr9,156946459,Zm00001eb401810,-2.298832895090343,2.298832895090343,0.0311895358527482,7,8,4,B97|CML247|CML277|CML333|HP301|Ky21|M162W,CML322|CML69|Il14H|Ki11|Ki3|Mo18W|Ms71|NC358|Oh43|Oh7B|P39
chr9,157691476,Zm00001eb402200,3.1749636009854254,3.1749636009854254,0.0315767463870279,5,10,4,CML247|CML333|M162W|NC358|Oh43,B97|CML322|CML69|HP301|Il14H|Ki3|Ky21|Mo18W|Ms71|Oh7B|Tx303
chr9,157730650,Zm00001eb402300,1.766755663268392,1.766755663268392,0.0381565695967318,11,7,1,B97|CML247|CML277|CML322|CML333|CML69|Ki11|Ki3|Ky21|Mo18W|Oh7B,HP301|Il14H|M162W|Ms71|NC358|Oh43|P39|Tx303
chr9,157765410,Zm00001eb402390,-4.027247771856735,4.027247771856735,0.0234529107256379,10,5,4,B97|CML247|CML333|CML69|HP301|Ki11|Ki3|Ky21|Mo18W|Ms71,CML277|CML322|Il14H|M162W|NC358|Oh43|Oh7B|P39|Tx303
chr9,158841703,Zm00001eb403000,-2.350186336232038,2.350186336232038,0.0226429045486012,12,7,0,CML247|CML277|CML69|HP301|Ki11|Ki3|Ky21|M162W|Mo18W|NC358|Oh43|Oh7B,B97|CML322|CML333|Il14H|Ms71|P39|Tx303
chr9,159816783,Zm00001eb403450,1.6746920973337742,1.6746920973337742,0.0381565695967318,7,11,1,B97|Il14H|Ki11|M162W|Mo18W|Ms71|Oh7B|P39,CML247|CML277|CML322|CML333|CML69|HP301|Ki3|Ky21|NC358|Oh43|Tx303
chr9,160764965,Zm00001eb404040,-2.5965898104389025,2.5965898104389025,0.0428200920646902,7,5,7,B97|HP301|Il14H|M162W|Oh43|Oh7B|P39,CML333|CML69|Ki11|Ki3|Mo18W
chr10,2312252,Zm00001eb405630,2.168942650916777,2.168942650916777,0.0467798968175757,11,5,3,CML277|CML333|CML69|Ki11|Ki3|M162W|Mo18W|Ms71|NC358|Oh43|Tx303,B97|CML322|HP301|Il14H|Ky21|P39
chr10,13503648,Zm00001eb408750,2.862384599000813,2.862384599000813,0.0203714572407656,5,13,1,CML247|Il14H|Ki3|Oh43|Tx303,B97|CML277|CML322|CML333|CML69|HP301|Ki11|Ky21|M162W|Mo18W|Ms71|NC358|P39
chr10,15073683,Zm00001eb408960,2.0220403125060007,2.0220403125060007,0.0387748524021069,4,10,5,CML247|CML333|Ky21|M162W,CML322|CML69|Il14H|Ki11|Ki3|Mo18W|Ms71|NC358|Oh43|P39|Tx303
chr10,24049601,Zm00001eb410260,2.5913860907730815,2.5913860907730815,0.0294052452107163,8,9,2,CML333|CML69|Il14H|Ki3|Ky21|Ms71|NC358|P39,B97|CML247|CML277|CML322|HP301|Ki11|M162W|Mo18W|Oh43|Tx303
chr10,81773643,Zm00001eb416180,2.120923721542291,2.120923721542291,0.0313427082071922,10,9,0,B97|CML277|CML333|CML69|HP301|Il14H|Ky21|NC358|Oh43|Tx303,CML247|CML322|Ki11|Ki3|M162W|Mo18W|Ms71|Oh7B|P39
chr10,95376505,Zm00001eb418570,2.469356047250821,2.469356047250821,0.0294052452107163,5,9,5,Il14H|M162W|Mo18W|Oh43|Oh7B,B97|CML247|CML277|CML322|CML333|CML69|HP301|Ki11|Ki3|Ky21|Ms71|NC358|P39|Tx303
chr10,98769739,Zm00001eb419190,-3.2089875544793545,3.2089875544793545,0.0269464077021537,4,13,2,B97|Ky21|Ms71|Oh43,CML247|CML277|CML322|CML333|CML69|HP301|Il14H|Ki11|Ki3|M162W|Mo18W|NC358|Oh7B|P39|Tx303
chr10,118636974,Zm00001eb422400,-3.864737213611521,3.864737213611521,0.0450283574693023,9,4,6,CML247|CML322|Il14H|Ky21|M162W|Mo18W|NC358|Oh7B|Tx303,B97|CML277|CML333|CML69|HP301|Ki11|Ki3|Ms71|Oh43|P39
chr10,119597830,Zm00001eb422560,2.777517257311887,2.777517257311887,0.0234529107256379,14,4,1,B97|CML247|CML69|HP301|Il14H|Ki11|Ky21|M162W|Mo18W|Ms71|NC358|Oh43|Oh7B|Tx303,CML277|CML322|Ki3|P39
chr10,122646191,Zm00001eb423410,-2.204669172080929,2.204669172080929,0.0226429045486012,10,6,3,CML247|CML277|CML322|HP301|M162W|Mo18W|Ms71|Oh43|Oh7B|P39,B97|CML333|Il14H|Ki11|Ky21|NC358|Tx303
chr10,122921125,Zm00001eb423440,12.93827720009006,12.93827720009006,0.0304485214356458,4,12,3,CML333|CML69|Ki3|NC358,B97|CML247|CML277|CML322|HP301|Il14H|Ki11|Ky21|M162W|Mo18W|Ms71|Oh43|Oh7B|P39|Tx303
chr10,135013948,Zm00001eb427180,-1.6586527563394895,1.6586527563394895,0.0468443117268101,6,13,0,CML247|CML69|M162W|NC358|P39|Tx303,B97|CML277|CML322|CML333|HP301|Il14H|Ki11|Ki3|Ky21|Mo18W|Ms71|Oh43|Oh7B
chr10,136303592,Zm00001eb427640,-1.8419230329690903,1.8419230329690903,0.0288882326093376,5,13,1,B97|Il14H|Ky21|Mo18W|P39,CML247|CML277|CML322|CML69|HP301|Ki11|Ki3|M162W|Ms71|NC358|Oh43|Oh7B|Tx303
chr10,138938403,Zm00001eb428570,-2.8507596118688783,2.8507596118688783,0.0210966603489967,7,9,3,CML277|CML333|Ki11|Ki3|Oh43|P39|Tx303,B97|CML247|CML322|CML69|HP301|Il14H|Ky21|M162W|Mo18W|Ms71|NC358|Oh7B
chr10,142901586,Zm00001eb430160,5.700150619890914,5.700150619890914,0.0188111888111888,9,8,2,B97|CML333|CML69|Ki11|M162W|Ms71|NC358|Oh7B|Tx303,CML247|CML277|CML322|HP301|Il14H|Ki3|Ky21|Mo18W|Oh43|P39
chr10,143204004,Zm00001eb430350,1.9941093863543613,1.9941093863543613,0.039548112582254,13,6,0,CML277|CML322|CML333|HP301|Il14H|Ki11|Ki3|Ky21|M162W|Mo18W|Ms71|Oh43|P39,B97|CML247|CML69|NC358|Oh7B|Tx303
chr10,144328092,Zm00001eb430780,2.6065774439903566,2.6065774439903566,0.0234529107256379,8,6,5,CML277|CML333|CML69|Ki11|Ki3|Ky21|M162W|Mo18W,B97|CML247|CML322|HP301|Il14H|NC358|Oh7B
chr10,144347010,Zm00001eb430800,2.73154651053456,2.73154651053456,0.0450283574693023,3,14,2,CML333|Ki3|P39,B97|CML247|CML277|CML322|CML69|HP301|Il14H|Ki11|Ky21|M162W|Mo18W|Ms71|NC358|Oh43|Oh7B|Tx303
chr10,144426712,Zm00001eb430820,3.1401620304783036,3.1401620304783036,0.0203714572407656,12,6,1,B97|CML277|CML333|CML69|Ki11|Ki3|M162W|Ms71|NC358|Oh43|Oh7B|Tx303,CML247|CML322|HP301|Il14H|Ky21|Mo18W|P39
chr10,146230984,Zm00001eb431580,-2.505721658747991,2.505721658747991,0.0203714572407656,10,6,3,CML247|CML322|CML69|HP301|Ki3|Ky21|Mo18W|Ms71|NC358|P39|Tx303,B97|CML277|CML333|Ki11|M162W|Oh43|Oh7B
chr10,146450316,Zm00001eb431690,2.1140167710302453,2.1140167710302453,0.0443649214070538,10,5,4,CML277|HP301|Il14H|Ki11|Mo18W|NC358|Oh43|Oh7B|P39|Tx303,CML247|CML322|CML333|CML69|Ki3|Ms71
chr10,150135146,Zm00001eb433520,-2.1607528247400194,2.1607528247400194,0.0381565695967318,8,8,3,CML322|CML333|Ki11|Ki3|Mo18W|Ms71|NC358|Tx303,B97|CML247|CML277|CML69|HP301|Il14H|Ky21|M162W|Oh43
