gene_id,n_bqtl_tested,n_functional,max_abs_d,mean_abs_d,n_bqtl_in_promoter,total_peaks,disrupted_peaks,mean_n_families,gene_expression
Zm00001eb000230,1,0,2.861535638453155,2.861535638453155,1,3,1,3.0,184.9
Zm00001eb000480,1,0,1.5743247466128596,1.5743247466128596,1,4,1,4.0,4616.0
Zm00001eb000500,1,0,2.525462506359313,2.525462506359313,1,1,1,2.0,69.8
Zm00001eb000510,2,0,0.8895416127408239,0.5848186029717386,3,2,1,3.0,448.7
Zm00001eb000570,1,0,0.8048356046251272,0.8048356046251272,3,3,1,3.0,25.3
Zm00001eb000620,4,0,0.58160799514815,0.49456874865739775,4,1,1,3.0,1490.3
Zm00001eb000650,3,0,1.102183406706878,1.0725943709821877,3,4,1,2.0,33.5
Zm00001eb000670,2,0,1.0823000770801432,0.7676424504054291,2,1,1,3.0,392.5
Zm00001eb000760,3,0,0.2877112207540113,0.18569060678386382,7,3,3,3.0,412.6
Zm00001eb000770,3,0,1.1859209342140398,0.8535844846366323,5,1,1,3.6666666666666665,1920.8
Zm00001eb000800,2,0,0.9113990254045023,0.9113990254045023,5,2,2,4.0,132.8
Zm00001eb000840,1,0,0.7755427640260314,0.7755427640260314,1,2,1,2.0,61.6
Zm00001eb000880,4,0,0.730849147469161,0.385839698152345,8,2,1,3.75,14.5
Zm00001eb000900,1,0,0.4219884904055018,0.4219884904055018,2,1,1,2.0,22.6
Zm00001eb000920,3,1,1.008744758576002,0.41937211041266287,3,3,3,2.0,859.7
Zm00001eb000930,1,0,0.2306900111016987,0.2306900111016987,1,3,0,4.0,186.5
Zm00001eb000960,1,0,0.1880490418307555,0.1880490418307555,1,2,1,3.0,8.9
Zm00001eb000980,1,0,0.2395249914095454,0.2395249914095454,2,2,1,2.0,225.4
Zm00001eb000990,2,0,0.8772733921010344,0.49133074130086385,4,3,2,3.5,16.0
Zm00001eb001020,1,0,0.2878798397857892,0.2878798397857892,1,2,1,2.0,214.9
Zm00001eb001040,3,0,1.9756444659695211,1.2605882179800718,5,2,2,3.6666666666666665,472.7
Zm00001eb001050,2,0,0.4327296562197605,0.2710591327269703,2,3,2,1.5,105.9
Zm00001eb001060,1,0,0.7667298440535991,0.7667298440535991,2,4,2,2.0,62.3
Zm00001eb001070,1,0,0.8009747008964606,0.8009747008964606,4,5,2,3.0,198.2
Zm00001eb001120,1,0,0.493145267218081,0.493145267218081,1,3,2,2.0,359.0
Zm00001eb001130,2,0,0.3006595948932165,0.21444260853442887,2,2,1,4.0,351.1
Zm00001eb001180,2,0,0.5859486381913304,0.3555230572574219,2,3,2,3.0,1882.4
Zm00001eb001270,5,2,3.264191725986402,1.7660203852539447,6,3,1,2.8,160.9
Zm00001eb001280,1,0,0.8049153871570718,0.8049153871570718,1,3,1,1.0,640.1
Zm00001eb001400,1,0,1.5797970465294686,1.5797970465294686,1,1,1,3.0,603.3
Zm00001eb001430,2,0,0.2043307734940859,0.1700592886885366,2,1,1,1.0,162.6
Zm00001eb001460,1,0,2.7360945169348403,2.7360945169348403,1,2,1,1.0,59.5
Zm00001eb001490,1,0,0.1292746053315446,0.1292746053315446,2,3,2,3.0,388.3
Zm00001eb001500,2,0,0.6408007573996326,0.6408007573996326,3,2,2,2.0,18.0
Zm00001eb001510,2,0,0.5299120244535775,0.49876725962326895,3,1,1,0.5,28.5
Zm00001eb001520,2,0,1.7106681660946832,1.7106681660946832,2,4,1,2.5,23.4
Zm00001eb001530,1,0,0.5373778376220218,0.5373778376220218,1,1,1,1.0,382.5
Zm00001eb001570,2,0,1.7751230675254874,1.5408427823455417,2,1,1,3.5,685.2
Zm00001eb001600,2,2,5.43643546425158,3.907727235976095,6,2,2,3.0,50.5
Zm00001eb001650,1,0,0.3839307546395738,0.3839307546395738,1,2,1,5.0,1224.9
Zm00001eb001680,3,0,0.4862546555226647,0.3367615152436196,4,3,2,4.333333333333333,1400.4
Zm00001eb001720,2,0,1.0691868216739155,0.7254410604856398,4,3,1,3.5,178.5
Zm00001eb001820,1,0,0.1007140945249236,0.1007140945249236,5,3,1,5.0,7.5
Zm00001eb001830,2,0,0.9068691844306688,0.6960082362281896,3,2,2,1.0,36.3
Zm00001eb001840,1,0,0.292333867935355,0.292333867935355,1,2,1,4.0,3702.2
Zm00001eb001880,1,0,0.7808271565667273,0.7808271565667273,4,4,4,2.0,262.2
Zm00001eb001950,2,2,1.9009080350840848,1.9009080350840848,5,2,2,3.5,10028.7
Zm00001eb001980,1,0,0.742840313490203,0.742840313490203,3,2,2,1.0,62.3
Zm00001eb002010,3,0,1.0303442297911614,0.5533352699240294,5,2,2,3.0,11.1
Zm00001eb002060,1,1,3.089173372090931,3.089173372090931,1,1,1,2.0,1916.9
Zm00001eb002100,1,0,0.5524788591530085,0.5524788591530085,2,3,1,4.0,276.0
Zm00001eb002170,1,0,0.1518879480939248,0.1518879480939248,1,1,1,7.0,54.7
Zm00001eb002180,2,0,0.3589465953006376,0.2475736937979151,2,4,1,3.0,888.9
Zm00001eb002270,1,0,0.959402118860981,0.959402118860981,1,1,1,1.0,54152.3
Zm00001eb002290,1,0,0.2170234797082468,0.2170234797082468,1,0,0,1.0,8.2
Zm00001eb002320,1,0,1.5053477377165845,1.5053477377165845,2,1,1,2.0,934.4
Zm00001eb002380,1,0,0.7163276556911637,0.7163276556911637,1,1,1,3.0,705.4
Zm00001eb002460,1,0,0.1935974976688064,0.1935974976688064,1,3,1,3.0,213.2
Zm00001eb002470,3,0,0.7134133120640488,0.3930272573291771,5,2,1,3.0,62.8
Zm00001eb002510,5,0,1.244620096605913,0.7831839388153624,8,2,2,2.8,5027.8
Zm00001eb002530,1,0,0.6934217286076074,0.6934217286076074,1,3,1,2.0,352.4
Zm00001eb002560,2,0,1.996889316266754,1.5963543636603634,3,2,1,1.5,566.0
Zm00001eb002570,1,0,0.981468864685844,0.981468864685844,2,1,1,2.0,267.0
Zm00001eb002590,1,0,0.0354467329579377,0.0354467329579377,4,2,2,5.0,10.2
Zm00001eb002610,2,1,2.72557387077551,1.3941847345129754,2,2,0,1.5,211.3
Zm00001eb002620,3,0,1.5180043849196203,0.8665499104869007,5,2,1,2.0,516.0
Zm00001eb002690,1,0,0.0141550349924786,0.0141550349924786,1,3,1,2.0,841.6
Zm00001eb002740,2,0,0.4436671996046835,0.3780726486884811,3,2,2,1.5,156.4
Zm00001eb002840,2,0,0.5586220887797688,0.46143941395669485,4,1,1,2.0,4.2
Zm00001eb002940,1,0,9.595757749116784,9.595757749116784,2,4,1,1.0,237.7
Zm00001eb003130,1,0,0.3785960071259618,0.3785960071259618,2,2,1,2.0,204.6
Zm00001eb003190,2,0,1.1617895854819766,1.092491069863356,3,3,3,1.5,940.4
Zm00001eb003200,5,0,0.7659448457184799,0.6005600543633487,5,3,3,2.4,119.3
Zm00001eb003230,1,0,0.4875051554370231,0.4875051554370231,3,2,1,3.0,401.9
Zm00001eb003420,2,0,1.128943303835624,0.6788626431312565,2,2,1,3.0,167.9
Zm00001eb003440,1,0,0.637922365396493,0.637922365396493,2,2,2,2.0,3285.1
Zm00001eb003460,1,0,0.6861592372553172,0.6861592372553172,1,1,1,3.0,34.2
Zm00001eb003480,2,0,0.2441898023266626,0.2072010810249063,5,2,1,2.0,1455.0
Zm00001eb003490,4,0,0.913638152030089,0.5974816856778956,4,2,2,3.25,1613.8
Zm00001eb003540,2,0,1.007226868097221,0.7990808912362152,2,2,1,1.0,1160.5
Zm00001eb003550,1,0,1.6040322006363512,1.6040322006363512,1,1,1,8.0,129.8
Zm00001eb003730,1,0,0.5720427298258192,0.5720427298258192,4,1,1,3.0,12234.5
Zm00001eb003760,2,0,1.261473397375682,0.7872370771156991,4,4,3,3.0,2063.0
Zm00001eb003810,1,0,0.5449902641336455,0.5449902641336455,1,3,1,4.0,63.9
Zm00001eb003880,1,0,0.3418402465026141,0.3418402465026141,2,1,1,4.0,214.3
Zm00001eb003960,2,0,0.2304916182767043,0.2304595827200549,4,3,2,2.5,10.7
Zm00001eb003970,2,0,1.1618410432914628,1.1223226814514455,3,1,1,2.5,106.0
Zm00001eb004000,2,0,1.0255844171116266,0.9703200106404679,4,1,1,3.0,17.0
Zm00001eb004170,2,0,0.3917533758538518,0.3147776612058284,5,1,1,3.5,279.7
Zm00001eb004180,1,0,0.2786886518350006,0.2786886518350006,1,1,1,2.0,142.2
Zm00001eb004310,2,0,0.5891818860662248,0.4405875192157046,4,3,3,1.5,320.1
Zm00001eb004320,1,0,0.8085786396939366,0.8085786396939366,2,1,1,1.0,234.8
Zm00001eb004380,2,0,1.2014857986751442,0.8667278991300807,3,1,1,3.5,5.0
Zm00001eb004420,2,0,0.733067616064145,0.5357166855985829,2,2,1,5.0,4180.7
Zm00001eb004430,1,0,1.2473677325648638,1.2473677325648638,1,2,1,4.0,42.7
Zm00001eb004480,2,0,0.313867503878491,0.17584988192452383,2,3,1,4.0,65.1
Zm00001eb004490,2,0,1.359192257880409,0.883405041194394,4,2,1,2.0,636.9
Zm00001eb004500,1,0,0.329831778455314,0.329831778455314,1,1,1,6.0,532.7
Zm00001eb004510,1,0,0.0815691148491069,0.0815691148491069,2,2,1,0.0,6.2
Zm00001eb004540,3,0,2.5763462062442786,1.1695288258108885,5,4,3,1.6666666666666667,62.2
Zm00001eb004550,1,0,0.6802426839005529,0.6802426839005529,1,2,0,3.0,1893.3
Zm00001eb004560,2,0,0.2472601492009362,0.204580400826891,2,2,1,1.5,30.5
Zm00001eb004630,1,0,2.0442101466739815,2.0442101466739815,1,1,0,2.0,2602.1
Zm00001eb005020,2,0,2.121069958825472,1.0694232997290658,2,2,2,3.5,1009.3
Zm00001eb005110,2,0,0.8045389546733273,0.8045389546733273,3,3,2,2.0,20.6
Zm00001eb005380,1,0,0.4758660592577451,0.4758660592577451,2,1,1,2.0,2058.8
Zm00001eb005390,1,0,0.5721673725704421,0.5721673725704421,4,1,1,2.0,229.0
Zm00001eb005460,1,0,0.4033560393021341,0.4033560393021341,2,1,1,4.0,13152.9
Zm00001eb005550,1,0,0.9245515063731602,0.9245515063731602,3,2,1,4.0,938.9
Zm00001eb005570,2,1,2.482695595894413,1.6453158265852128,5,4,3,4.0,77.3
Zm00001eb005630,1,0,0.6449309868590782,0.6449309868590782,1,1,1,0.0,224.0
Zm00001eb005640,1,0,0.0006451224421036,0.0006451224421036,1,2,1,1.0,16.2
Zm00001eb005700,1,1,2.0574158236606555,2.0574158236606555,3,2,2,3.0,325.8
Zm00001eb005710,2,0,0.7430169954310365,0.551955873930172,3,2,2,3.0,205.2
Zm00001eb005780,1,0,1.010499880692548,1.010499880692548,1,3,0,1.0,268.0
Zm00001eb005850,2,0,1.434757844401985,0.8894856419095498,4,2,2,2.5,107.9
Zm00001eb005900,3,0,1.2855410508344487,1.2438956812323159,5,2,2,2.0,100.3
Zm00001eb005990,1,0,0.5928228284050495,0.5928228284050495,1,1,1,3.0,298.8
Zm00001eb006140,2,0,1.0338627062749255,0.5402204916038658,2,1,1,3.5,354.3
Zm00001eb006260,1,0,0.8454064520822503,0.8454064520822503,9,1,1,2.0,103.6
Zm00001eb006270,3,0,1.5156746809241193,0.8472939957957144,4,1,1,1.3333333333333333,1188.1
Zm00001eb006310,2,0,0.7906572270761768,0.670391078130419,2,2,1,2.5,72.0
Zm00001eb006390,2,0,1.0991346049292725,0.9409425396219759,2,2,1,1.0,228.3
Zm00001eb006400,1,0,0.7492093507202758,0.7492093507202758,1,3,1,4.0,128.3
Zm00001eb006410,1,1,2.2701140403215683,2.2701140403215683,1,3,1,3.0,24.9
Zm00001eb006480,1,0,0.6956940423448403,0.6956940423448403,1,1,1,4.0,697.6
Zm00001eb006530,1,0,0.1772954174645195,0.1772954174645195,2,1,1,1.0,44.2
Zm00001eb006540,3,0,3.1854006210552974,1.6354007319156978,3,2,2,2.3333333333333335,153.5
Zm00001eb006620,1,0,0.9299987019606476,0.9299987019606476,2,2,2,1.0,317.1
Zm00001eb006720,1,0,1.1638388836515854,1.1638388836515854,3,2,2,5.0,628.6
Zm00001eb006860,1,0,0.560174769357422,0.560174769357422,3,3,2,4.0,21.0
Zm00001eb006870,1,0,0.3784950049208123,0.3784950049208123,1,3,1,1.0,239.3
Zm00001eb006880,2,1,1.6360159962413543,1.1690299469302352,2,4,2,2.0,245.5
Zm00001eb006890,3,0,1.7847160826591573,0.8558457056448775,5,1,1,3.3333333333333335,27.6
Zm00001eb006930,2,0,1.3507303778503474,0.9755468450078593,2,3,1,1.5,38.6
Zm00001eb006940,1,0,0.1356838963299559,0.1356838963299559,5,3,1,3.0,50.0
Zm00001eb007130,3,0,1.680641128038951,1.0033389380566395,4,4,4,3.0,196.1
Zm00001eb007170,1,0,1.331588144800227,1.331588144800227,2,2,1,2.0,118.6
Zm00001eb007250,1,0,1.255301875819912,1.255301875819912,3,1,1,6.0,729.2
Zm00001eb007280,1,0,0.8402054790807423,0.8402054790807423,1,1,1,4.0,1378.8
Zm00001eb007320,1,0,0.1915696995080726,0.1915696995080726,2,2,1,2.0,1095.8
Zm00001eb007440,1,0,0.1778343385356495,0.1778343385356495,5,3,2,4.0,74.6
Zm00001eb007510,2,0,0.5716152382974984,0.5576801291833344,4,2,1,3.5,203.4
Zm00001eb007600,1,0,0.7300812221008346,0.7300812221008346,1,1,1,4.0,306.6
Zm00001eb007610,1,0,0.0334378620426251,0.0334378620426251,2,2,1,0.0,29.5
Zm00001eb007780,3,0,0.7094426306381438,0.6182466845708555,3,1,1,2.3333333333333335,129.7
Zm00001eb007800,1,0,0.0522154257361395,0.0522154257361395,1,2,1,2.0,285.5
Zm00001eb007900,1,0,0.0181656506635433,0.0181656506635433,3,1,1,2.0,10.5
Zm00001eb007920,2,0,0.0089852062977711,0.0089852062977711,3,3,2,1.5,4.8
Zm00001eb007930,1,1,2.2143752513422736,2.2143752513422736,1,1,1,3.0,39.4
Zm00001eb008090,1,0,0.0735429428790813,0.0735429428790813,1,2,0,1.0,162.9
Zm00001eb008140,1,0,2.763779896490879,2.763779896490879,1,2,1,2.0,11.1
Zm00001eb008260,1,0,1.29223984714557,1.29223984714557,1,5,1,2.0,6.2
Zm00001eb008270,3,0,1.1847215351564169,0.6762500292933934,4,3,2,3.0,125.8
Zm00001eb008340,2,0,0.5129306553953485,0.5129306553953485,2,1,1,1.5,621.4
Zm00001eb008440,3,0,2.175642658839602,1.465548488333231,8,2,2,2.0,745.8
Zm00001eb008460,1,0,0.0249676551993687,0.0249676551993687,1,3,1,3.0,103.8
Zm00001eb008470,1,0,2.1154650608936096,2.1154650608936096,1,3,1,1.0,234.5
Zm00001eb008480,1,0,0.5253791316767933,0.5253791316767933,1,4,1,3.0,733.5
Zm00001eb008500,1,0,0.7984138516665182,0.7984138516665182,1,3,1,5.0,6.2
Zm00001eb008580,1,0,0.9674013604148468,0.9674013604148468,2,4,1,4.0,28.3
Zm00001eb008650,1,0,0.6737731103489643,0.6737731103489643,1,3,1,2.0,106.0
Zm00001eb008710,2,0,0.6362431867670729,0.3818128986645059,3,2,1,4.5,190.9
Zm00001eb008790,1,0,1.043973930467485,1.043973930467485,1,2,1,7.0,66.5
Zm00001eb008810,1,0,0.0420065581860878,0.0420065581860878,2,2,1,1.0,593.2
Zm00001eb008850,1,0,1.464778291729932,1.464778291729932,2,1,1,4.0,299.8
Zm00001eb008900,2,0,1.3405050301570596,0.9757378051703764,4,2,1,3.0,144.7
Zm00001eb008930,1,0,1.3728123307668645,1.3728123307668645,4,2,2,5.0,19.8
Zm00001eb009090,1,0,0.5924030696287874,0.5924030696287874,2,4,1,0.0,1731.8
Zm00001eb009130,3,0,0.9053041835870924,0.5732055463214724,6,1,1,3.0,43.1
Zm00001eb009160,1,0,0.2650126178420935,0.2650126178420935,1,6,1,3.0,2202.1
Zm00001eb009170,3,0,0.1793166717696517,0.1704961414617989,4,3,1,3.3333333333333335,199.6
Zm00001eb009250,1,0,0.7180439772906323,0.7180439772906323,1,2,1,0.0,516.6
Zm00001eb009310,1,0,0.8893272366039728,0.8893272366039728,1,2,1,4.0,508.8
Zm00001eb009340,1,0,0.4126327244931834,0.4126327244931834,1,1,1,1.0,1606.2
Zm00001eb009360,2,2,2.935801780000909,2.659692808858364,2,4,1,2.5,7.0
Zm00001eb009430,1,0,0.0105012086322222,0.0105012086322222,2,2,2,4.0,256.4
Zm00001eb009460,1,0,0.4617656192504292,0.4617656192504292,2,1,1,4.0,473.5
Zm00001eb009480,1,0,1.0860485390666232,1.0860485390666232,6,2,1,3.0,650.1
Zm00001eb009540,1,0,0.093250723265361,0.093250723265361,1,1,1,2.0,255.7
Zm00001eb009570,1,0,0.8304948497471691,0.8304948497471691,2,3,2,1.0,64.7
Zm00001eb009580,1,0,0.4435768000015032,0.4435768000015032,1,1,1,6.0,214.8
Zm00001eb009640,3,0,1.8155159552708564,1.251216336557916,4,2,2,4.0,201.6
Zm00001eb009770,1,0,1.791801711510426,1.791801711510426,2,4,1,1.0,34.0
Zm00001eb009880,2,0,1.4870986556003407,1.4870986556003407,4,2,2,3.0,348.8
Zm00001eb010110,3,0,0.3301362585190313,0.2983072225056456,3,3,2,2.6666666666666665,14.0
Zm00001eb010130,4,0,0.5984795781609195,0.32015181177912466,4,1,1,2.75,196.7
Zm00001eb010150,2,0,0.9602207362873324,0.7636772376092349,6,2,2,1.0,83.1
Zm00001eb010160,1,0,0.6546309284275775,0.6546309284275775,2,3,1,3.0,479.2
Zm00001eb010190,1,0,0.2971225801874622,0.2971225801874622,1,1,1,2.0,283.1
Zm00001eb010340,2,0,0.3021851644949867,0.2721705686881159,2,2,1,1.5,683.5
Zm00001eb010370,3,1,2.252685603445886,1.016389179247241,3,2,2,3.3333333333333335,1193.3
Zm00001eb010400,1,0,0.4926683520232166,0.4926683520232166,1,3,1,4.0,543.7
Zm00001eb010410,1,0,0.9113683241738186,0.9113683241738186,2,3,2,2.0,1430.9
Zm00001eb010540,2,0,1.6544465262455057,1.5309324586293993,2,1,1,5.5,98.6
Zm00001eb010600,1,1,3.4479645166968327,3.4479645166968327,4,3,1,4.0,188.5
Zm00001eb010610,2,0,0.3153288525855791,0.3018750477063674,2,2,1,1.0,85.8
Zm00001eb010640,1,0,0.848839595646067,0.848839595646067,3,2,2,3.0,14.8
Zm00001eb010650,1,1,1.7228995125959938,1.7228995125959938,1,3,1,1.0,28.1
Zm00001eb010660,2,0,1.217392570208572,0.6561093890058253,2,2,2,2.5,97.6
Zm00001eb010730,2,0,1.615584136077237,0.9239301977463521,6,1,1,3.5,667.9
Zm00001eb010770,3,0,1.30795537753784,0.8842375075052678,3,1,1,1.3333333333333333,1945.9
Zm00001eb010790,1,0,3.245029583510069,3.245029583510069,1,2,1,0.0,560.0
Zm00001eb010900,2,1,3.0203014131688506,1.6353662825748927,2,2,1,3.5,400.8
Zm00001eb010960,1,0,0.3538398053765377,0.3538398053765377,4,3,2,3.0,193.3
Zm00001eb011000,2,0,0.8203026983414362,0.602766094719714,2,1,1,2.5,39.5
Zm00001eb011050,3,0,1.8185319367657573,0.9950980459298235,3,1,1,3.0,771.7
Zm00001eb011070,2,1,1.044301392229479,0.9387841822669531,3,1,1,0.5,1186.6
Zm00001eb011230,3,0,0.6930512944053787,0.4407754710631753,4,1,1,3.6666666666666665,256.2
Zm00001eb011240,2,1,1.5296868605696086,1.3933042322047213,2,1,1,3.0,31.0
Zm00001eb011430,1,0,0.0606978526380174,0.0606978526380174,2,3,1,1.0,430.6
Zm00001eb011460,4,0,0.63026886257228,0.2988639129861428,6,2,1,2.0,4.4
Zm00001eb011580,2,0,0.3082079890339668,0.2517484541429417,2,1,1,3.0,143.3
Zm00001eb011620,1,0,0.0547532341317447,0.0547532341317447,4,1,1,0.0,102.2
Zm00001eb011630,2,1,2.3673147899655183,2.28358623832491,2,2,1,3.0,33.6
Zm00001eb011640,1,0,0.070493250495239,0.070493250495239,2,1,1,3.0,29.7
Zm00001eb011670,5,0,0.945187493298414,0.5381647153069897,6,3,2,3.2,750.9
Zm00001eb011680,1,0,0.3764032072935494,0.3764032072935494,1,3,0,0.0,6.4
Zm00001eb011750,2,0,1.4692195864230946,1.1624633275440515,3,1,1,3.0,219.2
Zm00001eb011910,2,0,1.200491877248432,0.692874111179796,3,3,2,2.0,248.4
Zm00001eb011940,1,0,0.1533290565029431,0.1533290565029431,1,2,2,0.0,6643.1
Zm00001eb012000,1,0,0.0459194865149173,0.0459194865149173,5,2,2,4.0,428.7
Zm00001eb012070,3,0,0.4115521578180843,0.21934253217796204,3,4,2,3.0,558.7
Zm00001eb012080,1,0,0.3316705377788868,0.3316705377788868,1,1,1,3.0,79.0
Zm00001eb012100,2,0,0.6787273019923853,0.5836229633628078,4,2,1,3.0,582.8
Zm00001eb012160,5,0,1.6187735951146935,1.5715564772049113,5,4,3,4.0,41.8
Zm00001eb012190,3,0,0.7834021133337211,0.3868993982917832,6,2,2,2.3333333333333335,9.6
Zm00001eb012200,1,0,1.253458645329757,1.253458645329757,3,2,1,2.0,93.7
Zm00001eb012300,1,0,0.4392003921227487,0.4392003921227487,2,1,1,2.0,542.4
Zm00001eb012330,1,0,0.1078038203199121,0.1078038203199121,1,2,1,4.0,135.8
Zm00001eb012340,2,0,0.9702224985440986,0.8773560577038269,8,1,1,2.0,834.7
Zm00001eb012360,4,0,2.121159120649701,1.942757149819193,7,2,2,2.75,283.1
Zm00001eb012540,1,0,0.4860999810077797,0.4860999810077797,1,2,1,3.0,2040.2
Zm00001eb012560,8,0,1.477871299346164,0.8784825416058686,8,2,2,2.5,170.7
Zm00001eb012570,1,1,3.1836539394163976,3.1836539394163976,3,2,2,4.0,6.1
Zm00001eb012580,3,0,0.465427653857994,0.32963547671685667,4,3,2,1.6666666666666667,628.4
Zm00001eb012590,3,0,0.1159265944388028,0.11592659443880278,3,2,1,1.6666666666666667,189.5
Zm00001eb012710,1,0,0.206891471209539,0.206891471209539,1,2,0,7.0,305.9
Zm00001eb012720,1,0,2.5595545528594346,2.5595545528594346,1,2,1,6.0,5.9
Zm00001eb012790,1,0,0.6503936867616117,0.6503936867616117,1,1,0,2.0,982.0
Zm00001eb012850,3,0,1.7354754461117892,1.7354754461117892,3,2,2,1.6666666666666667,559.8
Zm00001eb012860,2,0,0.7148768348613095,0.6487299848697942,7,3,3,3.5,501.5
Zm00001eb012960,3,0,0.8723470767328171,0.7648629489888958,3,1,1,4.0,137.5
Zm00001eb013080,1,0,0.4094549730673249,0.4094549730673249,5,3,2,3.0,2921.8
Zm00001eb013120,1,0,0.1449406651448291,0.1449406651448291,1,2,2,1.0,418.2
Zm00001eb013150,6,0,0.9281156485686072,0.41287900915796044,6,1,1,2.3333333333333335,600.3
Zm00001eb013190,2,0,1.767847471564857,1.0438690250843266,3,1,1,3.0,848.2
Zm00001eb013300,1,1,1.6498308938673911,1.6498308938673911,1,1,1,3.0,104.1
Zm00001eb013340,3,0,0.5465500093715896,0.43817042831154707,3,1,1,2.0,2108.0
Zm00001eb013360,1,0,1.0257646255154815,1.0257646255154815,1,2,0,3.0,740.0
Zm00001eb013420,1,0,1.4730840809569623,1.4730840809569623,1,5,1,3.0,3.0
Zm00001eb013440,3,0,1.1584253977199317,1.1584253977199317,3,4,2,4.0,192.6
Zm00001eb013450,2,0,1.4623855857617618,0.9060504967580165,4,1,1,3.0,247.1
Zm00001eb013480,2,0,0.4350837448663351,0.281533380371988,2,2,1,3.0,30.5
Zm00001eb013510,2,0,0.4186690158080398,0.4186690158080398,3,2,2,3.5,117.5
Zm00001eb013520,3,1,1.971193291247158,0.7469331622914653,3,3,2,2.3333333333333335,278.3
Zm00001eb013590,1,0,0.9763942273880132,0.9763942273880132,1,2,1,5.0,31.9
Zm00001eb013600,1,0,0.2458230195624325,0.2458230195624325,1,2,1,3.0,5.8
Zm00001eb013610,3,0,1.2447761479179704,0.9517076807235352,5,4,2,2.3333333333333335,400.5
Zm00001eb013640,1,0,1.3760968709157977,1.3760968709157977,1,3,1,5.0,442.8
Zm00001eb013650,1,0,1.6049432064642464,1.6049432064642464,1,1,1,7.0,6.6
Zm00001eb013660,1,1,1.3871709370071863,1.3871709370071863,3,2,2,3.0,2109.2
Zm00001eb013700,1,0,0.0964545353015174,0.0964545353015174,1,1,1,2.0,250.6
Zm00001eb013780,2,0,0.1079862842795726,0.07859271358795536,4,1,1,2.0,112.7
Zm00001eb013830,1,0,1.1853006322756687,1.1853006322756687,3,1,1,3.0,5.7
Zm00001eb013840,1,0,0.3550421083674118,0.3550421083674118,1,4,2,3.0,986.6
Zm00001eb013850,1,0,0.6823469680091717,0.6823469680091717,1,2,1,4.0,139.7
Zm00001eb013870,2,1,3.131431563537838,1.7518771494633174,3,3,2,1.5,310.3
Zm00001eb013880,2,0,0.246665803918809,0.1746047443903161,2,3,2,3.0,3.3
Zm00001eb013890,2,0,0.7058532254954853,0.44160134021731634,3,3,3,2.5,336.7
Zm00001eb013900,3,0,0.8162706524697686,0.3570665743854078,4,3,2,2.6666666666666665,430.5
Zm00001eb013910,1,0,0.7895039836093667,0.7895039836093667,1,1,1,0.0,55.4
Zm00001eb013950,6,2,1.8764153057642117,1.5553678157875506,7,1,1,2.3333333333333335,32.4
Zm00001eb013970,3,0,4.818455367249194,3.1520546816286994,6,3,1,1.6666666666666667,187.1
Zm00001eb014030,3,0,1.5139704999456622,0.6280065903498265,6,2,2,2.3333333333333335,894.5
Zm00001eb014050,1,0,0.6300294372904863,0.6300294372904863,1,1,1,3.0,963.6
Zm00001eb014240,2,0,0.3726918505749718,0.3610837662307468,4,2,1,3.5,11.1
Zm00001eb014470,2,0,0.1296943949866427,0.0975079442744073,2,2,1,2.0,99.2
Zm00001eb014490,2,0,1.6743894731556188,1.381870361509566,2,1,1,2.5,606.4
Zm00001eb014520,3,0,0.952776566348008,0.6770311050231049,4,2,1,2.0,3.7
Zm00001eb014600,2,1,1.7351969075308251,1.521539943336989,3,2,2,2.5,1333.6
Zm00001eb014930,1,0,0.3864956390659737,0.3864956390659737,1,2,1,1.0,2.6
Zm00001eb014970,3,3,1.6185354758977597,1.6185354758977597,3,4,3,0.3333333333333333,344.6
Zm00001eb014980,2,0,0.5767740685004057,0.5767740685004057,2,2,1,3.5,11.6
Zm00001eb015040,1,0,0.4850437974457459,0.4850437974457459,2,1,1,2.0,84.9
Zm00001eb015050,1,0,0.3935612239539439,0.3935612239539439,1,1,1,2.0,124.5
Zm00001eb015130,4,0,0.9329320687405824,0.6825922306842149,6,2,2,2.0,4512.2
Zm00001eb015160,1,0,0.2468379088669654,0.2468379088669654,1,3,1,3.0,29.7
Zm00001eb015200,9,0,2.0343684126658883,1.0535820526746689,11,3,3,1.6666666666666667,1466.7
Zm00001eb015210,5,1,4.106711314474418,1.3714777725657805,7,3,3,1.6,3394.1
Zm00001eb015250,3,0,0.7323965207291216,0.5013013746828158,3,3,3,2.0,52.0
Zm00001eb015310,2,0,0.2325257129528498,0.1749099997706808,6,1,1,1.5,285.8
Zm00001eb015320,2,0,0.6834123447368735,0.5676837486148246,5,3,3,1.5,156.6
Zm00001eb015340,3,0,0.980583518515101,0.7485757581793253,3,1,1,3.0,64.2
Zm00001eb015400,1,0,0.2193087576196433,0.2193087576196433,6,3,1,2.0,1277.7
Zm00001eb015440,1,0,0.7940697184445767,0.7940697184445767,3,2,1,2.0,3678.9
Zm00001eb015450,1,0,0.0136501129676356,0.0136501129676356,1,3,1,6.0,48.9
Zm00001eb015460,1,0,0.7020045553365301,0.7020045553365301,1,2,1,1.0,3.9
Zm00001eb015470,1,0,2.683760438860569,2.683760438860569,2,3,2,1.0,235.1
Zm00001eb015570,2,0,0.6337158127508102,0.5112546768787454,4,2,2,0.5,123.4
Zm00001eb015620,2,0,0.5013138692982178,0.2952411735410012,4,1,1,2.0,1406.5
Zm00001eb015660,4,0,0.2677939415699427,0.1798075189292006,4,2,2,2.5,76.6
Zm00001eb015690,1,0,1.027148347753604,1.027148347753604,1,2,1,2.0,81.0
Zm00001eb015700,1,0,0.0463947066338035,0.0463947066338035,1,1,1,4.0,67.0
Zm00001eb015710,1,0,0.0325642693468979,0.0325642693468979,1,3,1,2.0,41.1
Zm00001eb015720,3,0,0.9161002319275076,0.48579976696331095,6,2,1,2.6666666666666665,296.9
Zm00001eb015750,1,0,1.7675352762572747,1.7675352762572747,2,3,2,0.0,1095.9
Zm00001eb015770,1,0,0.232838385637705,0.232838385637705,3,1,1,2.0,220.9
Zm00001eb015880,2,0,0.1665688589953368,0.1086437170192108,2,3,1,2.5,1164.7
Zm00001eb015890,1,0,0.0664544303247762,0.0664544303247762,1,2,0,5.0,47.7
Zm00001eb015930,2,0,0.0645228291284048,0.0645228291284048,2,2,2,2.5,1289.9
Zm00001eb015950,3,0,0.8851826003000701,0.7671231161231162,3,3,2,3.0,2587.5
Zm00001eb016000,2,0,0.358011625794866,0.358011625794866,2,1,1,2.5,310.3
Zm00001eb016020,1,0,0.9298696455642728,0.9298696455642728,2,2,1,3.0,301.7
Zm00001eb016040,1,0,0.9088063052750114,0.9088063052750114,1,2,1,2.0,15.2
Zm00001eb016100,1,0,0.0946176038059894,0.0946176038059894,1,2,1,1.0,86.6
Zm00001eb016130,1,0,0.3976745781340695,0.3976745781340695,1,3,1,5.0,2.8
Zm00001eb016170,2,0,0.7639413415303749,0.4886198745858703,3,3,2,1.5,808.4
Zm00001eb016180,6,4,5.181813759222291,3.6878582501858923,7,2,1,5.0,361.6
Zm00001eb016190,7,6,3.24222735218351,2.267992983468951,8,5,2,2.0,152.6
Zm00001eb016200,1,0,0.4701691538994224,0.4701691538994224,1,1,1,3.0,150.4
Zm00001eb016330,2,1,2.6286276750149615,2.1178150510539484,4,2,1,2.0,372.0
Zm00001eb016390,1,0,0.5791655948582409,0.5791655948582409,1,2,1,3.0,184.1
Zm00001eb016540,3,0,3.007522714599961,2.9150612317387687,4,3,1,3.3333333333333335,121.8
Zm00001eb016560,3,0,1.6399683296033494,1.2701573713270777,4,3,1,2.0,1165.0
Zm00001eb016620,3,0,0.7419036596411754,0.5333680455584834,3,2,2,3.3333333333333335,15276.3
Zm00001eb016660,1,0,0.7239666342718092,0.7239666342718092,1,2,1,5.0,60.9
Zm00001eb016720,2,0,2.273860587506596,1.3522869470379806,2,1,1,1.0,103.1
Zm00001eb016740,1,0,1.638902236807075,1.638902236807075,3,3,2,4.0,188.8
Zm00001eb016830,3,0,1.1945781535143998,0.7002790198114021,8,2,2,4.0,482.4
Zm00001eb016930,3,0,0.8817197197583048,0.7744576381853786,3,2,2,3.6666666666666665,815.7
Zm00001eb016940,1,0,0.5037628946645092,0.5037628946645092,1,1,1,0.0,1668.5
Zm00001eb016960,2,0,1.774402122096678,1.4845244438892125,4,4,2,2.5,724.7
Zm00001eb017000,1,0,1.4416485602698537,1.4416485602698537,1,2,1,3.0,638.0
Zm00001eb017050,1,0,0.0251736554522495,0.0251736554522495,1,4,2,3.0,241.5
Zm00001eb017070,1,0,1.6319088443464074,1.6319088443464074,1,1,1,3.0,3.7
Zm00001eb017080,1,0,0.4968313766352963,0.4968313766352963,1,4,1,5.0,67.7
Zm00001eb017200,2,0,0.1863658680746048,0.17685768469143245,2,3,1,0.0,279.6
Zm00001eb017210,1,0,0.7253055953312223,0.7253055953312223,1,1,1,3.0,200.8
Zm00001eb017310,1,0,0.8338534460375155,0.8338534460375155,2,2,2,5.0,863.2
Zm00001eb017340,3,0,1.195420079813177,0.5871781449500849,8,3,2,1.6666666666666667,69.1
Zm00001eb017450,1,0,1.2960598043148996,1.2960598043148996,2,2,1,6.0,50.2
Zm00001eb017560,4,0,1.1342378268964566,0.8894045682842124,5,1,1,4.0,290.7
Zm00001eb017620,1,0,0.2322483258116406,0.2322483258116406,2,3,1,4.0,13.6
Zm00001eb017630,3,0,0.6611941535540736,0.5062791035762021,3,2,2,3.0,411.3
Zm00001eb017660,3,0,2.2019149737645973,1.6664327750391175,10,1,1,2.3333333333333335,112.2
Zm00001eb017700,1,0,0.5753835123469784,0.5753835123469784,2,1,1,1.0,232.5
Zm00001eb017970,1,0,1.1792165842522009,1.1792165842522009,2,1,1,2.0,310.1
Zm00001eb018020,4,0,0.603407619597601,0.33171445881809497,4,2,1,1.5,182.7
Zm00001eb018090,3,0,0.8720761302372669,0.8205181848278364,3,2,2,2.6666666666666665,41.4
Zm00001eb018180,1,0,0.0483662188734047,0.0483662188734047,1,2,1,0.0,166.6
Zm00001eb018320,3,2,5.383497854551449,4.398285815088426,6,2,2,3.6666666666666665,745.1
Zm00001eb018350,3,0,1.797041820910461,1.247477237800767,3,3,1,3.3333333333333335,675.1
Zm00001eb018360,1,0,0.1899864261335155,0.1899864261335155,1,2,1,3.0,347.0
Zm00001eb018460,1,1,2.7309787546821087,2.7309787546821087,3,2,2,3.0,540.2
Zm00001eb018700,5,3,3.778020410169843,2.2787516983093594,7,2,2,2.0,7599.1
Zm00001eb018720,2,0,0.9057182650397524,0.9057182650397524,4,2,2,2.0,498.0
Zm00001eb018730,1,0,0.1196986289535316,0.1196986289535316,1,4,1,1.0,252.9
Zm00001eb018850,2,0,0.4707137481796157,0.2973181242887312,3,1,1,2.5,3109.7
Zm00001eb018960,4,0,1.3216463299875556,0.755961660527745,4,2,2,2.75,63.7
Zm00001eb019030,3,0,1.0163921295972729,1.0163921295972729,3,1,1,1.3333333333333333,411.1
Zm00001eb019160,1,0,0.0347731596389452,0.0347731596389452,1,1,1,1.0,288.2
Zm00001eb019210,1,0,1.6758670719959117,1.6758670719959117,1,2,1,3.0,817.8
Zm00001eb019230,1,1,4.5395507311740175,4.5395507311740175,2,4,1,2.0,409.8
Zm00001eb019260,1,0,1.1270963377479764,1.1270963377479764,1,1,1,4.0,181.2
Zm00001eb019370,3,1,2.5685487774525666,1.2621595917305986,3,1,1,2.3333333333333335,101.1
Zm00001eb019470,2,0,1.9323012894982432,1.268934147131473,2,1,1,3.0,2744.2
Zm00001eb019520,2,0,1.2219700444011332,0.9028806024546565,2,3,1,1.5,819.9
Zm00001eb019590,2,0,1.4776146458495538,0.7572409004491033,5,2,2,2.0,586.4
Zm00001eb019620,1,0,0.0815520151628979,0.0815520151628979,1,2,1,2.0,4.8
Zm00001eb019880,1,0,0.4192811028317328,0.4192811028317328,1,3,2,2.0,101.9
Zm00001eb019890,1,0,0.3525108672240281,0.3525108672240281,1,2,1,3.0,495.0
Zm00001eb019900,1,0,1.4189526196496012,1.4189526196496012,3,2,1,4.0,200.6
Zm00001eb020040,1,0,0.428659054239107,0.428659054239107,1,1,1,0.0,138.7
Zm00001eb020100,1,0,0.7740588250731392,0.7740588250731392,1,4,1,1.0,55.2
Zm00001eb020110,1,1,2.288149136505908,2.288149136505908,2,1,1,2.0,786.9
Zm00001eb020170,1,0,0.1350369798372992,0.1350369798372992,2,1,1,4.0,207.9
Zm00001eb020240,1,0,0.4073144537532416,0.4073144537532416,1,2,1,3.0,38.0
Zm00001eb020260,1,0,0.3261279248108498,0.3261279248108498,2,1,1,1.0,653.3
Zm00001eb020280,1,0,0.8020457983262721,0.8020457983262721,2,2,2,3.0,407.3
Zm00001eb020350,2,0,0.9835562370437771,0.9165425977875892,2,4,1,2.5,353.0
Zm00001eb020360,1,0,0.556169282284618,0.556169282284618,1,1,1,0.0,291.9
Zm00001eb020390,1,0,1.4840921633332218,1.4840921633332218,3,3,1,0.0,28.7
Zm00001eb020420,1,0,1.527477012382076,1.527477012382076,3,2,1,4.0,220.7
Zm00001eb020450,2,0,2.2869995096420737,2.2869995096420737,4,1,1,0.5,214.0
Zm00001eb020470,2,0,0.4411725514444349,0.2939865429641072,2,1,1,2.5,14.0
Zm00001eb020540,1,0,1.5719524058033012,1.5719524058033012,3,2,1,3.0,15.3
Zm00001eb020600,2,0,0.5288702747558561,0.49293592926837104,3,3,2,1.0,89.9
Zm00001eb020660,1,1,2.326271549412075,2.326271549412075,3,1,1,2.0,502.0
Zm00001eb020690,2,1,4.470013059440195,3.176949603996844,5,1,1,2.5,1140.9
Zm00001eb020730,1,0,0.0667809531891281,0.0667809531891281,1,1,1,2.0,8.9
Zm00001eb020790,2,0,1.1436193316852197,1.0279369380394294,3,4,2,4.0,3.2
Zm00001eb020860,1,0,1.0895897934757257,1.0895897934757257,5,2,1,0.0,1812.1
Zm00001eb021080,2,0,0.3451361223132036,0.3451361223132036,2,3,1,3.0,4.0
Zm00001eb021140,3,0,0.4668067793306857,0.42867379010878576,3,1,1,1.6666666666666667,507.7
Zm00001eb021200,2,0,0.4015356593553542,0.36134921570324297,2,2,1,1.5,16.0
Zm00001eb021220,1,0,0.7737567681765884,0.7737567681765884,1,2,1,1.0,46.6
Zm00001eb021260,3,0,3.8379555990564462,3.8379555990564462,6,2,2,0.6666666666666666,533.1
Zm00001eb021270,6,4,6.196128675568189,4.70693718881574,7,1,1,3.1666666666666665,1919.2
Zm00001eb021300,1,0,0.8290420607007477,0.8290420607007477,1,3,1,2.0,55.8
Zm00001eb021310,1,1,4.007154182935343,4.007154182935343,1,2,1,2.0,353.4
Zm00001eb021320,2,0,1.597731156125534,1.4322905495305318,10,3,2,1.5,693.7
Zm00001eb021340,3,0,0.2724388019585283,0.2724388019585283,5,2,2,3.6666666666666665,192.3
Zm00001eb021450,2,0,0.8246543760640036,0.7854231148679569,5,1,1,2.0,4.8
Zm00001eb021510,2,0,0.9471423644014032,0.9471423644014032,3,1,1,2.5,71.5
Zm00001eb021530,1,0,1.2571764431638075,1.2571764431638075,3,3,2,2.0,15.6
Zm00001eb021550,2,0,1.4062776139022006,0.8649662962946907,2,3,1,2.0,195.3
Zm00001eb021830,1,0,1.2914302244154865,1.2914302244154865,2,2,2,0.0,147.0
Zm00001eb021900,2,0,2.990694194965582,1.9929149816485698,2,2,1,4.0,214.5
Zm00001eb021920,1,0,0.6201257729648548,0.6201257729648548,2,1,1,2.0,11.1
Zm00001eb021940,1,0,2.4477801703537354,2.4477801703537354,1,3,1,2.0,116.2
Zm00001eb021970,2,2,2.0523890201091928,2.0523890201091928,4,1,1,2.5,621.9
Zm00001eb021990,1,0,0.8661040256061905,0.8661040256061905,2,1,1,1.0,229.3
Zm00001eb022040,7,0,1.756946403836782,1.4037418818923695,9,2,2,2.2857142857142856,1855.9
Zm00001eb022080,1,0,0.4278814493436905,0.4278814493436905,1,1,1,5.0,573.7
Zm00001eb022210,2,0,0.4705081549854745,0.4215159094040679,5,1,1,2.0,3.9
Zm00001eb022230,1,0,1.4469171296062986,1.4469171296062986,1,2,1,1.0,1502.7
Zm00001eb022280,1,0,1.0005827385391532,1.0005827385391532,1,1,1,3.0,120.0
Zm00001eb022380,1,0,0.4016091848511527,0.4016091848511527,1,2,1,1.0,37.6
Zm00001eb022400,1,0,1.727234524524373,1.727234524524373,6,2,2,4.0,754.0
Zm00001eb022410,2,0,1.1186782860087154,1.008317226944921,4,3,2,3.5,737.4
Zm00001eb022440,1,0,0.384909912050693,0.384909912050693,1,2,1,1.0,379.1
Zm00001eb022670,3,0,0.2924766233191955,0.25674359422832804,4,2,1,2.0,421.3
Zm00001eb022680,2,0,0.6088246248260694,0.30722786665274116,2,2,1,3.0,140.4
Zm00001eb022740,1,0,0.1773354921504796,0.1773354921504796,1,2,1,1.0,280.7
Zm00001eb022750,3,1,1.644750550441185,1.253860925060816,3,1,1,1.3333333333333333,169.1
Zm00001eb022810,2,0,0.5236238047599765,0.48349594861909473,3,1,1,3.5,50.9
Zm00001eb022870,1,0,0.4301377801672029,0.4301377801672029,1,1,1,5.0,40.2
Zm00001eb022920,1,0,1.8803951277802335,1.8803951277802335,2,2,2,2.0,16.3
Zm00001eb022980,1,0,2.4773544924465507,2.4773544924465507,1,3,1,1.0,741.8
Zm00001eb023010,1,0,0.3505486837299088,0.3505486837299088,1,1,1,3.0,624.8
Zm00001eb023020,4,0,1.274482298886822,0.7580972668184972,7,2,1,3.0,428.1
Zm00001eb023100,2,0,0.5748144929960696,0.4975179494681534,2,1,1,3.5,29.6
Zm00001eb023130,1,1,2.1932050567132197,2.1932050567132197,1,3,1,4.0,80.7
Zm00001eb023230,3,0,1.0363538171076103,0.7251992112394339,4,1,1,2.3333333333333335,962.8
Zm00001eb023250,1,0,0.2384983026858295,0.2384983026858295,1,1,1,1.0,7.8
Zm00001eb023280,1,0,0.5813288703994139,0.5813288703994139,2,2,0,5.0,277.5
Zm00001eb023290,2,0,1.9901400284072792,1.9901400284072792,7,2,1,1.0,79.1
Zm00001eb023350,2,1,2.132124301124479,2.1177181126992917,2,1,1,2.5,735.5
Zm00001eb023510,1,0,1.3335183493007454,1.3335183493007454,2,2,1,0.0,56.1
Zm00001eb023520,2,0,0.6373239592192099,0.5824912740428188,3,1,1,4.5,65.6
Zm00001eb023650,1,0,0.5869548126601457,0.5869548126601457,2,2,1,3.0,78.1
Zm00001eb023680,1,0,2.008696335980886,2.008696335980886,3,2,1,3.0,98.6
Zm00001eb023730,1,0,1.2526841128400563,1.2526841128400563,2,1,1,2.0,4.2
Zm00001eb023740,1,0,0.425856425007509,0.425856425007509,1,1,1,0.0,74.0
Zm00001eb023810,5,0,1.6897053647971496,0.8736269257991222,7,2,2,2.6,571.8
Zm00001eb023820,2,0,4.427844521429054,4.427844521429054,2,2,2,3.5,701.3
Zm00001eb023830,1,0,0.3546184177556997,0.3546184177556997,1,3,1,4.0,21.8
Zm00001eb023920,1,0,1.2026076001965018,1.2026076001965018,1,1,0,2.0,82.2
Zm00001eb023970,3,0,1.5056728150004768,0.6724991324618809,3,4,2,2.6666666666666665,11.0
Zm00001eb024020,2,0,0.6231457881583654,0.3422097128200903,3,1,1,3.5,40.7
Zm00001eb024120,1,1,2.302558477026654,2.302558477026654,1,1,1,1.0,133.6
Zm00001eb024130,2,0,2.495212170805097,1.893450568396619,6,2,1,3.0,324.5
Zm00001eb024210,1,0,1.0257081244103814,1.0257081244103814,1,1,1,6.0,38.2
Zm00001eb024300,2,0,0.2225959512145078,0.16163888612434849,2,1,1,2.5,8.1
Zm00001eb024330,1,0,1.0526525021496609,1.0526525021496609,1,1,1,2.0,486.4
Zm00001eb024380,3,0,0.602336764207936,0.30542645875142344,4,3,2,2.3333333333333335,183.7
Zm00001eb024440,1,0,1.753346639495202,1.753346639495202,1,2,1,6.0,38.6
Zm00001eb024550,1,0,0.5367512920540377,0.5367512920540377,1,1,1,6.0,1798.9
Zm00001eb024560,1,0,0.7518666511854677,0.7518666511854677,1,1,1,2.0,380.8
Zm00001eb024700,1,0,0.0435448519131594,0.0435448519131594,1,1,1,6.0,1581.8
Zm00001eb024740,2,0,2.0587590250553247,2.0587590250553247,2,3,1,1.0,170.1
Zm00001eb024900,1,0,2.7305956676986933,2.7305956676986933,1,2,1,0.0,120.1
Zm00001eb025170,1,0,0.0467640342235853,0.0467640342235853,2,4,2,2.0,77.9
Zm00001eb025240,2,0,0.6657667496956711,0.5753055870320587,2,4,2,0.5,13.5
Zm00001eb025300,2,0,0.7521064298530735,0.5239168551019022,2,2,1,2.0,109.3
Zm00001eb025390,1,0,1.7818606857904666,1.7818606857904666,4,2,1,2.0,162.3
Zm00001eb025470,1,0,0.8757566753370064,0.8757566753370064,4,2,1,2.0,756.9
Zm00001eb025500,3,0,1.4638185282855014,1.1286273428221765,4,2,1,3.0,211.7
Zm00001eb025540,3,0,0.6567210524239749,0.6567210524239749,3,2,1,1.3333333333333333,63.4
Zm00001eb025550,1,0,0.9848610716992056,0.9848610716992056,1,1,1,2.0,160.7
Zm00001eb025650,1,0,0.3850925018936243,0.3850925018936243,1,1,1,1.0,296.8
Zm00001eb025900,1,0,1.3749519421683978,1.3749519421683978,2,2,1,6.0,624.6
Zm00001eb026030,1,0,0.1152889495116863,0.1152889495116863,1,3,1,0.0,129.3
Zm00001eb026200,1,0,2.5664845533055316,2.5664845533055316,2,1,1,3.0,922.5
Zm00001eb026220,4,3,2.110082343852902,1.7478618563092974,6,2,2,3.25,101.3
Zm00001eb026310,2,0,4.034909489685124,4.034909489685124,2,2,1,1.0,1.9
Zm00001eb026420,1,0,1.0720387619756968,1.0720387619756968,2,2,1,1.0,73.8
Zm00001eb026550,1,1,4.060818333122903,4.060818333122903,2,1,1,4.0,46.9
Zm00001eb027790,3,0,0.4766616637871176,0.47666166378711755,3,2,1,2.6666666666666665,24.3
Zm00001eb027830,1,0,0.6059864436302174,0.6059864436302174,1,2,0,4.0,32.3
Zm00001eb027880,1,0,0.1780577076056541,0.1780577076056541,2,2,1,3.0,183.6
Zm00001eb028000,1,1,5.156855964103568,5.156855964103568,1,1,1,7.0,253.2
Zm00001eb028060,1,0,0.248315716481416,0.248315716481416,2,1,1,0.0,218.8
Zm00001eb028510,2,0,0.3957327506866236,0.3957327506866236,3,1,1,2.0,318.7
Zm00001eb028710,1,0,0.2255114606152137,0.2255114606152137,1,2,1,4.0,1074.7
Zm00001eb028720,1,0,0.5416577104432373,0.5416577104432373,1,1,1,3.0,8.3
Zm00001eb028780,3,0,1.188100303731084,1.0138103200295359,4,2,1,2.6666666666666665,220.9
Zm00001eb028820,3,1,3.4905867984114125,1.9924115117348904,3,3,1,4.0,196.1
Zm00001eb028940,2,0,0.210078598432394,0.17708942120489746,4,2,1,1.0,353.1
Zm00001eb028980,2,0,1.7602924139760954,1.7602924139760954,4,1,1,3.0,1061.2
Zm00001eb029010,1,0,0.831942935165197,0.831942935165197,2,3,1,2.0,418.0
Zm00001eb029020,3,0,1.162830897749642,0.880632158600637,4,3,2,2.0,12.9
Zm00001eb029250,1,0,0.0034414695467047,0.0034414695467047,1,3,1,1.0,392.4
Zm00001eb029300,3,0,0.6991243026898947,0.40409387462957874,5,1,1,2.0,41.1
Zm00001eb029330,2,0,0.811008367440479,0.7951526527746429,2,2,1,1.5,356.0
Zm00001eb029680,2,0,0.1085119796017753,0.1085119796017753,2,2,1,3.5,110.9
Zm00001eb029970,1,0,0.6224689380971195,0.6224689380971195,3,1,1,5.0,76.3
Zm00001eb029990,2,0,0.8934296033884711,0.6033854341613731,3,1,1,1.0,149.0
Zm00001eb030050,2,0,0.9565999750235232,0.7009808181719819,2,1,1,3.5,102.7
Zm00001eb030090,3,0,1.8603929817239615,1.5126524427512713,5,3,2,4.333333333333333,48.6
Zm00001eb030110,2,0,1.1911303019242137,0.9175569339627889,4,2,2,3.0,46.2
Zm00001eb030190,4,0,1.44700848222501,0.7076777803854363,5,2,2,2.5,72.6
Zm00001eb030210,4,0,0.7481319277624592,0.5418877054726715,7,2,2,1.25,1615.7
Zm00001eb030250,1,0,0.4024774616718455,0.4024774616718455,1,1,1,2.0,243.3
Zm00001eb030260,2,0,0.7232346906672694,0.4369432156189296,2,1,1,2.5,7.2
Zm00001eb030300,1,0,0.159256735115347,0.159256735115347,1,3,1,1.0,110.4
Zm00001eb030400,1,0,0.6914586546416917,0.6914586546416917,4,3,1,5.0,1147.8
Zm00001eb030410,1,0,2.0815907994733496,2.0815907994733496,3,2,1,3.0,564.8
Zm00001eb030470,2,0,0.8224567901953367,0.5575559586617447,3,2,2,3.5,89.0
Zm00001eb030570,1,0,1.2877133079966747,1.2877133079966747,1,2,1,5.0,598.0
Zm00001eb030650,3,0,0.6377888576649158,0.6377888576649158,7,1,1,4.333333333333333,34.9
Zm00001eb030680,2,0,0.8696819734246563,0.8084171571617419,3,2,1,5.0,404.1
Zm00001eb030710,1,1,3.170737524891494,3.170737524891494,1,1,1,2.0,101.0
Zm00001eb030760,1,0,1.813986305274642,1.813986305274642,2,2,1,3.0,144.2
Zm00001eb030870,1,1,2.075649400692202,2.075649400692202,2,3,1,4.0,413.5
Zm00001eb030890,1,0,0.5656486476464936,0.5656486476464936,9,2,2,5.0,134.7
Zm00001eb030970,1,0,0.6205796305806375,0.6205796305806375,1,1,1,6.0,891.5
Zm00001eb030990,1,0,2.91188680484888,2.91188680484888,1,2,2,3.0,57.8
Zm00001eb031040,1,0,0.159343514468006,0.159343514468006,1,4,1,4.0,54.4
Zm00001eb031190,1,0,0.0726170405151184,0.0726170405151184,4,2,2,3.0,273.3
Zm00001eb031210,1,0,0.3985006627989133,0.3985006627989133,6,2,1,3.0,765.3
Zm00001eb031220,1,0,0.962253280830626,0.962253280830626,1,1,1,6.0,389.3
Zm00001eb031400,2,0,3.835858518333138,3.0177494500409643,4,2,1,2.0,589.3
Zm00001eb031410,4,3,3.8085521389766632,1.8718007676577924,6,3,2,1.25,281.0
Zm00001eb031520,3,0,4.784881771070303,1.9512354892278463,5,1,1,0.3333333333333333,194.8
Zm00001eb031580,3,0,0.9384273131953595,0.7525495014940403,4,2,2,2.6666666666666665,6.3
Zm00001eb031590,5,0,1.1671462149104932,0.6572181381322502,8,1,1,2.2,102.0
Zm00001eb031600,1,0,0.3778906928128648,0.3778906928128648,3,1,1,1.0,861.5
Zm00001eb031640,3,0,1.9803560830207536,1.320565306230468,4,1,1,1.6666666666666667,398.2
Zm00001eb031670,2,1,2.7747387468313107,2.2562968113746993,3,3,1,1.5,23.2
Zm00001eb031700,1,0,0.6720586326347112,0.6720586326347112,7,2,1,6.0,13.1
Zm00001eb031870,1,0,0.755974238804185,0.755974238804185,1,1,1,3.0,573.7
Zm00001eb031880,1,0,0.5447866755928499,0.5447866755928499,3,3,2,3.0,277.6
Zm00001eb031900,1,0,0.2816549898690121,0.2816549898690121,1,2,1,3.0,1218.8
Zm00001eb031930,1,0,0.0801940522806913,0.0801940522806913,3,2,1,4.0,256.9
Zm00001eb032000,1,0,0.4197703375680053,0.4197703375680053,1,2,1,3.0,46.8
Zm00001eb032030,1,0,0.1285281859540287,0.1285281859540287,2,1,1,4.0,317.1
Zm00001eb032060,5,0,1.350186063324591,0.9541140090167722,9,2,2,3.2,1212.6
Zm00001eb032110,1,0,1.814029583146076,1.814029583146076,1,1,1,1.0,185.8
Zm00001eb032160,1,0,0.1423980498748034,0.1423980498748034,3,2,1,5.0,289.5
Zm00001eb032230,5,1,1.7113240355174346,0.8021728974031319,8,4,4,3.0,1605.8
Zm00001eb032290,3,0,0.638452819502708,0.4883976877588609,6,1,1,2.0,2738.4
Zm00001eb032330,1,0,0.1281653210543467,0.1281653210543467,4,2,1,3.0,42.6
Zm00001eb032340,1,0,2.9155990075926463,2.9155990075926463,5,2,2,4.0,3046.9
Zm00001eb032470,1,0,0.2296396913202481,0.2296396913202481,3,2,2,5.0,1.9
Zm00001eb032500,2,2,2.1924542943574488,2.1924542943574488,3,2,2,1.0,15.6
Zm00001eb032630,2,0,0.0098274939385027,0.0098274939385027,3,3,1,2.0,11.6
Zm00001eb032670,2,0,0.8071677752716883,0.5518241525666205,2,3,0,4.5,2.2
Zm00001eb032690,3,0,0.996664935331158,0.5359267122602417,7,1,1,4.333333333333333,80037.6
Zm00001eb032760,1,0,0.8331358761555301,0.8331358761555301,3,1,1,2.0,552.9
Zm00001eb032780,3,0,1.7489543089414394,1.1929175055997385,5,2,2,4.666666666666667,1809.4
Zm00001eb032800,2,0,1.943289882414952,1.943289882414952,3,1,1,3.5,850.1
Zm00001eb032860,1,0,1.0296970288555505,1.0296970288555505,2,1,1,0.0,271.7
Zm00001eb032880,4,0,0.6061910296020925,0.6061910296020925,13,2,2,3.25,4.3
Zm00001eb032970,1,0,0.6760427102955673,0.6760427102955673,4,3,1,5.0,1358.2
Zm00001eb033030,1,0,0.44777923497391,0.44777923497391,7,2,1,1.0,4722.3
Zm00001eb033050,3,1,3.3385292973275944,1.9242095862750686,3,1,1,3.0,9.7
Zm00001eb033080,1,0,0.1271277263555426,0.1271277263555426,2,2,1,3.0,687.1
Zm00001eb033100,6,0,2.075609021440476,0.8228279217257296,11,1,1,3.0,583.8
Zm00001eb033120,4,0,0.840507204062883,0.5532842559327134,7,2,2,3.0,182.5
Zm00001eb033130,3,0,1.8000367229330307,1.7083068138557769,3,2,1,3.0,145.2
Zm00001eb033220,1,1,2.4420295470223596,2.4420295470223596,1,1,1,3.0,15.4
Zm00001eb033470,1,0,0.3776015157371801,0.3776015157371801,1,4,1,2.0,1030.7
Zm00001eb033480,2,0,1.3290240662773294,0.8041531622192974,2,2,1,5.5,1334.3
Zm00001eb033550,1,0,0.5641325660213024,0.5641325660213024,2,4,2,3.0,228.3
Zm00001eb033570,2,0,2.283681319775152,1.202275260495193,3,1,1,1.5,167.7
Zm00001eb033580,5,0,2.601867530719663,0.8343353439837365,7,3,1,2.8,855.4
Zm00001eb033640,2,0,0.0068721435700943,0.00361405168877115,4,1,1,2.5,161.2
Zm00001eb033650,2,0,0.4588466090364114,0.4463580002942774,3,3,2,1.0,190.0
Zm00001eb033690,1,0,0.2894816673853005,0.2894816673853005,1,2,1,4.0,174.8
Zm00001eb033760,1,0,0.0837400336621637,0.0837400336621637,1,1,1,3.0,27.2
Zm00001eb033950,1,0,0.2498674304872666,0.2498674304872666,1,1,1,0.0,281.4
Zm00001eb034080,1,0,0.2911750561777575,0.2911750561777575,1,4,1,1.0,479.2
Zm00001eb034100,2,0,0.9375450177426254,0.9375450177426254,3,1,1,2.0,154.5
Zm00001eb034650,1,0,0.339324602780897,0.339324602780897,2,2,2,0.0,2165.3
Zm00001eb034740,2,0,0.8939156759576886,0.8939156759576886,2,1,1,2.5,794.9
Zm00001eb034760,5,0,1.6213717566606376,1.325133664473161,5,2,2,3.8,2011.8
Zm00001eb034820,2,0,1.1040478648741292,1.1040478648741292,5,1,1,2.0,132.8
Zm00001eb034870,1,0,0.1645516475810348,0.1645516475810348,2,2,1,3.0,17.7
Zm00001eb034940,2,0,1.214039978344062,0.7774742332797521,4,3,3,1.0,731.9
Zm00001eb034980,2,0,1.386999751550795,1.3744634929955637,4,2,1,2.5,90.7
Zm00001eb034990,4,1,3.154118781316213,1.355162026552538,7,1,1,3.25,2904.1
Zm00001eb035010,1,0,0.5432849350769854,0.5432849350769854,1,2,1,2.0,65.5
Zm00001eb035020,1,0,1.7022882636476735,1.7022882636476735,2,3,2,0.0,63.0
Zm00001eb035230,2,0,1.1882812414486044,0.9741382797657298,3,3,3,3.0,55.3
Zm00001eb035390,1,0,0.5293671637867217,0.5293671637867217,4,2,1,5.0,348.3
Zm00001eb035420,1,0,0.0848238538793083,0.0848238538793083,2,2,2,2.0,372.6
Zm00001eb035500,1,0,2.204490415726449,2.204490415726449,4,1,1,6.0,199.8
Zm00001eb035580,1,0,0.7242009119992477,0.7242009119992477,5,2,2,2.0,2027.4
Zm00001eb035650,1,0,0.2605868829957853,0.2605868829957853,2,2,1,4.0,21.5
Zm00001eb035660,1,0,0.4294332201841483,0.4294332201841483,1,2,1,2.0,778.3
Zm00001eb035680,1,0,0.2121383139569049,0.2121383139569049,3,1,1,4.0,209.2
Zm00001eb035710,2,0,2.147387972787884,2.1432498478657673,2,2,2,3.5,9.7
Zm00001eb035720,4,0,1.7844097653387374,1.6067198682725718,5,3,1,1.75,9.2
Zm00001eb035750,2,0,0.3577551200709477,0.2299862164700414,3,2,2,4.5,1046.2
Zm00001eb035780,4,2,2.3348896395286793,1.7398934491785825,4,2,1,3.25,63.5
Zm00001eb035800,1,0,0.936799016844847,0.936799016844847,1,2,1,1.0,187.8
Zm00001eb035870,1,0,1.1950914818004394,1.1950914818004394,6,2,1,2.0,71.3
Zm00001eb036320,2,0,0.324925094872332,0.3087820710156717,2,3,1,2.0,39.4
Zm00001eb036330,1,0,0.9623974841472333,0.9623974841472333,1,1,1,0.0,67.2
Zm00001eb036370,3,0,2.379795209489393,1.5277354592086878,3,2,1,3.6666666666666665,638.0
Zm00001eb036480,6,0,0.6156244815500805,0.24493894279188747,8,1,1,2.8333333333333335,417.5
Zm00001eb036550,3,1,3.589115459714462,1.2495565121271264,5,2,1,2.6666666666666665,127.1
Zm00001eb036580,2,0,0.9437437153413384,0.5101142279764541,5,3,1,2.5,247.4
Zm00001eb036750,2,0,0.4789915995076784,0.37377111696645315,2,3,2,1.0,1269.1
Zm00001eb036760,1,0,0.8431580942498672,0.8431580942498672,5,3,2,3.0,536.2
Zm00001eb036790,1,0,1.3283663620841206,1.3283663620841206,3,3,1,4.0,266.9
Zm00001eb036800,2,0,0.899729796637796,0.899729796637796,2,3,1,2.5,94.2
Zm00001eb036840,1,0,0.3461232206881468,0.3461232206881468,1,2,1,2.0,48.1
Zm00001eb036910,1,1,2.11257112829817,2.11257112829817,1,2,1,2.0,120.1
Zm00001eb036920,2,0,0.6038920854885323,0.5815982595938152,3,3,2,4.0,2695.0
Zm00001eb036940,7,0,0.8496199840368776,0.42371647793244704,9,2,1,2.857142857142857,282.0
Zm00001eb036950,1,0,0.8041278731731388,0.8041278731731388,1,2,1,2.0,1058.8
Zm00001eb036970,2,0,1.6757558216310644,1.6757558216310644,3,2,2,2.5,399.6
Zm00001eb037010,1,0,0.158975156804101,0.158975156804101,1,1,1,2.0,55.3
Zm00001eb037030,1,0,0.3108141135713326,0.3108141135713326,3,3,2,1.0,139.4
Zm00001eb037050,1,0,0.6897907289999353,0.6897907289999353,1,2,0,3.0,112.2
Zm00001eb037080,1,0,0.4394019650264469,0.4394019650264469,1,2,1,3.0,184.8
Zm00001eb037100,1,0,0.4957575250210738,0.4957575250210738,7,2,1,3.0,12.3
Zm00001eb037170,1,0,0.1642670450198763,0.1642670450198763,3,3,2,2.0,641.0
Zm00001eb037200,2,0,0.9429026041722745,0.762810422942506,3,2,1,1.0,226.4
Zm00001eb037280,1,0,0.6055775585755525,0.6055775585755525,1,2,1,0.0,810.5
Zm00001eb037310,1,0,0.4383702219682394,0.4383702219682394,3,1,1,1.0,149.5
Zm00001eb037330,1,0,0.9839654446895943,0.9839654446895943,4,2,1,5.0,666.3
Zm00001eb037360,4,0,2.711978849448689,2.6592948900481383,6,2,2,1.5,57.8
Zm00001eb037420,1,0,1.3253220792248446,1.3253220792248446,1,3,1,3.0,255.9
Zm00001eb037440,1,0,0.3685945863388716,0.3685945863388716,1,1,1,1.0,195.5
Zm00001eb037460,2,0,1.1043605479197454,1.0801393993215065,2,2,2,5.5,220.3
Zm00001eb037480,4,0,0.6925154628092242,0.2617106372277148,6,3,2,1.75,425.1
Zm00001eb037500,4,0,1.0498180498327194,0.4000004558042989,8,2,1,1.25,854.4
Zm00001eb037570,2,0,1.4916041092526586,1.0836722002535395,4,3,3,2.5,821.3
Zm00001eb037600,2,0,2.719522898060581,2.719522898060581,7,2,2,3.0,83.1
Zm00001eb037670,1,0,0.6718014318293525,0.6718014318293525,1,4,1,4.0,7.3
Zm00001eb037680,1,0,0.9174713350818686,0.9174713350818686,2,1,1,1.0,1693.6
Zm00001eb037690,1,0,0.5826022410095911,0.5826022410095911,2,1,1,2.0,9511.3
Zm00001eb037860,1,0,0.5200274304836819,0.5200274304836819,1,4,1,3.0,17.6
Zm00001eb037930,1,0,0.1454835254175082,0.1454835254175082,1,1,1,3.0,267.2
Zm00001eb037960,1,0,0.3210751034220668,0.3210751034220668,1,1,1,0.0,12.2
Zm00001eb037990,1,0,0.9340381002857284,0.9340381002857284,5,2,2,2.0,6.0
Zm00001eb038070,1,0,1.4480390991252885,1.4480390991252885,3,2,1,4.0,68.3
Zm00001eb038110,2,0,2.553883700703466,1.6836044699411323,6,3,3,2.0,929.0
Zm00001eb038220,4,0,0.4040870186686613,0.24926537967710452,9,3,2,1.75,48.6
Zm00001eb038350,1,0,1.4707421163197765,1.4707421163197765,1,5,1,2.0,228.1
Zm00001eb038360,1,0,0.0622071471755008,0.0622071471755008,1,2,1,1.0,36.6
Zm00001eb038400,2,0,0.2279531176149521,0.12008829459389984,3,3,3,4.5,450.9
Zm00001eb038410,3,0,1.4694299388857326,0.9082992983165713,4,2,2,4.0,862.5
Zm00001eb038430,1,0,0.4796220362342783,0.4796220362342783,5,1,1,1.0,2.0
Zm00001eb038510,1,0,1.7370573238568532,1.7370573238568532,2,2,1,4.0,2505.2
Zm00001eb038530,2,0,0.302255806921982,0.2294154503301537,2,2,1,1.0,2538.1
Zm00001eb038650,1,0,0.2471165788780998,0.2471165788780998,1,1,1,1.0,1040.5
Zm00001eb038710,1,0,0.2267384121136687,0.2267384121136687,5,1,1,0.0,525.3
Zm00001eb038870,1,0,0.2138892171258549,0.2138892171258549,1,2,1,1.0,737.8
Zm00001eb038880,1,0,0.0586261485866333,0.0586261485866333,2,2,2,1.0,713.9
Zm00001eb038950,1,0,0.8517232812688051,0.8517232812688051,1,1,1,2.0,207.9
Zm00001eb039020,2,0,1.2911411568624085,0.9289716107228781,4,2,1,1.5,79.6
Zm00001eb039280,1,0,1.0000953347445916,1.0000953347445916,4,1,1,4.0,25.4
Zm00001eb039350,2,0,0.6101850470362679,0.3538798074936508,2,1,1,4.5,1881.7
Zm00001eb039380,1,0,1.1519653041360354,1.1519653041360354,8,2,1,4.0,197.7
Zm00001eb039400,1,0,0.8377086942657623,0.8377086942657623,3,1,1,4.0,462.1
Zm00001eb039410,2,0,0.2014355948053277,0.12262847053672825,4,1,1,3.0,422.8
Zm00001eb039550,2,0,0.3601343993088722,0.344461911880273,2,2,1,2.0,2184.9
Zm00001eb039610,1,1,5.018659294750796,5.018659294750796,2,1,1,3.0,1887.6
Zm00001eb039620,1,1,2.8626669109014293,2.8626669109014293,1,2,1,1.0,463.0
Zm00001eb039810,2,0,0.5791594145897432,0.528754522399188,2,2,1,4.0,476.3
Zm00001eb039840,1,0,1.2051038020362914,1.2051038020362914,1,1,1,5.0,47.2
Zm00001eb039970,1,0,1.5620298430946054,1.5620298430946054,2,3,1,1.0,2.0
Zm00001eb039980,4,0,0.7796788112367594,0.35938988747142353,4,2,1,3.25,241.5
Zm00001eb040040,3,2,2.3199115993529373,1.963054591922632,3,3,2,1.3333333333333333,446.9
Zm00001eb040100,1,1,1.7076390765853546,1.7076390765853546,3,3,1,1.0,145.2
Zm00001eb040130,2,0,1.2118883994581802,1.0347497855131946,6,2,2,3.5,13.8
Zm00001eb040140,1,0,0.5613565041387513,0.5613565041387513,3,2,1,1.0,370.1
Zm00001eb040250,1,0,0.1841266392594442,0.1841266392594442,3,2,1,5.0,89.0
Zm00001eb040280,1,0,0.7334497796967439,0.7334497796967439,1,2,1,2.0,274.9
Zm00001eb040380,1,0,0.1617700714083948,0.1617700714083948,2,2,1,1.0,10.3
Zm00001eb040400,2,0,1.6051612483100377,1.4755316024709166,4,5,3,5.0,1358.9
Zm00001eb040450,3,2,2.205633483405151,1.790541470447628,4,2,1,3.0,102.7
Zm00001eb040460,2,0,0.8154937224425388,0.5041295879426179,2,1,1,2.0,151.7
Zm00001eb040540,1,0,0.1349872542998654,0.1349872542998654,1,1,1,3.0,33.3
Zm00001eb040560,4,0,1.7914649091399482,0.899060248345372,5,2,2,2.0,674.9
Zm00001eb040700,1,0,0.998103205920712,0.998103205920712,3,2,1,2.0,135.5
Zm00001eb040730,1,0,0.4679017675273049,0.4679017675273049,1,1,1,3.0,1166.1
Zm00001eb040860,1,0,1.58990959354083,1.58990959354083,2,1,1,0.0,119.1
Zm00001eb040900,1,0,0.63171663478238,0.63171663478238,1,1,1,1.0,160.2
Zm00001eb040920,1,0,0.9958431396054246,0.9958431396054246,3,3,1,1.0,43.6
Zm00001eb041030,1,0,1.60915204294599,1.60915204294599,3,2,1,3.0,3038.3
Zm00001eb041050,2,0,1.4924875904787445,1.306798498613531,3,2,2,2.5,162.2
Zm00001eb041100,1,0,0.5675219608126281,0.5675219608126281,4,2,2,5.0,763.9
Zm00001eb041130,1,0,0.5313607251060198,0.5313607251060198,5,2,2,2.0,139.4
Zm00001eb041140,1,0,0.0738121814936696,0.0738121814936696,2,3,2,2.0,2979.9
Zm00001eb041150,1,0,1.9789287687993589,1.9789287687993589,3,2,1,1.0,1288.0
Zm00001eb041160,1,0,1.569620403264592,1.569620403264592,2,1,1,2.0,720.6
Zm00001eb041230,2,0,1.2830925099036714,1.0881380216793242,3,2,2,3.0,123.0
Zm00001eb041360,2,0,0.8851959382774232,0.6550628352121883,6,3,3,3.5,198.8
Zm00001eb041370,2,0,1.4676389109669277,0.9928869935941157,2,1,1,3.0,439.4
Zm00001eb041390,3,0,0.6450395739106289,0.36834886562634733,9,3,3,4.333333333333333,778.7
Zm00001eb041400,2,0,0.9668088311985188,0.5380400419413968,5,1,1,3.5,335.6
Zm00001eb041410,6,0,1.6333605252653771,0.7293034496866961,11,2,2,1.6666666666666667,843.7
Zm00001eb041430,1,0,2.182989201467263,2.182989201467263,2,1,1,3.0,289.0
Zm00001eb041560,2,1,2.9749638225881845,2.911439091489891,2,3,1,2.5,679.1
Zm00001eb041600,1,0,0.0941094053128809,0.0941094053128809,1,1,1,2.0,127.4
Zm00001eb041700,1,0,0.901939854516652,0.901939854516652,4,3,1,1.0,1497.3
Zm00001eb041710,1,0,1.085079797812385,1.085079797812385,1,3,1,1.0,4.7
Zm00001eb041760,1,0,1.192096840203794,1.192096840203794,2,1,1,2.0,696.2
Zm00001eb041770,1,0,0.8840654121193463,0.8840654121193463,2,1,1,5.0,1855.5
Zm00001eb041790,1,0,0.5510822518761032,0.5510822518761032,4,2,1,2.0,252.0
Zm00001eb041800,2,0,0.5817891633379412,0.5578054465884823,4,2,2,5.0,40.4
Zm00001eb041840,3,0,0.9973796119438378,0.530192217615087,6,2,2,3.6666666666666665,536.6
Zm00001eb041850,1,0,0.9922748315147342,0.9922748315147342,1,2,1,4.0,193.4
Zm00001eb041860,3,0,1.3567613769557063,0.6192778711146633,5,1,1,2.6666666666666665,7.9
Zm00001eb041910,1,0,0.7980910187795712,0.7980910187795712,1,1,1,4.0,612.0
Zm00001eb042020,2,0,0.2200862784993637,0.14591632115388825,3,4,2,6.0,49.2
Zm00001eb042080,2,0,1.667481170215531,1.3107028986293878,4,3,2,3.0,1388.1
Zm00001eb042110,1,0,1.517920319017486,1.517920319017486,3,2,1,1.0,558.5
Zm00001eb042120,1,0,0.201025814735806,0.201025814735806,1,3,2,1.0,174.2
Zm00001eb042150,1,0,0.6892832384805272,0.6892832384805272,2,2,1,2.0,330.6
Zm00001eb042240,3,2,2.4424314537005674,1.60878945071533,5,2,1,2.6666666666666665,2875.9
Zm00001eb042260,1,0,2.0926322819026764,2.0926322819026764,1,3,1,5.0,263.6
Zm00001eb042650,1,0,0.0578970508120285,0.0578970508120285,1,1,1,0.0,15.5
Zm00001eb042670,4,0,2.0378651619753505,0.8972894817623465,5,1,1,3.75,1152.6
Zm00001eb042700,4,0,0.3543300597323569,0.24587065194831367,4,1,1,3.0,744.3
Zm00001eb042710,1,0,0.0362459202334861,0.0362459202334861,2,3,1,2.0,3797.3
Zm00001eb042730,1,0,0.6249114713033851,0.6249114713033851,2,1,1,3.0,246.9
Zm00001eb042740,1,0,1.527782538080541,1.527782538080541,1,2,1,3.0,55.8
Zm00001eb042750,1,0,0.8794411664939579,0.8794411664939579,5,2,2,2.0,4245.9
Zm00001eb042760,2,0,0.586892531677019,0.586892531677019,4,1,1,2.5,594.3
Zm00001eb042800,1,0,0.022309315138719,0.022309315138719,5,1,1,1.0,568.2
Zm00001eb042900,1,0,0.2243101213170976,0.2243101213170976,3,1,1,2.0,221.1
Zm00001eb043070,1,0,1.1087020923962585,1.1087020923962585,3,1,1,2.0,320.9
Zm00001eb043170,1,1,2.452830718673834,2.452830718673834,1,3,1,1.0,19.7
Zm00001eb043240,1,0,0.5557013986469282,0.5557013986469282,3,2,1,5.0,2720.1
Zm00001eb043360,1,0,0.6214170508564819,0.6214170508564819,3,3,2,3.0,6.3
Zm00001eb043400,1,0,0.2816548476876319,0.2816548476876319,5,2,2,3.0,260.1
Zm00001eb043430,1,0,1.0292146103426103,1.0292146103426103,1,2,1,4.0,538.0
Zm00001eb043610,4,0,1.1958514149283717,0.9326495809999855,5,2,2,2.5,480.3
Zm00001eb043620,1,0,0.7522942268233572,0.7522942268233572,1,1,1,2.0,943.1
Zm00001eb043640,5,3,3.675901686757014,2.6625470541738054,5,3,2,1.2,1304.0
Zm00001eb043680,1,0,2.392388464452321,2.392388464452321,1,1,1,1.0,10.4
Zm00001eb043700,1,0,0.6809738742087506,0.6809738742087506,1,2,1,3.0,22.6
Zm00001eb043720,2,0,0.9604226224556812,0.8122713762705843,5,2,1,2.5,331.9
Zm00001eb043730,1,0,0.5507892216189191,0.5507892216189191,3,3,1,3.0,109.1
Zm00001eb043750,1,0,0.233145841224094,0.233145841224094,1,4,2,2.0,10.8
Zm00001eb043760,4,2,2.049480158932319,1.512358048690364,7,3,1,3.0,670.5
Zm00001eb043900,3,0,1.337542311787414,0.6757352437142111,6,2,1,2.6666666666666665,1590.0
Zm00001eb043920,1,0,1.143055514975044,1.143055514975044,1,1,1,3.0,849.9
Zm00001eb043950,4,0,0.7870592431712377,0.4183912087604861,6,3,2,3.25,173.9
Zm00001eb044210,1,0,2.6794957854833723,2.6794957854833723,3,2,2,5.0,284.1
Zm00001eb044380,1,0,0.9115470530629396,0.9115470530629396,1,3,1,2.0,301.7
Zm00001eb044500,1,0,3.405304865231919,3.405304865231919,1,1,1,2.0,534.6
Zm00001eb044550,1,0,1.1802196675427588,1.1802196675427588,1,2,1,1.0,167.6
Zm00001eb044650,1,1,2.886499000041,2.886499000041,6,3,2,2.0,382.7
Zm00001eb044660,1,0,0.3296796970226555,0.3296796970226555,5,3,2,1.0,43.2
Zm00001eb044700,1,0,0.7604969048478313,0.7604969048478313,2,1,1,5.0,50.9
Zm00001eb044740,1,0,0.8813238659539814,0.8813238659539814,1,0,0,3.0,343.0
Zm00001eb044830,1,0,0.6691569664470802,0.6691569664470802,2,1,1,1.0,1047.5
Zm00001eb044840,1,0,0.3420393139641687,0.3420393139641687,1,1,1,1.0,564.8
Zm00001eb044870,3,0,1.184651230306028,0.7791620610923844,4,1,1,3.0,178.5
Zm00001eb044910,2,1,2.8121481598280704,2.4806103302388975,2,2,1,1.5,1400.0
Zm00001eb044960,5,1,3.5651187695033735,1.3816859658754934,7,4,3,2.4,140.9
Zm00001eb044970,2,1,2.283194705250409,2.226777614676916,4,1,1,6.5,56.2
Zm00001eb045210,1,0,0.6234704786111825,0.6234704786111825,1,3,1,1.0,66.9
Zm00001eb045250,6,0,1.6553861900782396,0.7167900190832691,10,3,2,2.8333333333333335,1694.1
Zm00001eb045270,1,0,0.5004252974796336,0.5004252974796336,8,3,3,5.0,17.9
Zm00001eb045370,1,0,1.3403477428146602,1.3403477428146602,3,1,1,1.0,51.1
Zm00001eb045420,4,0,0.7851372823606072,0.7008231320118737,5,4,2,1.0,513.4
Zm00001eb045470,3,0,2.25893970785425,0.7549440233750809,7,3,2,5.0,188.8
Zm00001eb045530,2,0,1.0969613834558611,0.572299538392967,2,1,1,1.0,210.4
Zm00001eb045540,2,0,0.3018052894522227,0.27874970333672044,2,1,1,2.5,243.8
Zm00001eb045620,1,0,1.1249887824567963,1.1249887824567963,1,2,1,2.0,175.6
Zm00001eb045630,1,0,0.9323221996284032,0.9323221996284032,1,2,1,0.0,97.5
Zm00001eb045640,1,0,1.430464555096135,1.430464555096135,1,1,1,5.0,113.0
Zm00001eb045660,4,0,0.8834941894408354,0.7588988052212621,5,2,2,2.5,264.3
Zm00001eb045680,2,0,1.8064054621213248,1.8064054621213248,6,3,3,4.0,315.4
Zm00001eb045690,1,0,0.5718097219682353,0.5718097219682353,4,3,2,1.0,320.2
Zm00001eb045960,1,0,0.1448978102623818,0.1448978102623818,1,3,1,1.0,95.6
Zm00001eb046040,1,1,5.570111977779487,5.570111977779487,2,2,2,4.0,2015.9
Zm00001eb046260,1,0,1.6824679466250303,1.6824679466250303,1,1,1,2.0,927.8
Zm00001eb046280,1,1,1.8903427375092523,1.8903427375092523,1,1,1,7.0,7.7
Zm00001eb046420,1,0,0.9908380245830838,0.9908380245830838,2,2,1,2.0,179.9
Zm00001eb046650,1,0,1.4245582025103782,1.4245582025103782,1,2,1,1.0,103.5
Zm00001eb046690,1,0,0.4946527478767752,0.4946527478767752,1,1,1,1.0,13.9
Zm00001eb046700,2,0,0.2636281759812741,0.2636281759812741,2,3,1,2.5,43.5
Zm00001eb046740,1,0,1.716678531935624,1.716678531935624,1,3,1,2.0,779.9
Zm00001eb046750,2,1,2.221385354874377,1.170402639740347,3,2,2,2.0,151.6
Zm00001eb046960,1,0,0.3687410711891747,0.3687410711891747,1,1,1,2.0,2215.0
Zm00001eb047030,1,0,0.8117167376390458,0.8117167376390458,4,2,1,4.0,214.2
Zm00001eb047060,3,0,0.4766185629031454,0.4766185629031454,3,2,1,3.3333333333333335,173.5
Zm00001eb047070,2,0,0.1772226520217169,0.1772226520217169,4,1,1,1.5,1.8
Zm00001eb047280,1,0,0.3483749683959173,0.3483749683959173,2,2,1,0.0,3258.6
Zm00001eb047580,1,0,0.8265113625673186,0.8265113625673186,1,1,1,1.0,192.9
Zm00001eb047690,3,0,1.1047700271455327,0.6383994495819604,3,2,1,2.6666666666666665,113.0
Zm00001eb047760,3,3,2.8791034352484237,2.716485623227287,3,2,1,5.0,837.3
Zm00001eb047770,1,1,7.1755794559533985,7.1755794559533985,1,2,1,5.0,44.6
Zm00001eb047830,4,0,1.348704802162759,0.4159738537640876,5,4,2,3.0,2235.2
Zm00001eb047840,2,0,1.7964065936484763,1.0347788701047202,7,2,2,1.0,61.0
Zm00001eb047890,1,0,1.009641253035009,1.009641253035009,1,3,1,3.0,100.2
Zm00001eb047930,2,0,0.4291319456421936,0.2563848103929171,2,1,1,2.5,98.3
Zm00001eb047990,1,0,0.2677157636929435,0.2677157636929435,1,2,1,0.0,1188.6
Zm00001eb048020,1,0,0.2870903639282009,0.2870903639282009,2,3,2,1.0,114.6
Zm00001eb048110,1,0,0.5583441024534573,0.5583441024534573,1,2,1,2.0,6.6
Zm00001eb048290,1,0,0.2874356636598572,0.2874356636598572,2,1,1,3.0,329.4
Zm00001eb048340,2,0,1.2013863405874738,1.2013863405874738,2,1,1,2.5,69.3
Zm00001eb048390,1,1,5.293251429718321,5.293251429718321,1,3,1,3.0,433.4
Zm00001eb048550,1,0,0.032093380408019,0.032093380408019,3,4,1,4.0,87.5
Zm00001eb048660,1,0,0.1105893826969816,0.1105893826969816,1,1,1,2.0,403.5
Zm00001eb048680,1,0,0.2932999444396599,0.2932999444396599,1,2,1,2.0,14.6
Zm00001eb048860,3,1,3.03060708710378,1.9564772872304914,3,2,1,1.0,411.6
Zm00001eb048920,1,0,0.3720013653366119,0.3720013653366119,3,3,1,2.0,160.4
Zm00001eb048930,3,0,1.2826519899917703,0.9201771555318681,4,2,2,0.6666666666666666,314.0
Zm00001eb049010,1,0,1.095559340135145,1.095559340135145,3,3,1,6.0,739.7
Zm00001eb049040,1,0,1.127877122985973,1.127877122985973,1,1,1,6.0,459.7
Zm00001eb049100,1,0,1.228773535191684,1.228773535191684,1,2,1,1.0,16.2
Zm00001eb049120,1,0,0.6934524086538262,0.6934524086538262,1,1,0,2.0,382.1
Zm00001eb049150,1,0,0.5672399144205241,0.5672399144205241,6,2,1,0.0,8.7
Zm00001eb049190,5,0,3.066292763262074,1.450143392742654,8,3,3,3.0,5797.5
Zm00001eb049250,1,0,0.1837809345667329,0.1837809345667329,3,2,1,2.0,105.6
Zm00001eb049310,1,0,1.1228345552900043,1.1228345552900043,2,2,1,5.0,138.8
Zm00001eb049320,1,0,1.4011480853328118,1.4011480853328118,2,3,1,6.0,202.0
Zm00001eb049840,1,0,1.387425333489705,1.387425333489705,1,3,1,1.0,898.9
Zm00001eb049880,1,0,1.1550255676741286,1.1550255676741286,2,1,1,2.0,2.5
Zm00001eb049890,1,0,0.8798129709822399,0.8798129709822399,1,2,0,0.0,1543.0
Zm00001eb049910,1,1,2.9062090489063546,2.9062090489063546,1,4,1,2.0,485.8
Zm00001eb049960,1,0,0.4254008605798129,0.4254008605798129,2,1,1,6.0,662.2
Zm00001eb050040,1,0,1.5055281102764166,1.5055281102764166,1,3,1,2.0,216.7
Zm00001eb050070,1,0,1.0249708861816649,1.0249708861816649,6,3,2,2.0,217.2
Zm00001eb050100,3,0,0.0191143757125711,0.0191143757125711,6,3,1,3.6666666666666665,24.7
Zm00001eb050140,2,0,0.3430458724739827,0.1891058349145595,4,2,2,3.5,254.5
Zm00001eb050340,1,0,0.8961812835752201,0.8961812835752201,1,3,1,2.0,226.0
Zm00001eb050370,1,0,0.4653328407550286,0.4653328407550286,2,1,1,6.0,129.0
Zm00001eb050410,1,0,0.048235142080687,0.048235142080687,2,2,1,3.0,546.1
Zm00001eb050470,2,0,1.0165326376108477,0.5996949132239715,3,1,1,2.0,124.6
Zm00001eb050510,1,0,1.0477124238261215,1.0477124238261215,2,3,0,2.0,72.5
Zm00001eb050610,2,0,0.4530339059284965,0.3779652187985937,2,3,1,2.0,91.7
Zm00001eb050660,1,0,0.5932865033469668,0.5932865033469668,1,3,2,8.0,198.6
Zm00001eb050840,1,1,3.788916741060909,3.788916741060909,1,1,1,5.0,194.5
Zm00001eb050860,1,0,3.473050363982712,3.473050363982712,2,2,1,1.0,22.8
Zm00001eb050870,1,0,0.0627789085760105,0.0627789085760105,1,2,2,2.0,758.6
Zm00001eb050880,1,0,1.4967772831239583,1.4967772831239583,1,4,0,5.0,354.9
Zm00001eb050910,1,0,1.6145102362718604,1.6145102362718604,1,3,1,3.0,5.1
Zm00001eb050930,1,0,0.0552642848226639,0.0552642848226639,1,2,1,2.0,212.7
Zm00001eb051020,4,0,2.0845055498229628,0.7204350504865733,5,3,2,3.5,1907.1
Zm00001eb051060,2,0,0.511293726558588,0.4305723065237714,2,2,2,5.0,11.5
Zm00001eb051080,3,0,1.3408069103904905,0.8230008731646441,4,2,2,3.3333333333333335,344.3
Zm00001eb051090,2,0,0.3626257686308756,0.22354696925385803,6,2,2,4.5,100.5
Zm00001eb051120,2,0,0.668846254269196,0.37540609955893006,3,3,2,3.0,364.3
Zm00001eb051160,2,0,0.3834788589370795,0.3584680673657044,3,3,1,2.5,156.1
Zm00001eb051170,1,0,0.0802562958952364,0.0802562958952364,2,2,1,4.0,375.4
Zm00001eb051200,2,0,0.3921946909017013,0.2960139262765932,3,3,2,3.5,378.8
Zm00001eb051470,1,0,0.5823646851229113,0.5823646851229113,2,2,0,3.0,322.3
Zm00001eb051500,1,0,2.0446820834814963,2.0446820834814963,1,1,1,1.0,553.8
Zm00001eb051600,1,0,1.8787093862811624,1.8787093862811624,2,2,1,1.0,197.8
Zm00001eb051620,4,0,0.5919556891053379,0.3703539785586178,5,2,2,1.5,105.6
Zm00001eb051750,1,0,0.6569391346246711,0.6569391346246711,4,1,1,4.0,79.3
Zm00001eb051780,3,1,2.6326472771472624,1.3762772176731242,6,2,2,2.0,805.0
Zm00001eb051870,3,0,1.098859125199121,0.5300276128907424,5,3,1,4.0,73.4
Zm00001eb051900,1,0,0.2600955842362923,0.2600955842362923,5,3,2,1.0,1535.4
Zm00001eb051980,1,0,1.778010758608297,1.778010758608297,1,1,1,2.0,237.6
Zm00001eb052120,1,0,1.251147966263748,1.251147966263748,1,2,1,5.0,3.1
Zm00001eb052230,2,0,2.1803053521922284,1.6704104253188876,5,3,2,3.5,43.2
Zm00001eb052250,4,0,0.681464580958808,0.2431465620013237,4,3,2,3.25,468.9
Zm00001eb052270,1,0,0.6590446620928269,0.6590446620928269,1,2,1,2.0,35.7
Zm00001eb052300,1,0,1.8942855332108417,1.8942855332108417,2,1,1,2.0,49.7
Zm00001eb052510,1,0,0.1030377313229798,0.1030377313229798,3,3,2,1.0,127.1
Zm00001eb052520,1,0,0.5845546723248868,0.5845546723248868,3,3,1,2.0,388.5
Zm00001eb052530,1,0,0.7841676989629796,0.7841676989629796,1,2,2,4.0,126.5
Zm00001eb052600,2,0,0.0934114486755096,0.0817864721980362,3,3,1,2.0,65.7
Zm00001eb052640,1,0,1.1125036277513407,1.1125036277513407,1,3,0,4.0,1256.6
Zm00001eb052690,1,0,0.6919614626765617,0.6919614626765617,3,4,2,1.0,621.1
Zm00001eb052700,10,0,1.8118695950537889,1.4916291534143176,12,3,3,3.7,39.3
Zm00001eb052750,3,0,1.1821903138139649,0.9314839529131304,3,3,1,3.0,475.4
Zm00001eb052760,2,0,0.3914391215948498,0.2718453235284169,2,1,1,2.5,22.8
Zm00001eb052860,3,0,0.1066191530174409,0.09274880433299167,3,2,2,3.3333333333333335,31.9
Zm00001eb052890,1,0,0.606295259743005,0.606295259743005,2,2,1,2.0,3504.6
Zm00001eb052910,1,0,0.0787461154389259,0.0787461154389259,1,2,1,3.0,344.6
Zm00001eb052960,2,0,0.5418458869385843,0.496951254002425,3,2,2,3.5,120.7
Zm00001eb052970,2,0,0.6316983703199377,0.609387908725194,2,2,1,2.0,116.6
Zm00001eb053010,1,0,0.1295796832535284,0.1295796832535284,1,1,1,4.0,283.9
Zm00001eb053210,2,0,0.431041928417991,0.431041928417991,2,3,2,3.0,589.8
Zm00001eb053230,2,0,5.903713061478437,3.9780048701979607,2,1,1,2.0,165.8
Zm00001eb053360,1,0,1.0233056508000808,1.0233056508000808,1,1,1,2.0,513.1
Zm00001eb053530,1,0,1.939807520657135,1.939807520657135,2,3,1,1.0,140.5
Zm00001eb053570,1,0,0.933671139316731,0.933671139316731,1,2,1,3.0,144.3
Zm00001eb053580,2,0,1.02066955013546,0.5986370528109682,2,4,2,1.0,83.1
Zm00001eb053630,4,0,0.4630351401766044,0.36101938004438405,5,1,1,3.5,223.8
Zm00001eb053650,3,0,0.8392378464789468,0.6798499524145765,3,1,1,1.3333333333333333,200.8
Zm00001eb053680,1,0,0.2888394779417731,0.2888394779417731,3,1,1,1.0,170.3
Zm00001eb053770,2,0,1.3630751517165491,0.7794416805408256,6,2,2,1.5,869.6
Zm00001eb053860,1,0,0.0185208673626698,0.0185208673626698,2,1,1,2.0,151.3
Zm00001eb053870,1,0,0.0409466678084696,0.0409466678084696,1,1,1,1.0,150.7
Zm00001eb054100,3,0,0.8552411408205015,0.4242368389156497,4,2,1,3.3333333333333335,1199.8
Zm00001eb054110,1,0,0.8817227952615025,0.8817227952615025,3,2,2,4.0,424.8
Zm00001eb054140,1,0,0.2338396657975994,0.2338396657975994,2,2,2,0.0,253.0
Zm00001eb054260,6,0,0.7203667958854654,0.2901834623494482,7,4,2,3.5,729.3
Zm00001eb054280,4,4,2.624145110773932,2.295804442225056,7,2,2,1.5,324.4
Zm00001eb054290,1,0,0.2685401804347588,0.2685401804347588,5,2,1,1.0,197.5
Zm00001eb054400,1,0,0.5178563821115435,0.5178563821115435,1,1,1,5.0,43.0
Zm00001eb054410,3,0,0.1516065551010876,0.1516065551010876,5,1,1,2.0,262.8
Zm00001eb054420,1,0,0.1794805796711854,0.1794805796711854,2,2,1,4.0,189.1
Zm00001eb054430,1,0,0.1633260122431713,0.1633260122431713,1,3,1,3.0,160.1
Zm00001eb054470,1,0,0.6640426069429031,0.6640426069429031,1,1,1,7.0,209.1
Zm00001eb054480,1,0,0.6923727541180991,0.6923727541180991,1,2,1,2.0,334.6
Zm00001eb054500,2,0,0.4524063548347958,0.3732276693934331,2,3,1,2.0,191.7
Zm00001eb054680,2,0,1.2774280158049007,0.8871691514632218,4,4,3,1.0,840.8
Zm00001eb054690,1,0,4.666104211610365,4.666104211610365,2,1,1,7.0,251.9
Zm00001eb054760,1,0,0.0430192022122044,0.0430192022122044,2,1,1,2.0,115.4
Zm00001eb054910,1,0,0.6838921291028232,0.6838921291028232,1,1,1,0.0,162.0
Zm00001eb054980,1,0,0.8665327128110004,0.8665327128110004,3,1,1,3.0,2011.3
Zm00001eb055040,1,0,0.2605051463256606,0.2605051463256606,2,2,1,1.0,1.7
Zm00001eb055080,2,0,0.8230364233961994,0.7281772129362247,6,3,2,3.0,151.2
Zm00001eb055170,2,1,3.061283957950266,3.057916367310679,2,1,1,2.0,738.7
Zm00001eb055180,1,0,0.2907629560195844,0.2907629560195844,1,1,1,4.0,127.6
Zm00001eb055220,1,0,0.5050096639058762,0.5050096639058762,4,3,2,3.0,35.0
Zm00001eb055230,1,0,1.6793895669671854,1.6793895669671854,2,1,1,4.0,459.1
Zm00001eb055260,2,0,0.6166128669652039,0.47100556467645144,6,2,2,4.0,503.2
Zm00001eb055280,1,0,0.7878200266535091,0.7878200266535091,3,2,2,4.0,558.1
Zm00001eb055330,1,0,0.1649888024900541,0.1649888024900541,1,2,1,1.0,630.0
Zm00001eb055360,1,0,1.0371763692855347,1.0371763692855347,1,1,1,3.0,44.7
Zm00001eb055430,4,0,0.3022825707372871,0.19379917799793,6,2,2,2.75,691.6
Zm00001eb055450,2,0,0.6994026173898167,0.4160897113451789,5,2,2,3.5,581.6
Zm00001eb055460,3,0,2.582736082461022,1.190160190804663,5,2,1,3.6666666666666665,671.2
Zm00001eb055540,1,0,0.0290158171293773,0.0290158171293773,1,3,1,6.0,49.6
Zm00001eb055620,1,1,3.0840355488625844,3.0840355488625844,1,2,1,4.0,203.8
Zm00001eb055710,2,0,1.0352697782701088,0.9815195945457362,3,1,1,3.0,12.1
Zm00001eb055750,1,0,0.1464665623215956,0.1464665623215956,3,2,2,6.0,26.8
Zm00001eb055830,2,0,0.7701971873449294,0.4358325510912167,3,2,2,2.5,18.1
Zm00001eb055840,1,0,0.5560102165021142,0.5560102165021142,1,2,1,2.0,29.4
Zm00001eb055900,1,0,0.4539611179244409,0.4539611179244409,1,2,1,1.0,9.3
Zm00001eb056010,2,0,0.6234831326063504,0.5702445365380097,4,3,2,2.0,3442.9
Zm00001eb056030,1,0,3.2545651781675824,3.2545651781675824,2,2,1,2.0,880.4
Zm00001eb056110,1,0,0.7389892666064557,0.7389892666064557,1,2,2,4.0,12.8
Zm00001eb056210,1,0,0.3134463270518157,0.3134463270518157,3,1,1,5.0,1196.0
Zm00001eb056220,2,0,1.0086801284697249,0.6467253068427059,3,2,1,2.0,941.3
Zm00001eb056260,1,0,1.6346050329487585,1.6346050329487585,1,2,1,1.0,2529.9
Zm00001eb056320,2,0,2.659907740068416,2.211830807698669,2,1,1,2.0,174.3
Zm00001eb056390,1,0,0.4044245895841735,0.4044245895841735,1,2,1,1.0,714.7
Zm00001eb056430,1,0,0.6898499595039255,0.6898499595039255,1,3,2,3.0,590.6
Zm00001eb056450,2,0,1.4854851327020715,1.0676726084934856,3,2,2,1.0,2033.7
Zm00001eb056480,1,0,1.3992420203038285,1.3992420203038285,1,3,0,1.0,59.1
Zm00001eb056760,2,0,0.7037078289816323,0.676703981907806,2,2,1,2.0,110.9
Zm00001eb056780,3,0,0.0709878904764697,0.045765606743235765,4,2,2,1.6666666666666667,54.4
Zm00001eb056800,2,0,0.3916642538409893,0.36516626201032654,2,1,1,2.5,57.3
Zm00001eb056820,1,0,0.711571199844394,0.711571199844394,2,2,2,0.0,296.6
Zm00001eb056880,1,0,0.6874152031244196,0.6874152031244196,2,3,2,7.0,21.7
Zm00001eb056890,1,0,0.161806444158004,0.161806444158004,1,1,1,2.0,516.7
Zm00001eb056900,1,0,0.477840454403478,0.477840454403478,4,2,2,5.0,312.4
Zm00001eb056920,1,0,0.882988641092978,0.882988641092978,2,2,1,2.0,192.8
Zm00001eb056930,4,1,1.8450745007643008,0.7971340102611197,5,1,1,3.25,2747.9
Zm00001eb056950,2,0,0.1630598861691504,0.1176582897281999,4,3,2,0.5,3869.4
Zm00001eb057010,1,0,0.8752940055790779,0.8752940055790779,2,4,1,2.0,16.0
Zm00001eb057040,1,1,3.0812352043564544,3.0812352043564544,1,1,1,0.0,55.0
Zm00001eb057110,1,0,0.4278946227020067,0.4278946227020067,1,3,1,3.0,303.2
Zm00001eb057150,1,0,2.1500441933837866,2.1500441933837866,1,3,1,2.0,1417.9
Zm00001eb057200,1,0,0.1404898010005371,0.1404898010005371,4,2,2,2.0,235.7
Zm00001eb057210,1,0,1.3689026273867906,1.3689026273867906,3,2,1,1.0,192.9
Zm00001eb057230,4,0,0.4146472538237625,0.22159502512283819,7,3,2,2.25,1020.5
Zm00001eb057260,1,0,0.2699195097931452,0.2699195097931452,1,1,1,3.0,317.5
Zm00001eb057280,1,0,2.841826371210462,2.841826371210462,2,1,1,2.0,129.5
Zm00001eb057300,3,0,0.9214280775853012,0.6594531883668365,5,2,1,0.6666666666666666,54.6
Zm00001eb057350,1,0,0.2512832175611725,0.2512832175611725,2,4,2,3.0,108.9
Zm00001eb057400,1,0,1.1619078887631369,1.1619078887631369,2,2,1,1.0,632.5
Zm00001eb057410,1,0,0.2538701993699991,0.2538701993699991,1,2,1,2.0,577.6
Zm00001eb057440,2,0,1.1038217251171705,0.8356678690317694,2,2,1,3.0,4089.4
Zm00001eb057570,2,0,1.7338116559820698,1.2608730570279258,4,2,2,3.5,61.9
Zm00001eb057580,1,0,0.5538427670067732,0.5538427670067732,2,2,1,4.0,541.7
Zm00001eb057710,2,0,0.6103816469795738,0.6103816469795738,4,1,1,2.5,168.1
Zm00001eb057810,1,0,0.6002025201797054,0.6002025201797054,1,1,1,4.0,904.4
Zm00001eb057820,2,0,0.7381094284562308,0.3990282700785397,4,2,1,3.5,72.9
Zm00001eb057840,2,0,1.884029256159182,1.7765164985603605,3,1,1,2.5,215.2
Zm00001eb057860,1,0,0.1320611722834239,0.1320611722834239,1,1,1,1.0,266.7
Zm00001eb057870,1,0,0.3402065945289604,0.3402065945289604,1,2,1,3.0,35.1
Zm00001eb057910,1,0,0.2429524246184583,0.2429524246184583,6,3,3,4.0,699.7
Zm00001eb057970,2,0,0.6189767824713204,0.36099194617305186,2,1,1,3.5,27.9
Zm00001eb058130,2,0,0.6701851922412974,0.6442989815164399,3,3,1,3.0,257.0
Zm00001eb058150,1,0,0.1539794167637685,0.1539794167637685,2,3,1,2.0,185.0
Zm00001eb058220,1,0,0.7961708208792215,0.7961708208792215,4,2,1,0.0,35.9
Zm00001eb058280,1,0,0.59591873985912,0.59591873985912,3,2,1,5.0,212.9
Zm00001eb058360,2,0,0.2058432982878925,0.2058432982878925,2,1,1,1.0,332.7
Zm00001eb058370,2,0,0.464242893502531,0.26899999358502713,2,2,2,3.0,540.5
Zm00001eb058450,1,0,0.1560871328424387,0.1560871328424387,1,1,1,0.0,69.3
Zm00001eb058550,5,0,1.5575759234833673,0.6291232404947412,8,3,3,3.0,1466.9
Zm00001eb058570,1,0,1.1279835279508994,1.1279835279508994,2,3,1,4.0,172.4
Zm00001eb058590,2,0,1.187152154375729,1.187152154375729,3,1,1,2.5,8436.6
Zm00001eb058600,2,0,0.3355902114598804,0.3038245718960819,4,5,2,0.5,172.1
Zm00001eb058610,1,0,1.359469628372416,1.359469628372416,1,1,1,3.0,11.6
Zm00001eb058620,3,0,0.5989550840603227,0.5673929086206299,6,1,1,2.3333333333333335,32.4
Zm00001eb058700,1,0,1.586870614010052,1.586870614010052,2,1,1,5.0,387.9
Zm00001eb058720,2,0,1.3577392350884188,1.3577392350884188,3,2,1,4.0,236.2
Zm00001eb058750,4,1,2.2943872792127915,2.2912042574417795,4,2,1,2.5,1131.1
Zm00001eb058760,4,0,0.9834334221707072,0.578323707822585,4,3,3,2.25,858.5
Zm00001eb058790,1,0,1.064062183443862,1.064062183443862,3,1,1,1.0,944.0
Zm00001eb058810,1,0,0.1277652436863276,0.1277652436863276,2,2,1,6.0,161.5
Zm00001eb058860,3,0,0.6243680533468043,0.538407025070668,3,2,2,4.333333333333333,180.4
Zm00001eb058940,1,0,1.840055032631346,1.840055032631346,4,2,1,0.0,303.7
Zm00001eb058970,3,0,0.8022130993874997,0.6835843729506016,6,4,2,2.3333333333333335,48.0
Zm00001eb059040,2,0,1.408567296741886,1.0255362895864013,2,1,1,1.5,77.1
Zm00001eb059100,1,0,0.4596228290965803,0.4596228290965803,4,2,1,0.0,999.5
Zm00001eb059140,3,2,2.1204658196245525,1.6516979511109906,7,2,1,3.6666666666666665,279.3
Zm00001eb059150,3,0,1.2977921166609576,1.041605492928996,5,2,2,2.6666666666666665,602.6
Zm00001eb059160,1,0,0.6422362807958462,0.6422362807958462,1,2,1,5.0,188.3
Zm00001eb059170,1,0,0.2816264640115035,0.2816264640115035,1,1,1,2.0,169.2
Zm00001eb059180,1,0,0.8566827130237307,0.8566827130237307,1,2,1,2.0,92.0
Zm00001eb059210,1,0,0.4966542143490526,0.4966542143490526,1,1,1,3.0,79.2
Zm00001eb059230,1,0,0.2793027076146033,0.2793027076146033,1,1,1,4.0,2676.2
Zm00001eb059240,1,0,0.7538075185336313,0.7538075185336313,2,4,1,0.0,1551.7
Zm00001eb059360,1,0,1.516571848809612,1.516571848809612,2,2,1,2.0,4.8
Zm00001eb059560,3,0,1.3354694282367776,0.8833677689590463,4,2,1,4.0,40.3
Zm00001eb059780,2,0,0.1612689966587925,0.13629374729335175,4,3,2,1.5,451.3
Zm00001eb059850,1,0,0.8129978310878742,0.8129978310878742,1,1,1,6.0,217.6
Zm00001eb059860,2,0,3.1853781661344,1.7495390737466314,3,2,1,4.0,208.2
Zm00001eb059950,1,0,0.073787084298687,0.073787084298687,2,2,1,3.0,40.5
Zm00001eb059960,1,0,2.341058757562854,2.341058757562854,3,1,1,1.0,771.0
Zm00001eb059970,2,0,0.0363047106541172,0.028054781953123803,3,3,1,3.5,395.3
Zm00001eb060050,2,0,0.493650920977947,0.4427125642847922,3,3,3,2.5,6257.7
Zm00001eb060070,1,0,0.236446290140172,0.236446290140172,1,1,1,0.0,94.5
Zm00001eb060090,1,0,0.6241219486847734,0.6241219486847734,1,2,1,2.0,424.0
Zm00001eb060110,3,0,0.8289740193187394,0.7340027562779398,4,3,2,1.6666666666666667,73.4
Zm00001eb060330,1,1,1.7107850348014724,1.7107850348014724,1,2,1,2.0,145.2
Zm00001eb060410,2,0,0.2628059632820068,0.23200173200189883,3,1,1,3.0,460.2
Zm00001eb060420,2,0,1.6709025027914055,1.4098798038213598,3,1,1,4.5,46.9
Zm00001eb060550,1,0,0.0119231220525266,0.0119231220525266,2,3,1,2.0,726.4
Zm00001eb060580,3,0,1.7481834645786842,1.390482699112902,3,2,2,1.6666666666666667,986.0
Zm00001eb060630,1,0,0.6745881771589324,0.6745881771589324,2,2,2,2.0,48.7
Zm00001eb060670,1,0,0.4974387219645507,0.4974387219645507,1,2,1,2.0,2099.2
Zm00001eb060680,3,0,0.5611634532640588,0.21156475287947266,3,3,1,3.0,348.1
Zm00001eb060730,1,1,3.766490117317838,3.766490117317838,3,2,1,1.0,209.8
Zm00001eb060760,1,0,0.1582914998368998,0.1582914998368998,2,2,1,3.0,197.6
Zm00001eb060810,1,0,0.66402353629843,0.66402353629843,1,1,1,2.0,282.7
Zm00001eb060830,2,0,3.2005273743486167,1.9622037353709092,4,2,2,3.0,152.7
Zm00001eb060950,2,0,0.2257351471546109,0.1873864848467071,3,2,2,1.5,6.9
Zm00001eb060990,1,0,1.0760306497176149,1.0760306497176149,3,2,1,1.0,33.3
Zm00001eb061030,1,0,0.7680121360547638,0.7680121360547638,1,1,1,3.0,9.1
Zm00001eb061070,1,0,1.407045494070802,1.407045494070802,4,2,1,0.0,203.5
Zm00001eb061150,6,0,0.4609373000475117,0.32606546093638217,10,3,2,2.5,198.2
Zm00001eb061180,2,0,0.7194981657014407,0.6861765348707354,5,3,1,0.5,1944.1
Zm00001eb061200,2,0,1.4712112178629289,1.4002113889547454,4,2,1,3.0,168.5
Zm00001eb061280,1,0,2.3698104060722764,2.3698104060722764,1,1,1,3.0,311.9
Zm00001eb061350,1,0,0.5642700189133555,0.5642700189133555,3,3,2,5.0,8.3
Zm00001eb061410,1,0,1.2312165142740412,1.2312165142740412,3,4,1,5.0,126.1
Zm00001eb061430,1,0,0.9323647570664624,0.9323647570664624,1,3,1,1.0,277.7
Zm00001eb061460,1,0,0.0930033180384642,0.0930033180384642,4,3,1,2.0,78.8
Zm00001eb061470,2,0,0.8355234936639371,0.8355234936639371,2,2,1,1.5,160.7
Zm00001eb061500,1,0,0.1992526862981027,0.1992526862981027,1,3,1,2.0,328.4
Zm00001eb061530,2,0,0.6615124593058634,0.41525876515804716,2,3,1,3.0,393.0
Zm00001eb061550,4,0,0.8072702447643683,0.44266609239305543,6,2,2,3.0,341.5
Zm00001eb061640,2,0,0.0393700807564393,0.0393700807564393,2,1,1,2.5,330.2
Zm00001eb061760,4,0,2.3629924796822475,1.8897897362981195,6,1,1,1.75,420.9
Zm00001eb061800,1,0,1.668420791645073,1.668420791645073,1,1,1,3.0,127.5
Zm00001eb061810,3,0,1.673887505691666,1.0832120188636434,5,1,1,2.0,759.5
Zm00001eb061820,5,0,0.966908191266698,0.44724196262541926,6,2,2,3.2,4942.9
Zm00001eb061840,1,0,0.0642677372183063,0.0642677372183063,1,2,1,5.0,12.1
Zm00001eb061850,2,0,0.3741112846165924,0.3632994978334717,5,2,1,2.5,312.4
Zm00001eb061860,2,0,0.8289163295210004,0.5428485493472847,5,3,3,2.0,734.7
Zm00001eb061880,4,0,0.2297569161769909,0.1742491098780103,4,3,3,2.75,2240.5
Zm00001eb061890,1,0,0.8522301554266802,0.8522301554266802,2,1,1,4.0,104.3
Zm00001eb061910,2,0,0.95646267003668,0.7881366078590804,4,3,2,3.0,85.2
Zm00001eb061940,1,1,2.011460116416276,2.011460116416276,1,3,2,2.0,35.4
Zm00001eb062010,1,0,0.3691521580594658,0.3691521580594658,2,1,1,4.0,206.8
Zm00001eb062040,5,0,2.1531730441674775,0.8395833998194311,14,2,1,3.4,251.3
Zm00001eb062050,1,0,1.0811596920921511,1.0811596920921511,1,1,1,2.0,28.0
Zm00001eb062110,1,0,0.909591558416786,0.909591558416786,1,1,1,0.0,19.7
Zm00001eb062150,1,0,1.246526155710647,1.246526155710647,1,2,1,3.0,203.6
Zm00001eb062220,1,1,1.556245220513922,1.556245220513922,1,3,1,1.0,59.2
Zm00001eb062250,1,0,0.444738777217033,0.444738777217033,3,4,2,3.0,589.2
Zm00001eb062310,2,0,0.3499185288519518,0.1763637025502284,3,2,1,3.5,616.2
Zm00001eb062330,1,0,1.5381068693904332,1.5381068693904332,4,1,1,1.0,151.3
Zm00001eb062350,1,0,0.0860377260159507,0.0860377260159507,2,1,1,6.0,157.6
Zm00001eb062360,2,0,0.5950798144877283,0.49434909987112885,2,1,1,2.0,178.8
Zm00001eb062440,1,0,0.7843087879618528,0.7843087879618528,2,2,2,3.0,125.8
Zm00001eb062450,1,0,0.3703436333973832,0.3703436333973832,1,4,1,3.0,315.9
Zm00001eb062480,1,0,0.28463297060067,0.28463297060067,1,2,1,2.0,182.3
Zm00001eb062490,2,0,0.4203895981747194,0.33862489281767183,3,1,1,3.5,108.4
Zm00001eb062500,1,0,1.295591480499368,1.295591480499368,1,4,1,3.0,1266.7
Zm00001eb062510,1,0,0.4230344969785531,0.4230344969785531,1,2,1,3.0,588.1
Zm00001eb062530,1,0,1.6537186355799849,1.6537186355799849,4,2,2,2.0,150.1
Zm00001eb062550,2,0,0.4857760248084076,0.2959329790329611,2,1,1,1.0,336.5
Zm00001eb062630,1,0,1.4393741394026194,1.4393741394026194,1,1,1,2.0,287.3
Zm00001eb062680,4,0,0.8985459635598729,0.4445727874258263,8,3,3,4.0,752.0
Zm00001eb062720,1,0,0.6658106618784645,0.6658106618784645,2,3,2,2.0,199.6
Zm00001eb062760,3,0,0.2482480138293065,0.22324300478885586,3,1,1,2.6666666666666665,126.8
Zm00001eb062850,1,0,0.4967386232772931,0.4967386232772931,4,2,2,2.0,141.0
Zm00001eb062880,3,0,0.8264378093782238,0.6612228993686076,5,1,1,2.0,1341.3
Zm00001eb063110,1,0,1.2344731206197774,1.2344731206197774,1,4,1,4.0,30.6
Zm00001eb063160,1,0,1.4789570754201806,1.4789570754201806,1,1,1,4.0,12947.3
Zm00001eb063220,6,0,0.7530312502320482,0.5973243244172236,8,1,1,3.0,150.0
Zm00001eb063300,1,1,1.6836412220269683,1.6836412220269683,1,2,1,3.0,2589.9
Zm00001eb063310,6,0,1.0555417302408296,0.7485527810940411,12,4,3,2.8333333333333335,45.9
Zm00001eb063360,1,0,0.4474976642517787,0.4474976642517787,2,1,1,4.0,144.6
Zm00001eb063370,1,0,0.1882329814684827,0.1882329814684827,2,5,2,1.0,76.8
Zm00001eb063380,5,0,0.8364539596546386,0.6401403625418434,8,3,3,2.8,30.5
Zm00001eb063390,1,0,0.5733647240475724,0.5733647240475724,2,3,2,1.0,1341.4
Zm00001eb063430,1,0,0.4350388015771917,0.4350388015771917,2,2,1,2.0,836.4
Zm00001eb063530,5,0,0.7392668255203378,0.3223168303954174,5,1,1,2.4,583.0
Zm00001eb063610,1,0,0.7996769972692919,0.7996769972692919,1,2,1,3.0,404.9
Zm00001eb063660,1,0,0.2999375134260281,0.2999375134260281,1,1,1,2.0,36.6
Zm00001eb063680,1,0,0.0237854600846916,0.0237854600846916,3,1,1,1.0,444.2
Zm00001eb063710,3,0,1.2694833594127668,0.798016797965705,3,2,1,2.6666666666666665,2011.4
Zm00001eb063750,1,0,0.5584596601544152,0.5584596601544152,1,5,1,3.0,247.3
Zm00001eb063780,6,0,0.5327259467122808,0.48563451668161256,8,1,1,3.0,3.9
Zm00001eb063890,2,0,0.3088944917369881,0.16796444578860953,4,3,1,1.5,2122.9
Zm00001eb063900,1,0,0.6166728346112238,0.6166728346112238,3,2,1,5.0,415.2
Zm00001eb063910,2,0,0.2359660310762547,0.1447078776696285,5,3,3,3.5,559.3
Zm00001eb063930,1,0,0.2069699897524999,0.2069699897524999,1,3,1,1.0,7.6
Zm00001eb063960,1,0,0.3477347336215551,0.3477347336215551,5,2,1,1.0,49.9
Zm00001eb063970,5,0,1.0221761340290298,0.5258756040675098,5,2,2,2.0,36.1
Zm00001eb063990,1,0,0.1399286591177125,0.1399286591177125,1,3,1,4.0,203.9
Zm00001eb064000,2,1,2.7193341663871995,1.663608378278097,3,2,2,1.5,367.8
Zm00001eb064010,1,1,1.7481283069709113,1.7481283069709113,3,2,2,3.0,114.6
Zm00001eb064030,1,0,0.1981975895336691,0.1981975895336691,1,2,1,2.0,97.1
Zm00001eb064090,1,0,1.0171462378295255,1.0171462378295255,1,2,1,7.0,312.7
Zm00001eb064100,1,0,0.2658309981388198,0.2658309981388198,1,3,1,2.0,151.3
Zm00001eb064120,2,0,0.6912107850037706,0.537316134267993,2,2,1,1.5,2151.8
Zm00001eb064340,1,0,1.0534036709087855,1.0534036709087855,3,2,2,3.0,5095.0
Zm00001eb064350,1,1,2.4350892059607414,2.4350892059607414,1,2,2,1.0,631.8
Zm00001eb064380,3,0,0.4337183921042082,0.2120338645350505,3,3,1,4.666666666666667,381.7
Zm00001eb064420,2,0,0.7139336820217271,0.43740171860083343,2,4,1,3.5,419.1
Zm00001eb064450,1,0,0.1634586413978201,0.1634586413978201,7,2,2,6.0,141.8
Zm00001eb064520,1,0,0.2783649295303013,0.2783649295303013,4,2,1,1.0,52.9
Zm00001eb064540,2,0,1.3142434154005216,0.7517467895643486,3,3,2,0.5,1943.1
Zm00001eb064550,2,0,0.6285826855318247,0.38655056905394874,4,1,1,0.0,434.1
Zm00001eb064580,1,0,0.517748544001727,0.517748544001727,2,2,1,2.0,116.5
Zm00001eb064600,1,0,0.0068259823744321,0.0068259823744321,1,3,2,1.0,469.2
Zm00001eb064650,3,0,0.1915049970021169,0.09079690934846378,4,2,1,4.666666666666667,7552.0
Zm00001eb064680,1,0,0.935711703663118,0.935711703663118,1,1,1,0.0,1191.6
Zm00001eb064700,1,0,0.0693358762952009,0.0693358762952009,4,3,1,0.0,6.5
Zm00001eb064710,2,0,0.7566024652039809,0.7566024652039809,3,1,1,3.0,394.5
Zm00001eb064730,1,0,2.573648642945278,2.573648642945278,1,2,1,2.0,107.4
Zm00001eb064740,1,0,0.8320350916476501,0.8320350916476501,2,2,1,2.0,52.6
Zm00001eb064750,3,0,0.4665440792110155,0.3512115689811062,3,3,3,1.3333333333333333,15.8
Zm00001eb064770,1,0,0.0873114698847317,0.0873114698847317,1,2,1,4.0,172.3
Zm00001eb064780,1,0,0.4975156205957521,0.4975156205957521,1,2,1,2.0,10.2
Zm00001eb064850,1,0,1.6338170874374,1.6338170874374,2,5,1,5.0,277.6
Zm00001eb064860,1,1,2.369890654720292,2.369890654720292,1,4,1,2.0,951.3
Zm00001eb064890,1,0,1.1206140366108166,1.1206140366108166,4,1,1,5.0,324.1
Zm00001eb064920,1,0,1.2070275373299877,1.2070275373299877,1,3,1,3.0,506.3
Zm00001eb064990,1,0,0.7912641168891918,0.7912641168891918,1,2,1,2.0,8606.4
Zm00001eb065000,2,1,3.849499542569564,2.5353833380499498,3,1,1,2.0,41.2
Zm00001eb065320,1,0,0.956633233415396,0.956633233415396,1,4,1,3.0,10.4
Zm00001eb065390,1,0,1.2282190799182031,1.2282190799182031,1,4,1,3.0,224.5
Zm00001eb065410,1,0,1.0765545096652769,1.0765545096652769,1,1,1,2.0,16.3
Zm00001eb065420,2,0,0.0906562904141602,0.0525136151773021,5,2,2,1.5,221.7
Zm00001eb065520,1,0,1.8214859905874272,1.8214859905874272,1,3,1,1.0,64.5
Zm00001eb065630,3,0,1.1090121309267431,0.8060327692397417,3,1,1,2.3333333333333335,166.4
Zm00001eb065660,1,0,1.1446021641447015,1.1446021641447015,1,2,1,4.0,110.9
Zm00001eb065710,1,0,0.753756173746516,0.753756173746516,1,4,1,1.0,8.5
Zm00001eb065720,2,0,1.0214800661949186,0.9510904957031622,2,1,1,2.5,202.1
Zm00001eb065730,1,0,1.1524700273663937,1.1524700273663937,2,3,1,7.0,281.6
Zm00001eb065740,2,0,0.8792658060087756,0.8192354896459357,4,2,1,2.5,235.4
Zm00001eb065760,3,0,0.8880862448117145,0.5806707650309154,6,3,2,2.3333333333333335,48.5
Zm00001eb065800,1,0,0.0592394675376752,0.0592394675376752,3,3,2,2.0,142.6
Zm00001eb065920,1,1,3.0782283729018394,3.0782283729018394,2,3,2,3.0,729.9
Zm00001eb065930,1,0,0.8693953255299914,0.8693953255299914,2,2,2,2.0,97.7
Zm00001eb065940,1,0,0.775024903884121,0.775024903884121,1,2,1,0.0,305.9
Zm00001eb066010,6,0,0.9320676205271032,0.5168962728906857,7,2,2,2.6666666666666665,220.0
Zm00001eb066060,1,0,0.2239528075339434,0.2239528075339434,3,2,1,3.0,1986.5
Zm00001eb066100,4,0,0.376150256567217,0.1609106704523913,4,1,1,1.5,72.7
Zm00001eb066110,3,0,2.0727853160448433,0.8780478191640039,4,2,1,2.6666666666666665,36.7
Zm00001eb066130,1,0,0.2467037570823415,0.2467037570823415,6,1,1,2.0,71.3
Zm00001eb066140,2,0,0.4957708387605716,0.3143968988221517,7,3,2,3.5,349.8
Zm00001eb066150,1,0,0.6863947515472036,0.6863947515472036,2,2,1,4.0,227.7
Zm00001eb066190,4,0,1.3298950903203568,0.5313182401492854,8,3,3,2.5,474.0
Zm00001eb066210,1,0,0.5258145419968948,0.5258145419968948,6,2,2,3.0,6.9
Zm00001eb066230,2,0,0.4700619403529627,0.4700619403529627,2,0,0,1.5,285.6
Zm00001eb066260,1,0,0.0407086076167428,0.0407086076167428,1,1,1,0.0,173.6
Zm00001eb066290,3,0,1.4281146009926755,0.4866394198011202,4,1,1,3.6666666666666665,174.3
Zm00001eb066330,1,0,0.0403694814270046,0.0403694814270046,1,2,1,1.0,36.8
Zm00001eb066370,2,0,1.1114728217813572,0.8448935946851657,3,2,1,3.5,1279.7
Zm00001eb066420,1,0,1.1923436948501716,1.1923436948501716,4,1,0,3.0,682.8
Zm00001eb066510,1,0,0.3944279533270125,0.3944279533270125,3,2,2,4.0,624.8
Zm00001eb066540,1,0,0.1024406390327456,0.1024406390327456,1,2,1,0.0,251.7
Zm00001eb066580,1,0,1.6918149303104395,1.6918149303104395,2,2,1,2.0,105.3
Zm00001eb066610,2,0,1.2651427381402722,0.7410154738768718,2,2,1,3.0,238.4
Zm00001eb066620,1,0,0.1486803765288105,0.1486803765288105,3,1,1,3.0,6.7
Zm00001eb066630,1,0,1.400752322267493,1.400752322267493,3,1,1,4.0,125.7
Zm00001eb066660,1,0,2.6452333538714874,2.6452333538714874,1,1,1,1.0,566.7
Zm00001eb066780,1,0,0.5853137622856094,0.5853137622856094,1,1,1,1.0,441.4
Zm00001eb066790,1,0,0.6101363060075872,0.6101363060075872,1,2,0,7.0,486.2
Zm00001eb066830,1,0,1.0406195000978438,1.0406195000978438,3,4,3,2.0,8.9
Zm00001eb066840,1,0,0.1690416995468062,0.1690416995468062,1,1,1,4.0,161.9
Zm00001eb066850,1,0,0.064815152445933,0.064815152445933,2,1,1,4.0,20.7
Zm00001eb066870,2,0,1.6895695941681017,1.1570601782067955,5,1,1,3.0,159.4
Zm00001eb066880,2,0,1.2197682336969933,1.1928176197243388,4,1,1,3.0,22.7
Zm00001eb066890,1,0,0.4462056045163018,0.4462056045163018,2,4,1,2.0,244.1
Zm00001eb066910,2,0,1.112619625492438,0.9783918896786238,3,3,1,2.0,702.4
Zm00001eb066940,1,0,0.1009258262243911,0.1009258262243911,4,2,1,3.0,3777.6
Zm00001eb066950,2,0,0.42792541172757,0.22035789881411375,2,1,1,2.5,355.5
Zm00001eb067040,1,0,0.3782865220552453,0.3782865220552453,2,1,1,3.0,3.2
Zm00001eb067080,2,0,0.2099806222250324,0.1431037587925036,2,2,1,2.0,130.6
Zm00001eb067160,1,0,0.4334332664693678,0.4334332664693678,1,1,1,1.0,102.2
Zm00001eb067180,1,0,1.5204455462138553,1.5204455462138553,1,1,1,4.0,140.8
Zm00001eb067200,1,0,0.5208625772231437,0.5208625772231437,2,1,1,6.0,301.3
Zm00001eb067230,1,0,0.6810869351692268,0.6810869351692268,1,3,1,3.0,154.5
Zm00001eb067290,1,0,0.2618127559897285,0.2618127559897285,1,2,1,4.0,332.3
Zm00001eb067340,1,0,0.9587121601177232,0.9587121601177232,1,3,1,2.0,114.6
Zm00001eb067350,1,0,1.911933721711924,1.911933721711924,2,4,2,1.0,36.0
Zm00001eb067370,1,0,1.1031099083431264,1.1031099083431264,1,1,1,1.0,788.4
Zm00001eb067410,1,0,2.6579899360316843,2.6579899360316843,4,3,1,1.0,268.5
Zm00001eb067450,1,0,1.113500702261545,1.113500702261545,1,4,1,2.0,238.7
Zm00001eb067550,2,0,0.490021630640913,0.3528527703665596,2,2,1,3.0,738.2
Zm00001eb067560,2,0,0.249614238114144,0.249614238114144,4,2,1,2.0,127.8
Zm00001eb067580,3,0,1.460368466017609,0.8247490132663854,5,1,1,2.3333333333333335,259.8
Zm00001eb067590,3,0,0.8143825677926996,0.6336801752074349,3,2,2,3.6666666666666665,179.0
Zm00001eb067620,3,0,4.924469021566064,2.109774534581147,3,1,1,2.3333333333333335,38.9
Zm00001eb067700,3,0,0.8349777146029427,0.513664404951068,4,2,2,3.3333333333333335,418.1
Zm00001eb067710,1,0,0.3901369125406155,0.3901369125406155,3,1,1,2.0,24359.5
Zm00001eb067740,1,0,0.2761577169718534,0.2761577169718534,1,2,1,1.0,10.3
Zm00001eb067750,2,0,0.5366297242852842,0.34602888785701635,2,2,1,1.5,14015.4
Zm00001eb067810,1,0,1.289366212761278,1.289366212761278,11,3,3,5.0,619.4
Zm00001eb067910,1,0,0.1861419799542812,0.1861419799542812,2,1,1,4.0,70.8
Zm00001eb068100,1,0,0.8419814542185418,0.8419814542185418,1,1,1,0.0,317.4
Zm00001eb068120,2,0,1.143159253704869,0.9201598783354576,2,2,1,2.5,15.8
Zm00001eb068130,1,0,1.0606987690324596,1.0606987690324596,1,3,1,2.0,114.8
Zm00001eb068270,2,0,3.237436766831137,1.8019842452538517,7,2,1,2.5,210.8
Zm00001eb068280,1,0,0.9136638692261052,0.9136638692261052,2,3,1,2.0,6491.4
Zm00001eb068290,1,0,0.5625402680152357,0.5625402680152357,1,0,0,0.0,246.1
Zm00001eb068390,1,0,1.3262241543944475,1.3262241543944475,1,3,1,1.0,256.1
Zm00001eb068400,8,0,1.331049166449013,0.8352498707913227,9,3,3,2.25,11915.3
Zm00001eb068440,1,0,0.7415889893976816,0.7415889893976816,3,1,1,1.0,214.0
Zm00001eb068480,1,0,0.3616288154792501,0.3616288154792501,1,2,1,1.0,4.8
Zm00001eb068540,1,0,0.6702670542866115,0.6702670542866115,1,3,1,6.0,470.6
Zm00001eb068580,1,0,0.8423491524847787,0.8423491524847787,2,3,2,3.0,167.1
Zm00001eb068600,1,0,0.9135459086100862,0.9135459086100862,3,3,2,3.0,126.5
Zm00001eb068630,2,0,0.6200279042880967,0.6200279042880967,4,2,1,3.5,104.3
Zm00001eb068710,2,0,0.6588496347033379,0.5543936357491022,4,3,2,1.0,627.7
Zm00001eb068860,1,0,0.5714308337855152,0.5714308337855152,2,3,2,1.0,3.5
Zm00001eb068910,4,0,0.9688271220902462,0.5716594518709872,8,3,2,4.75,552.4
Zm00001eb069000,1,0,1.1478084897002436,1.1478084897002436,3,2,1,3.0,99.4
Zm00001eb069040,2,0,0.5855186198098552,0.5167219050398502,2,2,1,1.5,1.8
Zm00001eb069090,3,0,1.2358980650849545,1.191602791764873,4,2,1,1.6666666666666667,314.6
Zm00001eb069120,1,0,0.6389908787919476,0.6389908787919476,5,2,2,4.0,115.2
Zm00001eb069200,2,0,0.9863585150449302,0.5867446720341106,6,1,0,2.0,943.1
Zm00001eb069220,2,0,0.3710608728408186,0.3710608728408186,2,3,2,0.5,99.2
Zm00001eb069290,1,0,0.2296122658365633,0.2296122658365633,3,1,1,1.0,218.1
Zm00001eb069310,2,0,0.2574212794109956,0.2503066309468932,2,2,2,3.0,47.4
Zm00001eb069350,1,0,0.2685596715612228,0.2685596715612228,3,2,2,2.0,381.8
Zm00001eb069580,3,0,4.369572083289973,1.6529776408995789,4,2,2,3.6666666666666665,138.5
Zm00001eb069600,2,0,0.3220095509225375,0.2211798976856572,2,2,1,3.0,43.9
Zm00001eb069630,1,0,0.4054659584121584,0.4054659584121584,2,2,2,2.0,156.2
Zm00001eb070050,1,0,1.6853591505193757,1.6853591505193757,1,4,1,7.0,381.6
Zm00001eb070060,1,0,0.0304175161001665,0.0304175161001665,2,3,2,3.0,230.6
Zm00001eb070110,1,0,0.4086844693226296,0.4086844693226296,1,3,0,3.0,59.1
Zm00001eb070230,1,0,2.2550886021533736,2.2550886021533736,1,2,1,1.0,1567.5
Zm00001eb070240,1,0,1.0275689896114495,1.0275689896114495,1,1,1,3.0,821.7
Zm00001eb070250,2,0,2.0984307710714423,1.1719416511181875,2,4,1,1.0,4919.4
Zm00001eb070260,1,0,1.7904743185060998,1.7904743185060998,2,2,2,4.0,244.5
Zm00001eb070270,2,0,1.1443617599971172,1.1310704845732675,3,3,2,1.5,46.6
Zm00001eb070360,2,0,1.0966550041110492,0.9173288751726736,2,2,1,2.5,1178.1
Zm00001eb070400,1,0,0.0323576192097243,0.0323576192097243,1,1,1,0.0,1170.4
Zm00001eb070510,1,0,1.24089880309817,1.24089880309817,5,2,2,2.0,73.2
Zm00001eb070550,1,0,1.3577633656488146,1.3577633656488146,3,1,1,2.0,270.4
Zm00001eb070570,2,0,0.3041514137601607,0.21796120543972514,5,2,1,2.0,170.3
Zm00001eb070750,3,3,2.5365773993294076,2.488329014464468,3,3,2,2.3333333333333335,282.5
Zm00001eb070790,1,0,1.8207563764486323,1.8207563764486323,2,1,1,5.0,286.4
Zm00001eb070840,1,0,0.9551069250936386,0.9551069250936386,4,2,2,1.0,4530.3
Zm00001eb070860,5,0,1.3824302705002345,0.4154517177976455,6,2,1,3.6,2053.7
Zm00001eb070900,3,0,0.3178295027055719,0.17472728571629412,4,3,2,1.3333333333333333,564.4
Zm00001eb070920,1,0,0.3358960196651177,0.3358960196651177,2,2,1,1.0,682.8
Zm00001eb070950,2,0,0.7596516563414214,0.4041908631468058,3,2,1,3.5,843.5
Zm00001eb071010,1,0,1.9770086633186503,1.9770086633186503,1,1,1,2.0,18.3
Zm00001eb071020,1,0,0.2685210735697115,0.2685210735697115,1,2,1,2.0,175.2
Zm00001eb071050,2,0,2.193871507239908,1.612504040691379,4,3,2,1.0,1827.1
Zm00001eb071100,1,0,1.0198756153011448,1.0198756153011448,1,2,1,0.0,82.9
Zm00001eb071130,1,0,0.5250226080416004,0.5250226080416004,3,4,1,3.0,112.2
Zm00001eb071280,1,0,0.9151776102796262,0.9151776102796262,4,1,1,5.0,409.7
Zm00001eb071290,1,0,0.0177746877247531,0.0177746877247531,3,2,1,2.0,64.7
Zm00001eb071360,2,0,0.9344505667518436,0.6019815981689502,3,2,2,2.5,69.3
Zm00001eb071400,2,0,0.4801798966796218,0.4717798448662627,2,4,2,3.5,169.8
Zm00001eb071460,1,0,1.0975208085271084,1.0975208085271084,1,4,1,3.0,239.2
Zm00001eb071480,1,0,0.5639481160288683,0.5639481160288683,5,2,1,0.0,900.2
Zm00001eb071490,2,0,0.8881826116235079,0.5393055069613707,4,2,1,2.5,544.7
Zm00001eb071540,3,0,2.3001904141526666,1.1413874807034503,6,2,2,2.0,1118.1
Zm00001eb071570,3,0,0.7133605705286954,0.5920693831349925,5,2,2,2.0,657.8
Zm00001eb071590,4,0,1.2560039218088497,0.7502134786426304,4,2,2,1.25,619.2
Zm00001eb071600,1,0,2.8936527466005244,2.8936527466005244,6,2,1,4.0,67.6
Zm00001eb071700,3,0,0.9629721933276764,0.36121873454625636,3,2,2,1.6666666666666667,77.7
Zm00001eb071710,2,0,0.4421875405553516,0.4382582128463912,2,3,2,3.5,1484.3
Zm00001eb071750,1,0,0.5652814183785868,0.5652814183785868,4,2,1,4.0,40.0
Zm00001eb071780,1,0,0.4187117639360528,0.4187117639360528,3,3,1,5.0,34.4
Zm00001eb071820,1,0,0.2765744309336835,0.2765744309336835,3,2,1,2.0,763.4
Zm00001eb071830,2,0,0.5232020795012443,0.5232020795012443,2,3,2,1.0,105.5
Zm00001eb071860,1,0,0.1198626235974856,0.1198626235974856,4,3,3,1.0,272.4
Zm00001eb071970,1,0,1.4346643859020674,1.4346643859020674,4,1,1,1.0,832.8
Zm00001eb072000,3,0,1.3124797881121248,0.8100248718680142,9,3,3,2.0,464.2
Zm00001eb072030,1,0,0.0283460333556638,0.0283460333556638,2,1,1,1.0,499.4
Zm00001eb072050,1,0,1.9552105811545144,1.9552105811545144,1,2,1,1.0,422.3
Zm00001eb072220,1,0,0.7771821271342055,0.7771821271342055,1,2,1,2.0,257.5
Zm00001eb072270,3,0,1.046327558824099,0.555078678110717,5,3,2,3.6666666666666665,50.7
Zm00001eb072360,1,0,0.2395817567659121,0.2395817567659121,2,1,1,4.0,523.1
Zm00001eb072380,2,0,0.1940471477106004,0.1671744587764553,5,1,1,3.5,5.0
Zm00001eb072510,2,0,0.8146920545670843,0.7599590198312061,2,1,1,1.0,335.9
Zm00001eb072720,1,0,0.6840597829150535,0.6840597829150535,3,1,1,3.0,1970.7
Zm00001eb072790,1,1,2.599665427912612,2.599665427912612,1,1,1,0.0,412.5
Zm00001eb072840,1,0,0.0864377651169579,0.0864377651169579,2,2,2,2.0,599.8
Zm00001eb072870,2,0,0.8584018569035206,0.7746476721462274,5,2,2,5.5,27.2
Zm00001eb072900,4,0,1.1248684580205657,0.3758930676735566,5,2,2,3.0,534.3
Zm00001eb072910,1,0,0.6089299005210792,0.6089299005210792,2,1,1,0.0,6225.2
Zm00001eb072990,2,0,1.152537732804275,1.1200549417172874,4,2,1,2.5,24.2
Zm00001eb073030,3,0,0.6338464139985104,0.5714067510022539,3,2,1,2.3333333333333335,77.8
Zm00001eb073040,2,0,1.066126824832805,1.0076746465372926,4,1,1,2.5,1265.0
Zm00001eb073090,1,0,1.206325911859213,1.206325911859213,3,2,0,2.0,32.8
Zm00001eb073180,1,0,0.7600550339188571,0.7600550339188571,1,1,1,2.0,50.8
Zm00001eb073200,3,0,1.5623887163093724,0.9041927805962052,4,2,2,2.6666666666666665,364.1
Zm00001eb073280,1,0,1.21322348063471,1.21322348063471,1,3,1,4.0,1667.5
Zm00001eb073290,2,0,0.8408767131921207,0.7573126120726439,2,2,2,2.0,70.3
Zm00001eb073300,2,0,1.543941389496602,1.4600503867148937,4,1,1,0.0,133.5
Zm00001eb073330,1,0,2.6070733524498135,2.6070733524498135,1,1,1,4.0,66.9
Zm00001eb073340,1,0,0.6935583341793901,0.6935583341793901,2,1,1,2.0,41.8
Zm00001eb073350,3,0,1.7750273155279686,0.960637470332174,3,4,1,0.6666666666666666,161.6
Zm00001eb073490,1,0,1.1354376457770237,1.1354376457770237,4,1,1,1.0,447.4
Zm00001eb073530,1,0,1.4739118573878844,1.4739118573878844,3,1,1,4.0,37.5
Zm00001eb073540,3,0,1.3931254269475026,0.995698260235503,4,1,1,3.3333333333333335,363.3
Zm00001eb073550,2,0,0.7937557168241882,0.7202651135858695,4,2,2,3.5,10.6
Zm00001eb073580,1,0,1.6547891984520755,1.6547891984520755,2,3,1,2.0,62.0
Zm00001eb073610,1,1,6.02706750847857,6.02706750847857,2,3,1,5.0,14.1
Zm00001eb073630,1,0,1.5872664252248727,1.5872664252248727,1,1,1,2.0,215.6
Zm00001eb073680,2,0,1.4412810992208318,1.0356862617630431,2,1,1,2.5,145.9
Zm00001eb073750,1,0,0.516895312049679,0.516895312049679,1,3,1,1.0,73.8
Zm00001eb073810,2,1,2.74040437964149,1.678551922445408,5,1,1,1.5,1158.3
Zm00001eb073880,1,0,0.1325590168187202,0.1325590168187202,3,3,2,3.0,175.9
Zm00001eb073930,1,0,2.067425185289055,2.067425185289055,4,2,1,0.0,60.1
Zm00001eb074030,1,1,5.03145492976556,5.03145492976556,2,3,2,3.0,70.3
Zm00001eb074060,1,0,0.3945064990304343,0.3945064990304343,3,1,1,1.0,89.9
Zm00001eb074080,1,0,0.1037075278245222,0.1037075278245222,2,3,1,1.0,331.0
Zm00001eb074150,1,0,7.603464127955403,7.603464127955403,1,2,1,5.0,224.7
Zm00001eb074170,1,0,0.0804432037905155,0.0804432037905155,1,3,1,6.0,5.1
Zm00001eb074210,3,0,0.9362851469631736,0.6587331464676389,3,1,1,3.6666666666666665,18295.2
Zm00001eb074270,3,0,1.790166936999505,0.8001613202664415,5,3,2,4.0,232.5
Zm00001eb074350,2,0,0.4885278608572186,0.4811057111782102,6,3,2,5.0,2189.5
Zm00001eb074360,1,0,1.4952720470540528,1.4952720470540528,1,3,1,2.0,203.7
Zm00001eb074460,2,0,0.3578355875784754,0.1924503943035076,5,4,3,1.5,211.9
Zm00001eb074520,1,0,0.4082700044734206,0.4082700044734206,5,3,2,2.0,105.7
Zm00001eb074560,1,0,0.0264009259616962,0.0264009259616962,1,3,1,2.0,214.5
Zm00001eb074600,3,0,0.3791459506883595,0.279550289357573,5,3,2,2.6666666666666665,95.0
Zm00001eb074640,1,0,0.2663024058111773,0.2663024058111773,1,4,1,4.0,23.6
Zm00001eb074850,1,0,1.258681428103067,1.258681428103067,1,4,1,4.0,164.5
Zm00001eb074990,2,0,0.8354978012988016,0.6986255193922405,2,4,1,4.0,5.4
Zm00001eb075120,2,0,0.704501730492452,0.3661264205529009,2,1,1,4.0,79.9
Zm00001eb075130,1,0,0.7187304370436042,0.7187304370436042,2,3,2,3.0,60.1
Zm00001eb075160,1,0,0.4844519378841923,0.4844519378841923,2,3,2,4.0,95.0
Zm00001eb075300,5,0,1.4611146758225644,1.06538530517064,7,3,3,2.0,50.7
Zm00001eb075320,1,0,0.2640731950922567,0.2640731950922567,1,2,1,3.0,489.0
Zm00001eb075370,1,0,0.5453833287975419,0.5453833287975419,2,2,1,0.0,4238.9
Zm00001eb075390,2,0,2.4414916144679872,2.4414916144679872,3,1,1,3.5,341.4
Zm00001eb075470,7,0,0.8549846244255882,0.4628684927804691,11,2,2,1.8571428571428572,156.5
Zm00001eb075560,1,0,0.3628254238643602,0.3628254238643602,1,3,1,2.0,35.9
Zm00001eb075630,2,0,0.5643043210376264,0.5273162393988466,2,3,2,5.0,6212.4
Zm00001eb075740,1,0,0.7491379668904787,0.7491379668904787,1,1,1,5.0,840.0
Zm00001eb075760,1,0,1.8540690862706468,1.8540690862706468,1,1,1,6.0,152.7
Zm00001eb075800,2,2,4.823501564876251,4.713477204866445,3,1,1,4.0,246.4
Zm00001eb075810,1,0,0.1532615388255493,0.1532615388255493,4,1,1,4.0,16.6
Zm00001eb075850,2,0,1.795473890024292,1.5769299819453666,3,1,1,2.0,314.5
Zm00001eb075900,2,0,0.8342242233160139,0.6900742929059627,5,2,2,2.5,7.6
Zm00001eb076010,1,0,1.6177044867466857,1.6177044867466857,1,3,1,4.0,111.2
Zm00001eb076050,1,0,0.4669779730651923,0.4669779730651923,3,1,1,3.0,88.4
Zm00001eb076070,2,0,0.8417673445336323,0.6905629841162841,3,3,3,0.0,326.4
Zm00001eb076160,1,0,0.2760079575191967,0.2760079575191967,1,2,1,3.0,760.5
Zm00001eb076610,1,0,0.7851622911528345,0.7851622911528345,1,1,1,3.0,175.8
Zm00001eb076780,2,0,0.4190642652128681,0.22356099761372136,2,2,2,2.0,275.8
Zm00001eb076810,1,0,0.3370082363312918,0.3370082363312918,1,1,1,2.0,5.2
Zm00001eb077060,1,0,0.4612584667092704,0.4612584667092704,1,3,1,3.0,65.2
Zm00001eb077120,1,0,0.060885112806293,0.060885112806293,1,2,1,1.0,169.3
Zm00001eb077140,1,0,0.6854716830817306,0.6854716830817306,4,1,1,2.0,242.1
Zm00001eb077210,2,0,2.285870457673615,2.1778883955353088,2,2,1,3.0,190.5
Zm00001eb077220,4,0,1.5179119705867792,0.8966558279118282,4,2,2,3.25,328.3
Zm00001eb077250,2,0,1.606509309719054,1.606509309719054,2,1,1,0.5,77.1
Zm00001eb077390,1,0,0.7473099668736914,0.7473099668736914,1,1,1,3.0,25.0
Zm00001eb077410,1,0,0.7299837052433149,0.7299837052433149,2,2,2,5.0,4.9
Zm00001eb077890,2,0,1.0714646463640574,0.6200893501304513,4,1,1,3.5,258.0
Zm00001eb077910,1,0,0.3459583823930103,0.3459583823930103,1,2,1,1.0,29.7
Zm00001eb077930,5,0,0.9836563070919064,0.8382391589938127,6,2,2,2.8,36.2
Zm00001eb077980,1,0,0.436376138782818,0.436376138782818,1,3,1,7.0,120.9
Zm00001eb078040,1,0,1.0231891972310805,1.0231891972310805,1,3,1,1.0,637.1
Zm00001eb078070,3,0,1.667661933215419,1.6676619332154192,4,1,1,2.0,228.2
Zm00001eb078120,1,0,0.4448532501427678,0.4448532501427678,2,2,1,2.0,199.5
Zm00001eb078200,2,0,0.4131651507253251,0.4131651507253251,3,4,1,4.5,156.7
Zm00001eb078390,1,0,0.015252277896674,0.015252277896674,2,1,1,1.0,15.0
Zm00001eb078570,1,0,1.0019700739281543,1.0019700739281543,1,2,1,2.0,54.0
Zm00001eb078600,1,0,1.6259178444124194,1.6259178444124194,1,1,1,3.0,236.3
Zm00001eb078640,1,0,0.0963908584696991,0.0963908584696991,2,1,0,4.0,376.4
Zm00001eb078650,3,0,0.5298889611315584,0.524373613949455,5,3,1,2.0,53.4
Zm00001eb078770,2,0,0.9932552088693344,0.7879670603569597,8,2,2,3.5,4122.6
Zm00001eb078780,3,0,0.658944461378228,0.48538751900037375,5,3,2,3.3333333333333335,122.5
Zm00001eb078890,2,1,2.040393037676521,1.7446151519954192,2,2,1,1.0,112.3
Zm00001eb079180,1,0,0.5718930156790236,0.5718930156790236,1,3,1,6.0,218.6
Zm00001eb079200,2,0,1.444553144726596,0.7321156711556475,5,4,2,3.0,533.5
Zm00001eb079230,1,0,1.327589342346256,1.327589342346256,3,3,2,2.0,295.9
Zm00001eb079290,1,1,2.4279290941926734,2.4279290941926734,7,2,1,6.0,327.3
Zm00001eb079300,1,0,1.9051639552536597,1.9051639552536597,1,1,1,5.0,203.6
Zm00001eb079330,4,0,1.0751212191728328,1.003056958472132,6,2,2,1.5,1544.7
Zm00001eb079340,1,0,0.2860583787437095,0.2860583787437095,2,2,1,1.0,12.6
Zm00001eb079360,4,0,1.3083993410096475,1.1198106951533107,4,1,1,2.75,112.7
Zm00001eb079380,4,0,1.706031614117561,0.9837712484831839,6,3,1,3.0,2753.2
Zm00001eb079390,2,0,0.2754815171361929,0.27001505596450864,2,1,1,4.0,33.7
Zm00001eb079420,1,0,2.3499161661925787,2.3499161661925787,1,1,1,3.0,1344.4
Zm00001eb079430,2,2,2.7286663288202813,2.6669730929981643,3,2,1,2.0,861.4
Zm00001eb079510,4,0,1.0870175381379408,1.082667807655363,8,3,2,2.0,132.1
Zm00001eb079540,2,0,0.985424819540698,0.9127220054994123,2,2,1,2.5,513.8
Zm00001eb079730,2,0,0.4838522230057362,0.4838522230057362,6,3,3,2.5,4.7
Zm00001eb079760,3,0,0.8291222388692826,0.7111954066544928,5,3,3,2.3333333333333335,298.5
Zm00001eb079790,4,0,0.4122309650861315,0.32661040631684335,4,3,2,2.75,476.0
Zm00001eb079860,2,0,3.3853517716474135,1.85921659568214,2,2,1,3.5,123.9
Zm00001eb079930,4,0,0.2369710572815168,0.2369710572815168,4,1,1,2.5,140.4
Zm00001eb079980,2,0,0.451269396232328,0.2385128715929617,2,2,2,2.5,100.3
Zm00001eb080070,5,0,0.8847656479058845,0.7179334170417633,6,1,1,3.4,81.7
Zm00001eb080090,1,0,0.6158681372021952,0.6158681372021952,1,2,1,2.0,220.5
Zm00001eb080120,1,0,1.3170135841348165,1.3170135841348165,1,1,1,1.0,156.8
Zm00001eb080140,1,0,0.4844523504930128,0.4844523504930128,1,1,1,1.0,10.0
Zm00001eb080230,2,0,0.903507780423533,0.8348152996848672,5,1,1,1.5,10.6
Zm00001eb080280,4,0,1.3179499913008583,0.6076437447316092,5,3,2,2.25,234.1
Zm00001eb080320,2,2,2.303637868770404,2.0983470515099785,3,2,1,3.0,464.8
Zm00001eb080440,1,0,1.1646391714488131,1.1646391714488131,1,2,1,1.0,100.8
Zm00001eb080470,1,0,1.5555151634980295,1.5555151634980295,8,3,2,5.0,1.9
Zm00001eb080480,1,0,0.917087706904586,0.917087706904586,4,3,1,2.0,400.5
Zm00001eb080510,1,1,4.4901050570846515,4.4901050570846515,4,5,2,3.0,528.2
Zm00001eb080540,4,0,1.5099594161594518,0.8999835358929297,5,2,2,3.25,258.1
Zm00001eb080560,1,0,0.262645055753232,0.262645055753232,4,3,2,2.0,42.5
Zm00001eb080570,1,0,1.781318117973819,1.781318117973819,3,3,1,2.0,5412.4
Zm00001eb080670,1,0,0.7496690475836933,0.7496690475836933,2,2,1,2.0,5.0
Zm00001eb080680,2,0,1.616016179582522,1.0998472478497767,3,1,1,1.5,22.1
Zm00001eb080700,1,0,0.7815960512255308,0.7815960512255308,2,3,2,3.0,24.2
Zm00001eb080710,2,0,1.0398073716109653,0.5306257645948655,2,1,1,2.0,245.0
Zm00001eb080780,3,0,0.0343843249233149,0.0343843249233149,3,2,0,3.6666666666666665,6.6
Zm00001eb080840,2,0,0.8934464486594412,0.7848346204065985,2,1,1,3.0,33144.8
Zm00001eb080920,1,0,0.607501100887041,0.607501100887041,3,2,1,1.0,1184.9
Zm00001eb081030,3,1,3.1521903818220944,1.7498927976756127,6,3,3,3.3333333333333335,2867.9
Zm00001eb081060,1,0,0.3043574751084733,0.3043574751084733,1,1,1,2.0,1165.1
Zm00001eb081120,2,0,1.0880406381791026,0.8151861474930899,4,3,2,1.5,924.2
Zm00001eb081140,1,0,0.8935514471887586,0.8935514471887586,7,3,2,1.0,6983.5
Zm00001eb081200,3,0,0.9489898665164826,0.4428893556910216,4,3,2,4.333333333333333,1545.3
Zm00001eb081220,1,0,0.1662341609011975,0.1662341609011975,1,1,1,3.0,14.1
Zm00001eb081260,1,0,0.0226929527323154,0.0226929527323154,3,2,1,2.0,13.8
Zm00001eb081310,4,0,1.6281290204212264,1.1590687213183883,4,1,1,3.0,23.4
Zm00001eb081320,1,0,0.1668633382437545,0.1668633382437545,1,3,1,3.0,214.8
Zm00001eb081390,2,0,0.9757953545525132,0.9741610847022496,6,3,2,5.0,123.5
Zm00001eb081430,1,0,0.15771638735472,0.15771638735472,2,2,2,1.0,217.8
Zm00001eb081440,1,0,0.2626330791190697,0.2626330791190697,2,2,1,3.0,12.6
Zm00001eb081450,2,2,5.289807786962374,5.257114862927448,10,2,1,3.0,92.3
Zm00001eb081460,2,0,0.6449760706167113,0.6449760706167113,4,2,2,6.0,3234.6
Zm00001eb081510,1,0,1.314029548472226,1.314029548472226,1,1,1,0.0,245.4
Zm00001eb081580,1,0,0.9708370905658223,0.9708370905658223,3,1,1,1.0,217.1
Zm00001eb081590,1,1,2.037342800620693,2.037342800620693,2,1,1,1.0,1113.2
Zm00001eb081610,2,0,1.051540116453363,0.7476714516707929,4,3,1,3.5,1046.7
Zm00001eb081700,1,0,0.0990804304863841,0.0990804304863841,2,2,1,4.0,108.5
Zm00001eb081810,2,0,0.3801056968997233,0.3801056968997233,3,1,1,2.0,19444.8
Zm00001eb081930,1,0,0.5252858449782223,0.5252858449782223,1,2,2,2.0,543.5
Zm00001eb082050,1,0,0.0279232823851376,0.0279232823851376,4,1,1,3.0,752.0
Zm00001eb082160,3,0,0.4435536220116688,0.32631748991212,3,1,1,2.6666666666666665,1040.6
Zm00001eb082170,1,0,0.2774543519475883,0.2774543519475883,1,1,1,1.0,93.6
Zm00001eb082230,1,0,0.5104098350907105,0.5104098350907105,1,3,1,3.0,855.8
Zm00001eb082280,2,0,0.7248907361942483,0.6470812558868039,4,1,1,2.5,6839.6
Zm00001eb082300,2,0,0.6200099749403227,0.6200099749403227,4,1,1,1.5,348.1
Zm00001eb082480,1,1,2.112619935604266,2.112619935604266,6,1,1,3.0,7.1
Zm00001eb082500,3,0,1.5780595231948316,1.349030401569583,6,1,1,3.3333333333333335,1646.2
Zm00001eb082670,1,0,0.2492089117731027,0.2492089117731027,1,2,1,2.0,714.5
Zm00001eb082730,2,0,0.4676624144887053,0.4676624144887053,7,2,1,1.0,212.5
Zm00001eb082750,1,0,0.9199351492753232,0.9199351492753232,2,2,1,2.0,385.1
Zm00001eb082820,3,0,0.5248679322415393,0.5248679322415393,5,2,2,2.6666666666666665,36.7
Zm00001eb082860,1,0,0.4497628924085587,0.4497628924085587,2,2,1,2.0,115.6
Zm00001eb082890,1,0,0.2398145364664156,0.2398145364664156,5,2,2,2.0,1589.4
Zm00001eb083170,1,0,0.4626835691715437,0.4626835691715437,1,2,1,4.0,244.3
Zm00001eb083180,2,0,1.9114527970448143,1.6742030457332604,6,2,1,2.0,24577.2
Zm00001eb083210,1,0,1.324819757951449,1.324819757951449,2,1,1,4.0,1258.0
Zm00001eb083310,2,0,3.5550693951179237,2.185965946422138,8,2,1,2.5,27.3
Zm00001eb083390,1,0,0.5452591366019925,0.5452591366019925,2,1,1,3.0,41.0
Zm00001eb083520,2,0,0.9097340807728376,0.7784112962614611,5,3,1,3.5,557.3
Zm00001eb083670,3,0,1.197607408633414,1.197607408633414,3,4,1,3.3333333333333335,5.6
Zm00001eb083680,2,0,0.7757360983866282,0.6283402176203077,5,2,1,1.5,23714.3
Zm00001eb083840,1,0,0.8461408256560967,0.8461408256560967,2,2,1,2.0,2355.7
Zm00001eb084120,1,0,0.2062739617637564,0.2062739617637564,2,3,0,1.0,151.3
Zm00001eb084250,1,0,0.1501513287346201,0.1501513287346201,2,2,1,0.0,3.0
Zm00001eb084290,5,0,0.8586771104399594,0.5696668729433532,8,3,2,2.0,2002.7
Zm00001eb084410,1,0,0.3006301431820881,0.3006301431820881,1,3,1,1.0,298.2
Zm00001eb084430,4,0,0.8657884187939335,0.62634619410541,7,4,3,2.5,446.8
Zm00001eb084530,1,0,0.2147662750385104,0.2147662750385104,3,3,1,1.0,33.3
Zm00001eb084570,1,0,0.9624950874281116,0.9624950874281116,3,2,2,1.0,96.6
Zm00001eb084590,1,0,0.3061225977763681,0.3061225977763681,8,4,3,4.0,3441.0
Zm00001eb084770,1,0,0.0011095871448248,0.0011095871448248,2,1,1,1.0,759.1
Zm00001eb084850,4,0,1.9182594805289743,1.7672495283267349,8,3,2,2.0,34.1
Zm00001eb084910,2,0,0.8871596966070435,0.8871596966070435,3,3,1,2.0,75.3
Zm00001eb084920,2,1,2.3696942297445207,1.5848474693933088,3,3,1,3.0,701.7
Zm00001eb085010,1,0,0.5977479034256786,0.5977479034256786,2,4,1,3.0,162.4
Zm00001eb085030,3,0,1.1056878589677792,0.661630088945004,5,3,3,2.0,778.3
Zm00001eb085110,1,0,0.0645102784494436,0.0645102784494436,1,2,1,0.0,164.1
Zm00001eb085170,1,0,0.0737680242049407,0.0737680242049407,2,2,1,4.0,117.0
Zm00001eb085240,2,0,1.1017022684100863,0.7081067076882887,6,3,3,1.5,638.5
Zm00001eb085270,1,0,5.7659332044570055,5.7659332044570055,1,1,1,4.0,138.2
Zm00001eb085330,1,0,1.097767231709674,1.097767231709674,1,2,1,3.0,1246.0
Zm00001eb085350,3,0,0.4329568474362071,0.20328770973596044,3,1,1,2.6666666666666665,174.4
Zm00001eb085400,4,0,1.2834323946183583,0.6240747299870628,5,2,2,1.25,56.4
Zm00001eb085410,1,0,0.7930009494511459,0.7930009494511459,3,2,2,1.0,263.7
Zm00001eb085420,2,0,0.0091002952884864,0.0091002952884864,4,2,1,2.5,195.0
Zm00001eb085460,2,0,0.5479008351431502,0.5022087908720871,4,1,1,1.0,773.8
Zm00001eb085500,1,0,0.8950740765509994,0.8950740765509994,1,1,1,1.0,172.2
Zm00001eb085570,1,0,0.4999219206274841,0.4999219206274841,2,2,1,0.0,308.7
Zm00001eb085590,4,0,0.5675987613572478,0.4442469949183232,4,2,1,2.5,93.7
Zm00001eb085610,1,0,0.7251103918079135,0.7251103918079135,1,1,1,1.0,69.6
Zm00001eb085680,1,0,1.8378912447899276,1.8378912447899276,2,2,2,4.0,1243.3
Zm00001eb085730,1,0,2.631789880630569,2.631789880630569,1,2,1,1.0,132.8
Zm00001eb086540,1,1,5.451041171360822,5.451041171360822,2,4,3,5.0,425.1
Zm00001eb086560,2,0,1.3599110002109251,0.7782279523185064,2,1,1,3.5,1401.3
Zm00001eb086680,1,0,0.2134975898929061,0.2134975898929061,2,1,1,5.0,407.4
Zm00001eb086700,1,0,0.4971437109841629,0.4971437109841629,2,1,1,4.0,520.1
Zm00001eb087050,1,1,1.7993221358770537,1.7993221358770537,1,1,1,1.0,847.1
Zm00001eb087060,1,0,0.0510573047325438,0.0510573047325438,1,1,1,4.0,210.7
Zm00001eb087920,1,0,0.3371577441506508,0.3371577441506508,1,1,1,3.0,115.9
Zm00001eb088050,1,0,0.2509636056113677,0.2509636056113677,2,1,1,4.0,489.1
Zm00001eb088220,3,0,0.2577044867752708,0.12686774951176946,3,3,2,1.0,717.0
Zm00001eb088780,1,0,0.3702670336086557,0.3702670336086557,1,1,1,3.0,491.1
Zm00001eb088790,1,0,0.5294133010687347,0.5294133010687347,2,1,1,0.0,558.2
Zm00001eb088800,2,0,0.3343179060511034,0.16787361297322284,4,1,1,1.0,995.4
Zm00001eb088830,2,0,0.7693350725433376,0.6812104496056695,3,4,3,3.5,133.8
Zm00001eb088840,5,0,1.1419322351318746,0.6477309020876223,7,3,2,1.8,48.7
Zm00001eb088850,2,0,0.6194742051608639,0.5709028497890282,6,2,1,4.0,230.2
Zm00001eb088880,1,0,1.6076475535731145,1.6076475535731145,1,3,1,2.0,18.1
Zm00001eb088950,1,0,0.4121090552748791,0.4121090552748791,2,2,1,4.0,2.3
Zm00001eb089010,1,0,1.388219498164199,1.388219498164199,1,3,1,1.0,2285.0
Zm00001eb089060,1,0,1.678932441547052,1.678932441547052,1,2,1,7.0,118.6
Zm00001eb089080,1,0,0.0937128496963705,0.0937128496963705,2,2,1,0.0,299.4
Zm00001eb089390,1,1,1.929141988092667,1.929141988092667,2,2,1,6.0,705.7
Zm00001eb089480,1,0,3.06080732737885,3.06080732737885,2,2,1,7.0,37.9
Zm00001eb089560,1,0,0.1301397057832398,0.1301397057832398,1,1,0,2.0,42.2
Zm00001eb089580,2,0,0.6901740631639215,0.4974627407725625,3,2,2,5.0,103.0
Zm00001eb089620,1,0,3.531143097120779,3.531143097120779,2,1,1,2.0,28.2
Zm00001eb090060,2,0,0.2597493707140442,0.2597493707140442,4,1,1,2.0,281.1
Zm00001eb090730,1,1,2.2002636420852406,2.2002636420852406,2,2,1,2.0,493.9
Zm00001eb090920,1,0,0.4968429919976434,0.4968429919976434,2,2,1,2.0,906.2
Zm00001eb091240,1,0,1.030106084777789,1.030106084777789,1,3,0,3.0,88.6
Zm00001eb091250,1,1,3.9303940206049,3.9303940206049,1,1,1,4.0,111.4
Zm00001eb091360,1,0,1.1288284964622843,1.1288284964622843,2,1,1,3.0,253.6
Zm00001eb091420,1,1,1.5741093788501044,1.5741093788501044,1,1,1,2.0,219.1
Zm00001eb091540,1,0,0.7085210067621773,0.7085210067621773,1,3,0,1.0,54.1
Zm00001eb091700,1,0,1.182775199267207,1.182775199267207,2,2,1,1.0,2.7
Zm00001eb092070,1,0,0.6811164463873721,0.6811164463873721,1,4,1,2.0,60.5
Zm00001eb092090,2,0,0.5444411255733181,0.32306678724710125,2,2,1,2.5,109.8
Zm00001eb092540,1,0,0.1783788490621314,0.1783788490621314,2,2,1,2.0,20195.9
Zm00001eb092570,2,0,1.1671492411284097,0.8175004191152436,2,1,1,1.0,83.8
Zm00001eb092590,1,0,1.091056458690244,1.091056458690244,1,1,1,4.0,319.4
Zm00001eb092720,3,0,3.4162738054593036,2.4118021473909756,5,1,1,3.3333333333333335,41.7
Zm00001eb092730,1,0,0.3017447950408854,0.3017447950408854,2,3,1,5.0,134.7
Zm00001eb092880,1,0,0.8631468782434638,0.8631468782434638,1,4,1,1.0,17.7
Zm00001eb092890,3,0,0.3076630712962483,0.1862822986028065,3,2,1,2.0,80.4
Zm00001eb093120,1,1,4.107570323715804,4.107570323715804,5,3,1,5.0,190.2
Zm00001eb093130,1,0,2.3286412133818297,2.3286412133818297,1,2,1,0.0,30.7
Zm00001eb093140,5,0,1.836229278319884,1.1793805210680028,6,2,2,2.6,52.7
Zm00001eb093150,1,0,0.90339947059328,0.90339947059328,2,1,1,5.0,15.0
Zm00001eb093260,2,0,0.6745334266749903,0.6745334266749903,3,1,1,2.0,1215.1
Zm00001eb093290,1,0,1.75898095597728,1.75898095597728,1,1,1,5.0,106.8
Zm00001eb093510,2,0,0.7258834033699393,0.5325138455169096,8,1,1,3.5,31.6
Zm00001eb093590,1,0,0.9916037761254384,0.9916037761254384,1,3,1,2.0,1245.2
Zm00001eb093630,1,0,2.839055613718246,2.839055613718246,1,1,1,6.0,123.0
Zm00001eb093650,2,0,0.3512454599304696,0.2571604504646648,5,3,1,2.5,11.7
Zm00001eb093670,1,1,2.0751231582939025,2.0751231582939025,2,3,1,3.0,304.8
Zm00001eb093750,1,0,1.31075306416502,1.31075306416502,3,2,1,2.0,318.6
Zm00001eb093870,1,0,0.5638907638968522,0.5638907638968522,3,1,1,5.0,72.0
Zm00001eb093950,1,0,1.5138457090734163,1.5138457090734163,2,4,1,2.0,141.9
Zm00001eb093980,2,2,1.908928711450672,1.908928711450672,2,3,2,3.0,222.6
Zm00001eb094000,2,0,0.3885129948433251,0.3150881459441157,3,3,2,2.5,326.1
Zm00001eb094220,1,1,3.2553440919204037,3.2553440919204037,2,3,1,0.0,907.1
Zm00001eb094240,2,0,1.6849169716795396,1.1914569274755027,2,2,1,1.5,83.8
Zm00001eb094520,1,1,1.8043074544860256,1.8043074544860256,1,1,1,6.0,232.1
Zm00001eb094540,1,0,1.0982117485761391,1.0982117485761391,1,1,1,0.0,38.2
Zm00001eb094550,1,0,0.1611434195508482,0.1611434195508482,2,2,2,4.0,99.3
Zm00001eb094560,1,1,2.358184616614732,2.358184616614732,1,1,1,0.0,45.6
Zm00001eb094610,1,0,1.669637892117238,1.669637892117238,2,1,1,2.0,420.5
Zm00001eb094680,2,0,0.8885849624460854,0.5923817496297763,4,1,1,2.5,2.6
Zm00001eb094730,1,0,0.264013827145389,0.264013827145389,2,3,2,3.0,1433.6
Zm00001eb094750,1,0,0.3669550791897301,0.3669550791897301,4,1,1,2.0,234.9
Zm00001eb094860,1,0,0.6451400432609657,0.6451400432609657,2,2,2,1.0,88.8
Zm00001eb094870,2,0,0.1599223058711255,0.15504117269637435,3,2,1,2.0,173.1
Zm00001eb094910,2,0,0.3804128061221865,0.20044623558814598,2,1,1,3.0,103.0
Zm00001eb095070,1,0,0.2278389747969548,0.2278389747969548,2,2,1,2.0,163.2
Zm00001eb095200,1,0,6.752438831342667,6.752438831342667,3,2,2,2.0,42.4
Zm00001eb095230,1,0,0.2031515169083907,0.2031515169083907,1,3,1,3.0,546.1
Zm00001eb095290,1,0,0.8989284240084651,0.8989284240084651,1,2,1,2.0,118.3
Zm00001eb095330,1,1,1.3795289808450566,1.3795289808450566,1,1,1,6.0,169.5
Zm00001eb095350,2,1,1.7922653212566346,1.3630689697487037,2,2,1,3.5,420.5
Zm00001eb095640,1,0,0.6322204392341653,0.6322204392341653,1,1,1,0.0,93.8
Zm00001eb095770,1,0,1.2434114806646697,1.2434114806646697,1,2,1,4.0,43.1
Zm00001eb095830,1,0,0.0168637846784761,0.0168637846784761,2,2,1,3.0,5.7
Zm00001eb095890,2,0,0.5748173830388479,0.40160896896542436,4,1,1,2.0,1276.1
Zm00001eb096040,1,0,1.2389640878023334,1.2389640878023334,1,1,1,3.0,220.8
Zm00001eb096080,1,0,0.6637529820717969,0.6637529820717969,1,1,1,3.0,65.7
Zm00001eb096360,1,1,1.888076824611055,1.888076824611055,1,1,1,3.0,334.8
Zm00001eb096590,1,0,2.1787289390174003,2.1787289390174003,1,1,1,2.0,85.0
Zm00001eb096610,1,0,0.3506637005806897,0.3506637005806897,2,2,1,2.0,155.5
Zm00001eb096820,1,0,0.9257250753210092,0.9257250753210092,1,1,1,2.0,12.1
Zm00001eb096860,1,0,0.1122615838642572,0.1122615838642572,2,1,1,2.0,144.2
Zm00001eb096870,1,0,0.6107849888892406,0.6107849888892406,1,5,1,0.0,29159.8
Zm00001eb096890,1,0,1.9074773792837891,1.9074773792837891,2,1,1,1.0,367.6
Zm00001eb096900,1,0,1.2036017358720876,1.2036017358720876,3,3,1,2.0,300.0
Zm00001eb096920,1,0,1.0098250525716723,1.0098250525716723,1,1,1,3.0,524.9
Zm00001eb096930,1,0,0.3734151904331565,0.3734151904331565,2,3,1,1.0,382.9
Zm00001eb096940,1,0,0.055620049329298,0.055620049329298,5,1,1,3.0,91.1
Zm00001eb096950,3,0,0.7381518759654687,0.45721884830228027,6,2,2,3.3333333333333335,4380.9
Zm00001eb097030,2,0,1.349723920863407,1.3160332547874205,3,3,2,3.5,130.6
Zm00001eb097160,1,0,1.7160371014606584,1.7160371014606584,1,1,1,1.0,68.1
Zm00001eb097220,4,3,2.0728832048574093,1.5708843327704076,4,1,1,2.0,285.3
Zm00001eb097300,1,0,0.6915325438402207,0.6915325438402207,1,1,1,3.0,1230.0
Zm00001eb097310,2,0,0.7119024619564311,0.7022088164273359,2,2,1,2.5,93.6
Zm00001eb097340,1,0,1.3013545572727157,1.3013545572727157,1,2,1,2.0,21.1
Zm00001eb097360,1,0,0.293299880556309,0.293299880556309,4,5,1,2.0,325.5
Zm00001eb097550,1,0,1.2012848333697357,1.2012848333697357,1,5,1,1.0,59.3
Zm00001eb097800,1,0,0.6625580623401669,0.6625580623401669,1,2,1,1.0,69.5
Zm00001eb097930,1,0,1.955546856757759,1.955546856757759,1,1,1,4.0,483.0
Zm00001eb097940,2,0,0.9694069660690524,0.6457064381264813,3,2,1,3.5,497.9
Zm00001eb097950,2,0,0.3460266821763762,0.3460266821763762,3,1,1,2.0,388.4
Zm00001eb097990,2,1,3.416799706097878,3.098316710493344,3,1,1,2.0,149.2
Zm00001eb098070,1,0,1.9708006750386695,1.9708006750386695,6,2,2,1.0,93.0
Zm00001eb098080,1,0,3.021807349029898,3.021807349029898,1,0,0,2.0,25.3
Zm00001eb098190,1,0,0.4601613161278829,0.4601613161278829,1,2,1,2.0,13.9
Zm00001eb098330,1,0,0.0262303015477892,0.0262303015477892,4,2,1,4.0,254.5
Zm00001eb098370,3,0,1.595669867867355,1.1898632384808907,4,2,1,1.6666666666666667,225.2
Zm00001eb098510,1,0,1.5733708778995867,1.5733708778995867,2,2,1,2.0,531.5
Zm00001eb098520,1,0,0.1476484351319616,0.1476484351319616,4,4,2,4.0,861.5
Zm00001eb098540,2,0,1.2618327249732135,0.9586599905493363,3,3,1,4.0,198.9
Zm00001eb098640,3,0,0.5432212296421457,0.45351687748622815,3,1,1,2.6666666666666665,461.8
Zm00001eb098650,1,0,1.4692327354210952,1.4692327354210952,2,1,1,0.0,287.6
Zm00001eb098670,3,0,0.6034047470390108,0.37352649084919126,9,2,1,3.3333333333333335,7.3
Zm00001eb098700,2,0,0.3313036875279277,0.3011422670113792,5,3,3,1.5,74.2
Zm00001eb098730,1,0,0.6377049051595514,0.6377049051595514,7,3,1,1.0,2.7
Zm00001eb098760,1,0,1.1713136059556617,1.1713136059556617,2,3,1,2.0,21.7
Zm00001eb098860,1,0,0.024823613275353,0.024823613275353,3,1,1,1.0,117.2
Zm00001eb098880,3,0,1.3367793868239704,0.9707208555918041,6,3,2,3.0,1550.6
Zm00001eb098900,1,0,0.3931180676553437,0.3931180676553437,1,2,1,3.0,35.7
Zm00001eb098910,1,0,0.0051036692322985,0.0051036692322985,5,1,1,2.0,1082.8
Zm00001eb098970,4,0,0.498620432938279,0.3526110417750098,4,2,2,2.25,605.5
Zm00001eb099030,1,0,0.4293002682414972,0.4293002682414972,4,3,2,1.0,53.2
Zm00001eb099080,1,0,0.0961304963562979,0.0961304963562979,1,1,0,2.0,90.1
Zm00001eb099240,1,1,2.3588175467836083,2.3588175467836083,2,1,1,3.0,1505.8
Zm00001eb099250,2,0,1.16236921559995,1.0151765750375006,6,3,2,4.0,106.2
Zm00001eb099320,1,0,0.5549153355809994,0.5549153355809994,2,1,1,0.0,20.6
Zm00001eb099440,1,0,0.4145784879092997,0.4145784879092997,2,3,1,2.0,1721.8
Zm00001eb099470,1,0,1.1907007105813443,1.1907007105813443,1,1,1,3.0,72.1
Zm00001eb099490,1,0,0.6429195621697508,0.6429195621697508,2,3,1,3.0,63.6
Zm00001eb099570,1,0,0.1828997418645876,0.1828997418645876,2,1,1,3.0,28.8
Zm00001eb099580,1,0,0.2977104910824868,0.2977104910824868,2,3,1,2.0,999.4
Zm00001eb099620,2,0,1.274669565548508,1.1998105936204113,2,1,1,3.0,11.0
Zm00001eb099640,1,0,0.0435700254776031,0.0435700254776031,3,1,1,2.0,117.5
Zm00001eb099670,2,2,5.526287418686506,5.441248700365186,2,1,1,2.5,90.5
Zm00001eb099720,1,0,0.3279088821649967,0.3279088821649967,1,3,1,0.0,21.4
Zm00001eb099810,1,0,0.0634027929751685,0.0634027929751685,3,1,1,2.0,42.7
Zm00001eb099850,1,1,1.5555304707154634,1.5555304707154634,1,1,1,3.0,314.4
Zm00001eb099910,2,0,0.9077050083562256,0.5003489290213715,3,1,1,2.0,331.4
Zm00001eb099920,2,0,1.108022004587111,1.042788756326877,4,3,2,1.0,139.4
Zm00001eb099930,1,0,0.1031318922443879,0.1031318922443879,5,1,1,0.0,688.7
Zm00001eb100000,1,0,0.2113336701868648,0.2113336701868648,3,1,1,1.0,3.0
Zm00001eb100020,1,0,0.181020592944707,0.181020592944707,7,2,1,3.0,4721.5
Zm00001eb100050,4,0,0.826447170033927,0.6181398515749255,13,3,1,2.5,239.1
Zm00001eb100060,6,0,1.271955834810559,0.6749710684047376,10,3,3,3.0,725.8
Zm00001eb100100,1,0,0.4188809619318701,0.4188809619318701,1,2,1,0.0,1714.6
Zm00001eb100130,1,0,0.9667596843925282,0.9667596843925282,1,1,1,1.0,3453.0
Zm00001eb100140,2,1,1.9935988145958217,1.7092789090665146,3,2,1,1.0,2696.4
Zm00001eb100180,2,0,0.0669057575551313,0.0669057575551313,7,3,2,2.5,2100.6
Zm00001eb100190,1,0,0.850999188493095,0.850999188493095,2,3,1,4.0,137.0
Zm00001eb100310,1,0,0.826231557524754,0.826231557524754,1,2,1,0.0,300.3
Zm00001eb100350,1,0,0.6764353372643713,0.6764353372643713,2,1,1,2.0,258.9
Zm00001eb100360,4,1,3.6698502561078272,1.3396012282360559,5,2,2,3.25,18.4
Zm00001eb100440,6,0,0.5955836787413232,0.25242841933962595,7,2,2,2.5,90.9
Zm00001eb100450,1,0,0.4110965214318555,0.4110965214318555,5,3,2,4.0,630.1
Zm00001eb100460,1,0,0.4212781382977861,0.4212781382977861,1,1,1,3.0,9.3
Zm00001eb100550,1,0,0.7674454359875674,0.7674454359875674,1,4,1,3.0,503.4
Zm00001eb100620,1,0,0.5595529125114483,0.5595529125114483,2,3,1,3.0,86.1
Zm00001eb100690,2,0,1.9515226223336344,1.7692272425382132,5,1,1,1.5,20.6
Zm00001eb100720,2,1,5.4212174750243864,2.7197171466426022,4,1,1,1.0,420.2
Zm00001eb100750,3,0,1.112389626056234,0.8210107327097954,6,1,1,2.3333333333333335,387.9
Zm00001eb100770,1,0,0.4655911805191863,0.4655911805191863,1,1,1,2.0,315.6
Zm00001eb100840,1,0,3.140451847922435,3.140451847922435,2,2,1,2.0,8562.3
Zm00001eb100900,2,0,0.183008116977348,0.13097902285271845,4,3,2,2.0,114.9
Zm00001eb100940,2,0,1.692272097145287,1.2906292879420616,2,2,2,1.5,15.1
Zm00001eb100980,1,0,0.1536775204936069,0.1536775204936069,1,2,1,3.0,73.7
Zm00001eb101100,2,0,0.6717967925027475,0.389718165193399,2,1,1,2.0,92.8
Zm00001eb101120,1,0,1.1488760228310635,1.1488760228310635,3,3,1,4.0,9.2
Zm00001eb101130,1,0,0.0923450029315343,0.0923450029315343,2,2,1,2.0,99.4
Zm00001eb101150,2,0,1.6845705414937473,1.0657023086095978,7,1,1,2.0,169.0
Zm00001eb101180,1,0,0.0005276951426583,0.0005276951426583,1,2,1,1.0,99.0
Zm00001eb101280,2,0,2.129418630997575,1.1674932665352764,3,2,2,4.5,445.8
Zm00001eb101410,1,0,0.5419117181211702,0.5419117181211702,3,2,1,0.0,397.1
Zm00001eb101450,3,1,2.771010529896668,1.6562659556585293,3,1,1,4.333333333333333,1010.0
Zm00001eb101480,2,0,0.264519518602299,0.26439796709972296,3,1,1,2.0,68.4
Zm00001eb101630,3,0,1.5267605259634691,1.1520161485531821,3,3,1,3.3333333333333335,19.2
Zm00001eb101700,2,2,1.885900568901578,1.885900568901578,3,4,2,2.5,317.6
Zm00001eb101710,3,0,0.4807909328297689,0.4419363049976548,4,2,2,2.3333333333333335,517.9
Zm00001eb101770,1,0,0.6538605964449373,0.6538605964449373,2,1,1,4.0,890.7
Zm00001eb101780,1,0,0.100435851454697,0.100435851454697,1,2,1,1.0,126.3
Zm00001eb101840,2,0,1.2026220272356192,1.0825455753123334,4,2,2,4.0,1344.9
Zm00001eb101860,1,0,0.2776527586397146,0.2776527586397146,3,1,1,4.0,1344.4
Zm00001eb101950,1,0,0.2904330456784846,0.2904330456784846,2,2,1,3.0,120.7
Zm00001eb101980,2,0,1.978045589782172,1.6104879883815606,3,2,2,3.5,631.9
Zm00001eb101990,1,0,0.7711989415434962,0.7711989415434962,1,2,1,4.0,1354.3
Zm00001eb102050,6,1,2.633437955533686,2.011079365500592,8,2,2,3.8333333333333335,323.3
Zm00001eb102200,1,0,0.0730146310123121,0.0730146310123121,1,1,1,4.0,108.9
Zm00001eb102230,1,0,1.791003918361094,1.791003918361094,1,2,1,2.0,121.3
Zm00001eb102250,2,1,3.067404350544946,2.720785097945636,2,1,1,1.5,231.4
Zm00001eb102290,1,0,0.0963679843777712,0.0963679843777712,1,1,1,4.0,137.4
Zm00001eb102500,1,0,1.3725751214207416,1.3725751214207416,1,2,1,4.0,160.8
Zm00001eb102520,3,0,1.5815742880702115,1.1981716846597585,5,2,2,3.3333333333333335,147.0
Zm00001eb102540,5,0,1.0265361536576918,0.5903384457067319,7,1,1,2.4,33.5
Zm00001eb102560,1,0,0.1749901348343776,0.1749901348343776,2,4,2,2.0,188.6
Zm00001eb102760,1,0,0.0547835054150035,0.0547835054150035,1,3,1,2.0,500.9
Zm00001eb102800,2,1,2.2350605044385827,1.1661921106196351,5,1,1,1.0,304.0
Zm00001eb102830,1,0,1.886185395385147,1.886185395385147,6,1,1,2.0,380.7
Zm00001eb102850,4,3,1.9699771971590128,1.8284374480919743,8,2,1,1.25,480.8
Zm00001eb102920,2,0,1.2757190636923184,1.20760122817404,8,4,4,1.5,1707.9
Zm00001eb102930,1,0,0.3013179871756072,0.3013179871756072,10,2,2,2.0,199.3
Zm00001eb102970,7,0,1.7588672814290858,1.214398743878564,9,3,2,2.5714285714285716,641.7
Zm00001eb103040,1,0,0.7161624979843098,0.7161624979843098,3,3,1,2.0,37.7
Zm00001eb103090,1,0,1.1413756814582974,1.1413756814582974,1,2,1,5.0,69.5
Zm00001eb103210,1,0,0.9362330766335688,0.9362330766335688,2,1,1,1.0,5.0
Zm00001eb103220,2,0,0.3309702491896268,0.3309702491896268,2,3,1,1.5,128.7
Zm00001eb103260,1,1,2.321060806569264,2.321060806569264,1,1,1,1.0,872.7
Zm00001eb103320,1,0,0.3080203286926536,0.3080203286926536,2,2,1,4.0,168.2
Zm00001eb103330,3,0,0.2868804440539231,0.2868804440539231,3,2,1,2.6666666666666665,5.0
Zm00001eb103380,2,0,1.8448823402822152,1.8448823402822152,4,2,2,5.5,3765.2
Zm00001eb103400,1,0,1.4547118671933543,1.4547118671933543,2,2,1,4.0,419.7
Zm00001eb103410,1,0,1.4417959016945376,1.4417959016945376,3,2,2,1.0,35.6
Zm00001eb103490,3,1,1.7336672610442727,1.4263978690967292,7,3,3,0.6666666666666666,887.8
Zm00001eb103500,3,0,0.7569155282912402,0.5250479292735365,3,1,1,2.0,887.8
Zm00001eb103560,1,0,1.1453273538892044,1.1453273538892044,1,3,2,1.0,277.5
Zm00001eb103570,1,0,0.2194298547230931,0.2194298547230931,1,3,1,5.0,204.6
Zm00001eb103990,1,0,1.5713186741220195,1.5713186741220195,1,1,0,2.0,44.8
Zm00001eb104210,2,0,1.0965588418427972,0.6781178799691104,2,1,1,2.5,1354.2
Zm00001eb104220,1,0,1.1876417259827403,1.1876417259827403,2,1,1,2.0,798.6
Zm00001eb104260,1,1,3.1423662585172822,3.1423662585172822,1,1,1,5.0,151.3
Zm00001eb104290,1,0,1.3744803557576792,1.3744803557576792,1,1,1,1.0,1218.5
Zm00001eb104300,1,0,0.8065302167825861,0.8065302167825861,1,2,1,0.0,13.2
Zm00001eb104460,1,0,0.4506013497802072,0.4506013497802072,2,1,1,3.0,99.8
Zm00001eb104510,2,0,0.4938888239341877,0.4938888239341877,2,2,1,2.0,113.8
Zm00001eb104590,3,0,1.4567324195511415,1.3826183338290468,3,3,1,3.6666666666666665,262.9
Zm00001eb104610,2,0,1.1071269438782332,0.9057303329928031,5,1,1,1.0,374.7
Zm00001eb104630,2,0,0.1046232536781415,0.1046232536781415,2,4,1,3.0,849.7
Zm00001eb104660,3,0,0.8245807497574391,0.6568301616108206,9,2,2,2.3333333333333335,119.0
Zm00001eb104680,1,0,1.4011108268665111,1.4011108268665111,3,2,1,5.0,136.5
Zm00001eb104690,2,2,1.8779398839839456,1.8779398839839456,3,1,1,3.5,337.7
Zm00001eb104710,2,1,1.991401602261453,1.8190237968538394,4,2,2,1.5,699.7
Zm00001eb104740,2,0,1.0356711136809262,0.6342707112523096,7,3,2,3.0,21.6
Zm00001eb104750,1,0,0.3307348536792306,0.3307348536792306,2,1,1,5.0,475.5
Zm00001eb104780,1,0,0.5823338641156126,0.5823338641156126,5,2,2,1.0,495.2
Zm00001eb104790,1,0,0.4860508246902443,0.4860508246902443,1,2,1,2.0,374.3
Zm00001eb104810,1,0,2.101996270360216,2.101996270360216,1,3,1,3.0,262.5
Zm00001eb104830,1,0,0.1669420503932207,0.1669420503932207,1,2,1,0.0,48.3
Zm00001eb104840,1,0,0.1534666166248734,0.1534666166248734,2,2,1,4.0,125.4
Zm00001eb104900,5,0,1.849902741902015,1.4751541150323173,6,1,1,2.4,166.6
Zm00001eb104960,1,0,0.1508395864748641,0.1508395864748641,2,1,1,4.0,397.2
Zm00001eb105300,1,0,0.4576974240934773,0.4576974240934773,1,3,2,2.0,159.6
Zm00001eb105360,1,0,0.5805793021139549,0.5805793021139549,4,3,2,1.0,106.0
Zm00001eb105550,1,0,1.2793980982675397,1.2793980982675397,1,2,1,0.0,452.0
Zm00001eb105590,1,1,3.1140159289396037,3.1140159289396037,4,2,2,2.0,30.8
Zm00001eb105730,1,0,0.3532570851314128,0.3532570851314128,1,1,1,7.0,257.4
Zm00001eb105750,1,1,3.984082892776928,3.984082892776928,2,1,1,2.0,232.1
Zm00001eb105770,1,0,0.7303914927855508,0.7303914927855508,1,2,1,1.0,110.3
Zm00001eb105780,2,0,0.2617181755449323,0.23847878173374865,3,2,1,3.0,13.5
Zm00001eb105800,1,0,1.282227172307448,1.282227172307448,1,1,1,0.0,625.7
Zm00001eb105810,1,0,2.68314562194526,2.68314562194526,3,2,1,0.0,653.3
Zm00001eb105830,1,0,0.4428495819673179,0.4428495819673179,2,2,1,3.0,219.9
Zm00001eb105880,1,0,0.4979152615686966,0.4979152615686966,1,2,1,6.0,54.3
Zm00001eb105890,1,0,1.4590960490436848,1.4590960490436848,2,3,1,3.0,144.9
Zm00001eb105970,1,0,1.231985619496512,1.231985619496512,8,2,2,1.0,301.7
Zm00001eb106050,1,0,0.8698535762771422,0.8698535762771422,1,3,1,4.0,86.8
Zm00001eb106060,1,0,0.923447738616847,0.923447738616847,2,1,1,1.0,55.2
Zm00001eb106160,1,1,1.6798491547575147,1.6798491547575147,2,1,1,2.0,2770.1
Zm00001eb106250,5,1,1.8393724624089127,0.7943815642193511,6,2,2,2.4,369.6
Zm00001eb106290,2,0,0.4276760087606707,0.3701398758012424,4,1,1,3.0,6.9
Zm00001eb106320,2,0,1.1136574987722128,0.8295933357949483,3,1,1,4.0,89.1
Zm00001eb106360,1,0,0.5147808576918955,0.5147808576918955,1,2,1,3.0,291.4
Zm00001eb106370,1,0,0.0934241037624352,0.0934241037624352,2,3,1,0.0,51.3
Zm00001eb106410,2,0,0.4241960150242427,0.2287635388985427,2,2,1,2.0,7.9
Zm00001eb106430,5,0,1.2109141310655755,0.8847718890478964,9,2,2,1.4,12037.2
Zm00001eb106450,1,0,1.1599559293330512,1.1599559293330512,3,2,1,4.0,368.7
Zm00001eb106490,2,0,0.778727201700927,0.39600244498015746,2,2,1,2.0,711.2
Zm00001eb106500,2,0,0.372859880373488,0.372859880373488,2,1,1,6.5,309.7
Zm00001eb106650,1,0,0.2060799408938173,0.2060799408938173,1,1,1,4.0,66.4
Zm00001eb106680,3,0,0.2995351784625171,0.2548135762807828,9,4,3,3.3333333333333335,1254.4
Zm00001eb106740,3,0,0.6044651932589348,0.493493762969443,3,1,1,0.6666666666666666,444.1
Zm00001eb106770,2,1,2.4188644177408363,1.9303715918527913,2,1,1,3.0,147.9
Zm00001eb106830,1,0,0.9429517509585512,0.9429517509585512,2,1,1,4.0,1940.4
Zm00001eb106850,1,0,1.365631679073791,1.365631679073791,1,3,2,1.0,68.0
Zm00001eb106900,3,0,0.7915057343468308,0.6471902404506883,5,3,2,2.0,120.2
Zm00001eb106910,2,0,1.328185096069588,1.3220604612904476,3,2,2,1.0,135.3
Zm00001eb106920,2,0,0.9308845287619476,0.8385393010438494,2,2,1,1.0,246.6
Zm00001eb107050,2,0,1.661752460437849,1.5406451099200185,2,2,2,3.0,18.8
Zm00001eb107170,1,0,0.5197260859717608,0.5197260859717608,3,1,1,1.0,240.2
Zm00001eb107180,1,0,0.4692926703394192,0.4692926703394192,3,1,1,4.0,206.7
Zm00001eb107220,1,0,0.8540485826212096,0.8540485826212096,2,3,2,2.0,529.4
Zm00001eb107230,3,0,1.815046010211886,1.734781692108344,6,3,3,3.0,303.2
Zm00001eb107270,5,0,0.6447806669996458,0.5614300795168969,5,3,2,2.6,51.3
Zm00001eb107280,4,0,1.148105180977982,1.148105180977982,6,2,2,2.0,215.1
Zm00001eb107360,1,0,2.2232823230044687,2.2232823230044687,2,2,2,3.0,36.3
Zm00001eb107400,1,1,1.7135357031632072,1.7135357031632072,1,1,1,6.0,441.3
Zm00001eb107490,1,0,0.0579443664642874,0.0579443664642874,2,1,1,4.0,125.9
Zm00001eb107620,1,0,2.3840887490965352,2.3840887490965352,3,1,1,0.0,169.4
Zm00001eb107640,4,0,1.5846912424393356,0.6033000902877811,8,2,2,2.75,213.2
Zm00001eb107670,1,0,0.7496789812092954,0.7496789812092954,1,2,1,3.0,36.1
Zm00001eb107710,1,0,0.7953621696522521,0.7953621696522521,2,1,1,2.0,287.7
Zm00001eb107900,1,0,1.0946792797573583,1.0946792797573583,2,1,1,0.0,215.9
Zm00001eb107910,3,0,1.9516564073277076,1.186959716602816,4,2,1,1.6666666666666667,924.8
Zm00001eb107920,1,0,0.0180448263032919,0.0180448263032919,1,1,1,0.0,322.7
Zm00001eb107980,2,0,1.1118198375618815,0.6092173038727402,3,2,2,2.5,408.8
Zm00001eb108030,2,0,0.3798258290050825,0.21534604355946774,3,3,1,3.5,502.6
Zm00001eb108040,2,0,0.5220676166218288,0.3807704816180083,2,4,1,2.0,19.5
Zm00001eb108120,5,0,1.8177041280481885,1.1322222053086077,7,4,4,3.0,1865.8
Zm00001eb108170,1,0,0.9069752010271788,0.9069752010271788,1,1,1,5.0,143.4
Zm00001eb108280,4,0,0.5619145278796013,0.383940963558441,4,1,1,3.25,8.1
Zm00001eb108320,2,0,0.3665209150891784,0.3469002237432621,3,3,1,2.0,108.8
Zm00001eb108390,2,1,3.0303187230202746,2.4790219393140553,4,2,2,2.0,365.8
Zm00001eb108420,1,0,1.3032965466006858,1.3032965466006858,5,2,2,2.0,107.2
Zm00001eb108440,3,0,0.1751755490942188,0.1751755490942188,5,1,1,3.3333333333333335,122.0
Zm00001eb108460,1,0,0.0211794069628155,0.0211794069628155,1,1,1,3.0,17.7
Zm00001eb108570,3,0,0.7000556285602381,0.7000556285602381,3,2,1,3.6666666666666665,606.9
Zm00001eb108590,1,0,0.2640232551040573,0.2640232551040573,1,1,1,4.0,14.5
Zm00001eb108610,8,0,0.8784981207875934,0.46360300881609756,9,3,2,2.875,381.6
Zm00001eb108620,2,1,2.3199534970626376,2.023795329862309,6,1,1,2.5,2038.1
Zm00001eb108660,2,0,1.822457471711165,0.9388000783187188,2,2,1,2.0,29.7
Zm00001eb108760,1,0,1.789528478760298,1.789528478760298,1,1,1,3.0,71.4
Zm00001eb108850,1,0,0.0778286300135968,0.0778286300135968,2,3,2,2.0,4.6
Zm00001eb108920,3,0,0.9673412755677916,0.3875803328423429,3,1,1,3.0,1351.4
Zm00001eb109030,1,0,1.121919640856769,1.121919640856769,1,1,1,0.0,1040.1
Zm00001eb109110,2,0,0.4635879413433368,0.45626199777661874,2,3,1,3.0,1039.9
Zm00001eb109290,1,0,0.7154003648104318,0.7154003648104318,1,3,1,1.0,1349.1
Zm00001eb109370,2,0,1.9591365399335297,1.139269319309248,5,4,4,3.0,257.9
Zm00001eb109480,1,0,0.1527165278431553,0.1527165278431553,4,3,2,3.0,60.1
Zm00001eb109490,2,0,0.5816372288286964,0.5339785489015146,3,2,2,1.0,185.1
Zm00001eb109500,2,0,0.6132841346383997,0.5802624003940997,4,2,2,3.0,132.4
Zm00001eb109570,1,0,1.021592165913743,1.021592165913743,1,1,1,1.0,202.3
Zm00001eb109640,1,0,1.6529829947025063,1.6529829947025063,5,3,2,3.0,230.8
Zm00001eb109660,2,0,1.4538601503439903,1.1754054977572412,3,1,1,0.5,145.4
Zm00001eb109710,1,1,2.3621668479860167,2.3621668479860167,1,1,1,2.0,116.3
Zm00001eb109780,1,0,0.7548764453601191,0.7548764453601191,2,1,1,7.0,110.1
Zm00001eb109800,1,1,3.2208533842634304,3.2208533842634304,3,2,2,1.0,85.0
Zm00001eb109820,1,0,0.7447752036638563,0.7447752036638563,1,3,1,1.0,325.5
Zm00001eb109830,1,0,0.961475564969569,0.961475564969569,1,2,1,2.0,364.0
Zm00001eb109870,2,0,2.828753628265509,1.98654066314633,4,2,1,3.0,78.9
Zm00001eb109880,2,0,2.634183701275248,1.9128098591019218,4,3,1,1.5,268.0
Zm00001eb109890,2,0,0.745972992226606,0.4937345445508156,2,2,2,2.5,360.3
Zm00001eb109900,2,0,0.2094137837051865,0.18949134204432921,3,1,1,1.0,51.5
Zm00001eb110020,5,0,0.942035693095456,0.874621751157339,7,2,2,1.6,72.4
Zm00001eb110070,1,0,0.2192537034287395,0.2192537034287395,1,4,1,5.0,209.3
Zm00001eb110080,2,0,0.5744196653102795,0.4375198354186456,6,2,1,4.0,237.1
Zm00001eb110100,1,0,2.1910778583917394,2.1910778583917394,1,1,1,5.0,1481.4
Zm00001eb110130,1,0,0.4996932229896339,0.4996932229896339,1,3,1,3.0,31.0
Zm00001eb110300,2,1,4.3137416224184095,2.893412536801359,4,1,1,3.0,1722.6
Zm00001eb110340,2,0,1.188085787913024,0.883543802904527,2,1,1,1.5,453.2
Zm00001eb110390,2,0,3.77398815573036,3.77398815573036,2,2,2,1.5,127.5
Zm00001eb110530,1,0,0.2867195230343267,0.2867195230343267,1,2,1,3.0,404.4
Zm00001eb110580,4,0,1.5230851692663825,0.913745403566492,5,2,2,3.0,99.7
Zm00001eb110630,1,0,0.7783855061678687,0.7783855061678687,8,4,2,3.0,4824.3
Zm00001eb110640,2,0,0.8786475842884138,0.6487958149458182,2,1,1,5.5,2782.8
Zm00001eb110650,1,0,0.8223808218090962,0.8223808218090962,1,1,1,2.0,674.9
Zm00001eb110660,1,0,0.349579588418785,0.349579588418785,2,1,1,5.0,390.6
Zm00001eb110710,1,0,0.9032739089714292,0.9032739089714292,3,4,2,2.0,199.8
Zm00001eb110760,2,1,1.8964085092470744,1.371065750061266,2,3,1,4.5,96.6
Zm00001eb110810,2,2,2.3693630029069213,2.0556965060193244,5,3,2,4.5,4045.2
Zm00001eb110820,3,0,0.5797821276375666,0.37394576759569303,4,1,1,2.3333333333333335,442.3
Zm00001eb110880,3,0,0.8323661293207999,0.6752215721675704,4,2,1,4.0,3194.5
Zm00001eb110890,1,0,0.913438818268052,0.913438818268052,1,1,0,8.0,16.4
Zm00001eb110910,1,0,0.8238195348259608,0.8238195348259608,1,1,1,5.0,507.7
Zm00001eb110940,1,0,1.2047128939791187,1.2047128939791187,2,3,1,2.0,2.8
Zm00001eb111020,1,0,2.395644744149419,2.395644744149419,2,1,1,0.0,680.5
Zm00001eb111160,1,0,0.8141081848559448,0.8141081848559448,1,2,2,1.0,24.1
Zm00001eb111180,1,0,0.4870266694749359,0.4870266694749359,3,2,2,3.0,133.6
Zm00001eb111340,1,0,0.1464471125383356,0.1464471125383356,3,2,2,0.0,90.9
Zm00001eb111350,1,0,0.3879058532362244,0.3879058532362244,1,1,1,3.0,43.8
Zm00001eb111520,2,0,0.971652371310859,0.9569776666605281,2,1,1,2.0,542.0
Zm00001eb111610,1,0,1.1271219432068424,1.1271219432068424,1,1,1,2.0,55.2
Zm00001eb111620,2,0,0.7324911405321561,0.41305164272224576,2,3,2,1.0,29.3
Zm00001eb111650,2,0,0.1042699923745937,0.07386215308751759,5,2,2,4.0,229.8
Zm00001eb111660,1,0,0.4300794206146836,0.4300794206146836,5,2,2,0.0,330.0
Zm00001eb111720,2,0,0.9724807158423768,0.5164026865217431,2,2,1,1.5,301.9
Zm00001eb111760,4,0,1.6117604399373562,0.9835219347492081,4,1,1,3.5,153.9
Zm00001eb111790,1,0,0.1967530992835303,0.1967530992835303,4,1,1,6.0,7.3
Zm00001eb111990,1,0,0.5171747795638132,0.5171747795638132,1,2,0,3.0,1788.5
Zm00001eb112150,2,0,0.2399686880761221,0.2378790456968723,2,4,1,2.5,66.2
Zm00001eb112220,1,1,2.089085773648571,2.089085773648571,2,3,1,1.0,133.8
Zm00001eb112260,2,0,0.5299759765102767,0.5291411109484325,2,1,1,3.5,15127.2
Zm00001eb112360,2,0,0.3210318684003829,0.2859135405193274,3,2,2,1.5,1713.0
Zm00001eb112380,1,0,0.0557617332554181,0.0557617332554181,1,3,0,0.0,239.6
Zm00001eb112480,1,0,1.0830567804193365,1.0830567804193365,1,2,1,5.0,1109.7
Zm00001eb112550,1,0,0.225660504757466,0.225660504757466,3,2,2,1.0,315.4
Zm00001eb112590,2,1,1.745698077747109,1.7249494714232583,7,3,2,4.0,48.6
Zm00001eb112660,1,0,0.0020221096868585,0.0020221096868585,1,4,1,4.0,83.4
Zm00001eb112690,1,0,1.0351689795339276,1.0351689795339276,3,1,1,3.0,188.6
Zm00001eb112700,1,0,0.6976788264426282,0.6976788264426282,1,1,1,0.0,9.8
Zm00001eb112930,2,0,0.6919204936656351,0.4074673853679286,5,1,1,2.5,1049.3
Zm00001eb112950,3,0,0.7661728701653161,0.6157536415885811,3,2,1,2.3333333333333335,695.7
Zm00001eb113010,2,0,0.8616683570227174,0.5724972389065135,4,3,2,2.0,136.9
Zm00001eb113050,1,0,0.1524477598424182,0.1524477598424182,3,3,2,4.0,34.3
Zm00001eb113140,1,0,0.7229228669082567,0.7229228669082567,1,3,1,1.0,395.2
Zm00001eb113170,2,0,1.0646463279832257,0.9199154822105055,4,4,3,1.0,3.6
Zm00001eb113190,3,0,1.6935315444131438,1.0271089625693477,6,2,1,4.0,1444.6
Zm00001eb113290,1,0,1.1865648120852972,1.1865648120852972,3,2,1,1.0,230.9
Zm00001eb113350,2,0,1.3072009219947975,0.7978385686103658,3,2,1,1.0,3305.6
Zm00001eb113490,1,0,0.1646336111098559,0.1646336111098559,2,2,2,3.0,106.4
Zm00001eb113600,1,0,0.9900904838295254,0.9900904838295254,1,3,0,2.0,390.7
Zm00001eb113710,2,0,0.7917780105312064,0.6923940236292917,2,3,1,2.0,186.6
Zm00001eb113730,1,0,0.2828622126327842,0.2828622126327842,1,3,1,4.0,233.2
Zm00001eb113780,2,0,0.2956286752242077,0.26917889405163414,8,2,2,4.5,446.6
Zm00001eb113900,1,1,2.2053015643042735,2.2053015643042735,2,3,1,0.0,138.0
Zm00001eb113950,1,1,2.4276087436468217,2.4276087436468217,1,4,1,4.0,71.0
Zm00001eb113970,1,0,0.545562732531157,0.545562732531157,2,1,1,1.0,29.2
Zm00001eb114030,1,1,2.9034353041982452,2.9034353041982452,1,3,1,5.0,104.7
Zm00001eb114200,2,0,2.8891745085291016,2.669900596547471,3,2,2,2.5,313.6
Zm00001eb114280,2,0,0.1295584237276238,0.09000523231805466,7,2,1,4.0,63.5
Zm00001eb114320,1,0,0.5852835502708137,0.5852835502708137,1,3,1,1.0,335.2
Zm00001eb114370,1,0,1.915985384097072,1.915985384097072,1,4,1,0.0,1007.3
Zm00001eb114430,1,0,0.558810177311074,0.558810177311074,9,3,3,3.0,281.5
Zm00001eb114770,1,0,1.704591312683843,1.704591312683843,1,3,2,3.0,144.6
Zm00001eb114780,1,0,0.1599531832457605,0.1599531832457605,3,3,1,9.0,107.5
Zm00001eb114860,2,2,1.0620493422697377,1.0620493422697377,3,2,1,5.0,1742.8
Zm00001eb115000,7,1,3.363154782404735,1.1208123404060766,12,1,1,3.142857142857143,7596.3
Zm00001eb115010,1,0,0.9547458247923294,0.9547458247923294,5,3,2,4.0,924.2
Zm00001eb115090,1,0,1.1683286084718567,1.1683286084718567,5,3,2,3.0,120.5
Zm00001eb115110,2,0,0.2998340724110565,0.24318785596486225,10,1,1,1.5,686.2
Zm00001eb115230,1,0,0.2220070963771192,0.2220070963771192,4,3,2,5.0,274.6
Zm00001eb115300,1,0,0.3613108800541181,0.3613108800541181,4,4,1,1.0,279.4
Zm00001eb115340,1,0,1.694925432151582,1.694925432151582,3,1,1,3.0,248.7
Zm00001eb115750,1,0,0.4655564315951986,0.4655564315951986,5,1,1,2.0,1618.5
Zm00001eb115870,2,0,0.1328300918803796,0.07132388154352556,5,3,1,4.5,185.2
Zm00001eb115990,2,0,0.6838146864367968,0.3910669115536565,2,2,1,2.5,2785.4
Zm00001eb116250,1,0,1.0149439759629777,1.0149439759629777,2,4,1,3.0,569.9
Zm00001eb116400,5,0,1.0291183418211114,0.7470842086533804,10,2,2,1.8,824.5
Zm00001eb116440,1,0,0.2391288350832691,0.2391288350832691,2,3,1,2.0,138.1
Zm00001eb116470,8,0,1.866779248190027,1.062042575943483,12,3,3,2.375,246.3
Zm00001eb116480,1,0,0.4251695790766667,0.4251695790766667,1,3,1,5.0,357.6
Zm00001eb116580,3,0,0.4431342015410202,0.2295372951937786,5,1,1,3.3333333333333335,2950.6
Zm00001eb116590,2,0,0.3761839426499387,0.3761839426499387,8,1,1,2.5,423.0
Zm00001eb116610,1,0,0.2609579594639533,0.2609579594639533,1,1,1,0.0,3.1
Zm00001eb116770,1,0,1.3826967742894969,1.3826967742894969,2,2,1,3.0,161.3
Zm00001eb116800,3,0,1.235931639496784,0.7836282411174094,10,2,2,2.0,308.1
Zm00001eb116880,3,0,1.256188288372512,1.0767170919492026,3,4,2,1.0,92.5
Zm00001eb116910,1,0,0.0198316014750253,0.0198316014750253,3,2,2,4.0,250.7
Zm00001eb116920,1,0,0.7144531973312341,0.7144531973312341,4,3,1,4.0,432.6
Zm00001eb116930,2,0,1.4965333301219137,1.0110284587852987,4,1,1,2.0,2098.7
Zm00001eb116950,1,0,0.6331484709578834,0.6331484709578834,1,1,1,2.0,149.0
Zm00001eb117040,2,1,2.9824130437004133,2.4725200617157217,4,5,1,4.5,142.9
Zm00001eb117050,2,0,1.363529573498363,1.156995851225561,3,3,3,0.5,84.5
Zm00001eb117060,2,0,1.3349255908955278,1.0378285872328683,4,3,3,1.0,291.5
Zm00001eb117070,1,0,0.1667170849502526,0.1667170849502526,1,2,1,4.0,406.6
Zm00001eb117100,3,0,1.0539177883969115,0.7017780909854413,4,2,1,3.0,709.6
Zm00001eb117130,3,0,0.3607888626625796,0.20292091843986806,4,1,1,3.0,290.4
Zm00001eb117140,1,0,0.3805899143516788,0.3805899143516788,2,2,2,3.0,3468.5
Zm00001eb117190,1,0,0.5936837206783536,0.5936837206783536,1,2,1,4.0,74.7
Zm00001eb117210,1,0,0.6035184857988853,0.6035184857988853,1,3,1,2.0,263.0
Zm00001eb117230,1,0,0.34134679893873,0.34134679893873,1,2,1,8.0,338.1
Zm00001eb117240,3,1,1.7066622086476473,0.9608478054633555,5,2,2,1.6666666666666667,228.5
Zm00001eb117370,2,0,0.7686867757670776,0.619284277092081,3,1,1,3.0,2921.0
Zm00001eb117430,4,0,0.6424877964152689,0.33430227677151686,7,1,1,1.75,3636.4
Zm00001eb117460,1,1,3.3114651472125205,3.3114651472125205,2,3,1,2.0,212.9
Zm00001eb117470,1,0,0.8408124600141053,0.8408124600141053,1,1,1,7.0,40.0
Zm00001eb117510,4,0,0.7498994827324066,0.6329257502209361,6,2,1,2.25,123.7
Zm00001eb117520,1,0,0.1276198999128531,0.1276198999128531,2,3,1,0.0,2024.6
Zm00001eb117590,2,0,1.7515565027380593,0.9660403713361274,4,2,1,3.5,4124.1
Zm00001eb117610,3,0,0.5966426407846459,0.352918066396576,4,2,1,1.3333333333333333,4.5
Zm00001eb117640,1,0,1.0940409466086798,1.0940409466086798,2,3,1,2.0,3291.7
Zm00001eb117890,1,0,0.0883479267244169,0.0883479267244169,1,3,2,1.0,6.6
Zm00001eb117930,1,0,1.5138366933227967,1.5138366933227967,2,2,1,2.0,555.1
Zm00001eb118010,2,0,0.5036683860438319,0.2654452376370708,2,1,1,3.5,242.5
Zm00001eb118020,1,0,0.9729883919630296,0.9729883919630296,3,3,1,1.0,242.1
Zm00001eb118030,3,0,1.4802047845628172,0.7391486158371615,8,1,1,1.3333333333333333,953.9
Zm00001eb118100,5,0,0.9124743584446928,0.5735485370697293,7,1,1,2.6,483.3
Zm00001eb118200,2,0,0.4251517238468438,0.4251517238468438,3,3,1,2.5,116.7
Zm00001eb118210,1,0,0.5554917900254448,0.5554917900254448,2,2,1,2.0,52.9
Zm00001eb118340,1,0,0.9532812472471344,0.9532812472471344,2,2,2,4.0,204.0
Zm00001eb118820,3,2,3.7524127719408096,2.57120268255529,4,1,1,2.3333333333333335,916.6
Zm00001eb118830,1,0,0.6361290445304382,0.6361290445304382,1,1,1,3.0,272.7
Zm00001eb118860,1,0,0.2833600355774293,0.2833600355774293,1,1,1,1.0,77.7
Zm00001eb118880,2,0,0.621209204438008,0.4978145768854616,5,2,1,4.0,119.2
Zm00001eb118900,2,0,0.4559441337120443,0.4391185663766948,2,1,1,1.5,1092.9
Zm00001eb118910,1,0,1.1666708840605025,1.1666708840605025,1,2,1,1.0,27.7
Zm00001eb118920,1,0,0.858458480768088,0.858458480768088,1,2,1,4.0,444.5
Zm00001eb119130,1,0,0.6140515736884274,0.6140515736884274,3,2,1,1.0,6323.2
Zm00001eb119140,1,0,1.2038885000335524,1.2038885000335524,1,1,1,1.0,421.8
Zm00001eb119270,2,1,2.135287702759879,1.1996094608668466,2,3,2,2.0,440.7
Zm00001eb119280,1,0,0.2838673005427385,0.2838673005427385,2,3,2,0.0,144.9
Zm00001eb119290,1,0,1.5506249970695145,1.5506249970695145,2,1,1,2.0,4.7
Zm00001eb119310,1,0,0.0290497113364639,0.0290497113364639,2,2,1,7.0,11.4
Zm00001eb119390,1,0,0.3179034156887034,0.3179034156887034,2,2,2,4.0,44.9
Zm00001eb119400,3,0,0.971860659393008,0.5424076169542801,4,4,1,2.3333333333333335,307.7
Zm00001eb119410,1,0,0.1204615154381993,0.1204615154381993,3,3,2,1.0,1247.1
Zm00001eb119450,1,0,0.7762015784777598,0.7762015784777598,1,2,1,2.0,367.9
Zm00001eb119480,1,0,0.5508456361268896,0.5508456361268896,1,2,1,2.0,587.8
Zm00001eb119510,1,0,0.8746668898929638,0.8746668898929638,1,1,1,2.0,505.6
Zm00001eb119610,1,0,1.3144589864440048,1.3144589864440048,1,3,2,1.0,2155.8
Zm00001eb119650,3,2,3.059688839731905,2.2975051484574207,5,1,1,2.6666666666666665,54.2
Zm00001eb119660,1,0,0.462659697414909,0.462659697414909,1,1,1,2.0,1057.5
Zm00001eb119690,1,0,0.2799614884270237,0.2799614884270237,1,1,1,3.0,1987.5
Zm00001eb119770,5,0,1.981567958035089,0.8995830273846867,6,2,2,3.0,279.3
Zm00001eb119780,1,0,0.556629582568145,0.556629582568145,1,2,2,1.0,804.0
Zm00001eb119830,1,0,0.0284355623355862,0.0284355623355862,1,2,1,2.0,84.3
Zm00001eb119890,1,0,0.1092193409097904,0.1092193409097904,2,1,1,3.0,62.0
Zm00001eb119900,1,0,0.0974935083952314,0.0974935083952314,2,2,2,6.0,90.9
Zm00001eb119980,2,0,0.3336203431484659,0.3336203431484659,2,1,1,1.5,104.6
Zm00001eb120030,2,0,0.6810545197503981,0.4642138398326182,3,1,1,1.0,94.4
Zm00001eb120230,1,0,0.6986913129714784,0.6986913129714784,2,1,1,1.0,5.8
Zm00001eb120240,1,0,0.2990135752711395,0.2990135752711395,2,2,2,3.0,30.2
Zm00001eb120250,1,0,0.1732865105595441,0.1732865105595441,1,1,0,1.0,10.6
Zm00001eb120330,1,0,0.4796034930882448,0.4796034930882448,1,2,0,5.0,132.7
Zm00001eb120350,2,0,0.2158520674929389,0.2158520674929389,3,1,1,2.0,77.0
Zm00001eb120360,1,1,3.413018641119319,3.413018641119319,2,2,2,0.0,13.8
Zm00001eb120380,1,0,0.2284285339608925,0.2284285339608925,3,5,1,5.0,12.7
Zm00001eb120410,2,0,1.0914378763847647,0.966837946648561,2,2,2,3.5,747.8
Zm00001eb120430,2,0,0.5444824151029477,0.49024659510098945,5,1,1,3.5,52.5
Zm00001eb120460,2,0,1.1430562700012394,1.0938722548747204,5,2,2,3.5,449.1
Zm00001eb120630,4,0,0.9878017887036956,0.6329266149638507,4,3,3,2.0,54.3
Zm00001eb120740,2,0,0.6726159420639033,0.3694919191841794,2,2,1,1.0,574.3
Zm00001eb120750,2,0,0.8133620303272885,0.45175613966900036,3,3,2,3.0,216.4
Zm00001eb120810,1,0,0.4418317023121179,0.4418317023121179,3,2,1,2.0,274.7
Zm00001eb120820,3,0,1.0497667106569597,0.6856216273680733,3,2,1,3.3333333333333335,181.3
Zm00001eb120860,1,0,0.2192889671829535,0.2192889671829535,1,2,0,1.0,469.1
Zm00001eb120890,3,0,0.6012276499803074,0.4413166909602979,3,3,2,2.0,193.3
Zm00001eb120970,2,0,1.6088333196218538,1.2905544606185404,5,2,2,3.0,374.2
Zm00001eb120980,1,0,0.107357520360304,0.107357520360304,1,1,0,2.0,23.6
Zm00001eb121000,1,1,1.5710459829429757,1.5710459829429757,5,2,2,1.0,236.2
Zm00001eb121010,1,0,1.535128140112883,1.535128140112883,2,1,1,1.0,115.6
Zm00001eb121020,2,0,0.9067323768164836,0.6577980534701702,4,2,1,2.5,452.6
Zm00001eb121040,1,0,0.6467164700811951,0.6467164700811951,1,2,1,2.0,94.9
Zm00001eb121080,1,0,1.9857623623417997,1.9857623623417997,3,3,2,1.0,52.3
Zm00001eb121120,1,0,0.7248242462057389,0.7248242462057389,2,1,1,3.0,77.6
Zm00001eb121180,1,0,0.1795760646961005,0.1795760646961005,1,1,1,1.0,426.5
Zm00001eb121200,2,0,0.2361457534211021,0.13005767329029416,2,3,1,4.0,36.3
Zm00001eb121240,3,0,0.6693961016984011,0.4669744414733838,3,2,2,3.3333333333333335,5443.8
Zm00001eb121290,1,0,1.1808642129117353,1.1808642129117353,2,1,1,6.0,12.7
Zm00001eb121310,2,0,0.3158867653348997,0.30062223885032435,6,1,1,3.0,868.7
Zm00001eb121410,3,0,0.8317975974438672,0.31802885398477126,3,3,2,2.3333333333333335,124.6
Zm00001eb121420,1,0,0.8963814956319854,0.8963814956319854,3,1,1,2.0,1319.3
Zm00001eb121470,3,0,1.2996190044728366,0.521690785415423,4,2,1,2.3333333333333335,36911.9
Zm00001eb121480,1,0,0.5664488933753633,0.5664488933753633,1,2,1,2.0,1044.8
Zm00001eb121510,1,0,0.5434911353793722,0.5434911353793722,2,3,2,5.0,53.4
Zm00001eb121520,1,0,1.279728217167836,1.279728217167836,7,1,1,3.0,555.0
Zm00001eb121540,3,0,0.4095255678159912,0.37990505991612905,3,2,2,2.6666666666666665,252.4
Zm00001eb121570,1,0,0.918924338202178,0.918924338202178,5,3,1,4.0,170.9
Zm00001eb121580,1,0,0.1574674258100971,0.1574674258100971,2,2,1,4.0,460.1
Zm00001eb121590,1,1,1.744482690570362,1.744482690570362,2,1,1,2.0,581.0
Zm00001eb121600,1,0,0.3829970991739886,0.3829970991739886,2,4,0,4.0,62.2
Zm00001eb121610,2,0,0.6981553251694547,0.4564969285814373,2,3,1,2.5,13.6
Zm00001eb121770,4,0,0.5580379188109589,0.36412961681077194,7,2,1,2.75,30.5
Zm00001eb121810,2,0,0.1480706004591927,0.1480706004591927,4,2,2,3.0,752.8
Zm00001eb121900,1,0,0.2922388771932955,0.2922388771932955,5,1,1,1.0,382.3
Zm00001eb121920,2,0,0.5068503708015656,0.4164668635384523,3,2,2,2.5,165.8
Zm00001eb121990,1,0,1.4241340988786797,1.4241340988786797,4,3,2,2.0,3081.4
Zm00001eb122060,1,0,0.3391128844745928,0.3391128844745928,4,1,1,2.0,39.3
Zm00001eb122120,1,0,2.072520906039856,2.072520906039856,1,4,1,1.0,44.2
Zm00001eb122170,1,1,1.6246188408538758,1.6246188408538758,2,1,1,4.0,48.2
Zm00001eb122200,5,1,1.8618692704715207,1.228434526719354,5,2,1,1.8,349.4
Zm00001eb122230,4,0,0.2744071401138835,0.22081058790418584,9,2,1,2.25,6.1
Zm00001eb122270,1,0,0.8129218993715376,0.8129218993715376,4,2,1,0.0,228.9
Zm00001eb122320,1,0,1.4455676235836628,1.4455676235836628,2,2,2,2.0,148.8
Zm00001eb122350,1,1,4.835234718998294,4.835234718998294,1,2,1,1.0,162.1
Zm00001eb122410,2,0,1.2057388324356346,0.9882632994351002,6,2,2,2.0,3066.5
Zm00001eb122460,1,1,1.6020125619309538,1.6020125619309538,5,2,2,5.0,260.3
Zm00001eb122500,1,0,0.9073557281298976,0.9073557281298976,1,2,1,2.0,15.4
Zm00001eb122570,2,0,1.1873260620719563,1.1013823138292125,3,2,2,2.5,287.2
Zm00001eb122600,1,0,0.1597016701965617,0.1597016701965617,1,2,1,3.0,137.5
Zm00001eb122660,3,0,0.8849350095058225,0.3885270141623338,4,1,1,3.0,830.8
Zm00001eb122730,1,0,0.1001336805537057,0.1001336805537057,1,2,1,1.0,138.5
Zm00001eb122750,1,0,0.6575180121063596,0.6575180121063596,1,2,1,4.0,148.9
Zm00001eb122900,1,0,0.5414457529599868,0.5414457529599868,1,1,1,4.0,151.2
Zm00001eb122910,3,0,1.0881910587657293,0.6465714248559623,5,4,2,1.3333333333333333,1182.9
Zm00001eb122950,1,0,0.5907656478283353,0.5907656478283353,1,2,1,5.0,55.7
Zm00001eb122960,1,0,0.6738683652383796,0.6738683652383796,1,5,1,6.0,37.3
Zm00001eb122970,4,1,2.7552397663550363,1.0890727531979905,6,1,1,1.75,63.4
Zm00001eb122980,1,0,0.9928699546771352,0.9928699546771352,1,1,1,3.0,4304.3
Zm00001eb122990,3,0,1.6036047647386598,1.6036047647386598,5,3,3,4.0,218.6
Zm00001eb123160,1,0,0.322657252292715,0.322657252292715,1,4,1,2.0,565.9
Zm00001eb123190,2,0,0.3993501968363402,0.2894204790681464,5,2,2,3.0,165.5
Zm00001eb123240,1,0,1.2575125483073648,1.2575125483073648,1,2,1,5.0,3753.4
Zm00001eb123270,2,1,2.4202846910301914,2.2767197117074947,2,1,1,2.0,33.9
Zm00001eb123280,3,0,0.69672343796205,0.5697650997559079,11,3,3,2.6666666666666665,678.9
Zm00001eb123330,1,0,0.4779201439299666,0.4779201439299666,2,1,1,1.0,294.3
Zm00001eb123360,1,0,0.1702255528146867,0.1702255528146867,4,1,1,1.0,690.2
Zm00001eb123410,1,0,2.410810220629174,2.410810220629174,1,1,1,4.0,124.8
Zm00001eb123430,1,0,0.5393112892830674,0.5393112892830674,3,2,1,3.0,1273.8
Zm00001eb123460,2,0,0.7542076828006192,0.7542076828006192,4,1,1,1.5,334.3
Zm00001eb123540,1,0,0.4047959607327766,0.4047959607327766,2,1,1,2.0,267.0
Zm00001eb123630,2,0,0.924073671538713,0.5098416361469881,3,3,2,4.5,530.2
Zm00001eb123670,3,0,0.717790267924006,0.3408749804255331,3,1,1,2.0,13.5
Zm00001eb123830,1,0,1.5360680043010353,1.5360680043010353,2,1,1,2.0,9.9
Zm00001eb124060,3,2,4.014201010512514,3.238517494810866,7,2,2,3.6666666666666665,199.0
Zm00001eb124100,1,0,0.2068542029438391,0.2068542029438391,2,2,1,2.0,51.6
Zm00001eb124110,1,0,0.0940126410517058,0.0940126410517058,9,1,1,2.0,45.7
Zm00001eb124120,1,0,1.131975832385888,1.131975832385888,3,3,2,3.0,73.9
Zm00001eb124200,1,1,3.919858817262583,3.919858817262583,2,1,1,4.0,503.5
Zm00001eb124290,1,0,0.0738602064294477,0.0738602064294477,1,3,1,3.0,219.7
Zm00001eb124370,2,0,0.502323237257145,0.4786455943623926,8,1,1,2.0,328.1
Zm00001eb124410,1,0,0.2364120861781762,0.2364120861781762,2,1,1,2.0,1381.4
Zm00001eb124420,2,0,0.074972007856274,0.0697012295706872,6,3,1,3.5,202.0
Zm00001eb124450,1,0,0.0846890627666401,0.0846890627666401,2,4,1,2.0,344.6
Zm00001eb124480,1,0,2.0231087810345314,2.0231087810345314,1,2,1,7.0,249.8
Zm00001eb124630,1,0,0.2602708737505986,0.2602708737505986,1,4,1,2.0,220.8
Zm00001eb124730,1,0,1.0483629071638505,1.0483629071638505,1,3,1,6.0,756.7
Zm00001eb124740,2,0,0.9890652348015772,0.628060393222112,4,3,2,5.0,17.5
Zm00001eb124780,3,1,6.626307350143475,2.7509107630020857,5,1,1,3.3333333333333335,60.2
Zm00001eb124790,2,0,0.2077364686236172,0.18622264399455346,3,2,2,2.5,144.2
Zm00001eb124800,1,0,0.3158927360192346,0.3158927360192346,1,1,1,2.0,19635.4
Zm00001eb124810,1,0,0.5993977979757767,0.5993977979757767,1,1,1,2.0,822.9
Zm00001eb124820,1,0,0.3198112459873446,0.3198112459873446,1,1,1,2.0,109.3
Zm00001eb124830,1,0,0.3884729767237587,0.3884729767237587,2,2,1,3.0,125.7
Zm00001eb124940,1,0,0.7121665715259237,0.7121665715259237,1,1,1,1.0,129.7
Zm00001eb125050,1,0,0.6412419820611364,0.6412419820611364,2,2,1,6.0,510.1
Zm00001eb125140,2,0,0.9525144560952916,0.8109658813801726,3,1,1,0.5,235.5
Zm00001eb125210,2,0,0.4686569942637909,0.4561085585180789,2,3,2,2.5,913.9
Zm00001eb125240,1,0,0.1591289954910824,0.1591289954910824,2,2,1,5.0,2.0
Zm00001eb125340,5,0,1.2732744819371562,0.5028986130385036,8,1,1,1.8,4103.7
Zm00001eb125350,2,0,0.373941609847487,0.22792135330078114,3,2,2,3.5,125.9
Zm00001eb125410,1,0,0.0876485372295762,0.0876485372295762,1,2,2,5.0,22.0
Zm00001eb125470,2,1,5.205151411924489,3.886832053034226,3,3,2,4.0,144.8
Zm00001eb125540,1,0,0.1856467522294506,0.1856467522294506,1,4,1,2.0,39.0
Zm00001eb125630,1,0,0.8933971269674822,0.8933971269674822,2,1,1,1.0,1216.3
Zm00001eb125670,1,1,2.153081217691684,2.153081217691684,1,2,1,2.0,312.0
Zm00001eb125700,1,0,4.944473636590834,4.944473636590834,1,2,1,2.0,152.3
Zm00001eb125730,2,0,0.03359859380166,0.03359859380166,3,2,1,2.0,11.5
Zm00001eb125810,4,0,1.3246327331856371,0.7489794457479303,4,3,2,3.0,57.7
Zm00001eb125820,1,0,1.161176453263659,1.161176453263659,2,5,2,2.0,132.9
Zm00001eb125860,3,0,1.0877111600812568,0.9445301299703287,3,1,1,3.0,371.4
Zm00001eb126070,1,0,0.5865219543990435,0.5865219543990435,2,1,1,4.0,340.6
Zm00001eb126140,2,0,1.285787576531555,0.83170866620395,2,2,1,1.0,309.6
Zm00001eb126230,2,0,0.3010741002971074,0.1562562401817332,3,1,1,1.5,193.9
Zm00001eb126250,2,0,0.7857066585028357,0.4134290463934354,7,1,1,0.5,136.9
Zm00001eb126330,4,1,2.5423300346672986,1.5306256122040636,6,3,3,2.5,72.8
Zm00001eb126370,2,0,1.5854586330583822,1.2689558899244577,2,2,1,4.5,150.4
Zm00001eb126400,2,0,1.2295454827659271,1.12393216138571,2,4,1,5.5,8.7
Zm00001eb126640,2,1,2.924853757307978,2.283754631897001,3,2,1,3.5,324.4
Zm00001eb126670,1,0,0.227856179262973,0.227856179262973,1,2,1,2.0,54.3
Zm00001eb126690,1,0,0.6085766334779722,0.6085766334779722,1,2,1,5.0,973.1
Zm00001eb126780,3,0,0.7671363581787923,0.7262516734948571,5,2,1,2.3333333333333335,511.1
Zm00001eb126790,1,0,1.278067443465341,1.278067443465341,1,1,1,2.0,263.0
Zm00001eb126830,1,0,1.931844472763432,1.931844472763432,2,1,1,4.0,530.6
Zm00001eb126960,1,0,3.4876621882458427,3.4876621882458427,2,1,1,3.0,10.3
Zm00001eb126980,2,0,0.5864973189325453,0.5581985751674914,3,3,2,2.5,610.9
Zm00001eb127000,1,0,0.0696085492021638,0.0696085492021638,1,2,1,7.0,9595.3
Zm00001eb127030,1,0,1.073883443212348,1.073883443212348,1,2,1,2.0,69.7
Zm00001eb127110,1,0,0.52461045905371,0.52461045905371,1,1,1,5.0,1732.9
Zm00001eb127150,2,0,0.6282462227822104,0.5170531941084929,2,3,2,3.0,534.9
Zm00001eb127160,3,0,1.610456482173472,0.9585967069138736,4,1,1,1.6666666666666667,622.8
Zm00001eb127200,2,0,0.6027727219158341,0.38497707055268654,2,2,1,3.5,220.0
Zm00001eb127210,1,0,4.87015666729285,4.87015666729285,4,1,1,4.0,367.6
Zm00001eb127280,1,0,1.3632346136329956,1.3632346136329956,1,1,1,0.0,1098.5
Zm00001eb127300,2,0,2.2706059812198003,1.2630281336392468,5,1,1,3.0,42.3
Zm00001eb127550,1,0,1.0954863233056735,1.0954863233056735,2,2,1,2.0,140.6
Zm00001eb127580,2,0,0.377387163001144,0.3013815376332011,3,4,2,2.5,193.5
Zm00001eb127680,1,0,0.1593749328390687,0.1593749328390687,2,1,1,2.0,825.7
Zm00001eb127710,2,0,2.1932500271082556,2.087783304806245,2,2,1,2.0,24.4
Zm00001eb127750,4,0,1.5346990360935826,1.0233308465667426,4,3,1,2.0,364.6
Zm00001eb127770,8,0,0.5627147901333821,0.23327037081165075,12,1,1,1.875,970.4
Zm00001eb127790,1,0,0.4607330254139974,0.4607330254139974,1,3,1,0.0,241.7
Zm00001eb127810,1,0,1.0107169724323652,1.0107169724323652,3,1,1,1.0,1.1
Zm00001eb127860,6,1,1.6422511574694476,1.3700563649098922,8,3,3,4.0,667.7
Zm00001eb127870,1,0,0.6371175752441042,0.6371175752441042,2,1,1,3.0,69.2
Zm00001eb127900,2,0,0.5716438582277411,0.5716438582277411,5,1,1,4.5,193.5
Zm00001eb127970,1,0,1.6722577802517755,1.6722577802517755,2,2,2,3.0,599.0
Zm00001eb128010,1,0,1.243433815936689,1.243433815936689,3,1,1,5.0,53.0
Zm00001eb128040,1,0,2.2742911070518637,2.2742911070518637,1,3,1,2.0,893.0
Zm00001eb128220,1,0,0.0727815482954344,0.0727815482954344,1,1,1,2.0,289.3
Zm00001eb128310,2,0,0.5908442266041175,0.5332880156211555,3,2,1,3.5,76.4
Zm00001eb128490,1,0,0.5851862963716083,0.5851862963716083,1,1,1,1.0,420.4
Zm00001eb128590,4,2,2.601833966031295,2.4141221256243766,6,1,1,2.75,385.5
Zm00001eb128620,1,0,0.6858222369005265,0.6858222369005265,3,2,1,3.0,38.9
Zm00001eb128720,1,0,1.0222278921848234,1.0222278921848234,1,2,1,2.0,237.6
Zm00001eb128730,2,0,0.2240957213124965,0.17103072996027266,2,1,1,3.0,11253.9
Zm00001eb128780,1,0,0.416930286718723,0.416930286718723,5,3,3,1.0,218.6
Zm00001eb128880,1,0,0.1550008451542217,0.1550008451542217,2,1,1,0.0,402.0
Zm00001eb128960,1,0,0.8796896426232059,0.8796896426232059,1,3,1,5.0,290.3
Zm00001eb129050,1,0,0.6285621017411391,0.6285621017411391,4,1,1,3.0,52.7
Zm00001eb129360,1,0,0.3495764869015326,0.3495764869015326,1,3,1,2.0,478.8
Zm00001eb129370,1,1,1.9990235414204056,1.9990235414204056,1,1,1,2.0,46.3
Zm00001eb129420,4,0,0.5653145561703397,0.2941778871229964,4,2,2,2.75,477.5
Zm00001eb129480,1,0,1.1245588669648785,1.1245588669648785,1,3,2,0.0,192.4
Zm00001eb129510,1,0,0.3371832684624867,0.3371832684624867,1,2,1,1.0,101.2
Zm00001eb129520,3,0,0.5065599338045164,0.5015684764979119,3,2,1,3.6666666666666665,1325.8
Zm00001eb129570,5,0,1.2051380516582275,0.4495302386572787,5,1,1,2.8,65.4
Zm00001eb129690,1,0,0.5426932610703481,0.5426932610703481,1,2,1,3.0,170.1
Zm00001eb129790,1,0,0.2668023712839583,0.2668023712839583,1,3,2,4.0,92.4
Zm00001eb129820,1,0,0.3853318198114657,0.3853318198114657,1,1,1,3.0,17251.3
Zm00001eb130060,3,0,0.4522439847078178,0.45224398470781785,3,1,1,4.0,127.9
Zm00001eb130210,1,0,1.2501807476746942,1.2501807476746942,3,3,2,3.0,374.4
Zm00001eb130410,4,0,1.0382262332651797,0.8614541008713779,8,2,2,3.0,141.4
Zm00001eb130470,1,0,1.2549155209296976,1.2549155209296976,3,2,1,2.0,136.5
Zm00001eb130570,1,0,1.2656757298812582,1.2656757298812582,1,1,1,1.0,1660.3
Zm00001eb130610,1,0,0.1885131773278267,0.1885131773278267,1,3,1,0.0,5.6
Zm00001eb130620,1,0,2.129255568693309,2.129255568693309,2,1,0,0.0,814.6
Zm00001eb130820,1,0,0.3288606986559962,0.3288606986559962,2,1,1,3.0,185.1
Zm00001eb131060,1,0,0.7238291404986069,0.7238291404986069,1,4,1,1.0,322.6
Zm00001eb131090,1,0,2.600644417331529,2.600644417331529,1,2,1,2.0,239.8
Zm00001eb131130,4,0,0.847411174637511,0.5348677082159481,6,1,1,3.5,84.0
Zm00001eb131170,1,0,1.0478878745017275,1.0478878745017275,2,1,1,2.0,464.9
Zm00001eb131310,1,0,0.3773210969265763,0.3773210969265763,3,1,1,3.0,282.7
Zm00001eb131420,2,0,1.7203214660695914,1.7203214660695914,2,1,1,2.5,229.8
Zm00001eb131520,3,0,1.074257372154192,1.074257372154192,3,2,2,2.6666666666666665,435.1
Zm00001eb131600,1,0,1.3930428524576275,1.3930428524576275,1,3,1,4.0,1042.2
Zm00001eb131690,1,1,2.46461909420489,2.46461909420489,1,1,1,3.0,1783.2
Zm00001eb131710,1,0,0.0314620273808442,0.0314620273808442,2,1,1,3.0,408.0
Zm00001eb131750,1,0,2.2107046102179964,2.2107046102179964,6,2,1,2.0,3.4
Zm00001eb133420,1,0,1.1609987673142703,1.1609987673142703,1,1,1,4.0,851.8
Zm00001eb134110,2,0,0.2052826266338199,0.2052826266338199,3,3,2,2.5,226.4
Zm00001eb134120,1,0,0.7664909738296537,0.7664909738296537,1,3,1,2.0,2.9
Zm00001eb134130,2,0,0.87781709984139,0.6084391014306958,3,2,2,2.5,63.3
Zm00001eb134330,2,0,0.4418341596340347,0.4418341596340347,2,1,1,1.5,582.7
Zm00001eb134390,2,0,0.1036272842792068,0.1036272842792068,2,2,2,2.0,169.1
Zm00001eb134520,2,0,1.313382687159641,1.313382687159641,2,1,1,3.0,68.0
Zm00001eb134710,1,0,0.234764828406509,0.234764828406509,2,3,2,5.0,3.7
Zm00001eb135190,1,0,0.1676250700932267,0.1676250700932267,3,2,2,1.0,2103.0
Zm00001eb135200,1,0,0.2717986413499728,0.2717986413499728,1,1,1,1.0,6.2
Zm00001eb135250,2,0,0.4308653934652459,0.2855372431436973,9,1,1,1.5,217.9
Zm00001eb135290,1,0,0.7153694664812926,0.7153694664812926,2,2,1,2.0,76.5
Zm00001eb135520,1,0,0.5772567536034557,0.5772567536034557,1,2,0,7.0,411.6
Zm00001eb135540,1,0,0.265752697816995,0.265752697816995,1,1,1,2.0,122.4
Zm00001eb135590,2,0,0.7497651842794083,0.4564908843780433,2,3,1,0.5,152.8
Zm00001eb135720,2,0,0.2204183816139162,0.1460985781620398,2,5,1,4.5,67.9
Zm00001eb135810,2,0,4.622064633306546,3.32449082176898,3,3,1,4.0,56.4
Zm00001eb135860,1,0,0.4135679693948731,0.4135679693948731,5,2,1,5.0,15.8
Zm00001eb135900,1,0,1.4809013758110523,1.4809013758110523,1,2,1,0.0,43.8
Zm00001eb135910,2,0,2.0758655954857628,1.2709601132068795,2,1,1,3.5,288.1
Zm00001eb135960,2,0,0.852238699961271,0.8106266454255118,2,1,1,1.0,194.5
Zm00001eb136010,3,0,6.052599090452969,3.340028274603032,3,1,1,2.3333333333333335,521.2
Zm00001eb136200,1,0,0.5516088149248908,0.5516088149248908,2,1,1,3.0,59.5
Zm00001eb136250,1,0,0.4975578375868741,0.4975578375868741,2,1,1,4.0,83.4
Zm00001eb136280,4,0,0.9115481059216918,0.6840058903155675,5,2,2,2.25,116.7
Zm00001eb136300,1,0,0.3680739539707776,0.3680739539707776,4,2,1,1.0,180.7
Zm00001eb136350,1,1,2.18591599474495,2.18591599474495,4,1,1,3.0,149.2
Zm00001eb136390,1,0,1.0508902225070489,1.0508902225070489,7,3,2,2.0,7.3
Zm00001eb136450,1,0,1.8720921702370457,1.8720921702370457,1,2,1,2.0,917.8
Zm00001eb136490,1,0,0.2403604054730032,0.2403604054730032,3,3,2,0.0,4179.5
Zm00001eb136500,2,0,0.2087378260156771,0.2087378260156771,3,3,1,2.5,30.3
Zm00001eb136620,1,0,1.632215147797032,1.632215147797032,3,2,2,1.0,1597.3
Zm00001eb136630,1,0,1.4568556322090622,1.4568556322090622,3,3,1,0.0,662.9
Zm00001eb136860,2,0,0.8865947418433384,0.7234474566303524,3,1,1,2.5,983.5
Zm00001eb136920,3,0,0.93155455562963,0.41191898050921566,8,2,2,2.0,176.4
Zm00001eb136940,5,0,0.7811995162009104,0.3696494784640046,8,2,2,3.0,384.9
Zm00001eb136960,1,0,0.6629434614785424,0.6629434614785424,2,1,1,1.0,200.2
Zm00001eb136980,1,0,0.2934685305491767,0.2934685305491767,1,1,1,6.0,109.4
Zm00001eb137010,1,0,0.4854016273569496,0.4854016273569496,1,1,1,3.0,353.7
Zm00001eb137170,1,0,0.3962660887051932,0.3962660887051932,2,2,1,1.0,192.4
Zm00001eb137180,2,0,1.7101533209071542,1.7101533209071542,2,1,1,2.5,193.4
Zm00001eb137200,3,0,2.152005764185053,1.7129548593608936,5,1,1,3.3333333333333335,1089.8
Zm00001eb137500,1,0,1.4631539975357872,1.4631539975357872,2,2,1,2.0,28.7
Zm00001eb137530,5,4,3.124556403366055,2.9797435963856858,5,1,1,0.8,397.1
Zm00001eb137580,1,0,1.0177244333208453,1.0177244333208453,1,3,1,2.0,173.6
Zm00001eb137590,1,0,0.2488702108949101,0.2488702108949101,2,1,1,3.0,66.4
Zm00001eb137610,2,0,1.5130105308481827,0.8218773397741544,3,3,1,4.0,95.3
Zm00001eb137710,2,0,7.85652583088944,5.456783540274423,3,5,2,2.5,224.6
Zm00001eb137720,1,0,0.9579122995175636,0.9579122995175636,2,3,1,2.0,184.9
Zm00001eb137760,1,0,1.0605338922195784,1.0605338922195784,4,4,2,4.0,291.8
Zm00001eb137820,1,0,2.074155943263723,2.074155943263723,1,2,1,1.0,558.5
Zm00001eb137840,1,0,0.1553760389829255,0.1553760389829255,1,1,1,2.0,908.4
Zm00001eb137900,1,0,0.1582975121496797,0.1582975121496797,1,1,1,3.0,165.6
Zm00001eb137920,1,0,2.0056522414759064,2.0056522414759064,3,4,1,2.0,38.7
Zm00001eb138100,2,0,0.9663752114839204,0.7847541674943158,4,2,2,3.5,796.1
Zm00001eb138110,1,1,1.263909830112649,1.263909830112649,1,4,1,3.0,1084.7
Zm00001eb138120,1,0,1.6145023062153714,1.6145023062153714,1,4,1,5.0,187.0
Zm00001eb138200,1,0,0.273802185851411,0.273802185851411,1,2,1,1.0,142.1
Zm00001eb138270,1,0,0.0011758385912728,0.0011758385912728,1,1,1,2.0,166.0
Zm00001eb138290,1,0,1.1936603203068603,1.1936603203068603,1,1,1,3.0,173.2
Zm00001eb138300,1,1,2.1895306784654274,2.1895306784654274,4,1,1,0.0,8.0
Zm00001eb138330,3,2,2.705980158110815,2.182347073622913,5,3,2,1.3333333333333333,95.0
Zm00001eb138370,2,0,0.3540588325227575,0.2776957260933625,2,1,1,1.0,131.8
Zm00001eb138410,1,0,0.9678152336749374,0.9678152336749374,1,3,1,5.0,606.3
Zm00001eb138420,1,0,0.0705605395744555,0.0705605395744555,1,3,1,4.0,5.4
Zm00001eb138450,1,0,1.3021639430385534,1.3021639430385534,1,2,1,1.0,280.9
Zm00001eb138480,3,0,0.716200186864326,0.3527804667751459,5,2,1,1.3333333333333333,191.6
Zm00001eb138500,1,0,0.4824325802258093,0.4824325802258093,1,4,1,3.0,212.3
Zm00001eb138510,1,0,0.932917930910447,0.932917930910447,2,3,1,4.0,2065.3
Zm00001eb138550,1,0,1.1423349025907987,1.1423349025907987,1,1,1,2.0,3.5
Zm00001eb138630,1,0,1.2700038234516224,1.2700038234516224,3,1,1,5.0,270.4
Zm00001eb138650,1,0,0.061563998076248,0.061563998076248,3,1,1,0.0,29786.7
Zm00001eb138670,1,0,0.8475084429048844,0.8475084429048844,2,1,1,5.0,41.0
Zm00001eb138680,2,0,1.6882288672044112,1.2922661474484076,2,2,2,2.5,2196.9
Zm00001eb138690,2,0,0.1870607028853274,0.1870607028853274,7,2,2,3.5,34.8
Zm00001eb138700,4,0,4.318706822594367,4.318706822594367,5,2,2,3.25,1.2
Zm00001eb138730,1,0,0.5412193354540246,0.5412193354540246,6,2,2,3.0,270.6
Zm00001eb138890,1,0,1.9880564197732424,1.9880564197732424,1,2,1,2.0,4.8
Zm00001eb138900,1,0,0.4240907456633373,0.4240907456633373,1,1,1,4.0,127.3
Zm00001eb138940,1,0,1.3748372639026496,1.3748372639026496,3,2,1,1.0,49.0
Zm00001eb139060,1,0,0.8490583024234978,0.8490583024234978,1,1,1,4.0,392.3
Zm00001eb139070,1,0,1.0061395664426076,1.0061395664426076,1,1,1,2.0,22.2
Zm00001eb139090,1,0,2.427768044674744,2.427768044674744,3,2,1,2.0,15.9
Zm00001eb139110,1,0,0.3407045878036084,0.3407045878036084,5,3,2,5.0,96.1
Zm00001eb139130,1,0,0.5523650612645543,0.5523650612645543,2,2,1,5.0,227.6
Zm00001eb139140,3,0,0.6427922976929823,0.503912748108276,4,3,2,2.3333333333333335,1250.0
Zm00001eb139410,1,1,2.698116925762295,2.698116925762295,1,2,1,3.0,82.0
Zm00001eb139480,1,0,1.0827990067788809,1.0827990067788809,1,3,1,4.0,269.5
Zm00001eb139520,3,1,2.142356257271965,1.4357806142102316,3,3,3,4.0,144.8
Zm00001eb139650,1,0,0.071473844137927,0.071473844137927,4,3,2,5.0,86.5
Zm00001eb139660,1,1,3.9622906001192386,3.9622906001192386,1,2,1,3.0,77.8
Zm00001eb139700,1,0,0.3703579865149023,0.3703579865149023,1,4,1,2.0,60.2
Zm00001eb139780,1,0,1.3520288953189947,1.3520288953189947,1,1,1,3.0,9.8
Zm00001eb139840,2,0,0.4030269681906219,0.2400413786887306,2,2,1,2.0,353.7
Zm00001eb139850,1,0,1.1615255309988124,1.1615255309988124,1,3,0,1.0,47.2
Zm00001eb139860,1,0,0.6754384443827,0.6754384443827,1,2,2,2.0,688.3
Zm00001eb139890,1,0,1.2678475299428922,1.2678475299428922,2,2,1,2.0,71.1
Zm00001eb139900,3,0,1.9276681076512965,1.4584390452902778,5,2,2,2.6666666666666665,231.3
Zm00001eb140330,1,0,1.91153607712276,1.91153607712276,8,3,3,0.0,74.6
Zm00001eb140360,2,0,0.7462046533570413,0.43378330660900755,3,2,1,2.5,847.1
Zm00001eb140370,1,0,1.5725613158153282,1.5725613158153282,2,2,1,6.0,2140.6
Zm00001eb140390,1,0,0.6987679784000786,0.6987679784000786,1,1,1,6.0,662.8
Zm00001eb140400,2,2,2.898878236713742,2.898878236713742,4,1,1,2.0,493.9
Zm00001eb140430,2,0,0.4022118338637018,0.3827611471589235,3,1,1,2.5,583.5
Zm00001eb140440,2,0,2.450949096861718,1.638331071207986,3,4,2,3.5,32.3
Zm00001eb140450,1,0,3.71549185815663,3.71549185815663,3,2,1,2.0,534.9
Zm00001eb140470,1,0,0.7606993001455089,0.7606993001455089,1,3,1,2.0,137.5
Zm00001eb140480,3,0,1.12274022542746,0.9391952379153649,3,2,2,4.0,235.4
Zm00001eb140530,1,0,0.3549177520958418,0.3549177520958418,3,2,2,2.0,4410.1
Zm00001eb140580,1,0,0.2714857026030776,0.2714857026030776,1,2,2,6.0,75.5
Zm00001eb140590,3,0,0.3687763861539601,0.2650782487300584,3,1,1,3.3333333333333335,51.9
Zm00001eb140600,1,0,0.1869683544471978,0.1869683544471978,6,3,3,6.0,53.7
Zm00001eb140620,1,0,0.6036039697913925,0.6036039697913925,1,2,1,2.0,124.9
Zm00001eb140640,1,0,0.7439040646116375,0.7439040646116375,4,1,1,4.0,1313.8
Zm00001eb140660,1,0,1.122971956174546,1.122971956174546,1,2,1,0.0,408.6
Zm00001eb140680,1,0,0.5530647251457259,0.5530647251457259,2,1,1,1.0,17.6
Zm00001eb140730,1,0,0.092524819693504,0.092524819693504,1,2,1,4.0,459.9
Zm00001eb140910,2,0,0.2787775654331351,0.18857325441758116,2,1,1,3.0,57.0
Zm00001eb140980,2,2,2.3029868049334214,2.3029868049334214,3,4,1,2.0,126.7
Zm00001eb141010,1,0,0.9015082029322428,0.9015082029322428,2,1,1,3.0,116.4
Zm00001eb141120,1,0,0.1007892651872127,0.1007892651872127,1,1,1,1.0,334.9
Zm00001eb141160,1,0,0.6868164522811717,0.6868164522811717,1,3,1,2.0,19.5
Zm00001eb141430,1,0,0.3455410049099987,0.3455410049099987,3,1,1,4.0,4.9
Zm00001eb141480,2,0,0.7656682905050107,0.7454981500578355,3,4,1,2.0,63.4
Zm00001eb141560,2,0,0.2747636876560336,0.1656067756638708,2,4,2,0.5,29.3
Zm00001eb141920,1,0,1.3743132694037752,1.3743132694037752,5,2,1,4.0,421.8
Zm00001eb141990,1,0,1.021935188543992,1.021935188543992,2,1,1,2.0,602.2
Zm00001eb142030,2,0,1.507354704882452,1.0417526332630036,4,4,2,4.5,1.7
Zm00001eb142170,2,0,0.8867800773249108,0.7725743960733752,4,1,1,2.5,897.7
Zm00001eb142180,1,0,2.3818030192058446,2.3818030192058446,1,2,1,3.0,480.0
Zm00001eb142200,2,0,0.827101295071896,0.5796907894056396,4,2,1,4.0,708.1
Zm00001eb142220,5,0,1.4273415679449273,0.8381358371788565,6,2,1,3.0,4495.8
Zm00001eb142250,2,0,2.460419664652997,1.3704086618633702,2,3,1,4.0,903.1
Zm00001eb142460,1,0,1.0490188553288655,1.0490188553288655,4,3,1,5.0,156.0
Zm00001eb142540,4,0,0.4147048725677618,0.3858246094066727,4,1,1,3.75,2048.6
Zm00001eb142620,1,0,1.0034611681498606,1.0034611681498606,2,1,1,3.0,644.3
Zm00001eb142640,1,0,1.5300261528715493,1.5300261528715493,2,1,1,1.0,329.5
Zm00001eb142730,2,0,1.3560632543055549,1.0364496433097221,3,2,2,2.5,1377.6
Zm00001eb142750,1,0,0.0095808707870726,0.0095808707870726,1,3,1,2.0,286.4
Zm00001eb142790,1,0,0.4211922204252827,0.4211922204252827,1,3,1,3.0,298.3
Zm00001eb142810,1,0,0.0325135629368362,0.0325135629368362,4,3,1,1.0,2694.1
Zm00001eb142830,1,0,1.0990019365871018,1.0990019365871018,1,1,1,3.0,213.0
Zm00001eb142850,1,0,0.1511268264958395,0.1511268264958395,1,1,1,2.0,143.9
Zm00001eb142940,3,0,1.178559317540784,0.4218203873252435,4,1,1,3.0,169.0
Zm00001eb142950,1,0,1.914985034957802,1.914985034957802,3,1,1,3.0,383.5
Zm00001eb142980,1,0,1.2626841819392003,1.2626841819392003,1,1,1,5.0,402.3
Zm00001eb143060,3,0,0.3330359674521532,0.2402506778947228,3,1,1,2.6666666666666665,413.6
Zm00001eb143110,1,0,0.4292258220068335,0.4292258220068335,2,1,0,0.0,96.0
Zm00001eb143140,1,0,1.1848432086835885,1.1848432086835885,1,4,2,2.0,212.4
Zm00001eb143150,1,0,1.7189487699841988,1.7189487699841988,1,1,0,4.0,1537.0
Zm00001eb143240,1,0,1.1313529911497109,1.1313529911497109,3,1,1,3.0,208.0
Zm00001eb143260,1,0,0.6806326424024043,0.6806326424024043,1,3,1,1.0,387.5
Zm00001eb143300,5,0,1.1586736391342556,0.3686028894745407,7,1,1,3.8,4016.5
Zm00001eb143310,1,0,0.596378517741831,0.596378517741831,2,1,1,2.0,530.7
Zm00001eb143320,1,0,0.1497498010660786,0.1497498010660786,1,1,0,4.0,349.6
Zm00001eb143340,1,0,0.5086509162600266,0.5086509162600266,7,2,2,2.0,1395.4
Zm00001eb143350,2,0,1.6611817861365157,1.6611817861365157,3,1,1,2.5,328.4
Zm00001eb143360,5,0,0.917477530019946,0.5949477032781629,7,5,4,2.2,16.0
Zm00001eb143370,1,0,1.4818992141705143,1.4818992141705143,1,2,2,2.0,328.9
Zm00001eb143390,3,0,1.1204945157921984,0.7397498599641373,3,3,2,2.0,28.8
Zm00001eb143410,1,0,1.113963244123112,1.113963244123112,1,2,1,2.0,16.3
Zm00001eb143440,1,0,1.0646579465581627,1.0646579465581627,5,1,1,0.0,23.7
Zm00001eb143460,2,1,2.8587039833583954,2.234529613555362,2,2,1,3.5,2660.2
Zm00001eb143500,3,0,0.3944683596234855,0.21604709284677936,5,3,3,2.0,1417.1
Zm00001eb143510,1,0,0.4841668419561566,0.4841668419561566,3,1,1,3.0,810.6
Zm00001eb143540,2,0,1.6265720956025924,1.590537950095604,6,1,1,2.0,218.6
Zm00001eb143560,1,0,0.7598652068374356,0.7598652068374356,2,2,1,4.0,19.8
Zm00001eb143880,1,0,0.5042239399760584,0.5042239399760584,1,2,1,2.0,6791.1
Zm00001eb144000,2,0,1.4237830557338824,0.883939370147363,2,1,1,2.0,491.5
Zm00001eb144010,1,0,0.1636023359259588,0.1636023359259588,2,2,1,4.0,254.1
Zm00001eb144120,1,0,0.4598953124353218,0.4598953124353218,3,2,1,2.0,400.1
Zm00001eb144210,1,0,0.2052912770853542,0.2052912770853542,1,3,1,2.0,233.9
Zm00001eb144220,4,0,2.2694170481160443,1.281146372127311,4,1,0,2.25,229.1
Zm00001eb144250,1,0,0.6878153212956382,0.6878153212956382,3,1,1,1.0,2224.6
Zm00001eb144260,7,0,1.218485296350439,0.677521508141309,9,3,3,2.0,829.6
Zm00001eb144320,1,0,0.6990742903291891,0.6990742903291891,2,3,2,2.0,23.5
Zm00001eb144350,1,0,0.887163847455157,0.887163847455157,7,3,3,3.0,2070.1
Zm00001eb144360,1,1,3.0999196988574975,3.0999196988574975,1,2,1,1.0,87.7
Zm00001eb144430,2,0,1.7361956420850682,1.2361557961639642,2,5,2,2.0,458.9
Zm00001eb144440,1,0,0.9489676646717972,0.9489676646717972,1,1,1,0.0,682.2
Zm00001eb144530,2,0,1.1459978906682058,0.6201279297829593,4,2,2,1.5,467.1
Zm00001eb144560,4,0,0.6388157875915444,0.4091363454368977,7,2,2,3.0,54.6
Zm00001eb144570,2,0,1.681308775682585,1.0979208011283772,4,2,1,2.0,46.7
Zm00001eb144600,1,0,1.1751339456511207,1.1751339456511207,3,2,1,1.0,1123.3
Zm00001eb144630,2,0,1.769756015071413,1.7578886259356037,2,2,1,1.0,185.3
Zm00001eb144650,1,1,2.719783098047161,2.719783098047161,1,1,1,4.0,205.5
Zm00001eb144760,1,0,0.8668856669829352,0.8668856669829352,1,1,1,4.0,2474.3
Zm00001eb144840,1,1,1.6177074130778542,1.6177074130778542,2,3,1,4.0,1560.6
Zm00001eb144890,2,0,0.6869269746523471,0.6501024962008599,2,3,1,2.0,80.2
Zm00001eb144900,3,0,0.8309777491546919,0.31666343623740995,6,3,2,4.0,729.1
Zm00001eb145210,6,0,2.1500957276837775,1.2712356630342783,7,2,2,3.0,400.3
Zm00001eb145270,2,0,0.0875909966583399,0.0875909966583399,2,2,1,2.0,77.4
Zm00001eb145340,2,0,0.4175560537887052,0.3688225513422055,4,3,2,2.5,78.3
Zm00001eb145400,1,0,0.9026097611672826,0.9026097611672826,1,3,1,3.0,2381.4
Zm00001eb145430,1,0,0.1808987064217446,0.1808987064217446,5,2,1,2.0,639.2
Zm00001eb145440,1,0,2.6950193014835895,2.6950193014835895,1,2,1,4.0,550.6
Zm00001eb145490,2,0,0.8479889896834314,0.8479889896834314,3,3,1,1.5,616.8
Zm00001eb145500,2,0,0.8708513316984746,0.5927633864390223,3,3,2,4.0,1049.4
Zm00001eb145520,1,0,0.5532560239515563,0.5532560239515563,4,3,1,3.0,286.8
Zm00001eb145570,2,0,1.3470222631970772,0.7579297546151278,2,1,1,3.0,41.3
Zm00001eb145580,2,0,0.9808334631368752,0.6279015289437888,3,1,1,5.5,2194.8
Zm00001eb145660,1,0,0.834770441276036,0.834770441276036,1,2,1,4.0,12.7
Zm00001eb145750,2,0,0.4788209671730782,0.28141376233202436,3,2,2,1.0,230.7
Zm00001eb145810,1,0,0.2178777577059591,0.2178777577059591,2,2,1,4.0,989.6
Zm00001eb145860,1,0,0.9364066446013736,0.9364066446013736,5,2,2,7.0,10.2
Zm00001eb145870,4,0,0.995695708826635,0.813899862655128,6,3,2,3.0,1247.1
Zm00001eb145890,4,0,0.6217837432061422,0.4582786743451362,8,2,1,2.0,451.5
Zm00001eb145960,1,0,0.6105680716797494,0.6105680716797494,4,2,2,1.0,6.5
Zm00001eb146280,1,0,1.9012851238573911,1.9012851238573911,1,3,2,2.0,440.0
Zm00001eb146310,4,0,1.038534592833315,0.6960428271005931,8,2,1,1.75,331.8
Zm00001eb146420,1,0,0.8056877180124462,0.8056877180124462,3,3,1,2.0,450.0
Zm00001eb146430,1,0,1.171725835348997,1.171725835348997,1,2,1,4.0,453.9
Zm00001eb146490,1,0,2.224053628841451,2.224053628841451,1,1,1,3.0,80.8
Zm00001eb146500,1,0,0.4871842575479837,0.4871842575479837,1,3,1,0.0,505.2
Zm00001eb146520,1,0,1.190488067605909,1.190488067605909,1,2,1,5.0,52.2
Zm00001eb146560,1,0,0.5999274031275939,0.5999274031275939,1,1,1,2.0,181.6
Zm00001eb146600,1,0,0.7903686687139823,0.7903686687139823,1,1,1,3.0,54.7
Zm00001eb146650,2,0,0.4448805526072277,0.4335273081744536,2,2,2,2.0,71.5
Zm00001eb146690,2,0,2.7281742225110968,1.8317942124012534,3,2,2,0.5,584.7
Zm00001eb146700,1,0,1.676904390208988,1.676904390208988,1,0,0,0.0,95.2
Zm00001eb146730,3,0,1.451151589514927,1.010753639505537,4,3,2,3.3333333333333335,420.9
Zm00001eb146770,1,0,1.568556583798045,1.568556583798045,1,3,1,1.0,94.6
Zm00001eb146780,1,0,0.0124686159606677,0.0124686159606677,3,3,2,6.0,68.7
Zm00001eb146830,2,0,0.989969642151722,0.7785043050757421,2,2,2,2.0,5.9
Zm00001eb146840,3,0,2.276914621774442,2.2297949101588084,3,1,1,0.6666666666666666,196.2
Zm00001eb146890,1,0,0.4179308202085948,0.4179308202085948,2,1,1,4.0,176.5
Zm00001eb146930,3,0,0.2546672313958398,0.09346734791258854,8,4,3,1.6666666666666667,51.7
Zm00001eb147110,3,0,0.7906710850432862,0.47646503579781263,4,1,1,3.0,252.6
Zm00001eb147220,1,0,0.8526295464540787,0.8526295464540787,1,3,0,3.0,67.2
Zm00001eb147290,3,0,1.3197308991467005,1.2965161450411002,5,3,2,4.333333333333333,592.4
Zm00001eb147390,1,0,0.0419589846604116,0.0419589846604116,1,2,1,4.0,38.2
Zm00001eb147490,3,0,0.1170577706236498,0.0873939711664195,7,3,3,2.0,19.5
Zm00001eb147530,2,0,2.0056327347360914,1.3716779141804472,4,3,2,1.0,1728.9
Zm00001eb147610,1,0,1.7727091582825856,1.7727091582825856,1,1,1,2.0,58.1
Zm00001eb147650,1,0,0.145108122700651,0.145108122700651,1,2,1,3.0,676.1
Zm00001eb147720,1,0,0.7717937088293986,0.7717937088293986,1,3,1,3.0,610.7
Zm00001eb147750,2,1,2.2644847353388524,1.7863384218147305,2,3,1,1.5,8476.4
Zm00001eb147780,1,0,2.127614445098449,2.127614445098449,1,2,1,4.0,1203.9
Zm00001eb147810,1,0,1.2823046646496383,1.2823046646496383,1,1,1,1.0,111.3
Zm00001eb147890,2,0,1.179073109573334,0.9663595238562714,2,3,2,1.5,111.2
Zm00001eb147900,1,0,0.4195733831639419,0.4195733831639419,3,1,1,3.0,79.5
Zm00001eb147910,1,0,0.8705319976038095,0.8705319976038095,1,1,1,1.0,967.0
Zm00001eb147970,1,0,1.0041214823531872,1.0041214823531872,1,3,1,4.0,240.0
Zm00001eb147980,3,0,1.8582544673989216,1.5642337598801532,4,3,3,4.0,2839.7
Zm00001eb148070,6,0,1.31851992633384,0.7890520499209316,7,3,2,2.8333333333333335,314.1
Zm00001eb148110,1,0,2.9120286521688725,2.9120286521688725,1,2,1,3.0,1031.1
Zm00001eb148120,1,0,0.5303894387475081,0.5303894387475081,1,2,1,5.0,454.4
Zm00001eb148210,2,0,0.8920050893490776,0.8920050893490776,3,1,1,5.5,24.3
Zm00001eb148220,1,0,0.0033157404940364,0.0033157404940364,1,1,1,2.0,131.5
Zm00001eb148290,3,0,0.1194827611931432,0.1194827611931432,4,2,2,2.0,1167.9
Zm00001eb148380,2,0,0.6532537073171433,0.6532537073171433,2,1,1,2.0,12.1
Zm00001eb148400,2,0,1.5047062705340728,1.5047062705340728,3,1,1,3.5,444.4
Zm00001eb148610,4,0,1.5110121507767615,0.9737991835312748,6,1,1,2.25,395.9
Zm00001eb148630,5,0,1.058785965400917,0.7813246040838228,5,2,1,3.2,392.3
Zm00001eb148640,1,1,2.2057095350318794,2.2057095350318794,1,1,1,0.0,328.5
Zm00001eb148690,1,0,1.084199272564026,1.084199272564026,1,3,1,1.0,372.5
Zm00001eb148750,1,0,0.3074940841004283,0.3074940841004283,1,1,1,4.0,27.0
Zm00001eb148780,3,1,1.530576759378904,0.7929697096719742,3,3,2,2.0,37.2
Zm00001eb148880,1,0,0.038033588132853,0.038033588132853,1,0,0,4.0,21.6
Zm00001eb149000,3,0,1.2837813992648848,0.9787745682954264,3,2,1,0.6666666666666666,66.3
Zm00001eb149010,1,0,0.9696696541457168,0.9696696541457168,2,3,1,1.0,98.0
Zm00001eb149030,1,0,1.1294210636928124,1.1294210636928124,5,3,2,2.0,147.6
Zm00001eb149170,1,0,1.0542334806353324,1.0542334806353324,2,3,1,3.0,47.4
Zm00001eb149420,3,0,0.4301374245334974,0.31160526883975675,3,4,3,2.3333333333333335,125.6
Zm00001eb149430,1,0,1.4533479025028722,1.4533479025028722,2,2,1,3.0,6170.6
Zm00001eb149500,1,0,0.4582384665694139,0.4582384665694139,1,1,0,5.0,178.1
Zm00001eb149520,2,0,0.1814511135828476,0.1814511135828476,4,4,2,2.5,218.0
Zm00001eb149540,1,0,0.7003810989956054,0.7003810989956054,1,2,1,0.0,563.3
Zm00001eb149550,1,0,1.5241427880818548,1.5241427880818548,1,1,1,4.0,9.2
Zm00001eb149570,1,0,0.4417656232344441,0.4417656232344441,1,1,1,4.0,146.0
Zm00001eb149640,1,1,2.749688105076384,2.749688105076384,3,3,2,2.0,1072.6
Zm00001eb149670,1,0,2.5563998624501276,2.5563998624501276,2,3,1,2.0,965.9
Zm00001eb149720,4,0,0.801438024058613,0.3085507009874324,5,2,2,2.75,341.4
Zm00001eb149740,2,0,0.3518181587052619,0.23285660391475116,5,3,3,2.5,586.1
Zm00001eb149750,2,0,1.009590452747141,0.9642958879835868,3,2,2,2.5,495.8
Zm00001eb149760,1,0,0.3866427694529987,0.3866427694529987,2,3,1,0.0,30.7
Zm00001eb149830,2,0,0.7151239035651162,0.6159325567687913,7,2,2,3.0,212.7
Zm00001eb149840,1,0,0.564136454019769,0.564136454019769,5,2,2,1.0,243.2
Zm00001eb149900,1,1,1.7551391449030909,1.7551391449030909,2,2,1,4.0,749.1
Zm00001eb149940,1,0,0.1916136617676314,0.1916136617676314,1,2,2,4.0,146.8
Zm00001eb150090,2,0,2.073849101157766,1.0830761301395837,3,1,1,2.0,701.3
Zm00001eb150100,1,1,3.834191067598707,3.834191067598707,3,1,0,4.0,50.6
Zm00001eb150140,3,0,1.2655270993768324,0.8693055212917192,4,3,1,2.6666666666666665,26.1
Zm00001eb150150,3,0,0.9329915140030124,0.6301692590213648,3,1,1,1.0,82.7
Zm00001eb150170,1,0,1.4895856572536146,1.4895856572536146,1,3,0,5.0,16.5
Zm00001eb150320,1,0,0.3967050311939271,0.3967050311939271,5,1,1,3.0,399.6
Zm00001eb150400,1,0,0.4543535525314618,0.4543535525314618,1,3,1,3.0,129.7
Zm00001eb150440,3,0,3.4587163693962597,1.8799149690867203,4,2,2,3.6666666666666665,92.4
Zm00001eb150460,1,0,1.6494889161484605,1.6494889161484605,2,2,1,4.0,118.3
Zm00001eb150500,2,0,0.2541769328271288,0.1319808594086808,5,3,1,0.5,518.8
Zm00001eb150530,1,0,0.0789631763112113,0.0789631763112113,1,1,1,3.0,1732.9
Zm00001eb150540,4,0,0.9560336177802096,0.3345017984051444,8,2,2,2.5,9.6
Zm00001eb150550,1,0,0.8047741339908144,0.8047741339908144,1,1,1,1.0,2306.2
Zm00001eb150560,2,0,1.4199765264907258,0.9416942124045011,6,3,2,1.5,1619.9
Zm00001eb150620,1,0,0.6120013389404231,0.6120013389404231,6,3,1,1.0,47.8
Zm00001eb150630,1,0,0.1591695656459337,0.1591695656459337,3,3,1,2.0,972.8
Zm00001eb150640,3,0,1.9213593444457209,1.4558916128135468,3,2,1,1.6666666666666667,135.3
Zm00001eb150680,1,0,0.0481455663332734,0.0481455663332734,1,1,1,7.0,115.4
Zm00001eb150740,2,0,1.389224262131968,1.0819581755252963,4,2,2,3.5,33.2
Zm00001eb150790,1,0,1.80952151411146,1.80952151411146,1,3,1,2.0,24.4
Zm00001eb150810,1,0,0.9594502372513328,0.9594502372513328,1,2,1,6.0,412.9
Zm00001eb150960,1,1,6.626846311236884,6.626846311236884,4,2,1,3.0,816.8
Zm00001eb151120,1,0,0.8973474346721082,0.8973474346721082,2,1,1,7.0,66.5
Zm00001eb151140,1,0,0.7227840877856945,0.7227840877856945,1,1,1,4.0,36.3
Zm00001eb151160,1,0,2.20382597089692,2.20382597089692,2,3,1,2.0,52.9
Zm00001eb151280,2,0,0.1854511421862841,0.12828954671719336,3,3,1,0.5,447.0
Zm00001eb151400,2,0,0.5576281934713901,0.4603293981306471,3,3,3,2.5,107.9
Zm00001eb151440,3,0,0.2873899702676096,0.2873899702676096,3,1,1,3.3333333333333335,200.4
Zm00001eb151500,2,0,1.0286778643364858,1.0286778643364858,2,2,1,2.5,30.9
Zm00001eb151510,1,0,0.4129863455813999,0.4129863455813999,4,3,2,2.0,354.2
Zm00001eb151570,3,0,2.2387012671420683,1.8197621052704183,5,2,1,3.3333333333333335,8.4
Zm00001eb151720,2,2,2.3960983621979457,2.3960983621979457,2,1,1,1.0,1338.7
Zm00001eb151770,1,0,0.5992879927138981,0.5992879927138981,2,1,1,3.0,30.3
Zm00001eb152080,2,1,2.7188418479420946,2.0735397352024694,2,1,1,3.0,1177.9
Zm00001eb152120,1,1,3.5931912782003255,3.5931912782003255,2,1,1,0.0,113.4
Zm00001eb152180,1,0,0.1799464829389314,0.1799464829389314,4,1,1,2.0,310.2
Zm00001eb152190,1,0,0.6349837342480541,0.6349837342480541,3,3,2,4.0,181.6
Zm00001eb152250,1,0,0.0450237742812155,0.0450237742812155,1,1,1,3.0,306.6
Zm00001eb152340,1,0,0.8429945973797973,0.8429945973797973,1,3,1,3.0,26.4
Zm00001eb152480,1,0,1.3133007328839117,1.3133007328839117,3,4,1,1.0,67.7
Zm00001eb152570,2,0,0.9857232329280476,0.6071584337211218,3,1,1,0.0,34.3
Zm00001eb152830,1,0,0.8777564516818257,0.8777564516818257,1,2,1,2.0,118.3
Zm00001eb152900,1,0,0.9140582026823114,0.9140582026823114,4,3,2,1.0,35.7
Zm00001eb152920,3,1,2.2675877206676027,1.399735990094954,3,1,1,2.6666666666666665,181.5
Zm00001eb153010,1,0,0.1188771641739547,0.1188771641739547,2,3,1,1.0,87.8
Zm00001eb153020,4,1,2.0950216625681706,0.7427849885077689,7,4,2,2.25,148.8
Zm00001eb153070,4,0,1.0993462160131309,0.652281642758177,10,3,3,1.0,277.4
Zm00001eb153100,1,0,0.780100153308132,0.780100153308132,1,3,1,7.0,591.1
Zm00001eb153130,2,0,0.8956854470013256,0.7116816949103864,2,3,1,1.0,49.1
Zm00001eb153170,1,0,0.3960504461037703,0.3960504461037703,1,2,1,2.0,4.2
Zm00001eb153180,1,0,1.376148415606483,1.376148415606483,4,2,1,6.0,297.6
Zm00001eb153320,1,0,1.8461141669629957,1.8461141669629957,2,1,1,5.0,102.2
Zm00001eb153330,2,0,0.9717320876054114,0.5764547724470283,2,2,2,4.5,409.9
Zm00001eb153340,1,0,0.632935197527494,0.632935197527494,2,2,1,3.0,83.1
Zm00001eb153360,3,0,1.3467012179734603,0.6641605436707859,4,2,2,3.0,218.8
Zm00001eb153470,1,0,0.2510219858415439,0.2510219858415439,2,2,1,2.0,98.6
Zm00001eb153500,1,1,4.407908919107358,4.407908919107358,1,2,1,4.0,616.0
Zm00001eb153610,4,0,0.5512553114368263,0.3206389760969878,6,3,2,2.0,19.5
Zm00001eb153620,1,0,0.7093620063942484,0.7093620063942484,4,3,3,5.0,319.6
Zm00001eb153710,1,0,1.0430468212024968,1.0430468212024968,4,4,3,3.0,486.8
Zm00001eb153750,3,0,0.3289399367722549,0.20501038380552147,3,2,2,1.6666666666666667,8.8
Zm00001eb153760,1,1,1.9868312836539712,1.9868312836539712,2,2,2,2.0,21.1
Zm00001eb153780,4,2,1.5836751813795222,1.4912836169223413,6,2,2,3.0,777.5
Zm00001eb153800,1,0,0.4554908025502095,0.4554908025502095,4,1,1,6.0,322.6
Zm00001eb153830,1,0,0.7689747867452038,0.7689747867452038,3,1,1,2.0,390.0
Zm00001eb153970,1,0,1.1804350223582267,1.1804350223582267,2,1,1,2.0,36.3
Zm00001eb153980,1,0,1.508036045592596,1.508036045592596,3,2,2,6.0,608.6
Zm00001eb154010,2,0,0.9578367717015678,0.8358195772601857,4,2,1,3.0,199.6
Zm00001eb154060,1,0,0.4651599894124614,0.4651599894124614,1,1,1,2.0,19986.6
Zm00001eb154070,1,0,0.0495389277282801,0.0495389277282801,4,2,2,2.0,381.9
Zm00001eb154140,1,0,1.700449495311252,1.700449495311252,2,3,2,4.0,18.7
Zm00001eb154170,1,0,1.3807655773977152,1.3807655773977152,2,2,1,2.0,109.0
Zm00001eb154230,4,0,0.4712943875683114,0.3719445505344621,5,2,2,2.5,14.0
Zm00001eb154350,2,0,0.2204485235680045,0.14795597181683115,5,1,1,1.5,89.3
Zm00001eb154360,1,0,1.1999655052455116,1.1999655052455116,2,2,2,3.0,29.7
Zm00001eb154440,2,0,0.2046744577628139,0.1338580072140474,8,2,1,2.5,217.3
Zm00001eb154480,1,0,0.690224294073539,0.690224294073539,2,2,1,5.0,348.4
Zm00001eb154490,1,0,0.9468656464417198,0.9468656464417198,1,2,1,3.0,3326.1
Zm00001eb154510,1,0,2.8049029949354476,2.8049029949354476,3,1,1,3.0,875.4
Zm00001eb154520,1,0,0.0444722011706257,0.0444722011706257,2,1,1,4.0,140.4
Zm00001eb154530,1,0,0.5536883102633853,0.5536883102633853,1,4,1,1.0,239.5
Zm00001eb154580,1,0,0.8922173680989556,0.8922173680989556,4,1,1,4.0,2991.6
Zm00001eb154610,1,0,0.545583584316759,0.545583584316759,1,4,1,1.0,2.1
Zm00001eb154650,2,0,0.7661411742997836,0.7661411742997836,6,2,2,4.5,269.8
Zm00001eb154730,1,0,1.2051252487969166,1.2051252487969166,1,3,1,3.0,105.8
Zm00001eb154790,1,0,0.1204634178962063,0.1204634178962063,1,2,1,1.0,420.2
Zm00001eb154820,2,0,1.0673180694279114,0.8281628541913988,2,1,1,3.5,1034.7
Zm00001eb154850,1,0,0.3272900632240608,0.3272900632240608,2,1,0,2.0,38.3
Zm00001eb155060,2,0,0.5108801392669037,0.3088459864298589,5,1,1,2.0,604.6
Zm00001eb155140,1,0,2.4656152885019944,2.4656152885019944,1,2,1,0.0,27.4
Zm00001eb155150,1,0,2.405542420375337,2.405542420375337,7,1,1,4.0,156.7
Zm00001eb155320,1,0,0.9821495950562388,0.9821495950562388,4,2,1,3.0,102.3
Zm00001eb155350,3,0,1.8096665723519252,0.8675235658733539,5,1,1,2.0,330.9
Zm00001eb155360,3,0,0.504255777774602,0.3676254232472758,3,4,2,2.0,9.3
Zm00001eb155420,3,0,0.5811505631060011,0.4425971391125885,4,3,3,3.6666666666666665,557.0
Zm00001eb155580,1,0,1.4404707978942777,1.4404707978942777,2,2,1,3.0,198.3
Zm00001eb155590,1,0,5.20791011029922,5.20791011029922,1,2,1,4.0,181.4
Zm00001eb155600,5,0,1.6731516579413273,1.4581645017527571,7,1,1,3.0,17.4
Zm00001eb155640,1,0,1.2461975908130605,1.2461975908130605,1,2,1,4.0,111.6
Zm00001eb155650,1,0,1.0749107970922147,1.0749107970922147,1,2,1,5.0,131.5
Zm00001eb155660,1,0,0.5721022319802,0.5721022319802,3,1,1,8.0,845.8
Zm00001eb155870,3,0,0.6266435421932721,0.5798318732316063,4,4,1,2.0,143.1
Zm00001eb155910,2,0,1.9236995162880732,1.3230864811921996,2,1,1,2.5,157.5
Zm00001eb155920,2,0,0.8403229400484163,0.5691553979155197,2,4,2,5.0,210.8
Zm00001eb155950,1,0,0.2675082474551376,0.2675082474551376,1,3,2,2.0,64.3
Zm00001eb156000,3,2,1.8913921716197089,1.6440801042847422,3,1,1,3.0,337.4
Zm00001eb156010,3,0,1.0429977765442124,0.9543817345067146,3,3,2,3.3333333333333335,420.1
Zm00001eb156020,1,0,0.6549672818858503,0.6549672818858503,4,1,1,1.0,479.8
Zm00001eb156040,2,0,0.3271569915009225,0.2339054360472255,4,2,1,2.5,980.8
Zm00001eb156060,3,0,1.5959276276729877,1.1369822134026046,4,2,2,2.6666666666666665,204.3
Zm00001eb156100,2,0,0.2957716096266453,0.20233988127123548,12,2,2,4.0,185.9
Zm00001eb156200,1,0,2.492032217711941,2.492032217711941,4,4,3,2.0,3.1
Zm00001eb156220,1,0,0.1325752557632049,0.1325752557632049,1,1,1,3.0,341.3
Zm00001eb156310,3,0,1.3540538110523597,0.5707518398188484,3,3,3,2.0,7.6
Zm00001eb156460,1,1,2.599210689514044,2.599210689514044,2,4,1,2.0,45.5
Zm00001eb156580,1,0,0.6569983312410208,0.6569983312410208,1,2,1,0.0,209.7
Zm00001eb156610,3,0,0.4958542115340401,0.19525682983290857,3,2,2,3.0,301.4
Zm00001eb156650,1,0,0.2006847627290109,0.2006847627290109,3,2,2,1.0,266.1
Zm00001eb156680,2,0,0.7704837763161809,0.4294397535374521,4,2,1,1.5,1166.5
Zm00001eb156700,1,0,0.098773841270992,0.098773841270992,1,1,1,0.0,1037.5
Zm00001eb156710,4,1,4.168348144184937,1.814168411926392,7,1,1,4.0,48.6
Zm00001eb156790,4,0,1.0848685659337194,0.5314710332041551,6,1,1,2.25,27.4
Zm00001eb156800,1,0,0.1235306636912309,0.1235306636912309,1,1,1,3.0,33.8
Zm00001eb156820,2,0,1.8267332683459776,1.8267332683459776,2,2,1,1.0,1004.8
Zm00001eb156890,1,0,0.933964341678064,0.933964341678064,1,2,1,0.0,9.5
Zm00001eb156910,1,0,0.4293066296206609,0.4293066296206609,1,2,1,3.0,263.3
Zm00001eb157040,1,0,0.5240669244214371,0.5240669244214371,1,1,1,2.0,352.5
Zm00001eb157060,5,0,0.5957958213480511,0.3472752244563234,9,2,2,2.4,5.1
Zm00001eb157070,1,0,0.9754728268923462,0.9754728268923462,1,1,1,2.0,716.2
Zm00001eb157080,1,0,0.3584721113240537,0.3584721113240537,1,2,0,3.0,79.7
Zm00001eb157100,1,0,0.6842910833243484,0.6842910833243484,2,1,1,3.0,43.6
Zm00001eb157130,1,0,0.9185308407445588,0.9185308407445588,2,4,1,2.0,96.5
Zm00001eb157150,1,0,0.7052754062337916,0.7052754062337916,1,2,1,2.0,56.2
Zm00001eb157160,1,0,1.3572204483402948,1.3572204483402948,4,2,2,3.0,464.4
Zm00001eb157270,1,0,1.651824753125976,1.651824753125976,1,3,1,1.0,230.8
Zm00001eb157280,1,0,1.6908760814105583,1.6908760814105583,1,3,1,2.0,173.3
Zm00001eb157310,2,0,0.1107615682116386,0.08002858265226385,2,1,1,2.0,162.5
Zm00001eb157340,1,0,0.8850863216594786,0.8850863216594786,1,2,1,4.0,276.6
Zm00001eb157380,2,0,0.8697396750249106,0.5067251994658399,6,2,1,2.0,124.3
Zm00001eb157540,3,0,1.06791323055242,0.802388445464734,6,2,1,2.6666666666666665,1072.5
Zm00001eb157570,1,0,0.031115378284693,0.031115378284693,1,2,1,3.0,18.7
Zm00001eb157650,1,0,0.152487861114214,0.152487861114214,1,2,1,2.0,1453.8
Zm00001eb157700,1,0,0.3857008758557649,0.3857008758557649,3,2,1,5.0,24.5
Zm00001eb157790,1,0,0.91248082032653,0.91248082032653,5,2,2,2.0,262.8
Zm00001eb157810,1,0,0.1661415796432685,0.1661415796432685,1,3,2,1.0,383.3
Zm00001eb157820,1,1,2.7854375855586,2.7854375855586,1,1,1,2.0,10744.1
Zm00001eb157850,2,0,0.5535388172813062,0.5535388172813062,2,1,1,2.0,819.8
Zm00001eb157860,4,0,1.313216180369218,1.1136648102850748,5,1,1,2.0,265.2
Zm00001eb157880,2,0,1.6650210933924143,1.0383064089012564,3,1,1,2.5,30.9
Zm00001eb157900,1,0,1.386267200065889,1.386267200065889,2,2,2,2.0,5633.6
Zm00001eb157980,2,0,0.6184273663297499,0.443968659476072,5,3,2,1.0,526.0
Zm00001eb158000,2,0,0.2057678395637855,0.14592737144688583,2,1,1,2.0,45.7
Zm00001eb158090,1,0,1.7204281161688992,1.7204281161688992,1,1,1,1.0,204.6
Zm00001eb158190,1,0,1.116885045773887,1.116885045773887,1,2,0,2.0,1579.1
Zm00001eb158220,1,0,0.1928359509728339,0.1928359509728339,4,2,1,0.0,50.8
Zm00001eb158290,1,0,1.6749049404535068,1.6749049404535068,2,3,1,4.0,511.4
Zm00001eb158370,3,1,0.7908584744590792,0.49894396790003875,3,3,2,2.6666666666666665,1087.4
Zm00001eb158480,1,0,4.420417635540626,4.420417635540626,4,3,2,1.0,732.5
Zm00001eb158490,1,0,0.3769261176829061,0.3769261176829061,3,3,3,2.0,141.4
Zm00001eb158500,1,0,0.0190053857875328,0.0190053857875328,3,3,2,2.0,403.6
Zm00001eb158530,2,0,0.3710483469212011,0.21138830406092984,3,1,1,2.5,462.7
Zm00001eb158630,1,0,1.046647382658483,1.046647382658483,3,1,1,2.0,168.6
Zm00001eb158740,1,0,2.2587498259311607,2.2587498259311607,3,2,2,3.0,60.3
Zm00001eb158800,3,0,0.8500104286335802,0.42919704937250014,4,4,1,3.3333333333333335,15827.7
Zm00001eb158830,1,0,0.2289566659657529,0.2289566659657529,1,1,1,3.0,606.4
Zm00001eb158840,2,0,1.587883324583569,1.388922061437046,2,1,1,2.0,552.7
Zm00001eb158870,1,0,0.6416935383378894,0.6416935383378894,2,3,2,5.0,4.0
Zm00001eb159000,1,0,0.4307362717357931,0.4307362717357931,1,4,2,3.0,142.7
Zm00001eb159010,1,0,0.1259789132893443,0.1259789132893443,2,1,1,7.0,170.8
Zm00001eb159140,2,0,0.6445872510808127,0.5063839397337639,3,1,1,1.5,173.9
Zm00001eb159180,1,0,0.430526265060855,0.430526265060855,1,1,1,4.0,1043.1
Zm00001eb159200,3,0,0.7870257336450242,0.3932758312215559,3,1,1,4.0,380.7
Zm00001eb159350,2,0,1.6021130947612228,1.24670970421119,3,1,1,4.5,180.4
Zm00001eb159380,1,0,0.6497168581554348,0.6497168581554348,1,4,2,3.0,32.8
Zm00001eb159400,1,0,0.3725215558064104,0.3725215558064104,1,1,1,2.0,185.5
Zm00001eb159440,1,0,0.5908116846668777,0.5908116846668777,1,2,0,1.0,1166.7
Zm00001eb159520,1,0,2.086971143669342,2.086971143669342,2,2,1,2.0,270.7
Zm00001eb159550,3,1,2.3107695038315517,2.22092131529696,4,3,2,2.6666666666666665,141.6
Zm00001eb159570,1,0,0.3694889955947161,0.3694889955947161,2,1,1,3.0,150.3
Zm00001eb159580,2,0,0.3651496504967847,0.3651496504967847,2,2,1,3.5,12.2
Zm00001eb159630,1,0,2.377562753726092,2.377562753726092,3,1,1,2.0,98.2
Zm00001eb159720,3,0,2.8554849910195528,1.513189016971543,3,1,1,1.3333333333333333,1133.9
Zm00001eb159750,1,0,0.1596795735691002,0.1596795735691002,1,2,1,3.0,129.8
Zm00001eb159810,1,0,0.9188933873279564,0.9188933873279564,2,3,2,1.0,774.3
Zm00001eb159820,1,0,0.358973258439176,0.358973258439176,6,2,2,4.0,387.0
Zm00001eb159850,7,0,1.6496888838102548,0.6547004884455347,9,3,3,2.142857142857143,2932.2
Zm00001eb159890,1,0,0.3000384763229702,0.3000384763229702,3,2,2,3.0,1272.0
Zm00001eb159910,3,0,5.547151670290271,4.675725601568172,3,2,1,1.6666666666666667,249.8
Zm00001eb159960,1,0,0.2906437777651092,0.2906437777651092,1,2,1,1.0,431.1
Zm00001eb159970,1,0,0.1093621034730144,0.1093621034730144,9,4,4,3.0,136.7
Zm00001eb160190,2,0,0.8137852258739134,0.6938875555328334,3,3,3,3.5,15.5
Zm00001eb160210,1,0,0.4472127961308688,0.4472127961308688,1,1,1,3.0,45.0
Zm00001eb160220,2,0,0.5144719150239054,0.27743109214001344,3,2,2,2.5,279.0
Zm00001eb160260,1,0,0.1537304233847973,0.1537304233847973,1,3,1,6.0,51.0
Zm00001eb160390,2,0,0.6432676649388215,0.4121754532286003,5,2,2,2.0,442.3
Zm00001eb160480,2,0,0.6387105143858077,0.6355295091690507,3,2,2,3.5,150.3
Zm00001eb160550,1,0,0.6807938113108004,0.6807938113108004,3,1,1,0.0,7654.1
Zm00001eb160590,5,0,1.3504019914622911,1.1493412177666869,5,1,1,2.4,249.4
Zm00001eb160600,1,0,0.9743583073375996,0.9743583073375996,1,1,1,6.0,898.1
Zm00001eb160620,1,0,0.8008226571545471,0.8008226571545471,1,3,1,5.0,2043.7
Zm00001eb160680,2,0,0.5157141280055075,0.2948529744735404,2,4,2,3.5,168.2
Zm00001eb160700,1,0,0.7540522912621781,0.7540522912621781,2,1,1,4.0,4430.0
Zm00001eb160770,1,0,0.1049544715716436,0.1049544715716436,1,1,1,4.0,112.9
Zm00001eb160810,1,0,1.123898316573242,1.123898316573242,1,1,1,5.0,413.0
Zm00001eb161040,1,0,1.6662826032024116,1.6662826032024116,1,1,1,2.0,252.3
Zm00001eb161050,2,0,0.4761950996525909,0.2893930732047478,3,1,1,2.0,48.0
Zm00001eb161250,1,0,0.3270037295217298,0.3270037295217298,2,1,1,3.0,92.4
Zm00001eb161310,1,0,0.4312228041621574,0.4312228041621574,2,2,2,1.0,266.3
Zm00001eb161320,2,0,0.7372819523433932,0.7090430981098002,4,4,2,1.0,143.7
Zm00001eb161460,1,0,0.096693710238416,0.096693710238416,1,1,1,3.0,202.5
Zm00001eb161480,2,0,0.8571309047966601,0.8571309047966601,2,3,2,1.0,7.3
Zm00001eb161500,2,0,1.6903590571575875,1.1236004849152637,2,1,1,2.0,35.3
Zm00001eb161520,1,0,0.5337204832661053,0.5337204832661053,2,1,1,5.0,98.0
Zm00001eb161530,1,0,0.8688982264691042,0.8688982264691042,1,2,1,5.0,29.6
Zm00001eb161610,2,1,2.5885001029510333,2.242293604672378,6,1,1,3.0,61.6
Zm00001eb161660,1,0,0.4867892920746067,0.4867892920746067,1,2,1,3.0,118.6
Zm00001eb161690,1,0,0.8178219113562407,0.8178219113562407,2,1,1,0.0,289.7
Zm00001eb161710,3,0,0.8766143343910958,0.6129782821241732,4,1,1,2.6666666666666665,236.2
Zm00001eb161720,1,0,0.6505511925251165,0.6505511925251165,5,1,1,7.0,29.8
Zm00001eb161780,1,0,0.7051393167834138,0.7051393167834138,1,3,1,4.0,157.7
Zm00001eb161820,1,0,0.5964636702727677,0.5964636702727677,1,1,1,4.0,71.0
Zm00001eb161850,1,0,2.1396592867469137,2.1396592867469137,1,2,1,2.0,104.9
Zm00001eb161860,1,0,0.4932013217774386,0.4932013217774386,1,1,0,3.0,62.5
Zm00001eb161870,1,0,0.959488144035189,0.959488144035189,1,2,1,4.0,387.9
Zm00001eb161920,3,0,0.9733152954428956,0.6831107303852985,3,2,1,2.3333333333333335,779.9
Zm00001eb161970,1,0,0.0952718123310011,0.0952718123310011,1,3,2,2.0,359.5
Zm00001eb162070,1,0,0.6206296866405286,0.6206296866405286,1,3,1,3.0,6.9
Zm00001eb162090,3,0,1.2014894338588544,1.050970378263293,3,2,1,1.6666666666666667,704.8
Zm00001eb162150,1,0,0.4366250754552018,0.4366250754552018,2,3,1,4.0,58.7
Zm00001eb162210,4,0,0.4754160920579641,0.22473539178087112,4,3,2,4.25,6366.2
Zm00001eb162230,1,0,1.1826321184129416,1.1826321184129416,1,1,1,5.0,357.6
Zm00001eb162250,2,0,1.513512533970364,1.0562825021429219,3,1,1,2.0,113.2
Zm00001eb162310,2,0,0.5610422898238482,0.3925486924783123,4,1,1,4.0,301.0
Zm00001eb162420,1,0,1.33631024519295,1.33631024519295,2,3,1,2.0,43.9
Zm00001eb162530,1,0,0.5218887644176435,0.5218887644176435,1,1,1,2.0,3195.9
Zm00001eb162550,2,0,0.6781139802585238,0.5370060626619297,5,2,2,3.0,223.7
Zm00001eb162560,2,0,1.5397652882501007,0.969616784730581,2,5,1,4.5,1107.8
Zm00001eb162570,2,0,0.1041553101817751,0.07436082245420765,3,1,1,2.5,1179.8
Zm00001eb162620,4,0,1.6066421082512738,0.813934251595651,8,4,3,3.5,13739.0
Zm00001eb162630,1,0,0.377925375911312,0.377925375911312,1,3,2,2.0,40.4
Zm00001eb162710,4,1,2.39945809085727,1.4286385880023262,6,3,2,4.0,108.0
Zm00001eb162720,1,0,1.1363049900255364,1.1363049900255364,1,1,1,2.0,110.4
Zm00001eb162790,1,1,2.244639822506647,2.244639822506647,2,2,1,1.0,248.5
Zm00001eb162830,1,0,0.4693571142849343,0.4693571142849343,8,2,2,4.0,907.9
Zm00001eb162880,1,0,0.2647995631312209,0.2647995631312209,1,2,1,1.0,8.6
Zm00001eb163140,1,0,1.2049892657284609,1.2049892657284609,1,1,1,8.0,198.2
Zm00001eb163160,1,0,0.184639322219508,0.184639322219508,1,1,1,4.0,115.9
Zm00001eb163180,2,0,1.2643683965255588,1.1520308182871386,3,1,1,3.5,2.9
Zm00001eb163210,2,1,4.823322684804878,2.78811827638076,2,2,1,4.5,1522.3
Zm00001eb163260,1,0,1.3541048875157335,1.3541048875157335,2,3,2,1.0,205.9
Zm00001eb163280,2,0,0.809378102201204,0.7146989231529725,5,4,3,3.0,23.9
Zm00001eb163290,1,0,0.0041837251647645,0.0041837251647645,1,1,0,2.0,3.5
Zm00001eb163300,1,0,0.3062118957234271,0.3062118957234271,3,4,1,1.0,46.6
Zm00001eb163310,4,0,1.6510835170449163,0.8104752428597235,8,3,3,3.0,114.9
Zm00001eb163320,1,0,0.1558129601100179,0.1558129601100179,1,2,1,2.0,4.7
Zm00001eb163330,4,0,0.4946786841741176,0.39207328261862334,4,4,2,1.75,267.8
Zm00001eb163370,1,0,0.3347133287608483,0.3347133287608483,3,3,2,1.0,59.5
Zm00001eb163510,2,0,0.359814862019407,0.21947766499915783,3,3,1,1.0,143.2
Zm00001eb163520,2,0,0.5913675247249306,0.4101897875679678,4,1,1,2.5,816.6
Zm00001eb163540,2,0,0.1341890723968043,0.1341890723968043,2,2,1,1.0,233.8
Zm00001eb163700,2,0,0.5393841875412787,0.5157385592787437,3,4,2,4.0,1449.3
Zm00001eb163710,1,0,0.720486131261988,0.720486131261988,3,2,1,2.0,771.7
Zm00001eb163720,2,0,1.7711760700517176,1.4825523748841782,8,2,2,3.0,3581.0
Zm00001eb163730,1,0,1.4059429597992237,1.4059429597992237,5,3,3,0.0,268.2
Zm00001eb163840,1,0,0.7475509453217672,0.7475509453217672,2,1,1,5.0,16.1
Zm00001eb163880,1,0,2.399150841235207,2.399150841235207,1,1,1,3.0,8232.5
Zm00001eb164020,1,0,0.3582699372048468,0.3582699372048468,1,3,1,2.0,127.1
Zm00001eb164040,2,0,0.273339300315973,0.273339300315973,2,2,1,2.5,2.6
Zm00001eb164560,2,0,2.5169200174522426,2.1303658850532523,9,1,1,1.5,561.3
Zm00001eb164590,2,0,1.0834894630181944,0.9655936597340419,2,1,1,2.0,570.1
Zm00001eb164610,5,0,0.6510524978187856,0.49284328075083633,7,1,1,4.4,80099.1
Zm00001eb164660,1,0,1.3177285519194055,1.3177285519194055,2,1,1,5.0,373.3
Zm00001eb164720,1,0,0.799539155063944,0.799539155063944,1,2,1,1.0,742.3
Zm00001eb164790,4,1,2.315942755895786,1.0884365750186837,7,3,2,2.0,275.3
Zm00001eb164860,2,0,0.5531147224311987,0.4615994820702877,6,2,2,0.5,4983.2
Zm00001eb165210,1,0,0.1941524773672776,0.1941524773672776,1,1,1,3.0,92.7
Zm00001eb165260,1,0,1.535592260023834,1.535592260023834,4,2,2,1.0,4.1
Zm00001eb165410,1,0,0.1381946105179635,0.1381946105179635,2,1,1,7.0,312.9
Zm00001eb165420,1,0,0.6546216071911275,0.6546216071911275,1,1,1,1.0,807.2
Zm00001eb165440,1,0,7.303778647118143,7.303778647118143,1,4,2,3.0,361.9
Zm00001eb165460,1,0,1.171170584709121,1.171170584709121,1,2,1,1.0,2338.6
Zm00001eb165480,1,0,0.1240366137069654,0.1240366137069654,1,2,1,4.0,17.1
Zm00001eb165490,1,0,0.9606148540833483,0.9606148540833483,1,4,2,2.0,35.3
Zm00001eb165700,1,0,0.9859252304528237,0.9859252304528237,2,2,1,2.0,1031.8
Zm00001eb165770,1,0,0.2689829767936197,0.2689829767936197,2,1,1,4.0,123.5
Zm00001eb165860,1,0,0.968130121826534,0.968130121826534,8,2,2,1.0,1154.8
Zm00001eb165870,1,0,0.0880108295067435,0.0880108295067435,2,2,1,4.0,1297.1
Zm00001eb165880,1,0,0.4256150887885444,0.4256150887885444,2,3,3,5.0,213.0
Zm00001eb165890,2,0,0.4166600259164426,0.4100507013634953,2,3,1,3.0,1088.8
Zm00001eb165900,2,0,1.1336040255779447,1.1336040255779447,3,3,1,1.5,837.9
Zm00001eb165950,2,0,1.4022958822040337,1.3773804109161727,4,3,2,3.0,94.0
Zm00001eb166190,1,0,1.2784874805221964,1.2784874805221964,1,3,1,3.0,184.5
Zm00001eb166260,2,0,2.5067743927613706,1.7553747356437783,3,3,2,2.0,1420.2
Zm00001eb166390,1,0,1.465645325329669,1.465645325329669,1,1,1,4.0,299.0
Zm00001eb166450,1,0,1.2741827768294922,1.2741827768294922,2,1,1,2.0,459.1
Zm00001eb166460,2,0,2.1408313003076818,1.2059352649506065,4,2,1,3.0,831.1
Zm00001eb166490,1,0,0.5810454748293913,0.5810454748293913,2,2,1,2.0,929.3
Zm00001eb166540,2,0,0.9629393686778605,0.9133741821696304,2,2,1,0.5,165.0
Zm00001eb166550,2,0,0.3856416561071858,0.3596894338210892,3,2,2,3.0,3089.0
Zm00001eb166740,2,0,0.3204807554818434,0.3027834258872947,6,1,1,3.0,87.2
Zm00001eb166750,1,0,1.6063061226182649,1.6063061226182649,5,3,2,1.0,193.7
Zm00001eb166790,1,0,0.0231066187071084,0.0231066187071084,2,1,1,5.0,281.1
Zm00001eb166810,1,0,0.3834484053861683,0.3834484053861683,3,2,1,2.0,1491.1
Zm00001eb166870,1,0,0.2672346353009496,0.2672346353009496,4,1,1,2.0,91.2
Zm00001eb166980,1,0,2.2134257981578256,2.2134257981578256,2,1,1,2.0,818.2
Zm00001eb167150,1,0,0.7462775058855728,0.7462775058855728,4,2,2,3.0,1455.4
Zm00001eb167230,1,0,0.2588161981146494,0.2588161981146494,1,2,1,2.0,318.1
Zm00001eb167250,1,0,0.5678591505718189,0.5678591505718189,2,3,1,2.0,172.7
Zm00001eb167290,2,0,1.272589864806952,0.877537804187042,2,1,1,2.5,335.9
Zm00001eb167300,3,0,1.4408252507086994,0.991454122084597,3,2,1,2.0,64.1
Zm00001eb167360,1,0,0.0250244004201663,0.0250244004201663,2,1,1,2.0,103.3
Zm00001eb167380,1,0,1.1791654979751198,1.1791654979751198,2,2,1,1.0,13.2
Zm00001eb167520,1,0,1.2884559994907727,1.2884559994907727,1,3,1,4.0,223.1
Zm00001eb167690,1,0,0.9431569922953402,0.9431569922953402,1,1,1,5.0,82.9
Zm00001eb167740,1,0,0.8417974262168352,0.8417974262168352,1,3,1,3.0,613.1
Zm00001eb167780,1,0,0.0078811900342356,0.0078811900342356,2,2,1,3.0,4.3
Zm00001eb167790,1,0,0.0307915911027186,0.0307915911027186,1,2,0,4.0,513.3
Zm00001eb167840,1,0,0.1170094590753359,0.1170094590753359,2,3,1,4.0,10.6
Zm00001eb168050,2,0,0.1862986446573158,0.12845566607588527,2,1,1,1.5,23.7
Zm00001eb168100,4,2,2.031666904317096,1.465910287594411,4,1,1,3.25,22901.2
Zm00001eb168170,1,0,2.8103871345362816,2.8103871345362816,1,1,1,4.0,134.0
Zm00001eb168220,1,0,0.3855814111511809,0.3855814111511809,1,1,1,3.0,1467.4
Zm00001eb168260,3,0,0.7151197949765792,0.5981057643261751,3,2,1,3.3333333333333335,148.3
Zm00001eb168290,1,0,0.3269177197422784,0.3269177197422784,1,2,1,0.0,140.3
Zm00001eb168350,3,0,0.6279985842307948,0.5789701193819307,7,2,1,4.666666666666667,23.5
Zm00001eb168430,2,0,1.5279299023462272,1.438358895402366,3,3,1,3.0,348.7
Zm00001eb168450,1,0,0.0435950433614554,0.0435950433614554,1,2,1,2.0,625.2
Zm00001eb168470,1,0,0.9502040404966204,0.9502040404966204,2,1,1,1.0,3629.9
Zm00001eb168480,3,0,1.230908865195582,1.2016601615537852,3,3,1,2.0,391.9
Zm00001eb168510,1,0,1.3663357892333154,1.3663357892333154,1,1,1,6.0,156.4
Zm00001eb168590,2,0,0.9921681358188744,0.6411791067270382,2,1,1,3.0,2.8
Zm00001eb168670,1,0,0.3820903705488474,0.3820903705488474,1,1,1,1.0,713.1
Zm00001eb168730,1,0,0.995521169081652,0.995521169081652,2,2,1,3.0,305.1
Zm00001eb168740,2,0,0.3722547123943719,0.25901822017331866,3,4,2,1.5,275.0
Zm00001eb168760,3,0,1.9781550495693483,0.9256997869843189,4,3,3,2.3333333333333335,214.6
Zm00001eb168890,3,0,1.5933994372444087,1.0167477431812946,4,1,1,3.3333333333333335,8.3
Zm00001eb168910,1,0,0.0699501545773306,0.0699501545773306,2,2,2,4.0,2158.6
Zm00001eb168920,3,0,1.3758742399368376,1.208653432244178,6,3,2,2.3333333333333335,616.8
Zm00001eb168930,1,0,1.5313551680125026,1.5313551680125026,3,2,2,1.0,28.7
Zm00001eb169020,2,0,1.403792287828295,0.7615277191529233,2,2,1,2.0,110.3
Zm00001eb169050,1,0,0.3260671046523455,0.3260671046523455,1,1,1,0.0,375.1
Zm00001eb169130,3,0,1.021325057371485,0.609854897759954,5,2,2,2.3333333333333335,636.2
Zm00001eb169140,1,0,0.3898593279453382,0.3898593279453382,1,2,1,1.0,148.8
Zm00001eb169160,1,0,1.3347122165651044,1.3347122165651044,3,1,1,4.0,288.6
Zm00001eb169190,2,0,0.3890236798486779,0.22859664365073862,3,1,1,3.5,252.4
Zm00001eb169280,1,0,2.3692327386295045,2.3692327386295045,4,2,1,1.0,520.1
Zm00001eb169310,1,0,0.440520916743014,0.440520916743014,1,2,1,5.0,388.4
Zm00001eb169330,6,0,0.9182270353325828,0.7210953478163128,10,2,2,2.1666666666666665,875.9
Zm00001eb169350,3,1,3.932742361674885,1.7240074339650093,6,2,2,3.6666666666666665,151.1
Zm00001eb169380,1,0,0.0479216650235125,0.0479216650235125,2,3,2,2.0,238.5
Zm00001eb169410,1,0,1.0841862593571665,1.0841862593571665,1,1,1,4.0,48.5
Zm00001eb169420,1,0,0.2671924734981856,0.2671924734981856,3,1,1,1.0,38.3
Zm00001eb169460,3,3,2.844560376666347,2.393487229197214,6,2,1,1.3333333333333333,88.3
Zm00001eb169490,2,0,1.7391710545926118,1.4331027037899522,7,2,1,3.0,461.4
Zm00001eb169510,2,0,0.959951115917236,0.6750072861450835,3,1,1,1.5,10.4
Zm00001eb169520,1,0,0.9119594548992812,0.9119594548992812,2,1,1,2.0,3382.6
Zm00001eb169570,2,0,0.566105469778874,0.5456788550588567,2,3,1,0.5,255.7
Zm00001eb169590,2,0,1.788916595537366,1.2074495039553834,6,2,2,2.5,136.3
Zm00001eb169600,1,0,0.6900744623601266,0.6900744623601266,5,2,2,2.0,16.5
Zm00001eb169620,3,0,4.737895726094785,1.7968648916763783,3,1,1,2.0,1057.4
Zm00001eb169640,1,0,0.2975432010142894,0.2975432010142894,1,3,1,2.0,263.3
Zm00001eb169710,1,0,0.1879821768669637,0.1879821768669637,2,1,1,1.0,290.3
Zm00001eb169800,2,0,2.0683581215959035,2.0683581215959035,2,3,2,1.5,119.8
Zm00001eb169940,4,0,0.9635820506148796,0.5362470283958619,7,1,1,2.0,112.4
Zm00001eb169970,1,1,5.027131847221161,5.027131847221161,2,2,1,0.0,2426.1
Zm00001eb169990,1,1,6.817995601954361,6.817995601954361,2,2,1,3.0,1421.8
Zm00001eb170020,1,0,0.4853544797000652,0.4853544797000652,4,2,1,3.0,1410.9
Zm00001eb170040,2,0,0.234387775552717,0.15661508879692915,4,2,1,4.5,2834.2
Zm00001eb170050,2,0,0.133160335187311,0.133160335187311,2,1,1,4.0,594.0
Zm00001eb170080,1,0,0.7448378706717228,0.7448378706717228,2,2,1,1.0,333.1
Zm00001eb170140,1,0,1.09643804878016,1.09643804878016,2,2,2,0.0,75.0
Zm00001eb170300,1,0,0.5457822979165008,0.5457822979165008,3,3,1,1.0,32.3
Zm00001eb170350,1,0,0.0197136795625065,0.0197136795625065,1,1,1,2.0,56.0
Zm00001eb170510,3,0,0.9866855549129152,0.5805454949381746,4,3,1,3.3333333333333335,177.0
Zm00001eb170550,2,0,0.8955463001909931,0.6229280925706171,2,3,1,4.0,472.0
Zm00001eb170630,2,0,0.5482917468246267,0.5482917468246267,2,2,1,1.5,20.6
Zm00001eb170730,1,1,2.4375572232996956,2.4375572232996956,1,3,1,2.0,188.6
Zm00001eb170770,1,0,1.3143767234245542,1.3143767234245542,1,1,1,0.0,105.4
Zm00001eb170900,1,0,2.082452727642281,2.082452727642281,1,3,1,3.0,656.2
Zm00001eb171020,1,0,0.0382440920296956,0.0382440920296956,2,2,1,1.0,769.4
Zm00001eb171030,1,1,1.972462297927824,1.972462297927824,4,2,2,2.0,102.2
Zm00001eb171050,1,0,1.5503079600758451,1.5503079600758451,2,3,3,3.0,537.1
Zm00001eb171130,1,0,0.4057973543964229,0.4057973543964229,1,2,1,5.0,1.8
Zm00001eb171190,1,0,0.3305941415123233,0.3305941415123233,2,1,1,0.0,429.9
Zm00001eb171200,5,0,0.7860882177861241,0.349221216460385,7,1,1,3.8,215.1
Zm00001eb171230,1,0,0.1458879882200807,0.1458879882200807,2,2,2,1.0,16969.7
Zm00001eb171400,2,0,0.924631235563871,0.875305814339765,3,3,2,3.0,920.6
Zm00001eb171700,2,0,0.6815940494506645,0.5167630988222931,2,1,1,1.5,99.0
Zm00001eb171750,1,0,1.4025679832056253,1.4025679832056253,1,1,1,1.0,253.2
Zm00001eb171790,2,2,1.8218720093776857,1.8218720093776857,4,4,1,2.0,367.7
Zm00001eb171820,1,0,2.4327854616565068,2.4327854616565068,1,2,1,3.0,39.5
Zm00001eb172020,2,0,0.3233262707695866,0.3233262707695866,2,1,1,0.5,221.8
Zm00001eb172040,1,0,1.0345051393337177,1.0345051393337177,1,1,1,1.0,548.9
Zm00001eb172070,1,1,2.462041241439892,2.462041241439892,2,1,1,2.0,635.7
Zm00001eb172090,1,0,0.4832544805710158,0.4832544805710158,5,3,2,2.0,1406.4
Zm00001eb172110,2,0,0.1159314918158617,0.1159314918158617,6,3,1,4.0,823.9
Zm00001eb172120,1,0,0.2752210350047722,0.2752210350047722,1,2,1,2.0,21.2
Zm00001eb172170,1,0,0.1197489558642033,0.1197489558642033,2,1,1,2.0,77.7
Zm00001eb172280,1,0,0.9024010161775328,0.9024010161775328,2,1,1,1.0,187.6
Zm00001eb172290,3,0,1.6931547488330292,1.2715827882666901,4,2,2,2.0,1457.2
Zm00001eb172300,1,0,0.0725878661543925,0.0725878661543925,4,2,1,3.0,442.2
Zm00001eb172410,1,0,0.1825776709529424,0.1825776709529424,5,3,2,3.0,1190.1
Zm00001eb172420,3,0,1.4256809829770354,0.6732882546781701,5,2,1,1.6666666666666667,3585.3
Zm00001eb172450,1,1,1.918596607040125,1.918596607040125,4,2,2,1.0,8765.3
Zm00001eb172500,2,0,0.1501956744123621,0.1501956744123621,3,1,1,3.0,61.0
Zm00001eb172520,2,0,1.497814635023798,1.1768218302445175,3,2,2,2.0,123.6
Zm00001eb172590,5,5,3.309345979436744,3.002682261582973,10,2,2,2.4,890.6
Zm00001eb172650,3,3,4.4430868811376945,4.4430868811376945,4,2,2,2.3333333333333335,597.1
Zm00001eb172680,1,0,0.8930534002188693,0.8930534002188693,2,3,1,1.0,322.0
Zm00001eb172770,2,0,0.540729673879507,0.31991079208448936,2,1,1,3.0,156.4
Zm00001eb172780,2,1,3.0310799984111823,2.015925308521697,2,1,1,4.0,266.7
Zm00001eb172890,2,0,0.5439419688830035,0.37718461742928083,4,2,1,2.0,68.1
Zm00001eb172940,1,1,2.713482541868768,2.713482541868768,2,2,1,5.0,67.0
Zm00001eb172950,2,0,1.3708582323957454,1.0832995369559142,4,3,1,1.0,4.4
Zm00001eb173070,1,0,0.7136002706392898,0.7136002706392898,2,2,2,2.0,634.7
Zm00001eb173100,4,2,9.393442098686842,4.048307709685518,8,2,1,1.25,163.5
Zm00001eb173180,1,0,0.5573749110304261,0.5573749110304261,1,1,1,3.0,224.0
Zm00001eb173190,1,0,1.1495694513580406,1.1495694513580406,2,3,1,2.0,249.0
Zm00001eb173200,1,0,1.1118018111777352,1.1118018111777352,3,1,1,2.0,12.6
Zm00001eb173220,1,0,0.7353953076305553,0.7353953076305553,5,1,1,0.0,614.7
Zm00001eb173230,1,1,3.241273396577517,3.241273396577517,2,2,1,2.0,197.7
Zm00001eb173270,3,0,0.655382533431206,0.639664200958796,3,2,1,3.0,130.3
Zm00001eb173330,3,0,0.5165744769930486,0.31375695612921645,3,3,3,2.3333333333333335,1760.2
Zm00001eb173380,2,0,0.9496435395469076,0.7060539078880272,2,1,1,4.0,163.4
Zm00001eb173390,1,0,1.2351709262265822,1.2351709262265822,1,3,1,5.0,70.7
Zm00001eb173410,4,0,0.3601503149521479,0.2100686032097477,6,3,2,3.0,7810.5
Zm00001eb173480,2,0,0.7847201507168986,0.7389901874674238,2,4,2,2.0,15.7
Zm00001eb173490,1,0,1.7409352145198316,1.7409352145198316,2,3,1,2.0,683.5
Zm00001eb173500,2,0,0.3693951234881045,0.3051151414118162,3,2,1,3.5,29.3
Zm00001eb173560,1,0,2.383543294247483,2.383543294247483,1,3,1,3.0,828.8
Zm00001eb173570,1,1,5.2845957324070145,5.2845957324070145,1,1,1,3.0,5.0
Zm00001eb173640,1,0,1.518458730376379,1.518458730376379,3,1,1,3.0,34.8
Zm00001eb173650,1,0,1.2669925090262069,1.2669925090262069,2,3,1,0.0,149.0
Zm00001eb173820,1,0,0.0717443305905151,0.0717443305905151,5,2,2,3.0,473.8
Zm00001eb173990,1,0,2.0044039077456404,2.0044039077456404,4,2,2,2.0,415.8
Zm00001eb174030,1,0,1.4244493480376048,1.4244493480376048,1,2,1,0.0,85.0
Zm00001eb174090,1,0,1.2757383773032571,1.2757383773032571,4,2,2,1.0,135.3
Zm00001eb174120,1,0,2.2124943409257245,2.2124943409257245,2,2,2,2.0,270.5
Zm00001eb174170,2,0,0.1420354489157752,0.1420354489157752,2,2,1,2.5,178.2
Zm00001eb174190,2,0,1.3555384641294144,1.3555384641294144,2,2,1,4.5,5.5
Zm00001eb174330,2,0,2.1935386713778886,2.1935386713778886,2,1,1,3.5,208.2
Zm00001eb174370,2,0,4.107999405604681,4.107999405604681,2,1,1,3.0,239.1
Zm00001eb174480,1,0,1.1692285413620298,1.1692285413620298,1,2,1,1.0,190.6
Zm00001eb174590,2,0,0.4980636691567357,0.4980636691567357,2,2,2,4.0,67.3
Zm00001eb174640,1,0,0.1294775083293216,0.1294775083293216,2,1,1,0.0,175.2
Zm00001eb174670,3,0,0.6018949854474239,0.5123521373063334,9,1,1,2.0,1061.8
Zm00001eb174710,1,0,0.4574474112945503,0.4574474112945503,2,1,1,2.0,140.8
Zm00001eb174730,4,2,2.7390404659881753,1.552055908981496,5,2,1,1.75,189.3
Zm00001eb174750,1,0,1.0681423071328162,1.0681423071328162,2,2,1,0.0,445.7
Zm00001eb174760,1,0,0.9774247058249136,0.9774247058249136,2,3,1,4.0,13.4
Zm00001eb174860,1,0,1.4140575097557702,1.4140575097557702,1,2,1,2.0,22.4
Zm00001eb174970,1,0,0.2833379054267126,0.2833379054267126,1,2,1,0.0,26.6
Zm00001eb174990,1,0,0.9114275430139732,0.9114275430139732,2,1,1,1.0,25.7
Zm00001eb175070,1,0,0.5945198520133693,0.5945198520133693,1,3,1,1.0,20.4
Zm00001eb175250,1,0,1.059027697276373,1.059027697276373,1,1,1,4.0,52.3
Zm00001eb175270,1,0,1.6842153152223032,1.6842153152223032,4,2,1,3.0,17.8
Zm00001eb175470,1,0,1.0208706815459263,1.0208706815459263,1,1,1,2.0,164.4
Zm00001eb176050,2,0,0.3727207659174746,0.3727207659174746,2,1,1,2.0,95.6
Zm00001eb176160,2,0,2.7745626091889743,2.3809627373724633,3,2,2,5.0,566.1
Zm00001eb176200,2,2,3.720227237595046,3.720227237595046,2,3,0,5.5,120.9
Zm00001eb176260,1,0,0.5428896914441556,0.5428896914441556,1,1,1,4.0,2498.2
Zm00001eb176470,3,0,0.4858931868580449,0.37996044049661637,6,1,1,3.0,5742.6
Zm00001eb176590,1,1,1.3981270049641512,1.3981270049641512,2,2,1,2.0,80.1
Zm00001eb177150,1,0,0.8990688573974717,0.8990688573974717,2,1,1,3.0,1013.0
Zm00001eb177630,1,0,2.784984301994857,2.784984301994857,4,3,2,3.0,92.8
Zm00001eb177670,1,0,1.1402009772801038,1.1402009772801038,2,2,2,1.0,970.6
Zm00001eb177690,1,0,1.3501235604040034,1.3501235604040034,1,2,1,5.0,55.0
Zm00001eb177820,1,0,1.4696986228629612,1.4696986228629612,1,1,1,4.0,118.4
Zm00001eb178010,2,0,3.230301957283954,1.8919169306460553,3,1,1,2.5,392.6
Zm00001eb178160,2,0,0.254993259103556,0.14657155083506065,3,4,3,3.5,66.0
Zm00001eb178240,1,0,2.059988853570474,2.059988853570474,1,0,0,1.0,264.8
Zm00001eb178280,2,1,2.5964933611315097,1.9487366517098468,2,2,1,4.5,363.1
Zm00001eb178290,2,0,0.54827298525942,0.4379902902014723,5,1,1,3.5,138.3
Zm00001eb178360,1,0,1.0554684193995327,1.0554684193995327,1,2,1,1.0,88.8
Zm00001eb178470,1,0,1.5323593178625294,1.5323593178625294,2,2,2,1.0,247.8
Zm00001eb178550,3,0,1.0741553211085642,0.8756406347589677,4,1,1,2.3333333333333335,21.8
Zm00001eb178620,1,0,2.8715435910180527,2.8715435910180527,1,1,1,3.0,364.8
Zm00001eb178670,2,0,0.6650812384296706,0.5439340764269813,2,1,1,2.0,8.2
Zm00001eb178700,1,0,0.0026360505395705,0.0026360505395705,1,1,1,1.0,1318.5
Zm00001eb178740,2,0,4.476741172186311,4.476741172186311,5,2,2,3.5,147.2
Zm00001eb178810,3,0,1.654985331633453,1.0856491053148793,6,1,1,2.0,88.8
Zm00001eb178820,1,0,0.650885637536527,0.650885637536527,4,3,1,4.0,96.4
Zm00001eb178990,2,0,0.6229049648987606,0.4881375862709375,5,2,1,2.0,120.8
Zm00001eb179190,1,0,0.5958401434828943,0.5958401434828943,1,2,2,3.0,571.7
Zm00001eb179200,2,0,0.6869763459822827,0.5275288571522131,2,2,2,2.0,315.3
Zm00001eb179210,2,0,1.2412532662364235,1.0675092735790979,2,3,1,5.5,276.8
Zm00001eb179280,2,0,1.302847304639512,1.302847304639512,2,2,2,2.5,659.6
Zm00001eb179290,1,1,2.5907585948602705,2.5907585948602705,2,1,1,1.0,78.8
Zm00001eb179440,1,0,0.8543907794180892,0.8543907794180892,1,2,1,2.0,51.9
Zm00001eb179510,2,0,0.3401649186246802,0.3401649186246802,2,3,1,3.0,51.3
Zm00001eb179600,1,0,0.1857234140779858,0.1857234140779858,1,2,1,0.0,739.6
Zm00001eb179660,2,0,0.3654755994489714,0.1881624373158158,2,2,1,3.0,415.6
Zm00001eb179680,1,0,0.4965207524665292,0.4965207524665292,2,2,1,2.0,13454.1
Zm00001eb179730,4,0,0.3585062127492742,0.30384027904956157,4,3,2,3.25,145.2
Zm00001eb180480,1,0,0.5324485227109818,0.5324485227109818,1,1,1,3.0,22.3
Zm00001eb180890,1,0,0.8976204489650991,0.8976204489650991,1,1,1,3.0,85.7
Zm00001eb180900,2,0,3.431229450468459,3.431229450468459,3,3,2,3.0,27.2
Zm00001eb181420,2,0,0.1439994553407876,0.1020879635644516,2,1,1,2.5,6.1
Zm00001eb181690,2,0,2.9023471305138235,2.9023471305138235,3,2,1,2.0,27.9
Zm00001eb181880,2,0,0.9684151215977262,0.9684151215977262,2,3,2,3.0,94.0
Zm00001eb182260,1,0,0.2753011326218861,0.2753011326218861,1,1,1,4.0,115.8
Zm00001eb182380,1,0,0.3897187671401844,0.3897187671401844,1,2,1,1.0,286.3
Zm00001eb182460,1,0,0.244095916147779,0.244095916147779,1,1,1,2.0,485.4
Zm00001eb182620,3,0,1.0992117756260684,1.0992117756260684,7,1,1,1.6666666666666667,18.1
Zm00001eb182690,1,0,0.5442267803719816,0.5442267803719816,1,1,1,3.0,10.8
Zm00001eb182780,1,0,0.0059556231514456,0.0059556231514456,3,1,1,2.0,811.7
Zm00001eb182980,1,0,1.2453868368793477,1.2453868368793477,1,2,1,4.0,127.7
Zm00001eb183170,1,0,0.5568808081806771,0.5568808081806771,1,1,1,9.0,48.1
Zm00001eb183190,1,0,0.7174045961719905,0.7174045961719905,1,2,1,3.0,470.7
Zm00001eb183200,2,0,0.8928749376664882,0.8575766004351401,2,2,0,5.5,2.9
Zm00001eb183220,2,0,0.9720175004070536,0.735496025060717,4,1,1,2.0,405.6
Zm00001eb183270,3,0,0.9018443469456427,0.47640639334350543,7,4,2,2.0,63.1
Zm00001eb183290,1,0,2.2775660509061355,2.2775660509061355,1,1,1,1.0,4.2
Zm00001eb183340,1,0,1.1613442409708,1.1613442409708,1,1,1,2.0,71.8
Zm00001eb183370,2,0,0.4288489179913127,0.4288489179913127,3,3,2,3.5,429.2
Zm00001eb183560,2,0,1.7454346432234835,1.1798732417453754,5,2,1,3.5,9.3
Zm00001eb183610,1,0,0.5679895393033757,0.5679895393033757,1,2,1,1.0,221.6
Zm00001eb183710,2,0,0.4817770691769317,0.3238056641723608,4,2,1,4.0,289.0
Zm00001eb183770,1,0,0.9530325308668952,0.9530325308668952,2,3,1,3.0,1082.8
Zm00001eb183880,1,0,0.1270824155684813,0.1270824155684813,2,3,2,1.0,91.7
Zm00001eb184000,3,0,0.278921199580639,0.278921199580639,3,1,1,3.3333333333333335,114.6
Zm00001eb184010,3,0,2.2046890986769276,0.9873163664507952,6,2,1,1.0,23.2
Zm00001eb184070,2,0,0.8410858007625742,0.4616956143640076,3,3,1,2.5,70.1
Zm00001eb184100,1,0,0.1110623146311367,0.1110623146311367,3,2,1,3.0,221.0
Zm00001eb184110,3,0,0.9810961092957646,0.5997640657315563,6,1,1,2.3333333333333335,1976.0
Zm00001eb184320,1,0,0.010710882719954,0.010710882719954,3,1,1,3.0,162.8
Zm00001eb184340,1,0,0.8136160112076629,0.8136160112076629,1,2,1,2.0,442.7
Zm00001eb184420,4,1,3.4199303607656812,2.1729143308613827,5,1,1,3.5,672.8
Zm00001eb184450,2,0,0.6122432523836864,0.5771367248751419,6,1,1,3.0,774.4
Zm00001eb184510,1,0,1.6574212318691548,1.6574212318691548,2,1,1,4.0,472.7
Zm00001eb184540,5,2,3.3521125465771813,2.1578719186199393,6,3,3,1.4,290.0
Zm00001eb184970,1,0,1.1086150499059375,1.1086150499059375,1,1,1,0.0,68.7
Zm00001eb185040,1,0,0.3459745209876436,0.3459745209876436,2,2,2,3.0,9.7
Zm00001eb185100,3,0,1.551122771396296,1.0760822814570112,4,2,1,2.3333333333333335,236.1
Zm00001eb185290,1,0,0.6234438493770555,0.6234438493770555,1,1,1,2.0,203.5
Zm00001eb185300,1,0,1.6501038462858617,1.6501038462858617,1,2,1,3.0,509.9
Zm00001eb185310,1,0,0.3739820469278546,0.3739820469278546,4,3,2,6.0,555.8
Zm00001eb185390,2,0,1.40171205730563,1.0626492077076302,3,2,1,3.5,165.0
Zm00001eb185400,3,0,0.6293858593895022,0.331354436389024,3,3,2,3.3333333333333335,6161.1
Zm00001eb185470,1,0,1.1998108681344513,1.1998108681344513,4,1,1,2.0,318.1
Zm00001eb185640,2,0,1.3077869379475096,1.0702964729127928,2,1,1,2.0,164.7
Zm00001eb185660,1,0,1.5549906607908175,1.5549906607908175,1,2,1,5.0,7.9
Zm00001eb185680,1,0,1.6610700165230887,1.6610700165230887,2,2,1,4.0,44.7
Zm00001eb185780,1,0,0.2956588947753144,0.2956588947753144,3,1,1,1.0,70.0
Zm00001eb185800,1,0,1.6117866629673478,1.6117866629673478,1,2,1,0.0,364.9
Zm00001eb185930,2,0,1.6033011250605058,1.2301656479203147,3,1,1,4.5,419.8
Zm00001eb186120,2,1,3.2353168813696147,2.835717149593367,2,2,1,2.5,432.4
Zm00001eb186220,1,0,0.8676832169424574,0.8676832169424574,3,2,2,0.0,415.4
Zm00001eb186240,3,0,1.2130642590923233,0.5634323970752447,7,1,1,1.6666666666666667,660.3
Zm00001eb186330,1,0,0.4067415450712021,0.4067415450712021,3,2,2,3.0,227.0
Zm00001eb186370,1,0,0.1795681699286127,0.1795681699286127,3,2,1,4.0,176.9
Zm00001eb186420,2,0,1.083352496676106,0.9602578955328265,2,1,1,4.0,33.8
Zm00001eb186450,1,0,0.8967868853002327,0.8967868853002327,1,1,1,1.0,143.1
Zm00001eb186560,3,0,0.4363341502309391,0.304438165486888,3,1,1,1.3333333333333333,7.2
Zm00001eb186600,1,0,1.0673384791933094,1.0673384791933094,1,1,0,3.0,31.8
Zm00001eb186770,1,0,0.5286942387352899,0.5286942387352899,2,2,2,3.0,94.3
Zm00001eb186940,3,0,0.8890202912760592,0.6103958911047281,5,3,2,2.3333333333333335,13.1
Zm00001eb187040,2,0,1.5389129664848542,1.2074824546151266,4,1,1,2.0,441.5
Zm00001eb187110,1,0,0.728167068311696,0.728167068311696,2,2,1,1.0,134.8
Zm00001eb187150,1,0,1.0807120000958044,1.0807120000958044,3,1,1,2.0,20.2
Zm00001eb187240,1,0,0.0907556585764853,0.0907556585764853,2,2,2,3.0,102.1
Zm00001eb187430,1,1,3.961123832503266,3.961123832503266,2,2,1,4.0,61.5
Zm00001eb187450,2,0,2.089775987836112,1.630667199741355,10,3,3,3.5,19.9
Zm00001eb187580,1,0,0.6247953077587413,0.6247953077587413,2,2,1,2.0,119.4
Zm00001eb187590,1,0,1.2778295145183145,1.2778295145183145,3,1,1,1.0,301.4
Zm00001eb187630,1,0,2.130293395899336,2.130293395899336,2,1,1,2.0,383.5
Zm00001eb187670,2,0,0.8022835700422072,0.4087734656140649,3,3,1,2.0,55.7
Zm00001eb187730,3,0,0.4625323601688232,0.30803021591871804,5,3,1,2.0,588.6
Zm00001eb187880,2,0,2.1976902963797675,2.1428898262445832,7,1,1,0.0,16.4
Zm00001eb187900,3,0,1.239099104575365,0.9732391448826595,3,2,1,3.0,339.4
Zm00001eb187910,1,0,0.3898144436328009,0.3898144436328009,2,1,1,2.0,778.7
Zm00001eb187950,2,0,1.2212800033961109,1.2212800033961109,3,1,1,1.5,1253.7
Zm00001eb187970,1,0,0.2743243375675293,0.2743243375675293,5,2,2,4.0,12.6
Zm00001eb187980,1,0,1.364073068792968,1.364073068792968,5,2,2,1.0,60.5
Zm00001eb188190,1,0,0.377885646430574,0.377885646430574,4,3,2,3.0,412.9
Zm00001eb188220,1,1,2.5259158245443945,2.5259158245443945,2,2,2,4.0,132.5
Zm00001eb188240,1,0,0.661439866664484,0.661439866664484,2,2,1,1.0,215.9
Zm00001eb188280,1,0,0.3348994648584262,0.3348994648584262,1,1,1,2.0,10252.8
Zm00001eb188310,1,0,1.8666237633934464,1.8666237633934464,2,1,1,3.0,299.2
Zm00001eb188340,4,0,0.9432730056905,0.2688356039192545,4,3,2,3.0,159.9
Zm00001eb188360,1,0,0.4051979918493072,0.4051979918493072,3,2,2,4.0,5362.7
Zm00001eb188380,1,0,0.1556436933145862,0.1556436933145862,2,2,2,1.0,19.4
Zm00001eb188600,1,0,1.0076527604491483,1.0076527604491483,2,3,1,2.0,322.5
Zm00001eb188700,1,1,5.421301104322435,5.421301104322435,2,3,1,6.0,54.8
Zm00001eb188770,1,0,0.254097955172192,0.254097955172192,3,1,1,1.0,752.5
Zm00001eb188800,1,0,0.3747377364027632,0.3747377364027632,4,3,1,4.0,108.7
Zm00001eb189060,1,0,1.3500880316957964,1.3500880316957964,1,2,2,4.0,47.7
Zm00001eb189070,2,0,0.1183021995131846,0.1183021995131846,2,1,1,3.0,199.7
Zm00001eb189140,1,0,2.3577684280107785,2.3577684280107785,1,2,1,4.0,115.5
Zm00001eb189150,7,0,0.7193150409187263,0.47737281241675544,10,1,1,2.142857142857143,504.6
Zm00001eb189210,1,0,0.0208255556690179,0.0208255556690179,3,3,2,2.0,461.4
Zm00001eb189440,1,0,0.7669878870303144,0.7669878870303144,3,1,1,5.0,66.6
Zm00001eb189530,1,0,0.9299163799840018,0.9299163799840018,1,2,1,0.0,193.1
Zm00001eb189840,1,0,0.2235577123765617,0.2235577123765617,4,1,1,3.0,31.1
Zm00001eb189850,3,0,1.4249148354845806,0.8324292560263519,4,2,2,1.3333333333333333,1182.4
Zm00001eb189920,3,0,1.027687164608816,1.0032178661618036,3,2,2,2.0,43.3
Zm00001eb189950,1,0,1.0405206247423997,1.0405206247423997,2,3,2,2.0,15.9
Zm00001eb189970,1,0,0.8969230713416955,0.8969230713416955,2,2,1,2.0,144.2
Zm00001eb190090,1,0,0.8336633743959125,0.8336633743959125,1,1,1,3.0,38.3
Zm00001eb190140,2,0,0.8495203685248178,0.5819220325798762,3,2,2,1.5,5.7
Zm00001eb190260,1,0,1.0146767902912752,1.0146767902912752,3,2,1,3.0,484.7
Zm00001eb190310,2,0,0.3417034782451137,0.2292341295981407,6,2,2,2.0,8.7
Zm00001eb190330,1,0,0.5762279416137188,0.5762279416137188,6,2,2,3.0,388.5
Zm00001eb190340,5,0,2.7602922508673715,1.627207656183502,8,2,1,2.6,3219.3
Zm00001eb190350,1,0,0.7350412972513835,0.7350412972513835,3,3,2,4.0,579.2
Zm00001eb190360,3,0,0.8196558684223593,0.6008781131131811,4,3,2,2.3333333333333335,136.5
Zm00001eb190390,1,0,4.467178582528758,4.467178582528758,2,2,2,1.0,381.7
Zm00001eb190410,2,0,0.6784371984980303,0.3841400299973902,3,1,1,2.0,6.6
Zm00001eb190550,1,0,0.5222082975486122,0.5222082975486122,1,1,1,3.0,156.8
Zm00001eb190700,3,0,1.1577717087261132,0.4977747196086583,4,2,1,3.3333333333333335,164.7
Zm00001eb190740,1,0,0.8004029824405827,0.8004029824405827,1,2,1,3.0,101.8
Zm00001eb190870,3,0,0.5211965803973734,0.32438660936852454,3,2,1,3.0,336.3
Zm00001eb190880,1,0,0.5158015731157867,0.5158015731157867,1,3,1,4.0,456.6
Zm00001eb190910,1,0,0.2530388568374764,0.2530388568374764,3,2,1,2.0,405.3
Zm00001eb190920,1,0,0.1183682708240378,0.1183682708240378,3,2,1,0.0,722.8
Zm00001eb190930,1,0,0.8608868065933614,0.8608868065933614,3,2,2,4.0,197.8
Zm00001eb191060,1,0,0.1471467014669479,0.1471467014669479,2,3,2,2.0,1510.9
Zm00001eb191080,1,1,1.8271487705852352,1.8271487705852352,2,4,1,2.0,372.2
Zm00001eb191110,2,0,1.9019686435565828,1.0904493719661024,2,3,1,2.0,54.6
Zm00001eb191130,1,0,0.2398134241848996,0.2398134241848996,4,3,2,0.0,87.6
Zm00001eb191180,1,0,0.2238578987594399,0.2238578987594399,1,2,1,1.0,15.8
Zm00001eb191240,1,0,1.0631389321621243,1.0631389321621243,3,2,2,7.0,9.9
Zm00001eb191340,1,0,2.2748811451637665,2.2748811451637665,2,1,0,0.0,14.8
Zm00001eb191420,3,3,3.214766803747023,3.214766803747023,3,1,1,4.666666666666667,3510.0
Zm00001eb191430,1,0,6.308007368946432,6.308007368946432,3,4,1,1.0,223.9
Zm00001eb191440,2,0,0.1761513838632435,0.1761513838632435,2,3,1,2.5,73.9
Zm00001eb191640,2,0,0.6937069044759883,0.3788565924796434,4,2,2,1.5,119.7
Zm00001eb191700,2,0,1.2542593823277262,0.7668954183192749,2,4,3,2.0,7.1
Zm00001eb191720,2,0,0.6476872249104558,0.3497747084930143,2,3,2,2.5,246.9
Zm00001eb191920,1,0,0.1937766657686589,0.1937766657686589,1,2,1,3.0,396.0
Zm00001eb191930,2,0,1.2810065200750238,1.0210230072823154,4,1,1,1.5,125.5
Zm00001eb192070,1,0,1.5819422736310913,1.5819422736310913,2,1,1,0.0,78.3
Zm00001eb192110,3,0,0.7411055728544127,0.5403273069081996,4,2,2,3.6666666666666665,425.1
Zm00001eb192120,1,0,0.108477691034513,0.108477691034513,1,2,1,3.0,126.4
Zm00001eb192140,1,0,0.1211115589182321,0.1211115589182321,1,1,1,1.0,150.9
Zm00001eb192150,1,0,0.4118491061171738,0.4118491061171738,1,1,1,0.0,111.1
Zm00001eb192200,2,0,0.4634390787809915,0.28537891172013957,6,2,1,3.0,112.5
Zm00001eb192230,5,0,1.0139222247819772,0.43948396052497196,8,1,1,3.0,88.7
Zm00001eb192250,3,0,0.9799160126689894,0.4180210548110425,3,1,1,2.3333333333333335,378.8
Zm00001eb192310,1,0,0.4615982347370187,0.4615982347370187,2,1,1,2.0,440.6
Zm00001eb192400,1,0,0.1660334363938974,0.1660334363938974,2,2,1,2.0,4574.3
Zm00001eb192560,1,0,0.5112498960485871,0.5112498960485871,1,4,1,3.0,5.3
Zm00001eb192630,1,1,2.0988799051206235,2.0988799051206235,1,2,1,3.0,448.2
Zm00001eb192940,1,0,1.4111680860028106,1.4111680860028106,2,1,1,4.0,17.2
Zm00001eb193170,3,0,0.6334993472966874,0.30315100142167556,5,1,1,2.6666666666666665,880.8
Zm00001eb193230,2,0,0.4558417798407659,0.4090953815553452,8,2,2,3.0,26.0
Zm00001eb193240,1,0,0.297419592103693,0.297419592103693,1,4,1,1.0,1172.4
Zm00001eb193260,1,0,1.0059201911408155,1.0059201911408155,2,2,2,1.0,87.7
Zm00001eb193270,1,0,0.5050873784179165,0.5050873784179165,1,3,1,5.0,269.5
Zm00001eb193300,1,0,1.7521180922287445,1.7521180922287445,1,1,1,3.0,13.2
Zm00001eb193360,1,0,0.5534192560092086,0.5534192560092086,3,2,2,3.0,50.9
Zm00001eb193370,1,0,0.5020196858845714,0.5020196858845714,2,1,1,1.0,35.8
Zm00001eb193380,1,0,0.7185878240490173,0.7185878240490173,3,3,2,3.0,321.0
Zm00001eb193480,2,0,0.5029949360342663,0.5029949360342663,7,3,3,3.0,363.3
Zm00001eb193520,1,0,1.3743494409165575,1.3743494409165575,1,3,1,6.0,221.7
Zm00001eb193570,1,0,1.4899319624919678,1.4899319624919678,2,2,1,2.0,1.7
Zm00001eb193590,1,0,0.118353404699204,0.118353404699204,2,1,1,5.0,24.0
Zm00001eb193640,1,0,0.0360586150902513,0.0360586150902513,2,2,1,2.0,47.7
Zm00001eb193650,1,0,0.1709025641286533,0.1709025641286533,2,2,1,1.0,324.6
Zm00001eb193660,5,0,0.9408530185951548,0.7508672472333828,6,2,2,1.8,3613.7
Zm00001eb193670,1,0,0.5003959228189927,0.5003959228189927,6,1,1,2.0,16.6
Zm00001eb193810,1,0,5.477977610676546,5.477977610676546,1,1,1,5.0,62.9
Zm00001eb193820,1,0,0.8345660992689207,0.8345660992689207,3,3,1,2.0,775.3
Zm00001eb193830,2,0,1.66710674074358,1.3939019819260565,2,2,2,4.0,302.2
Zm00001eb193850,1,0,0.9701613720280742,0.9701613720280742,3,3,1,1.0,124.8
Zm00001eb193910,1,0,1.1687215667671156,1.1687215667671156,1,0,0,2.0,3.6
Zm00001eb193970,3,0,1.256712861638961,0.8252759485943875,3,2,2,3.0,531.0
Zm00001eb194100,1,0,0.9884397014304492,0.9884397014304492,2,4,1,3.0,18.1
Zm00001eb194120,1,0,1.1367804896582203,1.1367804896582203,5,2,1,2.0,296.2
Zm00001eb194140,1,0,0.4077980319062421,0.4077980319062421,1,3,1,3.0,66.6
Zm00001eb194150,1,0,0.024000997540927,0.024000997540927,2,3,1,4.0,65.0
Zm00001eb194210,4,0,0.3156633541978406,0.2711155424461845,4,1,1,3.25,2.7
Zm00001eb194220,2,0,0.6433262844105991,0.5999357002474897,3,3,3,2.0,825.4
Zm00001eb194270,3,0,0.0197118209388118,0.0197118209388118,6,4,1,4.0,55.7
Zm00001eb194330,1,0,0.5209931998934938,0.5209931998934938,4,2,2,2.0,389.3
Zm00001eb194340,1,0,1.5234065289651946,1.5234065289651946,1,2,1,1.0,82.9
Zm00001eb194350,2,0,0.4833405460565475,0.4833405460565475,2,3,1,3.5,2356.1
Zm00001eb194440,2,0,0.2200085357150326,0.19142693107073624,2,3,2,2.5,55.3
Zm00001eb194450,1,0,0.476330561994941,0.476330561994941,1,1,1,5.0,68.6
Zm00001eb194500,4,0,0.8953644395385326,0.6205861275799852,5,2,1,3.25,61.0
Zm00001eb194690,1,0,0.5201157628820569,0.5201157628820569,1,1,1,1.0,190.7
Zm00001eb194780,1,0,1.053606928154459,1.053606928154459,1,4,1,2.0,130.1
Zm00001eb194870,1,0,0.6683682689160233,0.6683682689160233,1,1,1,3.0,14.9
Zm00001eb195000,1,1,1.6814761433417835,1.6814761433417835,1,3,1,1.0,363.1
Zm00001eb195230,1,0,0.4165678295198811,0.4165678295198811,1,3,1,5.0,209.1
Zm00001eb195270,2,0,1.3935318851869285,1.3935318851869285,6,2,2,0.5,3265.2
Zm00001eb195380,3,0,0.8285999050023655,0.4450048030277763,3,3,1,4.0,414.3
Zm00001eb195390,1,0,0.7399438832769475,0.7399438832769475,2,1,1,3.0,392.6
Zm00001eb195460,1,0,1.1146981804973377,1.1146981804973377,3,3,1,2.0,26.3
Zm00001eb195470,1,0,0.334164566100133,0.334164566100133,1,2,0,4.0,27.1
Zm00001eb195530,1,0,1.768710358700953,1.768710358700953,1,3,1,1.0,3.1
Zm00001eb195620,1,0,2.049747568355523,2.049747568355523,1,1,1,3.0,52.0
Zm00001eb195640,1,0,0.3765881401979281,0.3765881401979281,3,4,3,0.0,277.2
Zm00001eb195700,1,0,0.3684472207866868,0.3684472207866868,1,1,1,3.0,8.4
Zm00001eb195760,1,0,1.0299833649455266,1.0299833649455266,6,3,2,1.0,2.9
Zm00001eb195910,2,0,1.0710892981183393,0.8449064102089148,3,2,1,2.0,122.8
Zm00001eb196060,2,0,0.6262363744428457,0.6262363744428457,3,2,1,2.5,225.3
Zm00001eb196090,1,0,1.261253339126743,1.261253339126743,3,2,2,3.0,2.0
Zm00001eb196170,4,0,1.0715831993805118,0.9500811449224595,5,3,2,2.5,105.4
Zm00001eb196270,2,0,2.3441882713149327,1.3177070933445845,4,1,1,2.0,688.8
Zm00001eb196320,4,2,2.415902699783957,1.427552157908704,5,2,2,3.5,182.3
Zm00001eb196530,5,0,0.5291099016968536,0.5112682402898261,9,4,4,2.4,1081.7
Zm00001eb196540,2,0,0.6753708133426274,0.6753708133426274,4,1,1,2.5,9.2
Zm00001eb196550,1,0,0.7190192620644823,0.7190192620644823,2,2,2,3.0,257.3
Zm00001eb196590,2,0,1.1888209551096345,0.6587766768335274,5,1,1,3.5,799.8
Zm00001eb196600,1,0,2.592174644256212,2.592174644256212,5,1,1,3.0,233.5
Zm00001eb196870,4,0,1.0277347947411002,0.532158574374644,8,3,2,2.5,424.6
Zm00001eb196920,2,0,1.3004722280908825,0.6938364781147265,3,2,1,2.0,7.5
Zm00001eb196930,4,2,1.7284379323418784,1.3633629633976403,5,2,2,2.25,488.7
Zm00001eb196970,2,0,0.704150700138798,0.5364028128495267,2,1,1,3.5,1692.8
Zm00001eb196980,1,0,2.0778408365914935,2.0778408365914935,1,1,1,3.0,76.2
Zm00001eb197040,2,0,1.0416075757503434,1.0416075757503434,6,4,4,3.0,1.9
Zm00001eb197170,1,0,0.7745577376495747,0.7745577376495747,1,2,1,2.0,6.4
Zm00001eb197180,1,0,0.8454194439961037,0.8454194439961037,1,2,1,6.0,751.7
Zm00001eb197480,1,0,0.1820117639394822,0.1820117639394822,3,1,1,3.0,10.3
Zm00001eb197630,1,0,0.5121186307822557,0.5121186307822557,2,1,1,5.0,196.5
Zm00001eb197640,1,0,0.2142127208591004,0.2142127208591004,3,2,2,5.0,715.5
Zm00001eb197780,1,0,0.9303321638569249,0.9303321638569249,4,1,1,3.0,22.0
Zm00001eb197940,1,0,0.3981033889155491,0.3981033889155491,1,1,1,2.0,359.9
Zm00001eb198120,2,1,1.490005611164971,1.1665139312579509,3,3,2,3.0,310.7
Zm00001eb198220,1,0,0.4400932587724568,0.4400932587724568,1,4,1,3.0,14.4
Zm00001eb198420,1,0,1.6947665785171917,1.6947665785171917,2,3,1,1.0,778.6
Zm00001eb198460,3,0,1.4324098688337934,1.2065770307414778,3,3,2,3.3333333333333335,344.2
Zm00001eb198620,1,0,2.1697936845798527,2.1697936845798527,1,1,1,3.0,38.3
Zm00001eb198710,1,0,1.4070677782729226,1.4070677782729226,1,2,1,4.0,276.5
Zm00001eb198730,2,0,1.4079129813407265,0.9885850295289696,2,1,1,2.0,214.1
Zm00001eb198740,1,0,0.439614657554826,0.439614657554826,1,2,1,0.0,214.1
Zm00001eb198810,2,0,0.6461924723678004,0.6461924723678004,2,1,1,2.5,203.2
Zm00001eb198840,3,0,0.6224228792412442,0.4827281067753532,4,1,1,2.6666666666666665,48.8
Zm00001eb198850,1,0,0.21770054762282,0.21770054762282,2,3,1,3.0,2362.7
Zm00001eb198910,3,0,0.7825532872998007,0.7699055233662482,8,3,3,3.0,1362.1
Zm00001eb198950,3,0,0.468128328697499,0.30030740991504273,8,2,2,2.0,98.5
Zm00001eb199080,1,0,2.9331095335815,2.9331095335815,1,3,1,0.0,501.4
Zm00001eb199090,1,0,0.7124417577086464,0.7124417577086464,2,2,1,5.0,470.7
Zm00001eb199110,1,0,0.5322288686647683,0.5322288686647683,1,1,1,2.0,159.8
Zm00001eb199160,2,0,1.1488150498647776,0.7584799620100585,4,2,2,2.0,852.2
Zm00001eb199190,1,0,0.2528171483853735,0.2528171483853735,1,1,1,1.0,78.3
Zm00001eb199230,2,0,1.220054005149951,1.220054005149951,2,2,1,4.0,2249.2
Zm00001eb199330,2,2,0.6960192758728745,0.6876893859095858,4,1,1,1.5,579.5
Zm00001eb199410,2,0,0.7443060020132454,0.7443060020132454,5,3,2,3.0,275.2
Zm00001eb199500,1,0,0.819655612288364,0.819655612288364,1,2,1,2.0,99.7
Zm00001eb199530,2,0,0.5230167151134874,0.4435435929882012,4,2,1,2.5,97.6
Zm00001eb199570,1,0,0.6621461617454615,0.6621461617454615,1,2,1,5.0,22.2
Zm00001eb199590,2,0,1.5085678268887686,1.2653387461683763,3,1,1,2.0,457.5
Zm00001eb199800,1,0,0.2802809821344637,0.2802809821344637,1,3,1,0.0,507.6
Zm00001eb199940,1,1,4.098814330310352,4.098814330310352,1,1,1,3.0,409.8
Zm00001eb199950,2,0,0.6811910039807026,0.5628935170359617,2,1,1,3.0,398.9
Zm00001eb199960,3,0,0.2709078218974826,0.2709078218974826,6,2,2,3.3333333333333335,332.0
Zm00001eb200130,2,0,0.7335047735905665,0.5054733636636746,2,1,0,2.5,203.5
Zm00001eb200250,1,0,1.0615912867874893,1.0615912867874893,5,3,1,2.0,48.3
Zm00001eb200350,1,0,2.47525498564187,2.47525498564187,1,2,1,3.0,40.0
Zm00001eb200370,1,0,3.1342623958898193,3.1342623958898193,2,3,1,3.0,115.9
Zm00001eb200440,1,1,3.5257089141939946,3.5257089141939946,1,1,1,2.0,496.9
Zm00001eb200510,4,0,0.7545195196159419,0.7318490241602462,5,2,2,3.0,178.2
Zm00001eb200520,1,0,0.3665101047562344,0.3665101047562344,1,1,1,2.0,110.4
Zm00001eb200590,1,1,3.1115924936727684,3.1115924936727684,1,4,1,0.0,372.2
Zm00001eb200630,1,0,0.5994602407936063,0.5994602407936063,3,3,1,3.0,7.3
Zm00001eb200680,2,2,2.649503675984598,2.3409375486555097,2,2,1,1.5,133.6
Zm00001eb200700,1,0,0.2197192896206961,0.2197192896206961,3,1,1,5.0,332.9
Zm00001eb200720,6,0,2.7685382922388184,2.503469833659785,9,2,2,2.1666666666666665,15.6
Zm00001eb200910,1,0,1.3818445306939262,1.3818445306939262,2,2,1,2.0,2464.0
Zm00001eb200940,1,0,0.8636706706854367,0.8636706706854367,1,1,1,1.0,95.9
Zm00001eb201090,1,1,6.454553502625511,6.454553502625511,1,3,1,3.0,53.5
Zm00001eb201110,2,0,0.2580497098819031,0.2328946084462264,2,2,1,3.5,439.6
Zm00001eb201260,2,0,0.1828226401982715,0.17541974157221155,2,2,1,3.0,405.2
Zm00001eb201340,1,0,1.0000754659608149,1.0000754659608149,1,4,1,5.0,28.5
Zm00001eb201350,1,0,0.7549786833177567,0.7549786833177567,1,1,1,5.0,18.3
Zm00001eb201450,3,0,2.2750506055725204,2.2750506055725204,5,3,1,2.6666666666666665,61.0
Zm00001eb201580,2,0,1.7171279952418137,1.7171279952418137,2,1,1,2.0,127.2
Zm00001eb201730,1,0,0.6093176195447921,0.6093176195447921,1,1,1,4.0,749.4
Zm00001eb201850,1,0,0.3292255842084696,0.3292255842084696,1,2,1,0.0,130.7
Zm00001eb201880,1,0,0.0665287809468253,0.0665287809468253,1,1,1,3.0,329.7
Zm00001eb201910,1,0,0.3027352671080486,0.3027352671080486,1,1,1,2.0,79.0
Zm00001eb201920,1,0,0.7637479257382022,0.7637479257382022,3,3,1,1.0,48.4
Zm00001eb202020,1,0,2.738342584176255,2.738342584176255,2,1,1,4.0,149.6
Zm00001eb202040,2,0,1.2520113691668209,1.037587360795952,4,4,2,3.5,408.4
Zm00001eb202120,1,0,0.637756402865728,0.637756402865728,1,1,1,3.0,2509.6
Zm00001eb202140,1,0,0.5527798576562624,0.5527798576562624,2,3,1,4.0,868.4
Zm00001eb202240,1,0,1.2408919329329011,1.2408919329329011,1,3,1,3.0,49.0
Zm00001eb202350,2,0,1.6608379483038032,1.583547203955754,2,3,2,4.5,100.5
Zm00001eb202570,2,0,0.82672222228354,0.6668096390582305,3,2,2,5.0,16.7
Zm00001eb202590,5,0,2.7973104470246795,2.7973104470246795,6,1,1,1.0,571.2
Zm00001eb202690,4,0,0.5945588510764171,0.41744798175834397,6,1,1,3.0,231.3
Zm00001eb202760,1,0,1.9390771235120303,1.9390771235120303,4,2,1,3.0,304.9
Zm00001eb202830,1,0,0.126568948696461,0.126568948696461,2,2,1,0.0,69.3
Zm00001eb202910,2,0,1.6625657646186478,0.8877242020478195,2,2,2,2.5,165.6
Zm00001eb202940,1,0,1.1268250750615094,1.1268250750615094,1,2,1,1.0,69.2
Zm00001eb202960,1,0,2.379715245035442,2.379715245035442,1,3,1,1.0,106.0
Zm00001eb203230,1,0,0.9082792904834388,0.9082792904834388,1,1,1,2.0,31.1
Zm00001eb203770,1,0,1.1101155099600584,1.1101155099600584,1,1,1,5.0,2779.4
Zm00001eb203810,1,0,2.3743451531361477,2.3743451531361477,2,2,1,6.0,51.9
Zm00001eb204010,1,0,0.4906000290559009,0.4906000290559009,2,3,2,2.0,227.0
Zm00001eb204020,4,0,0.5760889702882784,0.3756298751140921,5,2,1,3.25,1278.4
Zm00001eb204030,1,1,3.776154804882046,3.776154804882046,1,3,1,1.0,256.2
Zm00001eb204160,1,0,0.90365329544998,0.90365329544998,1,1,0,4.0,17.1
Zm00001eb204260,2,0,0.7279967056256609,0.5562465723836499,2,2,1,3.0,592.3
Zm00001eb204320,5,0,1.127179779981471,1.031534347643451,8,2,1,3.6,155.2
Zm00001eb204360,1,0,0.6277713345775516,0.6277713345775516,2,1,1,2.0,119.2
Zm00001eb204570,1,0,0.6972555435002086,0.6972555435002086,4,2,2,0.0,254.2
Zm00001eb204590,1,0,1.717539331671763,1.717539331671763,3,3,1,1.0,844.6
Zm00001eb204620,5,0,5.699149102268162,5.642644856653526,9,1,1,3.4,326.3
Zm00001eb204650,2,0,0.4982070634304669,0.4982070634304669,3,2,1,3.0,46.5
Zm00001eb204950,1,0,0.6253981288538552,0.6253981288538552,1,3,1,1.0,150.5
Zm00001eb204960,4,0,2.6974648473843175,2.5423387182192285,6,1,1,3.5,195.4
Zm00001eb204990,1,0,0.0762707784218265,0.0762707784218265,2,2,2,1.0,29.6
Zm00001eb205010,1,0,1.1707786789832344,1.1707786789832344,2,1,1,4.0,626.7
Zm00001eb205050,1,0,0.6081302919923441,0.6081302919923441,1,2,1,3.0,366.2
Zm00001eb205090,3,0,1.3624272217900908,1.0096005779967074,3,1,1,2.0,291.5
Zm00001eb205450,1,0,0.5818141560213098,0.5818141560213098,1,2,0,3.0,347.3
Zm00001eb205470,1,0,0.5252825563500771,0.5252825563500771,2,3,1,1.0,192.7
Zm00001eb205480,1,0,1.2866035405481355,1.2866035405481355,3,3,2,4.0,56.1
Zm00001eb205490,1,0,0.8158297152777905,0.8158297152777905,3,1,1,4.0,441.6
Zm00001eb205540,2,0,0.7739966100803043,0.6311817942765074,6,1,1,2.5,1071.8
Zm00001eb205550,2,0,1.0774887304951617,0.5957812354213619,4,1,1,1.5,900.1
Zm00001eb205600,3,0,0.5040517617230783,0.32340422388147183,4,1,1,4.0,201.7
Zm00001eb205610,1,0,0.3230752590754072,0.3230752590754072,1,2,1,0.0,53.5
Zm00001eb205760,1,0,0.4046247779724448,0.4046247779724448,1,2,1,2.0,59.1
Zm00001eb205780,1,0,0.4815738134176821,0.4815738134176821,3,1,1,4.0,881.8
Zm00001eb205820,1,0,1.8799987312358215,1.8799987312358215,2,1,1,4.0,617.4
Zm00001eb205830,1,0,0.2727157046504163,0.2727157046504163,3,4,1,1.0,124.7
Zm00001eb205840,3,0,1.959515477136798,0.9678859907409835,6,2,2,4.333333333333333,82.0
Zm00001eb205850,1,0,0.8335727329860952,0.8335727329860952,1,2,2,1.0,135.6
Zm00001eb205920,2,0,0.4289982153855663,0.32450348888804925,4,2,1,5.0,171.7
Zm00001eb206040,3,0,0.4949070940332768,0.38157045190735195,5,3,1,2.3333333333333335,126896.5
Zm00001eb206070,1,0,0.846298797353376,0.846298797353376,1,2,1,6.0,90.7
Zm00001eb206090,2,0,0.5340839489374954,0.46251731402495355,4,2,2,1.5,39.4
Zm00001eb206320,1,0,0.6968378380416312,0.6968378380416312,2,2,1,3.0,14.5
Zm00001eb206330,4,0,0.1742172051156836,0.10115853516550698,11,1,1,2.75,68.3
Zm00001eb206340,2,0,1.002223114149319,0.543923486462693,8,2,1,3.5,2.2
Zm00001eb206350,1,0,0.9954269864616236,0.9954269864616236,1,2,2,2.0,34.5
Zm00001eb206380,1,0,0.1960659343434675,0.1960659343434675,2,2,2,3.0,3337.0
Zm00001eb206400,2,0,0.6268249400712406,0.45189587733593617,3,2,2,1.5,425.9
Zm00001eb206420,1,0,0.0231058469707662,0.0231058469707662,1,2,1,2.0,143.1
Zm00001eb206470,1,0,0.4721719411265087,0.4721719411265087,1,1,1,5.0,1687.5
Zm00001eb206480,2,0,1.0497881150002326,0.7918352669697404,4,3,2,3.5,31.0
Zm00001eb206490,1,0,0.2408158950608509,0.2408158950608509,2,2,2,6.0,193.5
Zm00001eb206510,2,0,0.4634259762285942,0.37481806708434273,5,2,2,3.0,282.9
Zm00001eb206520,1,0,0.208590211368849,0.208590211368849,3,1,1,1.0,317.0
Zm00001eb206560,1,0,1.5991618955726208,1.5991618955726208,1,3,1,2.0,16.2
Zm00001eb206670,1,0,0.7120929109794127,0.7120929109794127,2,3,1,4.0,17.3
Zm00001eb206730,1,0,0.481121835571593,0.481121835571593,2,2,2,5.0,188.6
Zm00001eb206750,1,0,0.1732527118925479,0.1732527118925479,1,1,1,5.0,150.3
Zm00001eb206760,1,0,1.2293049176127748,1.2293049176127748,4,1,1,3.0,418.5
Zm00001eb206790,2,0,0.7918849077966883,0.47454323623711003,2,3,2,1.5,106.4
Zm00001eb206800,1,0,0.8628271693606848,0.8628271693606848,5,3,2,2.0,828.7
Zm00001eb206880,1,0,0.5776811808199123,0.5776811808199123,1,2,1,5.0,29.2
Zm00001eb206900,2,0,0.3281572576179395,0.2216443730438428,6,2,2,1.5,317.0
Zm00001eb206910,2,0,0.4989615277458354,0.2744929020055086,4,1,1,2.0,26.4
Zm00001eb207010,2,0,1.850802861334274,1.1472666841856312,5,2,2,3.5,29.7
Zm00001eb207080,2,0,1.20964563202871,0.9720150116718065,4,1,1,3.0,892.8
Zm00001eb207090,1,0,0.561301076322734,0.561301076322734,3,2,1,3.0,558.7
Zm00001eb207120,1,0,0.1464285906773063,0.1464285906773063,5,2,2,4.0,1507.8
Zm00001eb207130,1,0,0.4140533708104669,0.4140533708104669,1,1,1,3.0,5953.2
Zm00001eb207290,2,0,0.5444313056492663,0.35348784320439,3,2,2,2.0,225.4
Zm00001eb207300,1,0,0.5526078886326239,0.5526078886326239,1,3,1,2.0,677.8
Zm00001eb207370,1,0,0.1324796028647163,0.1324796028647163,3,1,1,2.0,340.8
Zm00001eb207390,2,0,1.039143050188473,1.007930024287104,2,1,1,3.5,726.3
Zm00001eb207410,2,0,0.5623967882553641,0.5623967882553641,3,4,2,4.0,1058.2
Zm00001eb207450,2,0,0.8915458298336917,0.6318339938540428,3,4,2,3.0,114.8
Zm00001eb207520,1,0,0.1397536643457578,0.1397536643457578,1,2,1,0.0,7.1
Zm00001eb207540,1,0,0.1642590286354413,0.1642590286354413,1,2,1,2.0,115.5
Zm00001eb207550,1,0,0.9725922577268902,0.9725922577268902,2,1,1,5.0,5401.5
Zm00001eb207670,4,0,0.3752131045301244,0.34934671417248114,6,1,1,2.25,5823.2
Zm00001eb207690,1,0,0.2064783470030073,0.2064783470030073,1,3,1,2.0,146.2
Zm00001eb207790,2,0,0.2370324972255801,0.1946563497208099,2,1,1,3.5,486.4
Zm00001eb207920,2,1,2.435194616190339,1.6878632491554315,3,1,1,2.5,406.6
Zm00001eb207970,3,1,1.0557784988231242,0.6958539030877544,6,2,2,3.3333333333333335,153.3
Zm00001eb208010,2,0,0.2127270885996879,0.13893697959892595,3,2,1,1.5,1604.3
Zm00001eb208030,1,0,0.8084397889385239,0.8084397889385239,2,4,1,0.0,6472.8
Zm00001eb208070,1,0,0.2063648923337463,0.2063648923337463,2,1,1,2.0,312.4
Zm00001eb208150,2,0,1.1286256400148322,0.6493812456210079,5,4,4,4.0,50.6
Zm00001eb208380,4,0,0.7196972878268495,0.3620532726526598,4,2,1,2.75,440.1
Zm00001eb208430,3,0,1.1107023006507089,0.8867424044430435,3,3,2,2.0,613.9
Zm00001eb208480,2,0,0.5187411403230937,0.44048754003874757,4,2,2,2.0,265.6
Zm00001eb208490,1,0,0.3911950429775223,0.3911950429775223,2,1,1,3.0,479.2
Zm00001eb208520,1,0,0.6273118285948465,0.6273118285948465,1,1,1,1.0,438.2
Zm00001eb208580,4,0,0.801228768975329,0.526463173728248,9,2,2,3.5,794.3
Zm00001eb208710,1,1,1.9439999256388856,1.9439999256388856,5,3,2,4.0,110.4
Zm00001eb208760,1,0,0.3505606065961816,0.3505606065961816,4,1,1,2.0,78.2
Zm00001eb208780,1,0,0.0917693204749566,0.0917693204749566,2,1,1,2.0,385.4
Zm00001eb208830,1,0,0.3310518061893526,0.3310518061893526,1,2,1,2.0,555.5
Zm00001eb208840,1,0,0.8698835829350319,0.8698835829350319,1,4,2,1.0,356.8
Zm00001eb208880,1,0,0.3442053737285213,0.3442053737285213,1,2,1,1.0,125.0
Zm00001eb208900,1,0,0.5557651808494158,0.5557651808494158,3,2,2,4.0,220.6
Zm00001eb208920,2,0,0.2677633301267358,0.16872770598011505,2,3,2,2.0,126.0
Zm00001eb208940,1,0,1.437964583122095,1.437964583122095,1,3,1,2.0,285.7
Zm00001eb208970,3,0,0.3405032706636962,0.213805262609726,3,3,1,2.3333333333333335,1229.5
Zm00001eb209010,2,0,0.4810521789338176,0.3086413068746831,2,3,1,2.0,325.5
Zm00001eb209030,1,0,0.2634740075249647,0.2634740075249647,1,4,1,2.0,45.1
Zm00001eb209040,1,0,0.2512048459808665,0.2512048459808665,3,2,1,6.0,157.0
Zm00001eb209070,1,0,3.4483830425006654,3.4483830425006654,1,2,1,2.0,305.2
Zm00001eb209140,1,0,0.0490408054379653,0.0490408054379653,3,1,1,4.0,91.6
Zm00001eb209150,2,0,0.1604834778421366,0.10719288243574335,2,3,1,1.5,232.8
Zm00001eb209220,3,0,1.2781172666586622,1.2530845527169194,8,3,3,3.0,260.2
Zm00001eb209250,1,0,0.494197401188624,0.494197401188624,1,5,1,0.0,36.9
Zm00001eb209280,1,0,0.2187395839268344,0.2187395839268344,2,1,1,1.0,20.2
Zm00001eb209330,1,0,1.0443510946297652,1.0443510946297652,2,4,1,2.0,8.3
Zm00001eb209360,1,0,0.5069725045662737,0.5069725045662737,2,2,1,3.0,592.6
Zm00001eb209390,1,0,0.0448726209215465,0.0448726209215465,2,2,1,5.0,417.1
Zm00001eb209440,2,0,1.102772677548854,0.8309458800232958,3,2,1,3.0,269.6
Zm00001eb209480,4,0,0.7905682711720895,0.5549396108081025,9,1,1,1.0,854.1
Zm00001eb209490,1,0,2.632938982788918,2.632938982788918,6,2,2,4.0,149.8
Zm00001eb209550,1,0,0.3597143175363777,0.3597143175363777,2,2,2,2.0,1535.7
Zm00001eb209570,1,0,0.360750372254008,0.360750372254008,3,3,1,5.0,12562.6
Zm00001eb209610,1,0,0.3754731691600858,0.3754731691600858,1,1,1,3.0,380.8
Zm00001eb209740,3,0,0.4285060426278341,0.28594112444951497,4,1,1,2.3333333333333335,967.9
Zm00001eb209780,2,0,2.049835720043262,1.4491714707374823,3,1,1,0.5,938.3
Zm00001eb209880,1,0,0.1133283525447218,0.1133283525447218,4,3,1,3.0,61.9
Zm00001eb210000,1,0,1.5688376646491031,1.5688376646491031,3,3,2,0.0,634.3
Zm00001eb210280,1,0,0.7775601906438827,0.7775601906438827,1,1,1,5.0,429.5
Zm00001eb210350,1,0,1.3862835958444744,1.3862835958444744,1,1,1,4.0,15.5
Zm00001eb210370,1,0,0.0707046526764893,0.0707046526764893,1,1,1,0.0,2266.6
Zm00001eb210440,2,0,1.9432097984821033,1.5744656882852208,2,3,1,2.0,100.7
Zm00001eb210540,1,0,1.1748978284151566,1.1748978284151566,3,4,1,4.0,84.3
Zm00001eb210570,1,0,1.7126092307758858,1.7126092307758858,1,2,1,2.0,480.0
Zm00001eb210600,1,0,1.5422796434692934,1.5422796434692934,2,5,2,2.0,132.4
Zm00001eb210610,1,0,0.9170375663842296,0.9170375663842296,2,3,1,1.0,299.7
Zm00001eb210680,1,0,0.4157599802370307,0.4157599802370307,1,3,0,2.0,501.7
Zm00001eb210690,1,0,0.1988412312012132,0.1988412312012132,2,2,1,1.0,119.2
Zm00001eb210750,2,0,0.1182062345260334,0.1182062345260334,4,5,1,1.0,868.7
Zm00001eb210760,1,0,0.5208631706531127,0.5208631706531127,3,2,2,4.0,9.9
Zm00001eb210770,3,0,0.9367925762266928,0.34660444600248114,5,2,2,1.6666666666666667,112.3
Zm00001eb210780,1,0,0.9442763952073008,0.9442763952073008,1,3,1,0.0,183.3
Zm00001eb210790,3,0,1.8910059599216085,1.3980881267285656,5,2,1,2.6666666666666665,183.5
Zm00001eb210830,3,0,1.1064221645975578,0.5033885692291187,5,3,2,1.3333333333333333,131.8
Zm00001eb210850,1,0,0.1751576972102455,0.1751576972102455,2,1,1,0.0,835.0
Zm00001eb210860,1,0,0.7095596292579807,0.7095596292579807,2,2,0,3.0,122.6
Zm00001eb210890,1,0,1.5142994204722786,1.5142994204722786,2,3,1,3.0,221.5
Zm00001eb211030,2,0,0.2149407883099215,0.16609891628717716,10,2,2,5.0,1788.7
Zm00001eb211040,2,0,0.5856115122938124,0.3326881262895392,4,4,3,4.0,271.4
Zm00001eb211050,1,0,0.0789474392763138,0.0789474392763138,2,3,1,2.0,22.4
Zm00001eb211260,2,0,0.4882137013093754,0.29377778808181887,2,3,1,4.5,312.4
Zm00001eb211350,3,0,0.9225422098297952,0.41687400506126865,3,1,1,4.0,367.8
Zm00001eb211400,1,0,1.801808075485901,1.801808075485901,1,2,1,3.0,721.5
Zm00001eb211460,1,0,0.0091828129357598,0.0091828129357598,4,1,1,3.0,4.0
Zm00001eb211470,3,0,1.0802411701825922,0.7144964351470752,4,1,1,2.6666666666666665,60.0
Zm00001eb211510,2,0,1.0210335270602022,0.7474914812018174,3,3,1,2.5,183.7
Zm00001eb211530,1,0,0.6444310064564703,0.6444310064564703,1,3,1,1.0,13.6
Zm00001eb211640,3,0,1.099644988703656,1.0746170100584578,7,4,2,2.3333333333333335,31.5
Zm00001eb211660,1,0,0.6917491831358291,0.6917491831358291,2,3,2,2.0,73.1
Zm00001eb211690,3,0,1.3873974422933846,1.302607473686079,6,2,2,2.0,181.1
Zm00001eb211740,1,1,2.0055852743209135,2.0055852743209135,4,3,2,4.0,1786.6
Zm00001eb211770,1,0,0.0254650715201179,0.0254650715201179,4,4,2,1.0,95.9
Zm00001eb211780,2,1,4.737964443398565,3.106020551878304,2,1,1,1.0,284.6
Zm00001eb211790,1,0,1.088186757189084,1.088186757189084,2,1,1,5.0,240.2
Zm00001eb211860,3,0,0.9112259948459202,0.6716044153201608,5,2,2,1.6666666666666667,1223.4
Zm00001eb211900,2,0,2.054671971219893,2.054671971219893,2,1,1,0.5,164.5
Zm00001eb211980,1,0,0.0952974687617354,0.0952974687617354,1,2,1,1.0,5.7
Zm00001eb212030,1,0,1.0468609730562066,1.0468609730562066,3,2,1,1.0,803.6
Zm00001eb212060,2,0,0.6082757616108101,0.4064955009415425,5,2,1,3.5,109.5
Zm00001eb212120,3,0,0.3355306332379659,0.3355306332379659,5,1,1,3.3333333333333335,1896.8
Zm00001eb212130,6,0,1.0659329393672157,0.6627055207385504,6,2,2,2.6666666666666665,9.6
Zm00001eb212150,3,1,2.4974125475985733,1.2517145020599265,4,1,1,4.0,1744.4
Zm00001eb212180,2,0,2.8971807022278475,2.7224179653201164,2,2,1,1.0,241.2
Zm00001eb212230,1,0,0.7700294256797412,0.7700294256797412,1,3,1,3.0,655.9
Zm00001eb212260,2,0,2.630575775187493,1.587749738279972,3,2,1,2.0,34.7
Zm00001eb212310,1,0,0.7489600147193567,0.7489600147193567,6,2,2,3.0,22.5
Zm00001eb212330,1,0,0.3131788560929104,0.3131788560929104,1,1,1,2.0,296.2
Zm00001eb212360,4,0,1.1906675263389417,0.7545975259154221,8,3,2,2.0,507.2
Zm00001eb212370,1,0,1.5428801449565694,1.5428801449565694,3,1,1,3.0,715.1
Zm00001eb212430,2,0,1.0077243363628965,0.6199291421873051,2,3,1,5.0,718.6
Zm00001eb212440,2,0,1.2779276354053102,0.6684421220580774,2,4,2,4.0,472.2
Zm00001eb212470,2,0,0.2440472349065598,0.1534124949652768,4,2,2,3.5,1438.6
Zm00001eb212520,1,0,0.1979149684703227,0.1979149684703227,13,3,3,4.0,8763.2
Zm00001eb212530,4,0,1.9185367311791253,0.5959130474914248,14,3,3,3.5,153.3
Zm00001eb212550,1,0,0.1518560310763627,0.1518560310763627,3,2,1,3.0,439.2
Zm00001eb212610,2,1,2.5476844419306603,1.492778413867814,3,1,1,3.0,48.3
Zm00001eb212630,1,0,0.5027641250108693,0.5027641250108693,3,1,1,3.0,193.5
Zm00001eb212640,2,0,0.8058352575315371,0.5264479950064497,3,3,3,3.0,403.2
Zm00001eb212660,2,0,0.2078534673185678,0.10521312544410455,3,2,2,1.0,49.3
Zm00001eb212700,1,0,0.4156883082325686,0.4156883082325686,2,1,1,0.0,345.7
Zm00001eb212710,1,0,0.9019298533449336,0.9019298533449336,4,4,3,6.0,76.7
Zm00001eb212770,2,0,0.3428153478910877,0.2637228613450348,3,2,2,1.0,160.9
Zm00001eb212900,1,0,1.6847093601917,1.6847093601917,4,2,1,1.0,422.9
Zm00001eb212930,3,0,0.6283675589760621,0.5090828539741105,11,2,1,2.3333333333333335,148.8
Zm00001eb212940,2,1,4.0980270622678345,2.7668363357591517,10,3,1,2.5,143.2
Zm00001eb212950,1,0,0.9273851408853152,0.9273851408853152,2,3,2,6.0,124.7
Zm00001eb213000,1,0,0.0452790817831035,0.0452790817831035,2,3,0,5.0,126.3
Zm00001eb213010,2,0,1.6698362476445543,1.201929657797237,3,3,1,1.0,36.2
Zm00001eb213080,1,0,0.2132264188994322,0.2132264188994322,1,2,1,3.0,715.7
Zm00001eb213110,3,0,0.2939851369096131,0.11935194981866688,3,1,1,3.0,14.2
Zm00001eb213120,1,0,0.418241680619568,0.418241680619568,3,2,1,2.0,5.5
Zm00001eb213140,2,0,1.7214810757919696,1.6712370640778027,3,1,1,3.5,317.4
Zm00001eb213150,1,0,1.281659173197829,1.281659173197829,2,1,1,3.0,230.3
Zm00001eb213170,2,0,0.5809623144083382,0.536867213425486,6,2,2,2.0,67.3
Zm00001eb213180,8,0,1.841783572642277,0.8679592191814093,9,2,2,3.0,98.1
Zm00001eb213230,1,0,0.6424343289577683,0.6424343289577683,2,1,1,1.0,6.6
Zm00001eb213260,1,0,0.2565628044438009,0.2565628044438009,2,4,3,1.0,344.7
Zm00001eb213420,1,0,0.0282568045840282,0.0282568045840282,5,2,1,3.0,183.2
Zm00001eb213430,2,0,0.8724876200663084,0.4975226322483871,3,2,1,2.0,34.8
Zm00001eb213480,1,0,0.4084399544663475,0.4084399544663475,1,2,1,6.0,128.1
Zm00001eb213550,3,0,1.6309348549855645,1.155899225385881,4,3,1,1.6666666666666667,493.6
Zm00001eb213570,2,0,1.4698425122508516,0.9806128863366516,3,3,2,2.0,1236.3
Zm00001eb213640,1,0,1.2940282133091758,1.2940282133091758,5,3,2,0.0,4.3
Zm00001eb213670,3,0,0.9096637130112836,0.5761495294713183,8,1,1,2.6666666666666665,31430.3
Zm00001eb213760,2,0,1.285315281964092,0.9447063710247605,2,3,1,1.5,2740.7
Zm00001eb213780,2,0,0.9333633028897445,0.852230929764525,2,4,3,2.5,602.8
Zm00001eb213890,1,0,2.064929914408911,2.064929914408911,1,2,1,2.0,85.2
Zm00001eb213920,2,0,1.201657373157483,0.7520530321934241,5,2,2,1.5,56.4
Zm00001eb213960,1,0,1.015949602739862,1.015949602739862,1,2,0,1.0,20.4
Zm00001eb213980,2,0,3.109573049523148,3.109573049523148,2,3,2,3.0,34.3
Zm00001eb213990,3,0,1.1870615905780375,0.5034014958531366,6,2,2,2.0,1708.8
Zm00001eb214080,3,1,2.2064550188307166,1.2402500784459665,8,2,2,4.0,2188.8
Zm00001eb214090,2,0,0.6712189314258168,0.5195909137682296,2,2,1,3.0,500.1
Zm00001eb214110,1,0,0.243641300885072,0.243641300885072,1,1,1,2.0,587.7
Zm00001eb214120,1,0,0.8163360799323326,0.8163360799323326,1,2,1,4.0,1556.1
Zm00001eb214190,2,0,0.7166916312820529,0.3888431516441959,3,2,2,4.0,828.8
Zm00001eb214210,1,0,0.0069826867174015,0.0069826867174015,1,1,1,3.0,48.2
Zm00001eb214230,3,0,1.297604136206047,1.0225229787236418,5,1,1,2.6666666666666665,289.8
Zm00001eb214250,1,0,2.6043682260872685,2.6043682260872685,4,3,1,2.0,78.6
Zm00001eb214260,1,0,1.0868440279405516,1.0868440279405516,2,1,1,1.0,1444.2
Zm00001eb214290,2,0,0.4184902907373711,0.3002503818312114,3,1,1,4.5,352.4
Zm00001eb214320,3,0,1.127643161555609,0.7459450732929335,5,2,2,4.666666666666667,602.7
Zm00001eb214330,1,0,0.3859491261925742,0.3859491261925742,1,1,1,2.0,164.6
Zm00001eb214500,2,2,3.4148128208180615,2.9529385881451713,6,3,3,1.5,33.1
Zm00001eb214520,6,0,1.1848870266580998,0.9496530930396601,8,3,3,2.6666666666666665,755.6
Zm00001eb214530,2,0,1.4111600768184718,1.4111600768184718,3,1,1,2.5,144.9
Zm00001eb214540,1,0,3.12663885638864,3.12663885638864,4,2,1,3.0,1438.7
Zm00001eb214560,2,0,1.2983680209745998,1.0844489921553042,4,1,1,1.5,771.3
Zm00001eb214630,2,1,3.4581827083427767,2.7234146529111785,2,2,1,1.5,552.9
Zm00001eb214670,1,0,0.7387555803091942,0.7387555803091942,1,2,1,3.0,1072.9
Zm00001eb214780,2,0,0.9037688877301666,0.5481287979166951,8,2,2,1.0,7844.4
Zm00001eb214860,2,0,1.2705818882841995,1.034924844120698,3,2,2,3.0,134.8
Zm00001eb214900,2,0,0.6042547354109687,0.4571637100872855,9,2,1,3.5,228.0
Zm00001eb214920,1,0,0.303889178938281,0.303889178938281,1,3,1,4.0,80.5
Zm00001eb214930,1,0,0.784664910022449,0.784664910022449,1,3,1,3.0,361.5
Zm00001eb215010,1,0,1.2283234628154105,1.2283234628154105,1,1,1,4.0,523.7
Zm00001eb215030,2,0,0.716810315265661,0.578807258437545,4,3,2,2.5,43.3
Zm00001eb215040,1,0,0.6897477731463902,0.6897477731463902,3,4,3,3.0,417.9
Zm00001eb215070,2,0,0.2844090573537582,0.2556225958348012,2,3,1,5.0,773.1
Zm00001eb215120,1,0,0.8824955150300313,0.8824955150300313,6,2,2,3.0,206.4
Zm00001eb215180,1,0,0.7092734702928623,0.7092734702928623,1,1,1,2.0,247.4
Zm00001eb215220,2,0,1.738036753273298,1.2849882662495586,3,2,1,0.5,133.4
Zm00001eb215370,1,0,0.0849718978813043,0.0849718978813043,6,2,2,0.0,660.1
Zm00001eb215420,1,0,0.2586607852451631,0.2586607852451631,1,4,1,3.0,227.9
Zm00001eb215440,3,0,0.7964925666962345,0.7964925666962345,3,1,1,1.6666666666666667,202.7
Zm00001eb215450,1,0,0.5522707654997805,0.5522707654997805,1,1,1,4.0,155.4
Zm00001eb215460,1,0,0.3269725854243108,0.3269725854243108,2,1,1,2.0,32.9
Zm00001eb215470,1,0,0.7919610918458941,0.7919610918458941,3,2,1,5.0,78.1
Zm00001eb215480,1,1,2.0849681970533394,2.0849681970533394,2,3,2,1.0,54.8
Zm00001eb215510,3,0,1.8206333856861536,0.7265127111351526,3,1,1,4.333333333333333,95.0
Zm00001eb215560,1,0,0.5454130632689388,0.5454130632689388,2,1,1,7.0,68.2
Zm00001eb215620,1,0,0.815092193384917,0.815092193384917,1,1,1,0.0,210.1
Zm00001eb215680,1,0,1.2881035085174466,1.2881035085174466,6,1,1,6.0,182.6
Zm00001eb215710,1,1,2.539472552732426,2.539472552732426,1,2,1,4.0,2196.0
Zm00001eb215780,1,1,1.63281724559116,1.63281724559116,1,1,1,5.0,79.5
Zm00001eb215810,2,0,1.694119094310498,0.9462273091914305,5,1,1,1.5,17.3
Zm00001eb216000,2,0,0.2062628946545084,0.1915499883583896,2,3,1,1.5,887.8
Zm00001eb216120,2,0,0.8389555101475558,0.7111721859745969,3,2,2,2.5,246.9
Zm00001eb216150,4,0,0.713254766645392,0.3525709287055767,6,3,1,3.5,3.8
Zm00001eb216220,1,0,0.7084872990197212,0.7084872990197212,1,5,1,1.0,247.0
Zm00001eb216320,1,0,0.0626867062249409,0.0626867062249409,4,2,2,2.0,159.8
Zm00001eb216410,4,0,1.3287254473267016,0.37254936482791084,6,2,2,2.5,1486.8
Zm00001eb216510,2,0,0.6925882353008673,0.5020044159077871,2,2,2,1.5,262.6
Zm00001eb216520,3,0,1.247385314635583,1.025756656038929,6,2,2,1.3333333333333333,227.7
Zm00001eb216610,1,0,0.6087625894051335,0.6087625894051335,5,3,2,2.0,713.1
Zm00001eb216720,3,0,0.6274137834686249,0.5925247014750987,3,1,1,2.3333333333333335,149.6
Zm00001eb216820,1,0,0.0439059328247249,0.0439059328247249,1,2,1,3.0,68.6
Zm00001eb216960,2,0,0.2870822828056161,0.2870822828056161,3,3,2,3.0,23.3
Zm00001eb217010,1,0,1.6610446369883465,1.6610446369883465,1,2,1,4.0,305.1
Zm00001eb217080,2,0,1.10118004112708,0.8889923898252179,4,3,1,2.0,291.7
Zm00001eb217170,1,0,0.5169614241260685,0.5169614241260685,3,4,2,4.0,72.5
Zm00001eb217180,1,0,0.6599283424540918,0.6599283424540918,1,1,1,2.0,424.8
Zm00001eb217190,7,2,4.39855828554239,2.090313612104969,13,4,4,2.0,331.0
Zm00001eb217210,1,0,0.1280422270381884,0.1280422270381884,8,3,3,1.0,35.4
Zm00001eb217230,3,0,0.5191906687201728,0.3493397959726669,3,2,1,2.6666666666666665,559.6
Zm00001eb217270,1,0,1.520370026042872,1.520370026042872,4,1,1,5.0,106.6
Zm00001eb217290,2,2,2.1205587529799197,1.6856802641852406,4,1,1,1.0,27.5
Zm00001eb217360,1,0,0.1706574885066072,0.1706574885066072,3,2,2,2.0,89.4
Zm00001eb217390,3,0,1.2324986761055214,0.5325581036084474,3,3,3,3.0,1048.1
Zm00001eb217410,1,0,0.89050646816687,0.89050646816687,3,2,2,2.0,16.5
Zm00001eb217420,1,1,3.1566136486032743,3.1566136486032743,1,1,1,4.0,19.2
Zm00001eb217440,2,0,0.6962625645096634,0.547567381583266,2,2,1,2.5,6.4
Zm00001eb217590,4,0,0.9535109300917824,0.717865470831066,5,2,2,4.0,455.8
Zm00001eb217840,1,0,0.4756779990258599,0.4756779990258599,1,0,0,4.0,109.5
Zm00001eb217870,3,1,3.923326174257188,2.4650986136014654,3,3,1,4.0,147.7
Zm00001eb217990,3,0,1.0899083703519312,0.4803906532007162,4,1,1,1.6666666666666667,231.5
Zm00001eb218000,2,0,1.3385224949812156,0.9922544942087728,2,3,2,3.0,154.4
Zm00001eb218160,1,0,0.0422164078442776,0.0422164078442776,1,3,1,4.0,93.2
Zm00001eb218250,1,0,0.9851201291550852,0.9851201291550852,2,1,1,0.0,82.9
Zm00001eb218300,1,0,1.7427048380702796,1.7427048380702796,6,1,1,2.0,184.7
Zm00001eb218400,2,0,0.8614666642353086,0.5986308931006266,10,2,2,5.0,399.1
Zm00001eb218410,1,0,1.1081062824612171,1.1081062824612171,4,2,2,2.0,341.5
Zm00001eb218420,1,0,1.6902401873954431,1.6902401873954431,1,3,1,2.0,53.2
Zm00001eb218450,1,0,1.083386696316217,1.083386696316217,5,3,2,3.0,254.1
Zm00001eb218460,6,0,1.6360591851466073,1.174979933609585,7,2,2,3.0,122.8
Zm00001eb218470,1,0,0.6773025216647914,0.6773025216647914,6,1,1,0.0,2.9
Zm00001eb218510,2,0,1.5470956773512308,1.5470956773512308,2,1,1,2.0,232.2
Zm00001eb218560,1,0,1.187646769583388,1.187646769583388,3,4,1,0.0,5444.9
Zm00001eb218590,3,0,5.4294224792343755,2.4228887464312954,4,2,2,5.333333333333333,189.6
Zm00001eb218680,4,0,0.8737825831887637,0.5074820872885033,4,1,1,2.25,55.8
Zm00001eb218690,1,0,1.5639808128821704,1.5639808128821704,2,2,1,1.0,476.1
Zm00001eb218730,1,0,0.6515179979472181,0.6515179979472181,2,4,2,3.0,243.9
Zm00001eb218740,1,0,0.3247593325247712,0.3247593325247712,1,3,2,2.0,102.5
Zm00001eb218750,1,0,0.0984825010973427,0.0984825010973427,3,2,2,2.0,7.7
Zm00001eb218840,2,0,0.5763548873215941,0.5763548873215941,2,1,1,3.5,290.9
Zm00001eb218860,4,0,1.6089802361618466,0.9739204296586061,5,2,2,2.75,54.8
Zm00001eb218880,2,0,0.6749835082413731,0.6699829946854124,4,2,2,1.0,192.4
Zm00001eb218980,1,0,0.3443274799587381,0.3443274799587381,1,1,1,3.0,187.2
Zm00001eb219040,1,0,0.0030354984956967,0.0030354984956967,3,2,2,5.0,1138.6
Zm00001eb219160,2,2,4.170560152443224,3.936760310648804,2,1,1,4.5,638.2
Zm00001eb219190,2,0,0.4623809901443939,0.4623809901443939,2,1,1,1.0,1023.8
Zm00001eb219200,1,0,0.2347950843603279,0.2347950843603279,3,2,2,6.0,35.2
Zm00001eb219230,3,0,0.8324345216807977,0.502168360784146,4,1,1,2.3333333333333335,1421.3
Zm00001eb219260,1,1,2.4181354041796936,2.4181354041796936,1,1,1,1.0,79.5
Zm00001eb219300,1,0,0.3692960844058735,0.3692960844058735,1,2,1,2.0,561.5
Zm00001eb219390,2,0,1.046393741166996,0.956452951572571,3,1,1,5.5,137.6
Zm00001eb219490,1,0,1.6038515537113978,1.6038515537113978,3,3,1,1.0,1329.1
Zm00001eb219530,2,0,0.9624485461340576,0.493959443784683,4,1,1,6.0,1887.4
Zm00001eb219540,1,0,0.4441319095834189,0.4441319095834189,2,1,1,3.0,45.8
Zm00001eb219570,1,0,0.0681223469318655,0.0681223469318655,2,3,2,3.0,901.5
Zm00001eb219580,3,0,0.3418049525030153,0.20242604355363547,4,3,1,2.6666666666666665,34.9
Zm00001eb219660,3,0,0.3821605254768653,0.279049954162847,11,3,3,2.0,5.6
Zm00001eb219680,1,0,2.401061004673126,2.401061004673126,12,3,3,3.0,11786.2
Zm00001eb219690,1,0,1.210020386900733,1.210020386900733,2,3,2,3.0,57.4
Zm00001eb219710,1,1,1.848124679262618,1.848124679262618,1,1,1,1.0,911.8
Zm00001eb219750,1,1,1.9510711506418617,1.9510711506418617,1,3,1,5.0,200.7
Zm00001eb219850,1,0,0.0242811218772869,0.0242811218772869,3,3,2,3.0,40.5
Zm00001eb219960,2,0,1.0646063591372623,0.8410797867196695,5,1,1,2.5,168.5
Zm00001eb219970,3,1,2.7510720294869215,1.3225021689352416,6,1,1,1.6666666666666667,286.7
Zm00001eb220000,1,0,1.0515752686891997,1.0515752686891997,3,2,2,1.0,197.8
Zm00001eb220050,3,0,0.7709717957297465,0.6087535977186392,7,3,3,1.0,244.3
Zm00001eb220240,3,0,1.523847543182992,1.0436806864187593,5,2,2,3.3333333333333335,174.6
Zm00001eb220250,1,0,1.095256228268581,1.095256228268581,1,2,1,0.0,390.9
Zm00001eb220380,1,0,0.13664537411833,0.13664537411833,1,1,1,3.0,376.4
Zm00001eb220390,2,0,0.322319860813378,0.3099156408194985,2,1,1,4.0,990.2
Zm00001eb220400,3,0,0.3984151184016377,0.2589664451651024,4,2,1,2.3333333333333335,269.4
Zm00001eb220420,1,0,1.6873280123154095,1.6873280123154095,1,1,1,3.0,179.4
Zm00001eb220460,1,0,0.2828113099464618,0.2828113099464618,2,4,3,2.0,11.8
Zm00001eb220550,1,0,0.9646800193722004,0.9646800193722004,2,1,1,0.0,60.2
Zm00001eb220600,1,0,0.5724274148349746,0.5724274148349746,1,3,1,1.0,485.6
Zm00001eb220670,1,0,0.4376409366408996,0.4376409366408996,1,1,1,1.0,53.9
Zm00001eb220750,1,0,1.3775517250289406,1.3775517250289406,1,3,0,3.0,48.3
Zm00001eb220790,1,0,0.3107021963574123,0.3107021963574123,1,1,1,8.0,956.0
Zm00001eb220800,4,0,0.815180478594771,0.7284369319012263,8,2,1,3.25,111.9
Zm00001eb220910,3,0,2.76171739893776,1.8635388656680432,4,2,2,2.6666666666666665,1045.4
Zm00001eb220940,2,0,0.5554087847238754,0.5554087847238754,7,3,1,2.5,6839.7
Zm00001eb220980,1,0,0.6444560269878908,0.6444560269878908,1,2,1,5.0,31.9
Zm00001eb221100,1,0,0.3735117820161092,0.3735117820161092,1,3,1,2.0,165.3
Zm00001eb221110,1,0,0.1037499143450553,0.1037499143450553,3,1,1,5.0,47.5
Zm00001eb221150,1,0,0.6819899895278368,0.6819899895278368,2,2,1,3.0,194.8
Zm00001eb221160,1,0,1.02497900406502,1.02497900406502,1,3,1,2.0,123.6
Zm00001eb221190,1,0,0.4384751016337007,0.4384751016337007,2,2,1,0.0,123.4
Zm00001eb221310,1,0,0.8043920610243713,0.8043920610243713,1,1,1,4.0,350.7
Zm00001eb221360,2,0,0.7763140996201563,0.7763140996201563,2,3,1,1.5,145.4
Zm00001eb221410,1,0,0.4552443754354044,0.4552443754354044,1,1,1,5.0,140.7
Zm00001eb221480,1,0,0.6755446397302519,0.6755446397302519,1,4,1,3.0,73.3
Zm00001eb221490,1,0,1.525677312112136,1.525677312112136,2,1,1,4.0,52.4
Zm00001eb221500,1,0,0.6762111211335479,0.6762111211335479,2,1,1,3.0,303.8
Zm00001eb221600,3,0,1.3119941240898887,0.8574468205454381,3,4,2,2.0,223.9
Zm00001eb221610,1,0,0.3614549875229179,0.3614549875229179,1,2,1,3.0,69.9
Zm00001eb221780,1,0,7.213198182114675,7.213198182114675,2,2,1,5.0,15.9
Zm00001eb221970,3,3,4.185660733335226,3.7298583965237895,5,1,1,5.0,882.2
Zm00001eb222030,1,0,1.0391824538511252,1.0391824538511252,3,2,1,0.0,35.8
Zm00001eb222060,3,0,1.3568752135151576,0.9968793783235753,3,4,1,3.0,707.3
Zm00001eb222160,1,0,0.5639069456151466,0.5639069456151466,1,1,1,1.0,565.6
Zm00001eb222210,1,0,1.6104691251807022,1.6104691251807022,2,2,1,2.0,197.3
Zm00001eb222240,1,0,0.2088821955261937,0.2088821955261937,2,4,1,1.0,483.5
Zm00001eb222280,2,0,0.2936141880328816,0.22133294399684106,7,1,1,1.5,306.1
Zm00001eb222300,1,0,0.672474382970238,0.672474382970238,2,1,1,3.0,493.0
Zm00001eb222340,2,0,1.4232026458719482,0.7769956070307373,2,2,1,1.0,138.4
Zm00001eb222460,1,0,1.135147090851783,1.135147090851783,1,1,1,1.0,428.3
Zm00001eb222500,1,0,0.6128682374080782,0.6128682374080782,2,1,1,3.0,18.0
Zm00001eb222590,4,0,1.161104390117402,1.1307466346328547,6,2,1,3.0,417.1
Zm00001eb222640,2,0,0.8614067961510574,0.7661729198300333,2,2,2,4.5,248.3
Zm00001eb222690,3,0,1.64074906295005,1.499198037566935,4,2,1,2.6666666666666665,691.8
Zm00001eb222840,1,0,0.5601282701627399,0.5601282701627399,1,3,1,1.0,2.6
Zm00001eb222850,1,0,0.3803323618502274,0.3803323618502274,1,1,1,2.0,202.0
Zm00001eb222930,1,0,1.00887165239483,1.00887165239483,1,3,2,0.0,51.5
Zm00001eb222960,3,0,0.4931163379268638,0.3675919241220262,6,2,2,3.3333333333333335,62.8
Zm00001eb223040,2,0,0.4943386604529424,0.48109277255989974,3,1,1,2.5,60.7
Zm00001eb223060,1,0,0.5143798687446913,0.5143798687446913,1,2,1,3.0,128.4
Zm00001eb223160,1,0,0.0705559278103444,0.0705559278103444,1,5,1,1.0,41.5
Zm00001eb223190,2,0,0.3667992426948457,0.3667992426948457,10,2,2,4.5,121.9
Zm00001eb223200,1,0,1.1657551109722435,1.1657551109722435,2,2,1,5.0,2786.0
Zm00001eb223210,2,0,0.2191813073380263,0.18140964346653735,4,1,1,3.5,282.9
Zm00001eb223240,1,1,4.424017322842078,4.424017322842078,1,2,1,5.0,527.7
Zm00001eb223290,1,0,1.033446663479885,1.033446663479885,2,2,1,3.0,206.2
Zm00001eb223300,1,0,0.9139406890480208,0.9139406890480208,1,1,1,1.0,8.0
Zm00001eb223620,1,0,0.9879011108818496,0.9879011108818496,2,1,1,4.0,273.0
Zm00001eb223890,1,0,0.1704572099929404,0.1704572099929404,1,2,1,1.0,1680.7
Zm00001eb224050,1,0,0.1344016317807841,0.1344016317807841,2,3,1,3.0,780.0
Zm00001eb224170,2,0,0.8149048018710825,0.8149048018710825,3,1,1,1.0,135.2
Zm00001eb224220,1,0,0.0638708369836668,0.0638708369836668,1,1,1,4.0,492.6
Zm00001eb224230,2,0,1.1060308612065228,0.8500004558817364,3,1,1,3.0,1359.8
Zm00001eb224260,5,0,1.3701470151108202,1.0581424369169206,6,2,2,3.4,180.3
Zm00001eb224570,2,0,0.0192353706084238,0.0192353706084238,4,1,1,2.5,11.1
Zm00001eb224740,1,0,0.2921404982187003,0.2921404982187003,1,1,1,4.0,32.3
Zm00001eb224900,1,0,0.7663786645443112,0.7663786645443112,1,1,1,2.0,895.7
Zm00001eb224910,1,0,1.1086656147615594,1.1086656147615594,1,2,0,2.0,48.9
Zm00001eb224940,1,0,1.0504533963429397,1.0504533963429397,1,1,1,4.0,65.3
Zm00001eb224950,1,1,4.824899517848504,4.824899517848504,1,2,1,5.0,1527.6
Zm00001eb225000,1,0,0.6593628711959,0.6593628711959,1,1,1,2.0,102.5
Zm00001eb225060,2,0,0.2905046874634019,0.2905046874634019,4,3,1,2.0,2207.1
Zm00001eb225110,2,0,0.4768405538326121,0.29364194140299293,3,2,1,1.5,16.3
Zm00001eb225120,1,0,1.3841352273232617,1.3841352273232617,2,2,1,6.0,16.3
Zm00001eb225160,1,0,0.3965383446658023,0.3965383446658023,1,1,1,3.0,7.5
Zm00001eb225320,1,0,1.122752875360753,1.122752875360753,1,4,1,5.0,17.6
Zm00001eb225390,1,0,0.7107759246125687,0.7107759246125687,1,3,1,2.0,40.4
Zm00001eb225470,2,0,2.1042410077681253,2.021616765230629,4,2,1,1.5,20.5
Zm00001eb225570,2,0,0.9364453042132438,0.6658186814012091,2,2,1,0.0,175.5
Zm00001eb225760,1,0,0.0674117736000147,0.0674117736000147,2,1,1,3.0,111.8
Zm00001eb225770,1,0,1.7588456470029108,1.7588456470029108,3,4,3,1.0,328.6
Zm00001eb225790,1,1,4.0288094026258445,4.0288094026258445,2,2,2,4.0,514.0
Zm00001eb225820,1,0,0.8125815235462504,0.8125815235462504,2,1,1,6.0,406.8
Zm00001eb225830,2,0,0.6309079508970237,0.6309079508970237,2,1,1,2.0,265.5
Zm00001eb225950,1,0,0.4866518988761909,0.4866518988761909,1,3,1,2.0,32.5
Zm00001eb226030,2,0,0.9132611201492672,0.8948579371467401,4,1,1,2.5,473.4
Zm00001eb226260,1,0,0.8502633626550784,0.8502633626550784,1,2,1,1.0,45.0
Zm00001eb226300,1,0,1.014981747846926,1.014981747846926,2,3,1,7.0,7.9
Zm00001eb226320,1,0,1.226250653738569,1.226250653738569,2,1,1,4.0,16980.1
Zm00001eb226400,1,0,0.4352591993426618,0.4352591993426618,7,3,2,1.0,78.8
Zm00001eb226430,3,0,1.391603595030942,0.889748610945202,4,3,1,1.6666666666666667,106.9
Zm00001eb226680,2,0,0.9005593207840229,0.9005593207840229,2,1,1,6.0,4.7
Zm00001eb226770,1,0,3.6903898145281264,3.6903898145281264,1,2,1,2.0,421.8
Zm00001eb226780,1,0,0.025101939574887,0.025101939574887,2,2,1,3.0,131.2
Zm00001eb226800,2,0,1.1315015768804062,1.0755973916955401,5,1,1,2.0,66.9
Zm00001eb226810,2,0,0.3483416741866225,0.2680842158204032,4,3,2,3.5,798.4
Zm00001eb226820,3,3,4.1965724073713435,3.551729104443693,4,3,2,3.6666666666666665,68.4
Zm00001eb226840,3,0,1.5763783034330905,1.0812338696378176,3,2,2,3.0,54.7
Zm00001eb226850,1,0,1.5624078517959066,1.5624078517959066,1,1,1,2.0,265.9
Zm00001eb226900,1,0,0.1974410611740005,0.1974410611740005,7,3,2,5.0,185.0
Zm00001eb226920,5,0,2.163327733619981,0.9792655201050119,5,4,3,4.0,1249.7
Zm00001eb227000,3,0,0.5447952503136148,0.39930930649291235,3,2,1,1.0,30.5
Zm00001eb227030,1,0,0.6055009196612183,0.6055009196612183,2,1,1,3.0,6.4
Zm00001eb227040,3,0,0.9584820976060852,0.34027273543945546,4,3,2,2.3333333333333335,110.0
Zm00001eb227070,1,0,1.162700164288042,1.162700164288042,2,1,1,1.0,27.2
Zm00001eb227100,2,0,0.2029416521107252,0.1425524186609666,2,1,1,3.0,199.3
Zm00001eb227180,1,0,1.3950405962789234,1.3950405962789234,1,1,1,0.0,265.0
Zm00001eb227200,4,1,2.305646447426234,1.1710068371986164,5,1,1,3.0,769.4
Zm00001eb227230,1,0,1.0381708875274878,1.0381708875274878,1,2,1,1.0,121.8
Zm00001eb227310,1,1,3.539510209205446,3.539510209205446,1,5,1,2.0,1861.9
Zm00001eb227350,2,0,0.1385514099376466,0.1385514099376466,2,2,2,2.0,459.7
Zm00001eb227400,1,1,2.8731706347228676,2.8731706347228676,1,1,1,1.0,933.5
Zm00001eb227470,1,0,1.3656134116331382,1.3656134116331382,3,2,1,0.0,3212.7
Zm00001eb227480,1,0,1.064640504890677,1.064640504890677,1,1,1,3.0,87.3
Zm00001eb227610,1,0,0.7536204656175324,0.7536204656175324,1,2,1,0.0,4945.6
Zm00001eb227640,2,0,0.2915194876659222,0.2915194876659222,4,1,1,4.5,199.1
Zm00001eb227690,7,4,4.460118220540794,2.5469352512571777,9,3,3,3.857142857142857,151.0
Zm00001eb227710,3,0,3.1260784020981385,1.2194090985002484,4,2,1,2.0,589.7
Zm00001eb227720,2,0,1.7850451882003124,1.3913682008374804,3,2,2,3.0,261.2
Zm00001eb227730,2,0,0.8675885237498198,0.8675885237498198,2,1,1,2.5,14.5
Zm00001eb227760,3,0,1.0076960952003655,0.5764742156920926,4,2,1,1.6666666666666667,5.8
Zm00001eb227770,1,0,0.2878137420075731,0.2878137420075731,7,3,3,4.0,204.1
Zm00001eb227780,5,5,3.2771288759229265,3.149600832852805,7,3,3,2.6,570.4
Zm00001eb227790,1,0,0.4125813061109493,0.4125813061109493,1,2,1,4.0,177.8
Zm00001eb227820,1,1,2.282344077627493,2.282344077627493,2,2,1,4.0,131.5
Zm00001eb227930,4,0,1.5660919453487678,0.979852025705137,6,2,1,2.25,453.2
Zm00001eb227940,1,0,0.0358020322078762,0.0358020322078762,2,3,1,4.0,1035.2
Zm00001eb227950,1,0,0.6677149124911353,0.6677149124911353,2,4,4,1.0,394.2
Zm00001eb227980,1,0,0.405455194291394,0.405455194291394,3,1,1,1.0,649.1
Zm00001eb227990,1,0,0.3187766941220629,0.3187766941220629,2,2,2,5.0,8.2
Zm00001eb228050,1,0,0.776624161757186,0.776624161757186,1,3,1,2.0,295.2
Zm00001eb228090,2,1,2.5466650592937663,1.294553217402839,3,2,1,0.5,203.2
Zm00001eb228100,1,0,0.5355306470680422,0.5355306470680422,2,1,1,2.0,2456.8
Zm00001eb228120,5,0,5.39907861082624,1.7318603648000395,8,1,1,3.0,1610.6
Zm00001eb228140,1,0,1.2823875663098427,1.2823875663098427,4,1,1,3.0,877.8
Zm00001eb228160,1,1,2.0854684599772058,2.0854684599772058,1,1,1,4.0,213.9
Zm00001eb228190,1,0,1.800831097690933,1.800831097690933,1,1,1,4.0,769.0
Zm00001eb228230,2,0,1.030079094904404,0.7762946519789526,3,1,1,3.5,433.4
Zm00001eb228570,4,2,2.6290609460180696,1.5688287805522645,5,2,2,3.0,1093.7
Zm00001eb228580,5,0,0.5257356218808515,0.24810798254041067,5,1,1,1.8,30.3
Zm00001eb228660,1,0,1.4526881218617989,1.4526881218617989,2,2,2,5.0,500.2
Zm00001eb228780,1,0,0.1326816920283639,0.1326816920283639,1,2,1,4.0,26.0
Zm00001eb228790,1,0,0.1963716961165265,0.1963716961165265,1,2,1,1.0,338.0
Zm00001eb228910,1,0,0.5488204291995358,0.5488204291995358,1,3,1,2.0,144.9
Zm00001eb228940,1,0,1.0169054381051357,1.0169054381051357,2,3,1,0.0,333.5
Zm00001eb229000,2,0,0.9219583487559506,0.7554653612980813,5,4,2,0.5,196.7
Zm00001eb229070,1,0,0.3088058601044216,0.3088058601044216,1,1,1,0.0,38.9
Zm00001eb229170,1,0,2.3640933407735383,2.3640933407735383,1,3,1,1.0,175.4
Zm00001eb229260,1,0,1.908316156954439,1.908316156954439,1,5,0,2.0,215.1
Zm00001eb229310,1,0,2.8101997072784064,2.8101997072784064,3,1,1,5.0,204.5
Zm00001eb229460,2,0,0.5708009665400468,0.35453117888040864,3,1,1,3.0,8858.2
Zm00001eb229510,1,0,1.3167828827416252,1.3167828827416252,1,2,0,3.0,133.9
Zm00001eb229520,1,0,0.2238420371608056,0.2238420371608056,1,1,1,2.0,331.2
Zm00001eb229530,2,0,2.322213568081203,1.4913378698824835,4,2,2,0.5,61.6
Zm00001eb229620,1,0,1.0190355542191107,1.0190355542191107,2,1,1,3.0,212.0
Zm00001eb229640,1,0,0.6173665052681033,0.6173665052681033,8,1,1,2.0,219.3
Zm00001eb229660,1,0,1.6583138861429716,1.6583138861429716,1,2,1,7.0,150.4
Zm00001eb229880,2,0,0.606031550808114,0.4352300532692305,7,2,2,3.0,203.6
Zm00001eb229900,3,0,1.2794394025137945,0.6779897027695515,6,2,2,3.3333333333333335,1529.5
Zm00001eb229930,2,0,1.0126944029944212,0.6803288033241246,4,2,1,2.5,1230.5
Zm00001eb229950,2,0,1.032865227603413,0.5251357854406029,4,2,1,3.0,912.7
Zm00001eb230060,1,0,0.6902837194119708,0.6902837194119708,1,1,1,1.0,193.1
Zm00001eb230070,3,0,1.824211999396075,1.1511249188816153,4,2,1,2.0,39.1
Zm00001eb230110,1,0,1.017565684262506,1.017565684262506,1,3,1,1.0,90.7
Zm00001eb230130,1,0,1.0875242154588347,1.0875242154588347,1,1,1,2.0,33.7
Zm00001eb230240,1,0,0.6703071904476752,0.6703071904476752,1,1,0,3.0,170.3
Zm00001eb230270,1,0,0.062246469431239,0.062246469431239,1,1,1,2.0,27.0
Zm00001eb230300,3,0,1.4885190253042917,1.2503925580024287,4,2,2,3.0,130.3
Zm00001eb230410,2,0,1.4307133085810917,1.0507586069614954,5,2,2,1.0,2147.2
Zm00001eb230470,2,0,0.1326965408103662,0.11257377495552665,3,2,2,2.0,248.7
Zm00001eb230480,1,0,0.0249620721357749,0.0249620721357749,3,3,2,6.0,6.5
Zm00001eb230750,2,0,0.495879956826239,0.495879956826239,5,3,1,3.0,4549.7
Zm00001eb230760,4,0,1.9413925440677045,1.4592379476370885,8,2,2,1.5,371.7
Zm00001eb230780,1,0,1.201426239043517,1.201426239043517,2,5,3,3.0,599.6
Zm00001eb230800,1,0,1.0998773953824057,1.0998773953824057,1,2,1,1.0,51.8
Zm00001eb230870,2,0,2.4507938666834757,2.4507938666834757,2,1,1,2.0,1519.4
Zm00001eb230910,2,0,0.3511419629316867,0.3511419629316867,3,3,1,5.0,398.1
Zm00001eb230920,1,0,1.6082424555397536,1.6082424555397536,1,2,1,1.0,7.0
Zm00001eb231060,1,0,2.131658708835522,2.131658708835522,1,2,1,2.0,446.8
Zm00001eb231070,1,0,0.2129356146916777,0.2129356146916777,1,1,1,2.0,351.9
Zm00001eb231080,2,0,0.5970413950448196,0.49424963467854843,4,3,2,2.5,76.2
Zm00001eb231100,1,0,0.7845228776036008,0.7845228776036008,2,1,1,2.0,66.4
Zm00001eb231170,4,0,1.7372346898762534,1.1584756715090887,4,3,1,2.75,228.8
Zm00001eb231230,2,0,1.434336130797221,1.1802885631171471,2,3,1,5.0,332.7
Zm00001eb231250,2,0,1.1143611811546028,1.0954890737053578,3,2,1,0.5,10764.6
Zm00001eb231280,2,0,0.8307124387170334,0.7225430594314163,2,2,2,2.5,25.7
Zm00001eb231310,1,0,0.6806605723452256,0.6806605723452256,2,1,1,4.0,137.1
Zm00001eb231460,1,0,0.9786965583099408,0.9786965583099408,1,2,1,2.0,306.3
Zm00001eb231490,2,0,0.2785972972028858,0.2341957756568943,5,2,2,2.5,826.7
Zm00001eb231510,1,0,0.9925298998503684,0.9925298998503684,2,2,1,3.0,258.1
Zm00001eb231550,1,0,2.4318249344953293,2.4318249344953293,1,3,2,6.0,107.8
Zm00001eb231570,1,0,0.1273219646463296,0.1273219646463296,3,1,1,2.0,575.7
Zm00001eb231610,1,0,1.4911345117081722,1.4911345117081722,3,3,2,1.0,256.6
Zm00001eb231720,1,0,0.4669504173052596,0.4669504173052596,1,2,1,2.0,66.1
Zm00001eb231770,1,0,0.074097770910013,0.074097770910013,1,1,1,3.0,113.2
Zm00001eb231850,1,0,0.068703917002226,0.068703917002226,1,3,0,3.0,166.1
Zm00001eb232000,5,0,0.2962199820591872,0.24873893893382876,9,3,2,1.8,785.2
Zm00001eb232020,2,0,0.9700611875573816,0.9700611875573816,2,1,1,1.5,210.7
Zm00001eb232050,1,0,0.5914689234008507,0.5914689234008507,1,3,0,2.0,122.2
Zm00001eb232220,1,0,0.6295802076365902,0.6295802076365902,1,2,1,4.0,179.0
Zm00001eb232230,2,0,1.2862290413729531,0.9919357638586838,2,1,1,3.0,279.8
Zm00001eb232250,2,0,1.0569318792309828,0.8494796429218099,3,3,2,3.0,551.2
Zm00001eb232290,1,0,0.3527622632585738,0.3527622632585738,3,3,1,2.0,413.0
Zm00001eb232360,1,0,1.0223064619374809,1.0223064619374809,1,2,0,2.0,987.1
Zm00001eb232450,3,0,0.5572795616786975,0.4057307049490193,3,1,1,1.6666666666666667,231.3
Zm00001eb232520,1,0,0.2971818930673379,0.2971818930673379,1,1,0,0.0,196.9
Zm00001eb232560,1,0,0.8000128885598323,0.8000128885598323,1,3,1,4.0,75.6
Zm00001eb232600,1,0,0.6231941922809495,0.6231941922809495,1,2,1,4.0,149.0
Zm00001eb232640,1,0,0.9218866162371744,0.9218866162371744,4,2,1,1.0,94.9
Zm00001eb232700,1,0,0.6916569113263634,0.6916569113263634,1,2,1,4.0,15.4
Zm00001eb232710,2,1,1.8662184300906264,1.3884460628683295,2,3,2,3.5,2121.5
Zm00001eb232730,2,0,2.003087726235718,1.7274685176648208,2,2,1,2.0,554.6
Zm00001eb232780,1,0,0.3987704422220453,0.3987704422220453,1,3,1,3.0,13.6
Zm00001eb232960,2,0,2.8118127790812024,2.8118127790812024,8,3,3,2.5,4968.5
Zm00001eb232970,2,0,0.6302139492334357,0.36330580421119335,2,2,1,4.0,164.3
Zm00001eb233060,2,2,5.463884013470282,5.463884013470282,3,2,2,2.5,919.0
Zm00001eb233080,1,0,1.596149271813466,1.596149271813466,3,1,1,3.0,900.8
Zm00001eb233250,4,0,0.4636366638231937,0.3092220519823715,6,2,2,2.75,106.9
Zm00001eb233280,1,0,3.1813456090444423,3.1813456090444423,1,3,1,1.0,98.4
Zm00001eb233410,1,0,1.7084761787059874,1.7084761787059874,3,1,1,3.0,102.2
Zm00001eb233440,1,0,1.3287710459911295,1.3287710459911295,1,2,1,0.0,70.0
Zm00001eb233450,1,0,9.388824742861685,9.388824742861685,1,4,1,2.0,1072.2
Zm00001eb233490,2,0,0.6437564026043123,0.6437564026043123,2,3,1,2.0,124.9
Zm00001eb233540,1,0,1.2000333393821103,1.2000333393821103,3,2,1,2.0,49.7
Zm00001eb233610,2,0,2.6361242005769627,2.6361242005769627,6,2,1,1.5,239.1
Zm00001eb233720,1,0,0.7754054610410399,0.7754054610410399,2,1,1,5.0,1525.4
Zm00001eb233730,1,1,3.4568081099510115,3.4568081099510115,1,2,1,6.0,154.4
Zm00001eb233770,1,0,0.2730546415961559,0.2730546415961559,1,3,1,1.0,855.0
Zm00001eb233790,2,0,0.760886121963995,0.6007154163325761,2,2,1,3.5,2292.8
Zm00001eb233850,2,1,1.9864140091878009,1.789139499440613,7,2,2,5.5,64.3
Zm00001eb233910,1,0,0.4036709812633799,0.4036709812633799,1,2,1,2.0,603.8
Zm00001eb234090,1,0,0.7243650563637136,0.7243650563637136,2,1,1,6.0,513.1
Zm00001eb234120,1,0,1.2517476282230433,1.2517476282230433,4,2,1,0.0,1386.5
Zm00001eb234150,1,0,2.7156821050606905,2.7156821050606905,5,1,1,1.0,244.3
Zm00001eb234160,2,0,0.2010046304349544,0.1502725895822274,2,2,1,2.0,272.2
Zm00001eb234170,1,0,0.391848670734792,0.391848670734792,1,2,1,0.0,271.1
Zm00001eb234390,1,0,1.429562487316328,1.429562487316328,1,3,2,3.0,1415.7
Zm00001eb234610,1,0,0.1447427459201173,0.1447427459201173,1,2,1,2.0,9.1
Zm00001eb234970,3,2,6.528465099879899,3.5129289777104025,4,1,1,1.6666666666666667,22.7
Zm00001eb235460,1,0,0.7677242793729102,0.7677242793729102,1,1,1,4.0,63.0
Zm00001eb236640,1,0,2.0175937648233804,2.0175937648233804,1,2,1,1.0,4.8
Zm00001eb236830,1,0,0.5604414025576578,0.5604414025576578,1,1,1,2.0,210.7
Zm00001eb236850,2,0,1.6000193689990423,1.6000193689990423,3,2,1,3.0,14.1
Zm00001eb237100,2,0,0.4032431022405041,0.20585336636577678,2,3,1,2.0,5.2
Zm00001eb237200,1,0,0.0749873384171305,0.0749873384171305,1,1,1,0.0,153.4
Zm00001eb237270,4,4,2.7781191515325627,2.5832417997342683,4,2,1,1.75,874.2
Zm00001eb237510,1,0,2.549265314344784,2.549265314344784,1,1,1,2.0,405.5
Zm00001eb237530,1,0,0.1778429992679155,0.1778429992679155,1,1,1,3.0,15.8
Zm00001eb237570,2,0,1.705882399154335,0.9335331386503792,3,1,1,3.0,799.2
Zm00001eb237810,1,0,0.8870539352270058,0.8870539352270058,3,1,1,3.0,496.1
Zm00001eb237910,3,0,0.3505587186783887,0.2511699495203507,3,3,1,1.6666666666666667,24.4
Zm00001eb238000,3,1,2.1498615631079714,1.5267712569302418,5,2,2,2.0,369.2
Zm00001eb238050,2,0,0.5901954279796456,0.4757223515961465,2,2,2,4.0,39.9
Zm00001eb238230,1,0,0.708769237397709,0.708769237397709,3,2,2,2.0,428.3
Zm00001eb238320,1,0,1.5108190005087416,1.5108190005087416,3,1,1,2.0,52.0
Zm00001eb238610,1,0,1.1694031598284138,1.1694031598284138,1,1,1,1.0,272.0
Zm00001eb238620,2,1,2.101410767301607,1.0584826438148283,2,3,2,3.0,390.4
Zm00001eb238670,1,1,2.4797842854311596,2.4797842854311596,2,2,2,2.0,775.4
Zm00001eb238820,2,0,1.9944057673583035,1.886696236248704,6,2,2,2.0,574.3
Zm00001eb238900,1,0,0.3394971505219616,0.3394971505219616,3,2,1,3.0,250.2
Zm00001eb239020,3,0,1.6408047234295238,1.1741516487312706,6,3,2,2.3333333333333335,68.8
Zm00001eb239050,2,0,0.6657552935034948,0.44317687219787694,2,2,2,1.5,288.8
Zm00001eb239090,1,0,0.7761475831831418,0.7761475831831418,2,3,2,4.0,32.8
Zm00001eb239130,2,1,0.8708900651876657,0.7588179118244333,4,1,1,3.0,236.6
Zm00001eb239380,2,0,0.2656528499414338,0.16536956818724208,3,1,1,1.5,699.0
Zm00001eb239490,5,0,0.2582607598674047,0.20916680857944323,7,1,1,2.6,124.3
Zm00001eb239500,1,0,1.4758018519347582,1.4758018519347582,1,3,1,1.0,2.9
Zm00001eb239520,5,0,1.545399385429454,1.0919994613521893,8,2,2,2.6,1616.7
Zm00001eb239530,2,0,0.4919425765010228,0.3516804887778387,3,2,1,1.0,347.4
Zm00001eb239920,3,0,2.3435081149628965,1.5173070202856878,5,1,1,3.3333333333333335,1892.0
Zm00001eb240100,2,2,2.445155287041432,2.38834985295372,2,1,1,2.0,302.8
Zm00001eb240120,4,0,1.3893602245481145,0.6537621450740644,6,2,2,3.25,199.1
Zm00001eb240130,1,0,0.0103555931128071,0.0103555931128071,2,2,1,3.0,837.9
Zm00001eb240160,2,1,3.150560673239874,2.342566822647264,8,1,1,3.5,2413.5
Zm00001eb240410,2,0,0.2969534555587315,0.2969534555587315,4,3,2,3.5,455.4
Zm00001eb240680,1,0,0.8433886827568097,0.8433886827568097,1,1,1,0.0,10.6
Zm00001eb240700,1,0,2.149257117925534,2.149257117925534,1,1,1,3.0,8886.7
Zm00001eb240730,1,0,1.2196623336525585,1.2196623336525585,1,1,1,3.0,106.8
Zm00001eb240750,1,1,2.0331125781654853,2.0331125781654853,4,3,2,4.0,35.1
Zm00001eb240940,2,0,0.6500231663049878,0.6500231663049878,2,3,2,0.5,684.4
Zm00001eb241000,1,0,0.6029806707797962,0.6029806707797962,1,1,1,3.0,212.3
Zm00001eb241040,1,0,0.0785010303519979,0.0785010303519979,2,3,1,1.0,110.6
Zm00001eb241190,1,0,0.9360870298197804,0.9360870298197804,2,1,1,0.0,646.4
Zm00001eb241400,2,0,1.1126978404997718,1.1126978404997718,4,1,1,4.5,113.8
Zm00001eb241420,1,0,0.85313234328244,0.85313234328244,1,2,1,2.0,334.7
Zm00001eb241510,2,0,2.126171557846592,2.126171557846592,2,2,1,1.5,398.3
Zm00001eb241550,1,0,1.860059521067201,1.860059521067201,1,2,1,6.0,882.7
Zm00001eb241570,2,0,1.2199836410824427,0.8734790710434048,2,2,1,0.0,23.7
Zm00001eb241620,3,3,2.8093404461155775,2.594829284957355,7,3,2,1.6666666666666667,413.6
Zm00001eb241630,1,0,0.7771367607587926,0.7771367607587926,1,2,0,3.0,25.0
Zm00001eb241660,2,0,1.774279828192756,1.2866738275144818,5,1,1,3.5,681.2
Zm00001eb241730,1,0,0.1473002470697637,0.1473002470697637,3,1,1,2.0,4006.8
Zm00001eb241770,3,0,0.6016044685363374,0.3732803724951282,4,1,1,3.0,262.5
Zm00001eb241780,5,1,2.649178803799349,1.7871471839448927,5,1,1,4.2,201.7
Zm00001eb241810,1,1,2.3548519731405695,2.3548519731405695,3,3,2,7.0,517.9
Zm00001eb241840,1,0,2.364817579702417,2.364817579702417,2,1,1,0.0,145.6
Zm00001eb241880,1,0,0.2082565243979269,0.2082565243979269,5,3,1,3.0,81.7
Zm00001eb241950,2,0,0.4521031240675936,0.328038551162521,3,2,1,1.0,431.6
Zm00001eb242030,2,0,1.6158814545878055,0.945707392606153,4,1,1,5.5,67.5
Zm00001eb242080,2,0,0.9500214731967948,0.5570473680101702,4,2,1,2.5,100.5
Zm00001eb242090,2,0,0.3995763718259821,0.3995763718259821,2,1,1,2.5,42.5
Zm00001eb242150,1,0,1.6819535359800877,1.6819535359800877,1,2,1,1.0,217.7
Zm00001eb242260,1,0,0.3683599259052678,0.3683599259052678,1,4,1,4.0,855.0
Zm00001eb242280,1,0,1.2521910290645986,1.2521910290645986,1,2,1,3.0,70.8
Zm00001eb242300,1,0,0.4369871196571011,0.4369871196571011,1,4,1,1.0,48.8
Zm00001eb242360,4,0,1.4574524347750408,1.069978276664923,10,2,2,2.0,1276.6
Zm00001eb242380,1,0,0.4876832575700804,0.4876832575700804,1,3,2,2.0,212.2
Zm00001eb242420,3,0,1.5504819653223014,0.7724495448947838,4,4,3,3.0,1261.1
Zm00001eb242460,1,0,0.3604661216230545,0.3604661216230545,3,1,1,2.0,12.4
Zm00001eb242570,1,0,1.1786710223053944,1.1786710223053944,2,3,2,4.0,30.5
Zm00001eb242580,3,0,0.7581442024780735,0.588665887593063,4,2,2,3.0,136.3
Zm00001eb242630,2,0,1.2819651806160328,1.2819651806160328,5,2,2,2.0,221.8
Zm00001eb242720,1,0,0.6634639733132727,0.6634639733132727,1,1,0,6.0,66.1
Zm00001eb242750,2,0,1.1899310406712955,0.8928937397928823,2,3,1,2.5,85.4
Zm00001eb242760,1,0,0.9422531617093736,0.9422531617093736,7,2,1,1.0,406.6
Zm00001eb242790,1,0,0.0224049274679922,0.0224049274679922,3,3,3,2.0,292.6
Zm00001eb242800,2,0,0.4713339955703367,0.42158186538328457,6,1,1,3.0,110.0
Zm00001eb242880,1,0,0.78097154148539,0.78097154148539,1,5,1,1.0,4.2
Zm00001eb242900,1,0,0.2869745325292689,0.2869745325292689,1,1,1,3.0,64.5
Zm00001eb242920,1,0,2.316887015414683,2.316887015414683,1,2,1,3.0,174.3
Zm00001eb243000,1,0,1.5693566544280455,1.5693566544280455,4,3,2,2.0,36.0
Zm00001eb243040,1,0,0.3398751052841975,0.3398751052841975,3,2,1,4.0,236.6
Zm00001eb243060,2,0,1.164065917470018,0.9704405334512956,2,2,1,1.5,1183.4
Zm00001eb243130,2,0,0.3981962697892328,0.2276403679847,5,1,1,2.5,48.8
Zm00001eb243140,1,0,1.0173869859308742,1.0173869859308742,4,2,1,4.0,427.5
Zm00001eb243180,4,0,0.8361992662390819,0.6158084285999835,7,3,2,2.25,4707.3
Zm00001eb243200,1,0,0.8119072741085962,0.8119072741085962,2,1,1,3.0,3.4
Zm00001eb243260,2,0,1.0177101332787764,1.0177101332787764,2,2,1,2.5,100.5
Zm00001eb243290,1,0,1.846527527994354,1.846527527994354,2,1,1,2.0,6.6
Zm00001eb243380,2,0,0.89891778332202,0.89891778332202,2,1,1,3.0,558.9
Zm00001eb243410,2,0,2.326106696460781,1.6108364390811887,5,1,1,1.0,140.2
Zm00001eb243510,1,0,0.7003107838353689,0.7003107838353689,2,1,1,0.0,452.8
Zm00001eb243530,2,0,1.7104641720652836,1.3159512145251817,3,3,1,2.5,1209.8
Zm00001eb243560,1,0,1.085852632482546,1.085852632482546,2,2,2,3.0,491.8
Zm00001eb243590,1,0,1.1993357504032445,1.1993357504032445,5,2,2,2.0,4804.0
Zm00001eb243840,3,0,0.8314769618408888,0.6443644393345991,6,1,1,1.6666666666666667,356.1
Zm00001eb243880,1,0,0.2415068036469697,0.2415068036469697,1,2,1,4.0,23.5
Zm00001eb243890,1,0,1.161935861019784,1.161935861019784,1,4,0,2.0,103.7
Zm00001eb243930,4,0,1.52872070584193,0.4802150483252561,4,1,1,2.0,932.3
Zm00001eb243970,2,0,0.2223360188383024,0.17144257392582365,3,2,2,1.0,140.9
Zm00001eb244020,1,0,1.3902017340819075,1.3902017340819075,8,3,3,8.0,128.1
Zm00001eb244050,1,0,0.2311876065600829,0.2311876065600829,1,2,1,5.0,41.9
Zm00001eb244070,1,0,1.4412062603455993,1.4412062603455993,1,2,0,2.0,7.0
Zm00001eb244080,1,0,0.1737729768449525,0.1737729768449525,1,2,1,1.0,623.8
Zm00001eb244090,2,0,3.660608345716429,2.3366933575555766,4,1,1,3.5,32.6
Zm00001eb244110,4,0,0.6836259525321502,0.522057669272244,5,3,3,2.5,1847.9
Zm00001eb244130,1,0,0.1203544811388303,0.1203544811388303,1,3,0,3.0,1425.8
Zm00001eb244190,2,0,0.9754035500307916,0.5475637745581149,2,3,1,4.0,227.7
Zm00001eb244220,1,0,0.2870007138958209,0.2870007138958209,1,3,1,5.0,500.5
Zm00001eb244380,2,0,0.0866060654641533,0.048053989618330996,2,3,1,0.0,113.7
Zm00001eb244390,2,0,0.9232509759579296,0.5640901698303191,5,2,2,4.0,189.6
Zm00001eb244410,2,0,0.1563553544237735,0.1563553544237735,4,3,2,2.5,465.5
Zm00001eb244530,1,0,0.1678162487000989,0.1678162487000989,2,3,2,3.0,118.6
Zm00001eb244540,1,0,0.8628236447440654,0.8628236447440654,1,2,1,1.0,893.3
Zm00001eb244550,1,0,0.0128570913966311,0.0128570913966311,3,1,1,1.0,27.6
Zm00001eb244560,2,0,0.4669529755938569,0.257061539032858,7,1,1,2.0,57.4
Zm00001eb244590,1,0,2.160758638270472,2.160758638270472,7,2,2,3.0,412.8
Zm00001eb244610,3,2,1.8710675911430776,1.5242747746257734,4,2,2,3.0,54.0
Zm00001eb244640,1,0,0.2226134251899574,0.2226134251899574,1,5,1,5.0,26.4
Zm00001eb244650,2,0,0.6123325773130426,0.34902275135089855,4,1,1,2.5,877.9
Zm00001eb244680,1,0,0.2544103007839899,0.2544103007839899,5,3,2,2.0,473.6
Zm00001eb244720,2,0,1.156358113372659,0.7042895924822852,3,1,1,3.5,354.3
Zm00001eb244770,2,0,0.7075515317122781,0.6761450266159379,6,1,1,4.5,1100.6
Zm00001eb244780,1,0,1.2187703006244983,1.2187703006244983,1,1,1,5.0,171.0
Zm00001eb244840,2,0,0.1942063599092242,0.1942063599092242,3,1,1,1.5,9004.9
Zm00001eb244860,2,0,1.5842788990534544,1.3270346988107646,3,3,1,2.0,228.4
Zm00001eb244930,1,1,4.753694942534736,4.753694942534736,1,2,1,3.0,103.1
Zm00001eb244960,2,2,1.8526784142797992,1.8526784142797992,2,2,1,2.5,457.9
Zm00001eb244980,1,0,0.0469704646310668,0.0469704646310668,2,1,1,4.0,158.5
Zm00001eb244990,1,0,1.16966432083363,1.16966432083363,1,1,1,1.0,42.0
Zm00001eb245060,2,0,2.356018861492754,1.701080691068507,2,1,1,2.0,500.7
Zm00001eb245170,1,0,0.2858446840503107,0.2858446840503107,3,3,2,3.0,45.9
Zm00001eb245180,3,0,1.1336009200299595,0.6099839557155704,3,3,3,2.0,33.2
Zm00001eb245230,1,0,0.2920261980881715,0.2920261980881715,1,2,1,1.0,47.2
Zm00001eb245250,2,0,0.2841291575312908,0.20110350192629886,3,3,2,2.0,2634.2
Zm00001eb245280,1,1,4.0488017460021,4.0488017460021,1,1,1,0.0,180.8
Zm00001eb245340,1,0,0.6358677236805171,0.6358677236805171,2,1,1,5.0,319.2
Zm00001eb245360,1,0,0.2984894422793835,0.2984894422793835,2,1,1,3.0,181.3
Zm00001eb245410,1,1,3.7983113281608527,3.7983113281608527,8,2,2,0.0,457.9
Zm00001eb245520,1,0,0.1293398327338208,0.1293398327338208,1,1,1,4.0,274.2
Zm00001eb245590,2,0,2.210642508119912,1.7223515162280791,3,1,1,1.0,65.0
Zm00001eb245760,1,0,0.5283595859278807,0.5283595859278807,2,2,2,4.0,124.7
Zm00001eb245840,2,1,3.1519521318875774,2.518314329756203,2,1,1,2.0,386.0
Zm00001eb245910,1,0,0.0234055845642813,0.0234055845642813,1,1,1,3.0,172.6
Zm00001eb245920,7,3,2.341977999927494,1.6500818017099164,11,2,2,3.4285714285714284,881.0
Zm00001eb245940,1,0,0.6664050120234982,0.6664050120234982,1,3,1,1.0,12.3
Zm00001eb245950,3,0,0.585775547386305,0.4265272853225293,4,1,1,0.6666666666666666,2663.5
Zm00001eb246010,6,0,1.019957290719244,0.41695769615472184,10,1,1,2.1666666666666665,8.6
Zm00001eb246020,1,0,0.2507937673969238,0.2507937673969238,5,3,2,1.0,394.1
Zm00001eb246040,3,0,0.8799294001260294,0.48992570362085774,8,2,2,4.333333333333333,68.5
Zm00001eb246080,1,0,0.6346619859538346,0.6346619859538346,1,2,1,3.0,301.4
Zm00001eb246150,1,0,0.2117452915683316,0.2117452915683316,4,1,1,4.0,722.6
Zm00001eb246190,1,0,1.2036306979729343,1.2036306979729343,1,1,1,2.0,27.6
Zm00001eb246210,2,0,0.6265403344929844,0.6265403344929844,3,2,2,3.0,380.9
Zm00001eb246270,2,0,1.8707447861873296,1.1576444492302558,2,3,1,1.5,134.9
Zm00001eb246360,1,0,1.08272394447884,1.08272394447884,5,1,1,6.0,1534.4
Zm00001eb246440,1,1,2.855413475989271,2.855413475989271,1,1,1,2.0,368.4
Zm00001eb246490,1,0,0.3983611947174867,0.3983611947174867,1,3,1,3.0,9.8
Zm00001eb246550,1,0,0.8807122986794218,0.8807122986794218,2,3,2,4.0,264.4
Zm00001eb246560,2,0,0.738306488532855,0.6987488326038029,6,4,3,4.0,225.4
Zm00001eb246580,1,0,1.0222003384912672,1.0222003384912672,3,2,2,2.0,276.5
Zm00001eb246590,2,0,2.2064372551394,1.5638419595384243,4,2,1,2.5,145.6
Zm00001eb246600,2,0,0.1854871262331957,0.11571174423068845,7,3,1,2.0,3775.2
Zm00001eb246620,3,2,1.8837177818054085,1.6341637486892182,4,1,1,4.0,250.6
Zm00001eb246710,4,0,0.1398550541194336,0.047345107267881076,4,1,1,3.5,550.2
Zm00001eb246720,1,0,0.2326904442906069,0.2326904442906069,1,3,0,1.0,8.4
Zm00001eb246770,3,0,0.4307770939998223,0.2815192534508786,4,2,1,3.6666666666666665,19.0
Zm00001eb246820,2,0,0.2611633101020436,0.2611633101020436,3,2,1,6.0,2663.0
Zm00001eb246860,1,0,0.2641129693368925,0.2641129693368925,2,3,1,4.0,502.2
Zm00001eb246990,2,0,1.6711504096545915,1.6589557964410782,3,1,1,1.0,991.9
Zm00001eb247000,1,0,0.7853959336622633,0.7853959336622633,2,2,1,7.0,4192.1
Zm00001eb247040,1,0,0.6969211068900276,0.6969211068900276,1,1,1,2.0,775.9
Zm00001eb247060,1,0,0.612610964177716,0.612610964177716,1,3,1,3.0,252.1
Zm00001eb247070,1,0,0.1483139943456128,0.1483139943456128,2,2,1,1.0,348.9
Zm00001eb247180,1,0,0.8705060520583444,0.8705060520583444,1,3,1,3.0,539.5
Zm00001eb247320,1,0,0.590460962799806,0.590460962799806,2,2,1,3.0,698.2
Zm00001eb247330,2,2,2.310393672433273,2.202924559385558,8,1,1,1.5,128.4
Zm00001eb247540,1,1,2.689918027031855,2.689918027031855,2,1,1,1.0,45.4
Zm00001eb247580,3,0,0.9541961986558848,0.8797381810514321,7,4,2,1.0,47.5
Zm00001eb247710,2,0,1.4348723809421646,0.9368362209422824,5,2,2,3.0,73.7
Zm00001eb247720,2,0,1.35451351225752,1.0608739778055396,5,1,1,3.5,315.4
Zm00001eb247750,2,0,0.1493830032968117,0.1307733820855978,6,3,3,2.0,290.7
Zm00001eb247760,2,0,1.042039447575577,0.9728355108549371,3,2,1,3.0,237.9
Zm00001eb247800,1,0,0.4859985977993934,0.4859985977993934,1,3,1,4.0,34.2
Zm00001eb248160,2,0,0.6999422316640236,0.41056036522273875,3,3,1,1.5,12.3
Zm00001eb248170,2,0,1.3661519471783885,1.2137293787242793,3,2,1,2.0,322.5
Zm00001eb248240,1,0,0.3588701878525585,0.3588701878525585,1,3,1,4.0,517.9
Zm00001eb248270,2,0,0.9274749483127592,0.5274207916753426,2,3,2,5.5,18.0
Zm00001eb248280,2,0,0.6551459343097346,0.5012519508379558,2,2,2,1.0,141.9
Zm00001eb248290,2,1,3.045578705346374,2.1646503109859836,4,2,1,3.0,599.0
Zm00001eb248330,2,0,0.1869561596243339,0.1232931796360012,2,2,1,3.0,218.2
Zm00001eb248350,3,1,1.8501334723944156,1.1241932682838505,8,3,3,1.3333333333333333,73.8
Zm00001eb248360,1,0,0.3244764639716845,0.3244764639716845,2,1,1,2.0,1432.8
Zm00001eb248370,2,0,0.2039559152029282,0.1218847494674622,4,2,2,1.5,7.2
Zm00001eb248440,1,0,0.7173070398696854,0.7173070398696854,4,2,1,2.0,62.4
Zm00001eb248510,1,0,0.6737343628520925,0.6737343628520925,1,2,1,5.0,60.4
Zm00001eb248520,1,0,0.8532219239951615,0.8532219239951615,2,1,1,4.0,2678.7
Zm00001eb248530,3,1,2.0869914285378406,1.1817034398822193,6,2,2,1.6666666666666667,26.1
Zm00001eb248540,1,0,0.9209383175887096,0.9209383175887096,6,2,2,1.0,125.1
Zm00001eb248610,1,0,0.9645306184037415,0.9645306184037415,3,2,2,2.0,190.4
Zm00001eb248620,1,0,0.22914565470037,0.22914565470037,2,1,1,0.0,28.3
Zm00001eb248630,2,0,0.5881269166370809,0.3264762565942625,4,3,2,2.5,358.0
Zm00001eb248650,1,0,0.1752064197225411,0.1752064197225411,2,1,1,5.0,445.4
Zm00001eb248690,2,0,0.6356857157522923,0.6259160804938791,2,1,1,2.5,565.9
Zm00001eb248700,1,1,2.9856518461873773,2.9856518461873773,1,2,2,2.0,1058.8
Zm00001eb248780,2,0,0.5975064480365457,0.5975064480365457,3,2,1,3.0,171.8
Zm00001eb248800,2,0,0.5532081890929194,0.38689165183753704,3,1,1,3.5,28.5
Zm00001eb248870,4,0,0.912636334791752,0.5453987490061811,5,2,2,1.25,929.3
Zm00001eb248880,5,0,1.9944469185645728,0.868016449281674,7,1,1,1.8,28.3
Zm00001eb248930,1,0,0.2536024373964766,0.2536024373964766,3,3,1,6.0,1438.0
Zm00001eb248940,2,0,2.671764932464182,1.5862419992980212,2,2,1,1.5,4.5
Zm00001eb248950,5,0,1.2586159722950003,0.7853581987435018,8,1,1,3.0,2806.0
Zm00001eb248960,1,0,5.872204616115424,5.872204616115424,2,2,2,2.0,86.5
Zm00001eb249100,1,0,0.2934959616310306,0.2934959616310306,1,1,0,4.0,244.2
Zm00001eb249150,4,2,1.8260609161848136,1.2518549450645136,6,2,2,1.75,560.1
Zm00001eb249160,1,0,2.307374699583196,2.307374699583196,3,3,1,6.0,4734.4
Zm00001eb249230,3,0,1.767060752885715,1.1421958542237414,4,3,2,2.6666666666666665,266.4
Zm00001eb249260,2,0,1.3198379870348915,1.22826124463965,4,2,1,1.5,28.3
Zm00001eb249380,3,0,1.058242746243696,0.625568778471271,10,2,2,3.3333333333333335,324.8
Zm00001eb249390,1,0,0.0132130085433511,0.0132130085433511,2,3,2,4.0,140.9
Zm00001eb249400,1,0,1.164195033482514,1.164195033482514,2,2,1,1.0,9.5
Zm00001eb249430,3,0,1.2025161367047317,0.7287765605279367,4,2,2,3.6666666666666665,309.8
Zm00001eb249490,1,0,1.4697578772162287,1.4697578772162287,1,2,0,2.0,200.4
Zm00001eb249680,1,0,0.5337370709594258,0.5337370709594258,2,4,1,1.0,181.4
Zm00001eb249700,1,0,0.4738230362676146,0.4738230362676146,3,2,1,0.0,68.4
Zm00001eb249960,5,0,0.7350001915836012,0.45778476517332267,8,3,3,3.4,3.1
Zm00001eb249970,3,1,3.125068120128081,2.070944530297249,8,2,2,1.3333333333333333,345.6
Zm00001eb249990,1,0,1.957977060867131,1.957977060867131,1,2,1,2.0,46.8
Zm00001eb250030,1,0,0.4645672276448727,0.4645672276448727,1,1,1,5.0,64.0
Zm00001eb250050,4,0,0.610585287207623,0.4510828839382675,6,2,1,1.75,33.5
Zm00001eb250070,2,0,2.0417178965268103,1.4902044351566779,3,2,1,3.5,306.3
Zm00001eb250150,5,3,2.78048786411426,1.7648492619634972,8,2,2,3.6,51.3
Zm00001eb250210,4,0,0.5355563620284647,0.29502587306839034,5,3,3,3.5,9926.9
Zm00001eb250220,2,0,1.5599936899334994,1.1064887306798248,5,1,1,2.0,143.2
Zm00001eb250370,3,1,1.8339465166225088,1.425075307963047,3,2,1,2.3333333333333335,63.3
Zm00001eb250380,1,0,0.1291067277801781,0.1291067277801781,1,1,1,4.0,107.6
Zm00001eb250590,1,0,1.2818949963635131,1.2818949963635131,1,3,1,3.0,289.6
Zm00001eb250610,3,1,1.5294181024110318,0.7263241789488498,3,2,2,5.0,272.6
Zm00001eb250630,3,0,0.9272595817460536,0.8931961252579552,4,2,1,3.6666666666666665,11.0
Zm00001eb250640,4,0,0.4265537643419281,0.29322688455541557,4,2,2,2.75,77.4
Zm00001eb250660,3,0,0.1413479771155199,0.09427908466178464,3,2,1,2.0,15.3
Zm00001eb250700,3,0,1.0222772373719398,0.8607285016400282,5,1,1,0.3333333333333333,189.8
Zm00001eb250760,1,0,0.3876723571966201,0.3876723571966201,1,3,2,5.0,63.0
Zm00001eb250770,1,0,0.1888667302102332,0.1888667302102332,3,4,2,1.0,101.7
Zm00001eb250790,1,0,0.821047712671662,0.821047712671662,1,1,1,2.0,1162.4
Zm00001eb250800,1,0,0.6810438271709417,0.6810438271709417,1,3,1,2.0,364.9
Zm00001eb250940,5,0,3.75035069542841,1.69196564146391,11,2,2,2.8,16.3
Zm00001eb250950,1,0,1.7885356849432597,1.7885356849432597,1,3,1,1.0,3.5
Zm00001eb251070,4,1,1.8363397923573328,1.0417365530081475,9,3,2,2.75,56.9
Zm00001eb251090,1,0,0.2201231208881863,0.2201231208881863,1,4,1,4.0,168.1
Zm00001eb251130,2,0,0.6592259532406985,0.6083745557298881,2,1,1,3.5,87.6
Zm00001eb251170,1,0,0.9433934228387668,0.9433934228387668,3,2,1,3.0,5.5
Zm00001eb251300,1,0,0.162773490318795,0.162773490318795,1,1,1,3.0,33.0
Zm00001eb251360,1,0,2.485670906986572,2.485670906986572,3,2,1,2.0,9.1
Zm00001eb251370,3,0,0.2789399987897736,0.13619356790549914,4,2,2,2.6666666666666665,83.3
Zm00001eb251380,3,0,0.5910120981257085,0.38603294463997556,4,2,2,1.3333333333333333,86.3
Zm00001eb251400,1,0,0.096395743626766,0.096395743626766,2,1,1,3.0,175.7
Zm00001eb251420,3,0,1.529625538185675,0.9992299569805446,5,2,2,3.3333333333333335,825.4
Zm00001eb251520,1,0,0.1432093872334373,0.1432093872334373,1,1,1,5.0,10414.3
Zm00001eb251630,1,0,0.8114339382558933,0.8114339382558933,1,3,1,1.0,60.4
Zm00001eb251670,1,0,0.3501546419468677,0.3501546419468677,1,2,1,3.0,129.9
Zm00001eb251860,1,0,1.0523219745161585,1.0523219745161585,1,1,0,6.0,2226.3
Zm00001eb251870,1,0,0.0768672330930798,0.0768672330930798,1,1,1,0.0,58.7
Zm00001eb251920,1,0,0.1865796194783272,0.1865796194783272,1,2,1,3.0,92.4
Zm00001eb251950,1,0,1.232846206426398,1.232846206426398,5,2,2,3.0,657.0
Zm00001eb251980,3,0,1.4161502826778083,0.6995200671411216,5,3,2,2.6666666666666665,172.6
Zm00001eb252000,2,0,2.844177496133153,2.1702526097546606,5,1,1,5.0,650.0
Zm00001eb252030,1,0,0.9649535076835796,0.9649535076835796,9,3,2,4.0,832.3
Zm00001eb252050,1,0,3.4116627163823448,3.4116627163823448,2,1,1,3.0,115.9
Zm00001eb252060,2,0,0.3039238802251733,0.30012111627964644,2,1,1,2.0,99.2
Zm00001eb252100,1,0,1.1271427055266685,1.1271427055266685,1,1,1,7.0,81.9
Zm00001eb252170,2,0,0.6025977830379726,0.5697299495748092,2,4,1,3.5,101.7
Zm00001eb252180,1,0,0.2434808937653227,0.2434808937653227,1,3,1,4.0,14.8
Zm00001eb252190,1,0,0.1321050379432089,0.1321050379432089,1,2,1,2.0,5.7
Zm00001eb252200,2,0,1.1697366303868222,0.6468636346827809,2,2,1,1.5,10.7
Zm00001eb252240,3,0,1.39763432501331,0.8522721745721897,4,1,1,2.3333333333333335,559.8
Zm00001eb252250,1,1,3.1936707580998416,3.1936707580998416,2,3,1,4.0,204.2
Zm00001eb252260,1,0,0.4903874456150675,0.4903874456150675,1,2,1,3.0,38.3
Zm00001eb252380,2,1,1.331292388796791,0.9564165139053901,3,3,2,1.5,28.8
Zm00001eb252410,1,0,2.163119488554852,2.163119488554852,1,3,1,2.0,867.4
Zm00001eb252420,1,0,0.855694399673911,0.855694399673911,1,2,1,0.0,209.2
Zm00001eb252510,1,0,0.0004879798614732,0.0004879798614732,2,3,2,1.0,280.7
Zm00001eb252530,2,0,0.4896246372785598,0.3310985971439258,2,3,2,3.0,42.1
Zm00001eb252540,2,0,1.284317334856117,0.8013263903430334,5,2,2,2.0,94.2
Zm00001eb252550,1,0,1.208528969617621,1.208528969617621,1,3,1,5.0,49.2
Zm00001eb252640,1,1,2.184338854040075,2.184338854040075,1,3,1,2.0,40.0
Zm00001eb252680,2,0,0.0326781011870053,0.0326781011870053,2,3,1,2.0,289.7
Zm00001eb252720,2,0,0.8102558537489322,0.7977505531922829,4,2,2,3.0,7601.9
Zm00001eb252780,2,0,1.5494332503925743,0.9862543550329692,2,2,1,3.0,128.4
Zm00001eb252800,1,0,1.4221839308277964,1.4221839308277964,3,4,1,2.0,33.1
Zm00001eb252840,1,0,0.5042402120829202,0.5042402120829202,4,2,1,4.0,97.5
Zm00001eb252870,2,0,0.7148139850455888,0.7148139850455888,4,1,1,1.0,3341.1
Zm00001eb252920,1,0,0.3497973556807425,0.3497973556807425,4,1,1,3.0,27.1
Zm00001eb252930,1,0,1.629357058870182,1.629357058870182,3,3,1,4.0,244.7
Zm00001eb252940,1,0,1.0357306221095457,1.0357306221095457,3,5,2,3.0,176.6
Zm00001eb252950,2,0,1.0494988199603172,0.9185436316580832,2,1,1,1.0,98.3
Zm00001eb253110,4,0,1.7923746449233688,1.3953841946384968,4,1,1,2.75,619.3
Zm00001eb253130,1,0,0.3244632738087537,0.3244632738087537,2,2,1,3.0,531.2
Zm00001eb253140,1,0,0.971282883828628,0.971282883828628,3,3,2,4.0,959.1
Zm00001eb253150,2,1,1.66884832394174,1.3701601848361324,3,3,1,1.0,330.4
Zm00001eb253230,1,0,0.2921615069824721,0.2921615069824721,1,4,1,3.0,259.5
Zm00001eb253250,1,0,2.084857731966531,2.084857731966531,5,2,2,0.0,86.9
Zm00001eb253350,1,0,0.6303275526442155,0.6303275526442155,1,3,1,3.0,6.1
Zm00001eb253380,1,0,0.5107596246866108,0.5107596246866108,1,1,1,2.0,51.9
Zm00001eb253410,1,0,1.106499053170224,1.106499053170224,1,2,1,3.0,280.5
Zm00001eb253450,3,0,0.7183463528107918,0.5131699101440677,3,4,3,3.0,105.7
Zm00001eb253470,1,0,0.8949488062359578,0.8949488062359578,1,2,2,1.0,2177.2
Zm00001eb253500,1,0,0.491352715284307,0.491352715284307,4,2,2,2.0,692.1
Zm00001eb253530,1,0,0.375077356248144,0.375077356248144,1,3,1,4.0,159.5
Zm00001eb253580,1,0,0.1845067228664449,0.1845067228664449,1,3,1,2.0,4.4
Zm00001eb253690,1,1,2.9414167343446964,2.9414167343446964,2,3,1,3.0,96.0
Zm00001eb253740,2,0,1.3672508614880765,0.9159919221598496,2,2,2,3.0,353.8
Zm00001eb253770,1,0,0.931581913025899,0.931581913025899,1,2,1,5.0,68.2
Zm00001eb253850,2,0,0.1429925064666621,0.1429925064666621,4,4,2,2.0,83.7
Zm00001eb253860,1,0,0.705653441821602,0.705653441821602,2,4,2,1.0,65.4
Zm00001eb253910,1,0,0.0956733567807723,0.0956733567807723,3,2,1,3.0,45.4
Zm00001eb253970,1,0,1.29198903697235,1.29198903697235,2,2,1,2.0,311.1
Zm00001eb253980,2,0,0.506985872752304,0.4140803677587097,3,2,2,1.0,71.3
Zm00001eb253990,2,0,0.6826993605160416,0.5840150858087302,2,1,1,1.5,135.6
Zm00001eb254050,1,0,0.1033836523776868,0.1033836523776868,2,2,1,2.0,221.4
Zm00001eb254060,3,0,1.0069056739580502,0.7917152998082008,3,2,1,2.6666666666666665,1249.5
Zm00001eb254100,1,0,0.3699067761482043,0.3699067761482043,1,1,1,4.0,201.1
Zm00001eb254120,2,0,0.6742916124029513,0.6123597382329211,2,2,1,1.5,23.4
Zm00001eb254130,2,0,0.4976129771743229,0.4976129771743229,5,3,2,3.5,208.4
Zm00001eb254150,1,0,0.0917865839653182,0.0917865839653182,5,1,1,2.0,49.7
Zm00001eb254270,3,0,0.5392067911178275,0.2566574225685499,4,1,1,3.0,435.2
Zm00001eb254280,1,0,0.3676102392695223,0.3676102392695223,1,1,1,5.0,64.7
Zm00001eb254290,1,0,1.4970013767884225,1.4970013767884225,1,3,1,3.0,31.6
Zm00001eb254350,3,2,4.1105626207284,3.031306235990261,6,2,1,1.3333333333333333,84.4
Zm00001eb254360,1,0,0.8823937961058881,0.8823937961058881,2,3,1,4.0,48.4
Zm00001eb254390,2,0,1.824382061742807,1.761272656280745,2,2,2,4.0,119.9
Zm00001eb254430,1,0,1.2563176953211082,1.2563176953211082,1,1,0,6.0,274.1
Zm00001eb254450,2,0,0.917081357885356,0.8866015602525612,2,2,1,1.0,8951.4
Zm00001eb254480,1,0,1.4470714631488553,1.4470714631488553,3,3,2,1.0,3.6
Zm00001eb254530,1,0,0.1433482184603254,0.1433482184603254,1,1,0,2.0,413.7
Zm00001eb254540,3,0,1.3849811561259249,0.9025335838689492,3,3,2,3.0,2853.1
Zm00001eb254560,1,0,0.7060211644573267,0.7060211644573267,3,2,1,3.0,3.7
Zm00001eb254570,1,0,0.822463505225321,0.822463505225321,3,2,1,3.0,57.6
Zm00001eb254920,3,0,1.843288639826045,0.8340755938621939,5,2,2,2.6666666666666665,30.1
Zm00001eb254930,1,0,2.505318236563171,2.505318236563171,5,1,1,1.0,89.9
Zm00001eb254990,2,0,0.0604961444267219,0.0405551141860545,2,2,1,2.0,206.7
Zm00001eb255050,1,0,0.3826113841833161,0.3826113841833161,2,3,2,3.0,649.4
Zm00001eb255120,1,0,0.2009338477898052,0.2009338477898052,2,1,1,6.0,1879.0
Zm00001eb255160,2,0,0.4796105972596886,0.2917917302370207,3,1,1,2.0,6124.2
Zm00001eb255190,2,0,0.6419614567460488,0.3369779307343792,3,2,2,2.5,189.2
Zm00001eb255200,1,1,2.187914367120511,2.187914367120511,2,1,1,3.0,148.7
Zm00001eb255240,2,0,2.369109657814976,1.8455758196308159,3,1,1,4.0,1398.7
Zm00001eb255290,1,0,0.7596299205016357,0.7596299205016357,2,1,1,4.0,96.9
Zm00001eb255310,4,0,0.5169489797317333,0.33146302774283865,7,3,2,2.75,156.5
Zm00001eb255320,1,0,0.4100969025640897,0.4100969025640897,1,2,1,2.0,372.8
Zm00001eb255340,2,0,0.3681750023019404,0.2518081409349133,3,1,1,3.0,196.9
Zm00001eb255430,1,0,1.8085542948650977,1.8085542948650977,1,1,0,1.0,396.5
Zm00001eb255560,1,0,0.1629761860075708,0.1629761860075708,4,2,2,1.0,145.1
Zm00001eb255590,2,0,0.6064619599265932,0.6064619599265932,4,2,1,5.0,45.9
Zm00001eb255610,1,0,2.2099671523518096,2.2099671523518096,4,3,3,3.0,769.4
Zm00001eb255690,2,0,0.4367745154070004,0.38598757132238565,4,2,1,2.5,4722.8
Zm00001eb255830,2,0,1.0803706994214852,0.7124564071068233,4,1,1,2.5,192.1
Zm00001eb255850,1,0,0.4534697699505574,0.4534697699505574,3,1,1,2.0,3066.9
Zm00001eb255880,1,0,0.1748785453033403,0.1748785453033403,1,1,1,3.0,10.8
Zm00001eb255980,2,1,2.8306111394814533,2.2549196693849765,4,2,1,1.5,43.5
Zm00001eb256150,2,0,0.6089952528211371,0.5289990920932803,2,1,1,4.0,6282.9
Zm00001eb256170,2,0,1.753286748429915,1.7488706193768653,2,1,1,3.5,591.4
Zm00001eb256180,1,0,0.3730240390468152,0.3730240390468152,1,2,1,3.0,964.1
Zm00001eb256190,1,0,0.5356345296280406,0.5356345296280406,1,2,1,1.0,3.1
Zm00001eb256240,3,0,0.5431422657538331,0.4765713592153431,6,2,2,3.0,392.0
Zm00001eb256260,3,2,1.764780506522739,1.310351098551923,3,3,1,0.6666666666666666,139.0
Zm00001eb256270,1,0,1.3974367793200089,1.3974367793200089,2,4,2,1.0,480.2
Zm00001eb256330,1,0,0.8035791565682043,0.8035791565682043,5,2,2,0.0,166.6
Zm00001eb256350,2,0,1.6607863991762375,1.6607863991762375,5,1,1,2.5,101.8
Zm00001eb256360,1,0,0.0850354514624947,0.0850354514624947,4,2,2,5.0,23.6
Zm00001eb256400,1,0,2.487294704373165,2.487294704373165,1,2,1,1.0,5.9
Zm00001eb256460,4,1,2.535602526846472,1.3758009939810314,10,2,2,1.5,18.1
Zm00001eb256490,1,0,0.9557878446503432,0.9557878446503432,1,3,0,2.0,366.2
Zm00001eb256530,1,0,1.5065379634705245,1.5065379634705245,2,2,2,3.0,13.0
Zm00001eb256550,2,0,0.3417841544659638,0.2107165422532173,3,3,1,5.0,122.9
Zm00001eb256560,1,0,1.1524756572480486,1.1524756572480486,4,1,1,2.0,161.0
Zm00001eb256570,1,0,0.9172449468523514,0.9172449468523514,2,1,1,2.0,144.0
Zm00001eb256600,4,0,0.7731060836771319,0.3369307823218718,5,2,2,1.75,402.8
Zm00001eb256650,1,0,0.6358724360462505,0.6358724360462505,1,2,2,2.0,30.8
Zm00001eb256660,2,0,3.078844386360999,1.824540485582849,2,1,1,3.5,13.5
Zm00001eb256880,2,0,1.927329967218455,1.927329967218455,2,2,1,2.5,425.4
Zm00001eb256950,1,0,1.1146828662050088,1.1146828662050088,2,2,1,4.0,28.1
Zm00001eb257000,1,0,0.8012562828831343,0.8012562828831343,3,2,1,6.0,253.4
Zm00001eb257010,5,0,1.0361549040905895,0.4528559387028759,6,1,1,3.6,198.5
Zm00001eb257050,1,0,3.487442099223415,3.487442099223415,1,2,1,3.0,152.7
Zm00001eb257120,3,0,0.9632681977917962,0.7117936574472292,5,2,1,3.6666666666666665,571.6
Zm00001eb257130,1,0,0.1077993825227855,0.1077993825227855,2,2,2,3.0,1239.8
Zm00001eb257160,1,0,0.3142978824373197,0.3142978824373197,1,1,1,3.0,460.0
Zm00001eb257170,1,0,2.8513275092305204,2.8513275092305204,1,1,1,0.0,726.2
Zm00001eb257360,2,0,0.937149566676485,0.7527390110979061,4,2,2,1.5,716.6
Zm00001eb257390,4,1,2.3146076263908677,0.986620968795971,5,3,2,2.75,278.0
Zm00001eb257410,1,0,0.630493569960123,0.630493569960123,2,2,1,3.0,597.5
Zm00001eb257440,2,0,1.822782210519736,0.944715154015267,2,3,1,1.0,2158.2
Zm00001eb257450,1,0,0.2939853791123997,0.2939853791123997,1,3,1,4.0,174.6
Zm00001eb257480,1,0,1.0760373151335243,1.0760373151335243,1,1,1,2.0,314.3
Zm00001eb257500,1,0,1.0859360703542735,1.0859360703542735,2,1,1,4.0,208.3
Zm00001eb257520,2,0,0.7756028812806227,0.5083224371971213,2,2,1,4.0,34.6
Zm00001eb257570,2,0,1.8146732255360645,1.217308453978996,2,1,1,1.0,438.3
Zm00001eb257630,1,0,0.6685057177099897,0.6685057177099897,2,1,1,6.0,1613.4
Zm00001eb257640,1,0,0.203506323591057,0.203506323591057,2,1,1,3.0,3102.6
Zm00001eb257650,2,0,1.8562806254632227,1.822466814014542,4,3,2,1.5,458.2
Zm00001eb257660,2,0,0.7860851472135291,0.6980368096050507,3,4,2,4.5,5888.7
Zm00001eb257680,1,0,0.3952450673543967,0.3952450673543967,2,2,2,5.0,1451.0
Zm00001eb257720,1,0,0.0614827598307942,0.0614827598307942,3,1,1,7.0,2255.5
Zm00001eb257770,2,0,0.3837905176149472,0.2262846622352191,3,1,1,2.5,326.0
Zm00001eb257810,1,1,3.7401838527052793,3.7401838527052793,1,2,1,2.0,39.7
Zm00001eb257860,1,0,1.7054321582614052,1.7054321582614052,1,3,1,2.0,136.1
Zm00001eb257880,3,0,0.4934107316271457,0.4934107316271457,5,3,2,3.0,130.0
Zm00001eb257890,1,0,0.4580071454945603,0.4580071454945603,3,1,1,0.0,186.1
Zm00001eb257920,4,0,0.6281953926721094,0.3423903237730249,8,2,2,4.0,1863.4
Zm00001eb257940,3,0,1.5960841000997976,1.2698290860961305,4,3,3,3.0,3.2
Zm00001eb257960,2,0,0.6410124832685034,0.5484965850214956,2,3,1,3.5,246.2
Zm00001eb257970,1,0,0.6122116007948634,0.6122116007948634,3,4,1,6.0,187.0
Zm00001eb258010,2,0,1.1418750276856662,0.9918527302520688,3,3,2,3.0,338.8
Zm00001eb258050,1,0,0.2818443534729263,0.2818443534729263,6,3,2,4.0,786.9
Zm00001eb258070,3,0,0.4663918024184872,0.3714245456090795,7,2,2,3.0,915.1
Zm00001eb258100,1,0,1.2173690954455163,1.2173690954455163,1,3,1,3.0,41.7
Zm00001eb258130,1,0,0.0046165022118706,0.0046165022118706,2,1,1,0.0,241.2
Zm00001eb258150,2,0,0.1977799848782828,0.12394271299757326,2,2,1,1.5,4.7
Zm00001eb258170,1,1,4.794391153447574,4.794391153447574,1,2,1,1.0,1242.1
Zm00001eb258240,1,0,0.4752078358145088,0.4752078358145088,1,1,0,1.0,107.7
Zm00001eb258270,4,0,1.0857972803379936,0.6877468380755222,4,2,1,1.25,90.2
Zm00001eb258280,1,0,0.1333191807178551,0.1333191807178551,1,4,0,1.0,515.4
Zm00001eb258290,1,0,0.0222707770535318,0.0222707770535318,3,3,2,3.0,401.7
Zm00001eb258330,1,0,0.947760312121162,0.947760312121162,4,3,3,3.0,791.1
Zm00001eb258350,2,0,0.733614718249361,0.5498018601811486,3,3,2,3.0,10.3
Zm00001eb258380,3,0,0.5395677249503728,0.47717753555001763,3,1,1,2.3333333333333335,507.6
Zm00001eb258440,2,2,2.4906617483486926,2.4906617483486926,2,3,1,2.0,51.0
Zm00001eb258450,1,0,0.3231784999304605,0.3231784999304605,2,2,2,4.0,563.4
Zm00001eb258460,5,0,1.2087036938108702,0.6985513839952379,6,3,2,3.4,1049.5
Zm00001eb258570,1,0,0.3943946566696659,0.3943946566696659,1,1,1,0.0,232.1
Zm00001eb258600,1,0,0.4702380278058256,0.4702380278058256,1,2,1,2.0,2618.8
Zm00001eb258610,1,0,0.6340123073447509,0.6340123073447509,2,1,1,3.0,125.1
Zm00001eb258660,2,0,1.3218367472730008,0.6693624701251124,3,1,1,3.5,476.3
Zm00001eb258740,2,0,0.3215096517618469,0.21088916615812406,4,3,2,2.5,4328.7
Zm00001eb258750,3,0,1.1561141496088243,0.4867525827824302,8,3,3,3.3333333333333335,2888.5
Zm00001eb258770,1,0,0.5825368493331949,0.5825368493331949,1,3,2,3.0,1812.7
Zm00001eb258790,1,0,0.8051880810067155,0.8051880810067155,3,2,1,3.0,232.5
Zm00001eb258800,2,0,0.5701078382153808,0.5460482487136598,2,3,1,0.5,86.1
Zm00001eb258820,2,0,0.4469574185760076,0.394672290654863,4,2,1,4.5,5.8
Zm00001eb258830,1,0,0.9731991252457696,0.9731991252457696,1,1,1,4.0,182.9
Zm00001eb258850,2,2,4.8421612694486,4.5536680923491595,4,3,1,3.5,182.9
Zm00001eb258860,1,0,0.2117757289591057,0.2117757289591057,1,4,1,4.0,10.4
Zm00001eb258890,2,1,1.9603346592901425,1.9084919062003542,3,3,1,1.0,353.3
Zm00001eb258900,1,0,1.0518057927579711,1.0518057927579711,1,1,1,3.0,159.8
Zm00001eb258950,1,0,0.0475238420541323,0.0475238420541323,4,2,1,4.0,2736.9
Zm00001eb258960,1,0,0.7744931140017437,0.7744931140017437,3,4,1,0.0,639.8
Zm00001eb258980,1,0,0.0147384276079554,0.0147384276079554,1,3,1,1.0,47.5
Zm00001eb259000,1,0,0.3422986296709782,0.3422986296709782,2,2,1,6.0,48.2
Zm00001eb259070,1,0,0.3897668907861585,0.3897668907861585,2,2,1,4.0,1956.0
Zm00001eb259110,7,0,0.95750099984877,0.5329983546232098,10,1,1,3.2857142857142856,111.4
Zm00001eb259130,1,0,1.5965148513013103,1.5965148513013103,3,3,3,3.0,960.4
Zm00001eb259220,1,0,0.5599439307155565,0.5599439307155565,2,1,1,6.0,103.0
Zm00001eb259310,2,0,1.634874604038012,0.9988003806159628,3,1,1,3.5,177.2
Zm00001eb259350,1,0,0.2962300836312293,0.2962300836312293,2,1,1,3.0,23.2
Zm00001eb259360,1,0,0.1400171342998672,0.1400171342998672,3,1,1,2.0,879.0
Zm00001eb259420,1,0,1.9714754569247184,1.9714754569247184,1,4,1,2.0,2687.4
Zm00001eb259450,1,0,0.3611088924338796,0.3611088924338796,1,2,1,1.0,513.5
Zm00001eb259470,3,0,0.3599674059549635,0.24553512422087423,4,3,2,2.3333333333333335,508.2
Zm00001eb259490,1,0,0.018606978014529,0.018606978014529,1,1,1,2.0,42.7
Zm00001eb259580,1,0,0.549600014472987,0.549600014472987,1,1,1,3.0,285.8
Zm00001eb259650,5,4,2.6623161829043474,2.1413105326731006,5,1,1,3.0,92.3
Zm00001eb259890,1,0,1.2685016191499268,1.2685016191499268,4,3,1,2.0,50.5
Zm00001eb259950,2,0,0.7900342920142417,0.5857202315088366,2,2,2,1.5,407.4
Zm00001eb260050,2,0,1.4420744570511754,0.818276921788994,5,2,1,2.0,127.6
Zm00001eb260310,1,0,2.090569266805072,2.090569266805072,1,2,1,3.0,28.6
Zm00001eb260320,1,0,0.5261521613071378,0.5261521613071378,5,1,1,4.0,3.5
Zm00001eb260350,1,1,2.401949872078158,2.401949872078158,2,2,2,0.0,14.8
Zm00001eb260360,1,0,1.129681482806227,1.129681482806227,5,1,1,3.0,978.4
Zm00001eb260370,2,0,0.6935465046036492,0.6935465046036492,5,2,0,1.5,674.3
Zm00001eb260460,4,0,1.298982421831001,0.8801877771955635,10,3,3,2.0,331.6
Zm00001eb260470,2,0,1.3712982505932203,1.2424430569241665,5,2,1,2.5,134.0
Zm00001eb260480,1,0,0.4313578310996445,0.4313578310996445,1,1,1,3.0,365.7
Zm00001eb260560,3,0,1.3850213429022822,0.933272485190474,8,2,2,3.3333333333333335,120.5
Zm00001eb260730,1,0,0.4560490608926739,0.4560490608926739,1,2,2,2.0,121.6
Zm00001eb260800,4,0,2.346463171536637,1.0478047278184512,6,1,1,3.75,50.1
Zm00001eb260810,1,0,0.600222873873341,0.600222873873341,6,2,1,2.0,21.0
Zm00001eb260820,1,0,0.6469245020224617,0.6469245020224617,1,1,1,0.0,2937.3
Zm00001eb260870,3,0,1.360901775297884,1.004423803062647,3,1,1,2.6666666666666665,1200.1
Zm00001eb260880,1,0,0.1089967247472426,0.1089967247472426,3,3,2,3.0,999.3
Zm00001eb260920,1,0,0.4858565197806172,0.4858565197806172,4,1,1,5.0,120.4
Zm00001eb260950,1,0,1.8990475571718608,1.8990475571718608,6,1,1,5.0,382.0
Zm00001eb260960,2,0,0.6629616787065524,0.549435219874334,2,2,1,2.0,512.9
Zm00001eb260970,3,0,1.0853922446919375,1.0853922446919375,5,2,1,2.0,474.4
Zm00001eb261130,2,0,1.6007237801310674,0.9296197705092728,3,2,2,3.5,132.8
Zm00001eb261190,1,0,0.3454758251651436,0.3454758251651436,4,2,1,0.0,116.3
Zm00001eb261240,3,2,3.661822266235885,2.5190330794211686,11,2,2,4.0,47.0
Zm00001eb261260,2,0,0.3567801806032338,0.32564058337372837,3,1,1,3.0,4441.2
Zm00001eb261430,6,0,0.9759228932021043,0.6135331411757293,7,2,2,2.5,19098.8
Zm00001eb261520,2,0,0.6699681292463219,0.6540319792015359,3,4,2,2.5,233.6
Zm00001eb261530,1,0,1.3078242964656852,1.3078242964656852,1,1,1,0.0,342.3
Zm00001eb261540,1,0,0.7454522036145882,0.7454522036145882,2,1,1,0.0,400.2
Zm00001eb261550,1,0,0.0421482281066526,0.0421482281066526,3,3,1,1.0,513.9
Zm00001eb261560,1,0,0.7859001676627553,0.7859001676627553,1,2,1,3.0,403.8
Zm00001eb261670,1,0,1.051221458373472,1.051221458373472,1,4,1,1.0,69.1
Zm00001eb261680,1,0,0.3157530554540272,0.3157530554540272,2,1,1,5.0,313.9
Zm00001eb261830,1,0,0.3263779569839335,0.3263779569839335,3,3,2,2.0,827.6
Zm00001eb261900,1,0,0.2555217200049124,0.2555217200049124,3,2,2,1.0,176.6
Zm00001eb264130,1,0,1.052282077081144,1.052282077081144,2,1,1,4.0,151.8
Zm00001eb264170,2,0,1.0564116768220797,0.6298172656595121,2,2,1,2.5,46.6
Zm00001eb264250,1,0,1.9833052881498128,1.9833052881498128,1,2,2,2.0,93.5
Zm00001eb264300,1,0,0.1560251850349945,0.1560251850349945,1,2,1,1.0,122.8
Zm00001eb264360,1,0,0.0869167904291435,0.0869167904291435,1,2,1,4.0,63.0
Zm00001eb264470,2,0,4.52178216464647,2.6853054065112345,2,2,1,0.5,26.4
Zm00001eb264510,1,0,1.9978342885087748,1.9978342885087748,1,2,1,3.0,4.1
Zm00001eb264550,1,0,0.983222177237772,0.983222177237772,1,3,1,3.0,189.7
Zm00001eb264580,2,0,0.7566124341647825,0.4868442908926645,2,2,2,3.0,151.6
Zm00001eb264660,2,0,1.934426503199576,1.934426503199576,2,1,1,2.0,1904.7
Zm00001eb264680,3,0,0.7663772271811948,0.5337649644860033,3,2,1,3.0,25.8
Zm00001eb264720,2,0,0.1457281552791998,0.1457281552791998,4,2,2,2.5,53.7
Zm00001eb264730,1,0,1.6111495207229267,1.6111495207229267,1,3,0,2.0,175.5
Zm00001eb264840,2,0,0.2958765845624456,0.29046436829824474,4,3,2,1.0,7.1
Zm00001eb264930,2,2,1.7355735529905212,1.7355735529905212,3,1,1,3.0,487.0
Zm00001eb264980,3,0,1.3720683987693498,1.2193958667315938,3,3,1,2.6666666666666665,367.6
Zm00001eb265080,1,0,0.9575489330995264,0.9575489330995264,3,2,1,2.0,539.3
Zm00001eb265270,1,0,2.3225426945476837,2.3225426945476837,5,3,3,2.0,530.2
Zm00001eb265430,1,0,1.178864921883628,1.178864921883628,2,3,1,5.0,158.1
Zm00001eb265440,1,0,0.5537960177793868,0.5537960177793868,1,1,1,1.0,194.9
Zm00001eb265500,1,0,1.026176251522967,1.026176251522967,4,2,2,0.0,137.3
Zm00001eb265510,2,0,0.9863660228090056,0.7993677040696121,5,3,1,3.0,450.0
Zm00001eb265520,1,1,1.7809825153208412,1.7809825153208412,2,1,1,3.0,178.1
Zm00001eb265610,5,0,0.5761047732327884,0.5761047732327884,7,1,1,2.0,2317.9
Zm00001eb265650,2,0,0.7401393772049669,0.5963006757426891,2,1,1,0.0,1118.1
Zm00001eb265670,1,0,0.1320805605295858,0.1320805605295858,1,2,1,4.0,183.4
Zm00001eb265810,1,0,1.808351366037927,1.808351366037927,2,4,2,0.0,1175.5
Zm00001eb265830,3,0,1.1823388577351903,0.722093287934524,4,2,1,4.0,49.9
Zm00001eb265980,1,0,0.4530471509888928,0.4530471509888928,1,1,1,2.0,47.7
Zm00001eb266250,2,0,0.7000692467937943,0.4127324798143396,4,2,2,3.0,52.1
Zm00001eb266430,1,0,2.1293348563534504,2.1293348563534504,4,1,1,2.0,100.2
Zm00001eb266490,1,0,0.6443504610432722,0.6443504610432722,3,2,2,2.0,1504.0
Zm00001eb266560,1,0,0.6397545273153875,0.6397545273153875,1,1,1,4.0,3420.9
Zm00001eb266570,3,0,0.4901069563095195,0.43885323838411133,7,1,1,2.6666666666666665,548.1
Zm00001eb266600,1,1,1.3833691488817503,1.3833691488817503,1,1,1,4.0,156.5
Zm00001eb266690,6,0,1.0963435605889995,0.471822149558186,7,1,1,2.1666666666666665,63.5
Zm00001eb266720,1,0,2.3771623065536867,2.3771623065536867,2,1,1,4.0,27.1
Zm00001eb266760,3,0,0.628678509120526,0.5233317198496447,3,1,1,1.6666666666666667,23.1
Zm00001eb266800,1,0,0.2288611654543014,0.2288611654543014,1,1,1,2.0,1422.7
Zm00001eb266980,1,0,1.496502775767026,1.496502775767026,1,2,1,1.0,437.0
Zm00001eb267050,6,0,0.8010401417340413,0.5668860831197867,6,2,1,3.5,9.5
Zm00001eb267110,1,0,0.3955270557627804,0.3955270557627804,1,1,1,1.0,306.9
Zm00001eb267350,2,0,0.623088628084549,0.623088628084549,4,2,1,3.5,128.0
Zm00001eb267380,1,1,4.525144469814204,4.525144469814204,2,1,1,1.0,75.1
Zm00001eb267410,1,0,5.79352598633879,5.79352598633879,1,3,1,4.0,105.1
Zm00001eb267430,1,0,0.1376369330885789,0.1376369330885789,2,1,1,4.0,660.0
Zm00001eb267550,1,0,1.3093851791359357,1.3093851791359357,3,2,1,3.0,224.7
Zm00001eb267640,2,0,0.7675325111420145,0.7675325111420145,4,3,2,3.0,2096.8
Zm00001eb267710,1,0,1.2141232115372715,1.2141232115372715,1,1,1,2.0,162.6
Zm00001eb268320,1,0,0.2663703102734139,0.2663703102734139,1,1,1,4.0,302.1
Zm00001eb268420,3,1,2.881517811522305,2.1217010530933758,5,2,2,2.3333333333333335,261.8
Zm00001eb268610,1,0,1.454514956714391,1.454514956714391,2,2,1,2.0,635.4
Zm00001eb268690,1,0,0.5126261039361547,0.5126261039361547,4,2,2,2.0,696.3
Zm00001eb268750,2,0,0.1720348205018539,0.10569791753946414,3,1,1,4.5,295.7
Zm00001eb268790,1,0,1.0030963041183285,1.0030963041183285,1,2,1,4.0,318.2
Zm00001eb268830,1,0,0.5179174820245998,0.5179174820245998,1,1,1,3.0,1631.1
Zm00001eb269050,1,0,0.3779741502982519,0.3779741502982519,1,1,1,3.0,60.7
Zm00001eb269140,1,1,1.7762884087725366,1.7762884087725366,1,0,0,5.0,644.2
Zm00001eb269180,1,0,1.216047173484197,1.216047173484197,1,1,1,0.0,618.6
Zm00001eb269310,1,1,2.1641728756155523,2.1641728756155523,2,1,1,1.0,429.7
Zm00001eb269400,5,0,2.3699536713671896,1.4348994350083852,6,4,3,2.6,1446.4
Zm00001eb269420,1,0,0.4919818366327425,0.4919818366327425,1,1,1,8.0,169.2
Zm00001eb269440,2,0,0.6970885807281487,0.47938489699093634,7,2,2,1.5,135.8
Zm00001eb269450,2,0,0.5037860387759701,0.37663114042624074,6,2,2,0.5,291.9
Zm00001eb269490,2,0,0.4402315226429497,0.35686912156148465,2,2,1,3.5,641.6
Zm00001eb269510,2,0,0.4688572363319421,0.4688572363319421,3,3,1,0.5,169.6
Zm00001eb269610,1,0,1.336797667935274,1.336797667935274,3,2,1,3.0,878.2
Zm00001eb269650,2,0,4.017354608768855,2.855281476618911,2,2,1,3.5,4003.0
Zm00001eb269700,3,0,0.2922013452592078,0.2922013452592078,5,2,1,3.0,16.9
Zm00001eb269830,1,0,0.7407452342171291,0.7407452342171291,1,1,1,2.0,589.7
Zm00001eb270040,2,0,2.863652941322623,2.863652941322623,3,1,1,1.5,54.9
Zm00001eb270080,1,0,0.6831489096062133,0.6831489096062133,2,1,1,0.0,73.0
Zm00001eb270230,1,0,0.5197854426551485,0.5197854426551485,1,2,1,0.0,3.7
Zm00001eb270300,1,1,2.749534432586594,2.749534432586594,1,1,1,2.0,873.9
Zm00001eb270370,1,0,1.4550643215984598,1.4550643215984598,2,3,2,2.0,95.2
Zm00001eb270380,1,0,0.5494218964637827,0.5494218964637827,3,3,1,1.0,110.4
Zm00001eb270390,1,0,0.3441047307024422,0.3441047307024422,1,1,1,4.0,187.8
Zm00001eb270460,1,0,0.7764988208584827,0.7764988208584827,1,1,1,3.0,1610.3
Zm00001eb270470,1,0,1.4962859719778954,1.4962859719778954,1,3,2,2.0,318.4
Zm00001eb270630,1,0,0.5003772147624788,0.5003772147624788,1,3,1,2.0,1392.6
Zm00001eb270920,1,0,0.3869608864817394,0.3869608864817394,1,2,1,6.0,1571.5
Zm00001eb270990,2,0,1.5871944689990851,0.8388771907582926,2,1,1,2.0,88.0
Zm00001eb271010,2,0,0.7676420135425587,0.7007836466054143,2,1,1,2.5,739.4
Zm00001eb271420,2,0,0.611869517991263,0.35222627039859167,2,2,1,2.0,453.2
Zm00001eb271440,3,0,1.506127935782892,1.2323258715081051,8,1,1,3.0,1981.1
Zm00001eb271480,2,0,0.5756783912891485,0.38228645140005924,5,1,1,0.5,1153.1
Zm00001eb271500,2,0,1.6619052198511042,1.6619052198511042,2,1,1,2.5,193.1
Zm00001eb271550,1,0,0.9020713804298602,0.9020713804298602,1,3,1,1.0,38.0
Zm00001eb271600,2,0,0.7151932894598743,0.3951681327788199,2,1,1,1.5,32.5
Zm00001eb271660,1,0,1.614144023559845,1.614144023559845,1,4,1,8.0,328.3
Zm00001eb271700,1,0,0.7817199822009563,0.7817199822009563,1,3,1,1.0,48.7
Zm00001eb271760,2,0,0.2292667667584481,0.2292667667584481,2,1,1,2.5,294.8
Zm00001eb271860,4,2,2.79313362075453,2.0677463115213213,6,2,2,2.0,1406.1
Zm00001eb272160,1,0,1.7928101364080855,1.7928101364080855,1,1,1,2.0,257.0
Zm00001eb272170,1,0,2.20049850235558,2.20049850235558,1,3,1,0.0,1369.1
Zm00001eb272180,1,0,1.047732560808609,1.047732560808609,1,3,1,6.0,38.8
Zm00001eb272420,2,0,1.0830817076548498,0.6806098387615221,4,1,1,3.5,45.5
Zm00001eb272540,1,0,0.4128407563138184,0.4128407563138184,4,2,1,2.0,132.7
Zm00001eb272550,4,0,0.9879015434632564,0.6118651140267015,5,2,1,2.5,7.7
Zm00001eb272600,1,0,1.3033823767314403,1.3033823767314403,2,3,1,1.0,31.8
Zm00001eb272620,3,0,0.5845579129539323,0.39585969348071987,3,3,1,3.3333333333333335,2.7
Zm00001eb272720,2,2,2.5110621643552538,2.407698953861622,2,2,1,2.5,43.6
Zm00001eb272880,1,0,0.0526678071990972,0.0526678071990972,1,2,0,3.0,1953.3
Zm00001eb272950,1,0,0.3261318838087386,0.3261318838087386,3,1,1,3.0,70.1
Zm00001eb273000,4,2,2.58245421333039,2.291215244708402,7,3,3,2.75,1371.2
Zm00001eb273010,1,0,0.6365806572715912,0.6365806572715912,1,2,1,1.0,64.9
Zm00001eb273020,1,1,12.79854605969686,12.79854605969686,2,3,1,1.0,754.5
Zm00001eb273090,3,0,1.315918930988361,0.5537612286670254,3,1,1,3.3333333333333335,53.1
Zm00001eb273100,1,0,2.5571861692820748,2.5571861692820748,4,4,1,2.0,641.8
Zm00001eb273180,1,0,0.8696093376039266,0.8696093376039266,1,2,1,3.0,89.3
Zm00001eb273260,1,0,0.4222633578464221,0.4222633578464221,2,3,1,5.0,1131.6
Zm00001eb273300,1,0,0.9081864983865426,0.9081864983865426,4,4,1,2.0,103.4
Zm00001eb273370,7,0,1.6180538705933611,0.7138568821173921,9,2,2,2.2857142857142856,188.1
Zm00001eb273380,3,0,0.6257019665002089,0.4578536653371725,4,4,1,1.6666666666666667,16191.0
Zm00001eb273390,3,0,0.6612547322448331,0.5281120459308078,5,3,2,3.0,108.2
Zm00001eb273430,1,0,1.9229965559129245,1.9229965559129245,1,2,1,7.0,324.9
Zm00001eb273440,2,0,1.315819019527464,1.315819019527464,2,2,1,3.5,523.0
Zm00001eb273530,1,0,1.2988004147397016,1.2988004147397016,6,2,1,2.0,68.0
Zm00001eb273540,3,0,0.7288163333549992,0.5377606905173188,3,4,2,1.0,647.0
Zm00001eb273590,1,0,1.1733864966933354,1.1733864966933354,1,1,1,3.0,236.5
Zm00001eb273620,1,0,0.433047553303242,0.433047553303242,1,1,1,2.0,226.9
Zm00001eb273640,2,0,1.469564472255258,1.469564472255258,2,1,1,2.5,545.4
Zm00001eb273840,1,0,0.8807591691872884,0.8807591691872884,1,3,0,2.0,91.4
Zm00001eb273900,1,0,1.409519809429814,1.409519809429814,4,2,2,1.0,64.0
Zm00001eb273940,2,0,1.6078298202390813,1.5799573530387852,6,3,2,2.0,414.3
Zm00001eb274050,1,0,0.5213699813541539,0.5213699813541539,5,1,1,1.0,199.0
Zm00001eb274180,1,0,1.4227738673683732,1.4227738673683732,1,2,1,5.0,165.0
Zm00001eb274260,2,0,0.4405404094521434,0.2389664110766437,5,1,1,3.5,22.2
Zm00001eb274740,1,0,1.0616294730508091,1.0616294730508091,3,2,2,2.0,5.2
Zm00001eb274770,1,0,2.733636379486369,2.733636379486369,1,4,1,2.0,9.3
Zm00001eb274850,1,0,0.8183031062566885,0.8183031062566885,1,3,1,3.0,12.5
Zm00001eb274890,1,0,0.2593608971505807,0.2593608971505807,2,2,0,3.0,12.1
Zm00001eb274910,1,0,0.3611635570263903,0.3611635570263903,1,2,1,3.0,31.1
Zm00001eb274960,2,0,1.0918286699172206,0.8051878179251182,4,3,2,3.0,51.6
Zm00001eb274970,1,0,0.5745033431567931,0.5745033431567931,1,2,1,6.0,287.0
Zm00001eb275080,2,0,0.5982537625384624,0.4669149057345608,4,3,2,1.0,118.6
Zm00001eb275120,3,0,0.2060600935386972,0.1197891661045745,4,2,2,1.0,25.6
Zm00001eb275130,6,0,1.9135674048253293,0.6777172993799727,7,3,3,2.0,118.9
Zm00001eb275150,2,0,0.4509956081498441,0.4158245149775782,3,2,1,2.0,1693.7
Zm00001eb275160,1,0,0.1502479910662355,0.1502479910662355,1,4,1,3.0,22.3
Zm00001eb275180,2,0,0.8239550606870918,0.4665708246572678,2,3,1,1.5,4.4
Zm00001eb275220,1,0,0.9114570204771336,0.9114570204771336,1,3,1,5.0,175.1
Zm00001eb275230,2,0,1.2067199077777468,0.8073827246147254,3,3,1,4.0,602.4
Zm00001eb275240,1,0,1.7676157825609835,1.7676157825609835,3,3,2,4.0,194.9
Zm00001eb275260,1,0,0.4079045315027837,0.4079045315027837,1,2,1,3.0,1052.7
Zm00001eb275390,4,3,2.1132073204636104,1.9894668370431923,4,4,1,2.0,374.3
Zm00001eb275400,2,0,1.7899228106150051,1.5364200091360272,4,3,1,3.0,17.3
Zm00001eb275490,4,0,1.006001798439386,0.6308381907150147,5,2,2,2.5,40.7
Zm00001eb275530,1,0,0.0423088172833525,0.0423088172833525,1,2,1,1.0,2.4
Zm00001eb275630,1,0,0.3152269938341119,0.3152269938341119,2,4,1,4.0,81.8
Zm00001eb275650,1,0,3.1610250248279015,3.1610250248279015,3,3,1,2.0,3.7
Zm00001eb275690,2,0,0.9397195811454764,0.6305923324236393,6,3,1,2.0,105.9
Zm00001eb275720,1,0,1.6593472563107414,1.6593472563107414,3,1,1,3.0,259.5
Zm00001eb275820,1,0,0.4254966937692102,0.4254966937692102,2,3,2,1.0,4.9
Zm00001eb276150,4,0,1.482344793796191,1.0478472927601201,8,4,4,4.0,851.0
Zm00001eb276170,2,0,0.1416671315877454,0.13419929252195945,3,3,1,3.5,806.8
Zm00001eb276190,1,0,0.1482850823429031,0.1482850823429031,2,1,1,2.0,732.1
Zm00001eb276280,4,0,1.026323505291697,0.7722205074194433,5,2,2,2.75,286.2
Zm00001eb276570,1,0,0.9193747531467368,0.9193747531467368,1,1,1,3.0,171.6
Zm00001eb276580,1,0,0.5710026496426164,0.5710026496426164,1,1,1,6.0,189.5
Zm00001eb276760,1,0,0.8576521523067876,0.8576521523067876,3,3,2,1.0,640.5
Zm00001eb276800,1,0,0.9467981765722108,0.9467981765722108,3,1,1,3.0,48.0
Zm00001eb276850,3,0,2.18415194328344,1.4987669502246312,5,2,1,4.0,277.3
Zm00001eb276870,1,0,0.145742317223228,0.145742317223228,2,3,2,3.0,328.6
Zm00001eb276980,2,0,0.4502503374296873,0.28941207484035136,3,1,1,5.5,4.8
Zm00001eb276990,1,0,1.6044687952602428,1.6044687952602428,2,3,1,4.0,669.7
Zm00001eb277040,1,0,0.7760895754676079,0.7760895754676079,9,1,1,3.0,12.3
Zm00001eb277060,2,0,1.5031377391036322,0.8085571636610522,2,3,1,1.0,4.2
Zm00001eb277070,1,0,1.6581495943840567,1.6581495943840567,3,2,1,2.0,12.9
Zm00001eb277300,1,0,0.1990152331022019,0.1990152331022019,1,1,1,4.0,116.2
Zm00001eb277330,1,0,1.16945355474452,1.16945355474452,2,1,1,3.0,2315.5
Zm00001eb277370,1,0,2.018184816843066,2.018184816843066,1,2,1,4.0,177.8
Zm00001eb277380,2,0,0.0158545703125788,0.0153554299457064,2,2,2,2.0,173.3
Zm00001eb277420,1,0,0.8630325180118298,0.8630325180118298,1,1,1,3.0,380.7
Zm00001eb277450,4,0,1.0910243563319009,0.7607519212812859,4,2,1,1.75,459.2
Zm00001eb277480,2,0,0.9059885250304468,0.8934787903829993,9,2,2,2.5,34.7
Zm00001eb277530,2,0,1.5141743471052465,0.9587382012783994,7,3,2,3.5,204.6
Zm00001eb277540,1,0,0.4889510644648004,0.4889510644648004,1,1,1,2.0,466.8
Zm00001eb277570,1,0,1.9240787356431304,1.9240787356431304,2,3,1,4.0,197.5
Zm00001eb277710,2,0,0.5685106630536029,0.4590749833779336,3,2,1,5.0,57.6
Zm00001eb277790,1,0,1.882720693240635,1.882720693240635,2,1,1,3.0,217.9
Zm00001eb277820,1,0,0.6686857188505725,0.6686857188505725,1,2,1,4.0,103.8
Zm00001eb277830,2,0,0.9732187808952738,0.9732187808952738,5,1,1,2.5,23.2
Zm00001eb277840,2,0,1.0682836748280384,0.6060230316526661,4,3,2,2.5,1215.8
Zm00001eb278070,2,1,1.5037420375863468,1.3799403170480464,2,1,1,2.5,816.4
Zm00001eb278110,2,0,1.7857114009335735,1.2977233238165526,3,2,2,3.5,1598.2
Zm00001eb278120,1,0,0.9516563571625012,0.9516563571625012,2,1,1,1.0,653.2
Zm00001eb278150,3,0,0.1590705504033943,0.10223370269378818,3,1,1,3.0,541.8
Zm00001eb278260,1,0,0.2243566697453048,0.2243566697453048,2,2,1,5.0,13.5
Zm00001eb278450,2,0,0.1193888909149792,0.0831162718194679,8,3,2,2.0,707.2
Zm00001eb278460,3,0,1.4371212629488666,1.184519970541959,4,2,1,3.6666666666666665,41.8
Zm00001eb278480,2,0,0.4108713136982065,0.34559151861236403,7,3,2,2.5,411.4
Zm00001eb278610,3,0,2.580196982496878,1.7436256683014177,5,1,1,1.6666666666666667,892.1
Zm00001eb278620,1,0,0.3169876718187278,0.3169876718187278,2,1,1,0.0,77.4
Zm00001eb278650,1,0,0.9394492280625508,0.9394492280625508,1,2,1,5.0,192.5
Zm00001eb278740,1,0,0.3809744439617534,0.3809744439617534,1,2,1,3.0,301.9
Zm00001eb278880,4,0,1.102672893268245,1.031625303025899,4,2,1,1.75,59.8
Zm00001eb278930,3,0,0.6264116073823686,0.38857570287460375,3,3,2,2.0,169.8
Zm00001eb279020,3,0,1.7258370817734094,0.7997677105618441,6,2,1,3.3333333333333335,243.4
Zm00001eb279120,1,0,0.1144474220875412,0.1144474220875412,1,1,1,3.0,68.4
Zm00001eb279150,5,4,2.8398750244248334,2.217129433651195,5,2,1,2.4,315.6
Zm00001eb279160,1,0,0.7243571934576641,0.7243571934576641,4,2,2,3.0,203.0
Zm00001eb279230,1,0,0.7637516132303475,0.7637516132303475,2,2,2,3.0,49.8
Zm00001eb279250,1,0,1.0742822647387906,1.0742822647387906,1,2,1,4.0,53.6
Zm00001eb279260,1,0,0.0558040298010693,0.0558040298010693,1,1,0,5.0,102.6
Zm00001eb279270,1,0,1.658692959337016,1.658692959337016,2,1,1,1.0,27.3
Zm00001eb279570,3,0,2.660439957389408,1.080339437144346,4,1,1,2.3333333333333335,194.6
Zm00001eb279580,1,0,0.6208879498813207,0.6208879498813207,1,1,1,0.0,120.9
Zm00001eb279650,1,0,0.9092431768614558,0.9092431768614558,1,1,1,0.0,997.0
Zm00001eb279680,8,0,0.8991508123410431,0.5266797725268856,14,2,1,3.25,25.6
Zm00001eb279750,3,0,1.5327640648967298,1.3921033490825536,5,3,2,2.0,24.5
Zm00001eb279830,4,0,0.9090830003352476,0.6679081712081234,6,2,2,1.5,46.7
Zm00001eb279900,2,0,0.7573433257923813,0.5622301271946116,2,2,2,2.5,1047.0
Zm00001eb279980,2,0,1.006356854212677,1.006356854212677,2,2,1,3.0,80.7
Zm00001eb280020,1,0,0.9030549167199832,0.9030549167199832,1,1,1,2.0,180.9
Zm00001eb280080,4,0,1.0247002784793118,0.9873493619820344,4,2,2,3.25,1865.5
Zm00001eb280090,1,0,0.4419461093823745,0.4419461093823745,1,4,1,2.0,52.2
Zm00001eb280200,1,0,0.874636598628991,0.874636598628991,2,1,1,4.0,291.1
Zm00001eb280220,1,0,0.6983654770654291,0.6983654770654291,1,2,1,4.0,84.5
Zm00001eb280460,1,0,0.3113640972893949,0.3113640972893949,2,1,1,5.0,181.6
Zm00001eb280540,2,0,0.2433761919396572,0.1966247506124867,3,1,1,1.5,294.4
Zm00001eb280560,1,0,0.0634578955231746,0.0634578955231746,1,1,1,0.0,5619.2
Zm00001eb280600,1,0,1.041793937009969,1.041793937009969,2,2,1,1.0,243.9
Zm00001eb280730,1,0,1.2123762088627132,1.2123762088627132,1,1,1,2.0,120.0
Zm00001eb280920,2,0,1.3167517986319006,1.3167517986319006,8,1,1,3.5,33.8
Zm00001eb280970,2,0,2.3754617036016015,1.5162121794110035,3,2,2,2.0,127.9
Zm00001eb281190,3,0,1.5215408572874594,0.7885069842156324,3,2,2,2.6666666666666665,6.7
Zm00001eb281200,2,0,1.21503548149268,1.174872422447209,3,4,3,2.5,198.9
Zm00001eb281210,1,0,0.5639449259849283,0.5639449259849283,3,1,1,3.0,32.0
Zm00001eb281290,1,0,0.69494446635242,0.69494446635242,5,2,2,2.0,383.3
Zm00001eb281300,1,0,1.3460799512907722,1.3460799512907722,1,1,1,0.0,2.1
Zm00001eb281370,2,0,0.8481738271799653,0.7972297074104306,4,3,2,2.0,34.4
Zm00001eb281480,1,0,0.3289909123730261,0.3289909123730261,1,1,1,2.0,209.5
Zm00001eb281500,1,0,1.2513634116196413,1.2513634116196413,7,2,2,2.0,3240.6
Zm00001eb281700,1,0,0.3873734650647935,0.3873734650647935,1,2,0,4.0,439.7
Zm00001eb281810,1,0,1.2082776603429557,1.2082776603429557,1,2,1,3.0,1038.0
Zm00001eb281840,1,0,0.6138580645174316,0.6138580645174316,1,1,1,3.0,115.2
Zm00001eb281890,2,0,0.7638769039606036,0.5671124061589362,2,3,1,2.5,72.2
Zm00001eb281960,1,0,0.3382277041391864,0.3382277041391864,4,3,2,3.0,316.2
Zm00001eb282030,1,0,1.6921101559719365,1.6921101559719365,1,1,1,2.0,1325.1
Zm00001eb282040,1,1,2.0901105758952907,2.0901105758952907,1,2,1,0.0,3165.6
Zm00001eb282320,1,0,0.9459441021287212,0.9459441021287212,2,2,2,3.0,383.5
Zm00001eb282360,1,0,0.3534121745693632,0.3534121745693632,1,1,1,3.0,101.9
Zm00001eb282510,1,0,0.7553093113020155,0.7553093113020155,1,2,1,3.0,94.3
Zm00001eb282890,1,0,0.1291126985988678,0.1291126985988678,1,2,1,2.0,55.6
Zm00001eb282950,2,0,0.2610374085426767,0.24522011328883436,2,1,1,3.5,277.8
Zm00001eb282960,1,1,1.343075589730851,1.343075589730851,1,1,1,4.0,343.5
Zm00001eb282970,2,0,0.5707881095361991,0.5640238130065512,6,2,2,4.0,29.6
Zm00001eb282990,1,1,2.655137442273228,2.655137442273228,1,1,1,1.0,230.2
Zm00001eb283000,1,0,0.0137049484554991,0.0137049484554991,3,2,1,7.0,562.9
Zm00001eb283070,2,0,1.3559615163707184,1.3559615163707184,2,3,1,3.0,156.6
Zm00001eb283110,2,1,2.856266283830376,2.036438825096111,3,2,2,3.0,749.8
Zm00001eb283160,1,0,1.1741963748413569,1.1741963748413569,2,3,2,2.0,122.3
Zm00001eb283430,1,0,2.2574832886264415,2.2574832886264415,2,4,1,1.0,69.1
Zm00001eb283480,3,0,1.0822875139065564,0.5520270104316742,6,2,1,2.0,17.3
Zm00001eb283510,2,1,4.182627896260938,2.929037953124583,3,4,3,3.0,93.8
Zm00001eb283520,2,0,0.2556765277813906,0.193914996293785,4,1,1,2.0,17.8
Zm00001eb283560,2,0,1.4888410496764146,0.9890578589450338,3,1,1,1.5,15.6
Zm00001eb283570,1,0,0.1846634027518067,0.1846634027518067,1,3,1,2.0,387.2
Zm00001eb283750,1,1,3.2282312202661316,3.2282312202661316,1,1,1,1.0,42.8
Zm00001eb283800,1,0,1.5709941748934482,1.5709941748934482,1,3,1,2.0,402.3
Zm00001eb283890,1,0,1.2776420558049877,1.2776420558049877,2,1,1,4.0,18.1
Zm00001eb283950,1,0,0.0438330242575045,0.0438330242575045,1,2,1,0.0,277.7
Zm00001eb283960,4,0,1.5054779076327065,0.9378242639906965,4,2,2,3.25,148.0
Zm00001eb284070,1,1,2.017722385261348,2.017722385261348,1,2,1,6.0,45.2
Zm00001eb284090,2,0,1.170558468631338,0.6351982011810554,3,4,1,1.0,286.8
Zm00001eb284110,1,0,0.4835976862689607,0.4835976862689607,1,2,1,2.0,47.0
Zm00001eb284120,1,1,2.8262855781437546,2.8262855781437546,1,1,1,1.0,494.9
Zm00001eb284160,1,0,0.0466735544064214,0.0466735544064214,3,1,1,2.0,1224.3
Zm00001eb284170,2,0,1.789937705320206,1.789937705320206,4,1,1,2.0,274.8
Zm00001eb284290,4,0,0.583447987233024,0.4841686089222331,4,1,1,3.75,180.4
Zm00001eb284330,1,0,0.2336325865364358,0.2336325865364358,3,4,2,2.0,992.9
Zm00001eb284350,1,0,1.5009393840548273,1.5009393840548273,1,1,1,3.0,2636.3
Zm00001eb284380,2,0,1.5013301774311052,0.9273525241569902,4,2,1,1.5,91.8
Zm00001eb284450,2,0,4.593166300363104,2.473753046796221,2,1,1,4.0,217.1
Zm00001eb284460,1,0,0.5466411078097829,0.5466411078097829,1,2,1,4.0,2.9
Zm00001eb284520,1,0,1.688341852113074,1.688341852113074,3,3,1,2.0,155.1
Zm00001eb285040,1,0,0.1882860572311668,0.1882860572311668,1,3,1,2.0,122.4
Zm00001eb285080,1,0,1.537411189667252,1.537411189667252,3,1,1,2.0,1150.7
Zm00001eb285190,3,0,0.6453513391982,0.4438427885952139,3,2,1,2.6666666666666665,20.8
Zm00001eb285450,1,0,2.0123806040522223,2.0123806040522223,3,1,1,1.0,1302.8
Zm00001eb285460,2,1,2.668923943756283,2.3395321104939857,3,2,1,1.0,76.2
Zm00001eb285500,1,0,0.5778028755273283,0.5778028755273283,6,1,1,1.0,16.5
Zm00001eb285520,1,0,0.2056206110337546,0.2056206110337546,2,1,1,4.0,248.1
Zm00001eb285600,1,0,1.226455337511562,1.226455337511562,1,2,1,3.0,416.3
Zm00001eb285660,2,0,1.9821578194966063,1.9821578194966063,3,1,1,3.5,880.9
Zm00001eb285690,3,0,1.4130158904462935,1.2978413714186898,5,2,1,3.3333333333333335,866.3
Zm00001eb285800,1,0,1.734827198339692,1.734827198339692,1,2,1,1.0,126.0
Zm00001eb285830,1,0,0.4385531638699732,0.4385531638699732,2,1,1,3.0,1690.4
Zm00001eb285950,1,0,0.4015318913197443,0.4015318913197443,1,3,1,4.0,650.9
Zm00001eb285960,2,0,0.5340310843149102,0.5097179290589565,2,3,1,3.0,23.2
Zm00001eb286300,5,0,1.0001035862829075,0.28079971330339304,6,3,3,2.4,14.7
Zm00001eb286340,1,0,0.1932157301741424,0.1932157301741424,2,2,1,5.0,394.9
Zm00001eb286400,1,0,0.1621691053316264,0.1621691053316264,2,1,1,4.0,324.3
Zm00001eb286470,4,0,0.4444076214698517,0.2394200955999371,9,2,1,3.0,113.2
Zm00001eb286490,1,0,0.4052240731911753,0.4052240731911753,2,1,1,2.0,289.2
Zm00001eb286540,2,1,1.5857986645549182,1.1630861725779758,4,2,2,3.0,209.6
Zm00001eb286550,1,0,1.0375087618413277,1.0375087618413277,1,1,1,4.0,30.7
Zm00001eb286650,5,0,1.040779290187602,0.8381487849557422,5,1,1,2.4,98.9
Zm00001eb286730,2,2,1.8270149296377984,1.8242165186670354,4,1,0,4.5,2137.8
Zm00001eb286750,1,0,1.3687036864406907,1.3687036864406907,4,1,1,4.0,102.5
Zm00001eb286770,1,0,0.4641676093359573,0.4641676093359573,7,1,1,3.0,268.5
Zm00001eb286890,1,0,0.82698843348988,0.82698843348988,4,3,2,0.0,704.5
Zm00001eb286900,1,0,1.533649344506983,1.533649344506983,1,1,1,4.0,24.2
Zm00001eb286920,4,4,5.2375265796724175,5.2375265796724175,6,1,1,1.5,470.6
Zm00001eb286940,2,0,1.628529067451444,1.628529067451444,3,1,1,2.5,351.6
Zm00001eb286990,3,0,1.1429366235242682,0.8052604550343077,3,1,1,4.0,19.4
Zm00001eb287090,1,0,2.5449125515018833,2.5449125515018833,6,3,3,2.0,846.8
Zm00001eb287100,1,0,0.3095389094729192,0.3095389094729192,2,2,1,1.0,7.1
Zm00001eb287240,2,1,2.4263651263071937,1.3321984164734624,2,2,1,5.0,1154.8
Zm00001eb287250,1,0,0.1536970956097709,0.1536970956097709,1,3,1,1.0,249.0
Zm00001eb287280,1,0,0.6568578801189726,0.6568578801189726,1,1,1,7.0,413.1
Zm00001eb287400,1,1,2.094134428851011,2.094134428851011,1,1,1,1.0,401.1
Zm00001eb287450,2,0,1.262530685062093,0.7819091574888717,2,1,1,3.5,681.9
Zm00001eb287610,1,1,3.203902110132901,3.203902110132901,2,2,1,0.0,1919.6
Zm00001eb287650,1,0,0.3599774319088885,0.3599774319088885,1,2,1,4.0,3.8
Zm00001eb287680,2,0,0.213034450801353,0.213034450801353,2,4,1,4.0,1086.4
Zm00001eb287790,1,0,0.660995561527725,0.660995561527725,2,2,2,3.0,792.8
Zm00001eb287860,1,0,0.950535507784106,0.950535507784106,1,2,1,2.0,4162.8
Zm00001eb287870,1,0,1.6168880974344462,1.6168880974344462,1,2,1,2.0,70.9
Zm00001eb287890,1,1,3.943153686574973,3.943153686574973,1,3,2,2.0,1325.4
Zm00001eb288060,1,0,0.0109864891356095,0.0109864891356095,1,1,1,1.0,100.9
Zm00001eb288070,1,0,0.5317714106447514,0.5317714106447514,3,3,2,0.0,301.5
Zm00001eb288130,1,1,2.150577722344607,2.150577722344607,3,1,1,4.0,468.6
Zm00001eb288150,2,1,3.3074906339787136,2.0538137028549532,3,4,2,1.5,360.1
Zm00001eb288190,3,0,0.522800259840617,0.4428880122906709,3,1,1,4.333333333333333,742.0
Zm00001eb288240,1,0,0.4172230092462066,0.4172230092462066,2,4,3,1.0,206.8
Zm00001eb288280,1,0,0.4082193800245794,0.4082193800245794,2,2,1,3.0,312.8
Zm00001eb288340,3,0,0.6576885752170453,0.4250451822420471,5,3,1,4.0,925.8
Zm00001eb288370,2,0,0.0996528744041763,0.0767933799759644,3,3,3,4.0,186.0
Zm00001eb288390,1,0,0.2760097575485167,0.2760097575485167,1,2,1,4.0,860.8
Zm00001eb288400,1,0,1.2024923571770054,1.2024923571770054,4,3,1,1.0,372.1
Zm00001eb288420,2,1,3.64086409562759,3.276154293347138,3,3,1,4.0,2526.3
Zm00001eb288580,1,0,0.2671859277328083,0.2671859277328083,2,2,2,1.0,326.5
Zm00001eb288640,1,0,1.7853219312615145,1.7853219312615145,1,3,1,2.0,41.0
Zm00001eb288770,1,0,1.8353581267644117,1.8353581267644117,2,1,1,5.0,345.0
Zm00001eb288790,2,0,0.4244541667315388,0.40111104496926586,5,2,1,1.5,1178.1
Zm00001eb288800,1,0,0.8308797680314584,0.8308797680314584,2,2,1,3.0,10.7
Zm00001eb288820,1,0,0.1215818365984012,0.1215818365984012,1,3,2,3.0,24.0
Zm00001eb288870,1,0,0.5251264500961919,0.5251264500961919,2,2,2,3.0,110.2
Zm00001eb288980,1,0,0.5367521493900689,0.5367521493900689,1,3,1,3.0,69.3
Zm00001eb289000,1,0,0.3835668055108654,0.3835668055108654,3,2,2,3.0,53.8
Zm00001eb289010,1,0,0.3901513363359439,0.3901513363359439,1,1,1,3.0,84.0
Zm00001eb289160,1,0,1.4642073449489303,1.4642073449489303,1,1,1,1.0,46.9
Zm00001eb289180,1,0,0.3893514809734893,0.3893514809734893,1,1,1,5.0,23.5
Zm00001eb289190,5,0,1.189527321061821,0.7379236938982795,8,2,2,2.8,567.1
Zm00001eb289200,2,0,1.4845292473967675,1.4845292473967675,2,1,1,2.5,309.3
Zm00001eb289300,1,0,2.2483877983191545,2.2483877983191545,2,1,1,4.0,52.6
Zm00001eb289310,1,0,0.235655584171067,0.235655584171067,8,3,3,0.0,1078.0
Zm00001eb289320,2,0,0.7268909076573392,0.5641315488559758,8,2,2,3.0,16.3
Zm00001eb289390,1,0,1.3126184642207186,1.3126184642207186,2,4,1,4.0,48.8
Zm00001eb289400,2,0,0.6193451673861935,0.33995706274699256,3,1,1,3.5,353.6
Zm00001eb289430,2,0,0.1217220006798724,0.08048478956782196,5,2,2,1.0,146.4
Zm00001eb289450,2,0,0.6565991371586211,0.4875994984739956,5,1,1,1.5,404.9
Zm00001eb289460,1,0,0.4882580463681405,0.4882580463681405,3,4,1,3.0,269.8
Zm00001eb289470,2,0,0.7617273969294727,0.5240048400408104,2,2,2,0.5,574.4
Zm00001eb289490,4,0,1.0192689646112676,0.4130350868589517,5,3,2,2.75,524.0
Zm00001eb289520,1,0,1.4218880479596712,1.4218880479596712,1,1,1,1.0,184.9
Zm00001eb289590,1,0,1.883788200970204,1.883788200970204,4,2,2,5.0,217.6
Zm00001eb289730,1,0,0.712297015698194,0.712297015698194,2,3,1,2.0,307.1
Zm00001eb289770,1,0,0.2078048809710403,0.2078048809710403,1,1,1,3.0,367.3
Zm00001eb289800,3,0,0.8860072522961546,0.6873124976563263,8,2,1,2.6666666666666665,147.6
Zm00001eb289820,2,0,1.1205280463560472,0.7335801850845834,3,1,1,3.0,316.2
Zm00001eb289870,1,0,0.2684283621691266,0.2684283621691266,2,3,1,3.0,48.2
Zm00001eb289900,3,0,0.8993173792752946,0.5001060677258459,7,2,2,1.0,20.7
Zm00001eb289940,1,0,2.223210733123756,2.223210733123756,2,2,1,0.0,17.1
Zm00001eb289960,1,0,0.4328904981353147,0.4328904981353147,1,2,1,5.0,24.9
Zm00001eb289990,1,0,0.4075745428821605,0.4075745428821605,1,1,1,2.0,201.4
Zm00001eb290320,1,0,0.4947929157300136,0.4947929157300136,1,1,1,4.0,107.5
Zm00001eb290350,1,0,0.4761837402966014,0.4761837402966014,1,2,1,4.0,11.5
Zm00001eb290360,3,0,1.7790187457172184,1.3690150817032658,6,2,2,3.6666666666666665,925.0
Zm00001eb290480,1,0,0.7518030532611671,0.7518030532611671,2,3,1,3.0,321.4
Zm00001eb290590,1,0,0.2375482320537699,0.2375482320537699,2,1,1,4.0,112.3
Zm00001eb290650,1,0,1.01932656989106,1.01932656989106,1,2,1,1.0,365.0
Zm00001eb290670,1,0,0.2733606244352217,0.2733606244352217,1,1,0,1.0,7.6
Zm00001eb290700,1,0,0.2685100952879216,0.2685100952879216,3,4,1,2.0,284.9
Zm00001eb290720,1,0,0.3932915776243912,0.3932915776243912,1,2,1,2.0,2937.1
Zm00001eb290750,1,1,2.687972913495488,2.687972913495488,2,2,1,1.0,68.4
Zm00001eb290760,2,0,0.8812647013705857,0.7712306114497833,4,3,2,1.5,20.6
Zm00001eb290780,1,0,0.166845314016558,0.166845314016558,1,2,1,2.0,1233.1
Zm00001eb290920,1,0,0.3676728676322546,0.3676728676322546,4,2,2,5.0,1053.7
Zm00001eb290940,2,0,0.3108010607300466,0.3108010607300466,6,3,2,2.5,15.9
Zm00001eb291100,1,0,0.6215517531344633,0.6215517531344633,4,2,2,1.0,145.9
Zm00001eb291140,1,0,0.2238673091593143,0.2238673091593143,1,3,1,2.0,128.4
Zm00001eb291160,1,0,1.6412210885224152,1.6412210885224152,4,1,1,5.0,1125.9
Zm00001eb291170,1,0,0.0289112284159463,0.0289112284159463,2,2,0,0.0,79.7
Zm00001eb291210,2,0,0.643681180318589,0.3913226958330772,3,1,1,3.0,10.1
Zm00001eb291250,1,0,1.480181621949928,1.480181621949928,1,3,1,4.0,270.1
Zm00001eb291270,1,0,0.0312378302480782,0.0312378302480782,1,3,1,2.0,83.4
Zm00001eb291290,1,0,0.7575296855753152,0.7575296855753152,1,2,1,3.0,123.3
Zm00001eb291320,1,0,1.5373929437752578,1.5373929437752578,2,3,1,1.0,1544.3
Zm00001eb291340,2,0,0.4447779395640633,0.2749080353848717,2,3,1,3.0,963.3
Zm00001eb291350,1,0,0.0179641114616957,0.0179641114616957,1,1,1,0.0,138.6
Zm00001eb291360,3,0,0.4925006578677487,0.23428736467991498,4,1,1,2.6666666666666665,2310.3
Zm00001eb291380,1,0,1.304276500028905,1.304276500028905,2,4,1,4.0,178.5
Zm00001eb291450,3,0,1.1952467685415868,0.7776040348665959,6,2,2,2.0,5.1
Zm00001eb291460,3,2,2.2088497624594594,1.3039852222064179,4,1,1,2.0,323.4
Zm00001eb291530,1,0,1.0424893915582103,1.0424893915582103,1,2,1,4.0,1504.0
Zm00001eb291540,1,0,1.0719145285046248,1.0719145285046248,2,2,1,3.0,537.1
Zm00001eb291720,1,0,0.1341532725939704,0.1341532725939704,2,1,1,0.0,6.2
Zm00001eb291820,1,0,1.2827369606302106,1.2827369606302106,2,3,2,2.0,123.4
Zm00001eb291920,1,0,2.8135910406122613,2.8135910406122613,2,3,1,0.0,1142.4
Zm00001eb291930,3,0,1.5769270441587435,1.1018080863574686,3,1,1,2.3333333333333335,23.7
Zm00001eb291960,3,0,0.9676803005608456,0.5630401979268918,5,3,1,1.6666666666666667,23.3
Zm00001eb292010,1,0,0.5386638192582001,0.5386638192582001,2,2,1,1.0,2794.8
Zm00001eb292050,1,0,0.3290915787189566,0.3290915787189566,1,1,1,0.0,178.4
Zm00001eb292100,2,0,0.4094553157532726,0.37134489841260454,7,1,1,1.0,2431.2
Zm00001eb292260,1,0,0.5199039166189082,0.5199039166189082,1,3,1,4.0,34.1
Zm00001eb292270,1,0,1.715113913059485,1.715113913059485,3,3,1,4.0,103.7
Zm00001eb292290,1,0,1.207730211161439,1.207730211161439,6,2,1,2.0,3082.3
Zm00001eb292310,1,0,2.0394270411646533,2.0394270411646533,1,1,1,2.0,1703.6
Zm00001eb292320,1,0,0.0956872566004547,0.0956872566004547,1,2,1,3.0,542.4
Zm00001eb292340,1,0,0.4272414245046314,0.4272414245046314,2,1,1,4.0,1491.1
Zm00001eb292430,3,0,0.9714414066800736,0.6537494335958495,4,1,1,2.3333333333333335,1220.6
Zm00001eb292460,1,0,0.2628432155275617,0.2628432155275617,2,2,1,3.0,56.9
Zm00001eb292530,1,0,0.119677268975045,0.119677268975045,3,2,1,2.0,659.1
Zm00001eb292620,1,0,2.0621900573305476,2.0621900573305476,1,2,1,2.0,1508.4
Zm00001eb292650,1,0,0.0389117067272833,0.0389117067272833,1,2,1,1.0,12.9
Zm00001eb292690,2,0,0.4378041477492953,0.24870597986684495,4,2,1,2.0,863.0
Zm00001eb292700,1,0,1.116524925070794,1.116524925070794,1,1,1,1.0,266.8
Zm00001eb292710,1,0,1.4092953341982226,1.4092953341982226,1,1,1,3.0,243.9
Zm00001eb292740,1,0,0.7651249543448455,0.7651249543448455,2,2,1,3.0,57.3
Zm00001eb292760,1,0,0.9676847700696602,0.9676847700696602,1,2,2,3.0,332.8
Zm00001eb292770,5,0,0.7030939334246823,0.3519830237253805,6,3,3,2.4,482.1
Zm00001eb292780,2,0,0.8907120480814525,0.6685601942811253,6,3,3,2.0,44.1
Zm00001eb292840,1,0,1.7070546227834682,1.7070546227834682,1,2,0,3.0,329.7
Zm00001eb292920,3,0,1.042066871596393,0.9385224197386047,6,2,2,1.3333333333333333,13.4
Zm00001eb292930,1,0,1.1587925522532794,1.1587925522532794,2,1,1,1.0,1761.8
Zm00001eb293110,1,0,0.7555253341370979,0.7555253341370979,2,3,1,1.0,391.8
Zm00001eb293130,2,1,3.7275814784711905,2.459872888138114,3,1,1,5.5,101.3
Zm00001eb293150,1,0,1.0471725991164125,1.0471725991164125,5,3,1,0.0,302.5
Zm00001eb293190,2,0,0.1114203468059065,0.07667730409584456,7,3,3,0.5,164.7
Zm00001eb293240,1,0,0.2991280859495399,0.2991280859495399,1,1,1,1.0,734.3
Zm00001eb293250,1,0,0.2242127997487941,0.2242127997487941,1,2,1,2.0,15.4
Zm00001eb293260,2,0,1.051845394125459,0.9250319433854483,4,4,3,3.5,3953.9
Zm00001eb293310,5,1,2.6627355488071776,1.2516559327235859,8,3,3,3.4,3706.3
Zm00001eb293350,2,0,1.0739988638308653,0.5839047864913574,2,3,2,2.5,165.7
Zm00001eb293420,1,0,0.5170697721505912,0.5170697721505912,1,1,1,3.0,2.1
Zm00001eb293470,1,0,0.1717123722971184,0.1717123722971184,6,3,2,3.0,11.2
Zm00001eb293480,2,1,2.624585927532239,1.91767031288679,8,3,2,2.5,104.6
Zm00001eb293510,1,0,0.263103473722913,0.263103473722913,5,2,2,0.0,13.2
Zm00001eb293530,3,0,0.6049804778819254,0.2654160854082647,4,4,2,3.0,282.1
Zm00001eb293540,1,0,0.3246669344916348,0.3246669344916348,1,2,1,3.0,218.9
Zm00001eb293550,1,0,0.6130769347332824,0.6130769347332824,2,1,1,0.0,177.1
Zm00001eb293560,3,0,0.5540223800441769,0.39748264196370525,3,1,1,2.6666666666666665,186.7
Zm00001eb293570,4,0,0.8218086989151581,0.6809357878936618,5,2,1,1.5,285.3
Zm00001eb293600,1,0,2.237004474507186,2.237004474507186,3,5,2,2.0,10.1
Zm00001eb293610,2,0,0.9975745744999988,0.5652418856332582,2,4,1,2.5,64.3
Zm00001eb293660,3,0,0.772963463637916,0.4572053932116484,5,1,1,2.6666666666666665,267.9
Zm00001eb293710,1,0,1.2181312331669762,1.2181312331669762,3,1,1,6.0,241.7
Zm00001eb293760,4,0,0.1864150388829547,0.12036229501413467,5,2,2,2.5,905.0
Zm00001eb293780,1,0,0.2882997373597847,0.2882997373597847,2,1,1,0.0,1241.3
Zm00001eb293800,2,0,1.2418276884072248,0.7227633299485428,4,1,1,1.5,128.3
Zm00001eb293810,1,0,0.570641526390578,0.570641526390578,1,2,1,2.0,210.3
Zm00001eb293820,1,0,0.1558251584025249,0.1558251584025249,1,2,2,1.0,1873.8
Zm00001eb293830,1,0,0.7580738598608388,0.7580738598608388,2,3,2,6.0,220.8
Zm00001eb293970,1,0,0.2045711493989459,0.2045711493989459,2,2,1,6.0,37.5
Zm00001eb294040,1,0,1.0594498315488008,1.0594498315488008,1,2,1,1.0,44.2
Zm00001eb294080,1,0,0.5685377689117886,0.5685377689117886,2,2,1,4.0,325.8
Zm00001eb294170,1,0,0.6927691809241381,0.6927691809241381,2,3,1,4.0,372.5
Zm00001eb294180,1,0,1.475305798543478,1.475305798543478,1,1,1,2.0,259.1
Zm00001eb294200,1,0,0.0165864679701418,0.0165864679701418,5,4,4,3.0,1940.3
Zm00001eb294260,3,0,0.8164126710477512,0.6568676433121521,4,2,2,3.6666666666666665,229.5
Zm00001eb294280,3,0,1.2866323221256513,0.677223144812863,6,1,1,3.3333333333333335,334.9
Zm00001eb294290,1,0,0.7380470834975067,0.7380470834975067,2,2,1,3.0,60.5
Zm00001eb294350,1,0,0.7339753596375252,0.7339753596375252,1,1,1,1.0,1036.8
Zm00001eb294370,1,0,1.1975940146193058,1.1975940146193058,2,1,1,2.0,1654.3
Zm00001eb294390,4,0,1.6376438864098872,0.6695258424432111,7,3,2,3.0,3.4
Zm00001eb294560,3,0,0.6597072938460499,0.3880859832851802,3,2,2,3.3333333333333335,47.1
Zm00001eb294570,1,0,0.0418429208871346,0.0418429208871346,3,3,2,3.0,895.4
Zm00001eb294580,3,0,1.423839919954956,0.8680909608378514,3,3,2,2.3333333333333335,1675.8
Zm00001eb294590,2,0,1.1734246444199088,0.5987616834118319,2,2,1,1.0,80.2
Zm00001eb294600,1,0,1.0859695766255455,1.0859695766255455,2,4,2,2.0,71.7
Zm00001eb294700,2,2,3.0511128323878167,3.0511128323878167,3,1,1,3.0,546.0
Zm00001eb294720,3,0,0.6844333985631043,0.5962537329854075,4,2,1,4.0,6066.2
Zm00001eb294740,1,1,1.9243978925261265,1.9243978925261265,1,1,1,2.0,189.2
Zm00001eb294780,1,0,1.9001256381182483,1.9001256381182483,1,1,1,1.0,70.8
Zm00001eb294800,1,0,0.1899253891587578,0.1899253891587578,1,2,1,4.0,499.9
Zm00001eb294830,3,0,0.5435213491488313,0.46028505397883523,5,3,3,1.6666666666666667,203.9
Zm00001eb294920,1,0,0.6748911570231851,0.6748911570231851,1,2,0,1.0,1464.0
Zm00001eb294930,1,0,0.6514776051739817,0.6514776051739817,2,3,1,1.0,123.9
Zm00001eb294940,2,0,1.6014364049808731,0.8492714038958097,6,2,2,0.5,66.1
Zm00001eb294980,1,0,0.8824810147712377,0.8824810147712377,2,1,1,6.0,2648.2
Zm00001eb295030,1,0,1.0206205706394131,1.0206205706394131,5,2,2,6.0,331.1
Zm00001eb295060,2,0,0.4311145426093042,0.3073470458932581,2,1,1,3.5,18.7
Zm00001eb295070,1,0,1.145058552041323,1.145058552041323,3,1,1,5.0,378.6
Zm00001eb295080,2,0,0.8313838585235513,0.45152052893481864,5,2,1,2.0,116.1
Zm00001eb295090,1,0,0.8397688892829619,0.8397688892829619,2,3,1,2.0,57.9
Zm00001eb295120,3,1,1.8619740594255063,0.8977666147659057,3,2,1,2.6666666666666665,161.5
Zm00001eb295130,1,0,0.7164117960802195,0.7164117960802195,1,2,1,4.0,119.8
Zm00001eb295170,3,0,1.115293157042568,0.7057552809367437,3,2,1,2.3333333333333335,645.2
Zm00001eb295180,1,0,0.3416130076993883,0.3416130076993883,7,3,3,0.0,2709.0
Zm00001eb295380,2,0,0.6285684271284747,0.6285684271284747,2,3,1,3.5,77.2
Zm00001eb295480,2,0,0.7914962881784711,0.5219636322086378,2,3,1,2.0,477.5
Zm00001eb295590,3,3,5.46957121886251,4.85638343669759,6,1,1,3.3333333333333335,117.8
Zm00001eb295600,2,0,0.2494619157455393,0.20479949278310156,4,2,2,2.0,364.6
Zm00001eb295610,1,0,0.233128825804754,0.233128825804754,1,2,1,4.0,24712.8
Zm00001eb295630,2,0,0.9722037865706084,0.5299358852125253,4,1,1,2.0,106.3
Zm00001eb295670,2,0,0.0849166714959702,0.06152627168772955,2,1,1,2.5,573.7
Zm00001eb295690,2,0,1.2974184714765875,1.0702403894526782,2,2,1,2.0,20.6
Zm00001eb295790,2,0,0.6141682831301258,0.3736543425357026,2,2,1,4.0,5.3
Zm00001eb295820,2,0,1.8755919850886833,1.0445269992788624,4,2,1,2.0,526.9
Zm00001eb295860,3,0,0.9738918077845132,0.6332349297094898,5,2,2,3.0,167.4
Zm00001eb295870,1,0,0.2529196191366158,0.2529196191366158,1,3,1,3.0,84.9
Zm00001eb295900,1,0,0.9953032748334624,0.9953032748334624,3,2,1,2.0,416.6
Zm00001eb295940,1,0,0.3415689993770551,0.3415689993770551,1,1,1,5.0,291.4
Zm00001eb295950,1,0,0.1200356621459952,0.1200356621459952,2,3,1,5.0,542.7
Zm00001eb295960,1,0,0.9557938295157148,0.9557938295157148,1,1,1,3.0,10.0
Zm00001eb296060,1,0,0.1593337338669416,0.1593337338669416,1,1,1,6.0,2119.1
Zm00001eb296160,1,0,2.639976130825458,2.639976130825458,3,4,3,5.0,771.2
Zm00001eb296180,1,0,0.8669936529943484,0.8669936529943484,2,3,1,1.0,11.8
Zm00001eb296230,2,0,1.4064766621806162,0.8866133955293902,3,2,2,3.0,422.6
Zm00001eb296300,2,0,2.0569214885235136,1.7843361199328465,3,3,1,2.5,296.6
Zm00001eb296320,1,0,0.983553245919166,0.983553245919166,2,3,1,2.0,504.3
Zm00001eb296340,1,0,0.8329393766968032,0.8329393766968032,4,1,1,3.0,1535.4
Zm00001eb296420,1,0,0.9647880186093538,0.9647880186093538,1,3,2,2.0,227.8
Zm00001eb296480,1,0,0.2333120364366642,0.2333120364366642,1,2,1,1.0,596.1
Zm00001eb296510,3,0,2.2897427658857694,0.885134191897512,3,2,1,0.6666666666666666,23.7
Zm00001eb296520,2,0,1.1628252504537036,0.6489645116906496,3,1,1,1.5,24.6
Zm00001eb296550,2,0,0.4193827613294826,0.23371640538388624,3,2,1,1.5,1737.0
Zm00001eb296600,1,0,0.7430441262458396,0.7430441262458396,3,3,1,1.0,167.1
Zm00001eb296650,3,0,1.6160621261405284,1.1498742699072757,5,3,2,3.3333333333333335,88.2
Zm00001eb296680,2,0,0.1776263085869769,0.1253428939790067,5,2,2,1.5,9010.6
Zm00001eb296690,1,0,0.3898752654503223,0.3898752654503223,6,2,2,2.0,51.4
Zm00001eb296760,2,0,0.2665372493526474,0.17801765928428415,2,1,1,2.0,176.9
Zm00001eb296870,3,0,0.5702344786650207,0.3884929381806687,5,3,3,2.6666666666666665,1210.1
Zm00001eb296990,4,0,1.2414606095648664,1.0458463291695683,5,1,1,2.75,2217.3
Zm00001eb297040,1,0,0.6897004865139166,0.6897004865139166,7,2,2,4.0,363.7
Zm00001eb297110,3,0,1.02552767978298,0.4366980315281778,6,2,1,3.0,1054.4
Zm00001eb297150,1,0,0.0454841672798862,0.0454841672798862,1,2,1,2.0,138.5
Zm00001eb297160,1,0,0.0188480380675643,0.0188480380675643,1,3,1,2.0,246.8
Zm00001eb297180,2,0,0.446684928426487,0.30186612915323124,2,3,1,2.0,364.4
Zm00001eb297190,2,0,0.2360038426967547,0.13109076566834524,2,3,1,2.5,76.3
Zm00001eb297240,2,0,1.004145415529072,0.6830928530722513,2,2,1,2.0,115.3
Zm00001eb297280,1,0,1.7639611698468538,1.7639611698468538,1,3,1,5.0,321.1
Zm00001eb297320,1,0,0.7294266263991187,0.7294266263991187,2,1,1,1.0,355.1
Zm00001eb297330,1,0,0.9313033304306912,0.9313033304306912,5,2,2,3.0,65.9
Zm00001eb297340,2,0,0.6881346084727251,0.6881346084727251,2,1,1,3.0,540.9
Zm00001eb297410,7,0,1.4409489656052934,0.7700711184975372,8,2,2,2.0,52.3
Zm00001eb297420,1,0,0.1712062103002788,0.1712062103002788,3,3,2,1.0,112.8
Zm00001eb297430,2,0,1.2402143763568891,1.0473885837179409,2,5,2,2.0,15.1
Zm00001eb297490,1,0,1.7616980717729007,1.7616980717729007,2,4,1,4.0,669.8
Zm00001eb297510,1,0,1.1793579360259463,1.1793579360259463,2,2,2,1.0,72.7
Zm00001eb297540,1,0,1.0547948900487267,1.0547948900487267,3,3,2,4.0,185.9
Zm00001eb297550,1,0,0.7205948725994441,0.7205948725994441,5,2,2,1.0,137.1
Zm00001eb297580,1,0,1.08218781915197,1.08218781915197,2,1,1,2.0,38.6
Zm00001eb297590,1,0,0.0606239653788889,0.0606239653788889,3,1,1,2.0,2757.3
Zm00001eb297610,1,0,1.3559250431812917,1.3559250431812917,5,2,2,3.0,253.9
Zm00001eb297620,1,0,0.5889000686290599,0.5889000686290599,4,2,2,0.0,2078.8
Zm00001eb297640,1,0,1.3813728878445408,1.3813728878445408,1,2,1,2.0,974.1
Zm00001eb297770,1,0,0.0219559205765066,0.0219559205765066,1,2,1,5.0,68.5
Zm00001eb298090,2,0,1.1131281634171926,0.6539472986203215,2,3,1,2.0,100.4
Zm00001eb298140,2,1,2.081148712700112,1.5573009467387537,2,1,1,2.5,19.2
Zm00001eb298150,1,0,0.0783122136670123,0.0783122136670123,2,2,1,1.0,351.8
Zm00001eb298180,1,1,2.905709175966613,2.905709175966613,1,2,1,3.0,531.1
Zm00001eb298290,2,0,1.515869817607489,0.8886453348297761,2,3,2,3.0,140.6
Zm00001eb298320,1,0,1.2688454708671253,1.2688454708671253,1,1,1,2.0,641.8
Zm00001eb298440,1,0,0.4855205881097189,0.4855205881097189,1,2,1,3.0,4346.7
Zm00001eb298570,1,0,0.229353301366201,0.229353301366201,3,2,1,2.0,823.3
Zm00001eb298600,2,0,1.6224661384070596,1.3173436554087288,4,2,1,3.5,311.1
Zm00001eb298610,1,0,0.5703406091366616,0.5703406091366616,1,2,1,3.0,329.1
Zm00001eb298620,1,0,0.6608579689560627,0.6608579689560627,1,2,2,3.0,194.1
Zm00001eb298660,4,0,1.7219265402081811,0.8196930927793762,6,1,1,3.75,355.8
Zm00001eb298670,1,0,0.1613632425912409,0.1613632425912409,1,1,1,1.0,221.2
Zm00001eb298950,1,0,2.0579447134764113,2.0579447134764113,2,3,2,2.0,417.6
Zm00001eb298990,2,0,0.1742660895158294,0.10331949524607714,2,1,1,1.5,122.3
Zm00001eb299010,1,0,0.8478147739237761,0.8478147739237761,7,2,2,5.0,21.8
Zm00001eb299130,1,0,0.0865573877811248,0.0865573877811248,1,2,1,3.0,8.7
Zm00001eb299230,3,0,1.0943332854887438,0.7503718828699432,6,3,2,2.3333333333333335,289.5
Zm00001eb299250,1,0,0.0220357168455144,0.0220357168455144,1,2,1,3.0,37.1
Zm00001eb299510,2,0,1.0055772129364178,0.7813994652321918,3,2,2,2.5,152.9
Zm00001eb299520,2,0,0.521962058293721,0.3755912369387015,3,2,2,5.5,167.9
Zm00001eb299530,5,0,0.6498007960526508,0.37529974532200205,6,2,2,2.8,252.5
Zm00001eb299540,1,0,0.5153701473748926,0.5153701473748926,1,4,1,1.0,519.3
Zm00001eb299550,5,0,0.2653092891158704,0.08470779958678665,9,1,1,3.0,2382.9
Zm00001eb299750,1,0,1.2329592999805554,1.2329592999805554,1,4,1,0.0,58.4
Zm00001eb299760,2,0,0.434065726212382,0.22567265055950264,3,3,2,5.5,26464.6
Zm00001eb299920,1,0,0.0142988759732164,0.0142988759732164,1,2,1,2.0,239.0
Zm00001eb299960,1,0,1.8308517220438647,1.8308517220438647,6,3,2,2.0,129.6
Zm00001eb299990,1,0,0.5557734689870812,0.5557734689870812,2,3,1,0.0,102497.1
Zm00001eb300000,2,0,0.3408222069873752,0.2126221869002587,2,1,1,3.0,967.4
Zm00001eb300010,2,0,1.7501955223362622,0.8816045008581757,2,3,2,0.5,1076.3
Zm00001eb300040,2,0,1.265170227668898,0.8511959569481693,2,2,1,2.0,253.9
Zm00001eb300060,5,2,5.704247549491328,2.8154981115637034,12,2,2,3.0,887.9
Zm00001eb300080,1,0,0.4648752826407036,0.4648752826407036,2,2,2,3.0,14.4
Zm00001eb300090,1,0,0.1489688810061404,0.1489688810061404,3,2,1,0.0,23.3
Zm00001eb300100,2,0,1.294323745559522,0.6674147400008474,4,3,2,3.5,14.7
Zm00001eb300130,1,0,0.2810634893531314,0.2810634893531314,4,1,1,3.0,7490.6
Zm00001eb300170,3,0,1.0468016439301606,0.739720834433467,6,2,2,2.3333333333333335,322.9
Zm00001eb300250,2,0,0.6798188664390749,0.5992381925470132,4,2,1,2.5,2481.3
Zm00001eb300260,1,0,0.7018829547169776,0.7018829547169776,2,3,2,3.0,499.1
Zm00001eb300280,2,0,0.6517310187902169,0.5046257940472764,4,3,2,2.0,1608.1
Zm00001eb300290,1,0,0.4805600505460027,0.4805600505460027,2,2,1,2.0,3.3
Zm00001eb300360,1,0,0.9723572752137966,0.9723572752137966,2,3,2,2.0,27.3
Zm00001eb300400,1,0,0.6937971397785407,0.6937971397785407,1,2,1,1.0,79.0
Zm00001eb300480,3,0,0.4928638706011859,0.3167450676985434,4,1,1,3.0,641.4
Zm00001eb300490,3,1,2.4773540200623496,1.6011119673928051,5,2,2,2.3333333333333335,1750.8
Zm00001eb300580,4,0,1.6178433888259351,0.6844629464669336,7,2,1,1.75,22.8
Zm00001eb300680,1,0,1.4405030387847677,1.4405030387847677,2,2,2,2.0,522.6
Zm00001eb300690,1,0,1.1933413248646,1.1933413248646,1,4,1,5.0,17.5
Zm00001eb300700,2,0,1.4373046851458835,1.3030346345712542,5,2,1,2.5,206.3
Zm00001eb300720,2,0,0.2663347953052363,0.14520061260438344,6,3,3,3.0,65.7
Zm00001eb300730,1,0,0.6245442752647805,0.6245442752647805,6,3,3,5.0,2437.2
Zm00001eb300740,1,0,0.363250027046948,0.363250027046948,9,1,1,3.0,351.9
Zm00001eb300750,4,0,0.9346988581240032,0.5567879443392842,10,1,1,0.75,510.6
Zm00001eb300870,2,0,0.391002276918946,0.30536733313338515,12,2,1,2.0,71.4
Zm00001eb300880,1,0,0.7997084799469127,0.7997084799469127,2,1,1,1.0,506.4
Zm00001eb300920,1,0,1.1942021191964824,1.1942021191964824,1,3,1,4.0,795.3
Zm00001eb300930,1,0,0.8054870362406111,0.8054870362406111,2,1,1,2.0,32.2
Zm00001eb300950,2,0,1.8420872720789656,0.9834471285423281,3,1,1,1.0,148.7
Zm00001eb300970,1,0,0.1883346511040253,0.1883346511040253,2,2,1,1.0,305.3
Zm00001eb301000,1,1,2.917096051701655,2.917096051701655,1,2,1,2.0,285.9
Zm00001eb301010,1,0,0.1076269478039791,0.1076269478039791,1,1,1,2.0,1207.6
Zm00001eb301030,2,0,2.0087085933202977,1.7243900179441982,3,1,1,3.5,268.4
Zm00001eb301040,2,0,0.7746058684082419,0.5349187286970072,2,1,1,2.5,100.0
Zm00001eb301050,3,0,2.4494300261460005,2.192346488011809,3,2,1,2.0,464.6
Zm00001eb301070,2,0,0.1370688789361815,0.1053843626471489,2,2,2,2.0,84.4
Zm00001eb301100,4,0,0.3744582977348205,0.3537597741994151,4,2,2,1.75,286.0
Zm00001eb301160,1,0,0.9391849650052682,0.9391849650052682,1,1,1,3.0,121.4
Zm00001eb301240,3,0,0.9296672120223954,0.733407480893837,11,3,3,1.6666666666666667,746.3
Zm00001eb301300,1,0,0.3131508507200387,0.3131508507200387,1,1,1,2.0,65.8
Zm00001eb301310,1,0,1.2906515752706411,1.2906515752706411,1,2,1,0.0,316.9
Zm00001eb301380,2,0,0.96569644662606,0.6723290949581071,2,3,1,2.5,5.9
Zm00001eb301420,1,0,2.6076519790788644,2.6076519790788644,1,2,1,5.0,878.7
Zm00001eb301440,1,0,1.063734684344024,1.063734684344024,5,3,2,3.0,195.4
Zm00001eb301490,1,1,1.9410855150564548,1.9410855150564548,3,1,1,3.0,1011.7
Zm00001eb301540,2,1,5.061909574591178,4.998549625356626,3,1,1,4.0,566.9
Zm00001eb301590,1,0,0.3940867315574706,0.3940867315574706,2,2,1,6.0,1147.7
Zm00001eb301750,2,0,0.6114079203416241,0.47413674445724363,2,1,1,2.0,682.0
Zm00001eb302140,4,0,1.3239922834193278,1.3006940776730267,5,2,2,3.0,6290.0
Zm00001eb302190,3,0,0.4450438435709769,0.20642989454952898,3,3,1,2.0,164.8
Zm00001eb302270,2,1,2.552939442944594,1.5460525496780058,5,3,3,2.0,7.6
Zm00001eb302310,1,0,1.7734310348318585,1.7734310348318585,2,2,1,3.0,1013.6
Zm00001eb302320,2,0,0.5130068731295757,0.29570881662782256,4,4,3,5.0,2.6
Zm00001eb302370,1,0,0.7424063039804609,0.7424063039804609,1,1,0,6.0,1062.0
Zm00001eb302400,2,0,0.8115159851364865,0.4087538388304807,2,1,1,3.0,2495.2
Zm00001eb302680,4,0,0.8795520849045402,0.5400590879054312,7,1,1,2.25,991.7
Zm00001eb302700,1,0,0.0984974845737556,0.0984974845737556,1,1,1,2.0,356.0
Zm00001eb302760,3,0,1.5098142806956616,0.5786196054568019,6,3,2,2.6666666666666665,1339.5
Zm00001eb302800,1,0,0.2654300669256976,0.2654300669256976,1,2,1,0.0,37.4
Zm00001eb302900,1,0,1.2822646846276495,1.2822646846276495,2,1,1,1.0,4961.5
Zm00001eb302950,2,0,0.6467337348805163,0.4258283292903089,2,1,1,2.0,39.0
Zm00001eb302980,1,0,1.2372141124086746,1.2372141124086746,2,1,1,2.0,506.2
Zm00001eb303010,1,0,0.7337680784024239,0.7337680784024239,1,1,1,3.0,136.1
Zm00001eb303060,2,1,1.7875926306467889,1.7318687727613402,2,3,3,2.5,123.9
Zm00001eb303080,1,0,0.6898023207502378,0.6898023207502378,3,2,1,2.0,947.5
Zm00001eb303110,1,0,0.5376610767767492,0.5376610767767492,1,1,1,1.0,707.6
Zm00001eb303190,3,0,1.8693844063235192,1.440436910757893,3,3,2,3.0,84739.1
Zm00001eb303200,1,0,0.8737263618539532,0.8737263618539532,1,1,1,3.0,514.3
Zm00001eb303220,2,0,0.3255082347856393,0.17876247956351643,2,1,1,3.0,79.3
Zm00001eb303280,1,1,2.66532678268429,2.66532678268429,1,2,1,2.0,610.9
Zm00001eb303360,1,0,0.0715546410954658,0.0715546410954658,1,2,1,4.0,1360.5
Zm00001eb303380,1,0,0.358928877805192,0.358928877805192,3,4,1,1.0,276.7
Zm00001eb303620,1,0,0.3469650903590403,0.3469650903590403,6,1,1,2.0,407.2
Zm00001eb303680,1,0,0.2874325412192174,0.2874325412192174,1,1,1,1.0,215.2
Zm00001eb303690,4,0,1.4606419082482134,0.37613481071668897,8,2,2,3.25,1130.7
Zm00001eb303700,2,0,0.6256594437795332,0.5869805411457376,2,2,2,4.0,1976.3
Zm00001eb303730,2,0,0.9997615051006082,0.7929841127448375,2,1,1,3.5,194.0
Zm00001eb303740,1,1,2.5093168700910597,2.5093168700910597,1,2,1,5.0,437.8
Zm00001eb303750,2,0,1.40282330870022,1.3802869769668995,3,3,3,3.5,90.7
Zm00001eb303780,1,0,1.5281439286004417,1.5281439286004417,1,2,1,2.0,35.0
Zm00001eb303850,4,0,1.438828002166046,0.8477266223952443,6,2,1,2.0,297.9
Zm00001eb303990,3,1,2.2464332057082568,1.1969253574416745,4,2,1,3.6666666666666665,891.6
Zm00001eb304080,1,0,1.36518748442591,1.36518748442591,2,1,1,0.0,370.3
Zm00001eb304110,1,1,2.6149041861269624,2.6149041861269624,2,3,1,4.0,171.8
Zm00001eb304560,1,1,3.8414810666527024,3.8414810666527024,1,3,1,2.0,239.3
Zm00001eb304610,2,2,1.976643612712521,1.9347695722556169,2,2,1,2.0,12.7
Zm00001eb304710,3,0,1.2214301813886042,0.5671026665058796,8,3,3,2.6666666666666665,119.1
Zm00001eb304890,2,0,0.2311969653678155,0.22848363179073275,5,2,1,2.0,1009.6
Zm00001eb304930,2,0,0.2279984611427835,0.2142527229451208,3,3,2,5.0,222.7
Zm00001eb304990,1,0,0.428712024443389,0.428712024443389,1,2,1,1.0,126.4
Zm00001eb305180,1,0,0.0716031161230316,0.0716031161230316,1,1,1,4.0,548.6
Zm00001eb305190,1,0,1.1334702685835043,1.1334702685835043,5,2,1,3.0,210.7
Zm00001eb305300,3,0,0.098880890663343,0.06328448214611267,3,3,2,2.0,250.7
Zm00001eb305380,2,0,1.1285938872132044,1.1285938872132044,3,2,1,1.5,118.1
Zm00001eb305490,1,0,0.6316419244117387,0.6316419244117387,1,4,1,6.0,760.1
Zm00001eb305570,1,0,0.0899058273556675,0.0899058273556675,1,3,2,4.0,36.6
Zm00001eb305640,2,0,1.1494497343758543,0.9820715815899206,6,2,1,3.0,5857.5
Zm00001eb305660,2,0,1.5396282636554608,1.5396282636554608,3,1,1,2.5,12.2
Zm00001eb305840,4,0,0.2765909624923738,0.2410607608151817,4,2,1,1.25,239.8
Zm00001eb305960,1,0,0.4126219188617146,0.4126219188617146,1,1,1,3.0,65.8
Zm00001eb306000,1,0,1.2077929771941331,1.2077929771941331,2,3,1,1.0,1828.5
Zm00001eb306260,1,0,1.4644134294656852,1.4644134294656852,1,2,1,2.0,422.2
Zm00001eb306290,1,0,1.973426988569112,1.973426988569112,1,2,1,2.0,125.2
Zm00001eb306530,2,0,0.2333195611530308,0.2333195611530308,2,2,1,2.5,267.4
Zm00001eb306650,1,0,0.0056331894618595,0.0056331894618595,1,2,1,0.0,135.1
Zm00001eb306760,1,0,0.4373085739228098,0.4373085739228098,2,2,2,2.0,93.9
Zm00001eb306790,2,0,0.6952519261019303,0.6248004000453575,3,1,1,2.5,16875.8
Zm00001eb306870,1,0,0.4023803221479383,0.4023803221479383,1,1,1,1.0,28.1
Zm00001eb307010,2,0,1.5140090190529314,0.9022843608642569,2,2,1,3.0,211.6
Zm00001eb307070,6,0,0.9713063452151386,0.4706022503452565,11,2,2,2.5,1165.9
Zm00001eb307290,1,0,0.7688796240187857,0.7688796240187857,1,2,1,6.0,38.0
Zm00001eb307400,1,1,2.282258721460169,2.282258721460169,1,2,1,1.0,146.0
Zm00001eb307410,1,0,0.1698443357914092,0.1698443357914092,1,1,1,0.0,173.8
Zm00001eb307440,2,0,0.235642437955115,0.235642437955115,3,1,1,4.0,74.6
Zm00001eb307480,1,0,0.1205026156783737,0.1205026156783737,1,1,1,5.0,24.8
Zm00001eb308220,1,0,1.3224768634303017,1.3224768634303017,1,2,1,1.0,35.0
Zm00001eb308660,1,0,0.5521971273283343,0.5521971273283343,1,3,1,1.0,129.1
Zm00001eb308670,4,0,0.8119922113676945,0.3820225032110973,7,3,2,3.0,646.3
Zm00001eb308690,1,0,0.2783057410866903,0.2783057410866903,1,1,1,3.0,136.3
Zm00001eb308980,3,3,2.6031188626158324,2.6031188626158324,4,2,1,1.3333333333333333,2246.0
Zm00001eb308990,3,1,1.4127807266210728,0.5556677064650758,4,3,2,1.6666666666666667,492.4
Zm00001eb309300,2,0,0.471255001909408,0.3414046553671994,2,3,1,3.0,58.9
Zm00001eb309340,1,0,0.3712331657481754,0.3712331657481754,1,2,1,1.0,22.5
Zm00001eb309350,1,0,0.1295722908151563,0.1295722908151563,1,1,1,2.0,318.0
Zm00001eb309540,1,0,0.0460891013954543,0.0460891013954543,3,2,2,2.0,65.8
Zm00001eb309580,3,0,0.6112164529650681,0.36527422343427113,9,3,3,4.0,1544.6
Zm00001eb309590,4,1,1.815940463401198,0.958795126668224,5,2,2,3.5,247.3
Zm00001eb309610,1,0,1.200434341058899,1.200434341058899,1,1,1,4.0,541.7
Zm00001eb309740,1,0,0.7412406537390145,0.7412406537390145,1,2,2,3.0,16.5
Zm00001eb309900,2,0,0.1612930858509085,0.1612930858509085,2,2,1,2.5,137.9
Zm00001eb310290,1,0,1.2406815550807488,1.2406815550807488,2,2,1,5.0,1515.6
Zm00001eb310450,7,0,1.1497126622415217,0.6676317241744716,12,2,2,3.5714285714285716,4963.2
Zm00001eb310520,1,0,0.9957425111564528,0.9957425111564528,2,2,1,0.0,124.7
Zm00001eb310830,1,0,0.0247687600995221,0.0247687600995221,1,2,1,4.0,315.4
Zm00001eb310870,1,0,1.1323207610556278,1.1323207610556278,1,1,1,0.0,17.7
Zm00001eb310960,2,0,1.4744564002328693,1.3662014495398367,2,2,1,1.0,225.1
Zm00001eb311090,3,0,5.4306106784672465,2.180318656920294,3,1,1,2.3333333333333335,33.0
Zm00001eb311180,3,0,1.0637148926917768,0.795643960234984,3,2,2,2.3333333333333335,1159.1
Zm00001eb311250,2,0,1.1530495226023991,0.6750005775998058,3,2,1,4.0,127.3
Zm00001eb311260,2,0,0.913095625935624,0.6178008481904884,5,2,1,3.5,106.2
Zm00001eb311320,1,0,1.3093445805108483,1.3093445805108483,5,1,1,5.0,156.2
Zm00001eb311420,1,0,0.5681119493241852,0.5681119493241852,3,1,1,1.0,189.8
Zm00001eb311430,1,0,2.70654488363469,2.70654488363469,1,2,1,2.0,1067.2
Zm00001eb311470,1,0,0.2212424799508769,0.2212424799508769,1,2,1,1.0,116.9
Zm00001eb311490,1,0,0.0013311210694351,0.0013311210694351,5,2,2,4.0,1685.7
Zm00001eb311560,1,0,0.1701125980772045,0.1701125980772045,1,3,1,3.0,555.0
Zm00001eb311660,2,0,0.730749249123952,0.6849574311954973,5,1,1,2.5,201.9
Zm00001eb311680,3,0,0.1589792622128805,0.07070804856671643,6,3,2,2.3333333333333335,3009.8
Zm00001eb311700,1,0,0.0774332233581021,0.0774332233581021,4,1,1,5.0,320.4
Zm00001eb311740,1,0,0.4232345338774296,0.4232345338774296,1,1,1,4.0,3.4
Zm00001eb311790,2,0,2.813869772198827,1.5468414934358312,2,2,1,2.5,296.4
Zm00001eb311860,4,2,4.180888502404426,2.640091905555293,4,2,1,2.75,2177.1
Zm00001eb311900,1,0,1.233750668579958,1.233750668579958,2,2,1,1.0,639.2
Zm00001eb311920,1,0,1.229406388124607,1.229406388124607,1,3,1,0.0,2.5
Zm00001eb311950,2,0,0.0292719457422008,0.0167943871764116,3,3,1,3.0,772.0
Zm00001eb312000,1,0,0.9067654951887548,0.9067654951887548,1,1,1,0.0,23.7
Zm00001eb312010,1,0,0.1775855841081996,0.1775855841081996,1,1,1,2.0,94.0
Zm00001eb312020,4,1,2.776015685879615,1.4398266686928356,5,2,1,3.75,833.9
Zm00001eb312040,1,0,0.6032277051483147,0.6032277051483147,1,3,1,4.0,108.0
Zm00001eb312090,1,0,0.3621780427866581,0.3621780427866581,3,2,1,4.0,5.7
Zm00001eb312110,2,0,1.0528991668360357,0.569130146885421,4,2,2,2.5,1968.8
Zm00001eb312170,6,0,0.7896476172887176,0.5965035371072708,8,1,1,2.0,6147.7
Zm00001eb312180,3,0,0.9815665288578292,0.9019706749433988,3,2,1,2.3333333333333335,114.2
Zm00001eb312210,3,0,1.2891241870616412,1.150707547742215,3,2,1,2.3333333333333335,372.7
Zm00001eb312230,2,0,0.2269664031632435,0.18746909816737906,6,3,2,3.0,6.3
Zm00001eb312260,1,0,1.2447494564218482,1.2447494564218482,2,1,1,2.0,444.4
Zm00001eb312330,2,0,1.237162299024832,0.9749054374444287,2,1,1,1.5,24.8
Zm00001eb312390,1,0,2.1201631846187907,2.1201631846187907,3,1,1,3.0,1938.9
Zm00001eb312440,3,0,2.462847394400569,2.462847394400569,3,1,1,2.3333333333333335,198.4
Zm00001eb312560,1,0,0.3533922175608857,0.3533922175608857,1,1,1,3.0,58.9
Zm00001eb312820,1,0,1.0422907866444615,1.0422907866444615,1,3,1,1.0,154.0
Zm00001eb312850,1,0,0.465098561506447,0.465098561506447,3,4,2,2.0,5.8
Zm00001eb312990,1,1,5.4270744724144935,5.4270744724144935,1,2,1,7.0,590.1
Zm00001eb313000,4,2,3.2530676834343177,1.8291478097028995,6,3,3,3.0,1878.3
Zm00001eb313010,1,0,2.2153219592104465,2.2153219592104465,2,1,1,2.0,39.8
Zm00001eb313280,2,0,0.2489321794031938,0.24563730196869465,2,1,0,2.5,18.0
Zm00001eb313320,5,0,2.856054564973477,1.152953531989786,14,3,2,3.0,178.5
Zm00001eb313370,1,0,1.5381800005466362,1.5381800005466362,1,3,1,2.0,139.8
Zm00001eb313430,4,3,2.1394925871996064,2.108013512654954,4,1,1,1.25,23.7
Zm00001eb313440,1,0,0.755006652752506,0.755006652752506,1,1,1,3.0,146.8
Zm00001eb313460,10,0,1.116671679704636,0.6005281848020324,13,3,3,2.7,1160.4
Zm00001eb313490,2,0,2.82871214324591,2.118090423890574,9,2,1,3.5,90.0
Zm00001eb313890,3,0,0.3823557566411975,0.13800714019641935,10,2,2,3.3333333333333335,318.9
Zm00001eb313950,1,0,0.5239349353791556,0.5239349353791556,5,2,1,1.0,2706.1
Zm00001eb313970,2,0,1.1658679949664958,0.8628671647962469,5,2,2,3.5,1073.5
Zm00001eb313980,3,0,1.2161627477799215,0.5978081236267699,7,3,2,2.6666666666666665,742.0
Zm00001eb314000,1,0,1.0227528351358646,1.0227528351358646,1,2,1,4.0,23.2
Zm00001eb314020,1,0,1.1845247060171518,1.1845247060171518,5,4,4,3.0,259.1
Zm00001eb314040,5,0,0.8994461402301607,0.7258739250107291,7,1,1,3.6,60.6
Zm00001eb314050,1,0,0.8980108200069532,0.8980108200069532,1,2,1,2.0,85.7
Zm00001eb314080,1,0,1.5835113182462244,1.5835113182462244,2,2,1,5.0,247.9
Zm00001eb314090,2,0,1.9716563027569989,1.6157526151088122,5,4,3,1.5,549.0
Zm00001eb314160,2,0,1.00427244445485,0.5313265150091155,3,3,2,3.5,8.2
Zm00001eb314180,1,0,0.7403145455000956,0.7403145455000956,8,2,2,3.0,510.9
Zm00001eb314220,2,0,0.883966324551789,0.6317540212916861,7,3,3,2.5,14713.5
Zm00001eb314260,1,0,1.5810775201396032,1.5810775201396032,1,1,1,1.0,180.5
Zm00001eb314300,1,0,1.0136135583179129,1.0136135583179129,2,1,1,1.0,464.0
Zm00001eb314430,1,0,0.0525164239695128,0.0525164239695128,1,1,0,3.0,37.5
Zm00001eb314500,1,0,1.3096954210180816,1.3096954210180816,2,3,2,4.0,439.9
Zm00001eb314590,1,0,0.9392056490896756,0.9392056490896756,4,3,1,3.0,227.6
Zm00001eb314610,2,0,2.2993398890303123,2.2993398890303123,2,5,1,3.0,1174.7
Zm00001eb314630,1,0,0.593259906510414,0.593259906510414,2,1,1,1.0,47.0
Zm00001eb314670,1,0,0.3702190089316641,0.3702190089316641,1,2,1,2.0,218.0
Zm00001eb314680,1,0,0.3109207736834551,0.3109207736834551,3,1,1,0.0,172.1
Zm00001eb314690,2,0,3.106816857686946,2.5276362517545485,5,1,1,2.0,1277.6
Zm00001eb314710,1,0,0.5977732277149395,0.5977732277149395,2,2,1,1.0,335.7
Zm00001eb314720,1,0,0.5616313405288955,0.5616313405288955,2,3,1,4.0,112.0
Zm00001eb314860,2,0,0.2905666082664312,0.21660107890310795,7,1,1,3.5,1170.4
Zm00001eb314900,1,1,2.045221892493314,2.045221892493314,4,1,1,3.0,6663.1
Zm00001eb315000,3,1,2.7010650497920357,1.4729465572792593,3,1,1,2.3333333333333335,29.4
Zm00001eb315020,3,2,2.4747378019831348,1.7930705751488925,4,1,1,2.0,1237.2
Zm00001eb315240,1,0,0.6036262534477091,0.6036262534477091,3,1,1,1.0,191.8
Zm00001eb315290,1,0,1.2836262981248578,1.2836262981248578,4,3,2,3.0,97.9
Zm00001eb315340,1,0,1.7775315003406822,1.7775315003406822,3,3,1,2.0,1315.3
Zm00001eb315350,1,0,1.5275689039419909,1.5275689039419909,3,4,2,6.0,143.4
Zm00001eb315410,1,0,1.2330855939429648,1.2330855939429648,1,2,0,5.0,230.5
Zm00001eb315430,2,0,0.5447792778865601,0.28321142633209195,2,4,2,3.0,5.5
Zm00001eb315600,1,0,0.1704911625334111,0.1704911625334111,1,3,1,0.0,25.5
Zm00001eb315750,2,0,0.6041228304807562,0.5567535918107789,5,1,1,0.5,1531.5
Zm00001eb315760,4,0,1.5026535964760244,0.7002965793211761,6,2,1,2.25,95.3
Zm00001eb315780,2,2,2.4812644715227212,2.4812644715227212,3,1,1,0.5,229.5
Zm00001eb315850,1,0,0.0310108841045338,0.0310108841045338,1,3,1,2.0,43.1
Zm00001eb315880,3,0,0.6039688464330013,0.49616265547226623,7,2,1,1.0,3288.5
Zm00001eb315900,2,0,0.392644070675412,0.2562972350797884,3,3,2,2.0,495.2
Zm00001eb315920,1,0,1.5156715087645454,1.5156715087645454,4,3,2,2.0,249.1
Zm00001eb315950,1,0,0.1613119512423877,0.1613119512423877,2,1,1,4.0,46.7
Zm00001eb315990,1,0,0.5834737519707964,0.5834737519707964,1,2,1,4.0,13.3
Zm00001eb316080,1,1,1.9045320392958296,1.9045320392958296,1,2,1,0.0,389.8
Zm00001eb316100,1,0,0.2559920707019678,0.2559920707019678,2,2,1,2.0,19.9
Zm00001eb316120,3,0,0.8564805513307527,0.4088870762142231,4,1,1,3.0,223.5
Zm00001eb316180,1,1,2.0457408494500875,2.0457408494500875,2,1,1,1.0,509.4
Zm00001eb316210,1,0,1.5171751594324057,1.5171751594324057,2,2,1,0.0,18.4
Zm00001eb316240,1,0,0.1850285943476001,0.1850285943476001,4,1,1,0.0,637.5
Zm00001eb316300,1,0,0.6927787949553493,0.6927787949553493,1,1,1,3.0,309.8
Zm00001eb316320,1,0,1.1264225759518955,1.1264225759518955,3,2,1,1.0,49.7
Zm00001eb316460,1,0,0.4089072932450937,0.4089072932450937,1,3,0,3.0,75.9
Zm00001eb316510,3,0,1.766773883767042,1.0125032627251525,4,1,1,1.6666666666666667,5.9
Zm00001eb316520,1,0,0.747149540742457,0.747149540742457,1,3,1,7.0,5314.8
Zm00001eb316530,1,0,0.4597212285544376,0.4597212285544376,1,2,1,3.0,57.1
Zm00001eb316540,2,0,0.7021447029182523,0.4255832529771363,3,3,1,2.5,129.3
Zm00001eb316580,4,0,0.6965172619716286,0.4690830289075386,4,2,1,1.75,20.4
Zm00001eb316590,4,0,0.793681010135405,0.3416297296190013,7,2,1,2.25,54.6
Zm00001eb316700,1,1,3.1490789213321686,3.1490789213321686,2,1,1,2.0,214.9
Zm00001eb316800,1,0,0.0962137217851388,0.0962137217851388,5,1,1,4.0,852.7
Zm00001eb316840,1,0,0.2494537184145298,0.2494537184145298,1,2,1,4.0,581.9
Zm00001eb316850,1,0,0.4254198033747174,0.4254198033747174,1,1,0,3.0,3.8
Zm00001eb316870,1,0,0.9908996723139712,0.9908996723139712,3,1,1,4.0,3790.9
Zm00001eb316950,3,0,0.2169379124767779,0.14467138078464745,9,2,2,2.3333333333333335,31.1
Zm00001eb317010,4,0,0.90069596289223,0.6766241978082611,7,2,2,2.0,9.7
Zm00001eb317030,6,0,1.3309327413908938,0.9209271020752952,9,1,1,2.8333333333333335,83.4
Zm00001eb317050,2,0,0.2169258962364205,0.15138440820306376,3,2,1,3.5,212.6
Zm00001eb317100,3,0,0.8165463356296981,0.564146165680944,3,4,2,2.6666666666666665,145.8
Zm00001eb317350,2,0,0.701288838424084,0.5275615570041386,3,1,1,3.5,644.1
Zm00001eb317430,2,0,0.7570187521920339,0.611576516157257,4,2,1,3.0,35.8
Zm00001eb317450,2,0,0.3765659260538243,0.2714896408287736,2,1,1,3.0,469.5
Zm00001eb317510,1,0,0.1591544174530101,0.1591544174530101,1,1,1,4.0,436.1
Zm00001eb317630,2,0,1.2883175736635326,0.8749809708787892,2,1,1,2.0,44.4
Zm00001eb317680,2,0,1.9480675002488184,1.3777357031481556,2,1,1,1.5,347.2
Zm00001eb317690,1,0,0.9942578446027216,0.9942578446027216,1,2,1,2.0,18.7
Zm00001eb317760,2,0,0.088672244065602,0.088672244065602,2,3,1,3.0,15.3
Zm00001eb317810,2,1,2.763468427589063,1.4358418351490798,3,1,1,1.5,1876.0
Zm00001eb317820,10,2,2.00193007234558,1.3377947645089288,12,1,1,2.3,26.6
Zm00001eb317830,2,0,0.4200880076451592,0.4200880076451592,4,3,1,4.0,2.0
Zm00001eb317890,1,0,0.7805364587383956,0.7805364587383956,1,2,1,0.0,111.1
Zm00001eb317910,2,0,0.3424789289932592,0.26634553132334865,4,2,1,3.5,321.9
Zm00001eb317920,2,0,0.9295090901385896,0.5197921179672667,2,3,3,3.0,167.4
Zm00001eb318080,1,0,0.2314314091053223,0.2314314091053223,1,1,1,1.0,56.1
Zm00001eb318160,2,0,0.8766686422929288,0.8599347391972203,2,2,0,1.5,178.8
Zm00001eb318180,1,0,0.9633294952525928,0.9633294952525928,2,4,1,2.0,635.3
Zm00001eb318240,1,0,0.7422591179340814,0.7422591179340814,1,3,1,6.0,266.3
Zm00001eb318370,2,0,0.781586476987733,0.42675623198271456,2,1,1,3.5,89.2
Zm00001eb318400,1,0,0.7806251251332326,0.7806251251332326,3,3,2,3.0,483.2
Zm00001eb318500,1,0,0.8961472884855143,0.8961472884855143,1,1,1,0.0,44.2
Zm00001eb318540,2,0,0.6166148749789282,0.4531449941601,3,3,2,0.5,291.7
Zm00001eb318560,1,0,0.3635435910836393,0.3635435910836393,7,2,2,4.0,995.0
Zm00001eb318570,3,0,0.9822776608494664,0.5533581825714308,3,1,1,2.6666666666666665,19.8
Zm00001eb318630,1,0,1.6862032917114296,1.6862032917114296,1,3,1,1.0,141.0
Zm00001eb318710,3,2,2.1329989462816723,1.5746103098060515,4,2,1,2.0,2158.6
Zm00001eb318780,2,0,2.2558561443845213,1.4387906531323937,4,2,1,3.0,156.0
Zm00001eb318890,1,0,0.0455915846026647,0.0455915846026647,2,1,1,2.0,7.2
Zm00001eb318990,3,0,0.7316850448711956,0.28319049313866335,4,2,1,3.6666666666666665,557.1
Zm00001eb319000,3,0,0.5623265368255057,0.4002456829629671,3,2,1,3.6666666666666665,1195.0
Zm00001eb319020,1,0,1.7252110936687284,1.7252110936687284,7,3,2,2.0,115.1
Zm00001eb319050,1,0,1.584168115127436,1.584168115127436,1,2,1,3.0,913.2
Zm00001eb319110,2,0,0.5936519661130905,0.43814062790459674,3,3,3,2.0,98.8
Zm00001eb319210,1,0,0.046402076605739,0.046402076605739,2,1,1,5.0,1704.2
Zm00001eb319220,5,5,4.337840643152381,3.6860537158801847,7,2,2,2.0,360.8
Zm00001eb319250,1,0,0.9077571999655984,0.9077571999655984,1,2,1,7.0,125.5
Zm00001eb319280,2,0,1.988812095758715,1.988812095758715,3,2,1,2.0,4.3
Zm00001eb319390,4,0,1.1063199134079569,0.9301942075329036,4,3,3,4.5,126.2
Zm00001eb319500,1,0,3.9607989962784385,3.9607989962784385,3,3,2,4.0,502.9
Zm00001eb319510,1,0,0.6286595719339199,0.6286595719339199,1,1,1,1.0,270.1
Zm00001eb319560,3,0,1.2492624245725727,0.7674344552058324,4,3,2,3.0,563.0
Zm00001eb319590,1,0,1.4774197632686012,1.4774197632686012,1,2,1,1.0,1579.6
Zm00001eb319680,1,0,1.1347302909882089,1.1347302909882089,6,2,2,1.0,1374.3
Zm00001eb319710,1,0,0.6820819337929805,0.6820819337929805,1,2,1,2.0,534.3
Zm00001eb319720,3,0,1.7852485824890043,1.250434241268461,3,3,2,4.0,196.5
Zm00001eb319770,1,0,1.9443772344456824,1.9443772344456824,1,1,1,6.0,6394.9
Zm00001eb319790,1,0,0.9913605872615402,0.9913605872615402,1,1,1,0.0,397.5
Zm00001eb319820,6,0,0.5067880402149437,0.25930282689278983,8,3,2,1.5,10911.2
Zm00001eb319960,1,0,0.2246958981636162,0.2246958981636162,1,2,1,0.0,87.4
Zm00001eb319970,1,0,0.4186932209473816,0.4186932209473816,2,3,1,3.0,139.8
Zm00001eb319990,1,0,0.7463200536811309,0.7463200536811309,1,3,1,3.0,174.2
Zm00001eb320050,1,0,0.4732692607566475,0.4732692607566475,1,1,1,4.0,53.6
Zm00001eb320130,1,0,3.7101585426277337,3.7101585426277337,2,3,2,4.0,376.1
Zm00001eb320190,1,0,1.3322815856390973,1.3322815856390973,1,1,1,1.0,471.9
Zm00001eb320200,2,0,0.8493975207686796,0.8493975207686796,2,2,1,1.0,134.9
Zm00001eb320280,1,0,0.1922721950128438,0.1922721950128438,2,1,1,2.0,3524.7
Zm00001eb320300,1,0,0.0544251302918486,0.0544251302918486,2,2,1,2.0,311.0
Zm00001eb320310,1,0,0.6130911924695777,0.6130911924695777,1,3,1,6.0,77.2
Zm00001eb320360,2,0,2.5363251155376867,2.5363251155376867,2,3,1,2.0,233.7
Zm00001eb320430,1,0,1.5189518478543564,1.5189518478543564,5,2,2,1.0,1063.6
Zm00001eb320450,3,0,0.918835890417224,0.6754614066645276,10,3,3,2.0,67.2
Zm00001eb320460,1,0,1.2819457995396415,1.2819457995396415,2,2,1,5.0,492.3
Zm00001eb320470,2,0,0.1695307206239521,0.1695307206239521,4,1,1,2.0,194.9
Zm00001eb320510,2,0,2.710830845072625,2.710830845072625,5,2,1,2.0,687.9
Zm00001eb320540,3,0,0.6053051280295119,0.42693096470007025,4,1,1,2.6666666666666665,1305.1
Zm00001eb320590,2,0,1.3426674895690394,1.1519859760027111,3,1,1,2.0,335.8
Zm00001eb320600,2,0,0.7625159261967008,0.5254694478902193,3,1,1,2.0,1126.9
Zm00001eb320640,1,0,2.756699571806992,2.756699571806992,2,2,1,3.0,71.0
Zm00001eb320650,1,0,0.7809336970394541,0.7809336970394541,2,2,1,4.0,251.9
Zm00001eb320660,7,0,0.6306126910154793,0.503552198674102,9,3,2,2.2857142857142856,17.3
Zm00001eb320730,1,0,0.8107836959621219,0.8107836959621219,1,1,1,1.0,6.7
Zm00001eb320790,1,0,0.0428856317762919,0.0428856317762919,1,2,1,4.0,290.5
Zm00001eb320800,3,1,2.376782648274342,1.3403331519623432,3,2,1,2.6666666666666665,3400.2
Zm00001eb320890,1,1,4.694195923636923,4.694195923636923,2,2,2,4.0,79232.9
Zm00001eb320900,2,0,1.2697883179762914,1.2697883179762914,3,2,2,1.5,243.9
Zm00001eb320950,2,0,0.8714028778418337,0.488614680018832,2,3,2,2.5,177.2
Zm00001eb320980,1,0,0.7364266373996845,0.7364266373996845,1,1,1,0.0,705.6
Zm00001eb321060,1,0,1.7438329142020248,1.7438329142020248,5,2,1,4.0,12.4
Zm00001eb321170,2,0,0.2098990794350829,0.2098990794350829,4,1,1,2.5,3.2
Zm00001eb321250,1,0,0.4307803276034504,0.4307803276034504,5,3,2,0.0,161.3
Zm00001eb321340,1,0,0.0972399928220236,0.0972399928220236,1,4,1,2.0,469.8
Zm00001eb321350,3,0,1.1311630110470563,0.7104082884382485,3,1,1,2.3333333333333335,149.6
Zm00001eb321360,5,0,0.8727986860685719,0.36601099669314163,8,2,2,2.6,547.1
Zm00001eb321390,1,0,0.363156756090711,0.363156756090711,1,3,1,1.0,7.7
Zm00001eb321420,2,0,0.2293903681932521,0.22573336262501914,2,2,1,3.5,125.0
Zm00001eb321680,1,0,1.0986576293349688,1.0986576293349688,1,3,1,2.0,201.7
Zm00001eb321710,1,0,0.213270669077447,0.213270669077447,3,1,1,2.0,63.9
Zm00001eb321740,2,0,0.0233774182004076,0.0233774182004076,2,2,1,5.0,14.2
Zm00001eb321770,1,0,0.9461839589022172,0.9461839589022172,5,2,2,3.0,247.2
Zm00001eb321780,2,0,1.5978210243280555,0.8852670284839392,3,4,1,2.0,468.0
Zm00001eb321870,1,0,0.8553289084479078,0.8553289084479078,1,3,1,5.0,223.9
Zm00001eb322130,1,0,0.4921946499218131,0.4921946499218131,1,1,1,0.0,1499.5
Zm00001eb322150,1,0,0.0741751186547155,0.0741751186547155,1,3,2,2.0,22.5
Zm00001eb322180,1,0,0.6890638519023501,0.6890638519023501,2,2,1,2.0,431.3
Zm00001eb322190,1,0,1.2741156579180104,1.2741156579180104,3,3,2,1.0,116.6
Zm00001eb322290,2,2,2.777242090523662,2.777242090523662,4,1,1,4.0,636.1
Zm00001eb322370,1,0,0.9905085838181388,0.9905085838181388,1,2,1,3.0,294.4
Zm00001eb322390,1,0,0.5319527577610865,0.5319527577610865,1,1,1,3.0,152.8
Zm00001eb322400,1,0,1.2237558124142816,1.2237558124142816,1,3,1,2.0,139.3
Zm00001eb322430,4,0,0.6651498250428781,0.5256920291581664,5,1,1,2.25,1142.2
Zm00001eb322450,2,0,1.6444876527576182,1.6444876527576182,5,3,1,3.5,1121.3
Zm00001eb322480,2,0,0.1676521010199061,0.11302846911714814,4,2,2,2.5,189.7
Zm00001eb322530,1,0,0.920966371936831,0.920966371936831,1,3,2,3.0,232.9
Zm00001eb322620,1,0,0.2261250604392304,0.2261250604392304,1,5,1,6.0,622.5
Zm00001eb322690,1,0,1.1216932023694346,1.1216932023694346,1,2,1,5.0,87.5
Zm00001eb322710,3,0,0.7110897898902317,0.5269238804214238,6,1,1,1.6666666666666667,152.9
Zm00001eb322790,1,0,0.6751099032494096,0.6751099032494096,11,3,3,1.0,22.3
Zm00001eb322860,2,0,0.4995626837434034,0.391409730352296,3,5,1,1.5,167.6
Zm00001eb322910,3,0,0.1645808824759027,0.10845480059356843,4,2,2,1.0,112.2
Zm00001eb322940,4,1,1.6639237476891189,1.1792874062976817,5,2,2,3.0,604.5
Zm00001eb322950,2,0,0.6884495440305662,0.5074809450492819,3,3,3,2.0,2061.2
Zm00001eb322970,1,0,0.8942185527026688,0.8942185527026688,1,1,1,5.0,99.5
Zm00001eb323070,2,0,0.2262153633055486,0.12323869817715155,6,2,1,3.5,166.2
Zm00001eb323110,6,0,2.018372749459012,1.2680094407744629,6,2,1,3.1666666666666665,8302.6
Zm00001eb323140,1,0,0.5286057613824012,0.5286057613824012,3,3,1,2.0,413.4
Zm00001eb323450,1,0,1.965179589395244,1.965179589395244,1,3,1,2.0,230.8
Zm00001eb323470,2,0,2.257589370982312,1.157351156737217,2,1,1,3.5,162.9
Zm00001eb323490,2,0,0.6991641909357872,0.4472638902145662,2,1,1,1.5,790.7
Zm00001eb323510,1,0,1.071552274421989,1.071552274421989,1,1,1,4.0,2424.8
Zm00001eb323520,1,0,0.152163147670937,0.152163147670937,1,2,0,3.0,294.4
Zm00001eb323530,2,0,1.0039326755083702,0.926846142729254,3,2,1,1.5,139.3
Zm00001eb323550,1,0,0.4823940095294745,0.4823940095294745,2,4,1,2.0,503.2
Zm00001eb323570,1,1,2.326173244124276,2.326173244124276,1,2,1,0.0,230.7
Zm00001eb323590,3,0,0.9353725635305458,0.7243306479305452,4,1,1,1.6666666666666667,213.5
Zm00001eb323620,2,0,1.6075180929119437,0.8549077383395626,3,3,2,4.5,551.8
Zm00001eb323640,1,0,0.627444902541089,0.627444902541089,3,3,2,2.0,36.3
Zm00001eb323700,1,0,0.9602374113168408,0.9602374113168408,2,3,1,1.0,531.6
Zm00001eb323770,5,0,1.1250890185656208,0.56381107588099,5,3,2,1.8,194.0
Zm00001eb323840,1,0,0.2205156203621937,0.2205156203621937,2,2,1,3.0,26.3
Zm00001eb323940,2,0,0.4442092982183053,0.43742860226399044,3,3,2,3.0,290.9
Zm00001eb324090,2,0,0.1335088187379797,0.0685112202920066,3,2,1,1.0,18498.4
Zm00001eb324100,1,0,0.8997777146719212,0.8997777146719212,2,2,1,3.0,1222.9
Zm00001eb324150,1,0,0.8281640366843366,0.8281640366843366,1,2,1,2.0,37.9
Zm00001eb324160,1,0,0.1418047988952309,0.1418047988952309,2,1,1,4.0,97.2
Zm00001eb324180,1,0,0.6464740928572899,0.6464740928572899,2,2,2,1.0,1691.8
Zm00001eb324220,2,0,0.997946545309538,0.5997149047034356,3,3,2,3.5,86.1
Zm00001eb324230,1,0,0.3483643201308569,0.3483643201308569,2,2,1,3.0,40.9
Zm00001eb324250,3,0,0.5332507932181123,0.3274840785584305,3,1,1,2.0,1713.8
Zm00001eb324260,1,0,0.5660168861671062,0.5660168861671062,1,2,2,1.0,227.8
Zm00001eb324300,1,0,1.4685767573838922,1.4685767573838922,2,1,1,7.0,131.5
Zm00001eb324310,1,0,1.0850531905341,1.0850531905341,2,1,1,2.0,39.2
Zm00001eb324400,1,0,2.1870861129418415,2.1870861129418415,2,2,1,3.0,61.3
Zm00001eb324430,1,0,1.3795754321371685,1.3795754321371685,3,2,2,2.0,605.8
Zm00001eb324490,1,0,1.3050711965959338,1.3050711965959338,1,1,1,3.0,15.5
Zm00001eb324510,2,0,1.1543624016785503,0.688596115817447,4,2,2,3.5,507.0
Zm00001eb324540,2,0,1.6252600438831937,0.912397287460475,2,3,1,5.0,157.1
Zm00001eb324640,1,0,0.0590707558509311,0.0590707558509311,4,2,1,7.0,98.5
Zm00001eb324690,2,1,3.176470437895722,2.217751776891919,2,3,2,2.5,335.1
Zm00001eb324710,1,0,0.4255518863617468,0.4255518863617468,3,1,1,4.0,166.6
Zm00001eb324720,7,0,0.8535130197261812,0.5048145043739315,9,4,3,3.142857142857143,1617.7
Zm00001eb324730,1,0,0.3478196537604711,0.3478196537604711,1,3,2,0.0,95.1
Zm00001eb324740,1,0,0.3381072155324164,0.3381072155324164,6,2,2,5.0,1138.9
Zm00001eb324850,1,0,0.3846976692262864,0.3846976692262864,1,2,2,3.0,377.1
Zm00001eb324900,2,0,10.869841242410631,5.637244396451787,8,2,2,3.0,1775.5
Zm00001eb324930,2,0,0.1334630995749294,0.072935383144287,2,1,1,2.0,2020.7
Zm00001eb325020,1,0,0.4348000081485044,0.4348000081485044,1,1,1,0.0,12.9
Zm00001eb325080,2,0,1.2262756183495964,0.7367455960122502,3,3,2,5.0,516.3
Zm00001eb325100,2,0,2.3937970388520067,1.596369936497875,2,3,2,1.0,63.1
Zm00001eb325120,2,0,0.2521176333723539,0.2521176333723539,3,1,1,2.5,77.2
Zm00001eb325230,3,0,1.2278422382623202,0.6992656572757138,4,3,1,0.6666666666666666,143.3
Zm00001eb325270,2,0,0.4609003991879902,0.261542622434245,3,1,1,2.0,479.1
Zm00001eb325330,4,1,2.856167218397106,1.0610936454924218,5,2,2,2.5,104.2
Zm00001eb325340,1,0,0.4203620948844019,0.4203620948844019,1,2,1,5.0,122.2
Zm00001eb325410,3,0,0.4451859347499624,0.28309766789926866,6,3,3,3.3333333333333335,30493.7
Zm00001eb325570,1,0,0.5843963319603943,0.5843963319603943,1,1,1,3.0,424.7
Zm00001eb325580,1,0,0.125338284106428,0.125338284106428,1,1,1,0.0,299.3
Zm00001eb325590,2,0,0.245475942744539,0.22738619412801134,2,2,1,4.5,189.3
Zm00001eb325800,1,0,1.5837566945989603,1.5837566945989603,1,3,1,2.0,243.2
Zm00001eb325880,1,0,0.6049044490712018,0.6049044490712018,6,4,3,4.0,412.1
Zm00001eb326080,3,0,1.352492303787216,1.1560688977518574,4,4,2,2.6666666666666665,1192.1
Zm00001eb326130,3,0,0.3667912175112701,0.23184567526322872,6,2,2,2.0,537.0
Zm00001eb326170,1,0,0.4836018013055873,0.4836018013055873,1,3,1,2.0,82.1
Zm00001eb326180,1,0,0.1298127809358062,0.1298127809358062,2,3,2,1.0,246.6
Zm00001eb326290,1,0,0.1669691817472982,0.1669691817472982,4,4,4,2.0,13.4
Zm00001eb326320,3,0,0.643144096626385,0.4268774170410709,4,3,3,1.0,214.9
Zm00001eb326330,3,0,0.6278639358588624,0.34502200707865266,4,1,1,2.0,559.4
Zm00001eb326460,2,0,1.509984583777192,0.8076141712757718,2,2,2,2.5,30.4
Zm00001eb326510,1,0,0.7705744979370478,0.7705744979370478,1,1,0,0.0,106.9
Zm00001eb326590,1,0,1.504226205242895,1.504226205242895,1,4,1,6.0,11.7
Zm00001eb326610,1,0,0.0374459768661735,0.0374459768661735,1,3,1,2.0,318.2
Zm00001eb326620,1,0,0.0175247699279689,0.0175247699279689,1,2,1,2.0,317.3
Zm00001eb326630,2,0,1.569211802175664,1.0436232670342147,5,2,2,1.0,3694.0
Zm00001eb326640,1,0,0.784172055337865,0.784172055337865,1,1,1,1.0,236.5
Zm00001eb326670,2,0,0.9543565502872362,0.49246181142416556,2,1,1,0.5,107.8
Zm00001eb326680,2,0,0.4838668302010048,0.3240697755966887,3,2,1,3.0,239.7
Zm00001eb326760,1,0,0.5610671322817125,0.5610671322817125,2,2,1,1.0,34.3
Zm00001eb326830,3,0,0.5570298006644946,0.44702904749441447,9,3,1,3.0,54.4
Zm00001eb326850,1,0,0.2974987444804383,0.2974987444804383,2,1,1,3.0,253.3
Zm00001eb326860,1,0,0.6429905023138571,0.6429905023138571,3,2,2,4.0,109.8
Zm00001eb326870,1,0,0.1798227223109129,0.1798227223109129,1,2,1,1.0,96.2
Zm00001eb326900,1,0,0.9385482322560388,0.9385482322560388,3,3,2,1.0,950.9
Zm00001eb326920,1,0,0.0050946990478855,0.0050946990478855,2,2,1,2.0,103.9
Zm00001eb327030,1,1,2.6794854885435906,2.6794854885435906,2,1,1,0.0,12.6
Zm00001eb327120,1,0,0.5416217334553798,0.5416217334553798,1,1,1,3.0,99.8
Zm00001eb327140,2,0,1.1401612700800057,0.667526589018359,3,1,1,1.5,839.0
Zm00001eb327160,1,0,1.1278491963782995,1.1278491963782995,1,1,1,3.0,87.9
Zm00001eb327190,2,1,2.195973651336302,1.2648828226655084,5,3,1,5.0,3.7
Zm00001eb327220,1,0,0.8779091774938071,0.8779091774938071,1,2,1,4.0,884.1
Zm00001eb327290,1,0,1.0640418804611445,1.0640418804611445,1,1,1,4.0,366.8
Zm00001eb327310,2,0,1.917692009485973,1.1039267161757178,3,3,2,2.5,8.8
Zm00001eb327390,1,0,1.346448475359733,1.346448475359733,1,1,1,2.0,387.3
Zm00001eb327420,2,0,2.073024328170119,1.30506502362786,5,2,1,3.0,388.7
Zm00001eb327480,2,1,1.751090382141502,1.6712608524194295,2,2,2,4.0,112.5
Zm00001eb327550,3,0,5.647522416215513,5.647522416215513,3,2,1,2.6666666666666665,39.1
Zm00001eb327560,2,0,0.8188329275757346,0.47531905769221505,5,2,2,1.5,4.9
Zm00001eb327580,1,0,0.6581934107338585,0.6581934107338585,1,3,0,2.0,371.5
Zm00001eb327620,2,0,0.9302033999063678,0.8542908090672248,5,3,1,1.0,309.5
Zm00001eb327690,2,0,1.92828660988102,1.880370775451233,8,3,2,5.0,117.8
Zm00001eb327700,4,0,1.0141524609553865,0.7515420122712095,5,3,3,3.25,34.5
Zm00001eb327780,4,0,1.6162732337861978,0.728424839541096,5,2,2,3.5,246.5
Zm00001eb327790,1,1,1.5809303343430303,1.5809303343430303,2,2,1,2.0,450.8
Zm00001eb327810,4,1,1.7000016003088825,0.7509860479386,4,3,2,3.0,448.0
Zm00001eb327820,2,0,0.6100159809430432,0.6039015781396595,5,2,2,2.0,525.1
Zm00001eb327830,3,1,3.502034666430677,2.0515329245956644,4,2,1,3.3333333333333335,94.0
Zm00001eb327840,1,0,0.8896738645001371,0.8896738645001371,1,1,1,1.0,339.0
Zm00001eb327870,1,0,0.6213257487918716,0.6213257487918716,2,3,1,4.0,348.0
Zm00001eb327920,3,0,1.9179639418153311,1.277923042183197,5,2,1,2.3333333333333335,57.3
Zm00001eb327970,1,0,0.3559662729598921,0.3559662729598921,3,4,2,0.0,142.4
Zm00001eb327990,1,0,1.1669791878593658,1.1669791878593658,1,1,1,4.0,94.0
Zm00001eb328000,1,0,0.2386665816877242,0.2386665816877242,5,2,2,4.0,258.5
Zm00001eb328020,2,0,0.6884495846251564,0.5116384257633414,2,2,2,3.0,176.2
Zm00001eb328050,1,0,0.4302122277853111,0.4302122277853111,5,2,1,2.0,401.8
Zm00001eb328080,2,0,0.9352537157288372,0.9064362659526148,3,1,1,4.0,397.2
Zm00001eb328090,1,0,0.3713382628033078,0.3713382628033078,1,1,0,1.0,73.3
Zm00001eb328250,7,0,0.5431870990354404,0.3106932783243766,7,2,2,1.2857142857142858,90.9
Zm00001eb328310,2,0,0.3366643610190769,0.21183275025357667,4,3,1,2.5,914.0
Zm00001eb328320,1,0,0.692490726369129,0.692490726369129,2,2,1,1.0,504.5
Zm00001eb328340,2,0,0.0764684568242894,0.048871287447692854,6,2,2,3.0,64.9
Zm00001eb328350,1,0,1.5260049905077695,1.5260049905077695,1,1,1,1.0,59.6
Zm00001eb328370,1,0,0.6266498968927526,0.6266498968927526,1,1,1,2.0,56.5
Zm00001eb328390,1,0,0.2301406866510474,0.2301406866510474,1,5,0,2.0,4374.3
Zm00001eb328420,1,0,0.5907557191122962,0.5907557191122962,2,2,1,2.0,193.2
Zm00001eb328440,2,0,0.7103540079019828,0.5917478210225129,2,3,2,2.5,745.0
Zm00001eb328490,2,0,1.011902595004113,0.8493037513065089,2,2,1,0.5,271.1
Zm00001eb328520,3,0,1.0651312515072144,0.4744683247540473,3,2,2,4.0,192.2
Zm00001eb328540,1,0,0.3400729546769414,0.3400729546769414,1,2,1,4.0,202.0
Zm00001eb328560,3,0,1.7519313190521355,0.90399384907988,5,2,2,1.3333333333333333,1819.2
Zm00001eb328630,1,0,0.0535940063584482,0.0535940063584482,3,2,2,2.0,13.8
Zm00001eb328640,1,0,0.1522121190869774,0.1522121190869774,1,2,1,3.0,19.3
Zm00001eb328650,1,0,0.2490349499851969,0.2490349499851969,2,2,1,3.0,26.9
Zm00001eb328710,1,0,0.1528190016000765,0.1528190016000765,2,1,1,1.0,1240.1
Zm00001eb328730,4,0,0.8881992655007303,0.6686028385429338,6,1,1,0.25,15151.8
Zm00001eb328740,2,0,0.149936198425053,0.149936198425053,4,2,1,2.0,199.5
Zm00001eb328760,2,2,3.1649853100119643,2.663071057321706,2,2,2,4.5,1110.1
Zm00001eb328970,1,0,0.1683899642241683,0.1683899642241683,2,2,1,2.0,722.8
Zm00001eb329040,1,0,0.8462794332035559,0.8462794332035559,4,3,2,2.0,335.1
Zm00001eb329070,1,0,0.3263592886172663,0.3263592886172663,3,1,1,2.0,718.9
Zm00001eb329080,1,0,0.2597827741660254,0.2597827741660254,4,2,1,4.0,27.6
Zm00001eb329090,1,0,0.0835462665127803,0.0835462665127803,2,2,1,0.0,1105.4
Zm00001eb329360,2,1,4.1646562021484925,2.801094181269449,3,1,1,1.5,152.2
Zm00001eb329400,1,0,0.5516078154803329,0.5516078154803329,1,3,1,1.0,398.6
Zm00001eb329410,2,0,1.2418088297939809,1.2418088297939809,2,2,1,2.0,416.3
Zm00001eb329420,2,0,0.8274083013903044,0.7107102967851415,2,1,1,2.0,123.7
Zm00001eb329550,2,1,1.8798292276384685,1.6328193124545893,3,3,1,2.5,719.3
Zm00001eb329580,1,0,0.3611510345269585,0.3611510345269585,3,1,1,2.0,258.0
Zm00001eb329590,1,0,1.267914591301762,1.267914591301762,4,2,2,2.0,1268.4
Zm00001eb329780,5,1,2.548671317761873,1.4043518199351162,8,2,2,2.4,1561.9
Zm00001eb329850,2,0,1.2974301915792066,1.012671129512903,2,3,2,2.5,358.8
Zm00001eb329860,1,0,0.801761431641867,0.801761431641867,2,4,2,4.0,841.6
Zm00001eb329910,2,0,1.8588805610932224,1.4005170192984902,4,4,1,3.5,698.7
Zm00001eb329970,2,1,2.173099184046629,1.7518776794505353,2,1,1,3.5,318.6
Zm00001eb330040,4,0,2.810500106023424,2.810500106023424,4,3,1,1.25,379.1
Zm00001eb330160,3,0,0.2514619603011435,0.1729294531635214,3,1,1,3.0,1830.3
Zm00001eb330310,1,0,1.2841308792724957,1.2841308792724957,1,1,1,1.0,305.2
Zm00001eb330340,1,0,0.5238098285995155,0.5238098285995155,1,3,1,6.0,4.6
Zm00001eb330380,2,0,1.3760144841889073,1.0635556005747664,3,2,1,3.5,6194.2
Zm00001eb330440,2,0,1.103843401937188,0.792060430915076,2,3,1,2.0,130.9
Zm00001eb330450,1,0,2.656646067619606,2.656646067619606,6,2,2,2.0,46.3
Zm00001eb330480,2,0,0.433124132042472,0.3763574592123881,4,2,1,3.0,268.5
Zm00001eb330590,1,0,0.094917982125173,0.094917982125173,2,2,2,0.0,898.8
Zm00001eb330600,1,0,0.711964146351714,0.711964146351714,3,0,0,2.0,5880.6
Zm00001eb330610,1,0,1.5601499375844974,1.5601499375844974,2,4,2,1.0,532.0
Zm00001eb330650,8,0,0.5547185815082015,0.2696270206915431,9,2,1,2.125,2089.9
Zm00001eb330680,3,0,2.0481834091404982,1.9515528443823225,3,1,1,1.3333333333333333,28.4
Zm00001eb330730,1,0,0.4286759539388173,0.4286759539388173,4,3,2,2.0,299.5
Zm00001eb330740,2,0,3.4053652532788004,2.3307067429370343,4,4,1,1.5,649.9
Zm00001eb330760,1,0,0.5782280930819237,0.5782280930819237,2,3,2,2.0,109.0
Zm00001eb330800,2,0,0.1248308950292395,0.0669754975319615,3,2,1,3.5,16.7
Zm00001eb330920,2,0,1.2470770684143997,0.6741355179574163,3,3,2,3.0,238.4
Zm00001eb331000,1,0,1.0410118449795769,1.0410118449795769,3,2,1,0.0,1167.1
Zm00001eb331210,1,0,0.4793542847398364,0.4793542847398364,2,4,1,2.0,223.0
Zm00001eb331260,1,0,0.3154099154196621,0.3154099154196621,1,1,1,0.0,96.0
Zm00001eb331360,1,0,0.1086678077407486,0.1086678077407486,1,2,1,6.0,153.8
Zm00001eb331400,1,0,0.5492657676855783,0.5492657676855783,1,3,1,3.0,27.8
Zm00001eb331410,1,0,1.8393755795388056,1.8393755795388056,1,2,1,2.0,129.7
Zm00001eb331450,2,0,0.4776438771796377,0.2467193119425288,2,1,1,2.0,1780.6
Zm00001eb331460,1,0,0.296182428415941,0.296182428415941,4,2,2,0.0,3.0
Zm00001eb331470,2,0,1.829303686665534,1.8135181441156063,3,2,1,3.5,498.5
Zm00001eb331700,1,0,0.3572880288875177,0.3572880288875177,2,1,1,2.0,415.3
Zm00001eb331730,1,0,1.6369333207307892,1.6369333207307892,7,4,4,3.0,115.7
Zm00001eb331760,3,2,2.4317578077239466,1.8792698950567734,4,2,1,2.3333333333333335,651.4
Zm00001eb331800,1,0,1.160048337816139,1.160048337816139,2,2,1,2.0,2.9
Zm00001eb331960,1,1,7.313591831593177,7.313591831593177,1,1,1,2.0,45.3
Zm00001eb332200,2,0,0.3765762708177492,0.28771792557246684,2,2,1,4.5,57.6
Zm00001eb332210,1,0,0.6756754690977744,0.6756754690977744,2,3,2,2.0,854.4
Zm00001eb332260,1,0,0.8496038855026303,0.8496038855026303,5,1,1,1.0,30.8
Zm00001eb332300,2,0,0.454290284566385,0.2735915003553787,2,1,1,3.0,50.0
Zm00001eb332330,1,0,0.9299782910638674,0.9299782910638674,2,1,1,2.0,42.0
Zm00001eb332340,2,0,1.613475996070258,1.4800065811525323,2,2,1,2.5,75.6
Zm00001eb332380,2,0,0.5677858841632395,0.5677858841632395,2,2,1,4.5,769.7
Zm00001eb332430,1,0,0.7703789857264086,0.7703789857264086,4,2,2,1.0,95.4
Zm00001eb332450,1,0,0.5711117899696625,0.5711117899696625,2,1,1,4.0,118.2
Zm00001eb332480,1,0,0.0412862845852786,0.0412862845852786,3,1,1,2.0,223.4
Zm00001eb332610,3,0,1.192994899247212,0.8893778040262798,3,1,1,2.3333333333333335,4007.6
Zm00001eb332650,4,0,1.0495350371367165,0.6491396774202198,5,3,2,3.0,16879.7
Zm00001eb332690,1,0,0.26498826558591,0.26498826558591,1,3,1,1.0,772.0
Zm00001eb332700,1,0,0.3058752285585016,0.3058752285585016,2,4,1,0.0,181.5
Zm00001eb332710,1,0,0.1262211475798159,0.1262211475798159,1,1,1,1.0,176.4
Zm00001eb332810,4,0,1.4327418543188175,0.659770543788103,6,2,2,1.75,991.1
Zm00001eb332870,3,0,2.2532825268592824,0.9588628085835708,3,1,1,4.0,13.5
Zm00001eb332910,1,0,0.1346854029513831,0.1346854029513831,4,3,2,5.0,456.7
Zm00001eb332960,1,0,1.2978810231586584,1.2978810231586584,3,1,1,1.0,29.2
Zm00001eb332990,1,0,0.280490885077481,0.280490885077481,1,3,1,6.0,7.8
Zm00001eb333010,2,0,0.5878567690407502,0.5703458757181863,8,1,1,1.5,1979.7
Zm00001eb333050,1,0,0.5679198490336616,0.5679198490336616,3,2,2,2.0,50.7
Zm00001eb333100,3,1,1.9944068305931155,1.2879729674026548,3,1,1,2.6666666666666665,135.6
Zm00001eb333270,1,0,0.1421223210960275,0.1421223210960275,1,2,1,4.0,156.4
Zm00001eb333360,1,0,0.681750629519119,0.681750629519119,1,4,1,0.0,110.7
Zm00001eb333440,2,0,0.4125733063917644,0.4125733063917644,2,3,1,1.5,104.7
Zm00001eb333460,2,0,0.9427057206066892,0.4746700173595163,2,2,1,4.0,342.2
Zm00001eb333490,1,0,0.06603950202256,0.06603950202256,3,3,1,4.0,12.1
Zm00001eb333570,5,0,0.9147335917925064,0.5076974131878228,8,3,3,3.4,169.9
Zm00001eb333590,1,0,1.9254452370022168,1.9254452370022168,2,1,1,2.0,108.3
Zm00001eb333620,2,0,0.7110524492733461,0.4234151574926964,5,3,2,1.5,239.6
Zm00001eb333640,1,0,2.2386972144490525,2.2386972144490525,1,2,1,2.0,68.7
Zm00001eb333730,1,0,1.006367553946223,1.006367553946223,1,3,1,2.0,142.0
Zm00001eb333750,2,0,1.1520073941268418,0.9240811511393365,3,1,1,1.5,47.6
Zm00001eb333760,2,0,1.580580864231676,0.9642881819742039,5,3,2,3.0,1276.4
Zm00001eb333890,2,0,1.886445641476492,1.886445641476492,4,2,1,3.5,192.1
Zm00001eb333940,3,0,0.7244787902701011,0.32431215244865086,4,2,2,1.3333333333333333,454.1
Zm00001eb333970,2,2,1.203087335926519,1.1768793513161642,3,1,1,3.0,1777.0
Zm00001eb333980,1,0,0.3835594015964207,0.3835594015964207,3,3,2,5.0,3651.0
Zm00001eb333990,2,0,1.514145509685795,0.9318669935196506,3,2,1,2.5,101.9
Zm00001eb334070,2,0,1.5354824251160804,1.3393996237593035,3,1,1,2.5,623.7
Zm00001eb334080,1,0,0.8720703131644267,0.8720703131644267,3,2,1,2.0,621.4
Zm00001eb334110,1,0,0.8996786468959613,0.8996786468959613,3,2,2,0.0,1210.5
Zm00001eb334130,1,0,0.3292978076508675,0.3292978076508675,3,2,1,1.0,389.5
Zm00001eb334140,4,0,0.3339362791833324,0.2351913561470245,9,2,2,1.75,23071.1
Zm00001eb334210,1,0,0.6386698970583375,0.6386698970583375,1,2,1,5.0,78.0
Zm00001eb334220,2,0,1.1425611355561711,0.8929072608111914,5,1,1,3.5,417.3
Zm00001eb334270,1,0,0.6569508802095159,0.6569508802095159,1,2,1,5.0,368.3
Zm00001eb334320,1,0,0.8372541399006752,0.8372541399006752,2,2,1,3.0,668.7
Zm00001eb334370,1,1,2.5248681663994876,2.5248681663994876,3,2,1,4.0,42.4
Zm00001eb334410,1,0,0.4132952226370532,0.4132952226370532,1,1,1,1.0,185.6
Zm00001eb334420,1,0,0.6302102535644402,0.6302102535644402,2,1,1,2.0,3.2
Zm00001eb334430,1,0,0.7507135026869913,0.7507135026869913,1,1,1,5.0,900.7
Zm00001eb334440,1,0,0.0868025174497932,0.0868025174497932,1,4,1,4.0,14.3
Zm00001eb334480,1,1,2.4471928673778685,2.4471928673778685,1,2,1,1.0,440.6
Zm00001eb334540,1,0,1.8090675995524896,1.8090675995524896,3,1,1,1.0,168.7
Zm00001eb334600,6,0,2.4918656874129748,1.2193947460202523,6,2,2,3.0,284.2
Zm00001eb334620,3,0,0.8045091002001615,0.59787501061649,3,3,1,2.0,216.7
Zm00001eb334740,2,0,1.480919163550549,1.1291991186952504,4,1,1,1.0,293.2
Zm00001eb334840,1,0,0.6294726402200899,0.6294726402200899,1,1,1,1.0,403.8
Zm00001eb334910,1,0,0.3821274779575391,0.3821274779575391,1,2,2,4.0,255.9
Zm00001eb334940,2,0,0.6003449076907618,0.5366588217869696,5,3,3,4.0,10.6
Zm00001eb334950,1,0,0.1184151485161145,0.1184151485161145,1,4,1,3.0,68.7
Zm00001eb335020,1,0,1.0793722647131003,1.0793722647131003,1,4,1,1.0,3.2
Zm00001eb335070,5,0,0.8242407803631134,0.3539196620452096,9,3,3,3.0,5307.2
Zm00001eb335140,3,0,1.5309139602325723,0.7630704326462333,5,1,1,3.0,1395.8
Zm00001eb335340,2,0,0.1146294825091203,0.057661805511452606,2,2,1,3.0,26.6
Zm00001eb335390,2,0,0.3080456613808259,0.2542391585706209,2,2,1,3.0,35.6
Zm00001eb335570,1,0,0.7678039130516231,0.7678039130516231,1,1,1,4.0,9.0
Zm00001eb335590,2,0,0.5540761517930716,0.5347820397513652,8,2,2,5.0,765.6
Zm00001eb335640,2,1,2.086773530985622,1.2760050257086555,2,1,1,3.5,859.1
Zm00001eb335680,1,0,0.2770605295953269,0.2770605295953269,1,1,1,1.0,21.4
Zm00001eb335710,1,0,0.7964482382059642,0.7964482382059642,2,1,1,0.0,626.4
Zm00001eb335790,2,1,5.730815164538821,3.320970090728374,2,1,1,1.5,647.4
Zm00001eb335810,1,0,0.0699317640827094,0.0699317640827094,1,2,1,6.0,746.4
Zm00001eb335870,3,0,2.0299304201492117,1.7821924948550618,8,3,2,2.0,1235.6
Zm00001eb335900,1,0,0.831705429666071,0.831705429666071,2,2,2,0.0,676.1
Zm00001eb335990,1,0,0.13033989549942,0.13033989549942,2,1,1,1.0,47.8
Zm00001eb336010,1,0,0.4160744518542407,0.4160744518542407,7,1,1,1.0,4.0
Zm00001eb336080,2,0,1.7962279264893133,1.3654490380894049,4,2,2,2.0,318.6
Zm00001eb336090,1,0,0.1614159691158005,0.1614159691158005,1,5,0,3.0,316.1
Zm00001eb336170,1,0,1.684513039235186,1.684513039235186,5,3,1,6.0,58.9
Zm00001eb336310,2,1,2.0356181013936263,1.2269023233751983,4,3,1,1.5,363.7
Zm00001eb336420,1,0,0.9838584439737486,0.9838584439737486,1,1,1,1.0,24.6
Zm00001eb336460,1,0,0.7155700440329998,0.7155700440329998,7,3,1,1.0,340.5
Zm00001eb336470,1,0,0.0154197355925001,0.0154197355925001,2,3,1,1.0,839.9
Zm00001eb336490,4,0,0.8061727875691757,0.5126595635334523,10,2,1,2.75,53.0
Zm00001eb336530,1,0,0.4019800311024062,0.4019800311024062,1,1,1,2.0,361.0
Zm00001eb336580,4,0,1.0575686132202549,0.9742164892807874,11,2,2,2.0,46712.6
Zm00001eb336590,1,0,0.9883692343428824,0.9883692343428824,5,1,1,2.0,539.8
Zm00001eb336650,3,0,0.1708721537020056,0.13019345034960653,5,2,1,2.6666666666666665,2.9
Zm00001eb336730,1,0,0.5371475534357752,0.5371475534357752,2,1,1,1.0,66.5
Zm00001eb336760,3,0,0.8405929222454481,0.5297809345345055,3,1,1,2.6666666666666665,5774.5
Zm00001eb336790,1,0,0.6565822678120667,0.6565822678120667,1,1,1,1.0,2178.7
Zm00001eb336820,2,0,0.7367242601163896,0.47297483981452926,5,1,1,1.5,410.6
Zm00001eb336840,1,0,0.3571720116155267,0.3571720116155267,2,2,1,0.0,222.8
Zm00001eb336890,1,0,1.1828142907629116,1.1828142907629116,3,5,1,1.0,230.3
Zm00001eb336930,1,0,0.7650968335334094,0.7650968335334094,3,3,3,4.0,224.5
Zm00001eb336950,1,0,1.2156548966409386,1.2156548966409386,1,2,2,1.0,272.4
Zm00001eb336960,1,0,1.2266011186777577,1.2266011186777577,1,1,1,1.0,62.3
Zm00001eb336990,2,0,0.9256002737891108,0.8541975992839359,5,2,1,1.5,118.3
Zm00001eb337010,3,0,2.0448422999841847,1.359263483866794,3,2,2,3.3333333333333335,374.3
Zm00001eb337110,1,0,0.7296535714002692,0.7296535714002692,3,2,2,0.0,1053.6
Zm00001eb337140,3,1,2.5272997434692557,1.4797927793177916,8,1,1,3.0,480.0
Zm00001eb337150,1,0,0.401151622646135,0.401151622646135,1,2,1,1.0,8.0
Zm00001eb337180,2,0,1.4462158675591228,1.2285612046873418,3,2,1,4.5,39.1
Zm00001eb337190,2,0,1.2768059509151128,1.1175353039706384,3,2,2,5.0,8.0
Zm00001eb337240,3,0,0.492183065921191,0.492183065921191,4,2,2,3.6666666666666665,472.8
Zm00001eb337250,4,0,1.2849904208762,0.5130904622392043,5,3,1,3.5,326.8
Zm00001eb337340,4,0,1.04944241657855,0.37448435766504484,4,3,2,3.25,86.8
Zm00001eb337390,1,0,3.406675321499167e-05,3.406675321499167e-05,1,1,1,5.0,70.5
Zm00001eb337410,3,0,1.474545929539972,0.5391790289191815,5,2,2,3.3333333333333335,4218.4
Zm00001eb337450,1,0,0.1094316019457643,0.1094316019457643,2,4,1,4.0,703.7
Zm00001eb337510,1,0,1.5927752975439542,1.5927752975439542,3,2,1,4.0,75.6
Zm00001eb337520,1,0,1.6824872899345642,1.6824872899345642,6,3,2,5.0,1242.0
Zm00001eb337550,1,0,1.5472205832658708,1.5472205832658708,1,1,1,6.0,464.2
Zm00001eb337600,2,0,0.6401752642761531,0.5133228382707011,3,1,1,3.0,909.2
Zm00001eb337810,2,0,1.8239275573404563,1.4706177616778278,4,2,1,2.5,862.1
Zm00001eb337820,1,1,3.057842496153543,3.057842496153543,1,1,1,1.0,38.4
Zm00001eb337970,1,0,0.2886790948729795,0.2886790948729795,1,3,1,2.0,516.2
Zm00001eb338030,1,0,0.8308563202830361,0.8308563202830361,1,2,1,2.0,5.1
Zm00001eb338070,1,0,0.582893602328373,0.582893602328373,2,2,1,2.0,84.5
Zm00001eb338170,1,0,1.3642763639212507,1.3642763639212507,1,3,1,4.0,79.2
Zm00001eb338190,1,0,0.2328941324177587,0.2328941324177587,1,2,1,2.0,454.2
Zm00001eb338260,2,0,0.6535828540030443,0.4997922306791614,5,3,2,1.5,108.9
Zm00001eb338310,1,0,1.1034027235642805,1.1034027235642805,1,2,1,1.0,525.8
Zm00001eb338340,1,0,0.8748140955031434,0.8748140955031434,1,2,2,0.0,15.0
Zm00001eb338370,1,0,0.0477404981996658,0.0477404981996658,3,2,2,5.0,2998.5
Zm00001eb338420,1,1,3.288834156157363,3.288834156157363,1,2,1,7.0,435.2
Zm00001eb338620,3,3,3.0624531440727343,3.0624531440727343,6,2,1,3.0,203.5
Zm00001eb338740,1,0,4.57670710248978,4.57670710248978,1,2,1,4.0,410.3
Zm00001eb338770,2,0,0.5885162183001318,0.46834860638230913,2,2,2,3.5,212.8
Zm00001eb338780,1,0,1.08078173889138,1.08078173889138,4,4,2,3.0,2.4
Zm00001eb338890,1,0,0.5864160454628947,0.5864160454628947,1,1,1,4.0,388.6
Zm00001eb338910,1,0,0.483432685386903,0.483432685386903,3,2,2,7.0,143.9
Zm00001eb338940,1,0,0.549324955633289,0.549324955633289,1,1,1,3.0,30.4
Zm00001eb339010,3,0,1.573299745401292,1.573299745401292,3,2,1,3.6666666666666665,697.4
Zm00001eb339040,2,2,3.492364323473568,2.782796614810602,2,3,1,1.0,49.6
Zm00001eb339270,1,0,0.49756169476508,0.49756169476508,1,1,1,2.0,502.8
Zm00001eb339310,2,1,1.8100285930152655,1.5445418944345173,2,1,1,5.0,13.1
Zm00001eb339340,1,0,0.0094175503445503,0.0094175503445503,6,3,2,1.0,78.0
Zm00001eb339420,2,0,1.7985548455352631,1.6880377754008111,5,3,2,3.5,315.7
Zm00001eb339480,1,0,0.11502551257024,0.11502551257024,2,1,1,3.0,69.3
Zm00001eb339500,1,0,1.5837321707715284,1.5837321707715284,2,2,1,2.0,545.1
Zm00001eb339720,3,0,0.5668323892237269,0.5478664091504171,4,1,1,1.6666666666666667,38.2
Zm00001eb339870,1,0,1.1701631260922376,1.1701631260922376,1,1,1,3.0,162.4
Zm00001eb339970,2,1,2.2879860081957872,2.245082319584197,4,1,1,1.5,1356.4
Zm00001eb340000,3,0,0.4593305233955886,0.29448378728368646,5,1,1,2.0,163.7
Zm00001eb340140,1,0,0.9039800327940002,0.9039800327940002,1,2,1,2.0,32.3
Zm00001eb340160,1,0,1.5685107087470866,1.5685107087470866,5,1,1,3.0,72.1
Zm00001eb340190,1,0,0.01876863763021,0.01876863763021,3,2,1,3.0,187.0
Zm00001eb340260,1,0,1.169961523123222,1.169961523123222,3,1,1,2.0,111.6
Zm00001eb340280,2,0,0.2323433061307062,0.1783752923087076,2,1,1,4.5,62.7
Zm00001eb340350,1,0,0.3183279106199231,0.3183279106199231,2,1,1,5.0,1012.4
Zm00001eb340410,1,0,2.589231811218284,2.589231811218284,3,2,1,1.0,45.9
Zm00001eb340450,1,0,0.5323369614046111,0.5323369614046111,3,1,1,3.0,2571.6
Zm00001eb340520,1,0,1.7063359695998992,1.7063359695998992,4,2,1,4.0,240.3
Zm00001eb340550,1,0,3.296717707695693,3.296717707695693,1,1,1,2.0,4.1
Zm00001eb340570,4,0,0.9192770954591212,0.5949502502760986,5,2,2,1.75,135.2
Zm00001eb340580,1,1,4.515449132670917,4.515449132670917,2,2,1,2.0,1161.1
Zm00001eb340650,4,0,1.2213981267696683,1.098307319548743,6,3,3,1.75,57.9
Zm00001eb340670,1,0,0.3558589861869252,0.3558589861869252,1,2,1,3.0,55.5
Zm00001eb340750,1,0,1.863923857778779,1.863923857778779,2,3,1,1.0,170.6
Zm00001eb340760,1,0,1.549826721379141,1.549826721379141,2,2,2,3.0,103.2
Zm00001eb341940,1,0,0.7937612877791631,0.7937612877791631,2,1,1,4.0,99.9
Zm00001eb342240,1,0,2.349571302976307,2.349571302976307,1,2,1,4.0,15.3
Zm00001eb342270,1,0,4.3092512553032085,4.3092512553032085,3,1,1,1.0,9.5
Zm00001eb342290,4,0,0.912935184731051,0.39083714582989637,6,1,1,2.5,161.8
Zm00001eb342350,1,1,2.869637650985566,2.869637650985566,1,2,1,5.0,90.0
Zm00001eb342360,1,0,4.592837339613176,4.592837339613176,1,1,1,2.0,310.9
Zm00001eb342390,1,0,1.5794036179562283,1.5794036179562283,4,2,1,1.0,47.9
Zm00001eb342430,4,0,0.6950618055496585,0.3286092655552875,4,2,1,2.25,639.4
Zm00001eb342490,1,0,1.1644504312431436,1.1644504312431436,4,1,1,0.0,326.1
Zm00001eb342590,1,0,0.0899083499423564,0.0899083499423564,1,3,1,3.0,100.1
Zm00001eb342620,2,0,1.1515558479160326,1.1515558479160326,3,1,1,3.0,295.0
Zm00001eb342660,1,0,0.4539418475155536,0.4539418475155536,1,1,1,1.0,36.1
Zm00001eb342730,2,0,0.6555577894573541,0.6555577894573541,8,2,2,1.5,412.1
Zm00001eb342850,1,0,0.8488643812132914,0.8488643812132914,1,2,1,6.0,12.5
Zm00001eb342910,1,0,0.8201816861313822,0.8201816861313822,1,1,1,1.0,80.3
Zm00001eb342970,1,0,0.4021034414752356,0.4021034414752356,1,1,1,4.0,818.4
Zm00001eb343010,1,0,0.538693181983834,0.538693181983834,4,4,4,1.0,15.2
Zm00001eb343240,1,0,0.2007420998487592,0.2007420998487592,1,3,1,4.0,105.0
Zm00001eb343290,1,0,1.3263820863124112,1.3263820863124112,1,1,1,1.0,204.5
Zm00001eb343390,3,0,1.8613363469504591,0.8455032775538452,4,1,1,1.3333333333333333,152.2
Zm00001eb343440,1,0,0.5280558364179194,0.5280558364179194,2,3,2,5.0,8.0
Zm00001eb343460,1,0,1.3183761588042051,1.3183761588042051,1,3,1,3.0,255.3
Zm00001eb343490,1,1,2.5924416296542545,2.5924416296542545,1,1,1,3.0,119.3
Zm00001eb343570,1,0,0.1867980179375231,0.1867980179375231,2,2,1,0.0,85.0
Zm00001eb343590,1,0,1.1054448781926307,1.1054448781926307,2,1,1,0.0,314.2
Zm00001eb343950,2,0,0.8399698876954218,0.8399698876954218,2,1,1,2.0,583.1
Zm00001eb344070,1,0,0.0344073949265628,0.0344073949265628,3,1,1,2.0,95.4
Zm00001eb344210,1,0,0.6459417676963347,0.6459417676963347,1,2,1,2.0,402.3
Zm00001eb344300,1,0,0.0705898001484555,0.0705898001484555,3,4,2,0.0,2551.5
Zm00001eb344340,1,1,2.3683562503991604,2.3683562503991604,1,3,1,2.0,646.1
Zm00001eb344390,1,1,5.125252714907451,5.125252714907451,2,2,1,0.0,1349.0
Zm00001eb344500,1,0,0.3437417912140427,0.3437417912140427,1,1,1,1.0,83.3
Zm00001eb344530,1,0,0.3422897347826349,0.3422897347826349,1,1,1,2.0,50.1
Zm00001eb344710,2,0,0.3091994478240327,0.3091994478240327,2,2,1,3.0,33.7
Zm00001eb344730,1,0,1.237575810351189,1.237575810351189,1,1,1,3.0,205.9
Zm00001eb344750,1,0,1.0703451682248892,1.0703451682248892,1,2,0,0.0,160.6
Zm00001eb344820,3,0,0.5579174372592771,0.4813108926900303,4,3,3,2.0,2648.7
Zm00001eb344950,2,0,0.4169038341506522,0.4169038341506522,2,1,1,2.5,324.4
Zm00001eb345070,1,0,1.1504614793054193,1.1504614793054193,1,3,1,3.0,298.8
Zm00001eb345250,1,0,1.3476141306255431,1.3476141306255431,1,1,1,2.0,1206.9
Zm00001eb345270,3,0,0.8138207450933803,0.8138207450933802,4,2,2,4.0,53.5
Zm00001eb345540,1,0,0.3126656643181826,0.3126656643181826,1,1,1,4.0,112.6
Zm00001eb345570,1,0,1.0863313993788903,1.0863313993788903,2,3,1,1.0,159.7
Zm00001eb345750,3,0,0.6933652567119756,0.3796944011384548,3,2,2,2.0,172.9
Zm00001eb345770,4,0,0.4624056760132337,0.29124289858561264,5,3,3,2.25,83.8
Zm00001eb345900,1,0,1.8151848672542257,1.8151848672542257,1,1,1,1.0,175.0
Zm00001eb346120,1,0,0.8809653242588334,0.8809653242588334,3,1,1,3.0,864.6
Zm00001eb346420,1,0,0.4203548819988376,0.4203548819988376,2,2,1,1.0,6.2
Zm00001eb346450,2,0,2.180393252906279,1.7031735662535286,2,2,1,6.5,4.4
Zm00001eb346550,1,0,0.3734874392062765,0.3734874392062765,1,2,0,3.0,164.8
Zm00001eb346570,1,0,0.2156825464299029,0.2156825464299029,1,1,1,4.0,155.6
Zm00001eb346590,1,0,2.945957028938333,2.945957028938333,2,3,2,2.0,108.0
Zm00001eb346660,1,0,2.3782817907633493,2.3782817907633493,5,4,3,0.0,169.4
Zm00001eb346750,3,0,2.9016616741899903,2.5654801567591217,6,1,1,3.6666666666666665,16.5
Zm00001eb346890,1,0,0.1683168132546385,0.1683168132546385,1,3,1,2.0,32.2
Zm00001eb347000,1,0,2.0723439954377825,2.0723439954377825,1,2,1,3.0,400.8
Zm00001eb347060,2,0,0.8468100795328093,0.44000691041858647,2,2,1,2.0,158.4
Zm00001eb347150,2,0,1.1945343437488218,1.1945343437488218,2,2,2,1.5,1279.7
Zm00001eb347190,2,2,4.102835039315115,4.102835039315115,3,3,2,2.5,468.0
Zm00001eb347310,1,0,0.6211259047221773,0.6211259047221773,1,1,1,1.0,296.4
Zm00001eb347530,1,0,1.424820302221272,1.424820302221272,1,1,1,4.0,325.2
Zm00001eb347640,2,0,0.4301211818609743,0.4301211818609743,3,4,1,2.0,72.7
Zm00001eb347660,1,0,1.2764525487480198,1.2764525487480198,4,2,2,6.0,634.4
Zm00001eb347670,1,0,0.5475773969742663,0.5475773969742663,2,2,2,2.0,114.4
Zm00001eb347680,1,0,0.1967310202598365,0.1967310202598365,1,3,1,0.0,476.4
Zm00001eb347720,1,0,0.9638709366906644,0.9638709366906644,1,1,1,4.0,1311.0
Zm00001eb347850,1,0,0.8075668687519036,0.8075668687519036,1,3,1,2.0,75.4
Zm00001eb348290,2,0,0.5290750372157318,0.5290750372157318,4,1,1,2.5,5.5
Zm00001eb348520,1,0,0.7733180416879907,0.7733180416879907,1,2,1,4.0,313.9
Zm00001eb348580,1,0,0.2671905827180961,0.2671905827180961,1,1,1,1.0,7.4
Zm00001eb348810,2,0,1.8929324126826048,1.6197200033296548,2,1,1,2.5,25.0
Zm00001eb348850,1,0,0.9644465902729368,0.9644465902729368,2,2,1,3.0,109.5
Zm00001eb348890,1,0,0.5998949717437644,0.5998949717437644,4,2,2,4.0,166.3
Zm00001eb349010,1,0,0.3854502247091786,0.3854502247091786,4,2,1,2.0,4116.0
Zm00001eb349030,1,0,0.7690026714856882,0.7690026714856882,5,2,2,2.0,21.9
Zm00001eb349040,3,0,0.6403699950663451,0.6403699950663451,3,3,1,2.3333333333333335,475.6
Zm00001eb349050,1,0,0.6320078424415987,0.6320078424415987,1,2,1,3.0,930.6
Zm00001eb349090,2,0,1.7748414816201177,1.7748414816201177,2,2,1,5.0,296.6
Zm00001eb349110,2,1,3.484367001383737,2.9959815269890493,4,1,1,2.5,819.7
Zm00001eb349140,2,1,1.8621434288203444,1.5309644500847255,3,3,2,2.0,82.7
Zm00001eb349170,2,0,0.921391813345473,0.921391813345473,3,2,1,1.5,162.2
Zm00001eb349320,1,0,1.5351462761226795,1.5351462761226795,1,2,1,1.0,2.3
Zm00001eb349360,1,0,0.1991940145339869,0.1991940145339869,1,2,1,2.0,152.6
Zm00001eb349390,3,0,0.2893376294706917,0.2027625684946948,3,2,1,2.0,711.2
Zm00001eb349480,1,0,0.2256399713175658,0.2256399713175658,2,2,1,1.0,214.9
Zm00001eb349490,2,0,1.0126836328189328,1.0126836328189328,3,1,1,2.5,16.8
Zm00001eb349710,1,0,1.8535305956584351,1.8535305956584351,1,2,1,5.0,256.8
Zm00001eb349760,1,0,0.0255970326129795,0.0255970326129795,1,1,1,1.0,85.7
Zm00001eb349860,1,0,0.1850201209318401,0.1850201209318401,3,2,2,2.0,47.9
Zm00001eb349910,1,0,0.4431417034917339,0.4431417034917339,1,2,1,2.0,191.9
Zm00001eb350050,2,0,2.1506818901814935,2.1021992982107482,2,3,1,2.0,381.1
Zm00001eb350120,2,0,1.1908746139088806,0.6797560649615138,2,2,1,1.0,904.6
Zm00001eb350170,3,0,2.7200617711244472,2.2742123181249503,3,2,1,0.6666666666666666,82.2
Zm00001eb350240,1,0,1.007619871275404,1.007619871275404,1,2,1,3.0,208.3
Zm00001eb350430,1,0,2.0939311471527793,2.0939311471527793,2,1,1,1.0,204.1
Zm00001eb350630,4,0,0.3251535502616299,0.15969686438929037,6,1,1,1.25,1127.5
Zm00001eb350650,1,0,1.0627839559475412,1.0627839559475412,2,3,2,7.0,146.9
Zm00001eb350660,1,0,0.7830272026634203,0.7830272026634203,1,2,2,1.0,236.6
Zm00001eb350760,1,0,0.4103104944714585,0.4103104944714585,1,1,1,1.0,163.9
Zm00001eb350800,3,1,3.043002445624664,1.311567020386138,3,1,1,3.3333333333333335,103.8
Zm00001eb350870,1,0,0.337010314618114,0.337010314618114,1,1,1,5.0,248.5
Zm00001eb350910,1,0,0.3242696855549732,0.3242696855549732,2,1,1,1.0,563.7
Zm00001eb351010,1,0,1.1380124073020987,1.1380124073020987,1,2,1,4.0,149.4
Zm00001eb351020,1,0,0.1313019157325299,0.1313019157325299,1,4,2,5.0,228.0
Zm00001eb351090,1,0,0.7069839326185045,0.7069839326185045,7,2,2,2.0,465.7
Zm00001eb351330,2,0,0.594422357371448,0.5498564824341761,3,2,1,3.0,353.0
Zm00001eb351340,1,0,0.0558912813971974,0.0558912813971974,1,2,1,4.0,683.5
Zm00001eb351390,1,0,0.3861965999598398,0.3861965999598398,1,3,0,0.0,529.1
Zm00001eb351410,1,0,0.3426200482261047,0.3426200482261047,3,2,1,2.0,220.3
Zm00001eb351490,2,0,0.5008231180511723,0.29065862488554917,5,1,1,2.0,6.6
Zm00001eb351570,2,0,0.7355722520351777,0.6395731168486418,3,1,1,2.0,362.1
Zm00001eb351630,3,0,2.652587620545958,1.2471590441785503,5,1,1,1.3333333333333333,450.4
Zm00001eb351700,1,0,1.1454502632987529,1.1454502632987529,2,2,1,2.0,6.9
Zm00001eb351780,3,1,2.447330538500199,2.142560889155312,5,2,2,3.0,350.1
Zm00001eb351790,1,0,0.110990480390641,0.110990480390641,5,2,2,5.0,3723.3
Zm00001eb351800,1,0,2.3000803765966364,2.3000803765966364,5,2,1,0.0,3.5
Zm00001eb351930,1,0,0.0123866403924528,0.0123866403924528,2,1,1,2.0,349.2
Zm00001eb351960,3,1,1.7478689395998783,1.3278729213665101,8,4,3,2.3333333333333335,637.0
Zm00001eb351980,4,0,0.957063955413016,0.45246363877291473,5,2,2,2.5,3.7
Zm00001eb352130,1,0,1.106147576454675,1.106147576454675,1,2,1,1.0,39.4
Zm00001eb352140,2,0,0.9720130398862132,0.8548145677013318,2,1,1,1.5,214.0
Zm00001eb352250,1,0,1.9725955032228533,1.9725955032228533,1,2,2,2.0,340.6
Zm00001eb352260,3,0,0.8808130446715079,0.40277354731768894,5,2,1,3.0,369.4
Zm00001eb352350,1,0,0.278066580523971,0.278066580523971,1,1,1,2.0,796.6
Zm00001eb352360,2,0,0.3458485394074504,0.25754421478326484,4,3,3,2.0,33.3
Zm00001eb352370,2,0,0.8306823022996332,0.6005942423098523,5,3,3,4.5,115.7
Zm00001eb352470,2,0,0.8840853569887129,0.828898287756035,2,3,1,1.5,209.5
Zm00001eb352500,1,0,0.1535102343624542,0.1535102343624542,1,4,1,2.0,38.5
Zm00001eb352760,1,0,0.3849477087938352,0.3849477087938352,2,3,2,1.0,1177.7
Zm00001eb352780,1,0,0.5284634423871555,0.5284634423871555,2,3,2,1.0,51.0
Zm00001eb352860,2,0,0.1648090385143993,0.14974990822890225,2,2,1,2.5,83.7
Zm00001eb352910,1,0,0.4819702694781358,0.4819702694781358,1,2,1,1.0,505.8
Zm00001eb352940,1,1,2.9148668990011504,2.9148668990011504,1,2,1,4.0,85.6
Zm00001eb353030,2,0,0.9252112107642282,0.4772046109333977,3,2,1,2.5,131.8
Zm00001eb353050,1,0,0.7031796116484184,0.7031796116484184,1,3,1,1.0,26.2
Zm00001eb353170,2,0,0.1648498241848469,0.1648498241848469,3,3,1,1.0,34.4
Zm00001eb353320,2,0,0.7865514058987181,0.6181153318660892,3,1,1,1.0,44.9
Zm00001eb353450,1,0,0.6138240669791125,0.6138240669791125,1,3,1,3.0,70.6
Zm00001eb353500,2,0,1.0185752820357226,0.9297452956791485,3,4,1,0.5,41.2
Zm00001eb353580,2,0,0.7773495535856205,0.7404065015429828,4,3,2,3.5,532.5
Zm00001eb353590,1,0,0.226978191125985,0.226978191125985,3,2,2,3.0,656.2
Zm00001eb353600,3,0,0.4807970020105944,0.2550581580931138,4,2,2,3.3333333333333335,56.3
Zm00001eb353660,2,0,1.819276261365954,1.819276261365954,4,1,1,4.5,1320.8
Zm00001eb353680,1,0,0.0255749967247097,0.0255749967247097,1,2,1,3.0,119.7
Zm00001eb353710,1,0,0.5371491070135811,0.5371491070135811,1,4,1,1.0,16.3
Zm00001eb353850,1,0,0.0288490038525119,0.0288490038525119,2,1,1,3.0,116.5
Zm00001eb354100,2,0,0.1572374621552193,0.1076820143609904,2,1,1,3.0,324.3
Zm00001eb354210,1,0,1.3137717486329004,1.3137717486329004,2,3,3,4.0,66.6
Zm00001eb354250,1,0,0.6484590430871147,0.6484590430871147,1,1,1,4.0,259.4
Zm00001eb354270,1,0,0.581282287878619,0.581282287878619,2,2,1,3.0,7529.7
Zm00001eb354280,1,0,1.086080398021011,1.086080398021011,2,2,1,2.0,521.5
Zm00001eb354320,1,0,0.3845074312992763,0.3845074312992763,1,2,1,3.0,119.4
Zm00001eb354360,1,0,0.1960641742106531,0.1960641742106531,1,2,1,2.0,30.6
Zm00001eb354420,1,0,0.3882628898031535,0.3882628898031535,1,2,1,0.0,33.9
Zm00001eb354450,2,0,0.9720343380050744,0.7680867563973715,2,1,1,4.0,89.7
Zm00001eb354510,2,0,0.459960654320079,0.459960654320079,2,3,1,3.5,67.4
Zm00001eb354530,1,1,2.7259268863491086,2.7259268863491086,4,1,1,2.0,184.3
Zm00001eb354560,2,0,0.0302107118873432,0.0302107118873432,2,2,1,1.5,45.7
Zm00001eb354570,2,0,0.3420084002453384,0.3420084002453384,5,2,1,1.5,219.9
Zm00001eb354610,2,0,0.7199910761546778,0.7199910761546778,2,3,1,2.5,61.1
Zm00001eb354640,1,0,0.6340480692356324,0.6340480692356324,2,2,1,2.0,3908.5
Zm00001eb354720,1,0,0.8923788232228649,0.8923788232228649,4,3,2,5.0,74.4
Zm00001eb354820,2,0,1.858569495988498,1.749394869572317,2,1,1,3.0,216.2
Zm00001eb354850,1,0,0.3945682670706059,0.3945682670706059,1,1,1,2.0,250.9
Zm00001eb354870,1,0,0.1509017973027971,0.1509017973027971,6,3,2,5.0,324.8
Zm00001eb354910,1,0,0.0503519905496905,0.0503519905496905,1,2,1,6.0,266.3
Zm00001eb354930,1,0,0.6414281937380206,0.6414281937380206,2,2,1,2.0,61.1
Zm00001eb354940,1,0,0.5407145425177773,0.5407145425177773,2,3,1,4.0,48.7
Zm00001eb355010,1,0,0.6173831506462361,0.6173831506462361,1,2,0,5.0,853.4
Zm00001eb355060,1,0,1.071374468074501,1.071374468074501,4,4,2,6.0,8.8
Zm00001eb355080,1,0,1.8756858745331648,1.8756858745331648,5,1,1,1.0,52.6
Zm00001eb355110,1,0,0.6270731419334249,0.6270731419334249,2,2,1,3.0,325.2
Zm00001eb355120,3,0,0.9407454292360228,0.6826592091797071,3,2,2,2.6666666666666665,155.5
Zm00001eb355240,2,0,1.4027563883947982,1.0320951265524099,2,2,1,3.0,176.3
Zm00001eb355350,1,0,0.4713576220383141,0.4713576220383141,1,4,1,1.0,758.2
Zm00001eb355560,1,0,0.8405701601687312,0.8405701601687312,5,2,2,1.0,4.3
Zm00001eb355580,1,0,1.3338236644440076,1.3338236644440076,5,2,2,5.0,313.3
Zm00001eb355660,1,0,0.8681981057773969,0.8681981057773969,7,2,2,1.0,176.9
Zm00001eb355670,5,2,2.7658735838127044,2.1300285757923128,6,3,2,2.2,483.0
Zm00001eb355710,2,0,0.9743899689767368,0.803464510186638,2,2,1,3.0,39.3
Zm00001eb355740,1,0,1.2633329991098785,1.2633329991098785,3,1,1,1.0,199.9
Zm00001eb355750,2,0,2.5362235568981624,1.7029580564169768,3,1,1,2.0,67.6
Zm00001eb355810,1,0,0.1187772902546605,0.1187772902546605,3,1,1,1.0,217.6
Zm00001eb355890,1,0,0.6780588362500569,0.6780588362500569,1,1,1,2.0,2107.6
Zm00001eb356080,1,0,0.5060273613618542,0.5060273613618542,2,1,1,1.0,63.9
Zm00001eb356090,2,0,2.779094811644542,2.711799601195013,2,2,1,2.0,387.9
Zm00001eb356100,2,0,0.7686485192016671,0.7455386801047934,2,1,1,2.0,256.6
Zm00001eb356140,4,0,0.263820294049212,0.18975750375089578,5,2,2,1.75,469.5
Zm00001eb356170,1,0,1.3017681502274443,1.3017681502274443,2,2,2,3.0,1122.7
Zm00001eb356180,1,0,1.273622606328389,1.273622606328389,5,3,2,4.0,311.6
Zm00001eb356240,2,0,1.3531139634043483,1.031575135848845,2,1,1,3.5,243.0
Zm00001eb356280,2,1,2.668331204954375,1.8806767463595464,2,1,1,2.5,2607.4
Zm00001eb356360,1,0,1.9118517778897075,1.9118517778897075,2,1,1,2.0,279.6
Zm00001eb356420,2,0,1.341108856587043,1.340224452364686,3,1,1,2.0,1300.3
Zm00001eb356430,6,1,2.9344690963873594,1.9157865405364651,10,4,4,2.6666666666666665,160.0
Zm00001eb356450,1,0,0.3081952841960487,0.3081952841960487,2,1,1,2.0,9.7
Zm00001eb356460,1,0,0.9180706795642964,0.9180706795642964,2,1,1,0.0,144.0
Zm00001eb356500,1,0,0.5503993446043058,0.5503993446043058,1,1,1,4.0,280.1
Zm00001eb356600,2,0,1.084138441084774,0.7593043382202611,2,2,1,1.0,5290.7
Zm00001eb356720,4,0,1.158223874413867,0.7379979626583048,5,2,1,2.25,51.6
Zm00001eb356920,1,1,2.1281626349460367,2.1281626349460367,1,2,1,1.0,400.7
Zm00001eb356940,1,0,2.224000781185627,2.224000781185627,1,2,1,2.0,205.2
Zm00001eb356980,1,0,0.3663969685449813,0.3663969685449813,6,3,2,5.0,448.3
Zm00001eb357000,3,0,1.6063259077895298,1.2774957145191863,4,2,1,3.0,468.0
Zm00001eb357010,1,0,0.5670504316968289,0.5670504316968289,1,1,1,2.0,891.7
Zm00001eb357040,2,0,0.5319982468758344,0.2812884343126019,2,1,1,2.5,509.9
Zm00001eb357050,2,0,2.3193907944195953,2.053969053979168,5,1,1,3.5,67.4
Zm00001eb357070,2,0,0.4085277340524907,0.2479056446244256,2,1,1,2.0,9.2
Zm00001eb357090,3,0,1.349086300924527,0.698458984457175,6,2,1,1.6666666666666667,1512.9
Zm00001eb357100,2,0,0.8391252242883849,0.5770533192547901,2,2,1,3.5,78.1
Zm00001eb357160,1,0,1.2239816896372075,1.2239816896372075,2,3,2,1.0,214.0
Zm00001eb357210,2,0,2.008325366997309,1.8294918785664258,3,1,1,2.0,380.3
Zm00001eb357240,2,0,0.3173896961018892,0.27042257318751944,2,2,1,2.0,113.2
Zm00001eb357250,2,0,1.2018327695123543,0.8797991136122473,3,3,2,2.0,192.7
Zm00001eb357290,2,1,1.3467381600489003,0.676941497961797,9,1,1,1.0,140.1
Zm00001eb357310,1,0,0.8034047265240339,0.8034047265240339,5,2,2,5.0,1736.4
Zm00001eb357330,1,0,0.6558968254556912,0.6558968254556912,3,2,2,2.0,420.0
Zm00001eb357370,1,0,0.4246672732539512,0.4246672732539512,7,3,3,0.0,176.8
Zm00001eb357390,1,0,1.6990252600637863,1.6990252600637863,2,1,0,4.0,193.1
Zm00001eb357510,2,0,1.3304654547648502,1.3304654547648502,3,1,1,4.0,150.7
Zm00001eb357520,2,0,0.9700801351121456,0.5902820070284902,2,1,1,4.0,1138.2
Zm00001eb357600,2,1,2.6331342190462195,1.746656140108917,2,1,1,4.0,111.2
Zm00001eb357620,5,0,0.9245769100664064,0.4254731384727403,5,3,3,2.4,393.0
Zm00001eb357640,3,0,0.8292246710268792,0.4003831402641053,5,2,2,3.3333333333333335,832.3
Zm00001eb357710,1,0,1.564057540075238,1.564057540075238,1,1,1,2.0,263.9
Zm00001eb357740,3,0,0.5774046743528555,0.4865500421837948,4,3,2,4.0,70410.1
Zm00001eb357790,2,0,1.1882219993820349,1.115173543470272,4,1,1,4.0,225.7
Zm00001eb357840,3,0,0.3709327597201897,0.21407959129070608,4,2,1,4.0,98.4
Zm00001eb357890,1,0,1.6374742315009316,1.6374742315009316,1,1,1,2.0,128.5
Zm00001eb357970,3,1,2.293064242532769,1.7327874127260954,6,1,1,2.0,341.8
Zm00001eb358080,1,0,0.6663646341165159,0.6663646341165159,5,2,2,2.0,456.7
Zm00001eb358100,1,0,0.7143805409257078,0.7143805409257078,1,1,1,2.0,91.2
Zm00001eb358200,1,0,0.2918734283480129,0.2918734283480129,1,1,1,3.0,527.7
Zm00001eb358220,1,1,3.30555579204247,3.30555579204247,1,2,1,5.0,288.7
Zm00001eb358420,3,0,1.5419051362432392,0.7345106413774,4,2,2,1.6666666666666667,424.6
Zm00001eb358560,1,0,0.3372613974605792,0.3372613974605792,2,1,1,2.0,132.9
Zm00001eb358580,2,0,1.6483677854731704,1.2976177935590651,3,5,4,2.0,42.9
Zm00001eb358600,1,0,0.6474053912699429,0.6474053912699429,1,1,1,0.0,469.7
Zm00001eb358690,5,1,3.271785325755113,1.4574839673362745,5,3,1,2.2,27.4
Zm00001eb358720,1,0,0.2575777479046941,0.2575777479046941,5,3,2,1.0,325.1
Zm00001eb358730,1,0,0.1981093539539835,0.1981093539539835,2,1,1,1.0,303.3
Zm00001eb358740,1,0,0.1802777916267479,0.1802777916267479,3,2,1,3.0,2.5
Zm00001eb358870,1,0,0.4643614656916238,0.4643614656916238,1,2,1,5.0,516.9
Zm00001eb358880,2,2,3.1693173577358444,3.1693173577358444,4,3,2,2.5,16.8
Zm00001eb358910,3,0,0.4737568428874909,0.2997496871651729,6,1,1,3.3333333333333335,124.6
Zm00001eb359100,3,0,1.2668671690658702,1.2668671690658702,4,1,1,1.0,155.3
Zm00001eb359160,1,0,0.5514493301801655,0.5514493301801655,1,2,2,3.0,54.6
Zm00001eb359190,1,0,0.7365455050059084,0.7365455050059084,4,2,1,5.0,7233.6
Zm00001eb359300,1,0,0.7787354226833898,0.7787354226833898,2,4,2,3.0,5.2
Zm00001eb359320,2,0,0.9149888447242206,0.6269061534033875,2,4,2,2.5,43.7
Zm00001eb359360,1,0,0.0681631976166965,0.0681631976166965,2,2,1,4.0,30.7
Zm00001eb359400,1,1,4.113862535067752,4.113862535067752,2,1,1,2.0,313.4
Zm00001eb359470,3,0,1.1990836973056094,0.6951771980357186,6,1,1,2.3333333333333335,101.6
Zm00001eb359510,1,0,1.5047786758774973,1.5047786758774973,2,1,1,4.0,1359.6
Zm00001eb359530,2,0,1.313532362122281,0.8115296074339483,5,2,1,3.5,28.0
Zm00001eb359580,2,0,0.5295790189576036,0.5295790189576036,5,3,2,4.0,605.3
Zm00001eb359600,3,0,0.3146828175299923,0.3146828175299923,3,2,1,3.3333333333333335,322.3
Zm00001eb359640,2,0,1.0273774563935196,1.0273774563935196,6,2,1,4.0,687.2
Zm00001eb359730,1,0,1.935787823197532,1.935787823197532,2,3,2,2.0,158.8
Zm00001eb359740,1,0,0.3300842549449556,0.3300842549449556,2,4,4,5.0,56.5
Zm00001eb359800,1,0,0.5134888243077824,0.5134888243077824,2,4,1,2.0,403.4
Zm00001eb359840,2,0,0.4780109584008204,0.4780109584008204,2,4,1,5.0,225.5
Zm00001eb359850,1,0,0.1757684855916387,0.1757684855916387,2,2,1,1.0,210.8
Zm00001eb359920,2,0,0.324912103539665,0.324912103539665,2,3,1,2.5,48.3
Zm00001eb359990,1,0,0.0301458831049057,0.0301458831049057,3,3,2,1.0,200.6
Zm00001eb360010,1,0,0.0034856375325147,0.0034856375325147,1,2,1,2.0,143.5
Zm00001eb360020,1,0,0.2215122161438739,0.2215122161438739,2,1,1,1.0,114.1
Zm00001eb360030,1,0,0.9867450846544368,0.9867450846544368,1,2,1,4.0,330.0
Zm00001eb360100,1,0,0.6210305125895559,0.6210305125895559,1,4,1,3.0,3656.6
Zm00001eb360120,3,0,0.3387229903872463,0.2077260306486675,4,1,1,3.0,81.8
Zm00001eb360130,1,0,1.3197852591774857,1.3197852591774857,2,1,1,1.0,258.0
Zm00001eb360140,2,0,2.128659463891604,1.6537188026030547,5,1,1,3.0,38.1
Zm00001eb360160,1,0,0.499228175716335,0.499228175716335,2,1,1,3.0,464.5
Zm00001eb360170,1,0,0.4538421285105162,0.4538421285105162,1,2,0,4.0,516.4
Zm00001eb360180,5,0,1.6967946542976349,0.8268402406556679,7,1,1,3.0,120.1
Zm00001eb360190,2,0,1.2457513458360028,0.8811818602320605,4,1,1,3.0,2889.5
Zm00001eb360250,1,1,2.1140533884354262,2.1140533884354262,1,1,1,2.0,353.7
Zm00001eb360260,10,1,2.5420296378071634,1.1134257894561679,12,3,2,2.3,53.8
Zm00001eb360310,1,0,0.523773530204804,0.523773530204804,3,3,1,3.0,9.4
Zm00001eb360400,1,0,0.2822528552845856,0.2822528552845856,1,3,1,4.0,3.1
Zm00001eb360430,2,0,0.4553017025179085,0.2793641533744173,5,1,1,2.5,222.2
Zm00001eb360440,1,0,0.5224202768249026,0.5224202768249026,1,2,1,3.0,562.0
Zm00001eb360460,2,0,0.0539664965302672,0.03515457930365805,2,1,1,3.0,35.5
Zm00001eb360510,1,0,0.4363919038437788,0.4363919038437788,1,2,1,3.0,81.6
Zm00001eb360570,1,0,2.403697998980595,2.403697998980595,2,2,1,1.0,16.2
Zm00001eb360610,2,0,0.0911740096903888,0.0911740096903888,3,2,2,0.5,1356.4
Zm00001eb360740,1,0,1.1454882972168927,1.1454882972168927,3,2,1,4.0,240.0
Zm00001eb360750,2,0,0.8284903507766184,0.7912180974116922,6,1,1,2.0,33.8
Zm00001eb360840,1,0,0.8555293341079901,0.8555293341079901,2,1,1,2.0,228.2
Zm00001eb360880,6,0,1.0882993769239513,0.4151285452602567,10,1,1,2.8333333333333335,355.4
Zm00001eb360890,1,1,3.5039048039756215,3.5039048039756215,2,2,2,1.0,2347.6
Zm00001eb360900,2,0,1.1755861487146348,1.1755861487146348,2,2,1,2.5,1247.2
Zm00001eb361010,1,0,0.466944580696496,0.466944580696496,1,2,1,1.0,109.2
Zm00001eb361030,2,2,4.366156144538182,4.366156144538182,2,3,1,1.5,76.3
Zm00001eb361110,2,0,1.5633518760093357,1.0794651851618646,2,2,1,1.0,27.0
Zm00001eb361140,1,0,1.398486255367357,1.398486255367357,1,2,1,2.0,562.5
Zm00001eb361220,1,0,2.0724050277323416,2.0724050277323416,3,4,2,3.0,654.5
Zm00001eb361370,3,0,1.3958622439148318,0.6802719132897601,3,1,1,3.6666666666666665,165.7
Zm00001eb361410,4,0,1.5548178063827172,1.3428528305478467,4,2,1,2.25,150.0
Zm00001eb361610,3,0,1.6454216240742907,1.3905557677635974,3,1,1,3.6666666666666665,682.4
Zm00001eb361620,2,0,0.6928564749562358,0.5042792079530962,4,2,2,2.0,1251.9
Zm00001eb361670,2,0,0.632894352733166,0.5804513676749142,2,1,1,4.0,78.1
Zm00001eb361690,1,0,0.83334669971804,0.83334669971804,1,1,1,3.0,221.3
Zm00001eb361700,1,0,2.3317491955704424,2.3317491955704424,1,2,1,6.0,386.9
Zm00001eb361780,1,0,0.5746867145727986,0.5746867145727986,1,1,1,2.0,2.7
Zm00001eb361850,1,0,0.5496389583899918,0.5496389583899918,1,2,1,4.0,14.7
Zm00001eb361870,2,0,0.5971001171558329,0.40480752979264895,2,3,2,1.5,168.9
Zm00001eb361900,1,0,1.168784903087289,1.168784903087289,1,2,2,2.0,727.6
Zm00001eb361960,4,0,1.508109036830969,1.508109036830969,8,1,1,3.0,1355.9
Zm00001eb361990,3,0,4.070356993503337,4.024646118269611,5,2,2,1.6666666666666667,76.6
Zm00001eb362080,1,0,0.5937335939847928,0.5937335939847928,1,3,1,3.0,493.7
Zm00001eb362110,2,0,1.0214417200837762,0.9819179547465846,2,1,1,0.5,140.8
Zm00001eb362170,1,0,2.316465878384458,2.316465878384458,2,1,1,1.0,26.7
Zm00001eb362190,1,0,0.0439169241599356,0.0439169241599356,1,3,2,2.0,228.3
Zm00001eb362210,2,0,1.393654690537682,1.164457351740806,2,4,0,1.0,36.7
Zm00001eb362270,3,1,2.791335446100365,1.7483423214085387,3,1,1,2.0,11.7
Zm00001eb362420,1,0,1.2322902796284947,1.2322902796284947,1,1,1,1.0,125.3
Zm00001eb362480,3,0,0.5673981802247192,0.38673196903308743,4,3,2,2.0,50262.5
Zm00001eb362490,2,0,2.571115552230926,1.8184316892410715,3,1,1,3.5,102.1
Zm00001eb362570,2,0,0.7255924169479423,0.38169294284415006,3,2,1,2.5,94.1
Zm00001eb362630,2,0,1.210936578700988,1.0004898071597355,7,1,1,1.5,23.9
Zm00001eb362640,2,0,0.504633571943696,0.25377606717036694,4,3,1,3.0,19847.4
Zm00001eb362650,2,0,1.0058457030232348,0.7534036632454535,2,2,1,3.5,6.9
Zm00001eb362700,1,0,1.154701736272986,1.154701736272986,1,1,1,2.0,98.0
Zm00001eb362740,3,0,1.10812725908336,0.5813135533404323,4,1,1,4.333333333333333,19.0
Zm00001eb362750,3,0,1.2063554604241964,1.2063554604241964,5,1,1,2.3333333333333335,9.8
Zm00001eb362760,3,0,0.7381760964808523,0.678045961091193,7,3,3,1.3333333333333333,805.5
Zm00001eb362800,4,0,1.5354097785798566,0.7366167031334916,8,3,3,3.0,623.0
Zm00001eb362830,2,0,0.7184206965311899,0.4142348419520514,5,1,1,2.0,1297.7
Zm00001eb363050,1,0,1.2539249536537036,1.2539249536537036,1,1,1,5.0,249.9
Zm00001eb363080,2,0,1.226619514175637,1.0363165040647517,2,2,2,1.0,77.5
Zm00001eb363140,3,0,0.8638930184708764,0.694764008605024,3,2,2,3.3333333333333335,7.5
Zm00001eb363190,2,0,1.3982068917092847,0.794915541140552,2,3,2,2.5,323.8
Zm00001eb363310,1,0,0.1379389157882083,0.1379389157882083,1,1,1,0.0,129.8
Zm00001eb363330,2,0,0.2509394917396959,0.22884305120797394,2,1,1,3.5,2799.8
Zm00001eb363370,1,0,2.288805364493127,2.288805364493127,1,1,1,3.0,159.6
Zm00001eb363480,2,1,2.543557184954071,1.2806450210277316,6,3,2,2.0,129.5
Zm00001eb363490,1,0,0.1109480975806873,0.1109480975806873,1,1,0,3.0,1140.2
Zm00001eb363500,2,0,1.0518815483367172,1.0518815483367172,2,3,2,0.5,428.9
Zm00001eb363580,5,0,1.8007811779887457,0.8192559845427863,5,2,1,2.0,240.2
Zm00001eb363610,1,0,0.5949680340754377,0.5949680340754377,1,2,1,4.0,1397.3
Zm00001eb363670,1,0,2.0404964897893394,2.0404964897893394,3,1,1,5.0,3.1
Zm00001eb363720,3,0,0.5459173430075109,0.3447759430030884,3,3,3,3.0,47.4
Zm00001eb363810,4,0,1.6289064408676024,0.8415995685103286,4,2,2,3.25,1246.0
Zm00001eb363820,4,0,1.5687693425480014,0.8460503724569627,4,2,2,3.5,10.7
Zm00001eb363850,2,0,0.6581413874103827,0.6581413874103827,3,2,2,5.5,108.2
Zm00001eb363860,1,0,1.2815759000401516,1.2815759000401516,1,1,1,3.0,178.8
Zm00001eb363920,1,0,1.1051628073108857,1.1051628073108857,1,2,1,1.0,48.2
Zm00001eb363950,2,0,0.4941565105432537,0.3731230824500066,3,1,1,3.5,133.4
Zm00001eb363970,2,0,1.3747522772350784,1.0193430506834038,4,2,1,2.5,137.7
Zm00001eb364110,1,0,0.2068889882749979,0.2068889882749979,4,2,2,3.0,551.0
Zm00001eb364190,1,0,0.705625173738839,0.705625173738839,6,4,3,5.0,553.9
Zm00001eb364200,1,0,0.6316191766457516,0.6316191766457516,2,3,2,4.0,2376.7
Zm00001eb364260,1,1,2.024191433349474,2.024191433349474,1,1,1,4.0,463.2
Zm00001eb364280,1,0,1.4055159155904544,1.4055159155904544,2,2,2,1.0,927.7
Zm00001eb364290,1,0,1.4758696744958952,1.4758696744958952,2,1,1,2.0,197.6
Zm00001eb364510,1,0,0.443637492505756,0.443637492505756,3,1,1,7.0,217.9
Zm00001eb364610,2,0,1.0069820103698233,0.586252738804246,3,2,2,1.5,38.4
Zm00001eb364620,3,0,0.6768375789572623,0.23613046299462323,8,3,2,3.3333333333333335,2327.6
Zm00001eb364700,1,1,3.596626692460872,3.596626692460872,2,2,2,1.0,109.1
Zm00001eb364730,2,0,2.1148083739614365,1.5885242118069982,3,1,1,3.0,615.6
Zm00001eb364870,4,2,2.8836379481567236,1.852351499619061,6,2,1,2.75,84.5
Zm00001eb365020,1,0,0.3418117082305698,0.3418117082305698,2,2,1,1.0,420.0
Zm00001eb365060,2,1,2.194329974718386,1.140005720030555,2,3,2,1.5,455.1
Zm00001eb365080,1,0,0.0708449993314827,0.0708449993314827,2,1,1,5.0,122.8
Zm00001eb365120,3,0,1.3253346725130064,0.8929037011881943,3,2,1,3.6666666666666665,59.6
Zm00001eb365220,1,0,0.2627922923424835,0.2627922923424835,3,3,2,1.0,1.7
Zm00001eb365390,1,0,1.7662586395702269,1.7662586395702269,4,4,1,0.0,254.8
Zm00001eb365450,3,0,0.5160146198610334,0.3722816210998574,4,3,1,1.6666666666666667,25.1
Zm00001eb365530,1,1,3.918592705554616,3.918592705554616,5,2,2,2.0,122.4
Zm00001eb365580,1,0,0.0766575669049287,0.0766575669049287,2,2,2,2.0,67.5
Zm00001eb365590,2,0,1.9602198152688828,1.426828525673026,4,3,1,4.0,75.4
Zm00001eb365620,2,0,2.2146355038938044,1.6164805782822307,2,4,1,6.5,7.7
Zm00001eb365650,2,0,0.7131019112886882,0.6478358834649414,4,3,2,3.5,3.0
Zm00001eb365690,3,1,2.0716104883894,0.7386909704333067,5,4,1,4.0,687.7
Zm00001eb365710,1,0,1.2914381246316826,1.2914381246316826,1,1,1,6.0,1093.8
Zm00001eb365760,1,0,1.7646897351497155,1.7646897351497155,4,1,1,4.0,1538.8
Zm00001eb365780,3,1,2.983379014839409,2.082238855046028,5,2,2,1.0,3090.3
Zm00001eb365940,1,1,2.272348125964605,2.272348125964605,1,3,1,6.0,421.1
Zm00001eb365990,4,0,2.3506494429777245,1.019732891502378,5,1,1,2.75,516.3
Zm00001eb366020,3,1,3.389186540348063,1.4744537904207926,6,3,2,3.0,467.2
Zm00001eb366040,1,0,1.2361050591177734,1.2361050591177734,5,4,2,1.0,1037.3
Zm00001eb366050,4,1,2.5632794191115544,1.3905041076729425,7,3,1,3.75,1610.4
Zm00001eb366170,1,0,1.85670656985863,1.85670656985863,1,2,1,0.0,325.4
Zm00001eb366220,2,0,1.30624139887002,1.0199751946474696,3,1,1,3.5,266.4
Zm00001eb366250,1,0,0.2846804560720355,0.2846804560720355,2,2,2,4.0,210.4
Zm00001eb366280,5,0,0.7816555866640328,0.5196536905182843,9,1,1,2.2,43.6
Zm00001eb366380,1,0,1.161256826258269,1.161256826258269,3,1,1,0.0,10.8
Zm00001eb366400,2,0,1.123079432332665,1.0472151823216802,3,2,1,1.0,243.9
Zm00001eb366540,3,0,0.5752819099705082,0.3918049455800885,6,2,2,3.0,106.9
Zm00001eb366580,3,0,0.6439263399279245,0.408455915992528,6,2,2,4.0,889.9
Zm00001eb366690,4,0,2.1632536485210485,1.8458687427793055,8,2,1,1.75,163.1
Zm00001eb366720,2,0,1.7117734765717347,0.9190137885819325,3,2,2,3.0,624.1
Zm00001eb366740,3,0,0.9759137696289134,0.41750551560054433,5,2,1,4.333333333333333,10.4
Zm00001eb366860,1,0,0.6610684236781978,0.6610684236781978,3,3,2,3.0,384.4
Zm00001eb366930,1,0,0.0631022930847968,0.0631022930847968,3,4,2,6.0,83.9
Zm00001eb366950,1,0,0.5095270304120133,0.5095270304120133,1,1,1,4.0,63.7
Zm00001eb367050,3,2,1.8001084289383475,1.7723035114753714,4,1,1,2.3333333333333335,2494.8
Zm00001eb367110,1,0,0.1739171881526127,0.1739171881526127,1,3,1,3.0,184.1
Zm00001eb367120,2,0,0.0209136600892296,0.0167524996077699,3,1,1,2.5,115.4
Zm00001eb367170,1,0,0.323114395278989,0.323114395278989,1,3,1,2.0,1039.4
Zm00001eb367290,1,1,1.846391553585101,1.846391553585101,5,2,2,3.0,745.2
Zm00001eb367310,1,0,0.2519294204958273,0.2519294204958273,2,1,1,5.0,751.4
Zm00001eb367320,3,0,0.5207148549261208,0.34239579891996624,3,3,2,3.3333333333333335,3053.8
Zm00001eb367490,2,0,1.10320131739067,0.6273629141065652,4,2,1,1.0,198.1
Zm00001eb367690,2,0,1.408092515914093,1.408092515914093,2,2,1,2.5,160.8
Zm00001eb367770,1,0,0.0684152539233616,0.0684152539233616,2,1,1,5.0,1488.9
Zm00001eb367780,1,0,0.4944972658037437,0.4944972658037437,4,2,1,6.0,686.7
Zm00001eb367810,1,0,1.465102610937954,1.465102610937954,2,2,1,2.0,210.0
Zm00001eb367830,1,0,0.0670683247728056,0.0670683247728056,2,1,1,3.0,72.6
Zm00001eb367840,1,0,0.1865544577857303,0.1865544577857303,6,2,2,2.0,1580.2
Zm00001eb367930,2,0,0.6192888990187261,0.3925397616006773,3,1,1,1.5,141.1
Zm00001eb367960,1,0,1.0862929848171223,1.0862929848171223,1,1,1,1.0,26.7
Zm00001eb368020,1,0,0.6135748443528124,0.6135748443528124,2,3,1,2.0,421.8
Zm00001eb368060,2,0,0.9028740753840104,0.5331164458963426,5,3,2,2.0,2290.1
Zm00001eb368090,1,0,4.318179229389593,4.318179229389593,3,3,2,3.0,109.2
Zm00001eb368150,1,0,0.6597501332476211,0.6597501332476211,1,1,1,2.0,312.1
Zm00001eb368160,3,0,0.7408781433714068,0.39679435271823893,3,2,1,1.3333333333333333,44.1
Zm00001eb368220,2,0,0.1548618191917082,0.1548618191917082,6,2,2,4.0,173.2
Zm00001eb368270,1,0,0.2730960626555925,0.2730960626555925,1,3,1,0.0,152.2
Zm00001eb368330,1,0,0.0772078709793112,0.0772078709793112,1,1,1,5.0,395.7
Zm00001eb368340,1,0,0.5621151564724093,0.5621151564724093,2,3,1,4.0,10.3
Zm00001eb368380,1,0,0.0018986589518888,0.0018986589518888,7,3,3,4.0,390.1
Zm00001eb368400,2,0,1.117958951771194,0.7336959520446513,5,3,2,3.5,443.2
Zm00001eb368430,1,0,0.8295937731023569,0.8295937731023569,1,2,1,3.0,285.3
Zm00001eb368460,1,0,1.382532086573776,1.382532086573776,1,2,1,0.0,5.4
Zm00001eb368510,2,0,0.2648242180723722,0.2648242180723722,3,3,2,3.0,123.9
Zm00001eb368620,1,0,0.7775143712213199,0.7775143712213199,2,1,1,1.0,243.4
Zm00001eb368700,3,0,0.5315260602762687,0.4405305495799889,3,2,1,3.0,429.1
Zm00001eb368740,2,0,0.135688272798735,0.1071883257013873,4,1,1,2.5,177.5
Zm00001eb368840,4,0,0.3695908385012919,0.3304544867442731,4,3,2,2.25,214.9
Zm00001eb368900,1,0,0.0490484270231773,0.0490484270231773,2,1,1,5.0,383.2
Zm00001eb368940,1,0,0.7131839058374544,0.7131839058374544,2,1,1,1.0,358.6
Zm00001eb368960,1,0,0.8509763742073335,0.8509763742073335,1,3,1,5.0,416.7
Zm00001eb368970,4,0,0.1180701867221219,0.06720440015436385,7,1,1,3.25,24.6
Zm00001eb368990,2,0,0.2110589515263844,0.1411866487495075,6,1,1,2.0,1075.9
Zm00001eb369000,1,0,1.3517197568004264,1.3517197568004264,2,2,0,1.0,10.5
Zm00001eb369060,1,0,1.1142554922687915,1.1142554922687915,1,2,1,3.0,260.7
Zm00001eb369090,2,0,1.6167451740402066,1.0456558279650023,2,3,1,2.0,154.1
Zm00001eb369110,1,0,0.7034191061197775,0.7034191061197775,1,1,1,4.0,752.0
Zm00001eb369150,1,0,1.1705108440761305,1.1705108440761305,4,3,2,1.0,2141.5
Zm00001eb369170,1,0,0.4929037484198941,0.4929037484198941,2,2,1,2.0,1086.1
Zm00001eb369180,2,0,0.7343183892883827,0.6940845642566917,3,2,1,3.0,23.6
Zm00001eb369190,2,0,0.5373833278098261,0.3821070359967916,4,3,2,1.5,103.2
Zm00001eb369240,2,0,1.001809045764927,0.8167378529283447,3,2,1,3.0,252.0
Zm00001eb369310,1,0,0.0362728448086353,0.0362728448086353,1,1,1,1.0,45.7
Zm00001eb369330,2,0,0.8442079953786127,0.7983646471664678,3,2,1,2.0,1733.1
Zm00001eb369360,1,1,2.519296049239762,2.519296049239762,4,2,1,2.0,91.3
Zm00001eb369510,1,0,0.3362450467296161,0.3362450467296161,1,1,1,3.0,663.7
Zm00001eb369520,1,0,1.8187398053837045,1.8187398053837045,1,3,1,3.0,31.2
Zm00001eb369550,2,0,0.4488333239311194,0.35278270726686467,4,5,3,2.5,8.4
Zm00001eb369650,1,0,0.5897565281878155,0.5897565281878155,1,2,1,1.0,3388.5
Zm00001eb369670,2,0,0.7887503646302126,0.5141648576431335,2,2,2,0.0,372.2
Zm00001eb369690,2,1,1.8560892252708696,1.8330963146951071,4,1,1,0.5,104.7
Zm00001eb369720,1,0,0.9158796325820988,0.9158796325820988,2,3,0,3.0,91.6
Zm00001eb369730,1,0,2.506722351556409,2.506722351556409,3,1,1,2.0,166.3
Zm00001eb369800,2,0,2.309382126013946,1.5741878334219241,4,2,1,2.5,77.6
Zm00001eb369860,4,0,1.7022937611111262,0.8583756807347306,4,4,2,3.25,757.1
Zm00001eb369880,3,0,0.7465423885134466,0.5830470537992658,6,2,1,1.3333333333333333,346.8
Zm00001eb369950,1,0,1.5110503913520124,1.5110503913520124,1,1,0,0.0,155.2
Zm00001eb369980,1,0,0.2382416363618095,0.2382416363618095,4,2,1,2.0,502.1
Zm00001eb370030,2,0,0.7358502366532722,0.6689614088525825,3,4,1,2.0,230.3
Zm00001eb370040,1,0,1.6134277486901,1.6134277486901,1,2,1,2.0,158.9
Zm00001eb370070,2,0,1.2423326253289178,1.1416746813558372,2,5,1,2.5,105.7
Zm00001eb370090,3,0,0.3720951581551414,0.3028135517638229,5,1,1,0.6666666666666666,730.0
Zm00001eb370100,1,0,0.6341343387197513,0.6341343387197513,1,1,1,4.0,1230.3
Zm00001eb370110,2,0,1.282655552740134,1.225977953776776,4,2,1,3.0,29.9
Zm00001eb370140,4,0,1.6616824564382602,1.2572987300868133,6,3,1,2.75,207.1
Zm00001eb370160,6,0,0.4352010512231671,0.31575676311572415,6,1,1,2.5,1276.9
Zm00001eb370170,3,0,0.8092373083319011,0.7398084164709707,4,2,1,2.6666666666666665,227.6
Zm00001eb370230,1,0,0.5244872502815845,0.5244872502815845,1,2,1,1.0,31.1
Zm00001eb370240,1,0,0.993139886754558,0.993139886754558,1,1,1,3.0,311.6
Zm00001eb370260,3,0,1.4343958454218837,0.8492294981588774,8,3,3,2.3333333333333335,31.1
Zm00001eb370280,1,0,0.1068217690144513,0.1068217690144513,1,3,1,5.0,6.5
Zm00001eb370290,2,1,3.064438075504807,2.0695817635247336,5,2,1,2.0,591.6
Zm00001eb370330,4,0,2.309930308403365,0.9425775359085364,4,3,2,1.75,8244.3
Zm00001eb370370,1,1,2.658557680019747,2.658557680019747,1,1,1,5.0,281.5
Zm00001eb370380,1,0,0.8691888928258216,0.8691888928258216,1,3,1,1.0,341.8
Zm00001eb370430,3,0,0.2520849522595562,0.16328241551127362,3,3,1,1.6666666666666667,191.0
Zm00001eb370450,3,0,0.7294798635486051,0.5295747307164733,5,2,2,4.0,1611.4
Zm00001eb370480,1,1,2.015279933830635,2.015279933830635,3,2,1,2.0,4312.7
Zm00001eb370490,1,0,0.7749213016908751,0.7749213016908751,2,3,1,6.0,78.1
Zm00001eb370650,2,0,0.5803542783409746,0.4694616504907907,3,1,1,3.0,131.3
Zm00001eb370720,1,0,0.785365707951861,0.785365707951861,8,3,3,0.0,3.2
Zm00001eb370850,2,1,2.325544764162936,1.5800242344814226,3,4,1,1.5,416.5
Zm00001eb370870,2,0,1.4991452890161765,0.9160515189832378,4,4,2,0.5,40.0
Zm00001eb370880,2,0,0.817538179348663,0.8098947543665863,5,3,1,2.0,126.2
Zm00001eb370960,4,0,1.599974621765287,1.330678708978663,4,1,1,1.75,426.0
Zm00001eb370990,1,0,0.587273979225953,0.587273979225953,2,1,1,3.0,902.6
Zm00001eb371070,1,0,0.4229142050285847,0.4229142050285847,1,2,1,3.0,6.3
Zm00001eb371150,2,1,1.9059675586076643,1.0605016495477553,2,2,1,4.5,200.9
Zm00001eb371250,4,0,0.8687685891456918,0.7624651169338877,4,2,1,2.75,402.3
Zm00001eb371430,1,0,0.6926484440627546,0.6926484440627546,2,2,1,4.0,345.0
Zm00001eb371490,1,0,0.1137592937847732,0.1137592937847732,1,2,1,5.0,553.7
Zm00001eb371520,2,1,1.8181388931208795,1.5248572277005787,4,3,1,5.0,195.1
Zm00001eb371550,1,0,0.9780960394805802,0.9780960394805802,4,2,1,3.0,837.7
Zm00001eb371680,2,0,1.581287752337548,0.8236028707360602,2,2,1,4.0,227.5
Zm00001eb371730,1,0,0.2530592611658128,0.2530592611658128,3,1,1,4.0,201.6
Zm00001eb371740,1,0,0.051792077590514,0.051792077590514,2,2,1,3.0,344.9
Zm00001eb371800,2,0,1.1765310830472546,1.0429244148140437,4,1,1,1.5,117.6
Zm00001eb371940,1,0,0.0355873344318989,0.0355873344318989,2,1,1,3.0,23.7
Zm00001eb371980,2,0,1.8861235729334047,1.3877459226609732,2,2,1,1.0,1943.3
Zm00001eb372150,1,0,0.3085392684589031,0.3085392684589031,3,2,2,2.0,168.1
Zm00001eb372180,3,0,0.9056665931559004,0.5999144099573425,3,1,1,2.0,100.2
Zm00001eb372200,2,0,1.1112753058022184,0.5847698262585557,2,1,1,2.5,344.8
Zm00001eb372210,1,0,1.4267647363989922,1.4267647363989922,1,1,1,2.0,347.3
Zm00001eb372330,3,0,0.7418935447626813,0.4496625461669952,3,2,1,2.6666666666666665,67.2
Zm00001eb372390,1,0,0.1418815293424543,0.1418815293424543,5,2,2,2.0,29.6
Zm00001eb372500,1,0,2.706851723321112,2.706851723321112,1,1,1,6.0,441.4
Zm00001eb372510,1,0,1.5760129323665828,1.5760129323665828,2,3,1,3.0,19.5
Zm00001eb372600,1,0,0.5276531170110069,0.5276531170110069,2,2,1,3.0,87.1
Zm00001eb372750,1,0,0.0298407391745785,0.0298407391745785,1,3,1,3.0,288.6
Zm00001eb372790,1,0,2.522955626858271,2.522955626858271,1,2,1,0.0,223.8
Zm00001eb372960,2,0,0.3391126483773399,0.1829723041079292,2,1,1,3.0,148.5
Zm00001eb372980,3,0,2.4902886917185243,2.2336950846859502,4,2,2,3.0,1592.7
Zm00001eb373100,1,0,0.2257497701110981,0.2257497701110981,1,1,0,1.0,90.4
Zm00001eb373140,2,0,2.8557973492861706,1.8049532863220958,4,4,1,1.5,71.4
Zm00001eb373150,4,0,0.5382788731405274,0.2663646049956425,4,1,1,2.25,19873.6
Zm00001eb373180,1,0,0.8684992188326902,0.8684992188326902,2,2,1,0.0,409.6
Zm00001eb373330,1,0,0.5811033501022854,0.5811033501022854,2,2,1,3.0,30.3
Zm00001eb373490,4,0,0.5034500730953296,0.20655035965890728,8,3,2,2.0,3696.6
Zm00001eb373570,1,0,0.4518621943773052,0.4518621943773052,1,1,1,2.0,33.8
Zm00001eb373580,1,0,0.2316174257541203,0.2316174257541203,2,2,1,4.0,414.6
Zm00001eb373600,1,1,2.3386125552092167,2.3386125552092167,2,1,1,1.0,34.7
Zm00001eb373630,1,0,0.4955493953510602,0.4955493953510602,2,2,2,3.0,573.3
Zm00001eb373760,3,0,1.021553227442944,0.9299425325305054,6,2,2,2.3333333333333335,92.0
Zm00001eb373790,1,1,4.319953033706437,4.319953033706437,6,1,1,2.0,663.5
Zm00001eb373900,2,0,0.9511150097006478,0.7543341343826426,2,2,1,1.5,140.4
Zm00001eb373920,2,0,0.2378296915167662,0.2146033882678406,4,1,1,2.5,865.3
Zm00001eb373970,1,0,0.1667123344611126,0.1667123344611126,2,1,1,4.0,170.5
Zm00001eb374000,1,0,0.7692590897754078,0.7692590897754078,1,2,1,0.0,273.9
Zm00001eb374040,2,0,1.322790681913934,0.6934578648484737,4,3,3,3.0,457.1
Zm00001eb374090,3,0,0.4590181817598314,0.3633433355377937,3,3,2,2.3333333333333335,8227.2
Zm00001eb374100,1,0,0.6588093828064107,0.6588093828064107,1,2,1,4.0,398.4
Zm00001eb374120,3,0,1.2542880066429836,0.7744704104041403,4,2,2,2.6666666666666665,306.5
Zm00001eb374140,1,0,0.6091659188085701,0.6091659188085701,1,1,1,3.0,23.3
Zm00001eb374150,1,0,1.644282479238076,1.644282479238076,2,4,1,4.0,402.9
Zm00001eb374170,2,1,2.8780626893577255,2.112825137391737,6,2,2,2.0,100.0
Zm00001eb374200,2,0,1.553419071129636,1.2921409373652133,2,1,1,2.0,403.8
Zm00001eb374270,2,0,0.3092730133675574,0.271910034635291,2,3,3,2.5,118.9
Zm00001eb374300,1,0,0.9854266760845758,0.9854266760845758,1,2,1,2.0,495.4
Zm00001eb374330,2,1,1.6181686821158872,1.2079645959271652,4,3,1,3.0,1142.6
Zm00001eb374350,1,0,1.0881540745503693,1.0881540745503693,2,2,1,4.0,39.3
Zm00001eb374380,3,0,1.7195274580844997,1.233887067185768,4,3,1,2.0,905.8
Zm00001eb374450,2,0,0.2560168176913177,0.1283840979051864,3,2,1,3.5,7.0
Zm00001eb374470,2,0,0.0457577687658737,0.0457577687658737,2,1,1,2.0,1115.9
Zm00001eb374560,2,0,1.688005442594868,1.1918104037676074,6,2,1,1.5,107.3
Zm00001eb374580,1,0,1.0536116384653036,1.0536116384653036,6,1,1,1.0,100.7
Zm00001eb374630,1,0,0.0407139045896429,0.0407139045896429,1,4,1,3.0,212.2
Zm00001eb374670,1,0,1.1565150406683486,1.1565150406683486,1,2,1,1.0,1513.8
Zm00001eb374750,2,0,0.9468195528797662,0.7941483942540308,2,2,1,3.5,76.2
Zm00001eb374820,2,0,0.3009498698676256,0.2130557908264239,2,3,2,3.5,13.4
Zm00001eb374920,1,0,1.1575420300563088,1.1575420300563088,2,1,1,0.0,427.9
Zm00001eb375030,1,0,0.2810563679612933,0.2810563679612933,2,1,1,3.0,489.5
Zm00001eb375040,1,0,0.6354840027538529,0.6354840027538529,2,2,2,0.0,786.1
Zm00001eb375200,3,0,0.4652840486527911,0.424870268375833,3,3,1,3.0,924.9
Zm00001eb375380,1,0,0.276396772729942,0.276396772729942,3,3,1,6.0,994.2
Zm00001eb375480,3,1,2.889897845155618,1.5603088918985133,5,3,1,4.0,120.7
Zm00001eb375500,2,0,0.8706016358052925,0.8706016358052925,4,2,1,2.0,164.2
Zm00001eb375510,1,0,0.435866959936374,0.435866959936374,4,2,1,2.0,412.1
Zm00001eb375640,2,0,0.8696148342222075,0.5132517367759508,5,2,1,3.5,86.7
Zm00001eb375670,1,0,3.1692500724736683,3.1692500724736683,4,4,1,2.0,68.0
Zm00001eb375700,1,0,0.2566959456508151,0.2566959456508151,2,3,1,0.0,110.8
Zm00001eb375730,5,0,0.7264904813502985,0.5458135583351867,6,3,2,3.0,873.4
Zm00001eb375820,1,0,1.8254702826918536,1.8254702826918536,1,1,1,5.0,51.0
Zm00001eb376160,1,0,1.4641488139893477,1.4641488139893477,1,4,1,4.0,290.7
Zm00001eb376530,1,0,0.1195434285159651,0.1195434285159651,3,3,1,2.0,1589.8
Zm00001eb376590,2,0,2.9703189831901375,2.0502104286149043,2,3,2,3.5,43.3
Zm00001eb376600,2,0,1.1004847331511958,0.9512303730011831,2,1,1,1.5,898.1
Zm00001eb376630,1,0,0.3634860788445057,0.3634860788445057,1,1,1,4.0,214.2
Zm00001eb376650,4,0,0.6577692264571554,0.568760709088402,5,2,2,2.25,35.9
Zm00001eb376660,1,0,0.540580888095741,0.540580888095741,1,3,1,3.0,140.3
Zm00001eb376680,1,0,0.2551438538433664,0.2551438538433664,1,4,1,2.0,11.3
Zm00001eb377040,1,0,0.394395451758418,0.394395451758418,1,1,1,2.0,142.9
Zm00001eb377050,2,0,1.9104827323553448,1.2880011172964068,2,4,2,3.0,286.3
Zm00001eb377110,2,0,1.00478560586424,1.00478560586424,4,2,2,4.0,10.2
Zm00001eb377270,1,0,0.0819557759979426,0.0819557759979426,2,1,1,1.0,227.0
Zm00001eb377380,2,0,1.1055053193589768,0.8189112316317912,7,3,2,2.5,213.0
Zm00001eb377430,1,0,0.573991733291747,0.573991733291747,1,2,0,8.0,750.4
Zm00001eb377470,3,1,3.041410938030894,1.1627956765178922,4,4,3,3.0,482.3
Zm00001eb377530,1,0,0.0525749478355601,0.0525749478355601,2,2,1,1.0,347.7
Zm00001eb377810,1,0,0.7430193079365225,0.7430193079365225,2,2,2,0.0,30.5
Zm00001eb377870,3,0,1.5626979263134884,0.759090458535303,4,4,2,3.3333333333333335,6499.8
Zm00001eb377970,2,2,3.2121429468614395,3.2121429468614395,2,1,1,4.5,19.2
Zm00001eb378170,1,0,0.6012758841293234,0.6012758841293234,1,2,1,3.0,183.1
Zm00001eb378210,2,0,0.3230548341197881,0.23504962206837623,5,1,1,4.5,4419.8
Zm00001eb378220,1,0,0.1080220764150244,0.1080220764150244,5,2,2,4.0,2.4
Zm00001eb378430,2,0,0.2680690456499513,0.25797684276349075,4,2,2,3.0,1135.5
Zm00001eb378460,3,0,0.8204298385896075,0.28748922626843904,3,2,1,4.0,154.8
Zm00001eb378470,3,0,1.473670291909211,0.9520493857078263,4,2,1,2.6666666666666665,254.3
Zm00001eb378500,2,0,0.577169271870391,0.36440987871275776,4,1,1,2.5,370.7
Zm00001eb378600,1,0,0.4156764305907999,0.4156764305907999,1,1,1,6.0,487.4
Zm00001eb378640,3,0,0.6937050855105653,0.5991653049847429,3,3,1,1.6666666666666667,486.0
Zm00001eb378690,1,0,0.4780496273546666,0.4780496273546666,2,1,1,3.0,414.7
Zm00001eb378700,2,0,0.2912423616381257,0.14893836996190132,3,4,2,3.0,100.6
Zm00001eb378710,1,0,0.4263941098582842,0.4263941098582842,3,2,1,1.0,44.6
Zm00001eb378720,1,0,0.3373329766503846,0.3373329766503846,3,1,1,1.0,427.1
Zm00001eb378790,1,0,0.8191389879762332,0.8191389879762332,3,3,1,4.0,188.8
Zm00001eb378900,1,0,0.3365376791332841,0.3365376791332841,1,3,1,3.0,66.6
Zm00001eb378930,1,0,1.8284580614534147,1.8284580614534147,2,2,1,2.0,1312.7
Zm00001eb378970,2,0,1.1234796468889914,0.7936156260552997,2,2,1,2.5,82.6
Zm00001eb379030,1,0,0.4485022257281016,0.4485022257281016,1,2,1,2.0,2.2
Zm00001eb379060,2,0,2.717523320667406,1.5385427452574632,3,2,1,2.5,405.1
Zm00001eb379070,2,1,3.622352488728783,2.287368131242861,3,2,2,3.5,548.3
Zm00001eb379160,1,0,0.2741170771558973,0.2741170771558973,1,2,1,3.0,235.5
Zm00001eb379190,1,0,0.0594421877564936,0.0594421877564936,2,1,1,3.0,14.8
Zm00001eb379240,1,0,0.351926066892311,0.351926066892311,2,1,1,4.0,2729.6
Zm00001eb379300,5,3,3.0254828788295116,2.205084900105468,6,2,1,2.4,213.8
Zm00001eb379410,1,0,0.1815349276935569,0.1815349276935569,2,1,1,2.0,8.5
Zm00001eb379480,2,0,0.3285133980154527,0.3285133980154527,2,2,1,3.5,685.8
Zm00001eb379490,1,0,1.4846294736856378,1.4846294736856378,1,2,2,4.0,62.1
Zm00001eb379510,1,0,1.157278056280227,1.157278056280227,2,3,2,4.0,294.2
Zm00001eb379770,1,1,4.225863212824155,4.225863212824155,2,3,1,2.0,17.0
Zm00001eb379830,1,0,0.462986031348706,0.462986031348706,2,1,1,5.0,116.9
Zm00001eb379910,1,0,1.0073135496032986,1.0073135496032986,5,2,1,2.0,27.7
Zm00001eb379950,1,1,2.0105873563987866,2.0105873563987866,1,1,1,2.0,288.5
Zm00001eb379990,1,0,0.0254565304631892,0.0254565304631892,2,1,1,3.0,2306.9
Zm00001eb380040,1,0,2.1298852525194905,2.1298852525194905,1,2,1,4.0,95.0
Zm00001eb380080,1,0,0.1965802586707107,0.1965802586707107,1,1,1,2.0,419.5
Zm00001eb380190,3,0,1.17045441981894,0.9994912866689233,5,2,2,3.0,361.0
Zm00001eb380200,4,0,8.220058623321483,4.19884864312419,6,2,1,3.0,378.2
Zm00001eb380500,1,0,1.1063148451411209,1.1063148451411209,1,2,1,5.0,720.4
Zm00001eb380520,1,0,0.2297155538392259,0.2297155538392259,1,1,1,5.0,353.7
Zm00001eb380640,2,2,2.611253106403372,2.611253106403372,6,2,2,4.0,296.4
Zm00001eb380680,5,0,1.3764838066061515,1.3764838066061515,5,3,2,2.6,101.5
Zm00001eb380830,1,0,1.18696179879763,1.18696179879763,1,2,1,1.0,16.1
Zm00001eb380840,1,0,0.429325204512932,0.429325204512932,1,2,1,2.0,611.5
Zm00001eb380850,1,0,0.2393613955912778,0.2393613955912778,1,2,1,4.0,1709.9
Zm00001eb380990,2,0,1.749998635243405,0.9846547687897733,2,2,2,4.0,8.4
Zm00001eb381040,1,0,1.229527172443296,1.229527172443296,1,1,1,3.0,39.6
Zm00001eb381130,8,0,0.6846497607688549,0.28699552398655326,10,1,1,1.75,175.0
Zm00001eb381240,2,0,2.605414950436397,1.7896804081117028,2,2,2,2.0,35.6
Zm00001eb381470,1,0,1.809624767840522,1.809624767840522,10,2,2,5.0,616.3
Zm00001eb381530,1,0,0.3013246945343407,0.3013246945343407,1,2,1,4.0,290.1
Zm00001eb381770,1,0,0.4637368978900181,0.4637368978900181,1,2,1,3.0,979.0
Zm00001eb382010,1,0,1.6123847963992233,1.6123847963992233,2,3,1,4.0,551.4
Zm00001eb382040,3,0,2.569935503874399,1.755148180672083,4,2,1,3.3333333333333335,595.1
Zm00001eb382100,1,0,0.6775445516358082,0.6775445516358082,1,1,1,1.0,580.0
Zm00001eb382120,1,0,0.6246470614446334,0.6246470614446334,4,1,1,4.0,93.1
Zm00001eb382170,2,0,2.23446206276008,2.23446206276008,2,3,1,3.5,238.2
Zm00001eb382180,2,0,1.4254391787357998,0.7571732625003973,2,3,1,4.0,336.5
Zm00001eb382320,2,0,1.9255522980969049,1.0253631536635073,2,2,2,1.0,125.1
Zm00001eb383280,1,0,0.5670424799802435,0.5670424799802435,1,1,1,2.0,26.7
Zm00001eb383580,2,0,0.3062528254453249,0.3062528254453249,3,1,1,4.5,533.8
Zm00001eb383680,1,0,1.0241285322332885,1.0241285322332885,1,1,1,7.0,104898.7
Zm00001eb383800,1,0,1.8711678662192457,1.8711678662192457,2,2,1,1.0,150.8
Zm00001eb383930,2,0,0.4359274862297965,0.40423465817150744,2,2,1,3.5,392.5
Zm00001eb383980,1,0,0.3128044648260392,0.3128044648260392,1,2,1,2.0,23.0
Zm00001eb384150,1,0,1.0659615060044534,1.0659615060044534,1,1,1,2.0,65.6
Zm00001eb384660,1,0,0.550257999633381,0.550257999633381,1,1,1,1.0,111.5
Zm00001eb384670,1,0,0.0926812112698845,0.0926812112698845,1,1,1,3.0,205.7
Zm00001eb384820,2,0,1.026728611390469,0.636891644458047,5,3,2,5.0,60.4
Zm00001eb384860,1,0,0.9609718326305554,0.9609718326305554,3,3,1,3.0,158.7
Zm00001eb384890,4,0,0.3418901267894961,0.23821841064034482,5,1,1,2.0,343.8
Zm00001eb384950,2,0,2.0725330522275343,2.0725330522275343,3,3,2,3.5,217.6
Zm00001eb385020,4,3,3.0505767991917416,2.787127359239933,5,1,1,2.75,1072.2
Zm00001eb385040,1,0,0.0014329574936234,0.0014329574936234,1,1,1,2.0,498.4
Zm00001eb385240,2,0,1.3621795918678317,0.857987139467584,2,1,1,2.0,719.8
Zm00001eb385450,1,1,2.048481055420191,2.048481055420191,1,1,1,2.0,129.2
Zm00001eb385600,4,1,1.945641899503812,1.2896398637601434,9,3,2,2.25,575.0
Zm00001eb385610,2,0,0.1023402363411828,0.058771237328197105,5,1,1,2.0,64.4
Zm00001eb385730,1,0,0.5636272869762452,0.5636272869762452,1,3,2,1.0,29.9
Zm00001eb385750,1,0,0.9812403174749328,0.9812403174749328,2,1,1,2.0,19.2
Zm00001eb385840,2,0,1.5940245704458504,1.2720602445644202,3,2,1,1.5,538.9
Zm00001eb385870,1,0,2.0229627207627763,2.0229627207627763,1,2,1,2.0,22.2
Zm00001eb385960,6,6,3.5351615024110115,3.3294212523353033,8,1,1,3.3333333333333335,2982.0
Zm00001eb386020,1,0,1.116584638139931,1.116584638139931,2,1,1,2.0,347.2
Zm00001eb386040,1,0,0.3610889559580827,0.3610889559580827,2,2,1,3.0,69.3
Zm00001eb386050,1,0,0.2203334402091871,0.2203334402091871,4,2,1,2.0,1303.2
Zm00001eb386080,1,0,0.6297684540637704,0.6297684540637704,2,2,1,0.0,313.9
Zm00001eb386150,3,0,1.3399176709540448,1.038943481984349,6,1,1,2.3333333333333335,482.5
Zm00001eb386160,2,0,0.8051655970067995,0.5478603804591116,3,2,2,2.5,1.1
Zm00001eb386180,2,0,0.3833638922709522,0.2643191942568466,4,3,1,2.5,103.7
Zm00001eb386190,2,0,0.4289981276025464,0.39065235549912214,2,2,1,2.0,20.2
Zm00001eb386220,1,0,2.6413804049671517,2.6413804049671517,5,2,2,5.0,2828.7
Zm00001eb386260,2,0,0.0294758187839794,0.028473798836631002,3,1,1,2.5,84.6
Zm00001eb386270,1,0,0.3101849635319832,0.3101849635319832,1,2,1,4.0,134.5
Zm00001eb386300,1,0,0.0031284386057701,0.0031284386057701,2,1,1,0.0,507.4
Zm00001eb386320,4,0,0.8498146863505895,0.37797699268184737,6,2,2,3.0,379.9
Zm00001eb386390,2,0,0.5208177605479043,0.35077273980544993,3,3,2,3.0,520.5
Zm00001eb386410,2,0,1.229822477987372,1.0460730463716996,2,1,1,3.5,370.4
Zm00001eb386480,1,0,0.98256953973906,0.98256953973906,2,3,1,4.0,6796.3
Zm00001eb386490,1,0,0.8101390171635432,0.8101390171635432,1,2,1,2.0,180.8
Zm00001eb386520,1,0,1.6346301917658423,1.6346301917658423,1,2,0,4.0,371.0
Zm00001eb386550,5,0,1.1381125225799256,1.0228875784588967,7,3,3,2.6,48.6
Zm00001eb386640,2,0,0.9622445013001948,0.7478830920363138,2,2,1,1.5,548.2
Zm00001eb386660,2,0,0.1210694347354127,0.10284111222239006,3,4,3,2.0,10841.4
Zm00001eb386670,3,0,0.7963750739815282,0.7963750739815282,3,2,1,2.3333333333333335,278.9
Zm00001eb386750,2,0,0.1996020044922249,0.1788232739689394,3,3,3,1.5,17.7
Zm00001eb386830,2,0,0.9532912786412968,0.6177091408226348,2,2,1,4.0,2155.4
Zm00001eb386870,1,0,0.3540359904944004,0.3540359904944004,2,3,2,1.0,369.3
Zm00001eb386920,1,1,4.391702011792004,4.391702011792004,1,3,1,3.0,476.2
Zm00001eb387010,2,1,3.804272875076885,3.1738425795472858,3,1,1,1.5,605.1
Zm00001eb387020,1,0,0.8029590337392639,0.8029590337392639,1,3,1,4.0,362.6
Zm00001eb387090,3,0,1.5940457487345538,0.9819248177755718,3,1,1,3.6666666666666665,1211.9
Zm00001eb387110,1,0,0.3403791882260372,0.3403791882260372,4,1,1,2.0,137.8
Zm00001eb387300,4,0,1.1550998841001678,0.5897266637006129,5,4,2,1.5,141.6
Zm00001eb387440,2,0,0.2225442247024907,0.2225442247024907,2,2,1,1.5,174.2
Zm00001eb387600,6,0,0.4876035376663117,0.29954870791159893,6,2,2,2.8333333333333335,51.6
Zm00001eb387640,1,0,0.0894123592124142,0.0894123592124142,1,3,1,3.0,9.1
Zm00001eb387750,1,0,1.6075811287965869,1.6075811287965869,2,3,1,0.0,877.5
Zm00001eb387780,2,0,0.5355316764965519,0.49641695951641795,4,1,1,1.0,2727.6
Zm00001eb387800,2,0,0.5283453797785247,0.36558399226066207,3,2,1,3.5,1096.0
Zm00001eb387820,1,0,0.2428402919130038,0.2428402919130038,3,2,2,5.0,7.2
Zm00001eb387830,4,0,1.5770738179051518,0.743846565328666,6,2,1,2.25,314.4
Zm00001eb388040,1,1,2.546970347607554,2.546970347607554,1,2,1,1.0,234.2
Zm00001eb388050,1,0,0.6626461891383264,0.6626461891383264,1,3,1,0.0,1048.2
Zm00001eb388060,2,0,0.5121217163152963,0.31262999191013524,3,1,1,2.0,274.9
Zm00001eb388110,1,0,0.4316421574520824,0.4316421574520824,2,2,1,1.0,63.1
Zm00001eb388180,1,0,0.2203578901360223,0.2203578901360223,2,2,1,1.0,232.1
Zm00001eb388190,1,0,0.1368064199614052,0.1368064199614052,1,1,1,5.0,452.4
Zm00001eb388240,3,0,1.02113952035315,0.8133181307974735,3,2,2,2.0,1481.1
Zm00001eb388260,1,0,0.1263617144016667,0.1263617144016667,7,3,2,3.0,2.2
Zm00001eb388270,2,0,0.7327990243460694,0.6306586408851846,2,1,1,1.0,33.9
Zm00001eb388300,3,0,0.3570101599423053,0.2877408853015451,5,1,1,2.3333333333333335,27.9
Zm00001eb388320,3,2,2.0965378921462317,1.7016204471323295,3,1,1,1.0,17.5
Zm00001eb388330,1,0,0.4120141263203657,0.4120141263203657,4,1,1,3.0,6.3
Zm00001eb388430,1,0,0.8876899747435923,0.8876899747435923,1,3,1,1.0,8.6
Zm00001eb388550,1,0,0.3280917856751805,0.3280917856751805,2,3,2,3.0,492.3
Zm00001eb388820,3,0,1.1698318777419734,1.102079731395685,4,1,1,4.333333333333333,143.2
Zm00001eb388840,2,0,5.714354611149278,4.00856494667077,5,2,2,2.0,28.1
Zm00001eb389150,1,0,1.3822466189196292,1.3822466189196292,1,1,1,2.0,64.8
Zm00001eb389190,1,0,1.2932167760997997,1.2932167760997997,3,3,3,6.0,142.6
Zm00001eb389210,1,0,0.4862078433256186,0.4862078433256186,3,2,2,4.0,180.4
Zm00001eb389310,1,0,2.2137613723162928,2.2137613723162928,1,2,1,2.0,443.9
Zm00001eb389350,1,0,1.482094080575243,1.482094080575243,1,4,1,2.0,125.2
Zm00001eb389370,1,0,0.3132692658081044,0.3132692658081044,1,2,1,1.0,829.6
Zm00001eb389440,1,0,0.1668457403065789,0.1668457403065789,1,4,1,0.0,1680.2
Zm00001eb389540,1,0,0.2859855708917336,0.2859855708917336,4,1,1,3.0,5002.9
Zm00001eb389560,1,0,0.5668844425965848,0.5668844425965848,1,4,0,2.0,68.0
Zm00001eb389630,2,0,0.3070462995519535,0.17523334585126715,2,2,1,2.0,92.8
Zm00001eb389640,1,0,1.9734680203731731,1.9734680203731731,2,3,1,3.0,404.5
Zm00001eb389650,1,0,0.1041605366173436,0.1041605366173436,1,1,1,1.0,83.7
Zm00001eb389660,3,0,0.6289382917059505,0.5632963060134747,6,1,1,3.6666666666666665,901.2
Zm00001eb389700,1,0,0.1952459072198885,0.1952459072198885,4,2,1,0.0,1929.2
Zm00001eb389710,1,0,1.4419727390139758,1.4419727390139758,1,2,1,3.0,492.3
Zm00001eb389750,2,1,1.570640510225311,0.8652899067558913,3,1,1,2.5,541.7
Zm00001eb389820,2,0,3.4241811567872387,3.4241811567872387,4,2,1,4.0,1540.6
Zm00001eb389900,1,0,1.0716371365469723,1.0716371365469723,2,1,1,3.0,94.2
Zm00001eb389910,3,0,1.3673245398740903,1.1488224577420902,4,1,1,3.3333333333333335,88.2
Zm00001eb389950,1,0,0.2261500037096508,0.2261500037096508,1,3,1,1.0,168.3
Zm00001eb389980,1,0,1.2468009772947202,1.2468009772947202,1,3,2,1.0,128.1
Zm00001eb389990,1,0,1.9047550240045932,1.9047550240045932,1,1,1,4.0,95.8
Zm00001eb390020,2,0,1.0822774264572743,1.000264386334743,6,3,2,2.5,82.3
Zm00001eb390100,1,0,0.2687260190658444,0.2687260190658444,2,2,1,0.0,21.0
Zm00001eb390370,2,0,1.2348867509620498,1.1139302590951992,2,2,1,4.0,167.6
Zm00001eb390500,2,0,0.2207457296201888,0.11377234368211289,2,2,2,4.0,120.3
Zm00001eb390530,2,0,1.2401991266419188,0.6823019753339878,3,1,1,2.5,127.5
Zm00001eb390540,4,0,1.071563561315232,0.744821812037014,6,2,2,1.25,46.7
Zm00001eb390560,1,1,2.6247022196235013,2.6247022196235013,1,1,1,3.0,9.1
Zm00001eb390620,1,1,3.000648476281756,3.000648476281756,1,3,2,3.0,324.0
Zm00001eb390640,1,0,0.5273591901527265,0.5273591901527265,1,2,1,1.0,157.5
Zm00001eb390650,2,0,0.2990957170733067,0.2990957170733067,2,2,2,2.5,47.5
Zm00001eb390680,2,0,0.6746981173941315,0.37532720337226133,6,1,1,3.5,928.8
Zm00001eb390720,2,0,0.6514258365864557,0.5578817070052258,4,2,2,1.5,174.6
Zm00001eb390730,1,0,0.3786118250484483,0.3786118250484483,1,1,1,3.0,54.5
Zm00001eb390750,1,0,1.4779020853508884,1.4779020853508884,3,1,1,1.0,13.6
Zm00001eb391080,1,0,1.4277043029320575,1.4277043029320575,1,1,1,4.0,246.0
Zm00001eb391130,1,0,0.9464272154920792,0.9464272154920792,2,3,1,3.0,695.4
Zm00001eb391230,4,0,0.2785903387081595,0.08922202237935148,5,1,1,3.0,795.5
Zm00001eb391240,2,2,2.815299113038294,2.815299113038294,3,3,2,2.0,193.3
Zm00001eb391500,1,1,2.465390847641111,2.465390847641111,1,2,1,1.0,282.4
Zm00001eb391530,1,0,0.9932824103795624,0.9932824103795624,5,3,1,1.0,43.1
Zm00001eb391550,1,0,0.953674364067476,0.953674364067476,6,1,1,3.0,7.7
Zm00001eb391730,5,0,0.4474207080361915,0.38306005453193376,8,2,1,3.8,9.7
Zm00001eb391750,1,0,0.6056514083512093,0.6056514083512093,2,1,1,3.0,84.5
Zm00001eb391900,1,0,0.2177926831929458,0.2177926831929458,1,2,1,2.0,104.8
Zm00001eb392000,1,0,0.7154560664669831,0.7154560664669831,5,1,1,5.0,34.4
Zm00001eb392010,1,0,0.6710670262666234,0.6710670262666234,1,3,1,1.0,4.5
Zm00001eb392090,1,0,1.154651226972249,1.154651226972249,1,1,1,4.0,26.7
Zm00001eb392260,1,0,0.1240317865160565,0.1240317865160565,1,3,1,1.0,33.0
Zm00001eb392390,1,0,0.0437329867438653,0.0437329867438653,4,3,1,0.0,166.4
Zm00001eb392440,1,0,0.5839277826703294,0.5839277826703294,1,2,1,4.0,831.0
Zm00001eb392530,1,0,0.1047227214533159,0.1047227214533159,1,2,1,5.0,250.8
Zm00001eb392570,1,0,0.968706919159662,0.968706919159662,1,1,1,1.0,267.9
Zm00001eb392580,2,1,1.269886683524992,1.2401797244469877,4,1,1,0.0,803.6
Zm00001eb392700,1,0,0.396055746894954,0.396055746894954,1,1,1,4.0,118.1
Zm00001eb392710,2,0,1.772747630814082,1.134431994116922,3,3,2,3.5,176.8
Zm00001eb392740,4,1,3.72080896068054,1.6787957336142052,7,2,2,4.0,55.4
Zm00001eb392750,1,0,1.7236213468786103,1.7236213468786103,6,2,2,0.0,175.7
Zm00001eb392800,1,0,0.1174892520761535,0.1174892520761535,1,1,1,3.0,7.7
Zm00001eb392970,1,0,0.5058511489394345,0.5058511489394345,1,1,1,6.0,216.4
Zm00001eb393000,2,0,1.3803833224660758,1.3803833224660758,3,1,1,0.5,26.6
Zm00001eb393060,2,2,2.4351354673862193,2.3739211170377175,5,2,2,3.0,109.3
Zm00001eb393070,3,0,1.0912073148701813,0.9151030619987961,4,2,2,1.6666666666666667,259.9
Zm00001eb393160,1,0,0.3761939857806613,0.3761939857806613,1,2,1,2.0,134.3
Zm00001eb393200,1,0,0.4015054527821953,0.4015054527821953,1,1,1,6.0,863.2
Zm00001eb393280,1,0,2.399141915004268,2.399141915004268,1,1,1,5.0,89.1
Zm00001eb393300,1,0,0.746909096873031,0.746909096873031,1,1,1,4.0,250.6
Zm00001eb393430,2,0,0.9750627610413816,0.678647293615458,2,1,1,2.0,5.9
Zm00001eb393560,5,0,0.8455999765915878,0.3436343721624513,14,3,3,2.4,3011.1
Zm00001eb393570,1,0,0.1363649941779856,0.1363649941779856,1,3,1,3.0,1.5
Zm00001eb393660,1,1,4.155709293425091,4.155709293425091,1,5,1,3.0,194.9
Zm00001eb393710,1,0,0.1186537262783386,0.1186537262783386,1,3,1,5.0,55.6
Zm00001eb393720,1,0,0.655555522195901,0.655555522195901,1,3,1,2.0,207.5
Zm00001eb393810,1,0,0.0074784718674179,0.0074784718674179,1,2,1,3.0,62.5
Zm00001eb393840,2,1,3.1453592258433205,2.9148313399006867,3,2,1,2.0,531.7
Zm00001eb393900,2,0,1.0765510911784224,1.0765510911784224,4,1,1,3.5,124.6
Zm00001eb394030,1,0,0.9000029692508521,0.9000029692508521,4,3,1,4.0,67.5
Zm00001eb394050,1,0,0.0170937421944389,0.0170937421944389,5,2,2,6.0,592.5
Zm00001eb394060,1,0,1.5167764876734884,1.5167764876734884,3,1,1,2.0,320.7
Zm00001eb394120,5,0,1.3933326586486603,0.8670788285702438,6,3,2,3.0,82.4
Zm00001eb394170,1,0,0.4220356540112324,0.4220356540112324,2,1,1,2.0,45.3
Zm00001eb394210,2,0,0.9980801465692672,0.9099082969594299,4,1,1,4.0,320.5
Zm00001eb394240,3,0,0.5289505121877279,0.33721898085698343,3,4,1,3.6666666666666665,7.0
Zm00001eb394260,1,0,0.5495887431521441,0.5495887431521441,6,1,1,2.0,280.4
Zm00001eb394290,3,0,1.1182803569361297,0.9866560170855968,3,2,1,2.3333333333333335,37.7
Zm00001eb394300,2,0,1.7702564337528888,1.4901690621197288,2,1,1,3.5,27.5
Zm00001eb394340,1,0,0.7337869874890345,0.7337869874890345,3,1,1,0.0,3.0
Zm00001eb394390,1,0,1.189086332834638,1.189086332834638,1,1,1,2.0,209.3
Zm00001eb394400,3,0,1.7250958123181133,0.909308553822627,3,3,1,4.0,1299.9
Zm00001eb394410,3,0,0.9689870724855766,0.7779348831422501,6,1,1,3.3333333333333335,460.4
Zm00001eb394430,1,0,2.7185480214617983,2.7185480214617983,1,3,1,4.0,110.0
Zm00001eb394490,2,2,2.508086834338643,2.413220276189598,3,2,2,2.0,16.5
Zm00001eb394530,1,0,0.8217097225942148,0.8217097225942148,2,4,2,3.0,1846.1
Zm00001eb394600,1,0,0.6602470847775359,0.6602470847775359,1,3,1,5.0,1684.7
Zm00001eb394610,1,0,1.0825839470230534,1.0825839470230534,1,1,1,2.0,606.3
Zm00001eb394670,1,0,1.3963547815734163,1.3963547815734163,1,3,1,2.0,347.5
Zm00001eb394690,1,0,1.7594732211970368,1.7594732211970368,2,1,1,3.0,18.2
Zm00001eb394700,2,0,0.7943032802899992,0.7081508534215688,2,3,1,1.0,2810.6
Zm00001eb394840,2,0,1.595817838241485,1.0488133556357808,3,2,2,2.0,771.8
Zm00001eb394890,5,0,1.6312521903568464,0.4006218804426852,6,2,2,2.8,271.4
Zm00001eb394940,2,0,1.3241355526104572,1.3241355526104572,2,1,1,2.5,406.7
Zm00001eb394950,1,0,0.3366763411671309,0.3366763411671309,2,2,2,3.0,195.2
Zm00001eb395000,1,0,0.6958241238924184,0.6958241238924184,1,2,1,5.0,239.5
Zm00001eb395120,1,0,0.1559232539148751,0.1559232539148751,5,1,1,5.0,1333.9
Zm00001eb395130,2,0,1.1924360008834929,1.1924360008834929,2,2,1,1.5,32.6
Zm00001eb395180,1,0,0.6483438664470276,0.6483438664470276,1,2,1,3.0,629.3
Zm00001eb395240,3,0,1.003713604710062,0.9368053820729149,4,2,2,2.3333333333333335,250.6
Zm00001eb395470,4,0,0.9207817784625484,0.5317889542680538,6,2,2,3.0,17.0
Zm00001eb395520,1,0,0.3892558478926285,0.3892558478926285,1,2,1,4.0,5.8
Zm00001eb395530,3,0,1.2571159666435752,1.11913574158574,3,2,1,3.3333333333333335,100.2
Zm00001eb395560,4,0,1.3115137022383383,1.0423738352367549,9,2,2,2.75,263.8
Zm00001eb395590,3,0,1.6822026070928686,1.1780962834364217,3,3,2,3.0,4132.9
Zm00001eb395600,3,0,0.5570865213403523,0.41439887021163146,6,2,2,2.3333333333333335,10247.8
Zm00001eb395610,3,0,1.390188669455334,1.3537739970709943,8,2,2,2.6666666666666665,327.2
Zm00001eb395660,3,0,1.9130554157611597,1.4200658043140688,4,1,1,3.0,188.9
Zm00001eb395720,1,0,0.2504508735675632,0.2504508735675632,1,2,1,1.0,143.6
Zm00001eb395750,1,0,0.0605172520202309,0.0605172520202309,1,2,1,4.0,180.2
Zm00001eb395970,2,0,2.8346282335509745,1.6915773034104808,4,2,1,3.0,2608.9
Zm00001eb396030,1,0,0.1328990881243725,0.1328990881243725,2,1,1,4.0,63.8
Zm00001eb396040,1,0,1.317580002108582,1.317580002108582,1,2,1,0.0,127.0
Zm00001eb396050,1,0,1.852257319105241,1.852257319105241,1,1,1,1.0,406.2
Zm00001eb396060,1,1,2.8374729660761338,2.8374729660761338,1,3,1,2.0,319.5
Zm00001eb396070,2,0,0.7897022157810926,0.7897022157810926,4,3,1,2.5,209.1
Zm00001eb396100,2,0,0.6267902119213535,0.3604351169022655,5,1,1,4.5,25.4
Zm00001eb396300,1,1,1.8383547611921776,1.8383547611921776,3,2,1,3.0,128.7
Zm00001eb396330,2,0,0.8445428025592819,0.8028635317401729,4,1,1,1.5,330.7
Zm00001eb396340,1,0,0.6867086971059585,0.6867086971059585,1,3,1,4.0,79.8
Zm00001eb396430,1,0,0.5130046756027493,0.5130046756027493,2,2,2,3.0,22.4
Zm00001eb396490,1,0,0.2320266323620744,0.2320266323620744,1,2,1,2.0,71.7
Zm00001eb396520,2,1,2.252981731306229,1.5382100341270186,2,1,1,2.0,234.2
Zm00001eb396610,1,0,0.9175781026785051,0.9175781026785051,4,2,1,1.0,31.1
Zm00001eb396710,1,0,1.0583384627065622,1.0583384627065622,1,3,1,1.0,16.4
Zm00001eb396900,1,0,0.1221751430202438,0.1221751430202438,1,1,1,5.0,5.6
Zm00001eb396910,1,0,0.3609109884729939,0.3609109884729939,2,2,1,7.0,11.7
Zm00001eb396960,2,0,1.129225813349674,0.9353028811511015,3,3,2,2.0,36.6
Zm00001eb397050,3,0,1.5850073084621172,1.057730245728471,3,3,2,2.6666666666666665,1541.3
Zm00001eb397150,1,0,0.3856856898310588,0.3856856898310588,1,3,1,1.0,363.7
Zm00001eb397250,1,0,0.5158748455754559,0.5158748455754559,2,2,1,5.0,98.8
Zm00001eb397270,1,0,0.5292377958012169,0.5292377958012169,1,3,1,1.0,151.1
Zm00001eb397280,3,0,1.334858923755109,1.1871694920130287,3,4,2,1.6666666666666667,3516.8
Zm00001eb397310,1,0,0.8904901402306797,0.8904901402306797,3,1,1,4.0,845.4
Zm00001eb397320,5,0,0.8113719173895847,0.3124831884782775,6,2,2,3.2,318.9
Zm00001eb397350,1,1,2.3099901398415645,2.3099901398415645,1,3,1,2.0,1157.0
Zm00001eb397390,1,0,0.181657075340831,0.181657075340831,3,3,2,2.0,279.9
Zm00001eb397400,2,0,0.9835166198648564,0.524414693886332,5,2,2,2.0,92.6
Zm00001eb397500,1,0,1.1430618276355011,1.1430618276355011,3,1,1,6.0,237.9
Zm00001eb397510,1,0,1.5733277654633122,1.5733277654633122,4,3,2,4.0,2470.7
Zm00001eb397550,1,1,2.246237253881352,2.246237253881352,2,2,1,6.0,418.2
Zm00001eb397560,1,0,0.2174575983043565,0.2174575983043565,1,1,1,2.0,903.6
Zm00001eb397570,1,0,0.3552976683435861,0.3552976683435861,1,1,1,4.0,500.8
Zm00001eb397620,1,0,1.7318039653466908,1.7318039653466908,4,1,1,1.0,99.1
Zm00001eb397670,2,0,1.779145771750012,0.951720249314638,3,2,1,4.5,93.6
Zm00001eb397710,1,0,0.2559514064472343,0.2559514064472343,7,3,3,4.0,512.7
Zm00001eb397720,1,0,0.4678222340672334,0.4678222340672334,1,1,1,4.0,410.6
Zm00001eb397730,1,0,1.2183290834016645,1.2183290834016645,1,3,1,2.0,1004.1
Zm00001eb397750,1,0,0.5569800914115365,0.5569800914115365,1,3,1,6.0,185.3
Zm00001eb397810,1,0,0.875286055493338,0.875286055493338,1,1,1,2.0,139.6
Zm00001eb397860,1,0,1.0764851241557438,1.0764851241557438,2,1,1,0.0,132.2
Zm00001eb397880,2,0,2.2923353366745793,2.01418699407339,5,3,2,1.0,375.5
Zm00001eb397910,1,1,1.69313830088345,1.69313830088345,1,1,0,3.0,69.0
Zm00001eb397930,2,0,1.0150668261243163,0.8423718511173449,3,2,2,1.0,99.2
Zm00001eb397950,1,0,0.5162579119523556,0.5162579119523556,3,3,1,5.0,101.8
Zm00001eb397960,1,0,0.1695601173231125,0.1695601173231125,1,2,2,5.0,141.4
Zm00001eb397980,1,0,1.8000819726482749,1.8000819726482749,6,1,1,4.0,3087.5
Zm00001eb397990,2,0,0.9017475568643348,0.9017475568643348,5,2,1,3.0,98.9
Zm00001eb398070,1,0,0.224641782146818,0.224641782146818,2,4,2,4.0,330.6
Zm00001eb398220,2,0,1.3041352300447764,1.2226046779773503,3,3,2,1.5,376.4
Zm00001eb398250,1,0,1.1708375619144886,1.1708375619144886,1,3,2,3.0,235.0
Zm00001eb398380,5,0,2.691716368470922,1.4909614200207715,9,2,2,3.8,109.3
Zm00001eb398410,2,0,0.1277594059326272,0.09698127113198624,2,3,1,3.0,25.6
Zm00001eb398420,1,0,0.5745123817526521,0.5745123817526521,1,1,1,0.0,296.4
Zm00001eb398510,2,0,0.2648631814342403,0.2648631814342403,2,3,2,4.0,306.7
Zm00001eb398520,2,0,0.1952604517653484,0.17602753313263175,5,3,3,1.5,10.6
Zm00001eb398530,1,0,1.6176156785428402,1.6176156785428402,2,2,1,3.0,760.5
Zm00001eb398620,2,0,0.711281422281175,0.711281422281175,3,2,2,1.0,155.8
Zm00001eb398630,1,1,3.167548745015788,3.167548745015788,1,1,1,3.0,198.0
Zm00001eb398750,1,1,2.1202665528226134,2.1202665528226134,2,2,2,3.0,894.9
Zm00001eb398800,6,0,0.7655476963392192,0.14507620866029616,9,2,1,2.0,192.8
Zm00001eb398820,1,0,1.152557510071978,1.152557510071978,1,1,1,4.0,278.0
Zm00001eb398970,2,0,0.3530643664119618,0.33615777537964936,3,1,1,2.5,1160.5
Zm00001eb399010,1,0,0.6961298211658344,0.6961298211658344,2,1,1,0.0,303.4
Zm00001eb399040,1,0,1.3972211906325198,1.3972211906325198,1,2,1,2.0,196.4
Zm00001eb399100,1,0,1.224426278546686,1.224426278546686,1,1,1,1.0,164.2
Zm00001eb399110,2,0,1.517526328114584,1.2132941480786863,6,1,1,3.0,217.5
Zm00001eb399120,1,0,0.723690368608941,0.723690368608941,2,3,1,4.0,19.2
Zm00001eb399140,2,1,1.568961361672799,1.4960387334446856,2,1,1,3.5,35.9
Zm00001eb399270,1,0,3.875885051969748,3.875885051969748,1,3,2,1.0,445.1
Zm00001eb399280,1,0,1.1028654059610632,1.1028654059610632,1,4,1,4.0,247.9
Zm00001eb399310,1,0,0.5289977301726345,0.5289977301726345,2,3,1,2.0,27.5
Zm00001eb399340,3,0,0.8690321171881377,0.7290766394790862,3,2,2,2.6666666666666665,139.7
Zm00001eb399350,2,0,0.9925936851470768,0.627849891126004,5,3,3,4.0,213.3
Zm00001eb399370,6,0,1.9215678070278135,0.822855999959906,7,4,4,2.5,309.2
Zm00001eb399480,1,0,0.3938023655829594,0.3938023655829594,2,2,1,5.0,805.6
Zm00001eb399490,1,0,0.1384853516001103,0.1384853516001103,5,1,1,5.0,106.7
Zm00001eb399590,1,0,1.4008972780852744,1.4008972780852744,3,3,1,3.0,8.7
Zm00001eb399800,4,0,0.1724346245465151,0.1724346245465151,4,2,2,4.5,142.2
Zm00001eb399890,1,0,0.6072494129441728,0.6072494129441728,1,1,1,1.0,74.6
Zm00001eb399940,1,0,1.15258660894134,1.15258660894134,7,3,3,4.0,62.5
Zm00001eb400000,2,0,0.6537692960172315,0.6449702966087667,5,3,2,2.5,136.7
Zm00001eb400040,1,0,0.9800656553803704,0.9800656553803704,3,3,1,3.0,702.7
Zm00001eb400160,1,0,0.0656892848827612,0.0656892848827612,2,2,1,1.0,106.6
Zm00001eb400170,2,0,0.4869453085837207,0.37832935544370605,3,1,1,2.5,175.6
Zm00001eb400210,1,0,0.8249938170623144,0.8249938170623144,3,2,0,2.0,140.9
Zm00001eb400220,2,0,1.4444850539048923,0.9790510934224184,2,2,1,2.0,1085.2
Zm00001eb400230,1,1,4.83763721167343,4.83763721167343,4,2,1,4.0,23.6
Zm00001eb400380,3,0,0.7885943369369439,0.6195357477592377,8,2,2,3.6666666666666665,191.0
Zm00001eb400390,1,0,0.845204181672645,0.845204181672645,7,2,1,3.0,82.3
Zm00001eb400420,1,0,0.4103315745551651,0.4103315745551651,2,2,2,3.0,125.3
Zm00001eb400470,1,0,1.4173828688606114,1.4173828688606114,2,2,2,4.0,450.3
Zm00001eb400480,1,0,1.1203856771978282,1.1203856771978282,2,3,2,0.0,142.0
Zm00001eb400490,1,0,1.557316830408292,1.557316830408292,1,4,1,2.0,516.9
Zm00001eb400520,1,0,0.8470503041412568,0.8470503041412568,7,4,2,0.0,26.4
Zm00001eb400570,1,0,0.2603124929451689,0.2603124929451689,2,3,1,5.0,109.4
Zm00001eb400580,2,0,0.2484732056652839,0.23128574829477982,2,1,1,6.0,16.7
Zm00001eb400610,1,0,0.1206250888892159,0.1206250888892159,3,3,2,2.0,1095.8
Zm00001eb400630,3,0,1.4871076151738083,0.677955449598652,4,2,2,3.0,51.5
Zm00001eb400650,1,0,0.3913826687341062,0.3913826687341062,6,2,1,2.0,177.0
Zm00001eb400760,1,0,0.4188212338888432,0.4188212338888432,2,2,1,4.0,403.5
Zm00001eb400840,1,0,0.2232350196160486,0.2232350196160486,2,1,1,0.0,82.0
Zm00001eb400990,1,1,1.822563425847576,1.822563425847576,1,3,1,2.0,954.7
Zm00001eb401030,1,1,1.7195219639960633,1.7195219639960633,1,5,2,2.0,601.9
Zm00001eb401060,2,0,1.1409865193965043,0.936285833270037,3,4,2,3.5,99.8
Zm00001eb401140,4,0,0.8446707784333648,0.5621985974396798,6,1,1,1.75,400.1
Zm00001eb401160,4,0,2.6496380830274813,1.004326837256713,5,1,1,2.75,354.3
Zm00001eb401210,1,0,0.0803473213277935,0.0803473213277935,3,3,2,6.0,484.7
Zm00001eb401220,1,0,0.5468037312475904,0.5468037312475904,3,1,1,4.0,9574.2
Zm00001eb401230,3,0,1.1553632989914884,0.7426951640653704,6,1,1,1.3333333333333333,55.1
Zm00001eb401240,3,0,0.3825661207664614,0.3398020905933135,4,4,3,2.3333333333333335,1902.7
Zm00001eb401250,2,0,1.4302249695074465,1.30085667930378,6,2,1,0.0,1037.0
Zm00001eb401330,1,0,0.8198380510704731,0.8198380510704731,3,2,2,1.0,173.9
Zm00001eb401360,1,0,0.4210326561490645,0.4210326561490645,1,1,1,5.0,120.7
Zm00001eb401380,1,0,0.957201710835836,0.957201710835836,1,3,1,2.0,31.0
Zm00001eb401400,1,0,0.890611080114804,0.890611080114804,3,2,2,3.0,26.5
Zm00001eb401430,1,0,0.9196883925999216,0.9196883925999216,8,1,1,2.0,176.1
Zm00001eb401530,1,0,0.1302245076452062,0.1302245076452062,1,3,1,3.0,322.1
Zm00001eb401540,1,0,0.3680836863825627,0.3680836863825627,1,2,1,4.0,229.0
Zm00001eb401720,2,0,0.4629191218513491,0.41834318853951186,3,2,1,4.5,752.7
Zm00001eb401810,2,1,2.298832895090343,2.0178015778329303,2,2,1,2.5,10.1
Zm00001eb401880,1,0,0.2385815082006823,0.2385815082006823,1,1,1,1.0,1.7
Zm00001eb402020,2,0,0.5165854599677221,0.31286475592797236,2,2,2,1.5,69.6
Zm00001eb402080,1,0,0.5368604892982622,0.5368604892982622,2,3,2,7.0,14.4
Zm00001eb402150,2,0,1.7331553268643298,1.7331553268643298,2,2,0,2.0,79.4
Zm00001eb402160,2,0,1.2413657097988475,1.2413657097988475,3,3,1,2.5,222.9
Zm00001eb402200,1,1,3.1749636009854254,3.1749636009854254,2,3,1,1.0,1348.0
Zm00001eb402300,2,1,1.766755663268392,1.007658521439911,5,3,2,2.0,440.1
Zm00001eb402330,1,0,0.2095227862473322,0.2095227862473322,2,3,1,5.0,20.9
Zm00001eb402430,2,0,2.040006442161068,1.3048755387389712,4,3,1,3.0,31.6
Zm00001eb402510,1,0,0.808867545804218,0.808867545804218,1,3,1,3.0,58.0
Zm00001eb402540,3,0,1.4818790618318354,0.9574678096828205,6,2,1,3.6666666666666665,990.5
Zm00001eb402550,4,0,0.7230025534528342,0.3781002370617156,6,2,2,3.25,1001.6
Zm00001eb402600,1,0,0.8871199760295684,0.8871199760295684,1,1,1,1.0,39.9
Zm00001eb402660,2,0,0.5069429175485298,0.34227169026628224,3,3,2,4.5,322.9
Zm00001eb402720,2,0,0.8029178100051717,0.7390535433428946,2,4,2,2.5,845.9
Zm00001eb402750,1,0,0.7308561357093882,0.7308561357093882,3,3,2,5.0,192.5
Zm00001eb402770,1,0,0.0676932788782466,0.0676932788782466,2,2,1,0.0,332.6
Zm00001eb402790,2,0,0.4100801900064394,0.2813979835262904,3,2,2,3.0,1914.4
Zm00001eb403120,1,0,0.3924899965625735,0.3924899965625735,1,1,1,3.0,595.4
Zm00001eb403130,2,0,1.0490600261626437,0.6472389560196299,2,1,1,1.5,3.8
Zm00001eb403160,2,0,0.5297460868157398,0.5297460868157398,3,2,2,2.0,871.9
Zm00001eb403240,1,0,2.488547515446343,2.488547515446343,3,3,2,3.0,1888.4
Zm00001eb403300,2,0,5.759171909323225,3.145115048108624,4,1,1,2.0,1129.1
Zm00001eb403360,1,0,1.090327736437082,1.090327736437082,2,1,1,1.0,13.4
Zm00001eb403410,1,0,0.7102619441183883,0.7102619441183883,4,1,1,2.0,5.3
Zm00001eb403460,1,0,0.5807886468248509,0.5807886468248509,3,3,2,7.0,26.1
Zm00001eb403510,2,0,0.9910473326685966,0.7710842101160555,3,1,1,2.0,662.4
Zm00001eb403520,3,0,0.6437662619498238,0.42412788178971034,7,2,1,2.3333333333333335,241.4
Zm00001eb403550,1,0,0.1063805099046166,0.1063805099046166,4,2,1,3.0,13.4
Zm00001eb403560,3,0,3.3285574924113632,1.124247752569182,6,1,1,4.0,167.5
Zm00001eb403620,1,1,1.8200555415474249,1.8200555415474249,2,1,1,2.0,2561.7
Zm00001eb403680,1,0,0.0169485958583199,0.0169485958583199,3,1,1,3.0,201.8
Zm00001eb403700,1,0,0.0962007705488572,0.0962007705488572,4,3,2,5.0,759.6
Zm00001eb403730,3,0,0.5367737475930564,0.2610497466504402,9,2,2,3.0,292.8
Zm00001eb403740,1,0,1.13528015595443,1.13528015595443,1,1,0,2.0,237.4
Zm00001eb403830,2,0,0.1541073325618031,0.09883639900954594,2,2,1,3.5,127.5
Zm00001eb403860,1,0,0.3906302438589141,0.3906302438589141,1,3,1,5.0,35.4
Zm00001eb403920,1,0,0.0949401971871271,0.0949401971871271,3,2,2,2.0,473.4
Zm00001eb403940,4,0,0.5455814909411177,0.36284477074520854,6,2,2,3.75,125.0
Zm00001eb403950,2,0,1.0951454132958602,0.8443510995996675,3,1,1,4.0,405.3
Zm00001eb404040,1,1,2.5965898104389025,2.5965898104389025,4,2,1,2.0,30.3
Zm00001eb404060,1,0,0.5465861885672759,0.5465861885672759,1,2,2,3.0,350.0
Zm00001eb404070,2,0,0.5557618226901659,0.4220851229778797,3,2,1,1.5,1234.0
Zm00001eb404090,1,0,0.648948978861089,0.648948978861089,2,3,1,1.0,57.5
Zm00001eb404180,1,0,0.1000781764407473,0.1000781764407473,1,1,1,1.0,80.0
Zm00001eb404270,1,0,0.8598314063391507,0.8598314063391507,1,2,1,3.0,549.2
Zm00001eb404290,2,0,1.135349742757375,1.1228203283372489,4,2,1,1.0,270.7
Zm00001eb404360,2,0,0.9700630972780612,0.7065347304300185,3,1,1,3.5,990.9
Zm00001eb404370,1,0,0.5153742270050421,0.5153742270050421,2,1,1,3.0,413.5
Zm00001eb404490,1,0,0.5443407850827781,0.5443407850827781,2,4,2,0.0,34.0
Zm00001eb404500,2,0,0.4733411152881689,0.34043998150414717,3,3,1,4.0,247.3
Zm00001eb404560,1,0,0.4582625510909079,0.4582625510909079,1,1,1,1.0,505.2
Zm00001eb404640,1,0,1.312162699700611,1.312162699700611,4,3,3,5.0,128.5
Zm00001eb404690,1,0,0.0412935589430091,0.0412935589430091,1,1,0,1.0,803.0
Zm00001eb404850,2,2,3.176836647795949,3.0397668389929295,6,2,1,2.0,654.6
Zm00001eb404880,1,0,0.902643939524123,0.902643939524123,1,3,1,4.0,54.1
Zm00001eb404990,1,0,0.6444103179819365,0.6444103179819365,2,3,1,3.0,966.7
Zm00001eb405020,1,0,1.1060012900410618,1.1060012900410618,1,3,1,2.0,299.9
Zm00001eb405040,1,0,0.2360800590277064,0.2360800590277064,3,1,1,3.0,294.2
Zm00001eb405120,1,0,1.6901689532493698,1.6901689532493698,2,4,2,5.0,37.4
Zm00001eb405150,1,0,0.5705522331558475,0.5705522331558475,1,1,1,2.0,72.4
Zm00001eb405190,1,0,0.1370091093682222,0.1370091093682222,5,3,2,2.0,726.3
Zm00001eb405200,1,0,0.05557613560745,0.05557613560745,5,2,1,4.0,44.9
Zm00001eb405210,1,0,0.5208814441385146,0.5208814441385146,5,2,2,1.0,81.3
Zm00001eb405290,1,0,1.349150037322019,1.349150037322019,1,1,1,3.0,147.4
Zm00001eb405330,1,0,0.8413472316747087,0.8413472316747087,2,4,1,2.0,6.0
Zm00001eb405340,1,0,0.3562443728537056,0.3562443728537056,1,1,1,2.0,27.9
Zm00001eb405410,2,0,1.2952362901906995,1.2093527426354491,3,1,1,0.5,541.5
Zm00001eb405450,3,1,5.308221308528998,2.406664810725611,8,3,2,1.6666666666666667,99.2
Zm00001eb405570,1,0,0.8476478422570639,0.8476478422570639,1,3,1,3.0,1041.1
Zm00001eb405590,1,0,1.200529995397951,1.200529995397951,1,1,1,5.0,1230.7
Zm00001eb405630,5,1,2.315696426618642,2.0215256313910475,5,2,2,2.8,364.7
Zm00001eb405640,1,0,1.0965878018393032,1.0965878018393032,1,2,1,3.0,145.5
Zm00001eb405650,2,0,0.3838485801896074,0.2464828395206121,3,3,1,2.0,50.2
Zm00001eb405770,1,0,0.5576974207099548,0.5576974207099548,1,2,2,5.0,870.9
Zm00001eb405850,2,0,0.701167017543715,0.604843037337399,3,3,3,4.5,29.8
Zm00001eb406020,1,0,1.978004471874086,1.978004471874086,2,2,1,4.0,359.4
Zm00001eb406030,2,0,0.5491863724625305,0.5491863724625305,3,1,1,3.0,481.2
Zm00001eb406300,1,0,2.0770576978322057,2.0770576978322057,2,2,2,2.0,211.7
Zm00001eb406350,1,0,0.0782155367857407,0.0782155367857407,1,3,1,3.0,88.7
Zm00001eb406370,4,0,1.104680344377953,0.8184089522297201,4,2,1,3.0,156.9
Zm00001eb406400,1,0,0.7704406152857679,0.7704406152857679,2,1,1,1.0,741.7
Zm00001eb406420,1,0,0.4528183707444466,0.4528183707444466,9,2,2,3.0,67.1
Zm00001eb406450,2,0,1.2332656688509436,0.7433386821912914,6,3,2,1.0,2234.8
Zm00001eb406520,1,0,0.080250376796961,0.080250376796961,2,2,1,4.0,200.3
Zm00001eb406570,4,0,1.1373994522133108,0.6913253067030108,6,1,1,1.5,2564.1
Zm00001eb406760,1,0,1.174453773763338,1.174453773763338,4,3,2,1.0,826.2
Zm00001eb406780,1,0,0.787823280287623,0.787823280287623,1,2,1,3.0,186.1
Zm00001eb406810,1,0,0.6448530075823097,0.6448530075823097,5,2,2,4.0,3293.1
Zm00001eb406820,1,0,0.2538098166935231,0.2538098166935231,2,2,1,3.0,622.6
Zm00001eb406840,1,0,0.0266429858726016,0.0266429858726016,4,2,2,4.0,1310.4
Zm00001eb406860,6,0,1.1822324146512877,0.673140172585062,6,2,2,1.6666666666666667,476.5
Zm00001eb406880,2,0,0.7937244242110246,0.5332138639655393,2,2,2,4.0,3589.4
Zm00001eb406900,3,0,0.930581692751431,0.583926508365708,4,2,2,2.3333333333333335,17.9
Zm00001eb407020,1,0,0.2460288091265162,0.2460288091265162,3,2,1,1.0,453.3
Zm00001eb407100,1,0,1.015962592701078,1.015962592701078,1,2,1,3.0,18.7
Zm00001eb407120,1,0,1.2607426364144785,1.2607426364144785,2,3,2,3.0,132.1
Zm00001eb407150,3,0,0.7669805324591862,0.6168858417105534,5,3,3,2.3333333333333335,1184.8
Zm00001eb407250,1,0,0.1181807303223915,0.1181807303223915,5,3,1,1.0,14.0
Zm00001eb407530,1,0,0.4086494169673325,0.4086494169673325,1,2,1,1.0,148.2
Zm00001eb407550,1,1,2.233745774212639,2.233745774212639,3,2,1,3.0,391.1
Zm00001eb407610,1,0,0.5209081817199048,0.5209081817199048,2,1,1,2.0,590.5
Zm00001eb407650,2,0,1.274279117417194,1.274279117417194,4,1,1,2.5,673.5
Zm00001eb407660,1,0,0.7242929690456529,0.7242929690456529,14,3,3,1.0,289.6
Zm00001eb407670,1,0,0.588550319442579,0.588550319442579,3,2,1,5.0,30.0
Zm00001eb407680,2,1,2.3016985233742973,1.4383799985997072,4,2,2,1.5,932.0
Zm00001eb407710,3,0,0.8721872348961389,0.48313533136562753,8,3,2,1.3333333333333333,70831.2
Zm00001eb407790,1,0,0.0791398718541462,0.0791398718541462,2,2,2,2.0,1047.2
Zm00001eb407800,1,0,1.169616661678005,1.169616661678005,2,3,2,2.0,912.6
Zm00001eb407810,1,0,0.6855789100384362,0.6855789100384362,3,3,2,2.0,66.1
Zm00001eb407890,1,0,0.2629006928167962,0.2629006928167962,4,2,1,6.0,99.7
Zm00001eb407990,1,0,0.2442682765289173,0.2442682765289173,3,1,1,1.0,156.1
Zm00001eb408000,1,0,3.728017991342603,3.728017991342603,1,1,1,1.0,140.5
Zm00001eb408010,2,0,1.2321623964934736,0.7510708956156891,3,1,1,1.5,52918.0
Zm00001eb408050,1,0,1.5813615351473684,1.5813615351473684,2,4,1,3.0,4.6
Zm00001eb408070,2,0,0.0701933877711332,0.0701933877711332,2,3,1,3.5,311.9
Zm00001eb408080,1,0,0.8545533482080883,0.8545533482080883,1,1,1,4.0,113.5
Zm00001eb408260,1,0,0.945166923984043,0.945166923984043,2,3,2,5.0,54.4
Zm00001eb408350,3,0,0.1610663745482034,0.1610663745482034,3,1,1,3.0,300.6
Zm00001eb408630,1,0,1.0060094554109618,1.0060094554109618,4,1,1,4.0,637.9
Zm00001eb408710,1,0,0.644510678928543,0.644510678928543,3,1,1,4.0,239.3
Zm00001eb408750,1,0,0.9712019491051346,0.9712019491051346,1,1,1,3.0,196.1
Zm00001eb408790,2,2,2.9183482954104005,2.9183482954104005,3,1,1,1.5,845.1
Zm00001eb408880,1,0,0.5146158653890416,0.5146158653890416,2,1,1,2.0,78.3
Zm00001eb408900,1,0,0.2829397596017668,0.2829397596017668,1,2,1,2.0,1695.8
Zm00001eb409020,1,0,1.0157242865552494,1.0157242865552494,6,2,1,3.0,10.3
Zm00001eb409030,1,0,0.2176776128521343,0.2176776128521343,3,1,1,1.0,14.9
Zm00001eb409040,1,0,1.5071398371274964,1.5071398371274964,1,2,1,3.0,2720.9
Zm00001eb409100,3,0,2.323194996479733,1.3337131548710275,10,2,2,2.3333333333333335,801.9
Zm00001eb409430,1,0,1.1932872107171195,1.1932872107171195,1,2,1,3.0,143.0
Zm00001eb409440,1,0,0.1442430067333768,0.1442430067333768,1,1,0,1.0,1220.5
Zm00001eb409570,2,0,0.1520721678466994,0.1520721678466994,2,2,1,2.5,157.9
Zm00001eb409630,3,0,1.314778933190625,0.8788179246296656,3,4,2,1.3333333333333333,159.4
Zm00001eb409750,2,0,0.07759872278902,0.04485063195105575,4,2,1,2.5,90.1
Zm00001eb409800,1,0,0.5885514401582322,0.5885514401582322,1,2,1,3.0,92.7
Zm00001eb409950,1,0,1.2801222288915486,1.2801222288915486,1,1,1,4.0,436.0
Zm00001eb409970,1,0,0.9908614451807972,0.9908614451807972,1,2,1,4.0,66.6
Zm00001eb410120,2,0,1.8708586325180872,1.1449303876124188,3,1,1,5.5,447.3
Zm00001eb410220,1,0,1.705220445329594,1.705220445329594,2,1,1,0.0,640.3
Zm00001eb410230,3,0,0.5889017550944344,0.3400661915199952,7,2,1,4.333333333333333,18.6
Zm00001eb410510,1,0,1.6151627581950012,1.6151627581950012,1,1,1,4.0,688.0
Zm00001eb410550,1,0,1.1392307902511474,1.1392307902511474,1,2,1,3.0,101.9
Zm00001eb410630,3,0,1.703710146331777,0.7700956934893101,5,1,1,3.0,178.7
Zm00001eb410680,1,0,0.8373283275038326,0.8373283275038326,1,1,1,1.0,219.8
Zm00001eb410710,1,1,2.3621832686012603,2.3621832686012603,1,1,1,3.0,40.6
Zm00001eb410730,2,0,0.5244060689162218,0.3692101608255075,3,2,1,2.5,19.6
Zm00001eb410860,1,0,1.292545096707241,1.292545096707241,4,1,1,2.0,205.9
Zm00001eb410890,2,0,0.7246995039755959,0.40607580412137395,2,2,2,2.5,68.2
Zm00001eb411070,1,0,0.7156283221534503,0.7156283221534503,1,2,1,4.0,19.6
Zm00001eb411100,1,0,0.1061222577507866,0.1061222577507866,1,3,1,4.0,183.7
Zm00001eb411190,1,0,1.4603647052297437,1.4603647052297437,1,2,1,3.0,124.5
Zm00001eb411420,1,0,0.003079214685479,0.003079214685479,1,2,1,2.0,114.5
Zm00001eb411460,2,0,0.5429021614342385,0.5429021614342385,2,1,1,3.0,695.3
Zm00001eb411490,1,0,2.8736760716879513,2.8736760716879513,1,1,1,1.0,2817.4
Zm00001eb411670,1,0,3.8700878121666342,3.8700878121666342,1,2,1,4.0,32.7
Zm00001eb411700,1,0,0.741439012551385,0.741439012551385,1,2,1,2.0,102.3
Zm00001eb411730,1,0,0.1308933922467691,0.1308933922467691,1,2,1,0.0,25.6
Zm00001eb412280,1,0,2.314949109712225,2.314949109712225,1,1,1,1.0,77.9
Zm00001eb413390,3,0,0.4793036046463877,0.2331169806693615,5,2,2,1.0,153.7
Zm00001eb413400,3,0,1.5809805792809697,1.1868757029117034,4,1,1,2.0,33.4
Zm00001eb413420,1,0,0.3791051145655622,0.3791051145655622,1,1,1,0.0,93.6
Zm00001eb413470,2,0,0.274746824548487,0.274746824548487,6,1,1,2.5,35.3
Zm00001eb413630,1,0,1.8068160546213508,1.8068160546213508,1,1,1,1.0,4790.7
Zm00001eb413700,2,0,1.6229889491605192,1.6229889491605192,2,2,1,2.5,1088.0
Zm00001eb413710,1,0,0.2564571160097835,0.2564571160097835,1,1,1,2.0,103.8
Zm00001eb413860,1,0,1.012872455926959,1.012872455926959,1,1,1,2.0,370.9
Zm00001eb413950,1,0,0.983404024653859,0.983404024653859,1,2,1,2.0,180.6
Zm00001eb414020,2,0,1.203755070242293,1.203755070242293,3,1,1,3.0,488.3
Zm00001eb414030,1,0,1.9081265073999365,1.9081265073999365,1,2,1,3.0,905.1
Zm00001eb414060,2,0,0.2378966871948504,0.2378966871948504,2,2,1,3.0,15.4
Zm00001eb414530,1,0,0.4164594021284934,0.4164594021284934,2,1,1,3.0,167.1
Zm00001eb414640,2,0,0.0907284493488533,0.0907284493488533,2,3,2,2.0,339.3
Zm00001eb414700,1,0,0.5377380017121888,0.5377380017121888,4,1,1,1.0,503.8
Zm00001eb414720,1,0,0.6932407683703341,0.6932407683703341,2,3,1,2.0,226.5
Zm00001eb414740,1,0,2.7608705909755606,2.7608705909755606,2,2,1,2.0,81.6
Zm00001eb414750,1,0,0.4205754196413239,0.4205754196413239,1,2,1,3.0,35.7
Zm00001eb414790,2,0,0.8021813237126033,0.7731496493958645,2,3,1,0.5,234.1
Zm00001eb414950,1,0,0.5708474151886656,0.5708474151886656,5,2,2,4.0,295.4
Zm00001eb414960,1,0,1.2246741179318104,1.2246741179318104,1,3,1,4.0,164.8
Zm00001eb414990,1,0,1.396935455159809,1.396935455159809,1,2,1,3.0,71.5
Zm00001eb415010,1,1,2.485296990858414,2.485296990858414,2,1,1,4.0,233.6
Zm00001eb415410,2,2,2.2225651821550345,2.2225651821550345,2,4,2,2.5,1854.3
Zm00001eb415460,1,0,0.4405671446904833,0.4405671446904833,2,3,2,3.0,4583.4
Zm00001eb415470,1,0,2.3808471166283973,2.3808471166283973,2,2,1,2.0,2925.8
Zm00001eb415510,1,0,0.3121029832725157,0.3121029832725157,1,2,1,2.0,71.1
Zm00001eb415520,1,0,0.2157001858188653,0.2157001858188653,6,1,1,6.0,574.4
Zm00001eb415530,2,0,0.3284471820056059,0.29472891872978413,2,1,1,1.5,1345.1
Zm00001eb415630,2,0,1.3041826300904364,1.2437079922917262,3,3,2,2.5,1294.0
Zm00001eb415690,2,0,1.4985993078325268,1.3777938453653555,6,2,1,2.0,102.3
Zm00001eb415930,1,0,0.4187832235791082,0.4187832235791082,4,3,3,2.0,233.4
Zm00001eb415960,1,0,0.0592496480366529,0.0592496480366529,4,1,1,3.0,718.9
Zm00001eb416090,2,0,0.6123165243106369,0.308388578096982,2,1,1,2.0,1966.2
Zm00001eb416110,1,0,0.1577145565272824,0.1577145565272824,1,3,1,1.0,157.8
Zm00001eb416180,1,0,0.337834663567411,0.337834663567411,2,3,1,4.0,87.6
Zm00001eb416220,1,0,1.5022753044546304,1.5022753044546304,1,2,1,3.0,191.6
Zm00001eb416330,4,0,1.110165616399292,0.8525458401106133,7,3,3,1.0,167.4
Zm00001eb416360,2,0,2.0478776920031243,2.0250847862326515,2,1,1,4.0,140.4
Zm00001eb416410,2,0,0.5581727216239478,0.5100033489611501,3,1,1,2.5,98.2
Zm00001eb416450,1,0,0.3408606121249025,0.3408606121249025,2,1,1,6.0,1866.5
Zm00001eb416490,2,0,6.657726611156062,4.106996727721802,3,1,1,3.0,566.9
Zm00001eb416550,1,0,0.7411839645650721,0.7411839645650721,2,2,1,2.0,80.4
Zm00001eb416750,1,0,0.6827310372537677,0.6827310372537677,3,2,2,1.0,845.9
Zm00001eb416760,1,0,0.5792361739574187,0.5792361739574187,1,2,1,6.0,975.7
Zm00001eb416770,5,0,0.9131674615888602,0.3456939751164958,11,2,2,3.0,17648.7
Zm00001eb416780,3,2,3.0832316848484203,2.3698190771836245,6,1,1,1.3333333333333333,152.1
Zm00001eb416790,1,0,0.4495300054267504,0.4495300054267504,1,1,0,2.0,26.5
Zm00001eb416800,1,0,0.8806055249606769,0.8806055249606769,3,3,3,2.0,632.7
Zm00001eb417000,1,0,1.3468179056303848,1.3468179056303848,2,3,1,2.0,441.4
Zm00001eb417140,1,0,0.7172665883881136,0.7172665883881136,1,1,1,5.0,749.1
Zm00001eb417150,3,0,0.719559988764401,0.555918574874635,4,1,1,2.3333333333333335,551.3
Zm00001eb417200,2,0,0.4090450748752957,0.3253213663945443,2,2,2,3.5,332.1
Zm00001eb417220,2,0,1.1403186113620376,0.9481955350867867,3,2,1,2.0,1027.6
Zm00001eb417230,1,0,1.6772175432769287,1.6772175432769287,11,1,1,0.0,3.3
Zm00001eb417370,3,0,0.7875701499101223,0.6923484732175581,3,1,1,2.0,7121.9
Zm00001eb417400,1,1,2.437483988684584,2.437483988684584,1,1,1,1.0,19.4
Zm00001eb417410,1,0,1.7893817951103954,1.7893817951103954,1,1,1,6.0,75.0
Zm00001eb417440,5,0,0.4487900632503145,0.18546848772307734,6,3,3,2.2,1513.4
Zm00001eb417450,1,0,0.2453090214390322,0.2453090214390322,2,2,1,2.0,710.6
Zm00001eb417470,1,0,2.014187536127424,2.014187536127424,2,2,1,2.0,5469.3
Zm00001eb417480,3,0,1.8030323412407532,1.35459184411343,4,1,1,2.3333333333333335,4635.9
Zm00001eb417490,1,0,1.1017509413919446,1.1017509413919446,1,3,1,3.0,72.4
Zm00001eb417620,1,0,1.1563326838114152,1.1563326838114152,2,3,1,1.0,13.9
Zm00001eb417630,2,0,0.3444028430267675,0.3223261398783571,3,1,1,2.0,151.7
Zm00001eb417650,1,0,1.3750823132512542,1.3750823132512542,1,2,1,1.0,274.8
Zm00001eb417660,6,0,2.786378166509589,0.9669826512850097,9,2,2,2.5,16.8
Zm00001eb417730,2,0,0.7465789066944372,0.6265188101361194,2,3,1,2.0,65.3
Zm00001eb417810,3,0,1.229489686697575,0.7508342012782748,6,2,1,3.0,611.6
Zm00001eb417960,1,0,1.155400683574025,1.155400683574025,1,2,1,2.0,109.3
Zm00001eb418010,2,0,1.4501024459949603,1.226170207312431,4,4,1,4.0,55.1
Zm00001eb418020,1,0,0.3137610346313875,0.3137610346313875,3,1,1,1.0,409.9
Zm00001eb418040,1,0,0.168936184213828,0.168936184213828,1,1,1,3.0,4310.8
Zm00001eb418090,1,1,2.353892134412911,2.353892134412911,1,1,1,3.0,351.1
Zm00001eb418150,2,0,0.8142628613606766,0.5530035873886279,3,2,1,1.0,334.5
Zm00001eb418240,1,0,0.6854595769424195,0.6854595769424195,2,3,1,2.0,49.0
Zm00001eb418650,1,0,0.068168494969213,0.068168494969213,1,2,1,3.0,103.9
Zm00001eb418750,5,0,1.1086822152491882,0.6749044086324354,6,2,1,3.8,310.4
Zm00001eb418760,1,0,1.6173099930748054,1.6173099930748054,1,3,1,2.0,216.5
Zm00001eb418910,2,0,0.6797660802742375,0.5012998548869393,3,3,1,1.0,225.4
Zm00001eb418920,3,0,0.3861048743463521,0.38610487434635204,4,2,1,3.3333333333333335,44.9
Zm00001eb419110,1,0,0.267205557674928,0.267205557674928,2,2,2,4.0,1818.4
Zm00001eb419130,2,0,3.103424454158463,3.103424454158463,2,5,2,4.0,151.9
Zm00001eb419480,1,0,2.030469265209371,2.030469265209371,1,2,1,7.0,389.5
Zm00001eb419490,1,0,0.9814242976629648,0.9814242976629648,3,2,1,3.0,4002.0
Zm00001eb419500,1,0,0.711267167752442,0.711267167752442,2,1,1,0.0,24.0
Zm00001eb419670,1,0,0.4644858615229725,0.4644858615229725,1,1,1,3.0,182.9
Zm00001eb419700,2,0,0.876213721877449,0.794099889734839,2,2,1,3.0,127.6
Zm00001eb420600,1,0,0.057170539532182,0.057170539532182,2,3,1,2.0,281.0
Zm00001eb420640,1,0,0.9703001079518728,0.9703001079518728,1,1,1,1.0,219.1
Zm00001eb420940,1,0,0.6665832477939837,0.6665832477939837,1,3,1,7.0,10.7
Zm00001eb420990,6,0,1.420841677304138,0.7729612818092629,6,2,1,1.6666666666666667,79.9
Zm00001eb421010,1,0,0.1443951125144487,0.1443951125144487,1,1,1,3.0,238.8
Zm00001eb421020,1,0,1.292056254919331,1.292056254919331,1,1,1,2.0,64.3
Zm00001eb421180,1,0,0.4616049969100961,0.4616049969100961,2,2,1,0.0,246.7
Zm00001eb421400,1,0,0.0995236424835366,0.0995236424835366,1,2,1,5.0,192.0
Zm00001eb421550,2,0,5.224227702621372,5.224227702621372,3,1,1,2.5,64.3
Zm00001eb421610,2,0,1.0216491077662515,0.5978695238012948,2,2,1,1.5,51.0
Zm00001eb421630,1,0,0.5951335020439062,0.5951335020439062,1,1,1,2.0,248.1
Zm00001eb421720,4,0,1.2612546004207257,0.5932918638795155,4,3,1,1.5,235.2
Zm00001eb421860,1,0,0.6793773002182791,0.6793773002182791,3,1,1,4.0,968.9
Zm00001eb421870,1,0,0.1204013738868935,0.1204013738868935,2,2,1,6.0,96.5
Zm00001eb421930,1,0,1.6675896833655095,1.6675896833655095,2,3,1,5.0,23.6
Zm00001eb422400,2,1,3.884235617712745,3.874486415662133,7,3,2,3.5,3612.3
Zm00001eb422440,1,0,0.6698362507570862,0.6698362507570862,2,1,1,7.0,23.1
Zm00001eb422500,1,0,0.8461424917525336,0.8461424917525336,3,3,2,2.0,7.8
Zm00001eb422560,3,1,2.777517257311887,1.4259045251049782,3,5,1,3.0,421.0
Zm00001eb422670,1,0,1.1166757110642551,1.1166757110642551,2,2,0,3.0,263.6
Zm00001eb422700,2,0,0.0168172343262174,0.0168172343262174,3,2,2,3.5,116.8
Zm00001eb422790,1,0,1.212796139983613,1.212796139983613,3,1,1,2.0,209.7
Zm00001eb422820,1,0,1.995274515110348,1.995274515110348,1,3,1,2.0,264.1
Zm00001eb422850,1,0,0.7606321453159395,0.7606321453159395,1,3,1,3.0,3.6
Zm00001eb422940,3,0,0.4206347550274106,0.312362789527877,4,2,0,2.0,157.0
Zm00001eb423070,2,0,1.0505809124960706,1.016524754507314,3,1,1,4.0,640.1
Zm00001eb423310,1,0,2.6205277729350716,2.6205277729350716,1,1,1,1.0,11554.0
Zm00001eb423370,1,0,0.9879396648180878,0.9879396648180878,2,3,1,2.0,98.5
Zm00001eb423380,1,0,1.1238811706680156,1.1238811706680156,2,2,1,0.0,1.0
Zm00001eb423410,1,0,0.2391342401556297,0.2391342401556297,2,3,1,2.0,49.7
Zm00001eb423430,1,0,0.3868091056828748,0.3868091056828748,2,1,1,4.0,33.1
Zm00001eb423540,3,0,1.7512888779590594,1.3352808334103756,3,3,2,2.6666666666666665,1315.5
Zm00001eb423570,2,0,0.2934417615298325,0.21112474435475134,3,4,2,2.5,3018.7
Zm00001eb423600,1,0,0.6650858459683874,0.6650858459683874,2,3,1,1.0,293.8
Zm00001eb423780,1,0,1.1204541144382958,1.1204541144382958,1,2,1,1.0,12.5
Zm00001eb423880,1,0,1.8103459544391256,1.8103459544391256,2,1,1,1.0,61.4
Zm00001eb423960,2,0,0.4130657065684938,0.4130657065684938,2,2,2,3.5,14.1
Zm00001eb424380,1,0,1.3338944688648513,1.3338944688648513,4,1,1,1.0,121.7
Zm00001eb424460,2,0,0.8638763609263796,0.45843815764260937,6,1,1,1.5,451.5
Zm00001eb424480,3,1,2.500294009664982,2.049968115137251,3,2,2,2.6666666666666665,1355.1
Zm00001eb424590,4,0,1.771961354185361,1.3707552322931884,7,2,2,3.0,60.6
Zm00001eb424620,1,0,1.1409837699426972,1.1409837699426972,1,1,1,5.0,111.7
Zm00001eb424670,2,0,0.4778310728787687,0.39992307061039356,2,2,1,1.5,948.0
Zm00001eb424700,2,0,0.1115091242559229,0.10435766860090515,5,2,1,2.0,63.0
Zm00001eb424940,1,0,0.5836019124713039,0.5836019124713039,1,2,1,2.0,376.8
Zm00001eb425130,1,0,0.4172158272858608,0.4172158272858608,1,2,2,2.0,961.7
Zm00001eb425150,1,0,0.0606747820204311,0.0606747820204311,1,3,1,2.0,117.0
Zm00001eb425180,1,1,3.1339485522332793,3.1339485522332793,2,2,1,1.0,73.7
Zm00001eb425240,1,0,1.0211570752781738,1.0211570752781738,3,2,0,2.0,20.0
Zm00001eb425270,1,0,0.1610355814634544,0.1610355814634544,3,1,1,3.0,46.5
Zm00001eb425300,1,0,0.8216725869955979,0.8216725869955979,5,1,1,4.0,420.8
Zm00001eb425400,2,1,2.223041244756446,1.8041058550305504,4,1,1,2.5,300.2
Zm00001eb425450,1,0,0.2360865347933815,0.2360865347933815,1,2,1,4.0,543.6
Zm00001eb425460,4,0,1.9045243950617736,1.7323945972066224,4,2,1,2.0,67.2
Zm00001eb425520,1,0,1.4994429578335045,1.4994429578335045,5,2,2,4.0,84.0
Zm00001eb425530,1,0,0.3221789966754129,0.3221789966754129,6,2,2,3.0,258.3
Zm00001eb425560,1,0,0.6372723242709394,0.6372723242709394,1,2,1,1.0,544.0
Zm00001eb425570,1,0,1.314439305245522,1.314439305245522,1,2,1,4.0,311.5
Zm00001eb425580,1,1,1.359398667383342,1.359398667383342,1,1,1,2.0,192.1
Zm00001eb425590,1,0,0.4623089962937832,0.4623089962937832,4,3,3,2.0,75.9
Zm00001eb425660,6,1,2.1890268340701353,0.975000954006969,6,2,2,1.8333333333333333,952.9
Zm00001eb425700,1,0,0.171619409367872,0.171619409367872,1,2,1,3.0,40.0
Zm00001eb425750,1,0,1.5025062158911815,1.5025062158911815,1,1,1,2.0,306.5
Zm00001eb425800,1,0,1.1012975186754193,1.1012975186754193,1,1,1,2.0,29.1
Zm00001eb425850,1,0,0.8464558220125218,0.8464558220125218,6,1,1,1.0,335.0
Zm00001eb425960,2,1,3.065621380929067,2.827262663654664,2,3,2,2.0,72.3
Zm00001eb426070,2,0,0.6323229692888132,0.5073622733110428,3,1,1,4.5,735.1
Zm00001eb426220,2,0,0.9617871426204472,0.9617871426204472,2,4,2,3.0,151.3
Zm00001eb426230,1,0,0.8004761383430904,0.8004761383430904,1,2,1,3.0,22.2
Zm00001eb426270,1,0,1.946830490448153,1.946830490448153,1,2,1,2.0,82.2
Zm00001eb426300,1,0,0.0966165645466445,0.0966165645466445,1,3,1,1.0,3.7
Zm00001eb426330,1,0,1.4146399224516346,1.4146399224516346,1,1,1,1.0,91.1
Zm00001eb426420,1,0,1.0214863678867268,1.0214863678867268,1,1,1,2.0,278.3
Zm00001eb426460,2,0,1.4009147808575286,1.3982996117965159,4,2,2,4.0,58.7
Zm00001eb426610,1,0,1.0660504319030946,1.0660504319030946,3,1,1,2.0,365.1
Zm00001eb426620,1,0,0.2975647691849676,0.2975647691849676,6,1,1,3.0,204.7
Zm00001eb426650,2,0,1.6892153677753077,1.6892153677753077,3,2,1,1.5,3.3
Zm00001eb426690,2,2,2.246954935425829,2.096733224076137,2,3,1,2.0,218.7
Zm00001eb426720,1,0,0.1346221783109842,0.1346221783109842,1,1,1,1.0,9.0
Zm00001eb426790,4,0,1.8156666559266763,1.732588875330345,4,1,1,1.5,131.2
Zm00001eb426880,1,0,1.6680127463249677,1.6680127463249677,5,1,1,3.0,
Zm00001eb426920,1,0,0.4897670532595696,0.4897670532595696,3,2,2,2.0,986.5
Zm00001eb426990,1,0,0.019662699700986,0.019662699700986,3,3,1,3.0,475.9
Zm00001eb427060,1,0,0.8833194325921115,0.8833194325921115,1,2,1,4.0,4173.0
Zm00001eb427070,1,0,1.502417590308833,1.502417590308833,1,2,1,1.0,139.8
Zm00001eb427100,1,0,1.3422794646799137,1.3422794646799137,1,3,1,1.0,45.5
Zm00001eb427140,1,0,3.4022131770474333,3.4022131770474333,3,1,1,2.0,337.9
Zm00001eb427180,2,0,0.4136734782492211,0.24703570574890066,2,1,1,2.0,412.7
Zm00001eb427210,2,0,1.1724828169644914,0.8285036195201679,3,3,3,2.5,405.2
Zm00001eb427220,1,0,0.365878018628009,0.365878018628009,1,1,1,1.0,4.6
Zm00001eb427250,1,0,0.2290365832438554,0.2290365832438554,1,2,1,3.0,508.8
Zm00001eb427260,4,0,0.8904691966051409,0.6133504410052575,9,4,2,1.25,70.5
Zm00001eb427400,1,0,0.0541994754543072,0.0541994754543072,1,2,1,2.0,223.4
Zm00001eb427410,1,0,0.1805144512719663,0.1805144512719663,4,2,1,2.0,190.8
Zm00001eb427450,1,0,2.072763044823102,2.072763044823102,3,3,1,2.0,70.4
Zm00001eb427460,2,0,0.2273386932676215,0.2273386932676215,4,3,2,2.5,119.6
Zm00001eb427500,1,0,0.9738596630552578,0.9738596630552578,5,1,1,4.0,396.5
Zm00001eb427580,3,0,1.2491761647511326,0.6887552240266545,3,1,1,2.0,675.2
Zm00001eb427590,1,0,0.7565844876532292,0.7565844876532292,5,2,2,0.0,12.5
Zm00001eb427620,1,0,0.4809349540407002,0.4809349540407002,1,1,1,0.0,38.6
Zm00001eb427640,1,1,1.8419230329690903,1.8419230329690903,3,2,2,3.0,254.2
Zm00001eb427660,2,0,1.8590859882401771,1.1231363157175864,7,2,2,2.0,43.1
Zm00001eb427670,2,0,0.3825562834013444,0.2435709617389098,2,2,1,3.5,4.3
Zm00001eb427810,2,0,2.367117116248765,2.0371714385016384,2,2,1,4.0,221.8
Zm00001eb427900,2,0,0.2567701710939135,0.23002810256938838,2,3,1,3.0,20.9
Zm00001eb427950,2,0,0.8315657943940461,0.7369619882097695,4,2,2,2.5,144.7
Zm00001eb428020,1,0,1.272460310541458,1.272460310541458,1,1,1,4.0,51.4
Zm00001eb428030,1,0,0.5020767844397256,0.5020767844397256,1,2,2,1.0,67.5
Zm00001eb428040,3,0,0.1783991691129762,0.14033104106021793,3,2,2,2.0,23.0
Zm00001eb428070,2,0,1.9532503519924815,1.1719234500957678,5,2,1,4.0,24.1
Zm00001eb428080,2,0,1.5822876607378145,1.155765806674125,6,4,3,2.5,295.2
Zm00001eb428130,1,0,0.2386224350296455,0.2386224350296455,1,1,1,2.0,93.8
Zm00001eb428170,1,0,0.0078983455723067,0.0078983455723067,3,2,1,4.0,225.0
Zm00001eb428230,1,0,0.4855159886045215,0.4855159886045215,2,3,1,3.0,34.3
Zm00001eb428290,1,0,2.3623331121653854,2.3623331121653854,2,1,1,3.0,182.4
Zm00001eb428370,2,0,1.7912907894061183,1.3321866355190444,4,2,2,2.5,162.8
Zm00001eb428410,2,0,0.9015965269852728,0.662645477197742,2,2,1,2.5,561.2
Zm00001eb428450,2,0,0.0861512079889309,0.047918883468550805,6,3,3,1.0,51.8
Zm00001eb428490,3,2,2.884284089983157,1.8466094038948107,5,1,1,3.0,62.1
Zm00001eb428540,1,0,0.4859055708045295,0.4859055708045295,5,2,1,0.0,42.3
Zm00001eb428560,2,0,1.242406603875391,0.849251983831377,3,2,1,2.5,33.5
Zm00001eb428630,2,0,1.0149015731181843,0.5674502148362427,2,3,3,2.5,85.6
Zm00001eb428660,3,0,1.233489482079963,0.8827568725492408,7,3,2,1.3333333333333333,1116.7
Zm00001eb428680,8,0,1.779138099209447,1.3962065305190334,10,2,2,2.0,485.8
Zm00001eb428800,2,0,1.7678087100241733,1.16144872446195,4,2,2,1.5,245.6
Zm00001eb428810,3,0,0.5809192463727422,0.5205319207767087,7,1,1,1.0,164.8
Zm00001eb428840,1,0,0.2010292237659505,0.2010292237659505,1,3,1,5.0,137.2
Zm00001eb428910,1,0,0.1095021931228673,0.1095021931228673,5,2,2,3.0,130.3
Zm00001eb428940,2,0,0.2142329951535954,0.1874018024068838,2,4,1,5.0,774.6
Zm00001eb429100,2,0,0.3926442900544014,0.21899999782423094,2,2,1,4.0,558.4
Zm00001eb429130,2,0,0.8843134136449887,0.4488156683998759,2,1,1,4.5,98.7
Zm00001eb429140,2,0,0.7386302508546028,0.7055215516574023,4,1,1,2.0,100.6
Zm00001eb429210,5,0,0.8951634303427713,0.5405071746781067,5,2,2,2.0,37.6
Zm00001eb429290,1,0,0.1141793982086893,0.1141793982086893,3,3,2,3.0,27.1
Zm00001eb429430,2,0,0.3725897623609216,0.35438581892328924,7,2,2,2.5,218.6
Zm00001eb429480,1,0,0.3410263859481067,0.3410263859481067,2,2,1,3.0,249.3
Zm00001eb429610,1,0,0.6022449443051243,0.6022449443051243,3,2,1,3.0,229.7
Zm00001eb429790,1,0,0.4801635105723547,0.4801635105723547,5,2,2,3.0,24.3
Zm00001eb429850,4,0,0.8135906959686258,0.30730375934958554,8,2,2,2.75,14.2
Zm00001eb429910,2,1,2.7576048593546143,2.246231962876279,4,2,1,1.0,62.4
Zm00001eb429920,1,0,0.460187549594919,0.460187549594919,4,3,2,3.0,523.3
Zm00001eb430030,2,0,1.8689973084664535,0.9958459304290387,4,2,2,3.0,27.0
Zm00001eb430160,5,1,7.961061976552752,3.159792438989939,6,3,2,2.6,531.3
Zm00001eb430170,1,0,0.1555290500754045,0.1555290500754045,2,3,2,2.0,475.7
Zm00001eb430300,2,0,0.319562171943282,0.3157699482555945,3,2,2,5.0,79.9
Zm00001eb430350,2,1,1.9941093863543613,1.4740183573227468,2,2,2,1.5,477.9
Zm00001eb430360,1,0,0.4042085339525035,0.4042085339525035,1,1,1,2.0,943.3
Zm00001eb430440,2,0,2.64378269319841,1.7130068025062473,3,1,1,2.0,369.8
Zm00001eb430450,1,0,0.8243451014475981,0.8243451014475981,2,3,2,0.0,1094.0
Zm00001eb430470,1,0,0.889942398451762,0.889942398451762,2,2,2,4.0,338.9
Zm00001eb430500,1,1,2.556969034503162,2.556969034503162,2,3,1,1.0,49.4
Zm00001eb430560,1,0,0.5372404842810701,0.5372404842810701,2,2,1,3.0,190.0
Zm00001eb430600,3,0,0.3732191269117253,0.2446681220491379,6,1,1,3.6666666666666665,760.7
Zm00001eb430620,2,0,1.0785476103924143,0.60859356166112,3,3,2,1.5,410.6
Zm00001eb430720,2,0,1.08458055942102,0.581179023673169,6,3,2,1.5,3988.8
Zm00001eb430740,1,0,2.655805848558507,2.655805848558507,7,4,3,2.0,106.3
Zm00001eb430750,1,0,0.3362651263934654,0.3362651263934654,3,1,1,3.0,2673.5
Zm00001eb430770,2,0,0.4270495646022508,0.4044788640430277,3,1,1,2.0,858.3
Zm00001eb430780,3,1,2.6065774439903566,0.9909879384232024,4,2,1,3.0,187.5
Zm00001eb430800,2,1,2.73154651053456,2.1901735194256773,3,3,2,3.5,568.0
Zm00001eb430810,3,0,1.340698864300405,0.7526261918491911,6,3,3,1.6666666666666667,502.3
Zm00001eb430820,3,0,1.743814760280129,1.2803983749322922,4,3,3,2.3333333333333335,649.8
Zm00001eb430880,1,0,0.0443117583275868,0.0443117583275868,1,2,1,2.0,171.2
Zm00001eb430920,3,0,1.99107676433681,1.7412356534944433,7,1,1,3.0,4.2
Zm00001eb430930,2,0,0.7953894460960278,0.4122384019055928,5,1,1,1.0,160.0
Zm00001eb431000,2,0,0.9109000328775396,0.6776793969511175,2,2,1,4.0,131.4
Zm00001eb431010,1,0,1.2721247412268604,1.2721247412268604,5,2,2,1.0,15.5
Zm00001eb431060,1,0,1.0486146216759022,1.0486146216759022,3,3,2,0.0,457.0
Zm00001eb431120,4,3,3.602981404181653,3.0281058945674113,4,2,2,2.75,36.5
Zm00001eb431140,1,0,1.0156231760649304,1.0156231760649304,2,2,1,3.0,608.4
Zm00001eb431180,4,0,1.3913438518456125,0.503179835955316,4,2,2,2.0,363.3
Zm00001eb431200,2,0,0.0667929360630103,0.0667929360630103,3,1,1,1.0,281.9
Zm00001eb431270,1,0,0.9635472044865556,0.9635472044865556,1,2,1,4.0,346.1
Zm00001eb431300,4,0,2.9133514858351357,1.1377501212362895,5,2,1,3.5,40.2
Zm00001eb431320,2,0,0.4358226007221405,0.433629313498263,3,1,1,3.5,170.2
Zm00001eb431330,2,1,3.4188105289396575,1.711641627152537,3,3,1,2.5,224.1
Zm00001eb431370,3,0,1.689025281665825,1.3182772295928604,6,2,2,3.3333333333333335,15.7
Zm00001eb431420,1,0,0.010469960209681,0.010469960209681,2,2,2,2.0,255.2
Zm00001eb431430,1,0,0.4622897406856428,0.4622897406856428,1,1,1,2.0,422.3
Zm00001eb431440,1,0,0.304631430200345,0.304631430200345,1,1,1,6.0,153.0
Zm00001eb431460,3,0,0.589060121651248,0.3692163017057433,8,2,2,3.6666666666666665,451.6
Zm00001eb431490,3,0,2.056433986789792,0.8566323387671186,6,1,1,1.3333333333333333,744.9
Zm00001eb431500,3,0,0.9301816063428944,0.8591118909532011,3,2,1,1.0,480.6
Zm00001eb431560,1,0,0.3016274564302731,0.3016274564302731,2,2,1,1.0,23.2
Zm00001eb431580,2,1,2.505721658747991,1.6589102943521126,6,2,1,1.0,32.3
Zm00001eb431690,2,0,1.8674225379651304,1.0010301000476471,2,4,1,3.5,440.8
Zm00001eb431760,1,0,1.0498963725245525,1.0498963725245525,2,2,1,2.0,1778.2
Zm00001eb431790,1,1,2.101961320620731,2.101961320620731,1,1,1,6.0,962.8
Zm00001eb431800,1,0,0.4211222431966406,0.4211222431966406,2,1,1,1.0,4326.1
Zm00001eb432020,1,0,0.4097829663396083,0.4097829663396083,2,2,1,3.0,3963.5
Zm00001eb432040,1,0,0.4635751811326109,0.4635751811326109,3,1,1,1.0,1.7
Zm00001eb432090,4,0,0.6789174690054058,0.5177158506575144,6,2,2,1.25,308.0
Zm00001eb432150,2,1,1.6582273417319906,1.3831933684771394,3,1,1,4.0,349.5
Zm00001eb432400,4,0,0.4525929958244591,0.19260302882343833,6,3,3,2.25,50.9
Zm00001eb432460,1,0,0.1449330161585367,0.1449330161585367,1,1,0,4.0,2.3
Zm00001eb432470,1,0,0.2267511110655191,0.2267511110655191,4,3,2,3.0,833.5
Zm00001eb432500,2,0,0.2827543886481173,0.16179528175768684,5,4,3,2.5,7058.7
Zm00001eb432550,1,0,2.040011898407321,2.040011898407321,1,1,1,2.0,159.9
Zm00001eb432560,1,0,0.2181869416602248,0.2181869416602248,1,2,1,5.0,17.8
Zm00001eb432570,1,0,0.9168788229831144,0.9168788229831144,3,3,1,1.0,95.1
Zm00001eb432580,1,0,1.0636123571475384,1.0636123571475384,2,3,2,2.0,2170.6
Zm00001eb432730,1,0,0.1497801588912529,0.1497801588912529,1,2,1,3.0,354.1
Zm00001eb432760,1,0,0.8184681058832317,0.8184681058832317,1,2,1,2.0,240.2
Zm00001eb432800,1,0,0.4727091748065187,0.4727091748065187,3,2,1,0.0,71.2
Zm00001eb432950,1,0,1.2452082947243373,1.2452082947243373,1,2,1,3.0,277.1
Zm00001eb433000,4,0,0.4473763577877859,0.2749024605588868,8,2,1,1.0,337.3
Zm00001eb433030,2,0,0.9687895006036248,0.5181315577821545,3,1,1,1.0,104.6
Zm00001eb433040,2,0,1.594361562155791,1.153396355933521,2,2,2,2.5,198.2
Zm00001eb433100,2,0,0.2541180545654882,0.18033013191758368,3,2,2,2.5,113.7
Zm00001eb433120,4,0,0.7196256127304858,0.5237886557893169,8,3,3,1.5,32.4
Zm00001eb433150,1,0,0.1790492525133905,0.1790492525133905,5,3,2,1.0,13.6
Zm00001eb433200,2,0,1.159011218710425,1.0077777266105838,3,1,1,2.5,1556.4
Zm00001eb433250,1,0,0.603239605163951,0.603239605163951,1,2,1,2.0,79.9
Zm00001eb433270,1,0,0.3759372712837548,0.3759372712837548,1,2,2,4.0,87.8
Zm00001eb433300,1,0,0.4686419003197907,0.4686419003197907,1,3,1,2.0,27.6
Zm00001eb433310,1,0,0.0607340844199879,0.0607340844199879,2,2,1,4.0,2318.4
Zm00001eb433390,1,0,0.0291641642823622,0.0291641642823622,2,1,1,5.0,161.4
Zm00001eb433420,1,0,0.6132856782795651,0.6132856782795651,2,2,1,1.0,1918.9
Zm00001eb433430,2,0,1.081929000816799,0.9064946377059022,2,3,1,2.0,209.4
Zm00001eb433440,2,0,0.935362198224615,0.77029644240088,3,2,1,3.5,49.2
Zm00001eb433460,2,0,1.4093033002916386,1.0695625461739784,3,3,3,0.5,112.7
Zm00001eb433480,1,0,0.3425049563044738,0.3425049563044738,1,4,1,1.0,19.8
Zm00001eb433520,4,1,3.0050180612945625,1.4714076222415964,5,1,1,3.5,161.1
Zm00001eb433540,1,0,1.3772562408113755,1.3772562408113755,1,2,0,5.0,28763.1
Zm00001eb433550,1,0,1.381152425320647,1.381152425320647,3,1,1,1.0,194.0
Zm00001eb433650,1,0,1.5113393591827131,1.5113393591827131,4,1,1,1.0,376.1
Zm00001eb433660,1,0,0.7581615027744109,0.7581615027744109,3,1,1,3.0,368.7
Zm00001eb433690,1,0,0.7461990501862766,0.7461990501862766,1,3,1,7.0,51.3
Zm00001eb433770,1,0,1.0417256403004846,1.0417256403004846,1,2,1,3.0,275.1
Zm00001eb433820,2,0,1.0961659320156738,0.6142992674002871,4,2,2,1.5,11.4
Zm00001eb433840,1,0,0.71901003536496,0.71901003536496,2,3,2,4.0,37.0
Zm00001eb433860,2,0,0.7284226538401244,0.386362301731099,5,4,2,4.5,912.6
Zm00001eb433870,3,0,0.5077903869396094,0.3114384449392736,11,2,2,2.0,1092.7
Zm00001eb433880,2,0,1.3642727719467609,0.8917387402796602,3,1,1,0.0,78.0
Zm00001eb433950,2,0,0.7937605008530656,0.5920778274609557,6,2,2,1.5,171.9
Zm00001eb434010,1,0,0.4683312252166512,0.4683312252166512,2,3,1,2.0,687.4
Zm00001eb434070,1,0,0.5121034355960327,0.5121034355960327,1,1,0,1.0,688.5
Zm00001eb434080,4,0,0.4546477541119524,0.29518933419793747,7,2,1,4.0,149.7
Zm00001eb434190,2,0,0.5329741494172567,0.5329741494172567,5,2,2,2.0,136.2
Zm00001eb434250,1,0,1.377754339851122,1.377754339851122,1,3,1,1.0,197.6
Zm00001eb434270,1,0,1.431658874828411,1.431658874828411,1,1,1,2.0,242.1
Zm00001eb434290,2,0,1.1885727118471858,1.0395549518578244,3,3,2,2.0,814.0
Zm00001eb434300,1,0,1.5505081360839184,1.5505081360839184,1,1,1,1.0,97.1
Zm00001eb434320,1,0,1.6213674811214942,1.6213674811214942,3,1,1,4.0,290.0
Zm00001eb434370,2,0,1.9959565522763811,1.1284330798967008,2,1,1,1.0,160.5
Zm00001eb434390,1,0,1.432442027004738,1.432442027004738,1,1,1,3.0,140.5
