gene_id,chr,pos,abs_d,cohens_d,description,cog_description,func_category,signaling_layer,all_layers,tf_families,n_families,log2fc_drought,drought_cat,go_biological,kegg_pathway,n_variant_hybrids,n_ref_hybrids
Zm00001eb002000,chr1,5744103,1.993102093160976,-1.993102093160976,XP_021306340.1 uncharacterized protein LOC110431557 isoform X1 [Sorghum bicolor],PHD zinc finger,Unknown,Transcription Factor,Transcription Factor,"MYB,MYB_related",2,0.014,Stable,,,4,15
Zm00001eb010410,chr1,33102069,1.0788372516249425,-1.0788372516249425,XP_022678890.1 fibrous sheath CABYR-binding protein isoform X2 [Setaria italica],Acyl CoA binding protein,Unknown,Signal Transduction,Signal Transduction,"B3,HD-ZIP,WOX",3,-1.223,Strong down,,,9,8
Zm00001eb010590,chr1,33805903,2.890233195828243,2.890233195828243,"XP_002465558.1 ATP-dependent Clp protease ATP-binding subunit CLPT1, chloroplastic [Sorghum bicolor]","Clp amino terminal domain, pathogenicity island component",Unknown,Protein Processing,Protein Processing,"CAMTA,LBD,Trihelix,bHLH",4,-0.722,Stable,,,7,12
Zm00001eb010600,chr1,33805903,3.4479645166968327,3.4479645166968327,nan,nan,Unknown,Unknown,Unknown,"CAMTA,LBD,Trihelix,bHLH",4,-0.007,Stable,,,7,12
Zm00001eb010650,chr1,34133753,1.7228995125959938,1.7228995125959938,XP_002468177.1 pentatricopeptide repeat-containing protein At4g21065 [Sorghum bicolor],DYW family of nucleic acid deaminases,Unknown,Signal Transduction,Signal Transduction,CPP,1,1.511,Strong up,,,5,14
Zm00001eb011070,chr1,35686099,1.044301392229479,-1.044301392229479,XP_021310343.1 uncharacterized protein LOC8078835 [Sorghum bicolor],FAR1 DNA-binding domain,Unknown,Transcription Factor,Transcription Factor,bZIP,1,-1.343,Strong down,,,3,14
Zm00001eb013520,chr1,45314945,1.971193291247158,1.971193291247158,XP_002465414.1 pyruvate decarboxylase 2 [Sorghum bicolor],Belongs to the TPP enzyme family,Unknown,Hormone,Hormone,"C2H2,ERF,TCP",3,1.552,Strong up,,"ko00010,ko01100,ko01110,ko01130,map00010,map01100,map01110,map01130",12,7
Zm00001eb013720,chr1,45913981,2.0162190655371113,-2.0162190655371113,XP_002468020.2 uncharacterized protein LOC8081119 [Sorghum bicolor],Autophagy-related protein 27,Unknown,Unknown,Unknown,"LBD,MIKC_MADS,TALE",3,1.415,Strong up,,"ko04138,map04138",6,13
Zm00001eb013870,chr1,46460037,3.131431563537838,3.131431563537838,XP_002465403.1 U2 small nuclear ribonucleoprotein B'' [Sorghum bicolor],U2 small nuclear ribonucleoprotein B'',Unknown,Unknown,Unknown,"CPP,MYB",2,0.546,Stable,,"ko03040,map03040",12,4
Zm00001eb015210,chr1,52046833,4.106711314474418,4.106711314474418,XP_021319570.1 CBL-interacting protein kinase 31 isoform X2 [Sorghum bicolor],Non-specific serine threonine protein kinase,Unknown,Signal Transduction,Signal Transduction|Metabolism,NONE,1,1.376,Strong up,,"ko04068,ko04140,ko04150,ko04151,ko04152,ko04211,ko04213,ko04371,ko04530,ko04710,ko04714,ko04910,ko04920,ko04921,ko04922,ko04931,ko04932,ko05410,ko05418,map04068,map04140,map04150,map04151,map04152,map",4,14
Zm00001eb015900,chr1,55231201,1.9620971190194931,1.9620971190194931,XP_021312231.1 uncharacterized protein LOC8083667 isoform X2 [Sorghum bicolor],nan,Unknown,Unknown,Unknown,MYB_related,1,0.622,Stable,,,8,7
Zm00001eb016400,chr1,57416832,2.6790199520921387,-2.6790199520921387,nan,nan,Unknown,Unknown,Unknown,"MYB,TCP,Trihelix",3,0.634,Stable,,,8,6
Zm00001eb020660,chr1,77325694,2.326271549412075,-2.326271549412075,XP_002465088.1 probable esterase D14L [Sorghum bicolor],arbuscular mycorrhizal association,Unknown,Unknown,Unknown,"CPP,MYB_related",2,0.486,Stable,,,10,8
Zm00001eb028820,chr1,154479231,3.4905867984114125,-3.4905867984114125,XP_021321599.1 myb-related protein MYBAS2-like isoform X3 [Sorghum bicolor],Myb-like DNA-binding domain,Unknown,Transcription Factor,Transcription Factor,"Dof,EIL,G2-like,GRAS,TALE",5,-0.451,Stable,,,3,15
Zm00001eb030870,chr1,170914905,2.075649400692202,-2.075649400692202,XP_002442448.1 protein DA1-related 1 [Sorghum bicolor],Protein DA1,Unknown,Unknown,Unknown,"CPP,MYB,Trihelix,WOX",4,0.655,Stable,,,7,7
Zm00001eb033190,chr1,184804492,3.307093446829383,-3.307093446829383,XP_002442626.1 protein yippee-like At3g55890 [Sorghum bicolor],Belongs to the yippee family,Unknown,Unknown,Unknown,"ARF,C2H2,GRAS,MIKC_MADS,MYB,NAC",6,0.031,Stable,,,7,11
Zm00001eb040100,chr1,211667666,1.7076390765853546,1.7076390765853546,XP_002445738.1 thaumatin-like protein 1 [Sorghum bicolor],Thaumatin family,Unknown,Unknown,Unknown,ERF,1,0.831,Stable,,,10,5
Zm00001eb043170,chr1,227767796,2.452830718673834,-2.452830718673834,nan,nan,Unknown,Unknown,Unknown,E2F/DP,1,-0.552,Stable,,,4,11
Zm00001eb043450,chr1,228494853,1.784514558719577,-1.784514558719577,XP_002464366.1 uncharacterized protein LOC8065156 [Sorghum bicolor],"Protein of unknown function, DUF538",Unknown,Unknown,Unknown,"ARF,ERF,LBD,Trihelix",4,0.119,Stable,,,6,12
Zm00001eb044650,chr1,233018019,2.886499000041,2.886499000041,"XP_002467010.1 protochlorophyllide reductase B, chloroplastic [Sorghum bicolor]",short chain dehydrogenase,Unknown,Metabolism,Metabolism,"ERF,LBD",2,-1.517,Strong down,,"ko00860,ko01100,ko01110,map00860,map01100,map01110",6,8
Zm00001eb044960,chr1,234151085,1.4648802799572245,-1.4648802799572245,XP_002467027.1 uncharacterized protein LOC8065827 [Sorghum bicolor],Peptidase of plants and bacteria,Unknown,Protein Processing,Protein Processing,"MYB_related,Trihelix",2,0.001,Stable,,,4,9
Zm00001eb045280,chr1,235137771,4.228606261614184,4.228606261614184,XP_021306524.1 vacuolar protein sorting-associated protein 52 A isoform X1 [Sorghum bicolor],Vps52 / Sac2 family,Unknown,Unknown,Unknown,SBP,1,0.005,Stable,,,3,16
Zm00001eb045370,chr1,235367280,2.976264698232123,2.976264698232123,XP_002464463.2 uncharacterized protein LOC8067394 [Sorghum bicolor],nan,Unknown,Unknown,Unknown,bZIP,1,-0.09,Stable,,,11,7
Zm00001eb046280,chr1,239371910,1.8903427375092523,-1.8903427375092523,XP_052134140.1 E3 ubiquitin-protein ligase WAV3-like [Oryza glaberrima],VWA domain containing CoxE-like protein,Unknown,Protein Processing,Protein Processing|Metabolism,"C2H2,ERF,GRAS,HD-ZIP,MIKC_MADS,MYB_related,NAC",7,-1.538,Strong down,,,9,7
Zm00001eb048860,chr1,251130738,3.03060708710378,3.03060708710378,XP_002464321.1 protein DETOXIFICATION 40 [Sorghum bicolor],Belongs to the multi antimicrobial extrusion (MATE) (TC 2.A.66.1) family,Unknown,Unknown,Unknown,"B3,NAC",2,-1.819,Strong down,,,4,14
Zm00001eb049730,chr1,254176253,2.7451497712416173,-2.7451497712416173,XP_021314310.1 factor of DNA methylation 1 [Sorghum bicolor],XH domain,Unknown,Unknown,Unknown,NONE,1,1.603,Strong up,,,4,12
Zm00001eb051580,chr1,261611654,1.7412248383409954,-1.7412248383409954,XP_002464238.1 BTB/POZ domain-containing protein NPY4 [Sorghum bicolor],Belongs to the NPH3 family,Unknown,Signal Transduction,Signal Transduction,"B3,C2H2,NAC",3,-0.109,Stable,,,11,7
Zm00001eb051780,chr1,262493215,2.6326472771472624,2.6326472771472624,XP_002466829.1 uncharacterized protein LOC8062521 [Sorghum bicolor],Protein of unknown function (DUF760),Unknown,Unknown,Unknown,"CAMTA,NAC",2,0.204,Stable,,,5,9
Zm00001eb052270,chr1,264527680,2.0778879095474374,2.0778879095474374,XP_002466690.2 deoxyuridine 5'-triphosphate nucleotidohydrolase [Sorghum bicolor],dUTPase,Unknown,Metabolism,Metabolism,"CPP,ERF,WRKY",3,-0.134,Stable,,"ko00240,ko00983,ko01100,map00240,map00983,map01100",9,7
Zm00001eb052940,chr1,266477700,1.9002833214490025,1.9002833214490025,XP_021306882.1 rhomboid-like protein 15 isoform X2 [Sorghum bicolor],Rhomboid family,Unknown,Unknown,Unknown,"Dof,ERF,G2-like,MIKC_MADS,NAC",5,0.83,Stable,,,13,6
Zm00001eb055720,chr1,277129800,2.346077363192974,2.346077363192974,XP_021307524.1 random slug protein 5-like [Sorghum bicolor],Domain in homologues of a S. cerevisiae phosphatidylinositol transfer protein (S,Unknown,Signal Transduction,Signal Transduction|Second Messenger,NONE,1,-0.21,Stable,,,6,12
Zm00001eb056930,chr1,281863688,1.8450745007643008,1.8450745007643008,XP_021311613.1 stem-specific protein TSJT1-like [Sorghum bicolor],DUF3700,Unknown,Unknown,Unknown,"C2H2,Dof,MYB,WOX",4,0.55,Stable,,,8,8
Zm00001eb058750,chr1,287900267,2.289258328627231,-2.289258328627231,"XP_002463825.1 30S ribosomal protein S9, chloroplastic [Sorghum bicolor]",Belongs to the universal ribosomal protein uS9 family,Unknown,Translation,Translation,"C2H2,ERF,GRAS,TALE",4,-0.483,Stable,,"ko03010,map03010",9,8
Zm00001eb064000,chr1,303833607,2.7193341663871995,2.7193341663871995,"XP_002463547.1 prohibitin-1, mitochondrial [Sorghum bicolor]",SPFH domain / Band 7 family,Unknown,Unknown,Unknown,"ARF,NAC",2,0.745,Stable,,,5,13
Zm00001eb064190,chr1,304254031,3.4095005292035405,3.4095005292035405,XP_002463535.1 poly(ADP-ribose) glycohydrolase 1 [Sorghum bicolor],Poly (ADP-ribose) glycohydrolase (PARG),Unknown,Metabolism,Metabolism,NONE,1,0.677,Stable,,,9,7
Zm00001eb064350,chr1,304701394,2.4350892059607414,2.4350892059607414,XP_012704141.1 pirin-like protein isoform X2 [Setaria italica],Belongs to the pirin family,Unknown,Unknown,Unknown,CAMTA,1,-0.67,Stable,,,4,13
Zm00001eb064670,chr1,305701303,2.9504195754854488,-2.9504195754854488,XP_002466086.1 pantoate--beta-alanine ligase [Sorghum bicolor],Pantoate-beta-alanine ligase,Unknown,Metabolism,Metabolism,"C2H2,GRAS,Trihelix",3,0.167,Stable,,"ko00410,ko00770,ko01100,ko01110,map00410,map00770,map01100,map01110",11,4
Zm00001eb064930,chr1,306411699,4.1461282108010815,-4.1461282108010815,XP_002466067.2 ATP-dependent DNA helicase 2 subunit KU80 [Sorghum bicolor],ATP-dependent DNA helicase 2 subunit ku80,Unknown,Unknown,Unknown,"C2H2,ERF,MIKC_MADS",3,0.737,Stable,,"ko03450,map03450",5,13
Zm00001eb073610,chr2,17283394,6.02706750847857,6.02706750847857,XP_024318238.1 F-box protein PP2-A13 isoform X2 [Brachypodium distachyon],Phloem protein 2,Unknown,Unknown,Unknown,"LBD,NAC,TALE,bHLH,bZIP",5,-2.359,Strong down,,,6,6
Zm00001eb074030,chr2,19112501,5.03145492976556,-5.03145492976556,XP_004976496.1 lysine histidine transporter-like 8 [Setaria italica],Transmembrane amino acid transporter protein,Unknown,Membrane/Transport,Membrane/Transport,"C2H2,NAC,Trihelix",3,-0.479,Stable,,,5,10
Zm00001eb078890,chr2,36159238,2.040393037676521,-2.040393037676521,XP_002446711.1 ankyrin-3 [Sorghum bicolor],Ankyrin repeats (many copies),Unknown,Unknown,Unknown,MYB,1,1.305,Strong up,,,8,8
Zm00001eb079420,chr2,38576363,5.825883962535814,5.825883962535814,XP_002446676.1 uncharacterized protein LOC8058730 [Sorghum bicolor],Methyltransferase domain,Unknown,Chromatin/Epigenetic,Chromatin/Epigenetic|Metabolism,"ERF,TCP",2,0.455,Stable,,,3,13
Zm00001eb080510,chr2,42789655,4.4901050570846515,-4.4901050570846515,"XP_021318573.1 anthranilate synthase beta subunit 1, chloroplastic-like [Sorghum bicolor]",Peptidase C26,Unknown,Protein Processing,Protein Processing|Metabolism,"C2H2,Dof,MIKC_MADS",3,-1.021,Strong down,,"ko00400,ko00405,ko01100,ko01110,ko01130,ko01230,ko02024,ko02025,map00400,map00405,map01100,map01110,map01130,map01230,map02024,map02025",5,10
Zm00001eb081030,chr2,44929408,1.9362284424257552,1.9362284424257552,XP_004975826.1 PLAT domain-containing protein 3 [Setaria italica],PLAT/LH2 domain,Unknown,Signal Transduction,Signal Transduction,"ERF,TALE,TCP",3,1.569,Strong up,,,6,10
Zm00001eb091780,chr2,140544189,2.4401060658236484,2.4401060658236484,XP_002450376.1 V-type proton ATPase 16 kDa proteolipid subunit [Sorghum bicolor],Proton-conducting pore forming subunit of the membrane integral V0 complex of va,Unknown,Unknown,Unknown,"C2H2,ERF",2,1.192,Strong up,,"ko00190,ko01100,ko04142,ko04145,ko04721,ko04966,ko05110,ko05120,ko05152,ko05323,map00190,map01100,map04142,map04145,map04721,map04966,map05110,map05120,map05152,map05323",6,8
Zm00001eb093670,chr2,154488990,2.0751231582939025,-2.0751231582939025,XP_021317511.1 protein SCARECROW [Sorghum bicolor],Belongs to the GRAS family,Unknown,Unknown,Unknown,"C2H2,CPP,MYB",3,-0.68,Stable,,,6,11
Zm00001eb094220,chr2,157667489,3.2553440919204037,-3.2553440919204037,XP_002450102.1 ubiquitin-activating enzyme E1 1 [Sorghum bicolor],Belongs to the ubiquitin-activating E1 family,Unknown,Protein Processing,Protein Processing,NONE,1,0.64,Stable,,"ko04120,ko05012,map04120,map05012",12,7
Zm00001eb101450,chr2,193988864,2.771010529896668,2.771010529896668,XP_021309232.1 putative serine carboxypeptidase-like 23 [Sorghum bicolor],Belongs to the peptidase S10 family,Unknown,Protein Processing,Protein Processing,"C2H2,Dof,M-type_MADS,MIKC_MADS,MYB,NAC",6,-0.744,Stable,,,5,13
Zm00001eb102050,chr2,195634230,2.633437955533686,2.633437955533686,XP_021308234.1 titin homolog [Sorghum bicolor],single fertilization,Unknown,Unknown,Unknown,"C2H2,Dof,ERF,GRAS,M-type_MADS,MIKC_MADS,MYB,Trihelix",8,0.229,Stable,,,10,9
Zm00001eb104710,chr2,205132586,1.991401602261453,-1.991401602261453,XP_021307826.1 mitochondrial amidoxime reducing component 2-like [Sorghum bicolor],MOSC N-terminal beta barrel domain,Unknown,Unknown,Unknown,Trihelix,1,0.954,Stable,,,8,9
Zm00001eb106770,chr2,211536463,2.4188644177408363,2.4188644177408363,"XP_021309466.1 ABC1 family protein YPL109C, mitochondrial-like [Sorghum bicolor]",ABC1 family,Unknown,Unknown,Unknown,"B3,Trihelix",2,0.892,Stable,,,8,5
Zm00001eb108620,chr2,216734256,2.3199534970626376,2.3199534970626376,XP_004960457.1 mitogen-activated protein kinase 14 isoform X1 [Setaria italica],Mitogen-activated protein kinase,Unknown,Signal Transduction,Signal Transduction|Metabolism,C2H2,1,-0.162,Stable,,,12,4
Zm00001eb109880,chr2,219580380,2.6829275490183595,-2.6829275490183595,XP_002463265.1 xylulose kinase [Sorghum bicolor],"FGGY family of carbohydrate kinases, N-terminal domain",Unknown,Signal Transduction,Signal Transduction|Metabolism,"ARF,MYB",2,0.546,Stable,,"ko00040,ko01100,map00040,map01100",4,15
Zm00001eb113870,chr2,231497576,2.662415610472837,-2.662415610472837,XP_002450931.1 maf-like protein DDB_G0281937 isoform X4 [Sorghum bicolor],Maf-like protein,Unknown,Unknown,Unknown,NONE,1,-0.795,Stable,,,11,6
Zm00001eb113900,chr2,231633353,2.2053015643042735,-2.2053015643042735,XP_021316440.1 putative disease resistance protein At1g50180 [Sorghum bicolor],disease resistance protein,Unknown,Unknown,Unknown,NONE,1,0.187,Stable,,,5,10
Zm00001eb115000,chr2,235230798,3.363154782404735,3.363154782404735,XP_002449815.1 ABC transporter F family member 5 [Sorghum bicolor],ABC transporter,Unknown,Membrane/Transport,Membrane/Transport,"G2-like,HD-ZIP,MYB_related",3,0.781,Stable,,,3,15
Zm00001eb117460,chr2,240665648,3.3114651472125205,-3.3114651472125205,XP_002459360.1 putative deoxyribonuclease TATDN1 isoform X1 [Sorghum bicolor],TatD related DNase,Unknown,Unknown,Unknown,"C2H2,MYB",2,0.532,Stable,,,6,12
Zm00001eb123270,chr3,13645592,2.1331547323847975,2.1331547323847975,XP_002455126.1 mini-chromosome maintenance complex-binding protein [Sorghum bicolor],Mini-chromosome maintenance replisome factor,Unknown,Signal Transduction,Signal Transduction,"LFY,MYB,bHLH",3,1.693,Strong up,,,4,9
Zm00001eb124200,chr3,17092334,3.919858817262583,3.919858817262583,XP_002457348.1 putative 4-hydroxy-4-methyl-2-oxoglutarate aldolase 2 [Sorghum bicolor],Catalyzes the aldol cleavage of 4-hydroxy-4-methyl-2- oxoglutarate (HMG) into 2 ,Unknown,Hormone,Hormone,"G2-like,MIKC_MADS,MYB_related,NAC",4,0.224,Stable,,,8,11
Zm00001eb127420,chr3,34672994,2.8313009384028605,2.8313009384028605,XP_002457566.1 probable transcription factor At3g04930 [Sorghum bicolor],"Protein of unknown function, DUF573",Unknown,Transcription Factor,Transcription Factor,"ERF,G2-like,MIKC_MADS,MYB,MYB_related",5,-0.425,Stable,,,9,6
Zm00001eb138110,chr3,136849723,1.263909830112649,-1.263909830112649,"XP_020570912.1 LOW QUALITY PROTEIN: glycine-rich RNA-binding protein 3, mitochondrial-like [Phalaenopsis equestris]",RNA recognition motif,Unknown,Signal Transduction,Signal Transduction,"MYB,TALE,bHLH",3,0.504,Stable,,"ko03040,map03040",9,5
Zm00001eb144320,chr3,170697399,3.130841108192741,3.130841108192741,XP_002456801.1 uncharacterized protein LOC8056129 isoform X4 [Sorghum bicolor],Protein of unknown function (DUF971),Unknown,Unknown,Unknown,"CPP,G2-like,M-type_MADS,MIKC_MADS,MYB_related,Trihelix,bZIP",7,-1.789,Strong down,,,6,10
Zm00001eb149750,chr3,191054457,3.470762782045816,3.470762782045816,XP_002458679.1 transmembrane protein 56-B [Sorghum bicolor],"TRAM, LAG1 and CLN8 homology domains.",Unknown,Membrane/Transport,Membrane/Transport,"ERF,TCP,bHLH",3,0.09,Stable,,,6,12
Zm00001eb152120,chr3,199143750,3.5931912782003255,3.5931912782003255,nan,nan,Unknown,Unknown,Unknown,NONE,1,0.175,Stable,,,4,14
Zm00001eb153020,chr3,202471379,2.0950216625681706,-2.0950216625681706,XP_002456349.1 uncharacterized protein LOC8075566 isoform X3 [Sorghum bicolor],PDDEXK-like family of unknown function,Unknown,Unknown,Unknown,"EIL,MYB_related",2,0.123,Stable,,,12,5
Zm00001eb153460,chr3,203762192,3.7848065277793816,-3.7848065277793816,XP_002458497.1 3-hydroxyisobutyryl-CoA hydrolase-like protein 5 [Sorghum bicolor],Belongs to the enoyl-CoA hydratase isomerase family,Unknown,Metabolism,Metabolism,"C2H2,MYB",2,0.416,Stable,,"ko00280,ko00410,ko00640,ko01100,ko01200,map00280,map00410,map00640,map01100,map01200",12,4
Zm00001eb153580,chr3,204399824,1.862591488812747,1.862591488812747,XP_021313590.1 uncharacterized protein LOC8062173 isoform X6 [Sorghum bicolor],ATP-dependent protease La (LON) substrate-binding domain,Unknown,Protein Processing,Protein Processing,"MYB,TCP,bHLH",3,0.396,Stable,,,7,11
Zm00001eb153760,chr3,204800583,1.9868312836539712,-1.9868312836539712,XP_004969894.1 profilin-A [Setaria italica],Binds to actin and affects the structure of the cytoskeleton. At high concentrat,Unknown,Unknown,Unknown,"AP2,SBP",2,-2.303,Strong down,,"ko04013,ko04015,ko04810,ko05131,ko05132,map04013,map04015,map04810,map05131,map05132",6,11
Zm00001eb159400,chr3,222949722,1.7755265048836455,1.7755265048836455,XP_002455982.1 kinesin-like protein KIN-13B [Sorghum bicolor],Belongs to the TRAFAC class myosin-kinesin ATPase superfamily. Kinesin family,Unknown,Transcription Factor,Transcription Factor,C2H2,1,-1.004,Strong down,,,14,4
Zm00001eb159550,chr3,223345700,2.041224938227776,-2.041224938227776,XP_002458178.2 uncharacterized protein LOC8084846 isoform X2 [Sorghum bicolor],Glycosyl transferase family 1 protein,Unknown,Metabolism,Metabolism,"ERF,TALE,TCP",3,-0.468,Stable,,,7,11
Zm00001eb161090,chr3,228195173,1.882268508015435,-1.882268508015435,nan,nan,Unknown,Unknown,Unknown,NONE,1,0.445,Stable,,,7,9
Zm00001eb161610,chr3,229581278,1.8960871063937228,1.8960871063937228,XP_004969109.1 chaperone protein dnaJ 6 [Setaria italica],DnaJ domain,Unknown,Protein Processing,Protein Processing,"MYB,MYB_related,Trihelix",3,-0.389,Stable,,,6,11
Zm00001eb163880,chr3,236713284,1.6116800895543422,-1.6116800895543422,XP_004978531.1 non-specific lipid-transfer protein 1 [Setaria italica],Plant non-specific lipid-transfer proteins transfer phospholipids as well as gal,Unknown,Unknown,Unknown,Dof,1,1.22,Strong up,,,3,13
Zm00001eb173230,chr4,38328395,3.241273396577517,-3.241273396577517,XP_021320645.1 uncharacterized protein LOC8066142 [Sorghum bicolor],Snapin/Pallidin,Unknown,Unknown,Unknown,"CPP,HSF",2,0.07,Stable,,,7,10
Zm00001eb184420,chr4,140997057,1.9690909751485175,-1.9690909751485175,XP_021314923.1 uncharacterized protein LOC110434669 [Sorghum bicolor],tRNA (adenine-N6-)-methyltransferase activity,Unknown,Chromatin/Epigenetic,Chromatin/Epigenetic|Translation|Metabolism,"CAMTA,HD-ZIP,TALE",3,-0.332,Stable,,,12,6
Zm00001eb191640,chr4,177063328,1.9085448636469893,1.9085448636469893,nan,nan,Unknown,Unknown,Unknown,NONE,1,-0.075,Stable,,,6,11
Zm00001eb192630,chr4,179998271,2.0988799051206235,2.0988799051206235,XP_002452962.1 T-complex protein 1 subunit alpha [Sorghum bicolor],assists the folding of proteins upon ATP hydrolysis,Unknown,Protein Processing,Protein Processing,"ERF,SBP,TALE",3,0.417,Stable,,,5,11
Zm00001eb203840,chr4,230230774,2.021757317443369,2.021757317443369,XP_004951269.1 BTB/POZ domain-containing protein POB1 isoform X2 [Setaria italica],domain-containing protein,Unknown,Signal Transduction,Signal Transduction,NONE,1,0.858,Stable,,,10,5
Zm00001eb207970,chr4,246091770,1.0557784988231242,1.0557784988231242,nan,nan,Unknown,Unknown,Unknown,"CPP,MYB_related,NAC",3,0.343,Stable,,,8,9
Zm00001eb209100,chr4,248093954,2.161064757111342,2.161064757111342,XP_021315999.1 phosphatidylinositol/phosphatidylcholine transfer protein SFH6 isoform X2 [Sorghum bicolor],CRAL/TRIO domain,Unknown,Second Messenger,Second Messenger,"C2H2,CPP,HD-ZIP,LBD,Trihelix",5,0.225,Stable,,"ko03050,map03050",5,12
Zm00001eb213050,chr5,4631545,2.251004547954921,2.251004547954921,XP_004981444.1 uncharacterized protein LOC101773895 [Setaria italica],nan,Unknown,Unknown,Unknown,"C2H2,HD-ZIP,M-type_MADS",3,0.552,Stable,,,13,5
Zm00001eb214630,chr5,7313087,3.4581827083427767,-3.4581827083427767,XP_002463860.1 LRR receptor-like serine/threonine-protein kinase RPK2 [Sorghum bicolor],Belongs to the protein kinase superfamily. Ser Thr protein kinase family,Unknown,Receptor/Sensor,Receptor/Sensor|Signal Transduction|Transcription Factor|Metabolism,NONE,1,0.46,Stable,,,4,14
Zm00001eb216260,chr5,11366019,1.9821950667001171,-1.9821950667001171,"XP_002466576.1 phosphoglucomutase, cytoplasmic 2 [Sorghum bicolor]",Belongs to the phosphohexose mutase family,Unknown,Unknown,Unknown,"NAC,Nin-like",2,-0.591,Stable,,"ko00010,ko00030,ko00052,ko00230,ko00500,ko00520,ko00521,ko01100,ko01110,ko01120,ko01130,map00010,map00030,map00052,map00230,map00500,map00520,map00521,map01100,map01110,map01120,map01130",10,8
Zm00001eb217870,chr5,15259532,3.923326174257188,3.923326174257188,nan,nan,Unknown,Unknown,Unknown,"G2-like,HSF,LBD,MYB_related,TALE",5,0.542,Stable,,,11,7
Zm00001eb218270,chr5,16163710,1.4031557575826,1.4031557575826,"XP_003561615.1 protein PHOTOSYSTEM I ASSEMBLY 2, chloroplastic isoform X1 [Brachypodium distachyon]",DnaJ Hsp40 cysteine-rich domain superfamily protein,Unknown,Protein Processing,Protein Processing|Transcription Factor,NAC,1,-1.315,Strong down,,,9,10
Zm00001eb219260,chr5,19678594,2.4181354041796936,2.4181354041796936,XP_002464259.1 peptidyl-prolyl cis-trans isomerase E [Sorghum bicolor],"RNA recognition motif. (a.k.a. RRM, RBD, or RNP domain)",Unknown,Metabolism,Metabolism,ERF,1,1.471,Strong up,,"ko03040,map03040",9,5
Zm00001eb223240,chr5,36348038,4.424017322842078,-4.424017322842078,XP_004983151.1 cyclic dof factor 1 [Setaria italica],"Dof domain, zinc finger",Unknown,Transcription Factor,Transcription Factor,"C2H2,Dof,GRAS,MIKC_MADS,TALE",5,-0.046,Stable,,"ko04712,map04712",3,13
Zm00001eb227820,chr5,62145381,2.282344077627493,2.282344077627493,XP_021305660.1 uncharacterized protein LOC8065616 isoform X2 [Sorghum bicolor],nan,Unknown,Unknown,Unknown,"ARF,C2H2,LBD,TALE",4,0.493,Stable,,,4,13
Zm00001eb228660,chr5,66029051,1.667096797464452,-1.667096797464452,XP_002437637.1 epidermal growth factor receptor substrate 15-like 1 isoform X1 [Sorghum bicolor],Eps15 homology domain,Unknown,Receptor/Sensor,Receptor/Sensor,"ERF,TALE",2,0.437,Stable,,"ko04144,map04144",8,11
Zm00001eb233850,chr5,92095945,1.9864140091878009,1.9864140091878009,XP_021315406.1 RING-H2 finger protein ATL56 [Sorghum bicolor],RING-like zinc finger,Unknown,Transcription Factor,Transcription Factor,"CPP,EIL,G2-like,GATA,HD-ZIP,M-type_MADS,MYB,WOX,YABBY",9,0.364,Stable,,,12,6
Zm00001eb238000,chr5,142502511,2.1498615631079714,-2.1498615631079714,XP_004951275.1 hornerin [Setaria italica],nan,Unknown,Unknown,Unknown,NONE,1,-0.072,Stable,,,11,6
Zm00001eb241520,chr5,166109809,2.556548502981683,2.556548502981683,XP_021314048.1 uncharacterized protein LOC8056066 isoform X1 [Sorghum bicolor],Protein of unknown function (DUF563),Unknown,Unknown,Unknown,"MYB,MYB_related",2,1.031,Strong up,,,4,14
Zm00001eb241810,chr5,167284817,2.3548519731405695,-2.3548519731405695,"XP_004952560.1 acetolactate synthase 1, chloroplastic [Setaria italica]",acetolactate synthase activity,Unknown,Metabolism,Metabolism,"ARF,B3,ERF,NAC,TALE,TCP,bZIP",7,-0.34,Stable,,"ko00290,ko00650,ko00660,ko00770,ko01100,ko01110,ko01130,ko01210,ko01230,map00290,map00650,map00660,map00770,map01100,map01110,map01130,map01210,map01230",16,3
Zm00001eb241920,chr5,168023778,1.2653464595362245,-1.2653464595362245,"XP_002452163.1 glycerophosphodiester phosphodiesterase GDPD1, chloroplastic [Sorghum bicolor]",Glycerophosphoryl diester phosphodiesterase family,Unknown,Unknown,Unknown,"G2-like,HSF,LBD,MYB_related",4,-1.643,Strong down,,"ko00564,map00564",6,13
Zm00001eb257390,chr5,221117231,2.3146076263908677,2.3146076263908677,XP_021901879.1 hsp70-Hsp90 organizing protein 1-like [Carica papaya],Tetratricopeptide repeats,Unknown,Signal Transduction,Signal Transduction|Protein Processing,"CAMTA,CPP,NAC",3,0.022,Stable,,"ko05020,map05020",5,8
Zm00001eb259140,chr5,224510508,1.6340462164675218,1.6340462164675218,XP_002454796.1 uncharacterized protein LOC8055324 [Sorghum bicolor],nan,Unknown,Unknown,Unknown,"MYB_related,TCP,Trihelix",3,0.489,Stable,,,13,5
Zm00001eb267380,chr6,50584394,4.525144469814204,4.525144469814204,XP_004960573.2 MACPF domain-containing protein At4g24290 [Setaria italica],MAC/Perforin domain,Unknown,Signal Transduction,Signal Transduction|Transcription Factor,MYB,1,0.998,Stable,,,10,4
Zm00001eb269310,chr6,71518134,2.1641728756155523,-2.1641728756155523,XP_021305767.1 probable transcriptional regulator SLK2 [Sorghum bicolor],LIM-domain binding protein,Unknown,Signal Transduction,Signal Transduction,MYB,1,0.35,Stable,,,3,13
Zm00001eb270660,chr6,82204827,2.357363701868566,-2.357363701868566,XP_002436481.1 nucleosome assembly protein 1;1 [Sorghum bicolor],Belongs to the nucleosome assembly protein (NAP) family,Unknown,Unknown,Unknown,TALE,1,0.53,Stable,,,10,6
Zm00001eb278070,chr6,117591379,1.5037420375863468,-1.5037420375863468,XP_002438462.1 ubiquitin-conjugating enzyme E2 28 [Sorghum bicolor],Belongs to the ubiquitin-conjugating enzyme family,Unknown,Protein Processing,Protein Processing,"C2H2,Dof,HD-ZIP,NAC,TCP",5,0.93,Stable,,"ko04013,ko04120,ko04141,ko04624,map04013,map04120,map04141,map04624",3,15
Zm00001eb282960,chr6,138884889,1.343075589730851,1.343075589730851,XP_004969597.1 60S ribosomal protein L13-2 [Setaria italica],Belongs to the eukaryotic ribosomal protein eL13 family,Unknown,Translation,Translation,"ARR-B,C2H2,Dof,G2-like",4,0.355,Stable,,"ko03010,map03010",5,9
Zm00001eb287610,chr6,156454369,3.203902110132901,-3.203902110132901,XP_021302969.1 BI1-like protein [Sorghum bicolor],Belongs to the BI1 family,Unknown,Unknown,Unknown,NONE,1,0.591,Stable,,,9,10
Zm00001eb288130,chr6,158295494,2.150577722344607,2.150577722344607,XP_002441100.1 probably inactive leucine-rich repeat receptor-like protein kinase At5g48380 [Sorghum bicolor],belongs to the protein kinase superfamily,Unknown,Receptor/Sensor,Receptor/Sensor|Signal Transduction|Transcription Factor|Metabolism,"C2H2,GRAS,MIKC_MADS,TALE",4,0.469,Stable,,,6,10
Zm00001eb289530,chr6,162420882,2.2084959121108656,2.2084959121108656,XP_002439908.1 protein YIPF1 homolog [Sorghum bicolor],Yip1 domain,Unknown,Unknown,Unknown,"Nin-like,TALE",2,0.241,Stable,,,9,9
Zm00001eb293310,chr6,171169950,2.6627355488071776,-2.6627355488071776,"XP_004961417.1 chaperone protein dnaJ C76, chloroplastic [Setaria italica]",4Fe-4S single cluster domain,Unknown,Protein Processing,Protein Processing,"MIKC_MADS,NAC,bZIP",3,0.423,Stable,,,5,14
Zm00001eb295120,chr6,174632784,1.8619740594255063,1.8619740594255063,XP_002440211.1 CDP-diacylglycerol--serine O-phosphatidyltransferase 2 [Sorghum bicolor],Phosphatidyl serine synthase,Unknown,Metabolism,Metabolism,"ERF,MYB,NAC,SBP",4,0.85,Stable,,"ko00564,ko01100,ko01110,map00564,map01100,map01110",12,6
Zm00001eb295170,chr6,174715533,1.8153955865546871,1.8153955865546871,sp|Q93YV6|2A5K_ARATH Serine/threonine protein phosphatase 2A 57 kDa regulatory subunit B' kappa isoform OS=Arabidopsis t,The B regulatory subunit might modulate substrate selectivity and catalytic acti,Unknown,Signal Transduction,Signal Transduction,"BBR-BPC,C2H2,ERF,GRAS,TALE",5,-0.49,Stable,"GO:0007165,","ko03015,ko04071,ko04113,ko04114,ko04151,ko04152,ko04261,ko04728,ko05165,map03015,map04071,map04113,map04114,map04151,map04152,map04261,map04728,map05165",5,14
Zm00001eb301490,chr7,10735160,1.9410855150564548,1.9410855150564548,XP_040385477.1 xylanase inhibitor protein 1-like [Oryza brachyantha],Xylanase inhibitor protein 1,Unknown,Unknown,Unknown,"HD-ZIP,NAC,TALE",3,5.588,Strong up,,"ko00520,ko01100,map00520,map01100",6,13
Zm00001eb309560,chr7,89397106,3.520578909038956,-3.520578909038956,XP_021308919.1 lipid phosphate phosphatase 2-like isoform X2 [Sorghum bicolor],PAP2 superfamily,Unknown,Signal Transduction,Signal Transduction|Transcription Factor,"CPP,MYB",2,0.678,Stable,,"ko00561,ko00564,ko01110,map00561,map00564,map01110",9,9
Zm00001eb315000,chr7,131670304,2.7010650497920357,2.7010650497920357,XP_004957025.1 probable BRI1 kinase inhibitor 1 [Setaria italica],BRI1 kinase inhibitor,Unknown,Signal Transduction,Signal Transduction|Metabolism,NONE,1,1.089,Strong up,,"ko04075,map04075",4,15
Zm00001eb316080,chr7,136093429,1.9045320392958296,1.9045320392958296,XP_002460403.1 probable RNA 3'-terminal phosphate cyclase-like protein [Sorghum bicolor],RNA 3-terminal phosphate cyclase-like protein,Unknown,Unknown,Unknown,NONE,1,0.894,Stable,,"ko03008,map03008",11,6
Zm00001eb316700,chr7,138416698,3.1490789213321686,-3.1490789213321686,XP_015947520.1 uncharacterized protein LOC107472510 [Arachis duranensis],nan,Unknown,Unknown,Unknown,"C2H2,MYB_related",2,1.988,Strong up,,,5,14
Zm00001eb317810,chr7,143100402,2.763468427589063,2.763468427589063,XP_002462637.1 60S ribosomal protein L7a-1 [Sorghum bicolor],60S ribosomal protein L7a,Unknown,Translation,Translation,"ERF,MYB_related",2,0.753,Stable,,"ko03010,map03010",15,4
Zm00001eb320580,chr7,152271809,2.132742940570341,-2.132742940570341,XP_002460645.1 protein PHOX1 [Sorghum bicolor],PB1 domain,Unknown,Unknown,Unknown,"ERF,TALE",2,-0.331,Stable,,,8,9
Zm00001eb321330,chr7,154612148,2.1201122687053937,2.1201122687053937,XP_004957681.1 serine carboxypeptidase-like [Setaria italica],Belongs to the peptidase S10 family,Unknown,Protein Processing,Protein Processing,"GRAS,MIKC_MADS,NAC,Nin-like,TALE,TCP,bHLH",7,1.118,Strong up,,,6,12
Zm00001eb322430,chr7,161258452,1.820101042836913,-1.820101042836913,XP_015695016.2 lon protease-like [Oryza brachyantha],ATP-dependent protease La (LON) substrate-binding domain,Unknown,Protein Processing,Protein Processing,"C2H2,Nin-like,TALE",3,-0.52,Stable,,,3,13
Zm00001eb322850,chr7,162616610,2.258611268748007,2.258611268748007,XP_004957877.1 protein LHCP TRANSLOCATION DEFECT [Setaria italica],Protein LHCP TRANSLOCATION,Unknown,Unknown,Unknown,NONE,1,-1.251,Strong down,,,8,9
Zm00001eb322940,chr7,162807470,1.6639237476891189,-1.6639237476891189,nan,nan,Unknown,Unknown,Unknown,"ARR-B,C2H2,G2-like,GATA,GRAS,LBD,MIKC_MADS,TALE",8,0.482,Stable,,,7,11
Zm00001eb324270,chr7,166654451,2.854351666684522,2.854351666684522,XP_002460859.1 elongation factor 1-alpha [Sorghum bicolor],This protein promotes the GTP-dependent binding of aminoacyl-tRNA to the A-site ,Unknown,Signal Transduction,Signal Transduction|Translation,"C2H2,ERF,LBD,Nin-like",4,-0.417,Stable,,"ko03013,ko05134,map03013,map05134",6,10
Zm00001eb325750,chr7,170356482,1.9537764372555293,1.9537764372555293,XP_002460928.1 chitin-inducible gibberellin-responsive protein 2 [Sorghum bicolor],Belongs to the GRAS family,Unknown,Hormone,Hormone,"G2-like,WRKY",2,0.684,Stable,,,13,4
Zm00001eb327790,chr7,175487307,1.5809303343430303,1.5809303343430303,XP_020554896.1 40S ribosomal protein S6-like [Sesamum indicum],40S ribosomal protein S6,Unknown,Translation,Translation,"C2H2,TALE",2,0.589,Stable,,"ko01521,ko03010,ko04066,ko04150,ko04151,ko04371,ko04714,ko04910,ko05205,map01521,map03010,map04066,map04150,map04151,map04371,map04714,map04910,map05205",6,9
Zm00001eb329780,chr7,180169307,2.548671317761873,-2.548671317761873,XP_021308965.1 haloacid dehalogenase-like hydrolase domain-containing protein 3 [Sorghum bicolor],HAD-hyrolase-like,Unknown,Signal Transduction,Signal Transduction|Metabolism,"CPP,ERF,G2-like,NAC",4,-0.582,Stable,,,7,8
Zm00001eb331960,chr7,184734845,7.313591831593177,7.313591831593177,XP_021308684.1 beta-galactosidase 12 [Sorghum bicolor],Glycosyl hydrolases family 35,Unknown,Metabolism,Metabolism,"NAC,TCP",2,0.443,Stable,,,4,13
Zm00001eb333100,chr8,3885807,1.9944068305931155,1.9944068305931155,XP_002441298.1 calmodulin [Sorghum bicolor],Serine hydrolase (FSH1),Unknown,Signal Transduction,Signal Transduction|Metabolism,"EIL,MYB",2,0.81,Stable,,"ko04014,ko04015,ko04016,ko04020,ko04022,ko04024,ko04070,ko04114,ko04218,ko04261,ko04270,ko04371,ko04626,ko04713,ko04720,ko04722,ko04728,ko04740,ko04744,ko04745,ko04750,ko04910,ko04912,ko04915,ko04916,",6,13
Zm00001eb335350,chr8,13195128,2.1145856324838888,-2.1145856324838888,XP_021311394.1 plastidic glucose transporter 4 isoform X2 [Sorghum bicolor],Belongs to the major facilitator superfamily. Sugar transporter (TC 2.A.1.1) fam,Unknown,Membrane/Transport,Membrane/Transport|Transcription Factor,C2H2,1,0.997,Stable,,,10,9
Zm00001eb335640,chr8,14008624,2.086773530985622,-2.086773530985622,XP_004968156.1 protein SUPPRESSOR OF K(+) TRANSPORT GROWTH DEFECT 1 [Setaria italica],Microtubule Interacting and Trafficking molecule domain,Unknown,Unknown,Unknown,"Dof,G2-like,HSF",3,0.209,Stable,,"ko04144,ko04217,map04144,map04217",11,7
Zm00001eb336310,chr8,16571666,2.0356181013936263,-2.0356181013936263,NP_001332089.1 Histone superfamily protein [Arabidopsis thaliana],Histone cluster 1,Unknown,Transcription Factor,Transcription Factor|Chromatin/Epigenetic,NONE,1,-0.299,Stable,,"ko05034,ko05202,ko05203,ko05322,map05034,map05202,map05203,map05322",4,14
Zm00001eb339310,chr8,29624422,1.8100285930152655,-1.8100285930152655,XP_021313648.1 putative ubiquitin-conjugating enzyme E2 38 [Sorghum bicolor],Belongs to the ubiquitin-conjugating enzyme family,Unknown,Protein Processing,Protein Processing,"ARF,Nin-like,RAV",3,0.416,Stable,,"ko04120,map04120",9,6
Zm00001eb343490,chr8,69576856,2.5924416296542545,-2.5924416296542545,XP_002440234.1 probable glucuronosyltransferase Os05g0559600 [Sorghum bicolor],Involved in the synthesis of glucuronoxylan hemicellulose in secondary cell wall,Unknown,Metabolism,Metabolism,"ERF,MYB,WRKY",3,0.451,Stable,,,11,4
Zm00001eb344340,chr8,74212102,2.3683562503991604,2.3683562503991604,"XP_002441555.1 malate dehydrogenase, mitochondrial [Sorghum bicolor]",Malate dehydrogenase,Unknown,Metabolism,Metabolism,"Dof,bHLH",2,0.524,Stable,,"ko00020,ko00270,ko00620,ko00630,ko00710,ko01100,ko01110,ko01120,ko01130,ko01200,map00020,map00270,map00620,map00630,map00710,map01100,map01110,map01120,map01130,map01200",7,8
Zm00001eb356280,chr8,138992533,2.668331204954375,-2.668331204954375,nan,nan,Unknown,Unknown,Unknown,"MYB,MYB_related,Trihelix",3,-0.045,Stable,,,8,5
Zm00001eb357970,chr8,146144410,2.293064242532769,2.293064242532769,XP_002455934.1 V-type proton ATPase subunit c''2 [Sorghum bicolor],Belongs to the V-ATPase proteolipid subunit family,Unknown,Unknown,Unknown,"ERF,NAC,Nin-like,bZIP",4,0.577,Stable,,"ko00190,ko01100,ko04142,ko04145,ko04721,ko05110,ko05120,ko05152,ko05323,map00190,map01100,map04142,map04145,map04721,map05110,map05120,map05152,map05323",5,12
Zm00001eb360250,chr8,154494525,2.1140533884354262,-2.1140533884354262,XP_004969523.1 auxin-responsive protein IAA5 [Setaria italica],Aux IAA proteins are short-lived transcriptional factors that function as repres,Unknown,Hormone,Hormone,"Dof,TCP",2,-0.297,Stable,,"ko04075,map04075",9,7
Zm00001eb360260,chr8,154506381,2.5420296378071634,2.5420296378071634,XP_004969524.2 protein ATAF2 [Setaria italica],No apical meristem (NAM) protein,Unknown,Unknown,Unknown,"C2H2,Dof,GRAS,MIKC_MADS",4,0.281,Stable,,,4,15
Zm00001eb360390,chr8,154951178,1.8816870182450085,1.8816870182450085,XP_004969542.1 uncharacterized protein LOC101780019 [Setaria italica],YT521-B-like domain,Unknown,Unknown,Unknown,SBP,1,-0.275,Stable,,,8,8
Zm00001eb365940,chr8,171206073,2.272348125964605,2.272348125964605,XP_021313301.1 serine/threonine-protein kinase rio2 [Sorghum bicolor],"Rio2, N-terminal",Unknown,Signal Transduction,Signal Transduction|Metabolism,"Dof,GRAS,MIKC_MADS,TALE,WRKY,bZIP",6,0.411,Stable,,"ko03008,map03008",7,8
Zm00001eb366050,chr8,171368481,2.5632794191115544,2.5632794191115544,XP_021313667.1 uncharacterized protein LOC110434194 isoform X2 [Sorghum bicolor],nan,Unknown,Unknown,Unknown,"C2H2,NAC,SBP,TALE,WRKY,bZIP",6,-0.17,Stable,,,10,8
Zm00001eb370290,chr8,179616196,1.07472545154466,-1.07472545154466,XP_006644760.2 formamidase-like [Oryza brachyantha],Acetamidase/Formamidase family,Unknown,Unknown,Unknown,"C2H2,NAC,bHLH,bZIP",4,-0.576,Stable,,"ko00460,ko00630,ko00910,ko01200,map00460,map00630,map00910,map01200",5,11
Zm00001eb370850,chr8,180764165,2.325544764162936,-2.325544764162936,XP_002458501.2 transcription factor VOZ1 [Sorghum bicolor],transcription factor,Unknown,Transcription Factor,Transcription Factor,NONE,1,-0.003,Stable,,,10,9
Zm00001eb371200,chr8,181730167,2.5344946963916644,-2.5344946963916644,XP_021311353.1 elongation factor 2 [Sorghum bicolor],Elongation factor 2,Unknown,Translation,Translation,"ARR-B,Dof,G2-like,MYB_related,Trihelix,bZIP",6,-0.072,Stable,,"ko04152,ko04921,map04152,map04921",7,11
Zm00001eb373580,chr9,10774790,1.6602529183513337,1.6602529183513337,XP_021305259.1 pantothenate kinase 1-like [Sorghum bicolor],Fumble,Unknown,Signal Transduction,Signal Transduction|Metabolism,"C2H2,NAC,Trihelix",3,0.181,Stable,,"ko00770,ko01100,map00770,map01100",8,11
Zm00001eb374160,chr9,13058820,2.633921684721882,2.633921684721882,XP_021306216.1 uncharacterized protein LOC110431424 [Sorghum bicolor],"5' nucleotidase, deoxy (Pyrimidine), cytosolic type C protein (NT5C)",Unknown,Hormone,Hormone,"C2H2,Dof,EIL,GRAS,MIKC_MADS",5,-0.044,Stable,,,11,8
Zm00001eb377470,chr9,22676829,3.041410938030894,-3.041410938030894,XP_021305067.1 U-box domain-containing protein 35 isoform X1 [Sorghum bicolor],Protein kinase domain,Unknown,Signal Transduction,Signal Transduction|Metabolism,"ERF,MYB,MYB_related,Trihelix,WOX",5,-0.904,Stable,,,4,14
Zm00001eb378810,chr9,27588012,3.006792439729751,3.006792439729751,XP_002468057.1 elongator complex protein 6 isoform X1 [Sorghum bicolor],Elongation complex protein 6,Unknown,Unknown,Unknown,NAC,1,0.461,Stable,,,3,13
Zm00001eb379950,chr9,34000550,2.0105873563987866,2.0105873563987866,XP_002436824.1 zinc finger protein CONSTANS-LIKE 16 [Sorghum bicolor],CCT motif,Unknown,Transcription Factor,Transcription Factor,"C2H2,MYB_related",2,-3.13,Strong down,,,6,13
Zm00001eb381470,chr9,46397613,2.0357283788875327,-2.0357283788875327,XP_002438307.1 65-kDa microtubule-associated protein 1 [Sorghum bicolor],Microtubule associated protein (MAP65/ASE1 family),Unknown,Unknown,Unknown,"ERF,LBD,TALE,TCP",4,1.491,Strong up,,,10,7
Zm00001eb384110,chr9,74126238,2.728481723734669,2.728481723734669,XP_002438585.1 beta-glucosidase 31 [Sorghum bicolor],Belongs to the glycosyl hydrolase 1 family,Unknown,Metabolism,Metabolism,"MYB,SBP",2,0.042,Stable,,"ko00460,ko00500,ko00940,ko01100,ko01110,map00460,map00500,map00940,map01100,map01110",6,11
Zm00001eb385450,chr9,88034220,2.048481055420191,-2.048481055420191,XP_021305774.1 protein NRT1/ PTR FAMILY 4.6 isoform X2 [Sorghum bicolor],POT family,Unknown,Unknown,Unknown,"MYB,Trihelix",2,0.107,Stable,,,5,11
Zm00001eb386220,chr9,94270267,2.353208614460676,2.353208614460676,"XP_002438642.1 heme oxygenase 1, chloroplastic [Sorghum bicolor]",Heme oxygenase,Unknown,Unknown,Unknown,NONE,1,-0.32,Stable,,"ko00860,ko01100,ko01110,map00860,map01100,map01110",3,13
Zm00001eb387030,chr9,99581548,1.5148667115096182,-1.5148667115096182,XP_021304409.1 phosphoenolpyruvate phosphatase [Sorghum bicolor],Purple acid phosphatase,Unknown,Signal Transduction,Signal Transduction|Hormone,"CPP,Dof,GRAS,LBD",4,1.413,Strong up,,,4,14
Zm00001eb393660,chr9,131018319,4.155709293425091,-4.155709293425091,XP_004983815.1 SUMO-conjugating enzyme SCE1 [Setaria italica],Belongs to the ubiquitin-conjugating enzyme family,Unknown,Protein Processing,Protein Processing,"GRAS,HD-ZIP,WOX",3,0.316,Stable,,"ko03013,ko04064,ko04120,ko05206,map03013,map04064,map04120,map05206",4,15
Zm00001eb395470,chr9,139156708,3.936818185586951,3.936818185586951,XP_003558010.1 probable arabinosyltransferase ARAD1 [Brachypodium distachyon],Exostosin family,Unknown,Metabolism,Metabolism,"G2-like,GATA",2,0.491,Stable,,,5,9
Zm00001eb396060,chr9,141202033,2.8374729660761338,-2.8374729660761338,XP_004984611.1 ubiquitin-conjugating enzyme E2 32 [Setaria italica],Belongs to the ubiquitin-conjugating enzyme family,Unknown,Protein Processing,Protein Processing,"ARF,G2-like",2,0.287,Stable,,"ko04120,ko04141,ko05012,map04120,map04141,map05012",12,7
Zm00001eb396520,chr9,142860542,2.252981731306229,2.252981731306229,XP_021303816.1 uncharacterized protein LOC110430400 isoform X2 [Sorghum bicolor],DnaJ domain,Unknown,Unknown,Unknown,"Dof,MYB,MYB_related,NAC",4,-2.757,Strong down,,,9,10
Zm00001eb397090,chr9,144227434,4.221908761750404,-4.221908761750404,XP_004984841.1 alpha-taxilin [Setaria italica],Myosin-like coiled-coil protein,Unknown,Unknown,Unknown,CPP,1,0.519,Stable,,,10,4
Zm00001eb398630,chr9,148791435,3.167548745015788,-3.167548745015788,XP_002468179.2 uncharacterized protein LOC8078851 [Sorghum bicolor],nan,Unknown,Unknown,Unknown,"ERF,NAC,WRKY",3,0.147,Stable,,,15,3
Zm00001eb404310,chr9,161194925,3.950054024266257,3.950054024266257,XP_004986053.1 myosin-2 heavy chain isoform X1 [Setaria italica],nan,Unknown,Unknown,Unknown,"ARF,ERF,LBD",3,0.189,Stable,,,5,13
Zm00001eb405450,chr10,2006861,5.308221308528998,5.308221308528998,XP_021321584.1 transcription factor MYB30 [Sorghum bicolor],"SANT  SWI3, ADA2, N-CoR and TFIIIB'' DNA-binding domains",Unknown,Transcription Factor,Transcription Factor,MYB,1,-1.514,Strong down,,,5,12
Zm00001eb406080,chr10,3735892,2.7982092159957124,-2.7982092159957124,XP_010922739.1 RING-H2 finger protein ATL74 [Elaeis guineensis],RING-like zinc finger,Unknown,Transcription Factor,Transcription Factor,"BBR-BPC,GRAS,MYB,TALE",4,-1.721,Strong down,,,3,14
Zm00001eb406760,chr10,5111246,1.9719257867445232,1.9719257867445232,XP_002442811.1 ACT domain-containing protein ACR12 [Sorghum bicolor],protein DS12 from 2D-PAGE of leaf,Unknown,Signal Transduction,Signal Transduction,"ERF,LBD,NAC,TALE",4,0.315,Stable,,,6,11
Zm00001eb407090,chr10,6211300,1.703172273664204,1.703172273664204,XP_002442837.1 uncharacterized protein LOC8079844 [Sorghum bicolor],nan,Unknown,Unknown,Unknown,"C2H2,ERF,MIKC_MADS,TALE",4,0.308,Stable,,,11,5
Zm00001eb407550,chr10,7903301,2.233745774212639,2.233745774212639,XP_021301689.1 serine/threonine-protein kinase STY8-like isoform X1 [Sorghum bicolor],Protein tyrosine kinase,Unknown,Signal Transduction,Signal Transduction|Metabolism,"NAC,TALE,WRKY",3,0.763,Stable,,,9,6
Zm00001eb407680,chr10,8604729,2.3016985233742973,2.3016985233742973,XP_021301650.1 tubby-like F-box protein 14 [Sorghum bicolor],Belongs to the TUB family,Unknown,Unknown,Unknown,MYB,1,-0.142,Stable,,,7,10
Zm00001eb413740,chr10,64753637,2.411421748480584,2.411421748480584,XP_021321509.1 uncharacterized protein LOC8071173 isoform X3 [Sorghum bicolor],AICARFT/IMPCHase bienzyme,Unknown,Hormone,Hormone,Dof,1,0.263,Stable,,"ko00230,ko00670,ko01100,ko01110,ko01130,ko01523,map00230,map00670,map01100,map01110,map01130,map01523",5,13
Zm00001eb414970,chr10,73843917,5.292211561347937,5.292211561347937,XP_002443930.1 haloacid dehalogenase-like hydrolase domain-containing protein 3 [Sorghum bicolor],Haloacid dehalogenase-like hydrolase,Unknown,Signal Transduction,Signal Transduction|Metabolism,"C2H2,CAMTA,TALE,bHLH",4,1.051,Strong up,,,9,6
Zm00001eb415700,chr10,78959457,1.910872253891431,1.910872253891431,XP_002445096.1 nucleolar GTP-binding protein 1 [Sorghum bicolor],Nucleolar GTP-binding protein 1 (NOG1),Unknown,Signal Transduction,Signal Transduction,C2H2,1,0.065,Stable,,"ko03008,map03008",11,5
Zm00001eb416110,chr10,81353777,2.0762577909849704,2.0762577909849704,XP_021320679.1 vesicle-associated protein 1-3-like isoform X1 [Sorghum bicolor],MSP (Major sperm protein) domain,Unknown,Unknown,Unknown,"Dof,ERF,LBD,TCP,WRKY",5,0.722,Stable,,,13,6
Zm00001eb416770,chr10,85117108,2.007903871939698,-2.007903871939698,XP_021319985.1 uncharacterized protein LOC110436801 isoform X1 [Sorghum bicolor],nan,Unknown,Unknown,Unknown,"C2H2,Dof,GRAS,MIKC_MADS,Trihelix",5,-1.41,Strong down,,,9,4
Zm00001eb418090,chr10,92089742,2.353892134412911,-2.353892134412911,XP_002439286.1 1-aminocyclopropane-1-carboxylate oxidase [Sorghum bicolor],Belongs to the iron ascorbate-dependent oxidoreductase family,Unknown,Metabolism,Metabolism|Redox/Stress,"Trihelix,WOX,WRKY",3,0.002,Stable,,"ko00270,ko01100,ko01110,map00270,map01100,map01110",12,6
Zm00001eb418940,chr10,97534549,2.012100027216712,2.012100027216712,XP_002447404.2 fatty acid amide hydrolase [Sorghum bicolor],Amidase,Unknown,Metabolism,Metabolism,"C2H2,TALE",2,1.126,Strong up,,,11,8
Zm00001eb419200,chr10,98908136,2.0258059361051934,2.0258059361051934,"XP_002463509.1 tyrosine--tRNA ligase, cytoplasmic [Sorghum bicolor]",Putative tRNA binding domain,Unknown,Translation,Translation|Metabolism,"ERF,LBD",2,-0.343,Stable,,,12,6
Zm00001eb425180,chr10,128801642,3.1339485522332793,3.1339485522332793,XP_002446692.1 uncharacterized protein LOC8073684 [Sorghum bicolor],YqaJ-like viral recombinase domain,Unknown,Unknown,Unknown,CAMTA,1,1.92,Strong up,,"ko04714,map04714",4,14
Zm00001eb425580,chr10,129870575,1.359398667383342,1.359398667383342,XP_002446718.1 uncharacterized protein LOC8073710 [Sorghum bicolor],Lysine methyltransferase,Unknown,Chromatin/Epigenetic,Chromatin/Epigenetic|Metabolism,"ERF,SBP",2,0.687,Stable,,,10,8
Zm00001eb425660,chr10,130088323,2.1890268340701353,2.1890268340701353,XP_002446731.2 protein NLP2 [Sorghum bicolor],RWP-RK domain,Unknown,Unknown,Unknown,"Dof,TALE",2,-0.32,Stable,,,13,5
Zm00001eb425960,chr10,131065925,2.588903946380261,2.588903946380261,XP_004976129.1 BTB/POZ domain-containing protein At2g24240-like [Setaria italica],BTB POZ domain-containing protein,Unknown,Signal Transduction,Signal Transduction,ARF,1,0.054,Stable,,,3,13
Zm00001eb425980,chr10,131196529,1.682304387969365,-1.682304387969365,XP_004976131.2 gamma-tubulin complex component 2 [Setaria italica],Gamma-tubulin complex is necessary for microtubule nucleation at the centrosome,Unknown,Unknown,Unknown,"CPP,MIKC_MADS,MYB,SBP",4,1.079,Strong up,,,11,6
Zm00001eb427480,chr10,135806526,1.7246015035091242,1.7246015035091242,XP_002446858.1 serine/threonine-protein kinase GRIK1 [Sorghum bicolor],Belongs to the protein kinase superfamily,Unknown,Signal Transduction,Signal Transduction|Transcription Factor|Metabolism,Trihelix,1,0.063,Stable,,"ko04140,ko04152,ko04211,ko04920,ko04921,ko05034,map04140,map04152,map04211,map04920,map04921,map05034",7,10
Zm00001eb429910,chr10,142142497,2.7576048593546143,2.7576048593546143,XP_021319757.1 uncharacterized protein LOC8060472 isoform X2 [Sorghum bicolor],Phosphoenolpyruvate carboxykinase,Unknown,Signal Transduction,Signal Transduction|Metabolism|Hormone,"G2-like,MYB",2,0.335,Stable,,,9,5
Zm00001eb431330,chr10,145438301,3.4188105289396575,3.4188105289396575,XP_021319423.1 uncharacterized protein LOC110436532 [Sorghum bicolor],DNA binding domain with preference for A/T rich regions,Unknown,Unknown,Unknown,"C2H2,ERF,TALE",3,-0.258,Stable,,,3,13
Zm00001eb000920,chr1,3262750,1.008744758576002,1.008744758576002,XP_021302596.1 serine/threonine-protein kinase OSR1-like isoform X1 [Sorghum bicolor],Protein kinase domain,Unknown,Signal Transduction,Signal Transduction|Metabolism,C2H2,1,0.049,Stable,,,8,10
Zm00001eb001150,chr1,3789618,2.0803573236363664,2.0803573236363664,XP_004985979.2 vacuolar protein 8 isoform X1 [Setaria italica],Armadillo/beta-catenin-like repeats,Unknown,Unknown,Unknown,NAC,1,-0.537,Stable,,,12,7
Zm00001eb001340,chr1,4078949,3.0172447030203235,3.0172447030203235,XP_002468628.2 hydroxymethylglutaryl-CoA synthase [Sorghum bicolor],"This enzyme condenses acetyl-CoA with acetoacetyl-CoA to form HMG-CoA, which is ",Unknown,Metabolism,Metabolism,"ERF,LBD,TALE",3,1.336,Strong up,,"ko00072,ko00280,ko00650,ko00900,ko01100,ko01110,ko01130,map00072,map00280,map00650,map00900,map01100,map01110,map01130",4,9
Zm00001eb002060,chr1,5896996,3.089173372090931,3.089173372090931,"XP_002468591.1 ADP,ATP carrier protein 1, mitochondrial [Sorghum bicolor]",Belongs to the mitochondrial carrier (TC 2.A.29) family,Unknown,Membrane/Transport,Membrane/Transport,"HSF,LBD",2,1.322,Strong up,,"ko04020,ko04022,ko04217,ko04218,ko05012,ko05016,ko05166,map04020,map04022,map04217,map04218,map05012,map05016,map05166",5,8
Zm00001eb002200,chr1,6246228,1.831745903607489,1.831745903607489,nan,nan,Unknown,Unknown,Unknown,"ARF,C2H2",2,1.034,Strong up,,,14,5
Zm00001eb004440,chr1,12270743,2.237456691760147,-2.237456691760147,XP_002468472.1 probable serine/threonine-protein kinase PBL16 [Sorghum bicolor],Belongs to the protein kinase superfamily,Unknown,Signal Transduction,Signal Transduction|Transcription Factor|Metabolism,"C2H2,G2-like,GRAS,MIKC_MADS",4,-0.639,Stable,,"ko04010,ko04064,ko04620,ko04621,ko04624,ko04722,ko05133,ko05140,ko05142,ko05145,ko05152,ko05162,ko05164,map04010,map04064,map04620,map04621,map04624,map04722,map05133,map05140,map05142,map05145,map051",12,5
Zm00001eb005920,chr1,16845468,3.900235613086104,3.900235613086104,XP_002468402.1 probable lipoxygenase 6 [Sorghum bicolor],Plant lipoxygenase may be involved in a number of diverse aspects of plant physi,Unknown,Unknown,Unknown,"ARF,MYB,bHLH",3,1.824,Strong up,,"ko00591,ko00592,ko01100,ko01110,map00591,map00592,map01100,map01110",14,4
Zm00001eb006410,chr1,17983879,2.2701140403215683,2.2701140403215683,XP_040378548.1 tryptamine benzoyltransferase 1-like [Oryza brachyantha],hydroxycinnamoyltransferase activity,Unknown,Metabolism,Metabolism,"C2H2,ERF,MYB",3,-1.169,Strong down,,"ko00940,ko00941,ko00945,ko01100,ko01110,map00940,map00941,map00945,map01100,map01110",5,14
Zm00001eb006880,chr1,19882546,1.6360159962413543,1.6360159962413543,XP_002465720.1 uncharacterized protein LOC8057635 isoform X1 [Sorghum bicolor],N-terminal cysteine-rich region of Transmembrane protein 135,Unknown,Membrane/Transport,Membrane/Transport,"GATA,MYB",2,1.275,Strong up,,,5,10
Zm00001eb009870,chr1,30883530,2.263909599998336,-2.263909599998336,XP_002468212.1 uncharacterized protein LOC8056841 [Sorghum bicolor],nan,Unknown,Unknown,Unknown,"C2H2,TALE,bZIP",3,-0.046,Stable,,,6,10
Zm00001eb010370,chr1,32844672,2.252685603445886,-2.252685603445886,XP_004985039.1 actin-depolymerizing factor 5 [Setaria italica],Belongs to the actin-binding proteins ADF family,Unknown,Signal Transduction,Signal Transduction,ERF,1,-0.291,Stable,,"ko04360,ko04666,ko04810,ko05133,map04360,map04666,map04810,map05133",4,12
Zm00001eb010730,chr1,34330835,1.524366505225603,1.524366505225603,XP_022678693.1 uncharacterized protein LOC111255782 isoform X2 [Setaria italica],Calcium-binding EF-hand family protein,Unknown,Signal Transduction,Signal Transduction,"ERF,TALE",2,-0.17,Stable,,,7,11
Zm00001eb010900,chr1,34878903,3.0203014131688506,3.0203014131688506,"XP_002465546.1 phosphomevalonate kinase, peroxisomal [Sorghum bicolor]",GHMP kinases N terminal domain,Unknown,Signal Transduction,Signal Transduction|Metabolism,SBP,1,1.683,Strong up,,"ko00900,ko01100,ko01110,ko01130,map00900,map01100,map01110,map01130",3,15
Zm00001eb011240,chr1,36186619,1.5296868605696086,1.5296868605696086,XP_021307532.1 L-type lectin-domain containing receptor kinase IV.2 [Sorghum bicolor],Legume lectin domain,Unknown,Receptor/Sensor,Receptor/Sensor|Signal Transduction|Metabolism,"EIL,SBP,bHLH",3,-0.022,Stable,,,7,9
Zm00001eb011630,chr1,37980846,2.3673147899655183,2.3673147899655183,XP_002468136.1 uncharacterized TPR repeat-containing protein At1g05150 [Sorghum bicolor],"Zinc-binding domain, present in Dystrophin, CREB-binding protein.",Unknown,Signal Transduction,Signal Transduction,"GATA,HD-ZIP,MYB_related",3,-0.564,Stable,,,8,6
Zm00001eb012570,chr1,41377778,3.1836539394163976,-3.1836539394163976,XP_002465466.1 cysteine-rich repeat secretory protein 55 [Sorghum bicolor],Salt stress response/antifungal,Unknown,Unknown,Unknown,"ARF,HD-ZIP,Nin-like,WOX",4,-0.35,Stable,,,5,8
Zm00001eb012950,chr1,42980657,2.072267985348476,-2.072267985348476,XP_004984794.1 protein MODIFIER OF SNC1 11 [Setaria italica],Protein MODIFIER OF SNC1,Unknown,Unknown,Unknown,"AP2,MIKC_MADS,Trihelix",3,0.409,Stable,,,7,9
Zm00001eb013300,chr1,44344832,1.6498308938673911,-1.6498308938673911,XP_004984847.1 protein YIPF5 homolog [Setaria italica],Yip1 domain,Unknown,Unknown,Unknown,"ARF,MYB,Trihelix",3,1.029,Strong up,,,9,9
Zm00001eb014600,chr1,48970900,1.7351969075308251,1.7351969075308251,"XP_002467982.1 calvin cycle protein CP12-1, chloroplastic [Sorghum bicolor]",CP12,Unknown,Unknown,Unknown,"CPP,Dof,MIKC_MADS",3,0.334,Stable,,,7,11
Zm00001eb016330,chr1,57058153,2.6286276750149615,-2.6286276750149615,"XP_021302118.1 putative GTP diphosphokinase RSH1, chloroplastic [Sorghum bicolor]",TGS domain,Unknown,Signal Transduction,Signal Transduction|Metabolism,"B3,C2H2,NAC",3,-0.294,Stable,,"ko00230,map00230",9,8
Zm00001eb016800,chr1,59904185,1.3864165469043874,1.3864165469043874,XP_002467862.1 zinc finger protein CONSTANS-LIKE 13 [Sorghum bicolor],CCT motif,Unknown,Transcription Factor,Transcription Factor,"CAMTA,NAC,Nin-like",3,0.942,Stable,,,13,4
Zm00001eb017050,chr1,60926702,1.1137561866149133,1.1137561866149133,XP_002467852.1 U4/U6 small nuclear ribonucleoprotein PRP4-like protein [Sorghum bicolor],source UniProtKB,Unknown,Unknown,Unknown,"C2H2,NAC",2,0.562,Stable,,"ko03040,map03040",4,9
Zm00001eb019230,chr1,68998584,4.5395507311740175,-4.5395507311740175,nan,nan,Unknown,Unknown,Unknown,"Dof,WRKY",2,0.769,Stable,,,10,5
Zm00001eb019370,chr1,69764971,2.5685487774525666,2.5685487774525666,nan,nan,Unknown,Unknown,Unknown,"C2H2,SBP",2,-0.334,Stable,,,4,14
Zm00001eb019800,chr1,72171126,2.0850946858589463,-2.0850946858589463,XP_021304947.1 E3 ubiquitin-protein ligase BRE1-like 2 isoform X1 [Sorghum bicolor],E3 ubiquitin-protein ligase BRE1-like,Unknown,Protein Processing,Protein Processing|Metabolism,"ARF,C2H2,MYB,Nin-like,RAV",5,0.287,Stable,,,8,7
Zm00001eb020110,chr1,74030656,2.288149136505908,2.288149136505908,XP_002465124.1 protein SPIRAL1-like 1 [Sorghum bicolor],SPIRAL1-like,Unknown,Unknown,Unknown,"Dof,MYB",2,-0.326,Stable,,,7,6
Zm00001eb020690,chr1,77561196,4.470013059440195,-4.470013059440195,nan,nan,Unknown,Unknown,Unknown,"CAMTA,NAC,SBP",3,0.694,Stable,,,4,9
Zm00001eb021800,chr1,83001127,2.653164141231232,2.653164141231232,XP_002467594.1 transcription repressor OFP8 [Sorghum bicolor],"Transcriptional repressor, ovate",Unknown,Unknown,Unknown,"ERF,NAC",2,1.122,Strong up,,,3,15
Zm00001eb022040,chr1,84277355,2.999940321939209,2.999940321939209,"XP_004983812.1 protein CURVATURE THYLAKOID 1B, chloroplastic [Setaria italica]",CAAD domains of cyanobacterial aminoacyl-tRNA synthetase,Unknown,Translation,Translation,"G2-like,RAV,TCP",3,-1.338,Strong down,,,7,12
Zm00001eb022580,chr1,86777664,3.6209706774235326,-3.6209706774235326,XP_002465000.1 hippocampus abundant transcript 1 protein [Sorghum bicolor],Hippocampus abundant transcript-like protein,Unknown,Signal Transduction,Signal Transduction,"ERF,MYB,Nin-like,TALE,WRKY",5,-1.748,Strong down,,,15,3
Zm00001eb022750,chr1,87656463,1.3956871185277226,1.3956871185277226,XP_002464994.1 cyclin-dependent protein kinase inhibitor SMR1 [Sorghum bicolor],Cyclin-dependent protein kinase inhibitor,Unknown,Signal Transduction,Signal Transduction|Metabolism,"ERF,SBP,TALE",3,0.764,Stable,,,8,11
Zm00001eb023130,chr1,90313646,2.1932050567132197,2.1932050567132197,XP_002464960.2 uncharacterized protein LOC8058747 [Sorghum bicolor],Zinc finger protein,Unknown,Transcription Factor,Transcription Factor,"G2-like,GATA,MYB,SBP",4,-0.708,Stable,,,10,9
Zm00001eb023220,chr1,91377437,2.27054529992127,2.27054529992127,nan,nan,Unknown,Unknown,Unknown,"TALE,bHLH",2,1.033,Strong up,,,9,10
Zm00001eb023350,chr1,92292812,2.1033119242741045,-2.1033119242741045,XP_014660002.1 transcription factor UNE10 isoform X2 [Setaria italica],Transcription factor,Unknown,Transcription Factor,Transcription Factor,"ERF,MYB,Trihelix,WRKY",4,-0.902,Stable,,,7,11
Zm00001eb024120,chr1,97701896,2.302558477026654,2.302558477026654,XP_002464905.1 trithorax group protein osa [Sorghum bicolor],nan,Unknown,Unknown,Unknown,LBD,1,0.403,Stable,,,5,14
Zm00001eb025400,chr1,108502297,2.50297585963056,-2.50297585963056,XP_002467419.1 protein NRT1/ PTR FAMILY 8.3 isoform X1 [Sorghum bicolor],POT family,Unknown,Unknown,Unknown,ERF,1,0.674,Stable,,,6,10
Zm00001eb026550,chr1,122210678,4.060818333122903,-4.060818333122903,XP_021318306.1 leucine-rich repeat receptor-like protein kinase PEPR2 [Sorghum bicolor],Leucine rich repeat,Unknown,Receptor/Sensor,Receptor/Sensor|Signal Transduction|Metabolism,"ARR-B,EIL,G2-like,MYB_related",4,0.318,Stable,,,14,4
Zm00001eb026930,chr1,126913502,2.116487974353716,2.116487974353716,nan,nan,Unknown,Unknown,Unknown,TCP,1,-0.341,Stable,,,11,7
Zm00001eb030710,chr1,170618556,3.170737524891494,3.170737524891494,XP_002443475.1 SPX and EXS domain-containing protein 1 [Sorghum bicolor],EXS family,Unknown,Signal Transduction,Signal Transduction,"CPP,MYB",2,0.9,Stable,,,9,4
Zm00001eb031670,chr1,177309045,2.7747387468313107,-2.7747387468313107,XP_002443548.1 homeobox-leucine zipper protein HOX33 [Sorghum bicolor],MEKHLA domain,Unknown,Transcription Factor,Transcription Factor,"G2-like,HSF",2,-0.506,Stable,,,6,7
Zm00001eb032230,chr1,180161163,1.7113240355174346,1.7113240355174346,"XP_021302372.1 cationic amino acid transporter 2, vacuolar-like isoform X2 [Sorghum bicolor]",C-terminus of AA_permease,Unknown,Membrane/Transport,Membrane/Transport,"G2-like,MYB,Nin-like,WRKY",4,0.35,Stable,,"ko05206,map05206",5,13
Zm00001eb032890,chr1,183958880,2.1225593337323754,2.1225593337323754,XP_002442604.2 uncharacterized protein LOC8065244 [Sorghum bicolor],nan,Unknown,Unknown,Unknown,"C2H2,ERF,LBD,MYB,TALE",5,-0.929,Stable,,,4,13
Zm00001eb033050,chr1,184439096,3.3385292973275944,3.3385292973275944,XP_002443660.1 LRR receptor-like serine/threonine-protein kinase FEI 1 [Sorghum bicolor],Belongs to the protein kinase superfamily. Ser Thr protein kinase family,Unknown,Receptor/Sensor,Receptor/Sensor|Signal Transduction|Transcription Factor|Metabolism,"EIL,Trihelix",2,-1.615,Strong down,,,7,12
Zm00001eb033220,chr1,184907626,2.4420295470223596,-2.4420295470223596,nan,nan,Unknown,Unknown,Unknown,"ARF,GATA,MIKC_MADS",3,-0.359,Stable,,,4,15
Zm00001eb034990,chr1,192290364,3.154118781316213,-3.154118781316213,XP_002444772.2 ABC transporter C family member 10 [Sorghum bicolor],ABC transporter C family member,Unknown,Membrane/Transport,Membrane/Transport,"Dof,MIKC_MADS,Trihelix,WRKY",4,1.562,Strong up,,"ko01523,ko01524,ko02010,ko04976,map01523,map01524,map02010,map04976",7,10
Zm00001eb036550,chr1,198167984,3.589115459714462,3.589115459714462,XP_002445820.1 exocyst complex component EXO70B1 [Sorghum bicolor],Exo70 exocyst complex subunit,Unknown,Unknown,Unknown,"G2-like,GRAS,TALE",3,-0.721,Stable,,"ko04910,map04910",5,14
Zm00001eb036910,chr1,199461418,2.11257112829817,2.11257112829817,"XP_021320584.1 glycerophosphodiester phosphodiesterase GDPD1, chloroplastic [Sorghum bicolor]",Glycerophosphoryl diester phosphodiesterase family,Unknown,Unknown,Unknown,"BES1,TALE",2,-0.438,Stable,,"ko00564,map00564",6,12
Zm00001eb037210,chr1,200570121,2.443463835576049,-2.443463835576049,XP_002445776.1 PTI1-like tyrosine-protein kinase 3 [Sorghum bicolor],Belongs to the protein kinase superfamily. Tyr protein kinase family,Unknown,Signal Transduction,Signal Transduction|Transcription Factor|Metabolism,ARF,1,0.209,Stable,,"ko04626,map04626",3,13
Zm00001eb038600,chr1,206116074,2.2044341204611366,2.2044341204611366,"XP_002444539.2 bifunctional TH2 protein, mitochondrial [Sorghum bicolor]",TENA/THI-4/PQQC family,Unknown,Unknown,Unknown,"MYB,NAC",2,0.237,Stable,,,6,13
Zm00001eb038640,chr1,206226148,1.6017144404374195,1.6017144404374195,XP_002444541.1 histone-lysine N-methyltransferase family member SUVH9 [Sorghum bicolor],Pre-SET motif,Unknown,Chromatin/Epigenetic,Chromatin/Epigenetic|Metabolism,ERF,1,0.649,Stable,,"ko00310,ko04211,map00310,map04211",12,7
Zm00001eb039610,chr1,209881617,5.018659294750796,5.018659294750796,XP_002445697.1 uncharacterized protein LOC8057823 [Sorghum bicolor],Low molecular weight phosphatase family,Unknown,Signal Transduction,Signal Transduction,"C2H2,GRAS,MIKC_MADS",3,-0.356,Stable,,,13,3
Zm00001eb039620,chr1,210024968,2.8626669109014293,-2.8626669109014293,"XP_021320422.1 cytochrome c1-2, heme protein, mitochondrial [Sorghum bicolor]",Cytochrome C1 family,Unknown,Unknown,Unknown,G2-like,1,0.584,Stable,,"ko00190,ko01100,ko02020,ko04260,ko04714,ko04932,ko05010,ko05012,ko05016,map00190,map01100,map02020,map04260,map04714,map04932,map05010,map05012,map05016",7,9
Zm00001eb041750,chr1,219667307,3.2547150798762554,3.2547150798762554,XP_021906003.1 uncharacterized protein LOC110820733 [Carica papaya],Agenet domain,Unknown,Unknown,Unknown,"C2H2,ERF,MYB,Trihelix",4,-0.047,Stable,,,6,8
Zm00001eb041880,chr1,220331322,4.27083902359084,-4.27083902359084,XP_002444371.1 DNA repair protein RAD4 [Sorghum bicolor],Rad4 beta-hairpin domain 3,Unknown,Unknown,Unknown,"ERF,LBD,TALE",3,0.34,Stable,,"ko03420,map03420",6,10
Zm00001eb043310,chr1,228006396,9.946821826323156,9.946821826323156,XP_002466928.1 probable serine incorporator [Sorghum bicolor],Serine incorporator (Serinc),Unknown,Unknown,Unknown,"C2H2,ERF,GRAS,LBD,MIKC_MADS,MYB,MYB_related,TALE,bZIP",9,0.562,Stable,,,12,4
Zm00001eb044910,chr1,234060687,2.1490725006497247,-2.1490725006497247,"XP_021307649.1 protein TIC110, chloroplastic [Sorghum bicolor]",Chloroplast envelope transporter,Unknown,Membrane/Transport,Membrane/Transport,NONE,1,0.274,Stable,,,8,10
Zm00001eb044970,chr1,234172152,2.283194705250409,2.283194705250409,XP_004982769.1 NDR1/HIN1-like protein 6 [Setaria italica],Late embryogenesis abundant protein,Unknown,Unknown,Unknown,"CPP,Trihelix",2,1.519,Strong up,,,7,10
Zm00001eb046750,chr1,241110893,2.221385354874377,-2.221385354874377,XP_002464532.1 ras-related protein RABC2a [Sorghum bicolor],Ras family,Unknown,Unknown,Unknown,"C2H2,CAMTA",2,1.153,Strong up,,,5,14
Zm00001eb046960,chr1,241539557,1.4931449668293355,1.4931449668293355,XP_021306519.1 putative transporter arsB [Sorghum bicolor],Citrate transporter,Unknown,Membrane/Transport,Membrane/Transport,"C2H2,SBP,Trihelix",3,-0.451,Stable,,,15,4
Zm00001eb047770,chr1,245361730,7.1755794559533985,-7.1755794559533985,"XP_021307089.1 1,2-dihydroxy-3-keto-5-methylthiopentene dioxygenase 4-like [Sorghum bicolor]",Catalyzes the formation of formate and 2-keto-4- methylthiobutyrate (KMTB) from ,Unknown,Unknown,Unknown,"C2H2,GATA,HSF,MIKC_MADS,MYB",5,-0.08,Stable,,"ko00270,ko01100,map00270,map01100",9,9
Zm00001eb048390,chr1,248596857,5.293251429718321,5.293251429718321,"XP_002464639.1 ATP-dependent 6-phosphofructokinase 5, chloroplastic [Sorghum bicolor]","Catalyzes the phosphorylation of D-fructose 6-phosphate to fructose 1,6-bisphosp",Unknown,Signal Transduction,Signal Transduction|Metabolism,"CAMTA,Nin-like,Trihelix",3,0.269,Stable,,"ko00010,ko00030,ko00051,ko00052,ko00680,ko01100,ko01110,ko01120,ko01130,ko01200,ko01230,ko03018,ko04152,ko05230,map00010,map00030,map00051,map00052,map00680,map01100,map01110,map01120,map01130,map0120",6,8
Zm00001eb048710,chr1,250455723,3.3080792392493015,-3.3080792392493015,nan,nan,Unknown,Unknown,Unknown,MYB,1,-1.306,Strong down,,,5,12
Zm00001eb049880,chr1,254679914,2.0255071593635225,-2.0255071593635225,XP_021314676.1 scarecrow-like protein 34 [Sorghum bicolor],Belongs to the GRAS family,Unknown,Unknown,Unknown,Dof,1,0.166,Stable,,,4,9
Zm00001eb049920,chr1,254745792,1.4840239648110298,-1.4840239648110298,XP_004982471.1 uncharacterized protein LOC101773080 isoform X1 [Setaria italica],Universal stress protein family,Unknown,Unknown,Unknown,"ARR-B,C2H2,ERF,G2-like,GATA,GRAS,MYB_related,NAC",8,0.869,Stable,,,6,12
Zm00001eb050350,chr1,256721763,2.967144294346598,-2.967144294346598,XP_004982316.1 DNA-directed RNA polymerase II subunit RPB2 [Setaria italica],DNA-dependent RNA polymerase catalyzes the transcription of DNA into RNA using t,Unknown,Unknown,Unknown,"LBD,TALE",2,0.728,Stable,,"ko00230,ko00240,ko01100,ko03020,ko05016,ko05169,map00230,map00240,map01100,map03020,map05016,map05169",5,13
Zm00001eb052110,chr1,263870101,2.124106917694363,-2.124106917694363,nan,nan,Unknown,Unknown,Unknown,TCP,1,-0.884,Stable,,,6,10
Zm00001eb055010,chr1,274494877,2.350013218095232,-2.350013218095232,XP_002466575.1 pentatricopeptide repeat-containing protein At4g01570 [Sorghum bicolor],PPR repeat,Unknown,Signal Transduction,Signal Transduction,NONE,1,0.75,Stable,,,6,10
Zm00001eb055170,chr1,275076946,3.0545487766710915,-3.0545487766710915,"XP_002463993.2 probable phosphoribosylformylglycinamidine synthase, chloroplastic/mitochondrial [Sorghum bicolor]",CobB/CobQ-like glutamine amidotransferase domain,Unknown,Metabolism,Metabolism,MYB,1,0.24,Stable,,"ko00230,ko01100,ko01110,ko01130,map00230,map01100,map01110,map01130",6,12
Zm00001eb055620,chr1,276650852,3.0840355488625844,3.0840355488625844,XP_021320574.1 SWI/SNF complex subunit SWI3D isoform X1 [Sorghum bicolor],SWIRM-associated region 1,Unknown,Chromatin/Epigenetic,Chromatin/Epigenetic,"HD-ZIP,MYB,MYB_related,Trihelix",4,0.518,Stable,,"ko04714,ko05225,map04714,map05225",9,8
Zm00001eb056030,chr1,278826136,2.1339360185778684,2.1339360185778684,XP_002463941.1 prostamide/prostaglandin F synthase [Sorghum bicolor],AhpC/TSA antioxidant enzyme,Unknown,Metabolism,Metabolism,"G2-like,M-type_MADS,MIKC_MADS",3,0.103,Stable,,,8,5
Zm00001eb057160,chr1,282764868,1.9297323311764496,-1.9297323311764496,XP_002466462.1 PHD finger protein ING2 [Sorghum bicolor],Inhibitor of growth proteins N-terminal histone-binding,Unknown,Chromatin/Epigenetic,Chromatin/Epigenetic,"C2H2,MYB,TALE",3,0.672,Stable,,,11,8
Zm00001eb059970,chr1,292328009,3.75243387349988,3.75243387349988,XP_002463775.1 CCR4-NOT transcription complex subunit 3 [Sorghum bicolor],zinc finger,Unknown,Transcription Factor,Transcription Factor,TALE,1,-1.187,Strong down,,,16,3
Zm00001eb060330,chr1,293484526,1.7107850348014724,1.7107850348014724,XP_004981481.1 replication factor C subunit 5 [Setaria italica],Rad17 cell cycle checkpoint protein,Unknown,Unknown,Unknown,"ARF,MYB",2,0.621,Stable,,"ko03030,ko03420,ko03430,map03030,map03420,map03430",7,6
Zm00001eb060410,chr1,293674250,2.382455404355214,2.382455404355214,XP_002466320.1 25.3 kDa vesicle transport protein [Sorghum bicolor],Belongs to the synaptobrevin family,Unknown,Unknown,Unknown,"C2H2,MYB,TALE,WRKY",4,0.645,Stable,,"ko04130,ko04145,ko05134,map04130,map04145,map05134",4,13
Zm00001eb060730,chr1,294630742,3.766490117317838,3.766490117317838,XP_002463741.1 60S ribosomal protein L4-1 [Sorghum bicolor],60S ribosomal protein,Unknown,Translation,Translation,Trihelix,1,1.047,Strong up,,"ko03010,map03010",12,5
Zm00001eb061370,chr1,296607704,2.515980070847814,2.515980070847814,XP_052150214.1 protein NO VEIN [Oryza glaberrima],nan,Unknown,Unknown,Unknown,MYB_related,1,0.307,Stable,,,6,10
Zm00001eb061520,chr1,297171952,1.69168016277512,-1.69168016277512,XP_015691198.1 elongation factor P isoform X1 [Oryza brachyantha],Elongation factor P (EF-P) OB domain,Unknown,Translation,Translation,"ERF,Nin-like",2,1.868,Strong up,,,7,11
Zm00001eb061760,chr1,297567154,2.2616050530421106,-2.2616050530421106,XP_002466244.1 40S ribosomal protein S2-3 [Sorghum bicolor],Belongs to the universal ribosomal protein uS5 family,Unknown,Translation,Translation,TALE,1,0.635,Stable,,"ko03010,map03010",10,7
Zm00001eb061820,chr1,297821539,1.8927238208995572,-1.8927238208995572,XP_006651938.2 remorin 4.1-like [Oryza brachyantha],"Remorin, C-terminal region",Unknown,Unknown,Unknown,NAC,1,0.696,Stable,,,7,12
Zm00001eb061860,chr1,297954395,1.9645315002438188,1.9645315002438188,XP_002466239.1 calcium-dependent protein kinase 8 [Sorghum bicolor],Calcium-dependent protein kinase,Unknown,Signal Transduction,Signal Transduction|Second Messenger|Metabolism,"CPP,HD-ZIP,MYB",3,0.186,Stable,,"ko04626,ko05145,map04626,map05145",10,9
Zm00001eb061940,chr1,298119374,2.011460116416276,2.011460116416276,XP_002466235.1 TLC domain-containing protein At5g14285 [Sorghum bicolor],TLC domain,Unknown,Signal Transduction,Signal Transduction,"C2H2,MYB",2,0.158,Stable,,,11,8
Zm00001eb062220,chr1,299161158,1.556245220513922,-1.556245220513922,XP_002463653.1 U-box domain-containing protein 62 isoform X1 [Sorghum bicolor],U-box domain-containing protein,Unknown,Signal Transduction,Signal Transduction,MYB_related,1,0.263,Stable,,,8,8
Zm00001eb063300,chr1,302187930,1.6836412220269683,1.6836412220269683,"XP_021319783.1 DEAD-box ATP-dependent RNA helicase 3, chloroplastic [Sorghum bicolor]",Nuclear genome-encoded factor involved in ribosome biogenesis in chloroplasts. B,Unknown,Translation,Translation,"CAMTA,bHLH,bZIP",3,0.095,Stable,,"ko01110,map01110",6,10
Zm00001eb065000,chr1,306610697,3.849499542569564,-3.849499542569564,XP_002466062.1 probable carbohydrate esterase At4g34215 [Sorghum bicolor],"Carbohydrate esterase, sialic acid-specific acetylesterase",Unknown,Unknown,Unknown,LBD,1,-2.893,Strong down,,,7,11
Zm00001eb068910,chr2,6413681,2.9487015875250875,2.9487015875250875,XP_002448622.1 binding partner of ACD11 1 [Sorghum bicolor],RNA recognition motif,Unknown,Unknown,Unknown,"NAC,TCP,bZIP",3,-0.423,Stable,,,3,13
Zm00001eb071290,chr2,11570568,2.1910098163731746,2.1910098163731746,XP_021318518.1 uncharacterized protein LOC8072313 isoform X1 [Sorghum bicolor],YT521-B-like domain,Unknown,Unknown,Unknown,NONE,1,-0.738,Stable,,,6,13
Zm00001eb071360,chr2,11669559,2.2096785542951864,2.2096785542951864,XP_002448493.1 galacturonokinase [Sorghum bicolor],Galactokinase galactose-binding signature,Unknown,Signal Transduction,Signal Transduction|Metabolism,Dof,1,-0.376,Stable,,"ko00520,map00520",11,5
Zm00001eb072790,chr2,15238401,2.599665427912612,2.599665427912612,XP_002446995.1 uncharacterized protein LOC8057699 [Sorghum bicolor],Alpha and gamma adaptin binding protein p34,Unknown,Signal Transduction,Signal Transduction,NONE,1,0.886,Stable,,,3,14
Zm00001eb073810,chr2,18375896,2.74040437964149,2.74040437964149,XP_002448347.2 protein argonaute 1B isoform X2 [Sorghum bicolor],Belongs to the argonaute family,Unknown,Unknown,Unknown,"ARF,Dof",2,-1.571,Strong down,,,3,16
Zm00001eb082480,chr2,50978303,2.112619935604266,-2.112619935604266,XP_004975664.1 vasodilator-stimulated phosphoprotein-like [Setaria italica],nan,Unknown,Unknown,Unknown,"CAMTA,TALE,bHLH",3,-1.251,Strong down,,,6,8
Zm00001eb084920,chr2,66222254,2.3696942297445207,-2.3696942297445207,XP_004953540.1 60S ribosomal protein L12-1 [Setaria italica],Belongs to the universal ribosomal protein uL11 family,Unknown,Translation,Translation,"C2H2,CAMTA,CPP,M-type_MADS,MYB",5,0.679,Stable,,"ko03010,map03010",8,9
Zm00001eb086540,chr2,84666680,5.451041171360822,5.451041171360822,XP_021318420.1 lactoylglutathione lyase [Sorghum bicolor],"Catalyzes the conversion of hemimercaptal, formed from methylglyoxal and glutath",Unknown,Redox/Stress,Redox/Stress,"CPP,Dof,MYB,Trihelix,WRKY",5,0.088,Stable,,"ko00620,map00620",7,8
Zm00001eb087050,chr2,91262529,1.7993221358770537,-1.7993221358770537,XP_002447595.1 CASP-like protein 2A1 [Sorghum bicolor],Belongs to the Casparian strip membrane proteins (CASP) family,Unknown,Membrane/Transport,Membrane/Transport,Nin-like,1,0.34,Stable,,,12,5
Zm00001eb089390,chr2,115957364,1.929141988092667,1.929141988092667,XP_002447427.2 ATP sulfurylase 2 [Sorghum bicolor],PUA-like domain,Unknown,Unknown,Unknown,"C2H2,Dof,GRAS,LBD,MIKC_MADS,TALE",6,-1.866,Strong down,,"ko00230,ko00261,ko00450,ko00920,ko01100,ko01120,ko01130,map00230,map00261,map00450,map00920,map01100,map01120,map01130",8,7
Zm00001eb090620,chr2,127623788,2.2895812390196606,2.2895812390196606,XP_012704094.2 cytochrome P450 94B3 [Setaria italica],Cytochrome P450,Unknown,Metabolism,Metabolism,"HD-ZIP,NAC",2,-0.535,Stable,,,11,4
Zm00001eb090730,chr2,129787929,2.2002636420852406,-2.2002636420852406,XP_004979204.1 protein krasavietz [Setaria italica],"Domain at the C-termini of GCD6, eIF-2B epsilon, eIF-4 gamma and eIF-5",Unknown,Unknown,Unknown,"MYB_related,Trihelix",2,0.406,Stable,,,5,12
Zm00001eb091250,chr2,134943378,3.9303940206049,3.9303940206049,XP_021316715.1 protein ACCELERATED CELL DEATH 6 [Sorghum bicolor],Domain of unknown function,Unknown,Unknown,Unknown,"GRAS,HSF,M-type_MADS,MIKC_MADS",4,-1.768,Strong down,,,8,8
Zm00001eb091420,chr2,137218069,1.5741093788501044,1.5741093788501044,XP_002450415.2 ABC transporter G family member 25 [Sorghum bicolor],ABC-2 type transporter,Unknown,Membrane/Transport,Membrane/Transport,"ERF,TALE",2,1.206,Strong up,,,4,15
Zm00001eb092900,chr2,149291040,3.683282732956356,-3.683282732956356,XP_002448974.1 protein TRAUCO [Sorghum bicolor],set1 Ash2 histone methyltransferase complex subunit,Unknown,Chromatin/Epigenetic,Chromatin/Epigenetic|Metabolism,NONE,1,0.287,Stable,,"ko04212,ko04934,map04212,map04934",11,5
Zm00001eb093120,chr2,150353833,4.107570323715804,-4.107570323715804,"XP_021317136.1 L-galactono-1,4-lactone dehydrogenase 2, mitochondrial [Sorghum bicolor]","L-galactono-1,4-lactone dehydrogenase",Unknown,Metabolism,Metabolism,"C2H2,Dof,GRAS,MIKC_MADS,TALE",5,0.286,Stable,,"ko00053,ko01100,ko01110,map00053,map01100,map01110",6,6
Zm00001eb094240,chr2,157709917,2.7660951915360297,-2.7660951915360297,XP_002450097.1 mRNA turnover protein 4 homolog [Sorghum bicolor],Component of the ribosome assembly machinery. Nuclear paralog of the ribosomal p,Unknown,Translation,Translation,"C2H2,ERF,TCP",3,0.716,Stable,,,4,15
Zm00001eb094480,chr2,159164367,2.6400627341813325,-2.6400627341813325,XP_002459926.1 SEC14 cytosolic factor isoform X4 [Sorghum bicolor],"CRAL/TRIO, N-terminal domain",Unknown,Unknown,Unknown,"Dof,G2-like,MYB",3,-0.651,Stable,,,6,11
Zm00001eb094520,chr2,159636350,1.8043074544860256,-1.8043074544860256,XP_021309874.1 E3 ubiquitin-protein ligase UPL1-like isoform X2 [Sorghum bicolor],Domain of Unknown Function (DUF913),Unknown,Protein Processing,Protein Processing|Metabolism,"C2H2,GRAS,MIKC_MADS,NAC,bHLH,bZIP",6,0.731,Stable,,"ko04120,map04120",12,6
Zm00001eb094610,chr2,160906572,1.9148125674673215,1.9148125674673215,XP_002459717.1 putative lipid-transfer protein DIR1 [Sorghum bicolor],Protease inhibitor/seed storage/LTP family,Unknown,Protein Processing,Protein Processing,bHLH,1,-1.823,Strong down,,,7,9
Zm00001eb095350,chr2,165512139,1.7922653212566346,1.7922653212566346,XP_021308623.1 probable cellulose synthase A catalytic subunit 8 [UDP-forming] [Sorghum bicolor],Belongs to the glycosyltransferase 2 family. Plant cellulose synthase subfamily,Unknown,Metabolism,Metabolism,"G2-like,GATA,Trihelix,bHLH",4,-0.723,Stable,,,6,13
Zm00001eb097990,chr2,179202379,3.416799706097878,3.416799706097878,XP_002462170.1 protein SAWADEE HOMEODOMAIN HOMOLOG 2 isoform X2 [Sorghum bicolor],SAWADEE domain,Unknown,Unknown,Unknown,NONE,1,0.3,Stable,,,11,5
Zm00001eb099240,chr2,184394540,2.3588175467836083,-2.3588175467836083,XP_002462352.1 protein TIFY 6b [Sorghum bicolor],TIFY,Unknown,Unknown,Unknown,"LBD,TALE,WRKY",3,0.198,Stable,,"ko04075,map04075",11,8
Zm00001eb099850,chr2,187908036,1.5555304707154634,1.5555304707154634,XP_022679920.1 pentatricopeptide repeat-containing protein At5g10690 isoform X2 [Setaria italica],Pentatricopeptide repeat domain,Unknown,Signal Transduction,Signal Transduction,"ARR-B,G2-like,LBD",3,-0.362,Stable,,,7,12
Zm00001eb099930,chr2,188343833,2.043435168426184,-2.043435168426184,NP_001332089.1 Histone superfamily protein [Arabidopsis thaliana],Histone cluster 1,Unknown,Transcription Factor,Transcription Factor|Chromatin/Epigenetic,"Dof,GRAS",2,-0.524,Stable,,"ko05034,ko05202,ko05203,ko05322,map05034,map05202,map05203,map05322",7,9
Zm00001eb100140,chr2,189051241,1.9935988145958217,-1.9935988145958217,nan,nan,Unknown,Unknown,Unknown,"HD-ZIP,MYB",2,-1.447,Strong down,,,13,6
Zm00001eb101980,chr2,195309375,2.0274421820994974,2.0274421820994974,nan,nan,Unknown,Unknown,Unknown,"Dof,GRAS,HD-ZIP,NAC,Trihelix",5,2.131,Strong up,,,8,8
Zm00001eb102250,chr2,197316674,2.374165845346326,2.374165845346326,XP_002460481.1 60S ribosomal protein L32-1 [Sorghum bicolor],Ribosomal protein L32,Unknown,Translation,Translation,NAC,1,0.547,Stable,,"ko03010,map03010",9,9
Zm00001eb102770,chr2,199471918,3.72460756663395,-3.72460756663395,XP_021310410.1 uncharacterized protein LOC110433095 isoform X1 [Sorghum bicolor],Bacterial trigger factor protein (TF),Unknown,Unknown,Unknown,"MYB,TCP",2,-0.093,Stable,,,15,3
Zm00001eb103260,chr2,201176114,2.321060806569264,-2.321060806569264,"XP_002460555.1 probable 6-phosphogluconolactonase 4, chloroplastic [Sorghum bicolor]",Glucosamine-6-phosphate isomerases/6-phosphogluconolactonase,Unknown,Metabolism,Metabolism,HD-ZIP,1,-0.035,Stable,,"ko00030,ko01100,ko01110,ko01120,ko01130,ko01200,map00030,map01100,map01110,map01120,map01130,map01200",8,7
Zm00001eb104260,chr2,203976292,3.1423662585172822,-3.1423662585172822,XP_021309543.1 protein NLP1 [Sorghum bicolor],"transcription, DNA-templated",Unknown,Unknown,Unknown,"ARR-B,CPP,G2-like,MYB_related,Trihelix",5,-1.356,Strong down,,,7,10
Zm00001eb104300,chr2,204129280,2.0729768128253014,-2.0729768128253014,XP_021308164.1 G-type lectin S-receptor-like serine/threonine-protein kinase B120 [Sorghum bicolor],Protein kinase domain,Unknown,Receptor/Sensor,Receptor/Sensor|Signal Transduction|Metabolism,"C2H2,Dof,G2-like,GRAS,MIKC_MADS,MYB_related",6,-0.918,Stable,,,9,7
Zm00001eb104810,chr2,205427329,3.306003782257017,3.306003782257017,XP_002460675.1 serine/threonine-protein kinase/endoribonuclease IRE1 isoform X1 [Sorghum bicolor],Ribonuclease 2-5A,Unknown,Signal Transduction,Signal Transduction|Metabolism,"C2H2,Dof,GRAS",3,0.356,Stable,,"ko04140,ko04141,ko04210,ko04932,ko05010,map04140,map04141,map04210,map04932,map05010",11,8
Zm00001eb105590,chr2,208547792,3.1140159289396037,-3.1140159289396037,XP_002460737.1 GTPase activating protein 1 [Sorghum bicolor],C2 domain,Unknown,Signal Transduction,Signal Transduction,"BES1,bHLH",2,-2.068,Strong down,,,11,5
Zm00001eb105750,chr2,208963532,3.984082892776928,3.984082892776928,XP_002462913.1 SH3 domain-containing protein 3 [Sorghum bicolor],Variant SH3 domain,Unknown,Signal Transduction,Signal Transduction,"MYB,bHLH",2,0.505,Stable,,,3,16
Zm00001eb106100,chr2,210156220,2.2421915352182813,2.2421915352182813,XP_021309817.1 TORTIFOLIA1-like protein 1 isoform X2 [Sorghum bicolor],Microtubule-associated protein,Unknown,Unknown,Unknown,NONE,1,-0.259,Stable,,,7,12
Zm00001eb106160,chr2,210259382,1.6798491547575147,1.6798491547575147,"XP_004957888.3 glucose-6-phosphate/phosphate translocator 2, chloroplastic [Setaria italica]",Triose-phosphate Transporter family,Unknown,Membrane/Transport,Membrane/Transport,"GATA,HD-ZIP",2,-2.44,Strong down,,,5,13
Zm00001eb106240,chr2,210450109,0.774454218968955,-0.774454218968955,"XP_002460802.1 pyruvate, phosphate dikinase regulatory protein, chloroplastic [Sorghum bicolor]",Bifunctional serine threonine kinase and phosphorylase involved in the dark ligh,Unknown,Signal Transduction,Signal Transduction|Transcription Factor|Metabolism|Hormone,"ARR-B,CPP,Dof,MYB_related",4,-1.103,Strong down,,,3,15
Zm00001eb106250,chr2,210507799,1.8393724624089127,1.8393724624089127,XP_004957909.1 uncharacterized protein LOC101776819 [Setaria italica],isoform X1,Unknown,Unknown,Unknown,"Trihelix,bHLH,bZIP",3,-2.295,Strong down,,,15,4
Zm00001eb107400,chr2,213303119,1.7135357031632072,1.7135357031632072,XP_002460895.1 probable serine/threonine-protein kinase WNK1 [Sorghum bicolor],Protein kinase domain,Unknown,Signal Transduction,Signal Transduction|Metabolism,"C2H2,Dof,GRAS,LBD,MIKC_MADS,TALE",6,-0.446,Stable,,,8,7
Zm00001eb108390,chr2,216082865,3.0303187230202746,3.0303187230202746,XP_021308777.1 formin-like protein 5 isoform X2 [Sorghum bicolor],Formin Homology 2 Domain,Unknown,Unknown,Unknown,MYB,1,0.044,Stable,,,5,11
Zm00001eb109520,chr2,218577186,3.0542274549644044,3.0542274549644044,XP_002459826.1 delta(14)-sterol reductase [Sorghum bicolor],Ergosterol biosynthesis ERG4/ERG24 family,Unknown,Metabolism,Metabolism,ERF,1,-0.798,Stable,,"ko00100,ko01100,ko01110,ko01130,map00100,map01100,map01110,map01130",9,10
Zm00001eb109710,chr2,219207006,2.3621668479860167,-2.3621668479860167,XP_002463207.1 uncharacterized protein LOC8061566 [Sorghum bicolor],Protein of unknown function (DUF4057),Unknown,Unknown,Unknown,"ERF,MYB",2,-0.098,Stable,,,5,11
Zm00001eb109770,chr2,219308618,4.723984419407953,-4.723984419407953,XP_021308467.1 uncharacterized protein LOC8063498 isoform X2 [Sorghum bicolor],Vacuolar sorting 38 and autophagy-related subunit 14,Unknown,Unknown,Unknown,"GRAS,MYB_related,TALE",3,0.578,Stable,,,5,11
Zm00001eb110020,chr2,219948998,2.196394333079513,-2.196394333079513,XP_002461094.1 CBL-interacting protein kinase 21 [Sorghum bicolor],Non-specific serine threonine protein kinase,Unknown,Signal Transduction,Signal Transduction|Metabolism,"C2H2,HD-ZIP,MIKC_MADS",3,-0.735,Stable,,"ko04068,ko04140,ko04150,ko04151,ko04152,ko04211,ko04213,ko04371,ko04530,ko04710,ko04714,ko04910,ko04920,ko04921,ko04922,ko04931,ko04932,ko05410,ko05418,map04068,map04140,map04150,map04151,map04152,map",11,7
Zm00001eb110760,chr2,221893832,1.8964085092470744,-1.8964085092470744,XP_021308965.1 haloacid dehalogenase-like hydrolase domain-containing protein 3 [Sorghum bicolor],HAD-hyrolase-like,Unknown,Signal Transduction,Signal Transduction|Metabolism,"G2-like,GRAS,HD-ZIP,M-type_MADS,MYB,WOX",6,1.331,Strong up,,,4,14
Zm00001eb112590,chr2,227252089,1.7042008650994074,-1.7042008650994074,XP_021316986.1 protein disulfide-isomerase [Sorghum bicolor],disulfide-isomerase,Unknown,Metabolism,Metabolism,"C2H2,Dof,ERF,MIKC_MADS,NAC",5,1.029,Strong up,,"ko04141,map04141",9,8
Zm00001eb113090,chr2,229264642,3.226892876942958,3.226892876942958,XP_002449536.1 CBBY-like protein [Sorghum bicolor],Haloacid dehalogenase-like hydrolase,Unknown,Metabolism,Metabolism,"Dof,LBD,MIKC_MADS,MYB_related,WRKY",5,-0.858,Stable,,,3,16
Zm00001eb113950,chr2,231733039,2.4276087436468217,2.4276087436468217,XP_021317578.1 growth-regulating factor 8-like isoform X1 [Sorghum bicolor],QLQ,Unknown,Unknown,Unknown,"ARR-B,G2-like,MYB,MYB_related",4,0.714,Stable,,,3,13
Zm00001eb114030,chr2,231974874,2.9034353041982452,2.9034353041982452,XP_021316477.1 serine/threonine-protein kinase-like protein At1g28390 [Sorghum bicolor],protein serine/threonine kinase activity,Unknown,Signal Transduction,Signal Transduction|Metabolism,"AP2,Dof,MIKC_MADS,NAC,SBP",5,-1.263,Strong down,,,4,14
Zm00001eb117470,chr2,240761302,1.933356301671669,1.933356301671669,XP_002461478.1 uncharacterized protein LOC8086421 [Sorghum bicolor],nan,Unknown,Unknown,Unknown,"MIKC_MADS,bHLH,bZIP",3,1.677,Strong up,,,7,12
Zm00001eb117970,chr2,241868493,2.2725010919480866,-2.2725010919480866,"XP_021309515.1 succinate dehydrogenase [ubiquinone] flavoprotein subunit, mitochondrial [Sorghum bicolor]",Flavoprotein (FP) subunit of succinate dehydrogenase (SDH) that is involved in c,Unknown,Metabolism,Metabolism,"TALE,Trihelix,WOX,WRKY",4,-0.282,Stable,,"ko00020,ko00190,ko00250,ko00760,ko01100,ko01110,ko01120,ko01130,ko01200,ko04714,ko04932,ko05010,ko05012,ko05016,map00020,map00190,map00250,map00760,map01100,map01110,map01120,map01130,map01200,map0471",5,12
Zm00001eb118790,chr3,1394090,2.2539416957231064,2.2539416957231064,XP_004986052.1 uncharacterized protein LOC101760145 [Setaria italica],RWP-RK domain,Unknown,Unknown,Unknown,"ERF,HD-ZIP,MYB,MYB_related,WOX",5,0.529,Stable,,,6,7
Zm00001eb119270,chr3,2105164,2.135287702759879,-2.135287702759879,XP_021312761.1 transcription factor bHLH68 [Sorghum bicolor],helix loop helix domain,Unknown,Transcription Factor,Transcription Factor,"Dof,GRAS",2,0.604,Stable,,,4,13
Zm00001eb120360,chr3,4403930,3.413018641119319,3.413018641119319,XP_021313426.1 protein MALE DISCOVERER 2 [Sorghum bicolor],Leucine rich repeat N-terminal domain,Unknown,Unknown,Unknown,NONE,1,-0.077,Stable,,,9,5
Zm00001eb121000,chr3,5797323,1.5710459829429757,1.5710459829429757,XP_004968517.1 receptor-like serine/threonine-protein kinase ALE2 [Setaria italica],receptor-like serine threonine-protein kinase,Unknown,Receptor/Sensor,Receptor/Sensor|Signal Transduction|Metabolism,Nin-like,1,-0.431,Stable,,,12,7
Zm00001eb121590,chr3,8139290,1.744482690570362,-1.744482690570362,XP_021313405.1 protein TWIN LOV 1 isoform X4 [Sorghum bicolor],PAS domain,Unknown,Unknown,Unknown,"AP2,SBP",2,0.415,Stable,,,9,10
Zm00001eb121890,chr3,8816775,2.2326596187640484,-2.2326596187640484,nan,nan,Unknown,Unknown,Unknown,"NAC,SBP",2,1.698,Strong up,,,5,11
Zm00001eb122000,chr3,8920662,2.492254597951363,2.492254597951363,XP_021312215.1 F-box protein At2g05970-like [Sorghum bicolor],Protein of unknown function (DUF295),Unknown,Unknown,Unknown,NONE,1,0.444,Stable,,,4,15
Zm00001eb122170,chr3,9277928,1.6246188408538758,-1.6246188408538758,XP_004968432.1 DDT domain-containing protein DDR4 [Setaria italica],nan,Unknown,Signal Transduction,Signal Transduction,"ARF,NAC,WOX,bZIP",4,1.601,Strong up,,,4,14
Zm00001eb122200,chr3,9385012,1.8618692704715207,1.8618692704715207,XP_021312991.1 MAR-binding filament-like protein 1 [Sorghum bicolor],filament-like protein,Unknown,Unknown,Unknown,NONE,1,-0.726,Stable,,,8,10
Zm00001eb122460,chr3,10164283,1.6020125619309538,1.6020125619309538,XP_004968408.1 aromatic aminotransferase ISS1 [Setaria italica],Cys/Met metabolism PLP-dependent enzyme,Unknown,Metabolism,Metabolism,"C2H2,GRAS,MIKC_MADS,MYB,TALE",5,0.45,Stable,,,8,10
Zm00001eb122970,chr3,12504511,2.7552397663550363,-2.7552397663550363,XP_021313605.1 uncharacterized protein LOC8056554 isoform X2 [Sorghum bicolor],isoform X1,Unknown,Unknown,Unknown,"C2H2,NAC,bZIP",3,1.016,Strong up,,,5,10
Zm00001eb123370,chr3,13885162,5.053987026020242,-5.053987026020242,NP_001332089.1 Histone superfamily protein [Arabidopsis thaliana],Histone cluster 1,Unknown,Transcription Factor,Transcription Factor|Chromatin/Epigenetic,"GATA,Nin-like,TCP",3,0.432,Stable,,"ko05034,ko05202,ko05203,ko05322,map05034,map05202,map05203,map05322",4,10
Zm00001eb124070,chr3,16582531,3.3949988028314917,-3.3949988028314917,XP_015696190.1 histone H2B.2 [Oryza brachyantha],Histone H2B,Unknown,Chromatin/Epigenetic,Chromatin/Epigenetic,NONE,1,0.319,Stable,,"ko05034,ko05203,ko05322,map05034,map05203,map05322",5,10
Zm00001eb124780,chr3,19793856,6.626307350143475,-6.626307350143475,XP_002457393.1 receptor-like protein kinase At3g21340 [Sorghum bicolor],Carbohydrate-binding protein of the ER,Unknown,Receptor/Sensor,Receptor/Sensor|Signal Transduction|Metabolism,WRKY,1,-0.3,Stable,,,4,9
Zm00001eb125470,chr3,23440020,2.5685126941439624,2.5685126941439624,nan,nan,Unknown,Unknown,Unknown,"ARF,MYB,RAV,TALE,bZIP",5,0.496,Stable,,,9,5
Zm00001eb125670,chr3,24544548,2.153081217691684,-2.153081217691684,XP_002457448.1 probable ubiquitin-conjugating enzyme E2 23 [Sorghum bicolor],Belongs to the ubiquitin-conjugating enzyme family,Unknown,Protein Processing,Protein Processing,"HD-ZIP,WOX",2,0.494,Stable,,"ko04120,map04120",5,8
Zm00001eb126330,chr3,28739489,2.5423300346672986,2.5423300346672986,XP_002457496.1 uncharacterized protein LOC8070452 [Sorghum bicolor],Universal stress protein family,Unknown,Unknown,Unknown,MYB,1,-0.964,Stable,,,5,13
Zm00001eb126650,chr3,30093262,2.613780193933824,-2.613780193933824,XP_002457516.1 cation/calcium exchanger 4 [Sorghum bicolor],Belongs to the Ca(2 ) cation antiporter (CaCA) (TC 2.A.19) family,Unknown,Signal Transduction,Signal Transduction,"NAC,RAV",2,0.151,Stable,,,6,6
Zm00001eb127860,chr3,37290665,1.6422511574694476,1.6422511574694476,XP_002455388.1 probable serine/threonine-protein kinase PBL7 [Sorghum bicolor],belongs to the protein kinase superfamily,Unknown,Signal Transduction,Signal Transduction|Transcription Factor|Metabolism,"C2H2,Dof,GRAS,MIKC_MADS,Trihelix",5,0.309,Stable,,,10,9
Zm00001eb129370,chr3,48267116,1.9990235414204056,-1.9990235414204056,XP_002457678.1 uncharacterized protein LOC8054684 [Sorghum bicolor],BEST Arabidopsis thaliana protein match is glycosyltransferase family protein 2 ,Unknown,Metabolism,Metabolism,"C2H2,ERF",2,0.784,Stable,,,4,13
Zm00001eb129580,chr3,49482162,3.570384747350408,-3.570384747350408,XP_002457688.1 pentatricopeptide repeat-containing protein At2g13600 [Sorghum bicolor],Pentatricopeptide repeat domain,Unknown,Signal Transduction,Signal Transduction,"C2H2,ERF",2,1.192,Strong up,,,7,10
Zm00001eb131690,chr3,68382243,2.46461909420489,2.46461909420489,"XP_002455620.1 acyltransferase-like protein At1g54570, chloroplastic [Sorghum bicolor]",Diacylglycerol acyltransferase,Unknown,Metabolism,Metabolism,"GATA,TALE,TCP",3,-0.297,Stable,,,5,11
Zm00001eb131860,chr3,70286034,2.648928550238483,2.648928550238483,XP_002457859.1 protein SODIUM POTASSIUM ROOT DEFECTIVE 1 [Sorghum bicolor],Heavy-metal-associated domain,Unknown,Unknown,Unknown,"CPP,EIL,M-type_MADS,WOX",4,-0.042,Stable,,,5,11
Zm00001eb134200,chr3,107858865,4.492995826850416,4.492995826850416,XP_002443649.1 CSC1-like protein RXW8 [Sorghum bicolor],Cytosolic domain of 10TM putative phosphate transporter,Unknown,Membrane/Transport,Membrane/Transport,"Dof,EIL",2,0.972,Stable,,,10,4
Zm00001eb135710,chr3,120935326,4.5840249634856125,-4.5840249634856125,XP_021321585.1 serine/threonine-protein kinase Nek2 [Sorghum bicolor],"Serine/Threonine protein kinases, catalytic domain",Unknown,Signal Transduction,Signal Transduction|Metabolism,NONE,1,0.237,Stable,,,9,4
Zm00001eb136350,chr3,127174606,2.18591599474495,2.18591599474495,XP_002442368.1 scarecrow-like protein 34 [Sorghum bicolor],Belongs to the GRAS family,Unknown,Unknown,Unknown,"MYB,MYB_related,Trihelix",3,0.193,Stable,,,10,7
Zm00001eb137500,chr3,133837428,2.4802241689362075,-2.4802241689362075,NP_189372.1 Histone superfamily protein [Arabidopsis thaliana],Histone H3,Unknown,Transcription Factor,Transcription Factor|Chromatin/Epigenetic,"HD-ZIP,LBD,MYB",3,1.915,Strong up,,"ko05034,ko05202,ko05322,map05034,map05202,map05322",8,9
Zm00001eb138290,chr3,137811367,2.2529353490446553,-2.2529353490446553,XP_004960778.1 serine carboxypeptidase 1 [Setaria italica],Belongs to the peptidase S10 family,Unknown,Protein Processing,Protein Processing,"ARR-B,G2-like,MYB,Trihelix,YABBY",5,-2.68,Strong down,,,4,13
Zm00001eb138300,chr3,137930351,2.1895306784654274,2.1895306784654274,XP_021301983.1 glutathione S-transferase [Sorghum bicolor],"Glutathione S-transferase, N-terminal domain",Unknown,Metabolism,Metabolism|Redox/Stress,NONE,1,-1.14,Strong down,,"ko00350,ko00643,ko01100,ko01120,map00350,map00643,map01100,map01120",9,4
Zm00001eb139410,chr3,144023725,2.698116925762295,2.698116925762295,XP_002442863.1 protein FAM135B isoform X1 [Sorghum bicolor],Protein FAM135,Unknown,Unknown,Unknown,"EIL,MYB,SBP",3,-0.244,Stable,,,12,4
Zm00001eb139520,chr3,144772101,2.142356257271965,2.142356257271965,XP_024310535.1 transcription factor LHW isoform X2 [Brachypodium distachyon],bHLH-MYC and R2R3-MYB transcription factors N-terminal,Unknown,Transcription Factor,Transcription Factor,"C2H2,GRAS,MIKC_MADS,Trihelix",4,0.793,Stable,,,4,13
Zm00001eb139660,chr3,145520648,3.9622906001192386,3.9622906001192386,XP_021312811.1 probable LRR receptor-like serine/threonine-protein kinase At1g67720 [Sorghum bicolor],Carbohydrate-binding protein of the ER,Unknown,Receptor/Sensor,Receptor/Sensor|Signal Transduction|Metabolism,"ERF,MYB,SBP",3,-0.279,Stable,,,5,14
Zm00001eb139920,chr3,147103568,3.0395723230038407,3.0395723230038407,XP_021311109.1 cellulose synthase-like protein G2 [Sorghum bicolor],Belongs to the glycosyltransferase 2 family,Unknown,Metabolism,Metabolism,"C2H2,MYB_related,Trihelix",3,2.89,Strong up,,,5,14
Zm00001eb140330,chr3,148503239,2.4660033014890264,-2.4660033014890264,XP_002459150.1 40S ribosomal protein S10-1 [Sorghum bicolor],Plectin/S10 domain,Unknown,Translation,Translation,NONE,1,0.71,Stable,,"ko03010,map03010",10,6
Zm00001eb140420,chr3,148810719,3.089985574795782,-3.089985574795782,XP_002459140.1 uncharacterized protein LOC8074099 [Sorghum bicolor],GidA associated domain 3,Unknown,Hormone,Hormone,"ARF,C2H2,MYB,MYB_related,Trihelix",5,0.554,Stable,,,3,15
Zm00001eb140720,chr3,150304881,3.1652220350904807,3.1652220350904807,XP_021312321.1 uncharacterized protein LOC110433846 [Sorghum bicolor],Belongs to the glycosyl hydrolase 2 family,Unknown,Metabolism,Metabolism,"ARF,ERF,LBD,WRKY",4,0.465,Stable,,"ko00052,ko00511,ko00600,ko01100,map00052,map00511,map00600,map01100",9,10
Zm00001eb142940,chr3,160577721,1.996247966587519,1.996247966587519,XP_002456873.1 protein DEK [Sorghum bicolor],DEK C terminal domain,Unknown,Unknown,Unknown,"GATA,TALE",2,1.645,Strong up,,,8,9
Zm00001eb143140,chr3,161861731,4.868431744459166,4.868431744459166,XP_004971090.1 ice-structuring glycoprotein-like [Setaria italica],nan,Unknown,Unknown,Unknown,G2-like,1,-0.924,Stable,,,9,4
Zm00001eb143370,chr3,163555665,5.44944864441484,-5.44944864441484,"XP_004975224.2 protein root UVB sensitive 1, chloroplastic [Setaria italica]",Vitamin B6 photo-protection and homoeostasis,Unknown,Unknown,Unknown,"G2-like,NAC",2,0.342,Stable,,,6,6
Zm00001eb143460,chr3,163930045,2.8587039833583954,2.8587039833583954,XP_004971047.1 selenium-binding protein 1 [Setaria italica],Selenium-binding protein,Unknown,Signal Transduction,Signal Transduction,"C2H2,ERF,NAC,TALE",4,1.266,Strong up,,,6,11
Zm00001eb144360,chr3,170915078,3.0999196988574975,3.0999196988574975,XP_002458935.1 probable carboxylesterase 16 [Sorghum bicolor],alpha/beta hydrolase fold,Unknown,Metabolism,Metabolism,ERF,1,0.38,Stable,,,3,14
Zm00001eb144450,chr3,171120618,2.5403550348152293,-2.5403550348152293,XP_002456792.2 transcription factor bHLH128 [Sorghum bicolor],Helix-loop-helix DNA-binding domain,Unknown,Transcription Factor,Transcription Factor,"BBR-BPC,C2H2,Dof,GRAS,LBD,MIKC_MADS,NAC",7,1.161,Strong up,,,5,10
Zm00001eb144650,chr3,172182737,2.719783098047161,2.719783098047161,XP_002456783.1 uncharacterized protein LOC8078675 [Sorghum bicolor],Ribosomal protein L13,Unknown,Translation,Translation,"C2H2,G2-like,MYB_related,bHLH",4,0.716,Stable,,"ko03010,map03010",5,11
Zm00001eb144840,chr3,172976940,1.6177074130778542,1.6177074130778542,"XP_002456776.1 probable membrane-associated 30 kDa protein, chloroplastic [Sorghum bicolor]",PspA/IM30 family,Unknown,Unknown,Unknown,"MIKC_MADS,MYB,Trihelix,WRKY",4,-0.569,Stable,,,9,6
Zm00001eb145100,chr3,173688086,1.5930707008182463,1.5930707008182463,XP_010232677.1 2-alkenal reductase (NADP(+)-dependent) isoform X2 [Brachypodium distachyon],N-terminal domain of oxidoreductase,Unknown,Metabolism,Metabolism,"ARR-B,C2H2,EIL,G2-like,GRAS,MIKC_MADS,MYB_related",7,1.507,Strong up,,,11,8
Zm00001eb147750,chr3,183850314,1.3081921082906085,1.3081921082906085,"XP_004970606.1 sedoheptulose-1,7-bisphosphatase, chloroplastic [Setaria italica]","Fructose-1-6-bisphosphatase, N-terminal domain",Unknown,Signal Transduction,Signal Transduction,B3,1,-1.82,Strong down,,"ko00710,ko01100,ko01120,ko01200,map00710,map01100,map01120,map01200",7,11
Zm00001eb148130,chr3,185093979,2.0891111623814975,2.0891111623814975,nan,nan,Unknown,Unknown,Unknown,"G2-like,MIKC_MADS,MYB_related",3,2.428,Strong up,,,12,4
Zm00001eb148640,chr3,186809419,2.2057095350318794,-2.2057095350318794,XP_002456603.1 UDP-glucuronic acid decarboxylase 1 [Sorghum bicolor],"GDP-mannose 4,6 dehydratase",Unknown,Unknown,Unknown,NONE,1,1.096,Strong up,,"ko00520,ko01100,map00520,map01100",8,8
Zm00001eb148780,chr3,187164382,1.530576759378904,-1.530576759378904,XP_006646457.2 putative respiratory burst oxidase homolog protein H [Oryza brachyantha],Ferric reductase NAD binding domain,Unknown,Signal Transduction,Signal Transduction|Metabolism,"C2H2,ERF",2,-0.723,Stable,,"ko04013,ko04624,map04013,map04624",5,14
Zm00001eb149700,chr3,190837124,2.016873673081728,-2.016873673081728,XP_002458680.2 pentatricopeptide repeat-containing protein At3g14730 [Sorghum bicolor],PPR repeat family,Unknown,Signal Transduction,Signal Transduction,NONE,1,0.996,Stable,,,8,7
Zm00001eb149900,chr3,191468075,1.7551391449030909,1.7551391449030909,XP_004970339.1 dentin sialophosphoprotein [Setaria italica],F-box protein,Unknown,Unknown,Unknown,"LBD,NAC,bHLH,bZIP",4,-0.07,Stable,,,6,12
Zm00001eb150550,chr3,192787595,0.99628196713376,0.99628196713376,XP_002458647.1 cytochrome P450 98A1-like [Sorghum bicolor],Belongs to the cytochrome P450 family,Unknown,Metabolism,Metabolism,HD-ZIP,1,0.908,Stable,,"ko00940,ko00941,ko00945,ko01100,ko01110,map00940,map00941,map00945,map01100,map01110",11,5
Zm00001eb150960,chr3,194401490,6.626846311236884,-6.626846311236884,XP_002458630.1 protein translation factor SUI1 homolog [Sorghum bicolor],Translation initiation factor SUI1,Unknown,Translation,Translation,"ERF,G2-like,NAC",3,0.141,Stable,,"ko03013,map03013",5,12
Zm00001eb152080,chr3,199104117,2.7188418479420946,2.7188418479420946,XP_021313408.1 protein CROWDED NUCLEI 4-like isoform X2 [Sorghum bicolor],nuclear matrix constituent protein 1-like,Unknown,Unknown,Unknown,"CPP,GRAS,M-type_MADS,MIKC_MADS",4,-0.658,Stable,,"ko00270,ko00280,ko00290,ko00770,ko01100,ko01110,ko01130,ko01210,ko01230,map00270,map00280,map00290,map00770,map01100,map01110,map01130,map01210,map01230",10,5
Zm00001eb153500,chr3,203944342,4.407908919107358,-4.407908919107358,XP_002458500.1 28 kDa heat- and acid-stable phosphoprotein [Sorghum bicolor],Casein kinase substrate phosphoprotein PP28,Unknown,Signal Transduction,Signal Transduction|Metabolism,"CPP,Dof,MIKC_MADS,Trihelix",4,0.715,Stable,,,11,7
Zm00001eb153830,chr3,205007922,1.9320962088902591,1.9320962088902591,XP_003569758.2 ATP-dependent 6-phosphofructokinase 6 [Brachypodium distachyon],"Catalyzes the phosphorylation of D-fructose 6-phosphate to fructose 1,6-bisphosp",Unknown,Signal Transduction,Signal Transduction|Metabolism,"Dof,MYB",2,0.691,Stable,,"ko00010,ko00030,ko00051,ko00052,ko00680,ko01100,ko01110,ko01120,ko01130,ko01200,ko01230,ko03018,ko04152,ko05230,map00010,map00030,map00051,map00052,map00680,map01100,map01110,map01120,map01130,map0120",5,13
Zm00001eb155350,chr3,209926939,1.861742683775256,-1.861742683775256,XP_002458377.1 anoctamin-like protein Os01g0706700 [Sorghum bicolor],Calcium-activated chloride channel,Unknown,Membrane/Transport,Membrane/Transport|Signal Transduction,ERF,1,-0.631,Stable,,,11,7
Zm00001eb156460,chr3,213069872,2.599210689514044,2.599210689514044,nan,nan,Unknown,Unknown,Unknown,"Dof,SBP",2,-1.445,Strong down,,,9,4
Zm00001eb156500,chr3,213192022,14.427226648287652,14.427226648287652,"XP_021312631.1 ATP synthase subunit beta, mitochondrial [Sorghum bicolor]",Produces ATP from ADP in the presence of a proton gradient across the membrane,Unknown,Metabolism,Metabolism,NONE,1,0.942,Stable,,"ko00190,ko01100,ko04714,ko05010,ko05012,ko05016,map00190,map01100,map04714,map05010,map05012,map05016",6,9
Zm00001eb156710,chr3,214206618,4.168348144184937,-4.168348144184937,XP_002456149.1 transcription initiation factor TFIID subunit 11 [Sorghum bicolor],hTAFII28-like protein conserved region,Unknown,Translation,Translation,"NAC,Trihelix,WOX",3,0.822,Stable,,"ko03022,map03022",3,16
Zm00001eb157820,chr3,217637108,2.7854375855586,-2.7854375855586,XP_002456083.1 acidic endochitinase [Sorghum bicolor],Belongs to the glycosyl hydrolase 18 family,Unknown,Metabolism,Metabolism,"CPP,WRKY",2,4.182,Strong up,,"ko00520,ko01100,map00520,map01100",4,15
Zm00001eb158370,chr3,219845503,0.7908584744590792,-0.7908584744590792,XP_052157283.1 GTP-binding nuclear protein Ran-2 [Oryza glaberrima],Ran (Ras-related nuclear proteins) /TC4 subfamily of small GTPases,Unknown,Signal Transduction,Signal Transduction,"NAC,Trihelix,WRKY",3,-0.031,Stable,,"ko03008,ko03013,ko05166,ko05169,map03008,map03013,map05166,map05169",5,8
Zm00001eb158500,chr3,220152206,2.063671916088679,-2.063671916088679,XP_004969308.2 uncharacterized protein LOC101755298 [Setaria italica],nan,Unknown,Unknown,Unknown,ERF,1,2.691,Strong up,,,3,16
Zm00001eb159080,chr3,221941447,1.996860070827555,-1.996860070827555,"XP_002458204.1 50S ribosomal protein L31, chloroplastic [Sorghum bicolor]",Belongs to the bacterial ribosomal protein bL31 family,Unknown,Translation,Translation,"EIL,ERF,GRAS,MIKC_MADS,TALE",5,-1.062,Strong down,,"ko03010,map03010",12,6
Zm00001eb162130,chr3,231271693,1.9819117322033593,1.9819117322033593,XP_021312417.1 zinc finger CCCH domain-containing protein 8-like isoform X2 [Sorghum bicolor],Zinc finger C-x8-C-x5-C-x3-H type (and similar),Unknown,Signal Transduction,Signal Transduction|Transcription Factor,"M-type_MADS,MIKC_MADS,MYB,TALE,bZIP",5,-0.086,Stable,,,9,9
Zm00001eb162710,chr3,233212650,2.2204319656711395,2.2204319656711395,XP_002455762.1 SPX domain-containing protein 6 [Sorghum bicolor],SPX domain,Unknown,Signal Transduction,Signal Transduction,"C2H2,Dof,GRAS,MIKC_MADS,TALE",5,-0.105,Stable,,,4,15
Zm00001eb163100,chr3,234870111,2.4322249176079063,2.4322249176079063,XP_021317072.1 uncharacterized protein LOC8079950 isoform X2 [Sorghum bicolor],RNase P subunit p30,Unknown,Unknown,Unknown,NAC,1,0.505,Stable,,"ko03008,ko03013,map03008,map03013",14,4
Zm00001eb163210,chr3,235166050,4.823322684804878,4.823322684804878,"XP_002450093.2 monothiol glutaredoxin-S12, chloroplastic [Sorghum bicolor]",Glutaredoxin,Unknown,Redox/Stress,Redox/Stress,"MYB,Trihelix",2,-0.368,Stable,,,4,13
Zm00001eb163480,chr3,235713991,2.23081181371385,2.23081181371385,XP_052138402.1 CBL-interacting protein kinase 32 [Oryza glaberrima],Non-specific serine threonine protein kinase,Unknown,Signal Transduction,Signal Transduction|Metabolism,"C2H2,TALE",2,-0.637,Stable,,"ko04068,ko04140,ko04150,ko04151,ko04152,ko04211,ko04213,ko04371,ko04530,ko04710,ko04714,ko04910,ko04920,ko04921,ko04922,ko04931,ko04932,ko05410,ko05418,map04068,map04140,map04150,map04151,map04152,map",7,9
Zm00001eb163710,chr3,236259214,2.4384996737793427,2.4384996737793427,XP_002441755.1 V-type proton ATPase subunit C [Sorghum bicolor],Subunit of the peripheral V1 complex of vacuolar ATPase. Subunit C is necessary ,Unknown,Unknown,Unknown,"HSF,MIKC_MADS,Trihelix",3,0.275,Stable,,"ko00190,ko01100,ko04145,ko04150,ko04721,ko04966,ko05110,ko05120,ko05323,map00190,map01100,map04145,map04150,map04721,map04966,map05110,map05120,map05323",9,8
Zm00001eb163800,chr3,236418050,2.9349588111317213,2.9349588111317213,XP_002442753.1 obtusifoliol 14-alpha demethylase [Sorghum bicolor],Belongs to the cytochrome P450 family,Unknown,Metabolism,Metabolism,"ERF,LBD,NAC,SBP,TALE",5,-0.638,Stable,,"ko00100,ko01100,ko01110,ko01130,map00100,map01100,map01110,map01130",13,6
Zm00001eb164790,chr4,2047841,2.315942755895786,2.315942755895786,XP_052136874.1 importin beta-like SAD2 homolog isoform X1 [Oryza glaberrima],ARM repeat superfamily protein,Unknown,Transcription Factor,Transcription Factor,"CPP,MYB_related,Trihelix",3,0.086,Stable,,"ko04013,map04013",7,5
Zm00001eb169350,chr4,18974773,3.932742361674885,3.932742361674885,XP_002450707.1 receptor-like kinase TMK4 isoform X1 [Sorghum bicolor],Belongs to the protein kinase superfamily. Ser Thr protein kinase family,Unknown,Receptor/Sensor,Receptor/Sensor|Signal Transduction|Transcription Factor|Metabolism,"BES1,CAMTA,bHLH,bZIP",4,-0.636,Stable,,,7,6
Zm00001eb169970,chr4,22255547,5.027131847221161,-5.027131847221161,XP_004979241.1 SKP1-like protein 1A [Setaria italica],Belongs to the SKP1 family,Unknown,Unknown,Unknown,NONE,1,0.197,Stable,,"ko04110,ko04111,ko04114,ko04120,ko04141,ko04310,ko04341,ko04350,ko04710,ko05168,ko05200,map04110,map04111,map04114,map04120,map04141,map04310,map04341,map04350,map04710,map05168,map05200",14,4
Zm00001eb169990,chr4,22444656,6.817995601954361,6.817995601954361,"XP_004979240.1 UV-B-induced protein At3g17800, chloroplastic [Setaria italica]",Protein of unknown function (DUF760),Unknown,Unknown,Unknown,"ARF,EIL,HD-ZIP",3,-0.39,Stable,,,14,3
Zm00001eb171030,chr4,28342592,1.972462297927824,-1.972462297927824,XP_004972559.1 mitochondrial pyruvate carrier 4 [Setaria italica],Mediates the uptake of pyruvate into mitochondria,Unknown,Membrane/Transport,Membrane/Transport|Hormone,"B3,bHLH",2,-0.42,Stable,,,6,11
Zm00001eb172070,chr4,32604294,2.462041241439892,-2.462041241439892,"XP_002462363.1 protein CHLORORESPIRATORY REDUCTION 6, chloroplastic [Sorghum bicolor]",Chlororespiratory reduction 6,Unknown,Unknown,Unknown,"RAV,TALE",2,-0.621,Stable,,,15,4
Zm00001eb172450,chr4,34451809,1.918596607040125,-1.918596607040125,XP_002443890.1 protein CCA1 [Sorghum bicolor],Protein LHY-like isoform X1,Unknown,Unknown,Unknown,Dof,1,0.394,Stable,,"ko04712,map04712",13,6
Zm00001eb172780,chr4,35993232,3.0310799984111823,3.0310799984111823,XP_021321172.1 sphingoid long-chain bases kinase 1 isoform X2 [Sorghum bicolor],Diacylglycerol kinase catalytic domain (presumed),Unknown,Signal Transduction,Signal Transduction|Metabolism,"ARF,C2H2,ERF,MYB",4,0.472,Stable,,"ko00600,map00600",5,14
Zm00001eb172970,chr4,37192386,1.6631135426244656,1.6631135426244656,"XP_002445027.1 external alternative NAD(P)H-ubiquinone oxidoreductase B2, mitochondrial [Sorghum bicolor]",Pyridine nucleotide-disulphide oxidoreductase,Unknown,Metabolism,Metabolism|Hormone,"C2H2,MYB_related",2,2.347,Strong up,,,9,5
Zm00001eb173500,chr4,39120195,1.6807045361079327,-1.6807045361079327,nan,nan,Unknown,Unknown,Unknown,"LBD,MIKC_MADS",2,-1.06,Strong down,,,11,5
Zm00001eb174710,chr4,44170160,1.9109180498632172,1.9109180498632172,XP_021320522.1 oxysterol-binding protein-related protein 4C isoform X2 [Sorghum bicolor],Belongs to the OSBP family,Unknown,Signal Transduction,Signal Transduction,NONE,1,1.067,Strong up,,,7,9
Zm00001eb175230,chr4,47116254,2.288702790845905,2.288702790845905,XP_002445809.1 protein NUCLEAR FUSION DEFECTIVE 4 [Sorghum bicolor],Nodulin-like,Unknown,Unknown,Unknown,"Dof,G2-like,GRAS,M-type_MADS,MIKC_MADS,WOX",6,-2.669,Strong down,,,4,13
Zm00001eb176590,chr4,59440786,1.3981270049641512,-1.3981270049641512,XP_021319868.1 junctophilin-4-like [Sorghum bicolor],"Possible plasma membrane-binding motif in junctophilins, PIP-5-kinases and prote",Unknown,Signal Transduction,Signal Transduction|Metabolism,"NAC,TALE",2,-0.49,Stable,,,5,12
Zm00001eb177830,chr4,70420623,2.4362561512401566,-2.4362561512401566,XP_004962492.1 wall-associated receptor kinase-like 20 [Setaria italica],Protein kinase domain,Unknown,Receptor/Sensor,Receptor/Sensor|Signal Transduction|Metabolism,"ARF,B3,ERF,GRAS,MYB,Nin-like,TALE",7,1.793,Strong up,,,7,9
Zm00001eb178280,chr4,74114150,2.5964933611315097,2.5964933611315097,XP_002444096.1 plasma membrane ATPase [Sorghum bicolor],"Cation transporter/ATPase, N-terminus",Unknown,Membrane/Transport,Membrane/Transport,"BES1,ERF,MYB,NAC,SBP,bHLH",6,-0.13,Stable,,"ko00190,map00190",15,3
Zm00001eb179290,chr4,83096032,2.5907585948602705,2.5907585948602705,nan,nan,Unknown,Unknown,Unknown,WRKY,1,-0.504,Stable,,,10,7
Zm00001eb179750,chr4,86785717,3.631219078067788,-3.631219078067788,XP_002445552.1 60S ribosomal protein L34 [Sorghum bicolor],Ribosomal protein L34e,Unknown,Translation,Translation,ERF,1,-0.272,Stable,,"ko03010,map03010",14,4
Zm00001eb182260,chr4,123536641,3.4683844000086848,3.4683844000086848,XP_002453992.1 auxin response factor 7 [Sorghum bicolor],Auxin response factors (ARFs) are transcriptional factors that bind specifically,Unknown,Hormone,Hormone,"C2H2,EIL,ERF,MYB",4,-0.073,Stable,,"ko04075,map04075",3,14
Zm00001eb185040,chr4,147044205,1.9027022709126704,1.9027022709126704,XP_002454188.1 long-chain-alcohol oxidase FAO2 [Sorghum bicolor],Long-chain fatty alcohol oxidase involved in the omega- oxidation pathway of lip,Unknown,Metabolism,Metabolism,NONE,1,-0.194,Stable,,,6,12
Zm00001eb186120,chr4,154507836,3.2353168813696147,-3.2353168813696147,XP_002452845.1 autophagy-related protein 13a isoform X1 [Sorghum bicolor],Autophagy-related protein,Unknown,Unknown,Unknown,"C2H2,G2-like,MYB,NAC,Trihelix",5,-0.714,Stable,,"ko04136,ko04138,ko04140,ko04211,map04136,map04138,map04140,map04211",15,3
Zm00001eb186820,chr4,158778172,3.173569977080558,3.173569977080558,XP_004953380.1 probable phospholipid hydroperoxide glutathione peroxidase [Setaria italica],Belongs to the glutathione peroxidase family,Unknown,Metabolism,Metabolism|Redox/Stress,bHLH,1,0.874,Stable,,"ko00480,ko00590,ko04918,map00480,map00590,map04918",6,9
Zm00001eb187670,chr4,162371023,2.378608311491472,-2.378608311491472,XP_003570129.1 serine/arginine repetitive matrix protein 1 [Brachypodium distachyon],nan,Unknown,Unknown,Unknown,"G2-like,Trihelix",2,-0.699,Stable,,,4,15
Zm00001eb187800,chr4,162955738,2.2977816876713417,2.2977816876713417,XP_004953528.1 serine/threonine-protein kinase/endoribonuclease IRE1 isoform X1 [Setaria italica],nan,Unknown,Signal Transduction,Signal Transduction|Metabolism,"ERF,NAC",2,-0.659,Stable,,,6,13
Zm00001eb188700,chr4,166534010,5.421301104322435,-5.421301104322435,XP_021315070.1 heat shock 70 kDa protein 17 [Sorghum bicolor],Belongs to the heat shock protein 70 family,Unknown,Protein Processing,Protein Processing,"C2H2,Dof,GRAS,M-type_MADS,MIKC_MADS,Trihelix",6,1.134,Strong up,,"ko04141,map04141",4,12
Zm00001eb191380,chr4,176530292,1.4725591162438447,1.4725591162438447,XP_004954378.1 probable voltage-gated potassium channel subunit beta [Setaria italica],Aldo/keto reductase family,Unknown,Membrane/Transport,Membrane/Transport|Metabolism,"C2H2,ERF,MYB,MYB_related,TALE,bZIP",6,1.261,Strong up,,,11,5
Zm00001eb192150,chr4,178453918,1.899920669382254,-1.899920669382254,XP_002454721.1 calcineurin subunit B [Sorghum bicolor],Calcineurin subunit B,Unknown,Unknown,Unknown,"C2H2,Dof,GRAS,M-type_MADS,MIKC_MADS",5,0.808,Stable,,"ko04010,ko04020,ko04022,ko04114,ko04218,ko04310,ko04360,ko04370,ko04380,ko04650,ko04658,ko04659,ko04660,ko04662,ko04720,ko04724,ko04921,ko04922,ko04924,ko05010,ko05014,ko05031,ko05152,ko05166,ko05167,",5,14
Zm00001eb193640,chr4,183560529,3.1278602552196215,3.1278602552196215,XP_002452882.1 uncharacterized protein LOC8078922 [Sorghum bicolor],Protein of unknown function (DUF1685),Unknown,Unknown,Unknown,ERF,1,-1.216,Strong down,,,5,9
Zm00001eb195000,chr4,188805546,1.6814761433417835,1.6814761433417835,XP_002450102.1 ubiquitin-activating enzyme E1 1 [Sorghum bicolor],Belongs to the ubiquitin-activating E1 family,Unknown,Protein Processing,Protein Processing,WOX,1,0.561,Stable,,"ko04120,ko05012,map04120,map05012",13,6
Zm00001eb196380,chr4,192353067,1.8320463985670763,-1.8320463985670763,"XP_002448955.1 probable calcium-transporting ATPase 9, plasma membrane-type [Sorghum bicolor]",This magnesium-dependent enzyme catalyzes the hydrolysis of ATP coupled with the,Unknown,Signal Transduction,Signal Transduction,"CPP,HD-ZIP,WOX",3,1.738,Strong up,,,8,10
Zm00001eb196600,chr4,193101732,2.8674926792782833,2.8674926792782833,XP_004978652.1 R3H domain-containing protein 4 [Setaria italica],R3H-associated N-terminal domain,Unknown,Signal Transduction,Signal Transduction,"ERF,GATA,MYB",3,-0.466,Stable,,,13,4
Zm00001eb198110,chr4,198955435,2.308612467412072,2.308612467412072,XP_004979377.1 N-alpha-acetyltransferase MAK3 [Setaria italica],Acetyltransferase (GNAT) family,Unknown,Chromatin/Epigenetic,Chromatin/Epigenetic|Metabolism,"ARF,EIL",2,0.726,Stable,,,7,12
Zm00001eb198120,chr4,198983254,1.490005611164971,-1.490005611164971,"XP_002449596.2 protein COFACTOR ASSEMBLY OF COMPLEX C SUBUNIT B CCB1, chloroplastic [Sorghum bicolor]",Cofactor assembly of complex C subunit B,Unknown,Unknown,Unknown,"MYB_related,TCP",2,-0.446,Stable,,,9,8
Zm00001eb199940,chr4,205877979,4.098814330310352,4.098814330310352,XP_021320432.1 AT-hook motif nuclear-localized protein 10 [Sorghum bicolor],Domain of unknown function (DUF296),Unknown,Unknown,Unknown,"LFY,Trihelix,WRKY",3,0.706,Stable,,,7,10
Zm00001eb200140,chr4,207015716,2.354079152205055,2.354079152205055,XP_022685208.1 sialyltransferase-like protein 5 isoform X5 [Setaria italica],Glycosyltransferase family 29 (sialyltransferase),Unknown,Metabolism,Metabolism,LBD,1,0.545,Stable,,,10,8
Zm00001eb200440,chr4,207892864,3.5257089141939946,3.5257089141939946,XP_021317268.1 formin-like protein 14 [Sorghum bicolor],XS domain,Unknown,Unknown,Unknown,"CAMTA,HD-ZIP",2,0.438,Stable,,,11,4
Zm00001eb200590,chr4,208625246,3.1115924936727684,3.1115924936727684,XP_002449762.1 ETO1-like protein 1 [Sorghum bicolor],ETO1-like protein 1,Unknown,Unknown,Unknown,NONE,1,0.511,Stable,,,12,5
Zm00001eb201090,chr4,212104110,6.454553502625511,6.454553502625511,XP_002450410.1 uncharacterized protein LOC8079718 [Sorghum bicolor],nan,Unknown,Unknown,Unknown,"C2H2,GRAS,MIKC_MADS",3,-0.41,Stable,,,5,12
Zm00001eb201100,chr4,212273966,5.598555575237356,5.598555575237356,XP_004978846.1 serine/arginine repetitive matrix protein 1 [Setaria italica],nan,Unknown,Unknown,Unknown,"C2H2,MYB,TALE",3,-0.513,Stable,,,4,11
Zm00001eb202020,chr4,218320182,3.776223951223463,3.776223951223463,XP_021316639.1 probable receptor-like protein kinase At2g42960 [Sorghum bicolor],belongs to the protein kinase superfamily,Unknown,Receptor/Sensor,Receptor/Sensor|Signal Transduction|Transcription Factor|Metabolism,"GATA,HD-ZIP,WOX",3,-1.198,Strong down,,"ko04010,ko04064,ko04620,ko04621,ko04624,ko04722,ko05133,ko05140,ko05142,ko05145,ko05152,ko05162,ko05164,map04010,map04064,map04620,map04621,map04624,map04722,map05133,map05140,map05142,map05145,map051",4,12
Zm00001eb202030,chr4,218406423,2.616696406649417,-2.616696406649417,XP_004968008.1 proline-rich receptor-like protein kinase PERK3 [Setaria italica],G-type lectin S-receptor-like serine threonine-protein kinase SD2-5,Unknown,Receptor/Sensor,Receptor/Sensor|Signal Transduction|Metabolism,"HD-ZIP,NAC,WOX",3,-1.655,Strong down,,,5,9
Zm00001eb203240,chr4,226807901,3.341135025387979,3.341135025387979,XP_002451996.2 uncharacterized protein LOC8077779 isoform X1 [Sorghum bicolor],Protein of unknown function (DUF563),Unknown,Unknown,Unknown,"ARR-B,G2-like,LBD",3,0.497,Stable,,"ko00515,ko01100,map00515,map01100",3,15
Zm00001eb204030,chr4,231395241,3.776154804882046,-3.776154804882046,XP_021315064.1 protein RDM16 isoform X1 [Sorghum bicolor],pre-mRNA processing factor 3 (PRP3),Unknown,Unknown,Unknown,CPP,1,0.857,Stable,,"ko03040,map03040",7,7
Zm00001eb206750,chr4,243744385,2.952833078683929,2.952833078683929,XP_004951669.1 uncharacterized protein LOC101784481 [Setaria italica],nan,Unknown,Unknown,Unknown,"ERF,MYB,SBP,TCP",4,-0.673,Stable,,,4,14
Zm00001eb206800,chr4,243828411,1.5748227706490667,-1.5748227706490667,XP_002453396.1 calmodulin-binding protein 60 B [Sorghum bicolor],Calmodulin binding protein-like,Unknown,Signal Transduction,Signal Transduction,"ARF,EIL,WOX",3,0.377,Stable,,,5,13
Zm00001eb207920,chr4,245967276,2.435194616190339,2.435194616190339,nan,DNA-dependent RNA polymerase catalyzes the transcription of DNA into RNA using t,Unknown,Unknown,Unknown,"ERF,LBD,NAC",3,0.402,Stable,,,7,9
Zm00001eb208430,chr4,246974498,1.9865494578769367,1.9865494578769367,XP_002453220.1 eukaryotic translation initiation factor 3 subunit J-A [Sorghum bicolor],"component of the eukaryotic translation initiation factor 3 (eIF-3) complex, whi",Unknown,Translation,Translation,"C2H2,Dof,GRAS,MIKC_MADS,TALE",5,-0.049,Stable,,"ko03013,map03013",5,14
Zm00001eb208710,chr4,247481976,1.9439999256388856,1.9439999256388856,XP_021315652.1 RNA polymerase II transcription factor B subunit 4 [Sorghum bicolor],Transcription factor Tfb4,Unknown,Transcription Factor,Transcription Factor,"C2H2,CPP,M-type_MADS,MIKC_MADS",4,0.41,Stable,,"ko03022,ko03420,ko05203,map03022,map03420,map05203",6,8
Zm00001eb209380,chr4,248497085,1.8078821906883915,-1.8078821906883915,XP_002451390.1 signal peptide peptidase 1 [Sorghum bicolor],Signal peptide peptidase,Unknown,Protein Processing,Protein Processing,MYB,1,0.593,Stable,,,6,9
Zm00001eb211620,chr5,2582951,2.0878067972527448,-2.0878067972527448,XP_016468695.1 uncharacterized protein [Nicotiana tabacum],Nucleotide exchange factor Fes1,Unknown,Hormone,Hormone,"TCP,Trihelix",2,0.609,Stable,,"ko04141,map04141",6,13
Zm00001eb211740,chr5,2679905,2.0055852743209135,-2.0055852743209135,XP_021306792.1 actin-depolymerizing factor 3 [Sorghum bicolor],Belongs to the actin-binding proteins ADF family,Unknown,Signal Transduction,Signal Transduction,"G2-like,MYB_related,YABBY,bZIP",4,-0.098,Stable,,"ko04360,ko04666,ko04810,ko05133,map04360,map04666,map04810,map05133",13,3
Zm00001eb211780,chr5,2722689,1.4740766603580426,1.4740766603580426,XP_002466197.1 ras-related protein RABE1c [Sorghum bicolor],Rab subfamily of small GTPases,Unknown,Signal Transduction,Signal Transduction,NONE,1,0.512,Stable,,"ko04144,ko04152,ko04530,ko04972,map04144,map04152,map04530,map04972",6,9
Zm00001eb212520,chr5,3799865,1.0581936876932885,1.0581936876932885,"XP_021306676.1 photosystem I reaction center subunit II, chloroplastic-like [Sorghum bicolor]",Photosystem I reaction center subunit II,Unknown,Unknown,Unknown,"AP2,C2H2,NAC",3,-2.019,Strong down,,"ko00195,ko01100,map00195,map01100",13,5
Zm00001eb212610,chr5,3929566,2.5476844419306603,-2.5476844419306603,XP_021321104.1 lipid phosphate phosphatase delta [Sorghum bicolor],Acid phosphatase homologues,Unknown,Signal Transduction,Signal Transduction,"CPP,G2-like,MIKC_MADS",3,0.62,Stable,,"ko00600,ko04071,map00600,map04071",7,8
Zm00001eb212810,chr5,4304943,4.4476800731906225,4.4476800731906225,XP_002466283.1 protein WVD2-like 1 isoform X1 [Sorghum bicolor],Targeting protein for Xklp2 (TPX2),Unknown,Signal Transduction,Signal Transduction,ARF,1,0.074,Stable,,,8,7
Zm00001eb212940,chr5,4539678,4.0980270622678345,4.0980270622678345,nan,DNA-binding transcription factor activity,Unknown,Transcription Factor,Transcription Factor,"C2H2,MYB,bHLH",3,-0.236,Stable,,,4,13
Zm00001eb214080,chr5,6342999,2.2064550188307166,2.2064550188307166,XP_004981644.1 uncharacterized protein LOC101782522 [Setaria italica],PetM family of cytochrome b6f complex subunit 7,Unknown,Unknown,Unknown,"HD-ZIP,M-type_MADS,MIKC_MADS",3,-2.691,Strong down,,,12,7
Zm00001eb215480,chr5,9017699,2.0849681970533394,-2.0849681970533394,XP_002463926.1 endoplasmic reticulum oxidoreductin-1 [Sorghum bicolor],Endoplasmic Reticulum Oxidoreductin 1 (ERO1),Unknown,Unknown,Unknown,MYB,1,0.44,Stable,,"ko04141,ko05110,map04141,map05110",9,7
Zm00001eb215680,chr5,9899872,3.256816592667565,3.256816592667565,XP_021318180.1 CSC1-like protein RXW8 [Sorghum bicolor],Cytosolic domain of 10TM putative phosphate transporter,Unknown,Membrane/Transport,Membrane/Transport,ERF,1,-1.791,Strong down,,,11,6
Zm00001eb215710,chr5,10003009,2.539472552732426,-2.539472552732426,XP_021321458.1 tubulin alpha-1 chain [Sorghum bicolor],"Tubulin is the major constituent of microtubules. It binds two moles of GTP, one",Unknown,Unknown,Unknown,"M-type_MADS,MIKC_MADS,MYB,TCP",4,-0.235,Stable,,"ko04145,ko04210,ko04530,ko04540,ko05130,map04145,map04210,map04530,map04540,map05130",4,14
Zm00001eb215780,chr5,10159988,1.63281724559116,-1.63281724559116,XP_021306749.1 lariat debranching enzyme [Sorghum bicolor],"Lariat debranching enzyme, C-terminal domain",Unknown,Unknown,Unknown,"C2H2,GRAS,MIKC_MADS,TALE,bZIP",5,0.702,Stable,,,6,8
Zm00001eb216000,chr5,10575019,2.796844178065814,2.796844178065814,XP_002463979.1 uncharacterized protein LOC8059995 [Sorghum bicolor],"Serine aminopeptidase, S33",Unknown,Protein Processing,Protein Processing,"ARR-B,ERF,G2-like,MYB_related",4,-0.039,Stable,,"ko00561,ko01100,ko04714,ko04723,ko04923,map00561,map01100,map04714,map04723,map04923",3,15
Zm00001eb217010,chr5,13128960,3.167194025229343,-3.167194025229343,"XP_004962155.1 stromal 70 kDa heat shock-related protein, chloroplastic [Setaria italica]",Belongs to the heat shock protein 70 family,Unknown,Protein Processing,Protein Processing,"C2H2,MYB,NAC,Trihelix",4,1.699,Strong up,,"ko03040,ko04010,ko04141,ko04144,ko04213,ko04612,ko04915,ko05134,ko05145,ko05162,ko05164,ko05169,map03040,map04010,map04141,map04144,map04213,map04612,map04915,map05134,map05145,map05162,map05164,map05",15,4
Zm00001eb217390,chr5,14254464,3.960275009599692,-3.960275009599692,XP_004982185.1 uncharacterized protein LOC101762011 [Setaria italica],nucleic acid binding protein (Fragment),Unknown,Signal Transduction,Signal Transduction,ERF,1,3.124,Strong up,,,5,12
Zm00001eb217560,chr5,14614921,1.8976472087481904,-1.8976472087481904,XP_021317506.1 glycine-rich RNA-binding protein 2 [Sorghum bicolor],Glycine-rich RNA-binding protein,Unknown,Signal Transduction,Signal Transduction,"MYB_related,Trihelix",2,1.335,Strong up,,"ko03040,map03040",8,10
Zm00001eb219040,chr5,19107568,2.410048121163423,-2.410048121163423,XP_004982424.1 probable 2-oxoglutarate-dependent dioxygenase At5g05600 [Setaria italica],Belongs to the iron ascorbate-dependent oxidoreductase family,Unknown,Metabolism,Metabolism|Redox/Stress,LBD,1,2.977,Strong up,,,4,15
Zm00001eb219210,chr5,19510487,2.188119226814984,-2.188119226814984,XP_002464245.2 zinc finger protein 4 [Sorghum bicolor],zinc finger,Unknown,Transcription Factor,Transcription Factor,"ARF,BBR-BPC,GRAS,MIKC_MADS,TALE",5,0.639,Stable,,,3,14
Zm00001eb219710,chr5,21032251,1.848124679262618,1.848124679262618,XP_004975212.1 achilleol B synthase isoform X1 [Setaria italica],Prenyltransferase and squalene oxidase repeat,Unknown,Metabolism,Metabolism,MYB_related,1,-0.218,Stable,,"ko00100,ko01100,ko01110,map00100,map01100,map01110",10,7
Zm00001eb222310,chr5,32352203,2.874238956905657,-2.874238956905657,nan,nan,Unknown,Unknown,Unknown,"M-type_MADS,Nin-like",2,0.516,Stable,,,10,8
Zm00001eb225790,chr5,51768174,4.0288094026258445,-4.0288094026258445,XP_004966283.1 EH domain-containing protein 1 [Setaria italica],Belongs to the TRAFAC class dynamin-like GTPase superfamily. Dynamin Fzo YdjA fa,Unknown,Signal Transduction,Signal Transduction|Transcription Factor,"C2H2,G2-like,MYB,Trihelix",4,0.126,Stable,,"ko04144,map04144",14,3
Zm00001eb227020,chr5,58804250,1.887218699133968,-1.887218699133968,XP_012700889.1 auxin-induced protein 15A [Setaria italica],Auxin responsive protein,Unknown,Hormone,Hormone,"C2H2,TALE",2,-2.188,Strong down,,"ko04075,map04075",10,9
Zm00001eb227200,chr5,59946133,2.305646447426234,2.305646447426234,XP_002437549.2 protein PHOSPHATE STARVATION RESPONSE 3 [Sorghum bicolor],"MYB-CC type transfactor, LHEQLE motif",Unknown,Transcription Factor,Transcription Factor,TCP,1,-2.205,Strong down,,,4,13
Zm00001eb227240,chr5,60016925,2.614639658175785,2.614639658175785,XP_002437553.1 zinc finger CCCH domain-containing protein 46 isoform X1 [Sorghum bicolor],Zinc finger C-x8-C-x5-C-x3-H type (and similar),Unknown,Signal Transduction,Signal Transduction|Transcription Factor,MYB,1,0.199,Stable,,"ko03013,map03013",8,5
Zm00001eb227310,chr5,60347328,3.539510209205446,-3.539510209205446,"XP_021305862.1 delta-aminolevulinic acid dehydratase, chloroplastic [Sorghum bicolor]",Belongs to the ALAD family,Unknown,Unknown,Unknown,"ARF,GRAS",2,-0.324,Stable,,"ko00860,ko01100,ko01110,ko01120,map00860,map01100,map01110,map01120",10,5
Zm00001eb227330,chr5,60404792,1.6322288517979,-1.6322288517979,XP_002437555.1 glycosyltransferase family 64 protein C4 [Sorghum bicolor],Glycosyl transferase family 64 domain,Unknown,Metabolism,Metabolism,"C2H2,MYB,Trihelix",3,2.875,Strong up,,"ko00534,ko01100,map00534,map01100",5,14
Zm00001eb227400,chr5,60874715,2.8731706347228676,2.8731706347228676,XP_002437560.1 mitogen-activated protein kinase 12 isoform X1 [Sorghum bicolor],Mitogen-activated protein kinase,Unknown,Signal Transduction,Signal Transduction|Metabolism,WOX,1,0.454,Stable,,"ko04016,map04016",6,13
Zm00001eb227670,chr5,61446348,5.5371808019707265,5.5371808019707265,nan,Pentatricopeptide repeat domain,Unknown,Unknown,Unknown,NAC,1,-0.124,Stable,,,9,10
Zm00001eb228090,chr5,63257241,2.5466650592937663,-2.5466650592937663,XP_002437596.1 uncharacterized protein LOC8069195 isoform X2 [Sorghum bicolor],Protein of unknown function (DUF668),Unknown,Unknown,Unknown,NONE,1,0.816,Stable,,,12,5
Zm00001eb228160,chr5,63491996,2.0854684599772058,2.0854684599772058,XP_002439032.1 senescence/dehydration-associated protein At3g51250 [Sorghum bicolor],Senescence-associated protein,Unknown,Unknown,Unknown,"C2H2,ERF,LBD,TALE",4,2.005,Strong up,,"ko04144,map04144",10,9
Zm00001eb232710,chr5,84480191,1.8662184300906264,-1.8662184300906264,XP_002442919.2 probable pectate lyase 4 [Sorghum bicolor],Pectate lyase,Unknown,Unknown,Unknown,"C2H2,GRAS,M-type_MADS,NAC",4,-0.106,Stable,,"ko00040,ko02024,map00040,map02024",8,10
Zm00001eb233730,chr5,91349547,3.4568081099510115,3.4568081099510115,nan,nan,Unknown,Unknown,Unknown,"C2H2,ERF,GRAS,LBD,MIKC_MADS,TALE",6,0.554,Stable,,,15,4
Zm00001eb234620,chr5,100436856,3.4991405375220848,-3.4991405375220848,XP_002451689.1 uncharacterized protein LOC8079424 isoform X2 [Sorghum bicolor],Metallo-beta-lactamase superfamily,Unknown,Transcription Factor,Transcription Factor,"LBD,MIKC_MADS,TCP",3,-0.001,Stable,,,10,5
Zm00001eb237500,chr5,138337529,3.7666607845588014,3.7666607845588014,"XP_006647151.2 D-amino-acid transaminase, chloroplastic [Oryza brachyantha]",Amino-transferase class IV,Unknown,Metabolism,Metabolism,SBP,1,-0.87,Stable,,"ko00790,map00790",6,11
Zm00001eb238620,chr5,147071399,2.101410767301607,-2.101410767301607,XP_002453600.1 potassium channel KAT1 [Sorghum bicolor],"KHA, dimerisation domain of potassium ion channel",Unknown,Membrane/Transport,Membrane/Transport,"MYB,SBP",2,0.478,Stable,,,10,8
Zm00001eb238670,chr5,147580358,2.4797842854311596,2.4797842854311596,XP_002451855.1 phosphoenolpyruvate carboxylase 1 [Sorghum bicolor],phosphoenolpyruvate carboxylase,Unknown,Hormone,Hormone,"CPP,G2-like",2,3.585,Strong up,,"ko00620,ko00680,ko00710,ko00720,ko01100,ko01120,ko01200,map00620,map00680,map00710,map00720,map01100,map01120,map01200",8,5
Zm00001eb240160,chr5,159177486,3.150560673239874,3.150560673239874,XP_004951439.1 aminopeptidase M1-A [Setaria italica],ERAP1-like C-terminal domain,Unknown,Protein Processing,Protein Processing,"MIKC_MADS,MYB_related",2,1.577,Strong up,,"ko00480,ko01100,ko04614,ko04640,map00480,map01100,map04614,map04640",4,13
Zm00001eb240750,chr5,162417985,2.0331125781654853,-2.0331125781654853,XP_004952436.1 WRKY transcription factor WRKY51 [Setaria italica],Plant zinc cluster domain,Unknown,Transcription Factor,Transcription Factor,"GATA,HD-ZIP,WOX,YABBY",4,2.026,Strong up,,,6,10
Zm00001eb241400,chr5,165941716,2.227398896228534,-2.227398896228534,XP_002453869.1 galacturonosyltransferase 8 [Sorghum bicolor],Belongs to the glycosyltransferase 8 family,Unknown,Metabolism,Metabolism,"C2H2,ERF,MYB",3,1.609,Strong up,,"ko00520,map00520",6,12
Zm00001eb241780,chr5,167200610,2.649178803799349,2.649178803799349,nan,nan,Unknown,Unknown,Unknown,"Dof,LBD,MIKC_MADS,TALE",4,0.632,Stable,,,12,6
Zm00001eb243970,chr5,177500754,2.201691679038871,2.201691679038871,XP_004952758.1 monooxygenase 1 [Setaria italica],FAD binding domain,Unknown,Unknown,Unknown,MYB_related,1,-0.651,Stable,,,7,11
Zm00001eb244930,chr5,179748634,4.753694942534736,4.753694942534736,XP_004952871.1 sucrose transport protein SUT5 [Setaria italica],MFS/sugar transport protein,Unknown,Unknown,Unknown,"HD-ZIP,WOX,YABBY",3,0.652,Stable,,,5,12
Zm00001eb245410,chr5,181666853,3.7983113281608527,-3.7983113281608527,XP_004952916.1 uncharacterized protein LOC101784075 [Setaria italica],nan,Unknown,Unknown,Unknown,NONE,1,0.578,Stable,,,5,11
Zm00001eb245840,chr5,183345807,3.1519521318875774,-3.1519521318875774,XP_002452371.1 uncharacterized protein LOC8055442 [Sorghum bicolor],Hypoxia induced protein conserved region,Unknown,Unknown,Unknown,"C2H2,MYB",2,0.224,Stable,,,10,8
Zm00001eb246360,chr5,185128518,1.7253885350789702,1.7253885350789702,XP_021313888.1 cytosolic Fe-S cluster assembly factor NBP35 [Sorghum bicolor],Component of the cytosolic iron-sulfur (Fe-S) protein assembly (CIA) machinery. ,Unknown,Unknown,Unknown,"M-type_MADS,MYB_related,TCP",3,0.948,Stable,,,6,12
Zm00001eb246440,chr5,185610092,2.855413475989271,2.855413475989271,"XP_004953013.1 transcription termination factor MTERF5, chloroplastic [Setaria italica]",mTERF,Unknown,Transcription Factor,Transcription Factor,"EIL,MYB_related",2,-0.143,Stable,,,3,14
Zm00001eb246590,chr5,185969286,3.533033625402345,3.533033625402345,XP_002454142.1 uncharacterized protein LOC8072433 [Sorghum bicolor],nan,Unknown,Unknown,Unknown,"G2-like,LBD,NAC",3,-0.047,Stable,,,5,12
Zm00001eb246850,chr5,187363173,2.116124084261831,-2.116124084261831,"XP_002452434.1 pentatricopeptide repeat-containing protein At5g04810, chloroplastic [Sorghum bicolor]",Pentatricopeptide repeat domain,Unknown,Signal Transduction,Signal Transduction,"ERF,TALE",2,1.087,Strong up,,,10,5
Zm00001eb247540,chr5,190042182,2.689918027031855,-2.689918027031855,XP_002454196.2 wall-associated receptor kinase 5 [Sorghum bicolor],Calcium-binding EGF-like domain,Unknown,Receptor/Sensor,Receptor/Sensor|Signal Transduction|Metabolism,Trihelix,1,-1.674,Strong down,,,6,11
Zm00001eb248290,chr5,192527539,3.045578705346374,3.045578705346374,XP_004953205.1 bifunctional nitrilase/nitrile hydratase NIT4 [Setaria italica],Carbon-nitrogen hydrolase,Unknown,Metabolism,Metabolism,"ERF,LBD,MYB,Trihelix",4,0.579,Stable,,"ko00380,ko00460,ko00627,ko00643,ko00910,ko01100,ko01110,ko01120,map00380,map00460,map00627,map00643,map00910,map01100,map01110,map01120",6,7
Zm00001eb248350,chr5,192696772,1.8501334723944156,-1.8501334723944156,XP_004979172.1 LOW QUALITY PROTEIN: gem-associated protein 2-like [Setaria italica],Survival motor neuron (SMN) interacting protein 1 (SIP1),Unknown,Signal Transduction,Signal Transduction,NONE,1,1.02,Strong up,,"ko03013,map03013",10,8
Zm00001eb248530,chr5,192898521,2.0869914285378406,-2.0869914285378406,XP_002452863.1 membrane steroid-binding protein 1 [Sorghum bicolor],Cytochrome b5-like Heme/Steroid binding domain,Unknown,Signal Transduction,Signal Transduction,"Nin-like,TCP",2,0.244,Stable,,,7,11
Zm00001eb248620,chr5,193107259,3.566530348832343,-3.566530348832343,XP_021316110.1 protein SHORTAGE IN CHIASMATA 1 isoform X2 [Sorghum bicolor],nan,Unknown,Unknown,Unknown,ERF,1,0.245,Stable,,,6,10
Zm00001eb250370,chr5,199009303,1.8339465166225088,1.8339465166225088,XP_002454491.1 transcription factor bHLH157 [Sorghum bicolor],bHLH-MYC and R2R3-MYB transcription factors N-terminal,Unknown,Transcription Factor,Transcription Factor,"ARR-B,ERF,NAC,SBP",4,-0.769,Stable,,,12,4
Zm00001eb250610,chr5,204023118,1.5294181024110318,-1.5294181024110318,"XP_002454480.1 bifunctional dTDP-4-dehydrorhamnose 3,5-epimerase/dTDP-4-dehydrorhamnose reductase [Sorghum bicolor]",RmlD substrate binding domain,Unknown,Metabolism,Metabolism,"ARF,C2H2,NAC,bZIP",4,0.408,Stable,,"ko00520,ko00523,ko01130,map00520,map00523,map01130",5,14
Zm00001eb251070,chr5,205962090,1.8363397923573328,1.8363397923573328,XP_003570129.1 serine/arginine repetitive matrix protein 1 [Brachypodium distachyon],nan,Unknown,Unknown,Unknown,"ARF,C2H2,GRAS,MYB,MYB_related",5,-0.448,Stable,,,6,13
Zm00001eb251900,chr5,208499872,2.0480367921719203,-2.0480367921719203,XP_002454426.1 pectin acetylesterase 8 isoform X1 [Sorghum bicolor],Hydrolyzes acetyl esters in homogalacturonan regions of pectin. In type I primar,Unknown,Unknown,Unknown,"ERF,G2-like,Nin-like",3,0.657,Stable,,"ko04310,map04310",9,10
Zm00001eb252160,chr5,209205811,2.355996357405278,2.355996357405278,XP_002454420.1 protein RADIALIS-like 3 [Sorghum bicolor],ubiquitin modification-dependent histone binding,Unknown,Protein Processing,Protein Processing|Chromatin/Epigenetic,"CPP,Trihelix,WOX",3,-2.928,Strong down,,,5,11
Zm00001eb252250,chr5,209563666,3.1936707580998416,-3.1936707580998416,XP_002454414.1 uridine-cytidine kinase C [Sorghum bicolor],CYTH domain,Unknown,Signal Transduction,Signal Transduction|Metabolism,"C2H2,Dof,GRAS,MIKC_MADS",4,0.163,Stable,,"ko00240,ko00983,ko01100,map00240,map00983,map01100",3,13
Zm00001eb252380,chr5,209976915,1.331292388796791,1.331292388796791,XP_052141931.1 cysteine-rich receptor-like protein kinase 44 [Oryza glaberrima],Protein kinase domain,Unknown,Receptor/Sensor,Receptor/Sensor|Signal Transduction|Metabolism,MYB,1,1.396,Strong up,,,13,6
Zm00001eb252460,chr5,210135106,2.800267841073044,2.800267841073044,XP_004953663.1 17.8 kDa heat shock protein [Setaria italica],Belongs to the small heat shock protein (HSP20) family,Unknown,Protein Processing,Protein Processing,"C2H2,ERF,LBD,NAC",4,-0.839,Stable,,"ko04141,map04141",5,11
Zm00001eb252640,chr5,210672360,2.184338854040075,-2.184338854040075,XP_021313992.1 AT-rich interactive domain-containing protein 5-like [Sorghum bicolor],"BRIGHT, ARID (A/T-rich interaction domain) domain",Unknown,Signal Transduction,Signal Transduction,"HD-ZIP,MIKC_MADS",2,0.597,Stable,,,6,11
Zm00001eb253150,chr5,212216401,1.66884832394174,1.66884832394174,XP_002454366.1 zinc finger protein CONSTANS-LIKE 9 [Sorghum bicolor],Zinc finger protein,Unknown,Transcription Factor,Transcription Factor,TCP,1,0.612,Stable,,,8,11
Zm00001eb253690,chr5,213145580,2.9414167343446964,-2.9414167343446964,XP_002452602.1 ADP-ribosylation factor-like protein 8c [Sorghum bicolor],Belongs to the small GTPase superfamily. Arf family,Unknown,Signal Transduction,Signal Transduction|Transcription Factor|Hormone,"ERF,NAC,TCP",3,0.558,Stable,,,3,14
Zm00001eb254940,chr5,216053809,3.0368323958172567,3.0368323958172567,"XP_004953920.1 shikimate kinase 1, chloroplastic [Setaria italica]",Shikimate kinase,Unknown,Signal Transduction,Signal Transduction|Metabolism,NONE,1,-0.052,Stable,,"ko00400,ko01100,ko01110,ko01130,ko01230,map00400,map01100,map01110,map01130,map01230",6,6
Zm00001eb255980,chr5,218429727,2.8306111394814533,2.8306111394814533,XP_002454606.2 uncharacterized protein LOC8078924 isoform X1 [Sorghum bicolor],"Remorin, C-terminal region",Unknown,Unknown,Unknown,"NAC,TCP",2,1.919,Strong up,,,7,6
Zm00001eb256460,chr5,219599710,2.535602526846472,2.535602526846472,XP_002452902.1 universal stress protein PHOS32 [Sorghum bicolor],Universal stress protein family,Unknown,Unknown,Unknown,NONE,1,1.934,Strong up,,,5,9
Zm00001eb257810,chr5,222003901,3.7401838527052793,-3.7401838527052793,XP_004954215.1 transcription factor bHLH82 [Setaria italica],helix loop helix domain,Unknown,Transcription Factor,Transcription Factor,"CPP,TCP",2,0.725,Stable,,,6,13
Zm00001eb258090,chr5,222551203,1.8890916082673856,-1.8890916082673856,XP_021314018.1 cyclin-B1-2 [Sorghum bicolor],Proteasome maturation factor UMP1,Unknown,Protein Processing,Protein Processing,"ARF,C2H2,GRAS,LBD,NAC,Nin-like",6,0.705,Stable,,"ko03050,map03050",9,8
Zm00001eb258170,chr5,222744777,4.794391153447574,4.794391153447574,XP_021315749.1 26S protease regulatory subunit 6A homolog [Sorghum bicolor],AAA domain (Cdc48 subfamily),Unknown,Protein Processing,Protein Processing,ERF,1,0.308,Stable,,"ko03050,ko05169,map03050,map05169",6,12
Zm00001eb258890,chr5,224090715,1.9603346592901425,-1.9603346592901425,XP_021314736.1 myosin-6 [Sorghum bicolor],Belongs to the TRAFAC class myosin-kinesin ATPase superfamily. Myosin family,Unknown,Transcription Factor,Transcription Factor,NONE,1,0.467,Stable,,,3,16
Zm00001eb258970,chr5,224227778,1.890023995138449,1.890023995138449,XP_021314017.1 protein N-lysine methyltransferase METTL21A [Sorghum bicolor],Lysine methyltransferase,Unknown,Chromatin/Epigenetic,Chromatin/Epigenetic|Metabolism,NAC,1,1.049,Strong up,,,6,12
Zm00001eb259070,chr5,224374169,1.9507576650897027,-1.9507576650897027,XP_021315590.1 OTU domain-containing protein DDB_G0284757 isoform X3 [Sorghum bicolor],OTU-like cysteine protease,Unknown,Signal Transduction,Signal Transduction|Protein Processing,"C2H2,GRAS,TALE",3,-1.479,Strong down,,,5,8
Zm00001eb260350,chr6,7501354,2.401949872078158,2.401949872078158,XP_021320295.1 glycolipid transfer protein 2 [Sorghum bicolor],Glycolipid transfer protein (GLTP),Unknown,Unknown,Unknown,NONE,1,-1.709,Strong down,,,6,12
Zm00001eb260480,chr6,8188344,3.5478175791548217,3.5478175791548217,XP_004972469.1 phospholipase SGR2 isoform X1 [Setaria italica],phospholipase,Unknown,Second Messenger,Second Messenger,"C2H2,LBD",2,0.358,Stable,,,12,4
Zm00001eb260970,chr6,10181290,1.9402762306550076,1.9402762306550076,XP_002444936.1 probable calcium-binding protein CML7 [Sorghum bicolor],EF-hand domain,Unknown,Signal Transduction,Signal Transduction,"HD-ZIP,MYB,Trihelix",3,0.397,Stable,,"ko03010,ko04626,map03010,map04626",7,9
Zm00001eb264550,chr6,29131841,2.565167807096685,2.565167807096685,"XP_021321956.1 protein CLT2, chloroplastic-like [Sorghum bicolor]","CRT-like, chloroquine-resistance transporter-like",Unknown,Membrane/Transport,Membrane/Transport,"MYB,MYB_related,Trihelix",3,-0.0,Stable,,,8,11
Zm00001eb265520,chr6,36004831,1.7809825153208412,-1.7809825153208412,XP_002439226.2 cycloeucalenol cycloisomerase isoform X1 [Sorghum bicolor],cycloeucalenol cycloisomerase,Unknown,Metabolism,Metabolism,"M-type_MADS,MYB,NAC",3,0.599,Stable,,"ko00100,ko01100,ko01110,map00100,map01100,map01110",9,10
Zm00001eb266600,chr6,44084585,1.3833691488817503,1.3833691488817503,XP_004960505.1 cation/H(+) antiporter 20 [Setaria italica],Sodium/hydrogen exchanger family,Unknown,Unknown,Unknown,"ARF,BES1,Trihelix,bHLH",4,-0.18,Stable,,,9,10
Zm00001eb266620,chr6,44126781,2.9601877835961656,-2.9601877835961656,XP_002439153.2 ACT domain-containing protein ACR9 [Sorghum bicolor],ACT domain-containing protein,Unknown,Signal Transduction,Signal Transduction,"ERF,Nin-like,bZIP",3,-0.337,Stable,,,4,15
Zm00001eb268420,chr6,64425664,2.5182726232604637,2.5182726232604637,XP_002437661.2 protein MEI2-like 2 [Sorghum bicolor],RNA recognition motif 2,Unknown,Unknown,Unknown,"C2H2,MYB",2,0.222,Stable,,,4,12
Zm00001eb269400,chr6,71846402,5.37515032156037,5.37515032156037,XP_002436385.1 peroxisomal membrane protein 11-5 [Sorghum bicolor],Peroxisomal biogenesis factor 11 (PEX11),Unknown,Membrane/Transport,Membrane/Transport,"C2H2,Dof,G2-like,GRAS,MIKC_MADS",5,1.153,Strong up,,"ko04146,map04146",7,11
Zm00001eb272170,chr6,92924064,3.261713651505997,-3.261713651505997,nan,nan,Unknown,Unknown,Unknown,"C2H2,GRAS,HD-ZIP,MIKC_MADS,MYB_related,NAC",6,0.579,Stable,,,7,9
Zm00001eb272520,chr6,94722184,2.0781202486092107,-2.0781202486092107,XP_002437583.1 lysophospholipid acyltransferase LPEAT2 isoform X1 [Sorghum bicolor],Phosphate acyltransferases,Unknown,Metabolism,Metabolism,"Dof,M-type_MADS,SBP",3,0.181,Stable,,"ko00564,ko00565,ko01100,map00564,map00565,map01100",5,7
Zm00001eb273360,chr6,98445058,3.373963504912398,3.373963504912398,XP_002438920.2 uncharacterized protein LOC8063795 isoform X2 [Sorghum bicolor],"Protein of unknown function, DUF547",Unknown,Unknown,Unknown,"B3,ERF,LBD,Nin-like",4,0.683,Stable,,,7,11
Zm00001eb274240,chr6,102898532,2.18760956779572,-2.18760956779572,XP_021306236.1 molybdenum cofactor sulfurase isoform X1 [Sorghum bicolor],Sulfurates the molybdenum cofactor. Sulfation of molybdenum is essential for xan,Unknown,Metabolism,Metabolism,"B3,WOX",2,0.73,Stable,,"ko00790,map00790",7,6
Zm00001eb276160,chr6,110082271,2.0697966596880257,-2.0697966596880257,XP_021305237.1 uncharacterized protein LOC8065089 isoform X1 [Sorghum bicolor],Alpha beta-Hydrolases superfamily protein,Unknown,Transcription Factor,Transcription Factor|Metabolism,"ERF,SBP",2,1.103,Strong up,,,3,13
Zm00001eb276190,chr6,110151986,2.448600298541365,2.448600298541365,XP_021306063.1 E3 ubiquitin-protein ligase RGLG2-like [Sorghum bicolor],Copine,Unknown,Protein Processing,Protein Processing|Metabolism,HD-ZIP,1,0.095,Stable,,,3,14
Zm00001eb278120,chr6,117817772,1.707022122288353,-1.707022122288353,XP_002438439.1 vacuolar amino acid transporter 1 [Sorghum bicolor],Transmembrane amino acid transporter protein,Unknown,Membrane/Transport,Membrane/Transport,"C2H2,MIKC_MADS,MYB,Trihelix",4,3.311,Strong up,,"ko04721,ko04723,ko04727,ko05032,ko05033,map04721,map04723,map04727,map05032,map05033",5,13
Zm00001eb278130,chr6,117850289,2.9195594793576416,-2.9195594793576416,XP_002437039.1 cyclin-dependent kinase F-1 [Sorghum bicolor],Protein kinase domain,Unknown,Signal Transduction,Signal Transduction|Metabolism,"CPP,EIL,MYB",3,0.249,Stable,,,5,13
Zm00001eb279790,chr6,124409130,9.795547365688725,9.795547365688725,"XP_021305650.1 glutathione S-transferase DHAR3, chloroplastic-like isoform X1 [Sorghum bicolor]","Glutathione S-transferase, N-terminal domain",Unknown,Metabolism,Metabolism|Redox/Stress,MYB,1,-0.119,Stable,,"ko00053,ko00480,ko01100,map00053,map00480,map01100",4,10
Zm00001eb280210,chr6,126409344,1.7960201177908428,1.7960201177908428,XP_021305239.1 potassium channel KOR1 isoform X1 [Sorghum bicolor],Potassium channel SKOR,Unknown,Membrane/Transport,Membrane/Transport,MYB_related,1,0.079,Stable,,,7,12
Zm00001eb280970,chr6,130867559,3.748817075985064,-3.748817075985064,XP_021305853.1 U-box domain-containing protein 35 isoform X1 [Sorghum bicolor],U-box domain-containing protein,Unknown,Signal Transduction,Signal Transduction,MYB,1,-1.716,Strong down,,,12,4
Zm00001eb282040,chr6,134534847,2.0901105758952907,2.0901105758952907,XP_004973627.1 germin-like protein 8-14 [Setaria italica],Cupin,Unknown,Unknown,Unknown,NONE,1,-3.932,Strong down,,,4,15
Zm00001eb282990,chr6,138984500,2.655137442273228,2.655137442273228,XP_002439378.1 E3 ubiquitin-protein ligase At1g63170 [Sorghum bicolor],RING-like zinc finger,Unknown,Protein Processing,Protein Processing|Transcription Factor|Metabolism,Dof,1,1.138,Strong up,,,6,13
Zm00001eb283110,chr6,139381527,2.856266283830376,2.856266283830376,XP_002440694.1 probable cellulose synthase A catalytic subunit 1 [UDP-forming] [Sorghum bicolor],Belongs to the glycosyltransferase 2 family. Plant cellulose synthase subfamily,Unknown,Metabolism,Metabolism,"C2H2,GRAS,MIKC_MADS,NAC,bHLH",5,-0.621,Stable,,,7,6
Zm00001eb283200,chr6,139654163,2.0579915874978787,-2.0579915874978787,XP_002450034.2 putative disease resistance RPP13-like protein 3 [Sorghum bicolor],NB-ARC domain,Unknown,Unknown,Unknown,MYB,1,0.021,Stable,,,4,14
Zm00001eb283750,chr6,141497453,3.2282312202661316,3.2282312202661316,XP_002440709.1 leucine-rich repeat extensin-like protein 4 [Sorghum bicolor],Leucine rich repeat,Unknown,Unknown,Unknown,TALE,1,0.205,Stable,,,3,15
Zm00001eb284070,chr6,142919744,2.017722385261348,-2.017722385261348,XP_004960596.1 uncharacterized protein LOC101766326 [Setaria italica],Cotton fibre expressed protein,Unknown,Unknown,Unknown,"BES1,CAMTA,G2-like,GATA,bHLH,bZIP",6,-3.63,Strong down,,,7,11
Zm00001eb284120,chr6,143072104,2.8262855781437546,2.8262855781437546,"XP_002440767.1 thioredoxin-like 2, chloroplastic [Sorghum bicolor]",Thioredoxin,Unknown,Redox/Stress,Redox/Stress,MYB,1,-0.498,Stable,,"ko04621,ko05418,map04621,map05418",6,13
Zm00001eb284450,chr6,144722672,1.6809466919998697,1.6809466919998697,XP_006655126.2 E3 ubiquitin-protein ligase SINAT5 [Oryza brachyantha],E3 ubiquitin-protein ligase that mediates ubiquitination and subsequent proteaso,Unknown,Protein Processing,Protein Processing|Metabolism,"ERF,LBD,MYB,TALE",4,-0.268,Stable,,"ko04013,ko04115,ko04120,ko04310,map04013,map04115,map04120,map04310",9,7
Zm00001eb284520,chr6,144921415,1.9900310270162969,1.9900310270162969,XP_021302905.1 LOW QUALITY PROTEIN: serine carboxypeptidase 2 [Sorghum bicolor],Belongs to the peptidase S10 family,Unknown,Protein Processing,Protein Processing,"G2-like,MIKC_MADS",2,-0.171,Stable,,,5,14
Zm00001eb286540,chr6,152679315,1.5857986645549182,-1.5857986645549182,XP_012700165.1 senescence associated gene 20-like [Setaria italica],Wound-induced protein WI12,Unknown,Unknown,Unknown,"Dof,SBP",2,-1.928,Strong down,,,7,5
Zm00001eb288150,chr6,158302188,3.3074906339787136,-3.3074906339787136,XP_004962080.1 beta-hexosaminidase 3 [Setaria italica],beta-acetyl hexosaminidase like,Unknown,Unknown,Unknown,"B3,EIL",2,1.642,Strong up,,"ko00511,ko00513,ko00520,ko00531,ko00603,ko00604,ko01100,ko04142,map00511,map00513,map00520,map00531,map00603,map00604,map01100,map04142",7,7
Zm00001eb288420,chr6,159037925,2.9114444910666863,2.9114444910666863,XP_021302870.1 NAC domain-containing protein 82-like [Sorghum bicolor],No apical meristem (NAM) protein,Unknown,Signal Transduction,Signal Transduction|Transcription Factor,"ARF,C2H2,Dof,GRAS,MIKC_MADS",5,0.07,Stable,,,6,13
Zm00001eb289600,chr6,162664891,1.881835007983475,-1.881835007983475,XP_002441215.1 peptidyl-prolyl cis-trans isomerase FKBP20-1 [Sorghum bicolor],Peptidyl-prolyl cis-trans isomerase,Unknown,Metabolism,Metabolism,"ARF,MYB_related,NAC,Nin-like,Trihelix",5,0.455,Stable,,,7,8
Zm00001eb290750,chr6,165528366,2.687972913495488,2.687972913495488,XP_002441272.1 probable inactive receptor kinase At5g58300 [Sorghum bicolor],Leucine rich repeat N-terminal domain,Unknown,Receptor/Sensor,Receptor/Sensor|Signal Transduction|Transcription Factor|Metabolism,ERF,1,-0.814,Stable,,,8,10
Zm00001eb291350,chr6,166984831,2.8153083422748817,2.8153083422748817,XP_002441302.1 myb family transcription factor PHL7 [Sorghum bicolor],"MYB-CC type transfactor, LHEQLE motif",Unknown,Transcription Factor,Transcription Factor,"ERF,MIKC_MADS,MYB",3,0.246,Stable,,,3,14
Zm00001eb293130,chr6,170739704,3.7275814784711905,-3.7275814784711905,XP_021302883.1 calcineurin B-like protein 4 [Sorghum bicolor],Calcineurin B-like protein,Unknown,Unknown,Unknown,"C2H2,Dof,ERF,NAC",4,0.908,Stable,,"ko04010,ko04020,ko04022,ko04114,ko04218,ko04310,ko04360,ko04370,ko04380,ko04650,ko04658,ko04659,ko04660,ko04662,ko04720,ko04724,ko04921,ko04922,ko04924,ko05010,ko05014,ko05031,ko05152,ko05166,ko05167,",6,13
Zm00001eb294000,chr6,172670934,2.0012701891866422,2.0012701891866422,XP_002440140.2 tRNA(His) guanylyltransferase 1 [Sorghum bicolor],Thg1 C terminal domain,Unknown,Translation,Translation|Metabolism,"ERF,MYB,MYB_related",3,0.477,Stable,,,9,10
Zm00001eb294740,chr6,173977731,1.9243978925261265,-1.9243978925261265,XP_002441470.2 uncharacterized protein LOC8069011 isoform X2 [Sorghum bicolor],WD repeat-containing protein,Unknown,Signal Transduction,Signal Transduction,"Dof,NAC",2,0.725,Stable,,"ko03008,map03008",8,9
Zm00001eb295670,chr6,175625843,3.049368935343808,-3.049368935343808,XP_021302461.1 protein MALE DISCOVERER 2-like [Sorghum bicolor],Protein kinase domain,Unknown,Signal Transduction,Signal Transduction|Metabolism,"C2H2,ERF,MYB",3,2.158,Strong up,,,8,11
Zm00001eb295800,chr6,175938755,2.572293252703069,-2.572293252703069,XP_004961229.1 homeobox-DDT domain protein RLT2 [Setaria italica],isoform X1,Unknown,Transcription Factor,Transcription Factor,"BES1,CAMTA,bHLH",3,0.245,Stable,,,12,5
Zm00001eb298140,chr7,880702,2.081148712700112,-2.081148712700112,XP_021310419.1 la-related protein 6C [Sorghum bicolor],La domain,Unknown,Unknown,Unknown,"C2H2,ERF,MIKC_MADS",3,0.517,Stable,,,6,12
Zm00001eb298180,chr7,1059198,2.905709175966613,-2.905709175966613,XP_002461301.1 DDRGK domain-containing protein 1 [Sorghum bicolor],DDRGK domain,Unknown,Signal Transduction,Signal Transduction,"C2H2,MIKC_MADS,MYB_related",3,0.522,Stable,,,13,6
Zm00001eb298400,chr7,1401739,2.4936713485215716,-2.4936713485215716,XP_002459219.1 serine/arginine-rich splicing factor 4 [Sorghum bicolor],nan,Unknown,Unknown,Unknown,"Dof,LFY,MYB,MYB_related,TALE,bZIP",6,0.939,Stable,,,11,4
Zm00001eb299970,chr7,5273290,2.493335649869251,2.493335649869251,XP_021310456.1 187-kDa microtubule-associated protein AIR9 [Sorghum bicolor],187-kDa microtubule-associated protein,Unknown,Unknown,Unknown,SBP,1,-0.863,Stable,,,9,10
Zm00001eb300490,chr7,6870529,2.4773540200623496,2.4773540200623496,XP_002461489.2 flavonoid 3'-monooxygenase [Sorghum bicolor],Belongs to the cytochrome P450 family,Unknown,Metabolism,Metabolism,"CAMTA,NAC",2,-1.425,Strong down,,"ko00905,ko01100,ko01110,map00905,map01100,map01110",4,14
Zm00001eb301430,chr7,10524518,1.4359456092472174,-1.4359456092472174,XP_004983791.1 ABC transporter F family member 4 [Setaria italica],ABC transporter F family member 4,Unknown,Membrane/Transport,Membrane/Transport,"C2H2,ERF,LBD,MYB",4,-0.41,Stable,,,8,11
Zm00001eb301470,chr7,10719162,1.3331421122645593,-1.3331421122645593,"XP_002459436.2 pentatricopeptide repeat-containing protein At5g64320, mitochondrial [Sorghum bicolor]",Pentacotripeptide-repeat region of PRORP,Unknown,Signal Transduction,Signal Transduction,Dof,1,0.574,Stable,,,8,11
Zm00001eb301540,chr7,10933578,5.061909574591178,5.061909574591178,XP_006657506.2 tryptophan synthase alpha chain-like [Oryza brachyantha],Belongs to the TrpA family,Unknown,Metabolism,Metabolism,"ERF,MYB,TCP",3,-0.502,Stable,,"ko00260,ko00400,ko00402,ko01100,ko01110,ko01130,ko01230,map00260,map00400,map00402,map01100,map01110,map01130,map01230",6,7
Zm00001eb302270,chr7,13954725,2.552939442944594,-2.552939442944594,XP_002461576.1 F-box protein At2g26160 [Sorghum bicolor],nan,Unknown,Unknown,Unknown,"C2H2,NAC,bHLH",3,0.621,Stable,,,5,12
Zm00001eb302940,chr7,17959685,4.686390244607297,-4.686390244607297,"XP_002459524.1 zeta-carotene desaturase, chloroplastic/chromoplastic [Sorghum bicolor]",Catalyzes the conversion of zeta-carotene to lycopene via the intermediary of ne,Unknown,Unknown,Unknown,bHLH,1,-0.188,Stable,,"ko00906,ko01100,ko01110,map00906,map01100,map01110",12,7
Zm00001eb303060,chr7,18956238,1.7875926306467889,-1.7875926306467889,XP_002461672.1 leucine-rich repeat receptor-like tyrosine-protein kinase PXC3 [Sorghum bicolor],Protein kinase domain,Unknown,Receptor/Sensor,Receptor/Sensor|Signal Transduction|Metabolism,"CAMTA,EIL,G2-like,NAC",4,-1.13,Strong down,,,5,13
Zm00001eb303280,chr7,20132866,2.66532678268429,2.66532678268429,XP_021309903.1 UPF0613 protein PB24D3.06c [Sorghum bicolor],Protein of unknown function (DUF1749),Unknown,Unknown,Unknown,"Dof,bZIP",2,-0.031,Stable,,,6,12
Zm00001eb303620,chr7,21757630,2.369923834793785,-2.369923834793785,XP_002459566.1 NAC domain-containing protein 67 [Sorghum bicolor],No apical meristem (NAM) protein,Unknown,Signal Transduction,Signal Transduction|Transcription Factor,"BBR-BPC,C2H2,GRAS,MYB_related,TALE",5,-0.74,Stable,,,4,12
Zm00001eb303740,chr7,22297801,2.5093168700910597,2.5093168700910597,XP_021308300.1 nitrile-specifier protein 5 [Sorghum bicolor],"Galactose oxidase, central domain",Unknown,Metabolism,Metabolism,"CAMTA,MIKC_MADS,NAC,bHLH,bZIP",5,1.692,Strong up,,,8,10
Zm00001eb304110,chr7,24551813,2.6149041861269624,-2.6149041861269624,XP_021309538.1 uncharacterized protein LOC110432864 isoform X2 [Sorghum bicolor],Protein phosphatase inhibitor 2 (IPP-2),Unknown,Signal Transduction,Signal Transduction,"Dof,GRAS,MIKC_MADS,Trihelix",4,0.114,Stable,,,4,10
Zm00001eb304560,chr7,27378767,3.8414810666527024,3.8414810666527024,XP_002459635.1 probable cellulose synthase A catalytic subunit 6 [UDP-forming] [Sorghum bicolor],Belongs to the glycosyltransferase 2 family. Plant cellulose synthase subfamily,Unknown,Metabolism,Metabolism,"CPP,Trihelix",2,-0.154,Stable,,,4,15
Zm00001eb307400,chr7,52719477,2.282258721460169,-2.282258721460169,XP_002462029.1 transcription factor MYB44 [Sorghum bicolor],Myb-like DNA-binding domain,Unknown,Transcription Factor,Transcription Factor,GATA,1,2.229,Strong up,,,15,3
Zm00001eb308990,chr7,82964676,1.4127807266210728,-1.4127807266210728,XP_021308686.1 sodium/hydrogen exchanger 6 [Sorghum bicolor],Sodium hydrogen exchanger,Unknown,Unknown,Unknown,"C2H2,ERF,TALE,bHLH",4,1.039,Strong up,,,8,10
Zm00001eb309590,chr7,89902299,1.483412957501383,1.483412957501383,XP_002462169.1 pathogenesis-related genes transcriptional activator PTI6 [Sorghum bicolor],DNA-binding domain in plant proteins such as APETALA2 and EREBPs,Unknown,Transcription Factor,Transcription Factor,"B3,NAC,TALE,bZIP",4,1.391,Strong up,,,7,11
Zm00001eb311230,chr7,104978194,3.004041531384752,-3.004041531384752,XP_010519815.1 PREDICTED: probable trehalose-phosphate phosphatase J isoform X2 [Tarenaya hassleriana],Removes the phosphate from trehalose 6-phosphate to produce free trehalose,Unknown,Signal Transduction,Signal Transduction,"MYB,TCP",2,-1.861,Strong down,,"ko00500,ko01100,map00500,map01100",5,12
Zm00001eb312020,chr7,112626983,2.776015685879615,-2.776015685879615,"XP_021308880.1 alpha,alpha-trehalose-phosphate synthase [UDP-forming] 6 [Sorghum bicolor]",Glycosyltransferase family 20,Unknown,Metabolism,Metabolism,"C2H2,ERF,MIKC_MADS,MYB",4,1.01,Strong up,,"ko00500,ko01100,map00500,map01100",11,8
Zm00001eb312440,chr7,115955090,1.95379483851799,-1.95379483851799,XP_052166829.1 O-fucosyltransferase 31-like [Oryza glaberrima],GDP-fucose protein O-fucosyltransferase,Unknown,Metabolism,Metabolism,NONE,1,0.59,Stable,,,8,7
Zm00001eb312990,chr7,121094007,5.4270744724144935,5.4270744724144935,nan,nan,Unknown,Unknown,Unknown,"CAMTA,NAC,TALE,TCP,Trihelix,bHLH,bZIP",7,0.131,Stable,,,11,6
Zm00001eb313460,chr7,123472084,2.315207457748919,-2.315207457748919,XP_002460242.1 tetraspanin-8 [Sorghum bicolor],Belongs to the tetraspanin (TM4SF) family,Unknown,Unknown,Unknown,"CAMTA,NAC,bHLH",3,0.971,Stable,,,5,10
Zm00001eb314230,chr7,127366190,1.7220254620463895,-1.7220254620463895,XP_021308282.1 protein GAMETE EXPRESSED 1 [Sorghum bicolor],Protein GAMETE EXPRESSED,Unknown,Unknown,Unknown,"AP2,bZIP",2,1.856,Strong up,,,8,10
Zm00001eb316180,chr7,136373078,2.0457408494500875,2.0457408494500875,XP_002460418.2 subtilisin-like protease SBT5.3 [Sorghum bicolor],subtilisin-like protease,Unknown,Protein Processing,Protein Processing,GATA,1,-0.222,Stable,,,7,10
Zm00001eb316410,chr7,137154179,3.622077143871217,3.622077143871217,XP_002460433.1 heat shock protein 81-2 [Sorghum bicolor],Heat shock protein,Unknown,Protein Processing,Protein Processing,ARF,1,0.96,Stable,,"ko04141,ko04151,ko04217,ko04612,ko04621,ko04626,ko04657,ko04659,ko04914,ko04915,ko05200,ko05215,ko05418,map04141,map04151,map04217,map04612,map04621,map04626,map04657,map04659,map04914,map04915,map052",8,11
Zm00001eb320760,chr7,152794976,2.359105314688309,2.359105314688309,XP_004957587.1 uncharacterized protein LOC101752644 [Setaria italica],PRLI-interacting factor,Unknown,Unknown,Unknown,"C2H2,GRAS",2,1.589,Strong up,,,11,5
Zm00001eb320800,chr7,152901826,2.376782648274342,2.376782648274342,XP_004957585.1 UTP--glucose-1-phosphate uridylyltransferase [Setaria italica],UTP--glucose-1-phosphate uridylyltransferase,Unknown,Metabolism,Metabolism,"ARF,SBP,TALE",3,-0.145,Stable,,"ko00040,ko00052,ko00500,ko00520,ko01100,ko01130,map00040,map00052,map00500,map00520,map01100,map01130",5,11
Zm00001eb322690,chr7,162221242,5.814676515804214,-5.814676515804214,XP_021303040.1 protein DETOXIFICATION 40-like [Sorghum bicolor],Belongs to the multi antimicrobial extrusion (MATE) (TC 2.A.66.1) family,Unknown,Unknown,Unknown,TALE,1,1.805,Strong up,,,6,11
Zm00001eb323490,chr7,164514551,2.505228500913015,-2.505228500913015,XP_002460824.1 probable histone H2A.2 [Sorghum bicolor],"Core component of nucleosome. Nucleosomes wrap and compact DNA into chromatin, l",Unknown,Chromatin/Epigenetic,Chromatin/Epigenetic|Translation,NONE,1,0.717,Stable,,"ko04217,ko05034,ko05322,map04217,map05034,map05322",14,4
Zm00001eb323570,chr7,164771432,2.326173244124276,-2.326173244124276,"XP_002462979.2 peptide chain release factor PrfB1, chloroplastic [Sorghum bicolor]",PCRF,Unknown,Unknown,Unknown,NONE,1,-0.252,Stable,,,14,5
Zm00001eb325330,chr7,169218303,2.856167218397106,-2.856167218397106,XP_004958115.1 vacuolar protein sorting-associated protein 62 [Setaria italica],Vacuolar protein sorting-associated protein 62,Unknown,Unknown,Unknown,"MYB_related,TALE,WRKY",3,3.402,Strong up,,,6,13
Zm00001eb325370,chr7,169303840,2.7983655340285414,-2.7983655340285414,"XP_002460914.1 glucan endo-1,3-beta-glucosidase 4 [Sorghum bicolor]",Belongs to the glycosyl hydrolase 17 family,Unknown,Metabolism,Metabolism,"LBD,MIKC_MADS",2,0.267,Stable,,"ko00500,ko04120,map00500,map04120",10,5
Zm00001eb327030,chr7,173331955,2.6794854885435906,-2.6794854885435906,XP_002460988.1 UDP-arabinopyranose mutase 3 [Sorghum bicolor],Reversibly glycosylated polypeptide,Unknown,Hormone,Hormone,NONE,1,0.641,Stable,,"ko00520,map00520",8,7
Zm00001eb327110,chr7,173667431,2.1224344819281495,-2.1224344819281495,XP_002463161.1 cytosolic sulfotransferase 5 [Sorghum bicolor],Belongs to the sulfotransferase 1 family,Unknown,Metabolism,Metabolism,"C2H2,Dof,GRAS,MIKC_MADS,MYB,MYB_related",6,2.511,Strong up,,,7,8
Zm00001eb327480,chr7,174664944,1.751090382141502,-1.751090382141502,"XP_002463181.1 3-oxoacyl-[acyl-carrier-protein] synthase II, chloroplastic [Sorghum bicolor]",Belongs to the beta-ketoacyl-ACP synthases family,Unknown,Membrane/Transport,Membrane/Transport|Metabolism,"ARR-B,EIL,G2-like,GATA,HD-ZIP,MYB_related,WOX",7,-0.833,Stable,,"ko00061,ko00780,ko01100,ko01212,map00061,map00780,map01100,map01212",7,10
Zm00001eb327810,chr7,175668363,1.7000016003088825,1.7000016003088825,XP_021309735.1 uncharacterized protein LOC8079215 isoform X1 [Sorghum bicolor],alpha/beta hydrolase fold,Unknown,Metabolism,Metabolism,"AP2,MYB,Nin-like",3,-0.643,Stable,,,14,5
Zm00001eb327830,chr7,175680502,2.3878964371314235,-2.3878964371314235,XP_002463204.2 putative pentatricopeptide repeat-containing protein At1g19290 [Sorghum bicolor],Pentacotripeptide-repeat region of PRORP,Unknown,Signal Transduction,Signal Transduction,"EIL,SBP,TCP,WRKY,bZIP",5,0.734,Stable,,,6,11
Zm00001eb328010,chr7,176262487,1.9647970392261265,-1.9647970392261265,"XP_040381988.1 15-cis-phytoene desaturase, chloroplastic/chromoplastic [Oryza brachyantha]",Belongs to the MYST (SAS MOZ) family,Unknown,Unknown,Unknown,"ERF,SBP,TCP,bHLH",4,-0.636,Stable,,,8,9
Zm00001eb328440,chr7,176970350,6.513330994649963,-6.513330994649963,XP_021309299.1 PLASMODESMATA CALLOSE-BINDING PROTEIN 5 [Sorghum bicolor],Possibly involved in carbohydrate binding,Unknown,Signal Transduction,Signal Transduction,ERF,1,-0.116,Stable,,"ko00500,map00500",3,15
Zm00001eb329360,chr7,179464147,4.1646562021484925,4.1646562021484925,XP_021307748.1 probable protein phosphatase 2C 65 isoform X2 [Sorghum bicolor],Protein phosphatase 2C,Unknown,Signal Transduction,Signal Transduction,"C2H2,MYB",2,-0.336,Stable,,,5,11
Zm00001eb329550,chr7,179751510,1.8798292276384685,-1.8798292276384685,XP_002461144.2 LOW QUALITY PROTEIN: uncharacterized protein LOC8073127 [Sorghum bicolor],"Uncharacterized protein family, UPF0114",Unknown,Unknown,Unknown,"ERF,MYB,Trihelix",3,0.086,Stable,,,9,7
Zm00001eb329970,chr7,180810886,2.173099184046629,2.173099184046629,XP_002463342.1 uncharacterized protein LOC8073147 [Sorghum bicolor],Tryptophan/tyrosine permease family,Unknown,Membrane/Transport,Membrane/Transport,"BBR-BPC,C2H2,GRAS,MIKC_MADS",4,0.309,Stable,,,11,6
Zm00001eb330450,chr7,181733597,2.9306116708948107,-2.9306116708948107,XP_002463372.2 F-actin-capping protein subunit alpha [Sorghum bicolor],F-actin-capping proteins bind in a Ca(2 )-independent manner to the fast growing,Unknown,Signal Transduction,Signal Transduction,"NAC,TALE",2,1.333,Strong up,,"ko04144,map04144",4,15
Zm00001eb331730,chr7,184184149,2.510958997747418,-2.510958997747418,nan,nan,Unknown,Unknown,Unknown,"ERF,TALE",2,0.585,Stable,,,14,4
Zm00001eb332500,chr8,1617992,2.437675494292419,2.437675494292419,"XP_002457681.1 rhomboid-like protein 14, mitochondrial [Sorghum bicolor]",Rhomboid family,Unknown,Unknown,Unknown,"ARR-B,CAMTA,GRAS,MYB,NAC,TALE",6,0.219,Stable,,,3,13
Zm00001eb332530,chr8,1749181,1.1478488548900925,-1.1478488548900925,XP_021311625.1 coatomer subunit beta-2 [Sorghum bicolor],The coatomer is a cytosolic protein complex that binds to dilysine motifs and re,Unknown,Unknown,Unknown,"C2H2,EIL",2,0.809,Stable,,,7,10
Zm00001eb334370,chr8,8506709,2.5248681663994876,2.5248681663994876,"XP_011016464.1 PREDICTED: 1-deoxy-D-xylulose 5-phosphate reductoisomerase, chloroplastic-like [Populus euphratica]",1-deoxy-D-xylulose 5-phosphate reductoisomerase,Unknown,Metabolism,Metabolism,"C2H2,ERF,MIKC_MADS,TALE",4,-1.518,Strong down,,"ko00900,ko01100,ko01110,ko01130,map00900,map01100,map01110,map01130",5,7
Zm00001eb334480,chr8,8775687,2.4471928673778685,-2.4471928673778685,XP_004967981.1 protein decapping 5 isoform X2 [Setaria italica],FDF,Unknown,Unknown,Unknown,MYB,1,0.574,Stable,,,4,12
Zm00001eb334810,chr8,10520954,1.9462046699975093,-1.9462046699975093,XP_002455288.2 uncharacterized protein LOC8070432 [Sorghum bicolor],nan,Unknown,Unknown,Unknown,"C2H2,ERF,G2-like",3,-0.275,Stable,,,6,10
Zm00001eb335380,chr8,13302694,3.8109937345835183,3.8109937345835183,XP_052140472.1 delta(7)-sterol-C5(6)-desaturase-like [Oryza glaberrima],Belongs to the sterol desaturase family,Unknown,Unknown,Unknown,"HD-ZIP,M-type_MADS,MYB",3,-0.862,Stable,,"ko00100,ko01100,ko01110,ko01130,map00100,map01100,map01110,map01130",10,9
Zm00001eb335790,chr8,14488803,5.730815164538821,-5.730815164538821,"XP_002455213.2 uncharacterized protein At2g39795, mitochondrial, partial [Sorghum bicolor]",Mitochondrial glycoprotein,Unknown,Unknown,Unknown,NONE,1,-0.051,Stable,,"ko05168,map05168",3,16
Zm00001eb335870,chr8,14821883,2.0682081316758447,-2.0682081316758447,"XP_004968207.1 triosephosphate isomerase, cytosolic [Setaria italica]",Triosephosphate isomerase,Unknown,Metabolism,Metabolism,GRAS,1,-0.216,Stable,,"ko00010,ko00051,ko00562,ko00710,ko01100,ko01110,ko01120,ko01130,ko01200,ko01230,map00010,map00051,map00562,map00710,map01100,map01110,map01120,map01130,map01200,map01230",13,6
Zm00001eb336750,chr8,17930775,1.4278999050363927,1.4278999050363927,XP_002455104.1 uncharacterized protein LOC8056548 isoform X2 [Sorghum bicolor],Protein of unknown function (DUF4050),Unknown,Unknown,Unknown,"BBR-BPC,ERF,GRAS,LBD,TALE",5,-0.512,Stable,,,12,7
Zm00001eb337140,chr8,19585956,2.5272997434692557,-2.5272997434692557,XP_002457231.1 DExH-box ATP-dependent RNA helicase DExH10 [Sorghum bicolor],rRNA-processing arch domain,Unknown,Unknown,Unknown,"ARR-B,G2-like,MIKC_MADS,MYB_related",4,0.71,Stable,,"ko03018,map03018",13,6
Zm00001eb337820,chr8,22431123,3.057842496153543,3.057842496153543,XP_004974407.1 uncharacterized protein LOC101770604 [Setaria italica],"Protein of unknown function, DUF594",Unknown,Unknown,Unknown,Dof,1,-1.207,Strong down,,,8,11
Zm00001eb339970,chr8,35510978,2.2879860081957872,2.2879860081957872,XP_004967532.1 putative methyltransferase DDB_G0268948 [Setaria italica],Methyltransferase domain,Unknown,Chromatin/Epigenetic,Chromatin/Epigenetic|Metabolism,"MIKC_MADS,MYB,MYB_related",3,3.022,Strong up,,,7,6
Zm00001eb342350,chr8,63618585,2.869637650985566,-2.869637650985566,XP_002440155.1 phosphoribosylamine--glycine ligase [Sorghum bicolor],"Phosphoribosylglycinamide synthetase, ATP-grasp (A) domain",Unknown,Metabolism,Metabolism,"ERF,MYB,NAC,bHLH,bZIP",5,0.823,Stable,,"ko00230,ko01100,ko01110,ko01130,map00230,map01100,map01110,map01130",6,8
Zm00001eb344390,chr8,74324726,5.125252714907451,5.125252714907451,XP_002441558.1 uncharacterized protein LOC8083789 [Sorghum bicolor],nan,Unknown,Unknown,Unknown,NONE,1,-0.193,Stable,,,10,5
Zm00001eb347380,chr8,95195123,2.113338649333199,-2.113338649333199,XP_021898010.1 60S ribosomal protein L11-like isoform X2 [Carica papaya],rRNA binding,Unknown,Translation,Translation,"Dof,MIKC_MADS",2,0.759,Stable,,"ko00230,ko00240,ko01100,ko03010,ko03030,ko03410,ko03420,ko03430,ko03440,ko05166,map00230,map00240,map01100,map03010,map03030,map03410,map03420,map03430,map03440,map05166",8,6
Zm00001eb349530,chr8,107751729,6.414710185889344,-6.414710185889344,XP_002439791.1 uncharacterized protein LOC8085128 [Sorghum bicolor],nan,Unknown,Unknown,Unknown,"LBD,WRKY",2,0.813,Stable,,,3,13
Zm00001eb350050,chr8,111330142,2.270372570453316,2.270372570453316,XP_002440740.1 derlin-1.2 [Sorghum bicolor],May be involved in the degradation of misfolded endoplasmic reticulum (ER) lumin,Unknown,Unknown,Unknown,"ERF,G2-like,NAC",3,0.983,Stable,,"ko04141,map04141",5,12
Zm00001eb350800,chr8,116309207,3.043002445624664,3.043002445624664,nan,nan,Unknown,Unknown,Unknown,"MYB,MYB_related,WRKY",3,-1.847,Strong down,,,6,7
Zm00001eb351640,chr8,120328484,4.244194216337269,4.244194216337269,XP_021303289.1 probable DNA helicase MCM8 isoform X1 [Sorghum bicolor],Belongs to the MCM family,Unknown,Unknown,Unknown,"MYB_related,TCP",2,0.562,Stable,,,10,4
Zm00001eb351780,chr8,120770399,2.2373508295204845,-2.2373508295204845,"XP_021303508.1 UTP--glucose-1-phosphate uridylyltransferase 3, chloroplastic isoform X1 [Sorghum bicolor]",UTP-monosaccharide-1-phosphate uridylyltransferase activity,Unknown,Metabolism,Metabolism,"C2H2,GRAS,Nin-like,TALE",4,0.607,Stable,,,6,6
Zm00001eb351910,chr8,121249849,2.6652840215089357,-2.6652840215089357,XP_021303110.1 probable methyltransferase PMT23 [Sorghum bicolor],Putative S-adenosyl-L-methionine-dependent methyltransferase,Unknown,Chromatin/Epigenetic,Chromatin/Epigenetic|Metabolism,"ERF,LBD",2,0.594,Stable,,,11,4
Zm00001eb351960,chr8,121472803,1.470523439041034,1.470523439041034,"XP_014754812.1 protein RETICULATA-RELATED 5, chloroplastic-like [Brachypodium distachyon]","Haem-binding uptake, Tiki superfamily, ChaN",Unknown,Transcription Factor,Transcription Factor,"C2H2,LBD,MIKC_MADS",3,-1.228,Strong down,,,4,9
Zm00001eb352310,chr8,122598520,5.150081652451887,5.150081652451887,"XP_004961670.1 histone-lysine N-methyltransferase, H3 lysine-9 specific SUVH1 [Setaria italica]","histone-lysine N-methyltransferase, H3 lysine-9 specific",Unknown,Chromatin/Epigenetic,Chromatin/Epigenetic|Metabolism,"ERF,TALE",2,0.053,Stable,,"ko00260,ko00310,ko01100,ko04146,ko04211,map00260,map00310,map01100,map04146,map04211",4,13
Zm00001eb352940,chr8,125692145,2.9148668990011504,-2.9148668990011504,XP_021303631.1 transmembrane protein 56-like [Sorghum bicolor],TLC domain,Unknown,Membrane/Transport,Membrane/Transport,"ARR-B,G2-like,NAC,SBP",4,1.28,Strong up,,,3,13
Zm00001eb354530,chr8,132884231,2.7259268863491086,-2.7259268863491086,XP_004960431.1 chromatin structure-remodeling complex protein BSH [Setaria italica],SNF5 / SMARCB1 / INI1,Unknown,Chromatin/Epigenetic,Chromatin/Epigenetic,"MYB,TCP",2,0.964,Stable,,"ko04714,ko05225,map04714,map05225",8,10
Zm00001eb355170,chr8,135407191,7.387917666386748,7.387917666386748,XP_002439201.1 tetraspanin-3 [Sorghum bicolor],Belongs to the tetraspanin (TM4SF) family,Unknown,Unknown,Unknown,"MYB,SBP",2,0.235,Stable,,,5,11
Zm00001eb356090,chr8,138292923,2.489816512747927,-2.489816512747927,XP_021302707.1 ABC transporter D family member 1 [Sorghum bicolor],ABC transporter transmembrane region 2,Unknown,Membrane/Transport,Membrane/Transport,"BBR-BPC,C2H2,GRAS,MIKC_MADS,TALE",5,0.532,Stable,,"ko02010,ko04146,map02010,map04146",10,5
Zm00001eb356410,chr8,139542115,1.002036770545491,1.002036770545491,XP_052155031.1 nucleosome assembly protein 1;2 [Oryza glaberrima],Belongs to the nucleosome assembly protein (NAP) family,Unknown,Unknown,Unknown,"BES1,NAC,bHLH,bZIP",4,2.804,Strong up,,,3,14
Zm00001eb356430,chr8,139633555,2.9344690963873594,-2.9344690963873594,XP_002440147.1 probable WRKY transcription factor 50 [Sorghum bicolor],WRKY DNA -binding domain,Unknown,Transcription Factor,Transcription Factor,"ERF,LBD,TALE,TCP",4,-0.462,Stable,,,10,7
Zm00001eb356920,chr8,141846950,2.1281626349460367,2.1281626349460367,nan,nan,Unknown,Unknown,Unknown,G2-like,1,-0.003,Stable,,,5,9
Zm00001eb357290,chr8,143422255,1.3467381600489003,-1.3467381600489003,nan,Short calmodulin-binding motif containing conserved Ile and Gln residues.,Unknown,Signal Transduction,Signal Transduction,ERF,1,1.153,Strong up,,,4,12
Zm00001eb357340,chr8,143696517,2.3397966562317483,2.3397966562317483,XP_003568596.1 histone H2B.1 [Brachypodium distachyon],Histone H2B,Unknown,Chromatin/Epigenetic,Chromatin/Epigenetic,SBP,1,1.254,Strong up,,"ko05034,ko05203,ko05322,map05034,map05203,map05322",5,9
Zm00001eb357600,chr8,144808376,2.6331342190462195,2.6331342190462195,XP_002455881.1 GDSL esterase/lipase At5g37690 isoform X1 [Sorghum bicolor],GDSL-like Lipase/Acylhydrolase,Unknown,Metabolism,Metabolism,CPP,1,2.104,Strong up,,,7,9
Zm00001eb358310,chr8,148019718,4.062382971328123,4.062382971328123,XP_021310930.1 probable aldo-keto reductase 1 isoform X2 [Sorghum bicolor],Aldo/keto reductase family,Unknown,Metabolism,Metabolism,NONE,1,0.47,Stable,,,4,10
Zm00001eb358380,chr8,148220192,3.606833458385681,3.606833458385681,"XP_002458167.2 ATP-dependent zinc metalloprotease FTSH 9, chloroplastic/mitochondrial [Sorghum bicolor]",Belongs to the AAA ATPase family,Unknown,Protein Processing,Protein Processing,"MYB_related,TCP",2,-0.655,Stable,,"ko04139,map04139",14,5
Zm00001eb358690,chr8,149082352,3.271785325755113,3.271785325755113,XP_002455982.1 kinesin-like protein KIN-13B [Sorghum bicolor],Belongs to the TRAFAC class myosin-kinesin ATPase superfamily. Kinesin family,Unknown,Transcription Factor,Transcription Factor,ARF,1,-2.301,Strong down,,,9,10
Zm00001eb359400,chr8,151310228,4.113862535067752,4.113862535067752,XP_002458242.2 uncharacterized protein LOC8058256 isoform X1 [Sorghum bicolor],WD40 repeats,Unknown,Unknown,Unknown,"C2H2,NAC",2,1.33,Strong up,,,6,7
Zm00001eb360330,chr8,154803605,2.4156289925880072,2.4156289925880072,"XP_004969532.1 30S ribosomal protein S20, chloroplastic [Setaria italica]",Ribosomal protein S20,Unknown,Translation,Translation,"CAMTA,bHLH",2,-0.757,Stable,,"ko03010,map03010",5,13
Zm00001eb361180,chr8,158078802,2.784443667316501,2.784443667316501,XP_002456230.1 vesicle transport v-SNARE 13 [Sorghum bicolor],Vesicle transport v-SNARE protein N-terminus,Unknown,Unknown,Unknown,"Dof,GRAS,MIKC_MADS,MYB,NAC",5,0.57,Stable,,"ko04130,ko04138,map04130,map04138",12,5
Zm00001eb361900,chr8,160124268,3.050999025132883,3.050999025132883,XP_004969830.1 uncharacterized protein LOC101757985 [Setaria italica],nan,Unknown,Unknown,Unknown,SBP,1,0.968,Stable,,,4,11
Zm00001eb362270,chr8,162966385,2.791335446100365,2.791335446100365,"XP_002459173.1 pentatricopeptide repeat-containing protein At3g48250, chloroplastic [Sorghum bicolor]",PPR repeat,Unknown,Signal Transduction,Signal Transduction,"G2-like,MYB",2,1.522,Strong up,,,7,10
Zm00001eb363480,chr8,165905195,2.543557184954071,-2.543557184954071,XP_021312735.1 mitochondrial thiamine diphosphate carrier 2 isoform X1 [Sorghum bicolor],Belongs to the mitochondrial carrier (TC 2.A.29) family,Unknown,Membrane/Transport,Membrane/Transport,ARF,1,-0.072,Stable,,,11,7
Zm00001eb363730,chr8,166221363,2.819579796012812,2.819579796012812,XP_002459025.1 long chain base biosynthesis protein 2d [Sorghum bicolor],C-palmitoyltransferase activity,Unknown,Metabolism,Metabolism,"HD-ZIP,Trihelix",2,0.745,Stable,,"ko00600,ko01100,ko04071,ko04138,map00600,map01100,map04071,map04138",4,15
Zm00001eb363880,chr8,166609169,1.9709685441101807,1.9709685441101807,XP_006646634.3 transaldolase [Oryza brachyantha],Transaldolase/Fructose-6-phosphate aldolase,Unknown,Unknown,Unknown,"ERF,NAC,SBP",3,0.846,Stable,,"ko00030,ko01100,ko01110,ko01120,ko01130,ko01200,ko01230,map00030,map01100,map01110,map01120,map01130,map01200,map01230",8,9
Zm00001eb364260,chr8,167523808,2.024191433349474,2.024191433349474,XP_002456866.1 protein MAK16 homolog [Sorghum bicolor],Belongs to the MAK16 family,Unknown,Unknown,Unknown,"HD-ZIP,MYB,WOX,bZIP",4,1.251,Strong up,,"ko00270,ko00920,ko01100,ko01110,ko01120,ko01130,ko01200,ko01230,map00270,map00920,map01100,map01110,map01120,map01130,map01200,map01230",8,10
Zm00001eb364360,chr8,167835862,3.2527941695374234,3.2527941695374234,XP_002456859.1 squamosa promoter-binding-like protein 2 [Sorghum bicolor],SBP domain,Unknown,Unknown,Unknown,NONE,1,0.422,Stable,,,5,13
Zm00001eb364700,chr8,168498954,3.596626692460872,3.596626692460872,XP_002458986.1 CRIB domain-containing protein RIC4 [Sorghum bicolor],P21-Rho-binding domain,Unknown,Signal Transduction,Signal Transduction,B3,1,0.247,Stable,,,4,14
Zm00001eb365060,chr8,169330104,2.194329974718386,2.194329974718386,XP_002458959.1 glycine-rich cell wall structural protein 1.8 [Sorghum bicolor],nan,Unknown,Unknown,Unknown,"SBP,bHLH",2,2.71,Strong up,,,8,9
Zm00001eb365530,chr8,170000212,3.918592705554616,3.918592705554616,XP_021312853.1 uncharacterized protein LOC8078693 [Sorghum bicolor],ABC1 family,Unknown,Unknown,Unknown,"TCP,bHLH",2,0.854,Stable,,,5,8
Zm00001eb365690,chr8,170468152,2.0716104883894,2.0716104883894,XP_002456785.1 beta-glucosidase 4 [Sorghum bicolor],Glycosyl hydrolase family 1,Unknown,Metabolism,Metabolism,"Dof,EIL,G2-like,HD-ZIP,WOX,YABBY",6,1.408,Strong up,,"ko00460,ko00500,ko00940,ko01100,ko01110,map00460,map00500,map00940,map01100,map01110",3,16
Zm00001eb365760,chr8,170688841,4.111746613288651,4.111746613288651,"XP_002456776.1 probable membrane-associated 30 kDa protein, chloroplastic [Sorghum bicolor]",PspA/IM30 family,Unknown,Unknown,Unknown,"ERF,LBD,Nin-like",3,-0.773,Stable,,,8,11
Zm00001eb365780,chr8,170726288,2.983379014839409,2.983379014839409,XP_002456774.1 calreticulin-3 isoform X1 [Sorghum bicolor],Calreticulin family,Unknown,Unknown,Unknown,NONE,1,-0.16,Stable,,"ko04141,ko04145,ko04612,ko05142,ko05166,map04141,map04145,map04612,map05142,map05166",8,8
Zm00001eb365820,chr8,170841016,2.1078338164841717,2.1078338164841717,XP_004970863.1 pectin acetylesterase 5 isoform X1 [Setaria italica],Hydrolyzes acetyl esters in homogalacturonan regions of pectin. In type I primar,Unknown,Unknown,Unknown,"ERF,MYB",2,0.313,Stable,,"ko04310,map04310",5,13
Zm00001eb367290,chr8,173983761,1.846391553585101,1.846391553585101,XP_004970615.1 leucine-rich repeat extensin-like protein 3 [Setaria italica],Protein kinase C conserved region 2 (CalB),Unknown,Signal Transduction,Signal Transduction|Metabolism,"HSF,LBD,Trihelix",3,-0.299,Stable,,"ko04062,ko04144,ko04520,ko04530,ko04666,ko04810,ko05100,ko05130,ko05131,ko05132,ko05231,map04062,map04144,map04520,map04530,map04666,map04810,map05100,map05130,map05131,map05132,map05231",5,14
Zm00001eb369360,chr8,177936963,2.519296049239762,-2.519296049239762,XP_021313672.1 probable sugar phosphate/phosphate translocator At2g25520 [Sorghum bicolor],Triose-phosphate Transporter family,Unknown,Membrane/Transport,Membrane/Transport,"bHLH,bZIP",2,1.699,Strong up,,,3,16
Zm00001eb369690,chr8,178310904,1.8560892252708696,1.8560892252708696,XP_002458621.1 RNA-binding protein pno1 [Sorghum bicolor],K homology RNA-binding domain,Unknown,Signal Transduction,Signal Transduction,NONE,1,0.232,Stable,,,8,11
Zm00001eb370370,chr8,179708135,2.658557680019747,-2.658557680019747,XP_002456391.2 glycerophosphodiester phosphodiesterase GDPD6 [Sorghum bicolor],Glycerophosphoryl diester phosphodiesterase family,Unknown,Unknown,Unknown,"Dof,ERF,LBD,MIKC_MADS,MYB",5,0.908,Stable,,"ko00564,map00564",6,13
Zm00001eb370480,chr8,179956982,2.015279933830635,-2.015279933830635,"XP_002456389.1 protein CURVATURE THYLAKOID 1C, chloroplastic isoform X3 [Sorghum bicolor]",CAAD domains of cyanobacterial aminoacyl-tRNA synthetase,Unknown,Translation,Translation,"C2H2,ERF",2,-1.652,Strong down,,,4,12
Zm00001eb370490,chr8,179956982,5.369328196090953,5.369328196090953,XP_021311575.1 probable protein ABIL5 isoform X2 [Sorghum bicolor],protein ABIL5 isoform X1,Unknown,Unknown,Unknown,"C2H2,ERF",2,-0.706,Stable,,,4,15
Zm00001eb371150,chr8,181585871,1.9059675586076643,-1.9059675586076643,XP_002456339.1 probable glutamate carboxypeptidase LAMP1 [Sorghum bicolor],Glutamate carboxypeptidase 2,Unknown,Protein Processing,Protein Processing,"BBR-BPC,Dof,GRAS,HD-ZIP,M-type_MADS,MIKC_MADS,TALE",7,0.395,Stable,,,4,11
Zm00001eb371180,chr8,181685300,2.4216835827902803,-2.4216835827902803,XP_021311380.1 uncharacterized protein LOC8075555 [Sorghum bicolor],nan,Unknown,Unknown,Unknown,TCP,1,0.05,Stable,,,3,14
Zm00001eb371520,chr9,2221701,1.8181388931208795,-1.8181388931208795,XP_021305299.1 NF-X1-type zinc finger protein NFXL1 [Sorghum bicolor],ZnF_NFX,Unknown,Transcription Factor,Transcription Factor,"C2H2,Dof,GRAS,M-type_MADS,MIKC_MADS",5,0.912,Stable,,"ko05165,map05165",10,7
Zm00001eb373600,chr9,10900844,2.3386125552092167,2.3386125552092167,"XP_004964928.1 kinesin-like protein KIN-7D, chloroplastic isoform X1 [Setaria italica]",Belongs to the TRAFAC class myosin-kinesin ATPase superfamily. Kinesin family,Unknown,Transcription Factor,Transcription Factor,MYB,1,-1.036,Strong down,,,10,6
Zm00001eb374170,chr9,13076932,2.8780626893577255,-2.8780626893577255,XP_004964598.1 E3 ubiquitin-protein ligase EL5 [Setaria italica],RING-like zinc finger,Unknown,Protein Processing,Protein Processing|Transcription Factor|Metabolism,G2-like,1,1.541,Strong up,,,13,4
Zm00001eb374330,chr9,13463701,1.6181686821158872,1.6181686821158872,XP_002437991.1 uncharacterized protein LOC8065438 isoform X1 [Sorghum bicolor],isoform X1,Unknown,Unknown,Unknown,"C2H2,Dof,GRAS,MIKC_MADS,NAC,TALE",6,0.11,Stable,,,7,9
Zm00001eb374580,chr9,14320547,1.8971760421948416,1.8971760421948416,XP_021305064.1 ABC transporter C family member 13 [Sorghum bicolor],ABC transporter transmembrane region,Unknown,Membrane/Transport,Membrane/Transport,"ERF,LBD",2,2.441,Strong up,,"ko02010,map02010",7,9
Zm00001eb375480,chr9,17538945,2.889897845155618,2.889897845155618,XP_002437918.1 probable serine/threonine-protein kinase PIX7 isoform X1 [Sorghum bicolor],belongs to the protein kinase superfamily,Unknown,Signal Transduction,Signal Transduction|Transcription Factor|Metabolism,"C2H2,Dof,MYB,TALE,TCP",5,-0.591,Stable,,,3,14
Zm00001eb375670,chr9,18132531,3.623948571308909,-3.623948571308909,XP_002437892.1 serine/threonine-protein phosphatase PP1 [Sorghum bicolor],Serine threonine-protein phosphatase,Unknown,Signal Transduction,Signal Transduction,"ERF,GATA,HD-ZIP,TALE,WRKY",5,0.986,Stable,,"ko03015,ko04022,ko04024,ko04113,ko04114,ko04218,ko04261,ko04270,ko04390,ko04510,ko04611,ko04720,ko04728,ko04750,ko04810,ko04910,ko04921,ko04931,ko05031,ko05034,ko05168,ko05205,map03015,map04022,map040",11,4
Zm00001eb375690,chr9,18311524,3.0463858326444253,-3.0463858326444253,XP_004964761.1 uncharacterized protein LOC101786711 [Setaria italica],alpha/beta hydrolase fold,Unknown,Metabolism,Metabolism,"ERF,LBD,Nin-like",3,0.678,Stable,,,6,12
Zm00001eb378280,chr9,25715058,2.2972309314081407,2.2972309314081407,XP_002437755.2 histone H1 [Sorghum bicolor],Domain in histone families 1 and 5,Unknown,Chromatin/Epigenetic,Chromatin/Epigenetic,NONE,1,1.279,Strong up,,,4,14
Zm00001eb378780,chr9,27458565,2.103731474270827,2.103731474270827,"XP_020973013.1 pentatricopeptide repeat-containing protein At2g27800, mitochondrial-like [Arachis ipaensis]",Pentacotripeptide-repeat region of PRORP,Unknown,Signal Transduction,Signal Transduction,"ARF,ERF,GRAS",3,-0.392,Stable,,,4,13
Zm00001eb378830,chr9,27730744,1.5108370808028817,-1.5108370808028817,XP_002437719.2 endoplasmic reticulum metallopeptidase 1 [Sorghum bicolor],Endoplasmic reticulum metallopeptidase,Unknown,Protein Processing,Protein Processing,"C2H2,bHLH",2,0.458,Stable,,,7,10
Zm00001eb379070,chr9,28619502,3.622352488728783,3.622352488728783,XP_004964325.1 cellulose synthase-like protein D2 [Setaria italica],Belongs to the glycosyltransferase 2 family,Unknown,Metabolism,Metabolism,"MYB_related,SBP,TCP",3,0.172,Stable,,,9,6
Zm00001eb379200,chr9,28971025,2.094570252486709,-2.094570252486709,XP_052158782.1 phosphoglycerate mutase-like protein AT74H [Oryza glaberrima],Histidine phosphatase superfamily (branch 1),Unknown,Signal Transduction,Signal Transduction|Transcription Factor,B3,1,0.78,Stable,,,8,11
Zm00001eb379770,chr9,32735822,4.225863212824155,-4.225863212824155,XP_002438190.1 uncharacterized protein At1g66480 [Sorghum bicolor],At1g66480-like,Unknown,Unknown,Unknown,"G2-like,MYB",2,0.71,Stable,,,4,14
Zm00001eb381110,chr9,43137149,3.0630036140548107,3.0630036140548107,"XP_002438278.1 54S ribosomal protein L17, mitochondrial [Sorghum bicolor]",39S ribosomal protein L46,Unknown,Translation,Translation,"GRAS,TALE",2,1.362,Strong up,,,6,11
Zm00001eb384580,chr9,78690049,2.0187491728805615,-2.0187491728805615,XP_002437153.1 receptor-like protein kinase 5 [Sorghum bicolor],Belongs to the protein kinase superfamily. Ser Thr protein kinase family,Unknown,Receptor/Sensor,Receptor/Sensor|Signal Transduction|Transcription Factor|Metabolism,"C2H2,ERF,TALE",3,0.481,Stable,,,12,5
Zm00001eb385310,chr9,86940666,5.4563074515983665,-5.4563074515983665,XP_021306093.1 uncharacterized protein LOC8079312 [Sorghum bicolor],nan,Unknown,Unknown,Unknown,"GATA,MYB,NAC",3,-0.652,Stable,,,10,6
Zm00001eb385600,chr9,89409471,1.945641899503812,-1.945641899503812,"XP_002438639.1 adenine nucleotide transporter BT1, chloroplastic/mitochondrial [Sorghum bicolor]",Belongs to the mitochondrial carrier (TC 2.A.29) family,Unknown,Membrane/Transport,Membrane/Transport,"ERF,HSF,LFY",3,0.072,Stable,,,10,7
Zm00001eb386410,chr9,95715345,4.2711141341040735,-4.2711141341040735,XP_002438654.1 CBL-interacting protein kinase 24 [Sorghum bicolor],Non-specific serine threonine protein kinase,Unknown,Signal Transduction,Signal Transduction|Metabolism,"B3,MYB",2,-0.103,Stable,,"ko04068,ko04140,ko04150,ko04151,ko04152,ko04211,ko04213,ko04371,ko04530,ko04710,ko04714,ko04910,ko04920,ko04921,ko04922,ko04931,ko04932,ko05410,ko05418,map04068,map04140,map04150,map04151,map04152,map",10,5
Zm00001eb386670,chr9,97686378,3.54469480317845,-3.54469480317845,XP_021306063.1 E3 ubiquitin-protein ligase RGLG2-like [Sorghum bicolor],Copine,Unknown,Protein Processing,Protein Processing|Metabolism,ERF,1,1.026,Strong up,,,8,6
Zm00001eb386920,chr9,98802774,4.391702011792004,4.391702011792004,"XP_021304963.1 isoleucine--tRNA ligase, cytoplasmic [Sorghum bicolor]",Belongs to the class-I aminoacyl-tRNA synthetase family,Unknown,Translation,Translation|Metabolism,"Dof,TALE,WRKY",3,0.727,Stable,,"ko00970,map00970",5,8
Zm00001eb387530,chr9,102589516,3.517068454399342,3.517068454399342,XP_021304932.1 nudix hydrolase 2 isoform X3 [Sorghum bicolor],Belongs to the Nudix hydrolase family,Unknown,Metabolism,Metabolism,ERF,1,-0.915,Stable,,,4,13
Zm00001eb388040,chr9,105100312,2.546970347607554,2.546970347607554,XP_021304385.1 brefeldin A-inhibited guanine nucleotide-exchange protein 1 [Sorghum bicolor],Domain of unknown function (DUF1981),Unknown,Unknown,Unknown,C2H2,1,0.627,Stable,,"ko04144,map04144",13,6
Zm00001eb389750,chr9,114028069,1.570640510225311,-1.570640510225311,XP_002437414.2 vacuolar-sorting receptor 6 [Sorghum bicolor],Vacuolar-sorting receptor,Unknown,Receptor/Sensor,Receptor/Sensor,"B3,NAC",2,-1.104,Strong down,,,3,14
Zm00001eb390480,chr9,118104984,2.5792444565528156,-2.5792444565528156,XP_002467452.1 abscisic acid receptor PYR1 [Sorghum bicolor],Polyketide cyclase / dehydrase and lipid transport,Unknown,Receptor/Sensor,Receptor/Sensor|Hormone,"HD-ZIP,LBD,WOX,WRKY",4,-1.003,Strong down,,"ko04016,ko04075,map04016,map04075",7,11
Zm00001eb390560,chr9,118437958,2.6247022196235013,2.6247022196235013,XP_022678549.1 LOW QUALITY PROTEIN: NAC domain-containing protein 71-like [Setaria italica],No apical meristem (NAM) protein,Unknown,Signal Transduction,Signal Transduction|Transcription Factor,"CAMTA,NAC,TALE",3,-1.667,Strong down,,,3,14
Zm00001eb390620,chr9,118637912,3.000648476281756,3.000648476281756,XP_002467460.1 NADH dehydrogenase [ubiquinone] 1 alpha subcomplex assembly factor 3 [Sorghum bicolor],Protein of unknown function (DUF498/DUF598),Unknown,Metabolism,Metabolism,"CPP,MIKC_MADS,WRKY",3,-0.082,Stable,,"ko04714,map04714",6,7
Zm00001eb390630,chr9,118637912,2.6281076190415016,2.6281076190415016,nan,nan,Unknown,Unknown,Unknown,"CPP,MIKC_MADS,WRKY",3,-0.432,Stable,,,7,5
Zm00001eb391000,chr9,120197239,3.6825842980269456,-3.6825842980269456,nan,nan,Unknown,Unknown,Unknown,"B3,EIL,NAC,SBP,TCP",5,-0.242,Stable,,,9,5
Zm00001eb391500,chr9,122118336,2.465390847641111,-2.465390847641111,XP_024987169.1 uncharacterized protein LOC112522279 [Cynara cardunculus var. scolymus],U1-like zinc finger,Unknown,Transcription Factor,Transcription Factor,M-type_MADS,1,0.376,Stable,,,13,5
Zm00001eb392270,chr9,124884985,3.042346253705929,-3.042346253705929,XP_004984213.1 probable methyltransferase PMT2 [Setaria italica],Putative S-adenosyl-L-methionine-dependent methyltransferase,Unknown,Chromatin/Epigenetic,Chromatin/Epigenetic|Metabolism,MYB,1,0.743,Stable,,,9,7
Zm00001eb392420,chr9,125649370,2.5552530787738763,2.5552530787738763,"XP_002465192.1 copper-transporting ATPase PAA1, chloroplastic [Sorghum bicolor]",Heavy-metal-associated domain,Unknown,Unknown,Unknown,"C2H2,Dof,ERF",3,-1.713,Strong down,,,7,10
Zm00001eb392580,chr9,126371314,1.269886683524992,1.269886683524992,XP_002465184.1 serine/threonine-protein kinase SAPK1 [Sorghum bicolor],Belongs to the protein kinase superfamily,Unknown,Signal Transduction,Signal Transduction|Transcription Factor|Metabolism,NONE,1,0.437,Stable,,"ko04016,ko04075,map04016,map04075",11,5
Zm00001eb392740,chr9,127396363,3.72080896068054,3.72080896068054,XP_002467738.1 vacuolar cation/proton exchanger 2 isoform X2 [Sorghum bicolor],Belongs to the Ca(2 ) cation antiporter (CaCA) (TC 2.A.19) family,Unknown,Unknown,Unknown,"ARF,GRAS",2,0.129,Stable,,,4,12
Zm00001eb394390,chr9,133948298,2.190089812577919,-2.190089812577919,XP_004960369.1 phosphoinositide phospholipase C 2 [Setaria italica],Phosphoinositide phospholipase C,Unknown,Second Messenger,Second Messenger,"ARF,B3,ERF,Nin-like",4,-1.001,Strong down,,"ko00562,ko01100,ko04020,ko04070,ko04919,ko04933,map00562,map01100,map04020,map04070,map04919,map04933",12,7
Zm00001eb397350,chr9,144887582,2.3099901398415645,2.3099901398415645,XP_002468069.1 ankyrin repeat-containing protein ITN1 [Sorghum bicolor],Ankyrin repeats (many copies),Unknown,Signal Transduction,Signal Transduction,"CPP,MIKC_MADS",2,0.493,Stable,,,6,11
Zm00001eb397550,chr9,145381215,2.246237253881352,2.246237253881352,XP_002465464.1 ADP-ribosylation factor GTPase-activating protein AGD7 [Sorghum bicolor],ADP-ribosylation factor GTPase-activating protein,Unknown,Signal Transduction,Signal Transduction,"ARR-B,CPP,Dof,G2-like,MIKC_MADS,MYB_related",6,0.402,Stable,,"ko04144,map04144",8,7
Zm00001eb397900,chr9,146333600,2.6311028284089657,2.6311028284089657,XP_004984915.1 protein DA1-related 2 isoform X2 [Setaria italica],Protein DA1,Unknown,Unknown,Unknown,"ARF,CPP,ERF,Trihelix",4,-0.454,Stable,,,11,6
Zm00001eb397980,chr9,146645800,5.358473805625028,5.358473805625028,XP_021306399.1 serine/arginine-rich splicing factor SR45a isoform X1 [Sorghum bicolor],RNA recognition motif,Unknown,Unknown,Unknown,"AP2,MYB_related,SBP",3,1.1,Strong up,,"ko03040,map03040",8,7
Zm00001eb398660,chr9,148869547,3.5421658958831186,3.5421658958831186,"XP_002465558.1 ATP-dependent Clp protease ATP-binding subunit CLPT1, chloroplastic [Sorghum bicolor]","Clp amino terminal domain, pathogenicity island component",Unknown,Protein Processing,Protein Processing,"CPP,G2-like,LBD,M-type_MADS",4,0.151,Stable,,,11,8
Zm00001eb398750,chr9,149072059,2.1202665528226134,2.1202665528226134,XP_021306946.1 3-ketoacyl-CoA synthase 1 [Sorghum bicolor],3-ketoacyl-CoA synthase,Unknown,Metabolism,Metabolism,"C2H2,HSF,TALE",3,0.945,Stable,,"ko00062,ko01110,map00062,map01110",8,11
Zm00001eb399180,chr9,150243406,2.7513403451941287,2.7513403451941287,XP_021312760.1 protein indeterminate-domain 16 [Sorghum bicolor],zinc finger,Unknown,Transcription Factor,Transcription Factor,"C2H2,GRAS,MIKC_MADS",3,0.344,Stable,,,7,5
Zm00001eb400160,chr9,153163926,2.6464567801316603,-2.6464567801316603,XP_021306468.1 GDP-mannose transporter GONST3 isoform X2 [Sorghum bicolor],Triose-phosphate Transporter family,Unknown,Membrane/Transport,Membrane/Transport,"CPP,G2-like,LBD,Nin-like",4,-0.091,Stable,,,4,13
Zm00001eb400800,chr9,154426571,1.652323651479111,1.652323651479111,XP_002468324.1 uncharacterized protein LOC8054238 [Sorghum bicolor],Belongs to the glycosyl hydrolase 43 family,Unknown,Metabolism,Metabolism,NONE,1,0.961,Stable,,,5,14
Zm00001eb401030,chr9,155058866,1.7195219639960633,-1.7195219639960633,nan,nan,Unknown,Unknown,Unknown,"HSF,LBD",2,-1.175,Strong down,,,11,7
Zm00001eb401810,chr9,156946459,2.298832895090343,-2.298832895090343,XP_004985494.1 uncharacterized protein LOC101782692 [Setaria italica],Protein of unknown function (DUF1677),Unknown,Unknown,Unknown,"M-type_MADS,MYB,MYB_related,SBP,Trihelix",5,-1.294,Strong down,,,7,8
Zm00001eb402200,chr9,157691476,3.1749636009854254,3.1749636009854254,XP_002465781.1 sucrose transport protein SUT1 [Sorghum bicolor],MFS/sugar transport protein,Unknown,Unknown,Unknown,NAC,1,1.088,Strong up,,,5,10
Zm00001eb402300,chr9,157730650,1.766755663268392,1.766755663268392,XP_002465787.1 uncharacterized protein LOC8082119 isoform X1 [Sorghum bicolor],Cleavage site for pathogenic type III effector avirulence factor Avr,Unknown,Unknown,Unknown,NONE,1,0.249,Stable,,,11,7
Zm00001eb402390,chr9,157765410,4.027247771856735,-4.027247771856735,"XP_004985559.1 ribulose-phosphate 3-epimerase, chloroplastic [Setaria italica]",Ribulose-phosphate 3 epimerase family,Unknown,Unknown,Unknown,"BES1,NAC,bHLH",3,1.685,Strong up,,"ko00030,ko00040,ko00710,ko01100,ko01110,ko01120,ko01130,ko01200,ko01230,map00030,map00040,map00710,map01100,map01110,map01120,map01130,map01200,map01230",10,5
Zm00001eb403000,chr9,158841703,2.350186336232038,-2.350186336232038,XP_002465854.1 ubiquitin-conjugating enzyme E2 4 [Sorghum bicolor],Belongs to the ubiquitin-conjugating enzyme family,Unknown,Protein Processing,Protein Processing,"C2H2,GRAS,HD-ZIP,M-type_MADS,MIKC_MADS,MYB_related,WOX",7,0.15,Stable,,"ko04120,map04120",12,7
Zm00001eb403450,chr9,159816783,1.6746920973337742,1.6746920973337742,XP_002465804.1 protein SULFUR DEFICIENCY-INDUCED 1 [Sorghum bicolor],Protein SULFUR DEFICIENCY-INDUCED,Unknown,Unknown,Unknown,"CAMTA,NAC,TALE",3,0.601,Stable,,,7,11
Zm00001eb404040,chr9,160764965,2.5965898104389025,-2.5965898104389025,XP_021318451.1 uncharacterized protein LOC8059491 [Sorghum bicolor],Senescence regulator,Unknown,Unknown,Unknown,"ARF,ERF",2,-0.828,Stable,,,7,5
Zm00001eb405630,chr10,2312252,2.168942650916777,2.168942650916777,XP_002441761.2 zinc finger CCCH domain-containing protein 23 isoform X2 [Sorghum bicolor],zinc finger CCCH domain-containing protein,Unknown,Signal Transduction,Signal Transduction|Transcription Factor,"ARF,C2H2,Dof,GRAS,MIKC_MADS,WRKY",6,1.011,Strong up,,,11,5
Zm00001eb408750,chr10,13503648,2.862384599000813,2.862384599000813,XP_002443182.1 uncharacterized protein LOC8064065 [Sorghum bicolor],nan,Unknown,Unknown,Unknown,"C2H2,ERF,MYB,NAC",4,0.374,Stable,,,5,13
Zm00001eb408960,chr10,15073683,2.0220403125060007,2.0220403125060007,XP_002442114.1 ABC transporter F family member 1 [Sorghum bicolor],ABC transporter,Unknown,Membrane/Transport,Membrane/Transport,NONE,1,-0.014,Stable,,,4,10
Zm00001eb410260,chr10,24049601,2.5913860907730815,2.5913860907730815,XP_002443328.1 calmodulin-binding protein 60 A [Sorghum bicolor],Calmodulin binding protein-like,Unknown,Signal Transduction,Signal Transduction,"MYB,MYB_related",2,0.21,Stable,,,8,9
Zm00001eb416180,chr10,81773643,2.120923721542291,2.120923721542291,XP_002443867.2 factor of DNA methylation 1 [Sorghum bicolor],XH domain,Unknown,Unknown,Unknown,"ERF,LBD,NAC,TALE",4,0.982,Stable,,,10,9
Zm00001eb418570,chr10,95376505,2.469356047250821,2.469356047250821,XP_004951431.4 ervatamin-B [Setaria italica],Belongs to the peptidase C1 family,Unknown,Protein Processing,Protein Processing,NONE,1,1.071,Strong up,,"ko04140,ko04142,ko04145,ko04210,ko04380,ko04612,ko04620,ko05205,ko05323,ko05418,map04140,map04142,map04145,map04210,map04380,map04612,map04620,map05205,map05323,map05418",5,9
Zm00001eb419190,chr10,98769739,3.2089875544793545,-3.2089875544793545,XP_002449977.1 probable glutathione S-transferase GSTU6 [Sorghum bicolor],"Glutathione S-transferase, C-terminal domain",Unknown,Metabolism,Metabolism|Redox/Stress,"NAC,Nin-like,WRKY,bHLH",4,0.627,Stable,,"ko00480,ko00980,ko00982,ko00983,ko01524,ko05200,ko05204,ko05225,ko05418,map00480,map00980,map00982,map00983,map01524,map05200,map05204,map05225,map05418",4,13
Zm00001eb422400,chr10,118636974,3.864737213611521,-3.864737213611521,XP_002447825.1 abscisic stress-ripening protein 3 [Sorghum bicolor],ABA/WDS induced protein,Unknown,Signal Transduction,Signal Transduction|Hormone,"ERF,NAC,TALE,TCP",4,-0.134,Stable,,,9,4
Zm00001eb422560,chr10,119597830,2.777517257311887,2.777517257311887,XP_002446497.1 uncharacterized protein At4g26450 [Sorghum bicolor],nan,Unknown,Unknown,Unknown,"HD-ZIP,MIKC_MADS,NAC,Trihelix",4,0.937,Stable,,,14,4
Zm00001eb423410,chr10,122646191,2.204669172080929,-2.204669172080929,XP_012703017.1 pentatricopeptide repeat-containing protein At2g06000 [Setaria italica],PPR repeat,Unknown,Signal Transduction,Signal Transduction,TCP,1,1.491,Strong up,,,10,6
Zm00001eb423440,chr10,122921125,12.93827720009006,12.93827720009006,XP_002446557.1 serine carboxypeptidase-like 7 [Sorghum bicolor],Belongs to the peptidase S10 family,Unknown,Protein Processing,Protein Processing,"Trihelix,WRKY",2,-0.598,Stable,,"ko00940,map00940",4,12
Zm00001eb427180,chr10,135013948,1.6586527563394895,-1.6586527563394895,XP_002461154.1 histone H2B.1 [Sorghum bicolor],Histone H2B,Unknown,Chromatin/Epigenetic,Chromatin/Epigenetic,"G2-like,GATA,HD-ZIP",3,0.809,Stable,,"ko05034,ko05203,ko05322,map05034,map05203,map05322",6,13
Zm00001eb427640,chr10,136303592,1.8419230329690903,-1.8419230329690903,XP_002446869.1 sphingoid long-chain bases kinase 1 [Sorghum bicolor],Diacylglycerol kinase catalytic domain (presumed),Unknown,Signal Transduction,Signal Transduction|Metabolism,"B3,ERF,MYB",3,1.127,Strong up,,,5,13
Zm00001eb428570,chr10,138938403,2.8507596118688783,-2.8507596118688783,XP_004976550.1 subtilisin-like protease SBT1.3 [Setaria italica],Peptidase inhibitor I9,Unknown,Protein Processing,Protein Processing,"ARF,B3,ERF,LBD,MYB,NAC",6,3.54,Strong up,,,7,9
Zm00001eb430160,chr10,142901586,5.700150619890914,5.700150619890914,XP_021318676.1 uncharacterized protein LOC8063909 isoform X3 [Sorghum bicolor],nan,Unknown,Unknown,Unknown,"C2H2,MYB,NAC",3,-2.266,Strong down,,,9,8
Zm00001eb430350,chr10,143204004,1.9941093863543613,1.9941093863543613,XP_002448462.1 uncharacterized protein LOC8063925 [Sorghum bicolor],Bacterial extracellular solute-binding protein,Unknown,Signal Transduction,Signal Transduction,"ERF,MYB,MYB_related",3,0.164,Stable,,,13,6
Zm00001eb430780,chr10,144328092,2.6065774439903566,2.6065774439903566,XP_021317962.1 UDP-N-acetylglucosamine diphosphorylase 1 [Sorghum bicolor],UTP--glucose-1-phosphate uridylyltransferase,Unknown,Metabolism,Metabolism,"ERF,GATA,HD-ZIP,MYB,MYB_related",5,-0.075,Stable,,"ko00520,ko01100,ko01130,map00520,map01100,map01130",8,6
Zm00001eb430800,chr10,144347010,2.73154651053456,2.73154651053456,XP_002448522.1 methyl-CpG-binding domain-containing protein 13 [Sorghum bicolor],Methyl-CpG binding domain,Unknown,Signal Transduction,Signal Transduction,"ERF,MYB,NAC,Trihelix,WRKY",5,0.857,Stable,,,3,14
Zm00001eb430820,chr10,144426712,3.1401620304783036,3.1401620304783036,"XP_021317900.1 peroxisomal 2,4-dienoyl-CoA reductase isoform X2 [Sorghum bicolor]",Enoyl-(Acyl carrier protein) reductase,Unknown,Membrane/Transport,Membrane/Transport|Metabolism,"MYB,NAC",2,-0.153,Stable,,"ko04146,map04146",12,6
Zm00001eb431580,chr10,146230984,2.505721658747991,-2.505721658747991,XP_002447167.1 transcription factor bHLH112 [Sorghum bicolor],helix loop helix domain,Unknown,Transcription Factor,Transcription Factor,TALE,1,1.674,Strong up,,,10,6
Zm00001eb431690,chr10,146450316,2.1140167710302453,2.1140167710302453,XP_003580633.1 N-terminal acetyltransferase A complex catalytic subunit NAA10 [Brachypodium distachyon],FR47-like protein,Unknown,Chromatin/Epigenetic,Chromatin/Epigenetic|Metabolism,"ERF,G2-like,TCP",3,-0.406,Stable,,,10,5
Zm00001eb433520,chr10,150135146,2.1607528247400194,-2.1607528247400194,XP_002448756.1 UPF0496 protein 4 [Sorghum bicolor],UPF0496 protein 4-like,Unknown,Unknown,Unknown,"MYB,WRKY",2,0.761,Stable,,,8,8
