gene_id,n_bqtl,mean_concordance,max_concordance,min_fisher_p,n_nominal,mean_odds_ratio,n_hybrids,n_b73_high,n_nam_high,mean_abs_ase,std_signed,combined_p,combined_fdr
Zm00001eb000480,1,0.45454545454545453,0.45454545454545453,0.5227272727272727,0,,22,19,3,0.19787172399646427,0.14459104438891351,0.5227272727272727,1.0
Zm00001eb000510,1,0.5217391304347826,0.5217391304347826,1.0,0,1.0666666666666667,23,13,10,0.19781902170722768,0.3752124792820433,1.0,1.0
Zm00001eb000670,1,0.20833333333333334,0.20833333333333334,1.0,0,,24,3,21,1.1136865249716534,0.6095217338285365,1.0,1.0
Zm00001eb000700,1,0.4,0.4,1.0,0,0.7333333333333333,20,14,6,0.13803891776509958,0.18447803178797476,1.0,1.0
Zm00001eb000760,3,0.6031746031746031,0.6666666666666666,0.14860681114551086,0,0.7166666666666667,21,15,6,0.2536697411872334,0.2935699542839513,0.38474270819272915,1.0
Zm00001eb000800,3,0.6666666666666666,0.7142857142857143,0.1923076923076923,0,0.4166666666666667,14,7,7,0.2503845658639104,0.3732255281888196,0.3599655243573266,1.0
Zm00001eb000840,1,0.6086956521739131,0.6086956521739131,0.05740403088632997,0,,23,16,7,0.750192209485176,0.9324034482620175,0.05740403088632997,1.0
Zm00001eb000880,2,0.47916666666666663,0.5416666666666666,0.5440429136081311,0,1.6666666666666667,24,5,19,0.6433293148933173,0.6844200697988868,0.8752166058475582,1.0
Zm00001eb000920,2,0.5434782608695652,0.5652173913043478,0.4861660079051384,0,0.5,23,13,10,0.2700363072662573,0.46603000075870854,0.6906995237713729,1.0
Zm00001eb000960,1,0.7142857142857143,0.7142857142857143,0.1375291375291375,0,8.333333333333334,14,6,8,0.6218188666630894,0.7426999143349508,0.1375291375291375,1.0
Zm00001eb000980,1,0.5833333333333334,0.5833333333333334,0.4212208911024365,0,0.42857142857142855,24,10,14,0.3646786152453955,0.4696692655617455,0.4212208911024365,1.0
Zm00001eb000990,1,0.625,0.625,0.4080966482702921,0,2.7,24,11,13,0.5116381172531907,0.6336687572625078,0.4080966482702921,1.0
Zm00001eb001000,2,0.5416666666666666,0.6666666666666666,0.5296442687747036,0,0.8,24,17,7,0.17601141647787477,0.1770743823248898,0.866259518956781,1.0
Zm00001eb001010,1,0.3684210526315789,0.3684210526315789,1.0,0,,19,15,4,0.5112381923724449,0.5070103427752897,1.0,1.0
Zm00001eb001040,1,0.6666666666666666,0.6666666666666666,0.5742690058479532,0,2.4,21,7,14,0.2467060782468514,0.2783100238612032,0.5742690058479532,1.0
Zm00001eb001050,2,0.65625,0.75,0.10576923076923078,0,0.7135416666666666,16,9,7,0.716661202255204,0.9848397685816526,0.3433793450939714,1.0
Zm00001eb001070,4,0.45454545454545453,0.6363636363636364,0.053656869446343125,0,,22,5,17,0.2691507467676041,0.3124155078288494,0.4022167115082568,1.0
Zm00001eb001130,2,0.6136363636363636,0.6363636363636364,0.3107769423558897,0,4.732142857142858,22,11,11,0.26439474092894333,0.3232125278090572,0.49252530797003646,1.0
Zm00001eb001270,1,0.5263157894736842,0.5263157894736842,1.0,0,1.3888888888888888,19,11,8,0.41956349980416413,0.9980616426218198,1.0,1.0
Zm00001eb001280,1,0.5217391304347826,0.5217391304347826,1.0,0,0.75,23,16,7,0.6305858274844163,0.7282916582865082,1.0,1.0
Zm00001eb001290,1,0.8260869565217391,0.8260869565217391,0.3241106719367588,0,6.0,23,4,19,0.3135986282193314,0.32968383089821396,0.3241106719367588,1.0
Zm00001eb001400,1,0.5,0.5,1.0,0,1.4285714285714286,18,7,11,0.1431935469241601,0.18372286992231646,1.0,1.0
Zm00001eb001460,1,0.6818181818181818,0.6818181818181818,0.1718266253869969,0,5.0,22,12,10,0.7432537167002196,0.9515173530308565,0.1718266253869969,1.0
Zm00001eb001490,1,0.3181818181818182,0.3181818181818182,1.0,0,,22,18,4,0.63840514011792,0.4842894136406068,1.0,1.0
Zm00001eb001510,3,0.6111111111111112,0.75,0.03274330327096514,1,3.7074074074074073,24,11,13,0.6239666701256044,0.7443242866772318,0.2631498145156559,1.0
Zm00001eb001530,1,0.47619047619047616,0.47619047619047616,0.28070175438596495,0,,21,6,15,1.437275352050719,2.6300776902368987,0.28070175438596495,1.0
Zm00001eb001570,1,0.6153846153846154,0.6153846153846154,0.5648795648795648,0,0.25,13,8,5,0.39296107893396004,0.528936730902321,0.5648795648795648,1.0
Zm00001eb001600,2,0.6086956521739131,0.6521739130434783,0.15495259888852567,0,0.3712121212121212,23,11,12,0.6341793064538735,0.72435188232144,0.3378702412178851,1.0
Zm00001eb001650,1,0.6190476190476191,0.6190476190476191,1.0,0,0.6818181818181818,21,7,14,0.17358958061798124,0.22282966178627933,1.0,1.0
Zm00001eb001680,3,0.5277777777777778,0.5833333333333334,0.5108695652173914,0,0.5267857142857143,24,9,15,0.3073055196615811,0.37082258505458304,0.8139455691694445,1.0
Zm00001eb001710,1,0.6666666666666666,0.6666666666666666,1.0,0,0.8,24,17,7,0.26685353453657884,0.3594896120440323,1.0,1.0
Zm00001eb001720,2,0.5,0.5217391304347826,1.0,0,0.9872685185185185,23,10,13,0.3100297128357629,0.38749118574104646,1.0,1.0
Zm00001eb001830,2,0.4375,0.5,0.27206851119894604,0,1.4285714285714286,24,5,19,1.0033749067322242,1.1904824442444322,0.626220463598647,1.0
Zm00001eb001840,1,0.35,0.35,1.0,0,,20,5,15,0.21140021902790945,0.19924760544457687,1.0,1.0
Zm00001eb001880,2,0.5208333333333333,0.5416666666666666,0.266304347826087,0,0.7,24,9,15,0.353128595613683,0.44589206879886,0.6186557473664109,1.0
Zm00001eb001950,2,0.5217391304347826,0.6956521739130435,1.0,0,1.0625,23,5,18,0.34730603101587326,0.3993980533268559,1.0,1.0
Zm00001eb001980,1,0.5217391304347826,0.5217391304347826,1.0,0,0.875,23,12,11,0.2457783745199328,0.30902198698936856,1.0,1.0
Zm00001eb002010,5,0.6782608695652174,0.7391304347826086,0.2704686617730096,0,1.4923809523809526,23,17,6,0.7937271107967065,0.7833105463221306,0.6526287436932727,1.0
Zm00001eb002040,3,0.6041666666666666,0.6875,0.3146853146853147,0,3.0,16,8,8,0.2037567856288001,0.27809463125664374,0.888847776340845,1.0
Zm00001eb002070,1,0.5714285714285714,0.5714285714285714,1.0,0,0.6666666666666666,14,6,8,0.5166844238717285,0.581808005840121,1.0,1.0
Zm00001eb002090,1,0.5714285714285714,0.5714285714285714,0.6594427244582044,0,1.9444444444444444,21,10,11,0.40529305816743694,0.47149326726350554,0.6594427244582044,1.0
Zm00001eb002190,1,0.7083333333333334,0.7083333333333334,1.0,0,1.3333333333333333,24,4,20,0.5573159112547159,0.46868119296341143,1.0,1.0
Zm00001eb002320,2,0.6470588235294118,0.6470588235294118,0.334841628959276,0,3.4305555555555554,17,10,7,0.26365094434529723,0.34744684574564366,0.3684207908485714,1.0
Zm00001eb002380,1,0.3333333333333333,0.3333333333333333,1.0,0,,24,18,6,0.5666621211457112,0.5599417847472357,1.0,1.0
Zm00001eb002430,1,0.6666666666666666,0.6666666666666666,0.6080368906455863,0,0.5357142857142857,24,19,5,0.15506142438751527,0.11383373688857319,0.6080368906455863,1.0
Zm00001eb002470,4,0.5952380952380952,0.6666666666666666,0.20309597523219816,0,2.0482954545454546,21,9,12,0.5045790150011731,0.5806452623451416,0.6048881684210874,1.0
Zm00001eb002510,2,0.6,0.7,0.5597910216718266,0,1.5208333333333333,20,5,15,0.3077406050623076,0.38266458524926317,0.7099510913919105,1.0
Zm00001eb002530,1,0.7,0.7,0.1408668730650155,0,9.0,20,10,10,0.17307112646690392,0.25249812883015904,0.1408668730650155,1.0
Zm00001eb002560,1,0.8571428571428571,0.8571428571428571,0.0010319917440660476,1,,21,11,10,0.3321410942314301,0.37684594572569075,0.0010319917440660476,1.0
Zm00001eb002620,3,0.6031746031746031,0.6666666666666666,0.09022556390977444,0,2.083333333333333,21,10,11,1.3104304847075858,1.590644047463631,0.348543694891474,1.0
Zm00001eb002740,2,0.6190476190476191,0.6190476190476191,0.6177109440267335,0,1.2083333333333333,21,8,13,0.19473594442273937,0.27813492798090195,0.9152837150422669,1.0
Zm00001eb002930,1,0.2857142857142857,0.2857142857142857,1.0,0,,21,17,4,0.1890538113356594,0.1807101345471417,1.0,1.0
Zm00001eb002940,2,0.47619047619047616,0.47619047619047616,1.0,0,1.1875,21,13,8,0.37583468534923864,0.5350280044201553,1.0,1.0
Zm00001eb003000,1,0.5333333333333333,0.5333333333333333,1.0,0,1.1666666666666667,15,7,8,0.17297180271694812,0.25741674005417825,1.0,1.0
Zm00001eb003130,2,0.5238095238095237,0.6666666666666666,1.0,0,1.3,21,6,15,0.18677546708173062,0.22025021021417857,1.0,1.0
Zm00001eb003140,1,0.47368421052631576,0.47368421052631576,1.0,0,2.2222222222222223,19,14,5,0.7030565945230753,0.7124547642794333,1.0,1.0
Zm00001eb003190,3,0.48611111111111116,0.6666666666666666,0.5760869565217391,0,1.7333333333333334,24,21,3,0.5398940858921936,0.4081827067707613,0.9814050028947268,1.0
Zm00001eb003200,3,0.5507246376811593,0.5652173913043478,0.47826086956521735,0,0.6916666666666667,23,12,11,0.33699558949457936,0.39695043203409486,0.8916496696096579,1.0
Zm00001eb003230,1,0.6666666666666666,0.6666666666666666,0.3146853146853147,0,0.24,15,7,8,0.340699713928789,0.44867265473155876,0.3146853146853147,1.0
Zm00001eb003340,2,0.5454545454545454,0.6363636363636364,1.0,0,1.5524475524475525,22,7,15,0.5391555780235435,0.6481683331877266,1.0,1.0
Zm00001eb003350,1,0.5789473684210527,0.5789473684210527,0.6576962768913234,0,0.5714285714285714,19,8,11,0.16487786133908874,0.20349447018081807,0.6576962768913234,1.0
Zm00001eb003440,1,0.6470588235294118,0.6470588235294118,0.5367647058823529,0,0.2777777777777778,17,7,10,0.3024280881084595,0.3961179872328222,0.5367647058823529,1.0
Zm00001eb003480,3,0.4561403508771929,0.631578947368421,0.5170278637770898,0,3.3333333333333335,19,16,3,0.19307466555693453,0.21882399309812836,0.8651099426348268,1.0
Zm00001eb003490,4,0.48750000000000004,0.65,1.0,0,1.0291666666666668,20,7,13,0.27638347114360673,0.376969167888127,1.0,1.0
Zm00001eb003550,1,0.6818181818181818,0.6818181818181818,0.3340838727835631,0,0.3333333333333333,22,6,16,0.4353664275678527,0.550362025216778,0.3340838727835631,1.0
Zm00001eb003670,1,0.6190476190476191,0.6190476190476191,0.5533834586466165,0,3.142857142857143,21,9,12,0.23443641124922285,0.2947330287483717,0.5533834586466165,1.0
Zm00001eb003730,1,0.75,0.75,0.10144927536231886,0,,24,16,8,2.0534082174726525,3.220725861861254,0.10144927536231886,1.0
Zm00001eb003810,1,0.5789473684210527,0.5789473684210527,1.0,0,0.7,19,8,11,0.401041370293799,0.6836040911093352,1.0,1.0
Zm00001eb003880,1,0.5882352941176471,0.5882352941176471,1.0,0,1.5,17,7,10,0.2953319834843127,0.36558759591844675,1.0,1.0
Zm00001eb003890,2,0.675,0.7,0.04189886480908153,1,,20,8,12,0.2813805589825603,0.34223818090756386,0.01622160038428138,1.0
Zm00001eb003960,2,0.5,0.5789473684210527,1.0,0,0.8958333333333333,19,6,13,1.2854491312258662,1.6322513508323757,1.0,1.0
Zm00001eb004000,2,0.6499999999999999,0.7,0.15967492260061922,0,3.8791666666666664,20,7,13,0.47622511342516677,0.6279756512974383,0.33616058489100514,1.0
Zm00001eb004030,2,0.6904761904761905,0.7142857142857143,0.5528035775713794,0,1.9861111111111112,21,16,5,0.17863707880480062,0.17915340086710163,0.8804792994351327,1.0
Zm00001eb004170,1,0.5555555555555556,0.5555555555555556,1.0,0,0.625,18,9,9,0.210594149406254,0.27690520974097277,1.0,1.0
Zm00001eb004180,1,0.8333333333333334,0.8333333333333334,0.34288537549407117,0,4.75,24,21,3,0.6572924149199488,0.4375143396251904,0.34288537549407117,1.0
Zm00001eb004310,2,0.5217391304347826,0.6086956521739131,1.0,0,1.2321428571428572,23,9,14,0.23135966707654254,0.29333736231335866,1.0,1.0
Zm00001eb004320,1,0.5454545454545454,0.5454545454545454,1.0,0,0.9259259259259259,22,8,14,0.5450587718774998,0.6554513750746321,1.0,1.0
Zm00001eb004340,2,0.5869565217391304,0.6086956521739131,1.0,0,1.5325,23,9,14,0.1447950735728845,0.1763749194091808,1.0,1.0
Zm00001eb004420,2,0.6041666666666667,0.8333333333333334,0.035290796160361376,1,8.88888888888889,24,4,20,0.40570653171848714,0.33818663690342177,0.15330791505648214,1.0
Zm00001eb004490,3,0.5454545454545454,0.7272727272727273,0.5537935748462065,0,1.2333333333333334,22,4,18,0.5012261401037584,0.4036516604378342,0.9777680027101563,1.0
Zm00001eb004540,4,0.5652173913043479,0.6521739130434783,0.6213854795090491,0,0.9970238095238094,23,15,8,0.802225028133912,0.8215775865242805,0.9874591600691385,1.0
Zm00001eb004560,1,0.631578947368421,0.631578947368421,0.37651821862348167,0,2.6666666666666665,19,12,7,0.3353764767747234,0.3840958500867102,0.37651821862348167,1.0
Zm00001eb004660,2,0.5208333333333333,0.5416666666666666,0.649395227198431,0,0.7642857142857142,24,13,11,0.13182188750832186,0.17827251982711467,0.929748088235502,1.0
Zm00001eb004780,2,0.5,0.6666666666666666,0.6080368906455864,0,0.8011904761904762,24,5,19,0.4301902834063007,0.42122419230185554,0.9105472363286321,1.0
Zm00001eb005110,2,0.5454545454545454,0.5909090909090909,0.2631578947368421,0,1.5714285714285714,22,4,18,1.4783249684773703,1.2454186046611642,0.6144739649295632,1.0
Zm00001eb005190,1,0.7916666666666666,0.7916666666666666,0.1792772444946358,0,0.17647058823529413,24,4,20,0.4924439364995003,0.3808479929207094,0.1792772444946358,1.0
Zm00001eb005380,1,0.75,0.75,0.12648221343873514,0,0.17777777777777778,24,17,7,0.16301990578561423,0.16989144573200152,0.12648221343873514,1.0
Zm00001eb005390,2,0.625,0.7916666666666666,0.014666111920116496,1,10.0,24,6,18,0.2908833496007615,0.2992670132462213,0.052428864750729276,1.0
Zm00001eb005430,1,0.45454545454545453,0.45454545454545453,1.0,0,1.9090909090909092,22,14,8,0.15841690947498333,0.22340878508203138,1.0,1.0
Zm00001eb005460,1,0.36363636363636365,0.36363636363636365,1.0,0,,22,5,17,0.12444838641248689,0.14649664644047053,1.0,1.0
Zm00001eb005570,2,0.6666666666666667,0.7142857142857143,0.06346749226006192,0,10.0,21,10,11,1.6293265589294552,1.8614946021262928,0.07204928292759065,1.0
Zm00001eb005630,1,0.5,0.5,1.0,0,0.4444444444444444,18,4,14,0.28724727281527157,0.2913704252033066,1.0,1.0
Zm00001eb005640,1,0.75,0.75,0.27046866177300966,0,3.5555555555555554,24,5,19,1.6973799697038894,1.671490701237354,0.27046866177300966,1.0
Zm00001eb005660,1,0.6666666666666666,0.6666666666666666,0.5252747252747254,0,4.0,15,12,3,0.25317885951297814,0.190890218679624,0.5252747252747254,1.0
Zm00001eb005670,1,0.625,0.625,0.2396688652577736,0,3.111111111111111,24,11,13,0.31523287043263587,0.3842313199636112,0.2396688652577736,1.0
Zm00001eb005700,1,0.391304347826087,0.391304347826087,0.5392433653303219,0,,23,5,18,0.37101417331607217,0.3965282453065564,0.5392433653303219,1.0
Zm00001eb005710,3,0.3768115942028985,0.5217391304347826,1.0,0,0.5,23,3,20,0.794077373475752,0.5249134021585975,1.0,1.0
Zm00001eb005830,1,0.5833333333333334,0.5833333333333334,1.0,0,1.0,12,4,8,0.11037594571145863,0.17478613942599647,1.0,1.0
Zm00001eb005840,1,0.5555555555555556,0.5555555555555556,1.0,0,0.6666666666666666,9,5,4,0.31636086870139485,0.41612792840815116,1.0,1.0
Zm00001eb005850,1,0.5,0.5,1.0,0,1.0,22,11,11,0.7697189731562275,0.9156101327138605,1.0,1.0
Zm00001eb005900,4,0.4782608695652174,0.7391304347826086,0.10446075663466967,0,3.75,23,19,4,1.3240613640904784,1.1513606155363778,0.5223442725887327,1.0
Zm00001eb005950,1,0.7,0.7,1.0,0,1.625,20,5,15,0.05495032409549594,0.06742248720376114,1.0,1.0
Zm00001eb005990,1,0.2608695652173913,0.2608695652173913,1.0,0,,23,4,19,0.49732340655697627,0.5084022651730103,1.0,1.0
Zm00001eb006150,1,0.3,0.3,1.0,0,,20,16,4,0.5305183579470117,0.5225973758919121,1.0,1.0
Zm00001eb006260,2,0.736842105263158,0.7894736842105263,0.38596491228070173,0,3.0,19,15,4,0.7405371979581997,0.8664617105899203,0.7534069108504764,1.0
Zm00001eb006310,2,0.5416666666666667,0.5833333333333334,0.4927536231884059,0,0.6923076923076923,24,10,14,0.40724681713354705,0.5106943888049101,0.8414980191211208,1.0
Zm00001eb006390,1,0.25,0.25,1.0,0,,24,21,3,0.48648957119213704,0.3338529866434312,1.0,1.0
Zm00001eb006400,1,0.6666666666666666,0.6666666666666666,0.04114906832298137,1,,24,5,19,0.34406386383281684,0.3735677365382431,0.04114906832298137,1.0
Zm00001eb006450,1,0.625,0.625,1.0,0,1.0,24,3,21,0.2966943675423221,0.2184268547824357,1.0,1.0
Zm00001eb006470,1,0.5217391304347826,0.5217391304347826,1.0,0,0.875,23,12,11,0.4111570126277877,0.45652405027202225,1.0,1.0
Zm00001eb006480,1,0.7894736842105263,0.7894736842105263,0.08436532507739938,0,0.1111111111111111,19,5,14,0.31648381800561076,0.48940263557067903,0.08436532507739938,1.0
Zm00001eb006540,1,0.5882352941176471,0.5882352941176471,0.6371863430686959,0,0.5,17,10,7,0.6406898165698226,0.7115058229088463,0.6371863430686959,1.0
Zm00001eb006590,1,0.46153846153846156,0.46153846153846156,0.527972027972028,0,,13,10,3,0.3214534637380278,0.38305490236114936,0.527972027972028,1.0
Zm00001eb006720,3,0.6376811594202899,0.6956521739130435,0.2529644268774704,0,2.666666666666667,23,20,3,0.7994544117832968,0.7817811304102514,0.49647323614457706,1.0
Zm00001eb006890,3,0.6315789473684211,0.7894736842105263,0.1547987616099071,0,4.347222222222222,19,5,14,1.7387996101167393,1.5993277436680795,0.41118561255281955,1.0
Zm00001eb006930,2,0.7608695652173914,0.782608695652174,0.45285149632975713,0,1.1764705882352942,23,3,20,0.8751483791897826,0.7891836869463034,0.5884612796828834,1.0
Zm00001eb007030,1,0.4,0.4,1.0,0,,20,6,14,0.11731454358603,0.14984530702485058,1.0,1.0
Zm00001eb007130,4,0.5476190476190477,0.6666666666666666,0.2549707602339181,0,1.5444444444444443,21,7,14,0.19959296191351383,0.242984734305337,0.9499687678855651,1.0
Zm00001eb007140,1,0.6666666666666666,0.6666666666666666,1.0,0,0.7272727272727273,18,5,13,1.0456024975043854,1.1217280788348898,1.0,1.0
Zm00001eb007170,2,0.55,0.55,1.0,0,0.75,20,6,14,0.539908941214241,0.5670005172988881,1.0,1.0
Zm00001eb007280,1,0.8333333333333334,0.8333333333333334,0.3115942028985507,0,0.15789473684210525,24,4,20,0.324101925357196,0.3498150112170569,0.3115942028985507,1.0
Zm00001eb007320,2,0.7058823529411765,0.7058823529411765,1.0,0,1.8333333333333333,17,13,4,0.6081688843181597,0.7641391948535091,1.0,1.0
Zm00001eb007510,2,0.40909090909090906,0.45454545454545453,1.0,0,0.9523809523809523,22,17,5,0.44887276862330094,0.5129846799087173,1.0,1.0
Zm00001eb007610,1,0.7391304347826086,0.7391304347826086,0.2704686617730096,0,0.26666666666666666,23,4,19,0.6804405007053806,0.5983862359813941,0.2704686617730096,1.0
Zm00001eb007780,1,0.4090909090909091,0.4090909090909091,0.5352016404647985,0,,22,5,17,0.17454409824369027,0.18497408186708378,0.5352016404647985,1.0
Zm00001eb007920,1,0.8,0.8,0.14035087719298245,0,0.10714285714285714,20,5,15,0.7031940065770798,0.7227661873358082,0.14035087719298245,1.0
Zm00001eb007930,1,0.43478260869565216,0.43478260869565216,1.0,0,1.75,23,4,19,1.0880488116248783,0.8605691172560125,1.0,1.0
Zm00001eb008140,1,0.3333333333333333,0.3333333333333333,1.0,0,,24,4,20,0.8185480976269638,0.7832551087966423,1.0,1.0
Zm00001eb008240,1,0.5555555555555556,0.5555555555555556,0.5000000000000001,0,,9,3,6,0.7107514808677725,0.8314886999379129,0.5000000000000001,1.0
Zm00001eb008250,1,0.625,0.625,1.0,0,2.0,8,3,5,0.923238660295825,1.1141062981012901,1.0,1.0
Zm00001eb008440,2,0.5714285714285714,0.7142857142857143,0.5321637426900586,0,0.5714285714285714,21,16,5,0.5308911950979089,0.5226345940518734,0.8678547868345539,1.0
Zm00001eb008450,3,0.49275362318840576,0.6086956521739131,0.5392433653303219,0,1.0863095238095237,23,19,4,0.3509012659888546,0.39267865993240214,0.9751115934749084,1.0
Zm00001eb008460,1,0.5652173913043478,0.5652173913043478,1.0,0,0.7272727272727273,23,4,19,0.40187665046004445,0.47175756602666713,1.0,1.0
Zm00001eb008470,1,0.5909090909090909,0.5909090909090909,1.0,0,0.8181818181818182,22,17,5,0.591883057480486,0.615208499683772,1.0,1.0
Zm00001eb008480,1,0.3125,0.3125,1.0,0,,16,13,3,0.16446654703046956,0.1603390997836477,1.0,1.0
Zm00001eb008570,1,0.65,0.65,1.0,0,1.2,20,3,17,0.0900356671955999,0.08658480580653212,1.0,1.0
Zm00001eb008580,2,0.6818181818181818,0.6818181818181818,0.1718266253869969,0,5.0,22,10,12,0.5414862963284488,0.7169149283390751,0.13352518990758167,1.0
Zm00001eb008620,1,0.5217391304347826,0.5217391304347826,1.0,0,0.875,23,11,12,0.19773088016677842,0.2583336516906108,1.0,1.0
Zm00001eb008710,3,0.5333333333333333,0.55,0.6424148606811145,0,0.5922619047619048,20,9,11,0.19870969374402522,0.2246901208502383,0.9895973041910477,1.0
Zm00001eb008830,1,0.5,0.5,1.0,0,1.7777777777777777,20,11,9,0.6025949422049353,0.8148829143621921,1.0,1.0
Zm00001eb008850,1,0.25,0.25,1.0,0,,20,17,3,0.5104510681089469,0.370919321119032,1.0,1.0
Zm00001eb008900,2,0.55,0.55,0.5913312693498453,0,2.1666666666666665,20,9,11,0.20933700700396857,0.2619093220919251,0.9020042383239043,1.0
Zm00001eb009130,3,0.5652173913043478,0.6086956521739131,0.6213854795090492,0,1.0198412698412698,23,15,8,0.5464078589088546,0.7436892763491412,0.987380412299372,1.0
Zm00001eb009250,1,0.30434782608695654,0.30434782608695654,1.0,0,,23,20,3,0.5121240526210699,0.44928664855404865,1.0,1.0
Zm00001eb009320,1,0.5714285714285714,0.5714285714285714,1.0,0,1.0,21,6,15,0.5151421484706196,0.5427394791096297,1.0,1.0
Zm00001eb009400,1,0.5625,0.5625,1.0,0,0.8571428571428571,16,10,6,1.0464786257354195,1.2108751556456308,1.0,1.0
Zm00001eb009460,1,0.6,0.6,1.0,0,1.3333333333333333,20,13,7,0.28782545545510263,0.33245341681888024,1.0,1.0
Zm00001eb009570,2,0.5652173913043478,0.6956521739130435,0.16879795396419436,0,0.5309090909090909,23,16,7,0.5158674156007855,0.6022967119740067,0.469098429629898,1.0
Zm00001eb009640,2,0.525,0.75,0.5087719298245614,0,0.42857142857142855,20,3,17,0.3987045178202429,0.39375159318790154,0.8525773280279685,1.0
Zm00001eb009880,1,0.6666666666666666,0.6666666666666666,1.0,0,1.375,18,15,3,0.1829563078817871,0.1740062924570881,1.0,1.0
Zm00001eb009890,2,0.39285714285714285,0.42857142857142855,1.0,0,,14,11,3,0.9232217654921951,0.9950889521404851,1.0,1.0
Zm00001eb009930,1,0.6,0.6,1.0,0,1.5714285714285714,20,12,8,1.0062313688817093,1.3310851554112733,1.0,1.0
Zm00001eb010060,1,0.6875,0.6875,0.28205128205128205,0,0.14285714285714285,16,8,8,0.4789911437114609,0.5887268648499431,0.28205128205128205,1.0
Zm00001eb010130,3,0.513888888888889,0.5833333333333334,1.0,0,0.9999999999999999,24,14,10,0.6460159320442668,0.8047293235768419,1.0,1.0
Zm00001eb010150,3,0.5185185185185185,0.6666666666666666,0.3259803921568627,0,2.013888888888889,18,11,7,0.4552394541779035,0.5622416843607636,0.8961679126185698,1.0
Zm00001eb010320,1,0.782608695652174,0.782608695652174,0.3952569169960474,0,4.25,23,5,18,0.5049073215349513,0.4889969644194919,0.3952569169960474,1.0
Zm00001eb010340,1,0.5,0.5,0.4935064935064935,0,,22,13,9,0.6198673545035148,0.7138326473190412,0.4935064935064935,1.0
Zm00001eb010370,3,0.6666666666666666,0.7,0.5492260061919505,0,1.6666666666666667,20,4,16,0.5194753241572725,0.47411314759857015,0.8798142824216623,1.0
Zm00001eb010530,1,0.5555555555555556,0.5555555555555556,1.0,0,1.3333333333333333,18,4,14,1.057802988815483,1.3601552194021522,1.0,1.0
Zm00001eb010540,1,0.5,0.5,1.0,0,1.0,20,14,6,0.2903119345096225,0.2907110005624854,1.0,1.0
Zm00001eb010590,2,0.5208333333333333,0.5416666666666666,0.272068511198946,0,1.0714285714285714,24,7,17,0.5897095007822991,0.5266667256414774,0.626220463598647,1.0
Zm00001eb010600,3,0.6060606060606061,0.7272727272727273,0.05454545454545454,0,0.780625,22,9,13,0.30467306749466444,0.35720024561983943,0.24857627378559544,1.0
Zm00001eb010610,1,0.43478260869565216,0.43478260869565216,0.525691699604743,0,,23,8,15,0.3140712888269085,0.3861309238720626,0.525691699604743,1.0
Zm00001eb010620,4,0.34375,0.4166666666666667,0.544042913608131,0,1.6153846153846154,24,20,4,0.13003986330404535,0.11709846547886094,0.9964664806506207,1.0
Zm00001eb010730,2,0.5652173913043478,0.5652173913043478,1.0,0,1.0166666666666666,23,8,15,0.7914078919574874,0.8298166663936832,1.0,1.0
Zm00001eb010860,2,0.6458333333333334,0.7083333333333334,0.08937945887737245,0,0.20779220779220778,24,12,12,0.21923989659907683,0.28336602372340164,0.20791950859171202,1.0
Zm00001eb010960,2,0.5869565217391304,0.7391304347826086,0.20948616600790512,0,3.5681818181818183,23,7,16,0.5287059007750728,0.5779676654444353,0.5369334841276527,1.0
Zm00001eb011020,1,0.5217391304347826,0.5217391304347826,1.0,0,1.125,23,17,6,0.2110025089203133,0.2478308433537942,1.0,1.0
Zm00001eb011080,1,0.6363636363636364,0.6363636363636364,0.5441558441558442,0,0.2916666666666667,22,19,3,0.6298083257377826,2.1216396853121253,0.5441558441558442,1.0
Zm00001eb011230,3,0.6166666666666667,0.8,0.1273219814241486,0,0.41071428571428575,20,5,15,0.21152251557302906,0.20279453230612396,0.2345142755662134,1.0
Zm00001eb011250,1,0.8571428571428571,0.8571428571428571,0.14285714285714285,0,,7,4,3,0.3472289129551637,0.49601632152863495,0.14285714285714285,1.0
Zm00001eb011300,1,0.5789473684210527,0.5789473684210527,0.24509803921568626,0,,19,12,7,0.35726800618000754,0.46472982021824033,0.24509803921568626,1.0
Zm00001eb011460,4,0.5625,0.625,0.3076923076923077,0,0.7514880952380952,16,9,7,0.6219017027432604,0.747752176995972,0.9680529657190644,1.0
Zm00001eb011560,1,0.6153846153846154,0.6153846153846154,0.5648795648795649,0,4.0,13,8,5,0.7328500514935143,0.9063025178867262,0.5648795648795649,1.0
Zm00001eb011580,1,0.6363636363636364,0.6363636363636364,1.0,0,1.5,22,16,6,0.4086622647875769,0.5322378987654655,1.0,1.0
Zm00001eb011620,3,0.7083333333333334,0.75,0.2,0,6.666666666666667,16,3,13,0.12781381636069974,0.1521823267352293,0.1464419007232117,1.0
Zm00001eb011630,1,0.8125,0.8125,0.1357142857142857,0,0.09090909090909091,16,12,4,0.45664637711019446,0.4797990744301292,0.1357142857142857,1.0
Zm00001eb011670,3,0.6,0.7,0.27017543859649124,0,3.5,20,13,7,0.31100106593663274,0.39852616191805595,0.5454364993874141,1.0
Zm00001eb011750,2,0.4782608695652174,0.6956521739130435,1.0,0,1.5,23,20,3,0.30109103550879324,0.25487300431461585,1.0,1.0
Zm00001eb011800,1,0.5652173913043478,0.5652173913043478,0.6850181720285368,0,0.6666666666666666,23,10,13,0.15499990435178804,0.18678106883128548,0.6850181720285368,1.0
Zm00001eb011820,1,0.6086956521739131,0.6086956521739131,0.3167701863354037,0,0.24242424242424243,23,19,4,0.41536167387140505,0.4191241038083296,0.3167701863354037,1.0
Zm00001eb011880,1,0.8421052631578947,0.8421052631578947,0.2982456140350877,0,0.13333333333333333,19,3,16,0.7358339592491964,1.4682548607587114,0.2982456140350877,1.0
Zm00001eb011910,3,0.6060606060606061,0.7727272727272727,0.4112554112554112,0,2.3402777777777777,22,5,17,0.3205028361705949,0.3128705287800636,0.9390166890682182,1.0
Zm00001eb012010,2,0.7333333333333333,0.7333333333333333,0.5164835164835164,0,0.4,15,3,12,0.1760198068612744,0.16997901307111557,0.6192519255447897,1.0
Zm00001eb012060,1,0.6428571428571429,0.6428571428571429,0.22077922077922074,0,,14,10,4,0.22261759187619234,0.22783075108731526,0.22077922077922074,1.0
Zm00001eb012070,3,0.47222222222222215,0.5416666666666666,0.5362318840579711,0,0.8961038961038961,24,16,8,0.5028772342057407,0.7673573716724251,0.9115775656361108,1.0
Zm00001eb012080,1,0.5217391304347826,0.5217391304347826,0.3689757991817489,0,3.5,23,17,6,0.6882527972366199,0.656855649856234,0.3689757991817489,1.0
Zm00001eb012100,1,0.5833333333333334,0.5833333333333334,0.659134248665141,0,1.9047619047619047,24,17,7,0.33896715608127653,1.1177865062471843,0.659134248665141,1.0
Zm00001eb012160,2,0.4666666666666667,0.4666666666666667,1.0,0,1.1488095238095237,15,5,10,0.8213876211074235,0.9186611595373654,1.0,1.0
Zm00001eb012190,4,0.5147058823529411,0.5294117647058824,0.5147058823529411,0,0.45555555555555555,17,5,12,0.7586519522072412,0.7927495296416127,0.9089374693613157,1.0
Zm00001eb012250,1,0.5,0.5,1.0,0,0.7714285714285715,24,16,8,0.48975366147927374,0.5878434071433294,1.0,1.0
Zm00001eb012360,2,0.5714285714285714,0.6190476190476191,0.3972136222910216,0,1.8666666666666667,21,14,7,0.72071084528593,1.0631035803646052,0.7639534331901445,1.0
Zm00001eb012480,3,0.513888888888889,0.7083333333333334,0.5440429136081311,0,0.5892857142857143,24,5,19,0.33462536629621725,0.5926151484024085,0.9065735687570711,1.0
Zm00001eb012560,4,0.4583333333333333,0.5416666666666666,0.23913043478260868,0,,24,21,3,0.8971205220973606,0.7776873071255911,0.5590344667375021,1.0
Zm00001eb012570,3,0.5740740740740741,0.6111111111111112,0.21568627450980388,0,1.4,18,8,10,1.193057184045954,1.405353311222792,0.6029692882401543,1.0
Zm00001eb012680,1,0.5294117647058824,0.5294117647058824,1.0,0,1.1428571428571428,17,8,9,0.8896429865619845,1.2519608518822973,1.0,1.0
Zm00001eb012860,4,0.6111111111111112,0.7222222222222222,0.153434800493624,0,3.555555555555556,18,10,8,0.552689453143519,1.2576911531043493,0.6302657066796519,1.0
Zm00001eb012960,1,0.6,0.6,0.6424148606811145,0,0.46875,20,13,7,0.8066489225619613,0.908621162201591,0.6424148606811145,1.0
Zm00001eb013020,2,0.5882352941176471,0.5882352941176471,0.3333872010342599,0,4.166666666666667,17,11,6,0.15798457777561678,0.17967959885872156,0.3553260821224933,1.0
Zm00001eb013040,2,0.6,0.6,0.11661506707946338,0,1.5714285714285714,20,8,12,0.24864453611269605,0.31470583746457875,0.3672064784614676,1.0
Zm00001eb013080,4,0.6,0.85,0.28421052631578947,0,0.7314814814814815,20,3,17,0.2734722435625202,0.29425123066724806,0.9609768861552354,1.0
Zm00001eb013100,1,0.6,0.6,0.4736842105263158,0,,20,10,10,1.282405520014368,1.7963104447485898,0.4736842105263158,1.0
Zm00001eb013120,1,0.5238095238095238,0.5238095238095238,1.0,0,0.8,21,9,12,0.6286785834239483,1.3606784464491457,1.0,1.0
Zm00001eb013140,1,0.6666666666666666,0.6666666666666666,1.0,0,2.2,18,12,6,0.7126890788773108,0.9562463492957021,1.0,1.0
Zm00001eb013150,2,0.5869565217391304,0.6956521739130435,0.5756188891200333,0,0.5714285714285714,23,17,6,0.9355605859447883,1.0392252173423864,0.8935386631146589,1.0
Zm00001eb013180,1,0.6086956521739131,0.6086956521739131,1.0,0,1.7142857142857142,23,9,14,0.356677102845331,0.4770743450448684,1.0,1.0
Zm00001eb013220,1,0.42105263157894735,0.42105263157894735,1.0,0,,19,6,13,0.5403389766743113,0.5002062822379482,1.0,1.0
Zm00001eb013250,1,0.5454545454545454,0.5454545454545454,1.0,0,1.2857142857142858,22,12,10,0.19573680219215212,0.25757829059517146,1.0,1.0
Zm00001eb013300,1,0.8095238095238095,0.8095238095238095,0.0629514963880289,0,0.09523809523809523,21,5,16,0.2905076389162649,0.25672883420729053,0.0629514963880289,1.0
Zm00001eb013340,3,0.7681159420289855,0.9130434782608695,0.001693958215697346,2,0.19444444444444445,23,19,4,0.6945185891264456,2.09767023218482,0.0008713939783640468,1.0
Zm00001eb013420,1,0.4782608695652174,0.4782608695652174,0.2727272727272727,0,,23,4,19,0.9478940169631602,0.8385043447158416,0.2727272727272727,1.0
Zm00001eb013440,1,0.4782608695652174,0.4782608695652174,1.0,0,1.6363636363636365,23,13,10,0.3881409043001064,0.6062799778603027,1.0,1.0
Zm00001eb013490,2,0.5681818181818181,0.7727272727272727,0.10047846889952154,0,7.0,22,16,6,0.13442721458512014,0.13022120281350927,0.331359081813728,1.0
Zm00001eb013500,1,0.5882352941176471,0.5882352941176471,1.0,0,1.6,17,10,7,0.43305262323271143,0.5844052856746725,1.0,1.0
Zm00001eb013510,2,0.6,0.6,1.0,0,1.75,15,9,6,0.30213167026060084,0.3308153818273507,1.0,1.0
Zm00001eb013600,1,0.42857142857142855,0.42857142857142855,1.0,0,1.0,21,15,6,0.6888314413701417,0.8231247830131234,1.0,1.0
Zm00001eb013660,2,0.5833333333333333,0.625,0.3904518329070759,0,0.7911111111111111,24,11,13,0.8090388178668849,1.2495439909960704,0.7576525186351195,1.0
Zm00001eb013720,1,0.5,0.5,1.0,0,0.7407407407407407,24,5,19,1.4730968417976122,1.6056615217620143,1.0,1.0
Zm00001eb013740,1,0.5416666666666666,0.5416666666666666,1.0,0,1.5,24,17,7,0.4890309389699687,0.7050346984840837,1.0,1.0
Zm00001eb013750,1,0.5,0.5,1.0,0,1.0,24,8,16,0.3965825207577603,1.045242080388324,1.0,1.0
Zm00001eb013760,2,0.5208333333333334,0.75,0.5212450592885376,0,0.47058823529411764,24,21,3,0.2547119045894499,0.26293878864735104,0.8608544509113314,1.0
Zm00001eb013850,1,0.7058823529411765,0.7058823529411765,0.15343480049362404,0,5.833333333333333,17,10,7,0.37416940485995986,0.4316528255341674,0.15343480049362404,1.0
Zm00001eb013880,2,0.5833333333333333,0.6666666666666666,0.5151515151515151,0,2.3333333333333335,12,4,8,2.2734858923976655,3.3216644373062967,0.8568485362416512,1.0
Zm00001eb013890,3,0.6222222222222222,0.7333333333333333,0.2507492507492507,0,2.8333333333333335,15,5,10,0.3965629014493289,0.42100884836149355,0.8375185030054249,1.0
Zm00001eb013900,4,0.7321428571428572,0.8571428571428571,0.06593406593406594,0,1.2261904761904763,14,4,10,0.215866867513359,0.2862542871343836,0.3259791895760619,1.0
Zm00001eb014030,4,0.45454545454545453,0.5454545454545454,0.35115864527629237,0,1.6708994708994709,22,16,6,0.13879414867279727,0.22301465822652253,0.8399574656767179,1.0
Zm00001eb014190,2,0.6363636363636364,0.6363636363636364,1.0,0,1.25,11,4,7,0.5801717599398604,0.8168977250513417,1.0,1.0
Zm00001eb014490,2,0.5555555555555556,0.6666666666666666,0.5220588235294118,0,2.2222222222222223,18,13,5,0.5111906813325198,0.5371276314095824,0.6662545564345769,1.0
Zm00001eb014520,3,0.7592592592592592,0.8333333333333334,0.10784313725490197,0,0.10096153846153846,18,3,15,0.9169806461348085,0.8325206096951757,0.08412702132653675,1.0
Zm00001eb014600,1,0.5714285714285714,0.5714285714285714,0.5864661654135337,0,3.375,21,17,4,0.8434657117215678,0.9811588097438997,0.5864661654135337,1.0
Zm00001eb014970,3,0.5666666666666668,0.6,0.5657894736842106,0,1.211904761904762,20,11,9,0.5857050155232126,0.9274741101145685,0.917468045523758,1.0
Zm00001eb014980,2,0.6086956521739131,0.6086956521739131,0.4003230582850989,0,2.25,23,8,15,1.33320713667573,1.4172533778032947,0.6142900670329605,1.0
Zm00001eb015040,2,0.45238095238095233,0.5714285714285714,0.3383458646616541,0,4.0,21,5,16,0.2707871308923067,0.36055753454720096,0.7050067573707859,1.0
Zm00001eb015050,1,0.5,0.5,1.0,0,1.0,20,10,10,1.1112999707441915,1.3978907756887933,1.0,1.0
Zm00001eb015130,4,0.609375,0.8125,0.03496503496503497,1,0.19166666666666665,16,10,6,0.8487058866366175,1.0122691418370633,0.23336566890663296,1.0
Zm00001eb015160,1,0.631578947368421,0.631578947368421,0.6168730650154798,0,0.4444444444444444,19,6,13,1.1690414005164116,1.3516098063401096,0.6168730650154798,1.0
Zm00001eb015170,1,0.5714285714285714,0.5714285714285714,1.0,0,2.4,14,7,7,0.21755396533587326,0.2468463675457985,1.0,1.0
Zm00001eb015200,1,0.6470588235294118,0.6470588235294118,0.5840336134453782,0,2.25,17,4,13,0.3996510916734916,0.47223799566508917,0.5840336134453782,1.0
Zm00001eb015210,4,0.6022727272727273,0.6363636363636364,0.16187527642636,0,1.375925925925926,22,10,12,0.8231911276421016,2.151547183073017,0.43029211845161347,1.0
Zm00001eb015230,1,0.7,0.7,0.5238095238095238,0,0.16666666666666666,10,4,6,0.31676415801494334,0.4214962589581971,0.5238095238095238,1.0
Zm00001eb015240,1,0.6875,0.6875,0.08846153846153847,0,,16,9,7,0.447259584622777,0.7040016054309995,0.08846153846153847,1.0
Zm00001eb015250,1,0.7142857142857143,0.7142857142857143,0.2473684210526316,0,0.19230769230769232,21,18,3,0.975286289672509,0.7643038766494908,0.2473684210526316,1.0
Zm00001eb015310,5,0.5555555555555556,0.6666666666666666,0.2941176470588236,0,1.2566964285714286,18,13,5,0.18119938258782847,0.22077503945749583,0.8209839974303245,1.0
Zm00001eb015320,2,0.525,0.55,0.6126160990712074,0,1.0446428571428572,20,15,5,0.8099752851898376,0.7523325328787063,0.9128082826428031,1.0
Zm00001eb015340,3,0.607843137254902,0.6470588235294118,0.29411764705882354,0,1.5694444444444446,17,9,8,0.6887640609226263,0.9640944879582071,0.5913047855175535,1.0
Zm00001eb015420,1,0.5,0.5,0.2663183694530443,0,,20,5,15,0.3089217690120953,0.2823368876684801,0.2663183694530443,1.0
Zm00001eb015440,2,0.4318181818181818,0.45454545454545453,1.0,0,1.537878787878788,22,8,14,0.3919297860908927,0.6403082842060315,1.0,1.0
Zm00001eb015450,1,0.75,0.75,0.5087719298245614,0,2.3333333333333335,20,16,4,0.6750069909874619,0.6891837564906312,0.5087719298245614,1.0
Zm00001eb015470,1,0.5333333333333333,0.5333333333333333,1.0,0,1.25,15,7,8,0.31412897190002004,0.5143169938398388,1.0,1.0
Zm00001eb015540,1,0.5384615384615384,0.5384615384615384,1.0,0,0.5,13,6,7,0.18025810631576006,0.21551173361416337,1.0,1.0
Zm00001eb015660,3,0.6333333333333333,0.75,0.20175438596491227,0,5.65,20,3,17,0.817534187839224,0.6128396800971784,0.3096593799083234,1.0
Zm00001eb015690,1,0.5263157894736842,0.5263157894736842,1.0,0,0.5,19,3,16,0.48399146673443016,0.4240506504402002,1.0,1.0
Zm00001eb015700,1,0.25,0.25,1.0,0,,20,17,3,0.5186002199900169,0.485904663408982,1.0,1.0
Zm00001eb015710,1,0.5789473684210527,0.5789473684210527,0.5820433436532508,0,3.4285714285714284,19,4,15,1.5905949525281353,1.3527054156128462,0.5820433436532508,1.0
Zm00001eb015790,1,0.4583333333333333,0.4583333333333333,0.5108695652173914,0,,24,9,15,0.629652561838033,1.0292037149126685,0.5108695652173914,1.0
Zm00001eb015850,1,0.5,0.5,1.0,0,0.5,14,4,10,0.6022468097646826,0.7592638320373687,1.0,1.0
Zm00001eb015860,1,0.5,0.5,1.0,0,1.0,12,8,4,1.2066547940593197,3.0369680859416897,1.0,1.0
Zm00001eb015950,2,0.5,0.6956521739130435,0.5756188891200332,0,2.3333333333333335,23,5,18,0.1039605865638207,0.1264360357823299,0.8935386631146589,1.0
Zm00001eb016040,1,0.6086956521739131,0.6086956521739131,0.6570197873199621,0,2.0,23,14,9,0.6210785934914651,0.7002932616032869,0.6570197873199621,1.0
Zm00001eb016080,1,0.7272727272727273,0.7272727272727273,0.5481127060074429,0,0.32142857142857145,22,5,17,0.3801373771792332,0.43321804586885115,0.5481127060074429,1.0
Zm00001eb016170,1,0.6,0.6,0.5657894736842106,0,2.857142857142857,20,9,11,0.15547286604124716,0.26285986235741615,0.5657894736842106,1.0
Zm00001eb016180,3,0.6212121212121212,0.6363636363636364,0.6243550051599587,0,1.8333333333333333,22,6,16,0.7188926077427342,0.7426326548943961,0.9300393230603362,1.0
Zm00001eb016190,1,0.5454545454545454,0.5454545454545454,1.0,0,0.8,22,10,12,0.4178540733757856,0.6373709712840275,1.0,1.0
Zm00001eb016200,1,0.6956521739130435,0.6956521739130435,0.5573122529644268,0,0.35714285714285715,23,4,19,0.9937187137196023,1.0426732093407067,0.5573122529644268,1.0
Zm00001eb016240,1,0.5454545454545454,0.5454545454545454,1.0,0,0.4444444444444444,11,7,4,0.13988182517585834,0.1541103962875999,1.0,1.0
Zm00001eb016330,4,0.5476190476190477,0.6666666666666666,0.26212590299277605,0,0.7727272727272728,21,5,16,0.5169149912659343,0.4660174303939603,0.7657276881772022,1.0
Zm00001eb016390,1,0.6363636363636364,0.6363636363636364,0.5454545454545454,0,0.3,11,3,8,0.34089349297692295,0.44744887771620506,0.5454545454545454,1.0
Zm00001eb016540,2,0.6818181818181819,0.7272727272727273,0.19393939393939397,0,2.0,11,7,4,0.4273079809055172,0.43796693950544613,0.5120406440922871,1.0
Zm00001eb016620,2,0.4565217391304348,0.5217391304347826,0.6570197873199622,0,0.7142857142857143,23,15,8,0.1737015840769222,0.22556371730835875,0.9329951299333422,1.0
Zm00001eb016670,1,0.42857142857142855,0.42857142857142855,0.5333333333333333,0,,21,14,7,0.1306970535468905,0.15540683315346504,0.5333333333333333,1.0
Zm00001eb016800,1,0.5909090909090909,0.5909090909090909,0.380185758513932,0,3.0,22,8,14,0.3876069532495104,1.15087049114581,0.380185758513932,1.0
Zm00001eb016830,3,0.5396825396825397,0.7619047619047619,0.1842105263157895,0,0.3464285714285714,21,15,6,0.25942324976073444,0.22946720517310787,0.5871672507759318,1.0
Zm00001eb016940,1,0.6521739130434783,0.6521739130434783,1.0,0,0.5,23,15,8,0.21099430620627774,0.21833855627476917,1.0,1.0
Zm00001eb016960,2,0.5714285714285714,0.5714285714285714,1.0,0,1.0,21,15,6,0.1513207955102923,0.16984146847608647,1.0,1.0
Zm00001eb016990,2,0.6470588235294118,0.7058823529411765,0.15343480049362404,0,3.958333333333333,17,9,8,0.1140832985231463,0.15271058647501626,0.325090693258968,1.0
Zm00001eb017060,1,0.7777777777777778,0.7777777777777778,0.19705882352941176,0,6.0,18,4,14,0.2696919220618075,0.24643597791140345,0.19705882352941176,1.0
Zm00001eb017070,1,0.7368421052631579,0.7368421052631579,0.46783625730994155,0,0.3076923076923077,19,5,14,0.8187519800369696,1.0041194005242124,0.46783625730994155,1.0
Zm00001eb017080,1,0.36363636363636365,0.36363636363636365,1.0,0,,22,16,6,0.3697289747869682,0.3668729918803232,1.0,1.0
Zm00001eb017140,2,0.6666666666666666,0.7916666666666666,0.05928853754940711,0,6.75,24,17,7,0.9605479103322282,0.9933060421755637,0.2267987719935955,1.0
Zm00001eb017310,2,0.6590909090909091,0.7727272727272727,0.03934077618288144,1,0.07692307692307693,22,14,8,0.10206553903066908,0.12766350710643606,0.05594284950798959,1.0
Zm00001eb017320,1,0.7272727272727273,0.7272727272727273,0.05454545454545454,0,,22,19,3,0.29141206057069,0.380515975587698,0.05454545454545454,1.0
Zm00001eb017520,2,0.5555555555555556,0.6111111111111112,0.3665158371040724,0,1.7222222222222223,18,7,11,0.5289820923767663,0.6211630905987066,0.7343927479387803,1.0
Zm00001eb017530,1,0.5714285714285714,0.5714285714285714,1.0,0,2.4,14,7,7,1.1501199343010418,1.5509972911889036,1.0,1.0
Zm00001eb017560,2,0.5909090909090909,0.5909090909090909,1.0,0,0.6666666666666666,22,8,14,0.520174665516002,0.6466004475233867,1.0,1.0
Zm00001eb017570,2,0.5714285714285714,0.6428571428571429,0.3006993006993007,0,0.35,14,9,5,0.837768123676218,1.0814952294959217,0.6620329659185511,1.0
Zm00001eb017620,1,0.5,0.5,0.5210526315789474,0,,20,13,7,1.3122434528006441,1.4832293372412955,0.5210526315789474,1.0
Zm00001eb017630,1,0.5909090909090909,0.5909090909090909,0.6550199026979212,0,0.6,22,6,16,0.4916656549812364,0.7339529338667955,0.6550199026979212,1.0
Zm00001eb017640,2,0.625,0.625,0.46428571428571436,0,0.3333333333333333,8,3,5,1.6484939628687068,1.8764049621053294,0.8205113209027741,1.0
Zm00001eb017660,7,0.5510204081632653,0.5714285714285714,0.627039627039627,0,1.163265306122449,14,6,8,0.7523925163034517,1.0502427579376263,0.9999455474902293,1.0
Zm00001eb017700,2,0.5277777777777778,0.5555555555555556,0.24894957983193278,0,,18,5,13,0.30121355735621497,0.31805702645299516,0.2538897587450503,1.0
Zm00001eb018000,2,0.5909090909090908,0.6818181818181818,0.33408387278356316,0,3.0,22,6,16,0.6502517120652003,1.1662963482626938,0.5310358392910215,1.0
Zm00001eb018020,3,0.5217391304347826,0.5652173913043478,0.27189515290201793,0,0.8821428571428571,23,7,16,0.18311532225066104,0.24732491225117276,0.8565735601635031,1.0
Zm00001eb018040,3,0.5833333333333334,0.625,1.0,0,0.5555555555555555,8,4,4,0.53619324094666,0.6741552416091715,1.0,1.0
Zm00001eb018090,1,0.6666666666666666,0.6666666666666666,0.1826625386996904,0,4.5,21,14,7,0.6291780683752348,0.7051723790268429,0.1826625386996904,1.0
Zm00001eb018320,3,0.5789473684210527,0.6842105263157895,0.5304437564499485,0,1.1818181818181819,19,15,4,0.6724695366619518,0.6713100114971339,0.7505830319349284,1.0
Zm00001eb018350,2,0.5277777777777778,0.6111111111111112,0.5220588235294118,0,1.0,18,3,15,0.1142870482926435,0.1270865562761537,0.8613840118921051,1.0
Zm00001eb018700,2,0.5208333333333333,0.5416666666666666,0.2663043478260869,0,1.75,24,15,9,0.5309816670348133,0.6776150008370511,0.4898213040968459,1.0
Zm00001eb018720,2,0.5952380952380952,0.6190476190476191,0.6107916850950906,0,1.6136363636363638,21,12,9,0.249629104128903,0.3281533469183133,0.9119115698176222,1.0
Zm00001eb018970,1,0.6666666666666666,0.6666666666666666,0.523809523809524,0,4.5,9,4,5,0.41365218441581164,0.8238920002987971,0.523809523809524,1.0
Zm00001eb019050,1,0.7647058823529411,0.7647058823529411,0.46470588235294114,0,3.0,17,3,14,0.4566624302094302,0.3926739065186231,0.46470588235294114,1.0
Zm00001eb019090,1,0.5882352941176471,0.5882352941176471,0.6199095022624433,0,0.4166666666666667,17,8,9,0.6617705108039688,0.7688466091753984,0.6199095022624433,1.0
Zm00001eb019230,1,0.6111111111111112,0.6111111111111112,1.0,0,0.6666666666666666,18,5,13,0.5361729957340966,0.49988982264327564,1.0,1.0
Zm00001eb019260,1,0.4,0.4,0.5394736842105263,0,,20,15,5,0.10558990240134233,0.11297941941670164,0.5394736842105263,1.0
Zm00001eb019350,1,0.6,0.6,1.0,0,0.8,10,7,3,0.1522241001740469,0.17016934666403505,1.0,1.0
Zm00001eb019420,2,0.3157894736842105,0.3157894736842105,1.0,0,,19,4,15,0.36906508999829685,0.4521440074985812,1.0,1.0
Zm00001eb019520,2,0.5208333333333333,0.6666666666666666,1.0,0,0.8888888888888888,24,4,20,0.22553778873166705,0.19749700036162476,1.0,1.0
Zm00001eb019590,4,0.5375000000000001,0.8,0.3684210526315789,0,3.0,20,4,16,0.4642382660977334,0.43139002249720404,0.9185399959445455,1.0
Zm00001eb019830,2,0.3333333333333333,0.3333333333333333,1.0,0,,18,14,4,0.2731858978469538,0.24503920822872408,1.0,1.0
Zm00001eb019890,1,0.5789473684210527,0.5789473684210527,0.6284829721362228,0,0.42857142857142855,19,9,10,0.7072674141846004,0.7897494569734483,0.6284829721362228,1.0
Zm00001eb020020,1,0.5555555555555556,0.5555555555555556,1.0,0,1.5625,18,9,9,0.5029303413501802,0.6511123194860822,1.0,1.0
Zm00001eb020040,1,0.6,0.6,0.6083916083916083,0,2.5,15,6,9,0.23717058113040101,0.4297479616066235,0.6083916083916083,1.0
Zm00001eb020100,1,0.75,0.75,0.5087719298245614,0,2.3333333333333335,20,4,16,0.7802588343657235,1.0737906685699559,0.5087719298245614,1.0
Zm00001eb020110,1,0.5,0.5,1.0,0,0.5714285714285714,18,15,3,0.6381883361945286,0.47165963268627065,1.0,1.0
Zm00001eb020170,1,0.5,0.5,1.0,0,1.3333333333333333,22,12,10,0.4591124436716258,0.5695102764527833,1.0,1.0
Zm00001eb020180,1,0.7391304347826086,0.7391304347826086,1.0,0,0.5625,23,4,19,0.7331710446670379,0.7041495861217679,1.0,1.0
Zm00001eb020240,1,0.5416666666666666,0.5416666666666666,1.0,0,1.0714285714285714,24,17,7,1.029535662761815,1.0956193422370013,1.0,1.0
Zm00001eb020280,1,0.75,0.75,0.01305693902274869,1,0.0625,24,9,15,0.5219825249093784,0.974993927820676,0.01305693902274869,1.0
Zm00001eb020350,1,0.6842105263157895,0.6842105263157895,1.0,0,0.75,19,4,15,0.20274923367924988,0.20218415669765247,1.0,1.0
Zm00001eb020360,1,0.5789473684210527,0.5789473684210527,0.3330753353973168,0,4.285714285714286,19,6,13,0.4626649268508334,0.4678616025838042,0.3330753353973168,1.0
Zm00001eb020410,1,0.35294117647058826,0.35294117647058826,1.0,0,,17,4,13,1.0501808800915697,1.1730651762156412,1.0,1.0
Zm00001eb020450,2,0.5277777777777778,0.5555555555555556,1.0,0,1.6428571428571428,18,9,9,0.42475995081491,0.6006533645482379,1.0,1.0
Zm00001eb020470,1,0.5217391304347826,0.5217391304347826,0.6105679217807365,0,0.3125,23,14,9,0.7367310265428414,0.9007433461220139,0.6105679217807365,1.0
Zm00001eb020600,2,0.7608695652173914,0.782608695652174,0.4528514963297572,0,1.065359477124183,23,4,19,1.4830587277771226,1.2805599875474967,0.8115963896063737,1.0
Zm00001eb020680,1,0.6086956521739131,0.6086956521739131,1.0,0,0.8333333333333334,23,16,7,0.5416996561988823,0.5636667318587317,1.0,1.0
Zm00001eb020690,2,0.6,0.6666666666666666,0.3146853146853147,0,0.5416666666666667,15,7,8,0.39878785811152695,0.47800812314862495,0.6785188553988213,1.0
Zm00001eb020710,3,0.5396825396825397,0.5714285714285714,0.5864661654135339,0,1.472222222222222,21,11,10,0.1527958167473933,0.21106378131463313,0.9829327098109983,1.0
Zm00001eb020780,1,0.8181818181818182,0.8181818181818182,0.13547505126452494,0,0.125,22,18,4,0.3036602877595016,0.3667864882013915,0.13547505126452494,1.0
Zm00001eb020790,2,0.47619047619047616,0.5714285714285714,0.6351172047766476,0,0.4375,21,6,15,1.0466996001080848,1.1649520926355488,0.9234259432790064,1.0
Zm00001eb020870,1,0.4375,0.4375,1.0,0,0.6666666666666666,16,11,5,0.3121836861303995,0.395575892420795,1.0,1.0
Zm00001eb021090,1,0.45454545454545453,0.45454545454545453,1.0,0,1.2,11,3,8,0.7343645613019046,0.8865801303853289,1.0,1.0
Zm00001eb021200,2,0.5833333333333333,0.625,0.4120339211199354,0,1.975,24,9,15,0.8882756188560655,1.0108069877866324,0.6358532503954881,1.0
Zm00001eb021230,1,0.5454545454545454,0.5454545454545454,1.0,0,1.2222222222222223,22,12,10,0.6534947288612498,0.8627756978811102,1.0,1.0
Zm00001eb021240,1,0.75,0.75,0.09090909090909091,0,9.0,24,8,16,0.3002724769545604,0.4527757728558484,0.09090909090909091,1.0
Zm00001eb021270,2,0.6,0.6,1.0,0,1.1607142857142856,15,11,4,1.1658247572422378,1.4260800717958129,1.0,1.0
Zm00001eb021320,6,0.6014492753623188,0.6956521739130435,0.2687747035573122,0,2.621153846153846,23,8,15,0.2551354278777563,0.34032302279728954,0.792037253921171,1.0
Zm00001eb021350,1,0.2727272727272727,0.2727272727272727,1.0,0,,22,19,3,0.7494177042328283,0.6029369388150381,1.0,1.0
Zm00001eb021450,2,0.5588235294117647,0.5882352941176471,0.5764705882352941,0,2.1875,17,8,9,0.7606225307515645,0.944230883491521,0.8940084348306447,1.0
Zm00001eb021510,1,0.4782608695652174,0.4782608695652174,0.5019762845849802,0,,23,9,14,0.21205481564420647,0.2647856042747947,0.5019762845849802,1.0
Zm00001eb021750,1,0.36363636363636365,0.36363636363636365,1.0,0,1.2307692307692308,22,17,5,1.1732480446233555,1.1083266647696197,1.0,1.0
Zm00001eb021830,1,0.6875,0.6875,0.5178571428571428,0,0.2222222222222222,16,10,6,0.16982544837815458,0.2309069305896845,0.5178571428571428,1.0
Zm00001eb021840,1,0.5909090909090909,0.5909090909090909,1.0,0,1.5,22,7,15,0.6568025024699645,0.7555519383417351,1.0,1.0
Zm00001eb021880,1,0.5833333333333334,0.5833333333333334,0.5757575757575759,0,0.3333333333333333,12,4,8,0.2941828181406336,0.26547918116019675,0.5757575757575759,1.0
Zm00001eb021920,1,0.3157894736842105,0.3157894736842105,1.0,0,,19,3,16,0.6669602959811162,0.6477020971567025,1.0,1.0
Zm00001eb021940,1,0.46153846153846156,0.46153846153846156,1.0,0,,13,9,4,0.30021723737629497,0.3343158452699234,1.0,1.0
Zm00001eb022280,1,0.6521739130434783,0.6521739130434783,1.0,0,1.1666666666666667,23,7,16,0.671497091799342,0.848951411705833,1.0,1.0
Zm00001eb022380,1,0.5217391304347826,0.5217391304347826,0.27189515290201793,0,,23,7,16,1.1994738321346188,1.2770273362245856,0.27189515290201793,1.0
Zm00001eb022410,2,0.7045454545454546,0.7272727272727273,1.0,0,1.6375,22,19,3,0.826516329313029,0.6870973513406224,1.0,1.0
Zm00001eb022580,1,0.36363636363636365,0.36363636363636365,1.0,0,0.8125,22,17,5,0.7663135544691776,0.9008928814725267,1.0,1.0
Zm00001eb022630,1,0.5217391304347826,0.5217391304347826,0.4861660079051383,0,,23,13,10,0.9543371621358878,1.519107856067491,0.4861660079051383,1.0
Zm00001eb022670,3,0.625,0.6875,0.3024475524475524,0,0.3010582010582011,16,10,6,0.297610357808613,0.41967803650020535,0.7161476024638174,1.0
Zm00001eb022860,1,0.6666666666666666,0.6666666666666666,0.27450980392156865,0,0.18518518518518517,18,14,4,0.6130794931988315,0.5709508820789393,0.27450980392156865,1.0
Zm00001eb022980,1,0.7333333333333333,0.7333333333333333,0.5164835164835164,0,0.4,15,12,3,1.1090091582316872,1.212897593541267,0.5164835164835164,1.0
Zm00001eb023020,2,0.625,0.6666666666666666,0.06478977417192519,0,4.583333333333333,24,7,17,0.41849688581662997,0.522396736920913,0.06412887422948668,1.0
Zm00001eb023100,1,0.5217391304347826,0.5217391304347826,1.0,0,0.5,23,11,12,0.42967719977405516,0.5157928012255057,1.0,1.0
Zm00001eb023140,1,0.4,0.4,1.0,0,0.7333333333333333,20,4,16,0.24267564066390773,0.2581742412381557,1.0,1.0
Zm00001eb023230,4,0.53125,0.5833333333333334,0.668712294570418,0,1.1010890151515151,24,15,9,1.5356940365573049,1.7902441687572148,0.9992064442861242,1.0
Zm00001eb023270,1,0.6666666666666666,0.6666666666666666,0.27206851119894604,0,5.571428571428571,24,10,14,0.05924104004781284,0.08022112332494777,0.27206851119894604,1.0
Zm00001eb023460,2,0.4117647058823529,0.47058823529411764,0.519327731092437,0,,17,4,13,1.2042893361662625,1.7549160009382738,0.8596017138692373,1.0
Zm00001eb023510,1,0.6111111111111112,0.6111111111111112,0.3137254901960784,0,4.666666666666667,18,5,13,0.5021269968583747,0.607793151039426,0.3137254901960784,1.0
Zm00001eb023520,2,0.5238095238095238,0.5238095238095238,1.0,0,1.6666666666666665,21,11,10,0.5411872689689562,0.6459792704775625,1.0,1.0
Zm00001eb023650,2,0.5625,0.75,0.128770542958186,0,7.0,24,6,18,0.4582194317535179,0.4921630028868042,0.25711979769809173,1.0
Zm00001eb023680,3,0.5362318840579711,0.5652173913043478,0.22924901185770755,0,1.0317460317460319,23,13,10,0.5175256452195983,0.6566133720593906,0.8156065780019803,1.0
Zm00001eb023810,5,0.5565217391304348,0.6521739130434783,0.05197893594716854,0,1.094642857142857,23,16,7,0.5463873894088086,0.6393874391564776,0.8224498602127719,1.0
Zm00001eb023830,1,0.55,0.55,0.6699214098594902,0,1.6666666666666667,20,12,8,0.3491912023361329,0.49882165390335764,0.6699214098594902,1.0
Zm00001eb023840,1,0.85,0.85,0.03199174406604747,1,0.047619047619047616,20,4,16,1.4685238556950733,1.3722714187872456,0.03199174406604747,1.0
Zm00001eb023870,2,0.5882352941176471,0.5882352941176471,0.5764705882352941,0,2.6666666666666665,17,8,9,0.2284258146874095,0.30790761119376847,0.6984207975279266,1.0
Zm00001eb023880,1,0.8888888888888888,0.8888888888888888,0.047619047619047616,1,,9,6,3,0.4256530133798809,0.49830774440870385,0.047619047619047616,1.0
Zm00001eb023950,1,0.6,0.6,1.0,0,0.8,20,14,6,0.47614788325697177,0.5881088701618726,1.0,1.0
Zm00001eb024020,3,0.6388888888888888,0.7083333333333334,0.24901185770750991,0,3.1587301587301586,24,8,16,0.713556549090881,1.0370277709524611,0.7278624574769548,1.0
Zm00001eb024120,1,0.5833333333333334,0.5833333333333334,0.42253331538565087,0,0.4375,24,13,11,0.3257526324373516,0.4129583290727357,0.42253331538565087,1.0
Zm00001eb024130,4,0.5555555555555556,0.6111111111111112,0.31372549019607854,0,2.738095238095238,18,10,8,0.38408888619416093,0.5365759205204442,0.8311592467381459,1.0
Zm00001eb024280,3,0.6,0.7,0.20000000000000007,0,,10,3,7,0.10440625451807442,0.14624247293107118,0.5818037612739053,1.0
Zm00001eb024300,2,0.5,0.5652173913043478,0.5392433653303218,0,1.4285714285714286,23,6,17,0.6187088079608318,0.7296079691747435,0.8722737571561314,1.0
Zm00001eb024330,1,0.2916666666666667,0.2916666666666667,1.0,0,,24,5,19,0.2081705389262264,0.19549703010274191,1.0,1.0
Zm00001eb024380,2,0.6578947368421053,0.7368421052631579,0.46783625730994155,0,2.225,19,5,14,0.2857784366688072,0.3857095977971874,0.8232219517327618,1.0
Zm00001eb024440,1,0.5652173913043478,0.5652173913043478,0.6404053612291598,0,1.875,23,11,12,0.31110135945607764,0.38228825736264366,0.6404053612291598,1.0
Zm00001eb024700,1,0.8947368421052632,0.8947368421052632,0.03508771929824561,1,,19,15,4,0.23880760010641347,0.2236469147515022,0.03508771929824561,1.0
Zm00001eb024740,2,0.5,0.625,0.6043956043956045,0,2.0,16,4,12,0.29695429207672724,0.3802917589104502,0.908724699677372,1.0
Zm00001eb024800,1,0.6842105263157895,0.6842105263157895,0.30469556243550056,0,3.75,19,12,7,0.2852178040884587,0.35091921617996813,0.30469556243550056,1.0
Zm00001eb025130,1,0.5555555555555556,0.5555555555555556,0.5955882352941175,0,0.2916666666666667,18,13,5,0.16381530529260982,0.15244961750716285,0.5955882352941175,1.0
Zm00001eb025140,1,0.6666666666666666,0.6666666666666666,0.530827067669173,0,4.0,21,18,3,0.1388863839628279,0.19622285620352373,0.530827067669173,1.0
Zm00001eb025150,1,0.2777777777777778,0.2777777777777778,1.0,0,,18,15,3,0.6188537344583495,0.5853158989732663,1.0,1.0
Zm00001eb025340,1,0.6923076923076923,0.6923076923076923,1.0,0,0.5,13,10,3,0.38285610451908825,0.7043085162304212,1.0,1.0
Zm00001eb025390,2,0.631578947368421,0.631578947368421,1.0,0,0.6,19,13,6,0.2934417667227229,0.32405156853803296,1.0,1.0
Zm00001eb025400,1,0.4,0.4,1.0,0,0.9166666666666666,20,7,13,0.8957056171586497,1.1423306098943626,1.0,1.0
Zm00001eb025470,2,0.4583333333333333,0.4583333333333333,0.5256916996047432,0,,24,16,8,0.2679241012042414,0.37806798302832584,0.6317624376880286,1.0
Zm00001eb025560,3,0.30434782608695654,0.391304347826087,1.0,0,1.3846153846153846,23,4,19,0.2624271530910759,0.20512837471337558,1.0,1.0
Zm00001eb025620,1,0.5416666666666666,0.5416666666666666,0.2588932806324111,0,,24,15,9,0.34384790462027076,0.8627589304088841,0.2588932806324111,1.0
Zm00001eb025650,1,0.5652173913043478,0.5652173913043478,0.6404053612291598,0,1.875,23,12,11,0.28858274717316507,0.37554709850038454,0.6404053612291598,1.0
Zm00001eb025720,1,0.6666666666666666,0.6666666666666666,0.5238095238095237,0,0.2222222222222222,9,5,4,1.0113857373774477,1.8204104203207883,0.5238095238095237,1.0
Zm00001eb025760,1,0.5882352941176471,0.5882352941176471,1.0,0,1.6,17,10,7,0.13557393930297992,0.2719093231424736,1.0,1.0
Zm00001eb025890,2,0.6875,0.75,0.4642857142857143,0,5.0,8,3,5,0.8285158029071196,1.178872748991691,0.820511320902774,1.0
Zm00001eb025910,2,0.5,0.5,0.266347687400319,0,0.6428571428571429,22,6,16,0.6401185492923854,0.8170384741681055,0.6187130871006374,1.0
Zm00001eb026030,1,0.5416666666666666,0.5416666666666666,1.0,0,1.2,24,13,11,0.16077875593064325,0.22983914603532352,1.0,1.0
Zm00001eb026200,2,0.6578947368421053,0.7368421052631579,0.262125902992776,0,0.34090909090909094,19,14,5,0.2895928513328055,0.2560814353170064,0.4618329478251685,1.0
Zm00001eb028160,1,0.7,0.7,1.0,0,0.6153846153846154,20,5,15,0.900519656872123,1.0269247300486668,1.0,1.0
Zm00001eb028430,2,0.725,0.75,0.5087719298245614,0,1.4743589743589745,20,17,3,0.35758023241507375,0.2446495410216294,0.8525773280279685,1.0
Zm00001eb028510,2,0.8333333333333333,0.9047619047619048,0.007518796992481203,2,0.08333333333333333,21,5,16,0.1967327697754067,0.24143870234273065,0.003190225779671139,1.0
Zm00001eb028710,1,0.75,0.75,0.10144927536231883,0,,24,8,16,0.10671715079348398,0.1339826678797758,0.10144927536231883,1.0
Zm00001eb028720,1,0.8181818181818182,0.8181818181818182,0.0606060606060606,0,,11,7,4,0.4849388642070245,0.5270293857958511,0.0606060606060606,1.0
Zm00001eb028780,1,0.42857142857142855,0.42857142857142855,1.0,0,1.6363636363636365,21,7,14,0.6712030294567141,1.01803023350768,1.0,1.0
Zm00001eb028860,1,0.5,0.5,1.0,0,0.5,14,9,5,0.5546278122513509,0.559316098939169,1.0,1.0
Zm00001eb028940,2,0.6923076923076923,0.7692307692307693,0.21678321678321677,0,0.17261904761904762,13,8,5,0.16359899871998365,0.21520131684337185,0.3796148875093417,1.0
Zm00001eb029010,1,0.45454545454545453,0.45454545454545453,1.0,0,,11,3,8,0.06231589596117231,0.06895796511380865,1.0,1.0
Zm00001eb029020,1,0.7692307692307693,0.7692307692307693,0.10256410256410256,0,0.08,13,7,6,1.365495293978744,1.7902470008940659,0.10256410256410256,1.0
Zm00001eb029300,3,0.5151515151515151,0.5909090909090909,0.33303847854931445,0,0.8272727272727273,22,9,13,0.4279198874825566,0.5439223175763717,0.7290898146812956,1.0
Zm00001eb029330,1,0.5,0.5,0.266347687400319,0,,22,5,17,0.21792024140669497,0.27762041192642717,0.266347687400319,1.0
Zm00001eb029380,1,0.6363636363636364,0.6363636363636364,0.3476337903582486,0,3.3333333333333335,22,6,16,0.39694083852210194,0.40719599663515305,0.3476337903582486,1.0
Zm00001eb029490,1,0.7142857142857143,0.7142857142857143,0.4285714285714286,0,,7,4,3,1.3393484212313835,2.3276053305562754,0.4285714285714286,1.0
Zm00001eb029970,1,0.6521739130434783,0.6521739130434783,1.0,0,1.1666666666666667,23,7,16,0.2220355112384538,0.26163369143552545,1.0,1.0
Zm00001eb029990,2,0.5434782608695652,0.5652173913043478,0.6801722977520526,0,0.8690476190476191,23,11,12,0.5476418493896825,0.7362285337142944,0.9423169139041678,1.0
Zm00001eb030050,1,0.7916666666666666,0.7916666666666666,0.43675889328063244,0,3.0,24,20,4,0.2939449607771237,0.24855314522408636,0.43675889328063244,1.0
Zm00001eb030110,2,0.6521739130434783,0.6521739130434783,0.5375494071146245,0,2.4404761904761907,23,3,20,1.0011169232378594,0.8511693405246658,0.87122492492822,1.0
Zm00001eb030190,4,0.59375,0.6666666666666666,0.6310935441370225,0,1.819047619047619,24,16,8,0.7841607782810609,0.948864486998202,0.9867238672482275,1.0
Zm00001eb030210,5,0.5619047619047619,0.6666666666666666,0.09022556390977444,0,0.8010912698412699,21,11,10,0.43495897819598917,0.6659309775832605,0.8467345937473951,1.0
Zm00001eb030250,1,0.7083333333333334,0.7083333333333334,0.037267080745341616,1,,24,19,5,0.327656237073518,0.31031314220954764,0.037267080745341616,1.0
Zm00001eb030400,2,0.71875,0.75,0.45000000000000007,0,2.1333333333333333,16,12,4,1.509863260239174,2.7883068655179755,0.8093284632979972,1.0
Zm00001eb030410,2,0.5625,0.8333333333333334,0.3115942028985507,0,6.333333333333333,24,20,4,0.5568038307433344,0.5611392390506664,0.674929735412584,1.0
Zm00001eb030570,1,0.42105263157894735,0.42105263157894735,1.0,0,,19,6,13,0.06384863972323537,0.07865895090548014,1.0,1.0
Zm00001eb030680,1,0.625,0.625,1.0,0,0.5555555555555556,16,6,10,0.16014024075228706,0.2130722188764845,1.0,1.0
Zm00001eb030710,1,0.6666666666666666,0.6666666666666666,0.28205128205128205,0,0.16666666666666666,15,10,5,0.39166135861902757,0.4103439383747536,0.28205128205128205,1.0
Zm00001eb030870,2,0.6176470588235294,0.7058823529411765,0.15441176470588236,0,0.3888888888888889,17,7,10,0.40382213583879967,0.49717458318846897,0.3141298250933275,1.0
Zm00001eb030990,1,0.6956521739130435,0.6956521739130435,1.0,0,1.5,23,6,17,0.5303924753428493,0.5396183784029228,1.0,1.0
Zm00001eb031170,1,0.5833333333333334,0.5833333333333334,1.0,0,1.6666666666666667,12,7,5,0.4068171603822914,0.4904875605688258,1.0,1.0
Zm00001eb031190,3,0.5555555555555556,0.6111111111111112,0.5955882352941175,0,0.8861111111111111,18,7,11,1.0920045295134986,1.5016040127920378,0.9841942646639207,1.0
Zm00001eb031210,1,0.4375,0.4375,0.5285714285714286,0,,16,12,4,0.2892433453731573,0.30413611439799876,0.5285714285714286,1.0
Zm00001eb031280,1,0.5714285714285714,0.5714285714285714,1.0,0,1.5,7,4,3,0.3542681956616453,0.46622492711174285,1.0,1.0
Zm00001eb031410,1,0.6111111111111112,0.6111111111111112,0.11928104575163397,0,,18,11,7,0.768886042509167,1.1629733991658695,0.11928104575163397,1.0
Zm00001eb031510,2,0.7272727272727273,0.7272727272727273,0.49090909090909096,0,0.22619047619047616,11,3,8,0.5157401582459108,0.46055342126141907,0.5839212011354153,1.0
Zm00001eb031520,2,0.4642857142857143,0.5,1.0,0,1.6428571428571428,14,4,10,0.20886299037550324,0.22838247680367765,1.0,1.0
Zm00001eb031580,4,0.5875,0.6,0.6479161705167898,0,0.5931818181818181,20,12,8,0.7121155566165622,0.8400114600977604,0.9895300905733929,1.0
Zm00001eb031640,2,0.8043478260869565,0.8260869565217391,0.04817379416921751,1,8.125,23,18,5,0.1772111100944582,0.15540539726100702,0.0944655619279321,1.0
Zm00001eb031660,1,0.8,0.8,0.4035087719298246,0,0.26666666666666666,20,3,17,0.4835202632729006,0.40557494028109253,0.4035087719298246,1.0
Zm00001eb031670,2,0.5652173913043479,0.6521739130434783,0.3712029434199309,0,1.4545454545454546,23,8,15,0.6505361641402232,0.7996755169068288,0.568994687740688,1.0
Zm00001eb031690,1,0.7391304347826086,0.7391304347826086,0.5392433653303218,0,0.5,23,5,18,0.15210585465099638,0.1458240390478213,0.5392433653303218,1.0
Zm00001eb031700,4,0.5340909090909091,0.6818181818181818,0.18699690402476785,0,0.9587012987012987,22,13,9,0.703270537738388,0.8391519871804841,0.9102701625945986,1.0
Zm00001eb031880,2,0.6333333333333333,0.6666666666666666,0.2,0,2.2222222222222223,15,7,8,0.3505497873655121,0.4604027524708609,0.38254172426857647,1.0
Zm00001eb031980,1,0.5909090909090909,0.5909090909090909,0.6619195046439628,0,0.5555555555555556,22,13,9,0.20619982686824467,0.2656115945769866,0.6619195046439628,1.0
Zm00001eb032000,1,0.4782608695652174,0.4782608695652174,0.525691699604743,0,,23,15,8,0.39107166828154977,0.466840256698693,0.525691699604743,1.0
Zm00001eb032060,5,0.6571428571428571,0.8571428571428571,0.04095904095904096,1,2.962962962962963,14,10,4,0.13830991618214672,0.18777852112359122,0.3442059353891647,1.0
Zm00001eb032110,1,0.34782608695652173,0.34782608695652173,1.0,0,,23,19,4,0.5070151548459413,0.4820690022990531,1.0,1.0
Zm00001eb032160,3,0.6515151515151515,0.6818181818181818,0.5272727272727273,0,0.4102564102564103,22,8,14,0.27100846660118455,0.30557396312141477,0.7689688361579239,1.0
Zm00001eb032230,3,0.6086956521739131,0.8260869565217391,0.32411067193675885,0,1.1531986531986531,23,19,4,0.24646490494771378,0.3343861740510929,0.8949872685887061,1.0
Zm00001eb032290,1,0.6470588235294118,0.6470588235294118,0.5927601809954751,0,0.3333333333333333,17,10,7,0.2524225739731139,0.3394722203724191,0.5927601809954751,1.0
Zm00001eb032320,1,0.75,0.75,0.4285714285714286,0,,8,4,4,0.7670085733297443,0.8298640638138483,0.4285714285714286,1.0
Zm00001eb032330,3,0.5740740740740741,0.6111111111111112,0.3665158371040725,0,0.9682539682539684,18,10,8,0.5643295194846535,0.6729901311966634,0.9190142674269813,1.0
Zm00001eb032340,3,0.6470588235294118,0.8235294117647058,0.052521008403361345,0,0.2202020202020202,17,5,12,0.24740173199301085,0.29768642532422424,0.16898272205316622,1.0
Zm00001eb032380,1,0.47619047619047616,0.47619047619047616,1.0,0,0.75,21,15,6,0.6768820146616875,1.1233688317297437,1.0,1.0
Zm00001eb032470,1,0.5384615384615384,0.5384615384615384,1.0,0,0.4166666666666667,13,5,8,0.8479477749411246,0.9603144028054474,1.0,1.0
Zm00001eb032500,3,0.5797101449275363,0.6521739130434783,0.15495259888852567,0,2.9470899470899474,23,11,12,0.9507596613950896,1.095209615269928,0.6093272196943287,1.0
Zm00001eb032650,6,0.6666666666666666,0.7142857142857143,0.4285714285714286,0,2.4444444444444446,7,3,4,2.5186822895713097,2.620492659792372,0.8871634520919419,1.0
Zm00001eb032750,3,0.5714285714285714,0.5714285714285714,1.0,0,0.9431818181818183,21,12,9,0.20544977186148988,0.24399976278620508,1.0,1.0
Zm00001eb032760,1,0.5333333333333333,0.5333333333333333,1.0,0,1.2,15,11,4,0.19927619063625468,0.2864533439571937,1.0,1.0
Zm00001eb032780,4,0.6071428571428571,0.6666666666666666,0.09022556390977443,0,1.15625,21,10,11,0.5487349958856091,0.7287455073222617,0.29990563705945794,1.0
Zm00001eb032800,1,0.7692307692307693,0.7692307692307693,0.423076923076923,0,4.5,13,10,3,0.142970545577142,0.15230736658705718,0.423076923076923,1.0
Zm00001eb032820,4,0.5,0.6666666666666666,0.5604395604395603,0,0.6381944444444444,15,11,4,0.19906934781091326,0.24200604125058275,0.9755266094383725,1.0
Zm00001eb032860,1,0.4090909090909091,0.4090909090909091,0.5324675324675324,0,,22,19,3,0.9896294944175839,0.8819385697393246,0.5324675324675324,1.0
Zm00001eb032870,1,0.5,0.5,1.0,0,1.0,6,3,3,0.48341072107484767,0.6137034199885268,1.0,1.0
Zm00001eb032940,1,0.5416666666666666,0.5416666666666666,1.0,0,0.8333333333333334,24,15,9,0.23947960954769862,0.30718040213238335,1.0,1.0
Zm00001eb033000,1,0.4782608695652174,0.4782608695652174,0.6213854795090492,0,2.5454545454545454,23,18,5,0.22181606938383633,0.23625581992180067,0.6213854795090492,1.0
Zm00001eb033030,5,0.5666666666666667,0.6666666666666666,0.18192219679633867,0,0.924987012987013,24,11,13,0.230439861006655,0.29414388137245867,0.8710370905808053,1.0
Zm00001eb033040,4,0.5434782608695652,0.6086956521739131,0.6570197873199621,0,1.1006944444444444,23,14,9,0.5937436942715615,0.6903264690266944,0.9990708939298444,1.0
Zm00001eb033050,2,0.7708333333333333,0.7916666666666666,0.02766798418972332,1,,24,8,16,1.103548141240135,1.1167619386328338,0.01929931311597029,1.0
Zm00001eb033060,1,0.4166666666666667,0.4166666666666667,1.0,0,0.5416666666666666,24,7,17,0.3035042370052207,0.3156494787364696,1.0,1.0
Zm00001eb033080,1,0.5833333333333334,0.5833333333333334,1.0,0,1.4444444444444444,24,14,10,0.3405267784155948,0.4102326184702733,1.0,1.0
Zm00001eb033130,2,0.5789473684210527,0.631578947368421,0.6026831785345718,0,1.8,19,5,14,0.5199981016929547,0.6074199815603744,0.9078600199922837,1.0
Zm00001eb033220,1,0.625,0.625,1.0,0,0.5714285714285714,24,9,15,0.5958419954151913,0.9155096724901234,1.0,1.0
Zm00001eb033480,2,0.6111111111111112,0.6111111111111112,0.6199095022624435,0,0.35714285714285715,18,12,6,0.2322897122753467,0.26313743447099214,0.7518066275431963,1.0
Zm00001eb033540,2,0.6190476190476191,0.6666666666666666,1.0,0,0.8115384615384615,21,4,17,0.963295813411424,1.1665041474639544,1.0,1.0
Zm00001eb033550,2,0.5714285714285714,0.6190476190476191,0.3614551083591332,0,1.9375,21,6,15,0.5854725396386,0.9770843657908247,0.7292781255855995,1.0
Zm00001eb033570,1,0.55,0.55,1.0,0,1.0,20,15,5,0.4909268352475967,0.4943674161109895,1.0,1.0
Zm00001eb033640,1,0.45454545454545453,0.45454545454545453,1.0,0,1.4545454545454546,22,9,13,0.27062156626042094,0.4463194859536102,1.0,1.0
Zm00001eb033650,3,0.5797101449275363,0.6521739130434783,0.5375494071146244,0,1.3564102564102563,23,9,14,0.4213374776608695,0.6323945615133795,0.8089699533863574,1.0
Zm00001eb033760,1,0.6086956521739131,0.6086956521739131,0.17902463669054058,0,0.17777777777777778,23,10,13,0.8622146086008295,1.1040607433343024,0.17902463669054058,1.0
Zm00001eb033910,1,0.5454545454545454,0.5454545454545454,0.4909090909090909,0,,11,7,4,0.7269178573421254,0.8441439929801899,0.4909090909090909,1.0
Zm00001eb034050,1,0.6190476190476191,0.6190476190476191,0.3665634674922601,0,3.5,21,12,9,0.8956467824376843,1.2592926483766034,0.3665634674922601,1.0
Zm00001eb034100,3,0.7333333333333334,0.8,0.14035087719298245,0,3.531746031746032,20,17,3,0.5213975368484978,0.5198653124738633,0.5085926563394945,1.0
Zm00001eb034740,1,0.7058823529411765,0.7058823529411765,0.25,0,6.75,17,10,7,0.06992855793190175,0.09303462559491915,0.25,1.0
Zm00001eb034760,5,0.5913043478260869,0.6521739130434783,0.09316770186335403,0,2.6061507936507935,23,11,12,0.16855033943284584,0.2187119196079644,0.4110665140146404,1.0
Zm00001eb034940,3,0.4393939393939394,0.5,0.5406698564593302,0,0.7435897435897435,22,6,16,0.6374149382245231,0.8445568893075217,0.9004664486936049,1.0
Zm00001eb034980,3,0.5166666666666667,0.65,0.6126160990712074,0,1.25,20,6,14,0.4014700678427703,0.5315342009623019,0.9863578899858907,1.0
Zm00001eb034990,4,0.4625,0.5,0.2674922600619195,0,0.36,20,14,6,0.46114180378562,0.4573134060275887,0.765967288435376,1.0
Zm00001eb035010,1,0.5833333333333334,0.5833333333333334,0.18931949730172912,0,5.444444444444445,24,16,8,0.5970053783630725,0.9849291939274594,0.18931949730172912,1.0
Zm00001eb035020,2,0.6818181818181819,0.7272727272727273,0.18181818181818182,0,3.0,11,5,6,0.49906984424081813,0.6971334555722775,0.3373694378766136,1.0
Zm00001eb035190,2,0.53125,0.625,0.6066433566433567,0,0.6142857142857143,16,6,10,0.8109903861617237,0.9275039939190575,0.9098523275650869,1.0
Zm00001eb035200,2,0.6111111111111112,0.6666666666666666,0.5238095238095237,0,2.375,9,5,4,0.5010942554407413,0.5974880649661273,0.8625189911512179,1.0
Zm00001eb035230,1,0.5454545454545454,0.5454545454545454,0.646174259177355,0,0.5,22,12,10,0.20138083989442135,0.253942179468669,0.646174259177355,1.0
Zm00001eb035350,1,0.6363636363636364,0.6363636363636364,0.23636363636363636,0,,11,7,4,0.30019430694070054,0.3571639691350282,0.23636363636363636,1.0
Zm00001eb035390,2,0.5526315789473684,0.5789473684210527,0.5820433436532507,0,0.6319444444444444,19,10,9,0.38198564985279976,0.6643076796589155,0.8970512314360031,1.0
Zm00001eb035420,1,0.4375,0.4375,1.0,0,,16,11,5,0.13521951504323193,0.14718160098759708,1.0,1.0
Zm00001eb035650,2,0.34782608695652173,0.391304347826087,1.0,0,0.65,23,5,18,0.7719084093594119,0.734774817500927,1.0,1.0
Zm00001eb035720,1,0.3,0.3,1.0,0,,20,4,16,1.005431333431752,1.0198688564923675,1.0,1.0
Zm00001eb035730,1,0.7619047619047619,0.7619047619047619,0.48872180451127817,0,0.4,21,3,18,0.22724849432717234,0.2554839591022468,0.48872180451127817,1.0
Zm00001eb035740,1,0.6,0.6,0.40585853774708275,0,0.4166666666666667,20,9,11,0.2530872066571102,0.4107138302787273,0.40585853774708275,1.0
Zm00001eb035750,1,0.3181818181818182,0.3181818181818182,1.0,0,,22,19,3,0.39437544709754385,0.2778844564059541,1.0,1.0
Zm00001eb035800,1,0.7222222222222222,0.7222222222222222,0.5326797385620915,0,0.2727272727272727,18,14,4,0.4932939934272518,0.42646197834038585,0.5326797385620915,1.0
Zm00001eb035860,2,0.5208333333333333,0.5416666666666666,1.0,0,1.25,24,12,12,0.3924079437443901,0.6145167060668475,1.0,1.0
Zm00001eb035870,3,0.6222222222222222,0.8666666666666667,0.08131868131868132,0,0.737012987012987,15,12,3,1.6700061323638071,1.6866725441041268,0.3816601009841573,1.0
Zm00001eb036300,1,0.5714285714285714,0.5714285714285714,1.0,0,1.0,21,15,6,0.8153801791644071,0.94850891084477,1.0,1.0
Zm00001eb036320,2,0.6666666666666667,0.7222222222222222,0.2682072829131653,0,0.2,18,12,6,0.40812180748120114,0.4978107770560462,0.2936681885188313,1.0
Zm00001eb036470,1,0.8571428571428571,0.8571428571428571,0.015037593984962407,1,,21,18,3,1.2188661230953266,1.3047636567360488,0.015037593984962407,1.0
Zm00001eb036550,4,0.5416666666666667,0.7083333333333334,0.27206851119894593,0,1.59375,24,17,7,1.1983215733410237,1.2055884615066648,0.6626342079366402,1.0
Zm00001eb036720,2,0.6190476190476191,0.6190476190476191,1.0,0,0.6818181818181818,21,16,5,0.594788527497127,0.6890825696981174,1.0,1.0
Zm00001eb036750,1,0.75,0.75,0.12192982456140351,0,0.13636363636363635,20,14,6,0.24668902886068794,0.25318547613918596,0.12192982456140351,1.0
Zm00001eb036760,1,0.631578947368421,0.631578947368421,0.6026831785345717,0,0.5,19,15,4,0.36762978446923206,0.2976800897430856,0.6026831785345717,1.0
Zm00001eb036840,1,0.75,0.75,0.5087719298245614,0,2.3333333333333335,20,3,17,0.4042384848314583,0.412018642234382,0.5087719298245614,1.0
Zm00001eb036910,1,0.5652173913043478,0.5652173913043478,0.22924901185770752,0,,23,10,13,0.36849732768021004,0.45728047526579607,0.22924901185770752,1.0
Zm00001eb036920,1,0.6666666666666666,0.6666666666666666,0.6080368906455863,0,0.5357142857142857,24,19,5,0.30352237969305623,0.3092582361475027,0.6080368906455863,1.0
Zm00001eb036930,1,0.5833333333333334,0.5833333333333334,1.0,0,0.6666666666666666,24,10,14,0.7790471372614515,1.0302238525514484,1.0,1.0
Zm00001eb036940,6,0.5694444444444444,0.7916666666666666,0.011088302597927042,1,0.8548260381593714,24,10,14,0.489070633066045,0.6048878114384905,0.18480927288532803,1.0
Zm00001eb036950,1,0.6666666666666666,0.6666666666666666,0.5783926218708827,0,2.3333333333333335,24,4,20,0.29093046924270566,0.27721108388857457,0.5783926218708827,1.0
Zm00001eb036970,3,0.6388888888888888,0.6666666666666666,0.4120339211199354,0,0.47955747955747957,24,16,8,0.37717513410387976,0.4910098832560086,0.7117751094065063,1.0
Zm00001eb037020,1,0.5454545454545454,0.5454545454545454,1.0,0,1.3333333333333333,11,6,5,0.6334769457040128,0.8470972313402636,1.0,1.0
Zm00001eb037030,2,0.5,0.5263157894736842,1.0,0,1.4722222222222223,19,8,11,0.19420088776020386,0.23419095501976805,1.0,1.0
Zm00001eb037040,1,0.75,0.75,0.2363636363636364,0,0.14285714285714285,12,8,4,0.8823339502330135,1.0907821017546027,0.2363636363636364,1.0
Zm00001eb037200,1,0.42105263157894735,0.42105263157894735,1.0,0,1.2,19,16,3,0.661503708246406,0.6123926074566786,1.0,1.0
Zm00001eb037230,2,0.5476190476190477,0.7142857142857143,1.0,0,0.9523809523809523,21,5,16,0.31186878342241037,0.33016238092866534,1.0,1.0
Zm00001eb037310,2,0.6136363636363635,0.6818181818181818,0.3088782562466773,0,2.34,22,8,14,0.2997910058530485,0.3264599448981877,0.6717509250892812,1.0
Zm00001eb037330,2,0.5882352941176471,0.5882352941176471,0.5764705882352941,0,2.6666666666666665,17,9,8,0.18542318672114672,0.22531261337515668,0.6984207975279266,1.0
Zm00001eb037360,1,0.7058823529411765,0.7058823529411765,0.13122171945701358,0,8.0,17,9,8,0.697945253984713,0.9447063539094169,0.13122171945701358,1.0
Zm00001eb037460,1,0.35294117647058826,0.35294117647058826,1.0,0,,17,13,4,0.2985848059209446,0.34894632427995764,1.0,1.0
Zm00001eb037480,3,0.5277777777777778,0.5833333333333334,1.0,0,0.9814814814814815,24,10,14,0.17221475185459167,0.2186302475409705,1.0,1.0
Zm00001eb037500,5,0.6900000000000001,0.8,0.07894736842105264,0,3.05,20,6,14,0.3297590533709618,0.3310357704271855,0.2704644710497196,1.0
Zm00001eb037570,4,0.631578947368421,0.7368421052631579,0.07394617766134794,0,2.8826388888888888,19,11,8,0.3566421650191831,0.4611456859478944,0.2243220155052647,1.0
Zm00001eb037600,4,0.5178571428571428,0.7142857142857143,0.5054945054945055,0,2.1904761904761902,14,4,10,0.7177714232558482,0.8569401701139985,0.95330869616372,1.0
Zm00001eb037960,1,0.6470588235294118,0.6470588235294118,0.3469354175236528,0,3.3333333333333335,17,9,8,0.8183153120536177,0.9817706140026969,0.3469354175236528,1.0
Zm00001eb038180,1,0.625,0.625,1.0,0,3.0,8,3,5,0.7411034343047941,0.9186296474682957,1.0,1.0
Zm00001eb038210,2,0.6190476190476191,0.7142857142857143,0.14617425917735513,0,0.8051948051948052,21,13,8,0.8223091749357495,1.106107809509237,0.4272609005714061,1.0
Zm00001eb038220,3,0.5652173913043478,0.6956521739130435,0.1422924901185771,0,1.3293650793650793,23,14,9,0.6207402448827591,0.7017153201196982,0.5775891770534889,1.0
Zm00001eb038270,1,0.7142857142857143,0.7142857142857143,0.4285714285714286,0,,7,4,3,0.9536714962863366,1.1630714772261328,0.4285714285714286,1.0
Zm00001eb038400,1,0.7391304347826086,0.7391304347826086,0.0657129920826246,0,7.5,23,16,7,0.25193614327214464,0.3035895299106164,0.0657129920826246,1.0
Zm00001eb038510,1,0.6111111111111112,0.6111111111111112,0.6078431372549021,0,0.4166666666666667,18,10,8,0.15647785214861998,0.18340222922011112,0.6078431372549021,1.0
Zm00001eb038640,1,0.625,0.625,1.0,0,0.5714285714285714,24,15,9,0.5195401832610496,0.6151932369546678,1.0,1.0
Zm00001eb038710,1,0.4583333333333333,0.4583333333333333,1.0,0,0.7333333333333333,24,17,7,0.1553193778788672,0.1787782661347204,1.0,1.0
Zm00001eb039000,3,0.5370370370370371,0.5555555555555556,1.0,0,0.7371428571428571,18,9,9,0.19899764181602853,0.24709899891594864,1.0,1.0
Zm00001eb039020,2,0.5625,0.625,0.550395256916996,0,1.3811188811188813,24,10,14,0.692865590674539,0.8312773060837597,0.7049423250113684,1.0
Zm00001eb039370,1,0.5238095238095238,0.5238095238095238,1.0,0,1.12,21,9,12,0.0985852949466983,0.12212205250748391,1.0,1.0
Zm00001eb039380,5,0.5391304347826087,0.5652173913043478,0.2569169960474308,0,0.6583333333333333,23,19,4,0.5662975412104506,0.6446378935573785,0.6846424633118697,1.0
Zm00001eb039400,2,0.5625,0.6875,1.0,0,0.5333333333333333,16,5,11,0.4677139117769104,0.4337116043705228,1.0,1.0
Zm00001eb039550,1,0.5833333333333334,0.5833333333333334,0.6404053612291598,0,2.5,24,6,18,0.25581136590305087,0.30974609283991705,0.6404053612291598,1.0
Zm00001eb039610,2,0.5952380952380952,0.6666666666666666,0.2030959752321982,0,0.8476190476190476,21,13,8,0.3206264187905833,0.47026847167774144,0.5268465224429829,1.0
Zm00001eb039620,1,0.5238095238095238,0.5238095238095238,1.0,0,1.125,21,11,10,0.10587461602573085,0.12807706522862197,1.0,1.0
Zm00001eb039740,2,0.5909090909090908,0.6363636363636364,0.49090909090909096,0,3.3333333333333335,11,3,8,0.4373951176535313,0.35253301860865893,0.6205890973443804,1.0
Zm00001eb039970,1,0.5555555555555556,0.5555555555555556,1.0,0,1.3333333333333333,9,5,4,0.9306745714110759,1.1805364315461364,1.0,1.0
Zm00001eb039980,2,0.5625,0.6875,0.5285714285714285,0,0.6,16,3,13,0.19375380361431122,0.33329930710286026,0.8655765883998567,1.0
Zm00001eb040000,2,0.6,0.75,0.11052631578947368,0,,20,13,7,0.6840782046959815,0.8038635294539609,0.22197534004394723,1.0
Zm00001eb040040,1,0.4782608695652174,0.4782608695652174,0.5019762845849802,0,,23,9,14,0.29019987750177045,0.32945666652277417,0.5019762845849802,1.0
Zm00001eb040100,1,0.5789473684210527,0.5789473684210527,1.0,0,0.6666666666666666,19,12,7,0.8929835778438332,1.1415585730145565,1.0,1.0
Zm00001eb040130,5,0.6,0.7727272727272727,0.023735810113519093,1,4.91875,22,11,11,0.6899166335562545,0.9670187488508245,0.33442069246504275,1.0
Zm00001eb040140,1,0.75,0.75,0.44736842105263164,0,3.5,20,15,5,0.9225005630069477,0.8417593414414721,0.44736842105263164,1.0
Zm00001eb040190,1,0.5,0.5,1.0,0,1.8181818181818181,24,3,21,0.6528418240072557,0.8856682184193206,1.0,1.0
Zm00001eb040280,1,0.6956521739130435,0.6956521739130435,0.525691699604743,0,2.5,23,7,16,1.1543567376068398,2.295552975777592,0.525691699604743,1.0
Zm00001eb040350,1,0.4666666666666667,0.4666666666666667,1.0,0,0.5833333333333334,15,4,11,1.0681288837018457,1.2103270062020643,1.0,1.0
Zm00001eb040380,2,0.53125,0.5625,0.5846153846153845,0,2.357142857142857,16,9,7,0.5475034875897584,0.6863050078587467,0.8984375720989469,1.0
Zm00001eb040400,2,0.5555555555555556,0.5555555555555556,0.4771241830065359,0,1.2857142857142858,18,8,10,0.13505086962413468,0.15715421070778543,0.8301858108353937,1.0
Zm00001eb040450,3,0.5416666666666666,0.75,0.44565217391304346,0,1.817857142857143,24,18,6,0.9285460503944817,0.9207844850466379,0.9513887221718182,1.0
Zm00001eb040460,1,0.5416666666666666,0.5416666666666666,0.6784560506124646,0,1.75,24,9,15,0.8452148773012045,1.1258541939868203,0.6784560506124646,1.0
Zm00001eb040470,1,0.6153846153846154,0.6153846153846154,1.0,0,1.1666666666666667,13,9,4,0.9624087427771904,1.0327432336582305,1.0,1.0
Zm00001eb040700,1,0.6363636363636364,0.6363636363636364,0.37616099071207426,0,0.375,22,9,13,0.4159881595942947,0.4825710481897321,0.37616099071207426,1.0
Zm00001eb041040,3,0.5490196078431372,0.5882352941176471,0.6029411764705882,0,0.6951058201058201,17,10,7,1.3760651192992785,1.535990271465966,0.9292693764861967,1.0
Zm00001eb041100,2,0.717391304347826,0.7391304347826086,0.29067728610062704,0,0.775,23,5,18,0.6469817418549678,0.6349472941119905,0.6498211680606418,1.0
Zm00001eb041120,1,0.5833333333333334,0.5833333333333334,1.0,0,1.32,24,8,16,0.2081669528471948,0.24779171335613903,1.0,1.0
Zm00001eb041150,1,0.9285714285714286,0.9285714285714286,0.03296703296703297,1,,14,11,3,0.15494317502633106,0.17783576189600148,0.03296703296703297,1.0
Zm00001eb041160,1,0.5714285714285714,0.5714285714285714,0.3383458646616541,0,0.25,21,16,5,0.3480097293094725,0.30383219393139665,0.3383458646616541,1.0
Zm00001eb041230,2,0.5,0.5294117647058824,1.0,0,1.1,17,6,11,0.29322277541753894,0.407537923607077,1.0,1.0
Zm00001eb041360,5,0.5809523809523809,0.6666666666666666,0.3310482087571871,0,1.3107142857142857,21,9,12,0.4250740022647806,0.48902439674722664,0.9474294579922731,1.0
Zm00001eb041370,2,0.6000000000000001,0.8,0.3684210526315789,0,0.2,20,4,16,0.18423206617463486,0.18618495299526686,0.5188013296782561,1.0
Zm00001eb041390,6,0.5396825396825397,0.6190476190476191,0.3948559180757323,0,0.7912698412698415,21,11,10,0.9803642933814719,1.3834913078829385,0.9995940005190577,1.0
Zm00001eb041710,1,0.6428571428571429,0.6428571428571429,0.5594405594405594,0,4.5,14,7,7,1.1329067066368652,1.3222825412225634,0.5594405594405594,1.0
Zm00001eb041770,1,0.5238095238095238,0.5238095238095238,1.0,0,1.5,21,10,11,0.7038276460421363,0.8654456227814719,1.0,1.0
Zm00001eb041780,2,0.5277777777777778,0.6111111111111112,1.0,0,0.875,18,15,3,0.14562876511470801,0.14918553712583638,1.0,1.0
Zm00001eb041800,1,0.5454545454545454,0.5454545454545454,0.13476874003189793,0,,22,7,15,0.7105044990905994,0.7863199889255068,0.13476874003189793,1.0
Zm00001eb041840,4,0.5921052631578947,0.7368421052631579,0.46783625730994155,0,0.4914529914529915,19,14,5,0.37213673180749834,0.42991148453279426,0.964104190152176,1.0
Zm00001eb041850,1,0.5,0.5,1.0,0,0.5555555555555556,22,12,10,0.22282835785892396,0.262256042803696,1.0,1.0
Zm00001eb041880,1,0.7222222222222222,0.7222222222222222,0.13122171945701355,0,10.0,18,6,12,1.0339770531833683,1.0898679038022185,0.13122171945701355,1.0
Zm00001eb041910,1,0.34782608695652173,0.34782608695652173,1.0,0,1.1428571428571428,23,5,18,0.42543134875774946,0.43016718063341103,1.0,1.0
Zm00001eb041970,1,0.631578947368421,0.631578947368421,0.35206795268714774,0,0.2777777777777778,19,8,11,0.9006093656561144,1.0812286714458779,0.35206795268714774,1.0
Zm00001eb042020,1,0.6190476190476191,0.6190476190476191,1.0,0,1.7142857142857142,21,8,13,0.37304240375573194,0.4694152199800856,1.0,1.0
Zm00001eb042030,1,0.7777777777777778,0.7777777777777778,0.19705882352941176,0,0.16666666666666666,18,4,14,0.8336248425522206,0.9989956205476619,0.19705882352941176,1.0
Zm00001eb042080,3,0.5079365079365079,0.5238095238095238,0.48571428571428565,0,1.0,21,12,9,0.12156358862758962,0.1597096788246577,0.8227007907323196,1.0
Zm00001eb042110,1,0.6521739130434783,0.6521739130434783,0.21375689864046307,0,3.6,23,11,12,0.2706938164402015,0.3385343373548305,0.21375689864046307,1.0
Zm00001eb042120,1,0.6363636363636364,0.6363636363636364,1.0,0,1.0833333333333333,22,15,7,0.1632652640487623,0.20081169239351915,1.0,1.0
Zm00001eb042150,1,0.6956521739130435,0.6956521739130435,0.08937945887737245,0,0.15873015873015872,23,14,9,0.2854289022971678,0.364426158296678,0.08937945887737245,1.0
Zm00001eb042220,1,0.7391304347826086,0.7391304347826086,0.5392433653303218,0,0.5,23,5,18,0.6069972784764405,0.59244608752232,0.5392433653303218,1.0
Zm00001eb042420,1,0.7,0.7,0.4444444444444445,0,,10,5,5,0.21261645137078,0.37230076848545945,0.4444444444444445,1.0
Zm00001eb042480,2,0.7,0.8,0.08891108891108891,0,0.3169642857142857,15,9,6,0.32892597902562604,0.6288543892271007,0.3040864520008932,1.0
Zm00001eb042520,2,0.6785714285714286,0.7142857142857143,0.5384615384615385,0,1.9722222222222223,14,3,11,0.1631338720110315,0.16798609435564682,0.8717903429879665,1.0
Zm00001eb042650,1,0.6153846153846154,0.6153846153846154,0.4615384615384615,0,,13,7,6,1.372717683893458,1.736506895618354,0.4615384615384615,1.0
Zm00001eb042710,2,0.6,0.6,0.5820433436532508,0,2.058201058201058,20,10,10,0.19723510594637483,0.4693071725679227,0.7054709424554986,1.0
Zm00001eb042740,1,0.6666666666666666,0.6666666666666666,0.2929292929292929,0,0.1875,12,5,7,0.8797959010482296,1.0941744364640789,0.2929292929292929,1.0
Zm00001eb042920,1,0.5789473684210527,0.5789473684210527,1.0,0,0.7,19,11,8,0.2089923760910571,0.26454295639691,1.0,1.0
Zm00001eb042980,1,0.7222222222222222,0.7222222222222222,0.1414027149321267,0,0.16666666666666666,18,7,11,0.2540496662344023,0.3417634023717053,0.1414027149321267,1.0
Zm00001eb043070,1,0.5714285714285714,0.5714285714285714,1.0,0,1.375,21,9,12,0.16767751082142762,0.23017004833246768,1.0,1.0
Zm00001eb043090,1,0.6666666666666666,0.6666666666666666,1.0,0,0.46153846153846156,21,14,7,0.6486088971760369,0.7114197407862283,1.0,1.0
Zm00001eb043170,1,0.65,0.65,1.0,0,0.5,20,13,7,0.7726637093515081,0.9408925485526247,1.0,1.0
Zm00001eb043310,1,0.8,0.8,0.3684210526315789,0,5.0,20,16,4,0.7229521549301761,0.46291616791310114,0.3684210526315789,1.0
Zm00001eb043380,2,0.75,0.75,0.5087719298245614,0,1.380952380952381,20,16,4,0.3232716309891837,0.341666173842552,0.608685948433507,1.0
Zm00001eb043400,2,0.5227272727272727,0.5454545454545454,1.0,0,0.9114583333333334,22,15,7,0.8587001374716869,1.6912083607960942,1.0,1.0
Zm00001eb043430,1,0.6956521739130435,0.6956521739130435,0.018942963080801282,1,,23,14,9,0.20421987630931965,0.22395467281889309,0.018942963080801282,1.0
Zm00001eb043620,1,0.391304347826087,0.391304347826087,0.5392433653303218,0,,23,6,17,0.2932741703588499,0.34026483194435264,0.5392433653303218,1.0
Zm00001eb043640,1,0.6,0.6,0.6424148606811144,0,2.1333333333333333,20,13,7,0.26625973581291507,0.24910019831531557,0.6424148606811144,1.0
Zm00001eb043720,3,0.5263157894736842,0.7368421052631579,0.5304437564499483,0,0.6682692307692308,19,15,4,0.329703967156928,0.35862815078940186,0.9733884605967962,1.0
Zm00001eb043730,1,0.6470588235294118,0.6470588235294118,1.0,0,2.0,17,11,6,0.5207295360840268,0.7380863729353324,1.0,1.0
Zm00001eb043760,6,0.5,0.782608695652174,0.19367588932806323,0,0.3916005291005291,23,19,4,0.8253595711732958,0.7132965526439821,0.94710766766238,1.0
Zm00001eb043900,2,0.6739130434782609,0.8695652173913043,0.24901185770750983,0,0.10526315789473684,23,3,20,1.3874336201302235,1.0518446018185736,0.3970688471041735,1.0
Zm00001eb043930,3,0.5238095238095238,0.6190476190476191,0.28070175438596495,0,1.9375,21,15,6,0.5686618602402499,0.7290838610650433,0.7455155007290584,1.0
Zm00001eb043950,4,0.7291666666666667,0.75,0.12648221343873517,0,3.678472222222222,24,19,5,0.2333736382537673,0.27413756753747165,0.32275065760509997,1.0
Zm00001eb044210,1,0.4117647058823529,0.4117647058823529,1.0,0,1.1111111111111112,17,3,14,0.7207615983068593,0.7650720882572348,1.0,1.0
Zm00001eb044240,1,0.45,0.45,0.5210526315789474,0,,20,13,7,0.8237268123072538,1.1424701906582522,0.5210526315789474,1.0
Zm00001eb044560,1,0.5714285714285714,0.5714285714285714,0.5804195804195803,0,0.3333333333333333,14,6,8,0.10659956133503841,0.1319935189187956,0.5804195804195803,1.0
Zm00001eb044650,3,0.5416666666666666,0.5833333333333334,0.5760869565217391,0,1.53125,24,11,13,1.0824950644975406,1.2743460323400022,0.9814050028947268,1.0
Zm00001eb044660,2,0.5294117647058824,0.6470588235294118,0.5367647058823529,0,0.6944444444444444,17,3,14,0.6815150334888789,0.633462950375081,0.8707372606977886,1.0
Zm00001eb044820,1,0.45454545454545453,0.45454545454545453,1.0,0,0.8333333333333334,22,14,8,0.18364329418240005,0.29526154248742914,1.0,1.0
Zm00001eb044870,2,0.575,0.6,0.6499166468206716,0,0.7142857142857143,20,8,12,0.5513408440835983,0.6874115665522391,0.9299729829897851,1.0
Zm00001eb044910,2,0.36363636363636365,0.4090909090909091,1.0,0,1.5,22,4,18,0.13875965970041745,0.14991213656188415,1.0,1.0
Zm00001eb044950,1,0.6666666666666666,0.6666666666666666,0.27206851119894604,0,0.1794871794871795,24,10,14,0.47682560013363395,0.552753958690641,0.27206851119894604,1.0
Zm00001eb044960,5,0.7333333333333333,0.7916666666666666,0.3804347826086957,0,1.4368954248366015,24,5,19,0.7509000450985295,0.735446939573757,0.756630127948278,1.0
Zm00001eb045250,7,0.5798319327731092,0.6470588235294118,0.338235294117647,0,2.3673469387755097,17,7,10,0.134926927743436,0.15359665792683969,0.9281832111032006,1.0
Zm00001eb045280,1,0.5,0.5,1.0,0,1.0,24,12,12,1.276167826308815,1.6540692365097367,1.0,1.0
Zm00001eb045420,2,0.3695652173913043,0.391304347826087,1.0,0,0.7916666666666667,23,6,17,0.31352259672966226,0.4957759492732497,1.0,1.0
Zm00001eb045520,1,0.5,0.5,1.0,0,1.25,22,14,8,0.466864397619233,0.6368838235702664,1.0,1.0
Zm00001eb045530,1,0.5294117647058824,0.5294117647058824,1.0,0,0.8888888888888888,17,10,7,0.23743050077991104,0.27432673777641414,1.0,1.0
Zm00001eb045540,1,0.7916666666666666,0.7916666666666666,0.43675889328063244,0,3.0,24,21,3,0.5683831620381232,0.3532827844310455,0.43675889328063244,1.0
Zm00001eb045620,1,0.5555555555555556,0.5555555555555556,1.0,0,0.4375,18,9,9,0.14826603193683863,0.20250479567669868,1.0,1.0
Zm00001eb045630,1,0.7,0.7,0.0736842105263158,0,,20,11,9,1.3087532742596384,1.4442503400551299,0.0736842105263158,1.0
Zm00001eb045680,1,0.4666666666666667,0.4666666666666667,1.0,0,1.4285714285714286,15,9,6,0.2811521264629775,0.3091147537878183,1.0,1.0
Zm00001eb045730,1,0.3333333333333333,0.3333333333333333,1.0,0,,15,3,12,0.8164167906432412,0.7214789961992455,1.0,1.0
Zm00001eb045780,3,0.5303030303030303,0.7272727272727273,1.0,0,1.2852564102564104,22,5,17,0.5103613890557792,0.49390830215579024,1.0,1.0
Zm00001eb045790,1,0.5625,0.5625,0.25,0,,16,13,3,0.558265521460906,0.7568354584786184,0.25,1.0
Zm00001eb046020,2,0.5555555555555556,0.5555555555555556,1.0,0,0.5,9,6,3,0.7339234606792178,0.8836131000195216,1.0,1.0
Zm00001eb046420,1,0.7368421052631579,0.7368421052631579,0.22187822497420018,0,6.0,19,13,6,0.1423373653919995,0.16967809866881314,0.22187822497420018,1.0
Zm00001eb046700,1,0.7368421052631579,0.7368421052631579,0.22187822497420026,0,0.16666666666666666,19,6,13,0.26796439511173886,0.34483116433817895,0.22187822497420026,1.0
Zm00001eb046740,1,0.7083333333333334,0.7083333333333334,1.0,0,1.3333333333333333,24,5,19,0.422519075805119,0.467860217224012,1.0,1.0
Zm00001eb046840,1,0.7777777777777778,0.7777777777777778,0.4052287581699347,0,4.333333333333333,18,4,14,0.2537521707184858,0.30248130653767785,0.4052287581699347,1.0
Zm00001eb047030,4,0.5714285714285714,0.7142857142857143,0.16483516483516483,0,0.8333333333333334,14,6,8,0.3266944050428982,0.3731372590685263,0.8055076711155247,1.0
Zm00001eb047260,2,0.5714285714285714,0.5714285714285714,1.0,0,0.5833333333333333,7,4,3,0.26757478511689753,0.35004159660517065,1.0,1.0
Zm00001eb047280,1,0.2916666666666667,0.2916666666666667,1.0,0,,24,21,3,0.5804444149041211,0.3655992644996304,1.0,1.0
Zm00001eb047490,2,0.7142857142857142,0.8571428571428571,0.14285714285714285,0,2.0,7,4,3,0.7506001712824399,0.9367333004770122,0.42084430700790243,1.0
Zm00001eb047560,1,0.75,0.75,0.013056939022748688,1,0.0625,24,15,9,0.4705967535006254,0.5061553485543114,0.013056939022748688,1.0
Zm00001eb047580,1,0.625,0.625,0.6349074266694404,0,0.5,24,18,6,0.35164501543804744,0.3613696767704383,0.6349074266694404,1.0
Zm00001eb047760,1,0.391304347826087,0.391304347826087,1.0,0,,23,16,7,0.2501756730421091,0.2759644766841441,1.0,1.0
Zm00001eb047770,1,0.6086956521739131,0.6086956521739131,0.4003230582850989,0,0.4,23,8,15,3.595969924605254,3.482470147179781,0.4003230582850989,1.0
Zm00001eb047820,2,0.47619047619047616,0.5714285714285714,0.6351172047766476,0,2.2857142857142856,21,15,6,1.18914334649455,1.16181110836265,0.9234259432790064,1.0
Zm00001eb047830,2,0.6666666666666666,0.6666666666666666,0.1714285714285714,0,,21,12,9,0.13728689774095804,0.1913113229119438,0.13304357440230025,1.0
Zm00001eb047840,4,0.5340909090909091,0.5909090909090909,0.6594427244582042,0,1.4201388888888888,22,11,11,0.6471622197871066,0.7619745209052734,0.9991004298089655,1.0
Zm00001eb047920,1,0.5238095238095238,0.5238095238095238,0.6030075187969925,0,2.6666666666666665,21,12,9,0.3647461215804035,0.4539806529098073,0.6030075187969925,1.0
Zm00001eb048020,1,0.5625,0.5625,1.0,0,0.75,16,7,9,0.27171104514961925,0.33293825970137275,1.0,1.0
Zm00001eb048110,1,0.6,0.6,0.5692307692307693,0,3.6,15,7,8,0.6259913928588906,0.79489145752135,0.5692307692307693,1.0
Zm00001eb048290,2,0.5666666666666667,0.6,0.6083916083916084,0,0.5555555555555556,15,5,10,0.2059628694772369,0.22178124487586684,0.9107236119556864,1.0
Zm00001eb048310,1,0.631578947368421,0.631578947368421,1.0,0,0.6,19,5,14,0.9835953414665621,1.1319694676634158,1.0,1.0
Zm00001eb048340,2,0.5,0.5454545454545454,0.35009147199549673,0,0.25,22,15,7,0.7427912662350274,0.7802760503525954,0.4937872585972214,1.0
Zm00001eb048390,1,0.47058823529411764,0.47058823529411764,1.0,0,0.5333333333333333,17,11,6,0.8413588013862794,0.907691891115994,1.0,1.0
Zm00001eb048920,1,0.7,0.7,0.5210526315789474,0,2.6,20,6,14,0.7288120857364694,0.9478452376942161,0.5210526315789474,1.0
Zm00001eb048930,2,0.5,0.5416666666666666,0.35094653630122735,0,2.392857142857143,24,9,15,0.4580206493095677,0.7751309312682599,0.718430159576048,1.0
Zm00001eb049010,1,0.8181818181818182,0.8181818181818182,0.02272727272727273,1,,22,15,7,0.4527578833408382,0.8293166262029598,0.02272727272727273,1.0
Zm00001eb049190,3,0.5882352941176471,0.6470588235294118,1.0,0,1.3499999999999999,17,12,5,0.3159249800316421,0.3686260271450887,1.0,1.0
Zm00001eb049250,2,0.5666666666666667,0.6,0.5692307692307692,0,1.8285714285714285,15,7,8,0.41664283966675686,0.46574321468956464,0.889974864896958,1.0
Zm00001eb049840,1,0.391304347826087,0.391304347826087,1.0,0,1.0769230769230769,23,15,8,0.15185826558195928,0.16937528506163715,1.0,1.0
Zm00001eb049880,2,0.5666666666666667,0.7333333333333333,0.5164835164835163,0,2.5,15,3,12,1.1930990784699347,1.070328556480205,0.8577303244606505,1.0
Zm00001eb049910,1,0.3333333333333333,0.3333333333333333,1.0,0,,21,16,5,0.5650797707043996,0.5101480361680656,1.0,1.0
Zm00001eb049980,1,0.6,0.6,0.475,0,,10,3,7,0.6987325044372243,0.6582429209238223,0.475,1.0
Zm00001eb050070,2,0.5416666666666666,0.6666666666666666,0.192063657166632,0,0.385,24,6,18,0.8548375634724551,1.022883764560151,0.5089549424535906,1.0
Zm00001eb050100,5,0.5789473684210525,0.631578947368421,0.35206795268714774,0,1.7723333333333333,19,8,11,0.2793994783134944,0.35550101831027847,0.9735040177207407,1.0
Zm00001eb050310,3,0.5362318840579711,0.6086956521739131,0.14382794931994017,0,0.7738095238095238,23,17,6,0.29748916555042276,0.2529905990268542,0.6931449436348709,1.0
Zm00001eb050370,1,0.4782608695652174,0.4782608695652174,0.2727272727272727,0,,23,19,4,0.3167635865616797,0.2673578038764868,0.2727272727272727,1.0
Zm00001eb050400,1,0.5,0.5,1.0,0,1.0,6,3,3,0.37466244041768076,0.5347545192752837,1.0,1.0
Zm00001eb050460,4,0.5921052631578947,0.631578947368421,0.628482972136223,0,1.3295454545454546,19,6,13,0.3076878098116401,0.3504571329656279,0.998658939384172,1.0
Zm00001eb050470,3,0.4761904761904761,0.6666666666666666,0.5263157894736843,0,0.7692307692307693,21,3,18,1.6199416558429665,1.5850079917520723,0.9725484693524724,1.0
Zm00001eb050610,1,0.5909090909090909,0.5909090909090909,0.32330827067669177,0,0.2222222222222222,22,10,12,0.26574283313942765,0.31278358105447057,0.32330827067669177,1.0
Zm00001eb050650,1,0.21739130434782608,0.21739130434782608,1.0,0,,23,3,20,0.46576253635447307,0.3859724934887102,1.0,1.0
Zm00001eb050860,2,0.6666666666666667,0.7777777777777778,0.22619047619047616,0,10.0,9,3,6,1.040082917955857,1.1771207517491862,0.35958913693154493,1.0
Zm00001eb050870,1,0.5,0.5,0.5089285714285714,0,,16,5,11,0.17796873456548643,0.20684504324789732,0.5089285714285714,1.0
Zm00001eb050910,1,0.6111111111111112,0.6111111111111112,1.0,0,0.5555555555555556,18,7,11,0.6710167034446392,0.8923762863514646,1.0,1.0
Zm00001eb050930,1,0.5416666666666666,0.5416666666666666,0.6529366895499619,0,2.2222222222222223,24,14,10,0.34721733244449754,0.5096060976866139,0.6529366895499619,1.0
Zm00001eb050950,1,0.6666666666666666,0.6666666666666666,0.5238095238095237,0,0.2222222222222222,9,4,5,1.036276464203699,1.2275546083880973,0.5238095238095237,1.0
Zm00001eb051020,4,0.6195652173913043,0.7391304347826086,0.6036137775268209,0,1.524537037037037,23,4,19,0.3586760592040093,0.540540664279572,0.9804149857649982,1.0
Zm00001eb051040,1,0.6666666666666666,0.6666666666666666,0.19206365716663198,0,4.0,24,10,14,0.2862089744711955,0.4304062097488506,0.19206365716663198,1.0
Zm00001eb051060,1,0.6956521739130435,0.6956521739130435,1.0,0,1.5,23,6,17,0.7129394520753611,0.7157070316521567,1.0,1.0
Zm00001eb051080,2,0.5227272727272727,0.6363636363636364,0.16187527642636002,0,6.428571428571429,22,16,6,0.1786720947440165,0.3592852496447521,0.2974671843015896,1.0
Zm00001eb051090,3,0.6031746031746031,0.6190476190476191,0.2142857142857143,0,0.3973214285714286,21,11,10,0.2206834006618227,0.310930516733752,0.43591452240290496,1.0
Zm00001eb051160,2,0.5833333333333334,0.8333333333333334,0.017292490118577076,1,,24,21,3,1.6136213080185857,1.1269411650654675,0.08745647426488537,1.0
Zm00001eb051170,2,0.4565217391304348,0.5217391304347826,0.6570197873199622,0,0.7884615384615384,23,15,8,0.2980960978278016,0.4250623666485098,0.9329951299333422,1.0
Zm00001eb051200,2,0.6590909090909091,0.6818181818181818,0.053656869446343125,0,6.0,22,13,9,1.1968851130930338,1.2667084746265933,0.0745243468667024,1.0
Zm00001eb051220,2,0.4782608695652174,0.5652173913043478,1.0,0,0.7611111111111111,23,7,16,0.20825179656677176,0.2449703852139994,1.0,1.0
Zm00001eb051620,2,0.5434782608695652,0.5652173913043478,0.603613777526821,0,0.5488215488215489,23,10,13,0.4802300110311387,0.592899738299758,0.9083305233789247,1.0
Zm00001eb051750,2,0.5666666666666667,0.6,0.5692307692307693,0,2.3833333333333333,15,7,8,0.5838639710645533,0.7469223914683304,0.889974864896958,1.0
Zm00001eb052020,2,0.625,0.8,0.14035087719298245,0,5.166666666666667,20,15,5,0.4106742810776282,0.4235609618019426,0.4159452247234686,1.0
Zm00001eb052230,1,0.5,0.5,1.0,0,1.0,12,6,6,0.4603235663282759,0.5419667134468562,1.0,1.0
Zm00001eb052250,1,0.8260869565217391,0.8260869565217391,0.05928853754940711,0,,23,6,17,0.45842480358783144,0.4428599748775725,0.05928853754940711,1.0
Zm00001eb052270,1,0.7142857142857143,0.7142857142857143,0.15882352941176472,0,0.16,21,14,7,1.207049468628736,1.28222645352154,0.15882352941176472,1.0
Zm00001eb052300,1,0.4666666666666667,0.4666666666666667,0.5164835164835164,0,,15,3,12,1.2163493087001875,1.3248772982627914,0.5164835164835164,1.0
Zm00001eb052620,1,0.7222222222222222,0.7222222222222222,0.24509803921568624,0,0.18181818181818182,18,6,12,0.9217188122760385,0.9448582574874734,0.24509803921568624,1.0
Zm00001eb052630,3,0.5873015873015873,0.6666666666666666,0.18423434150988327,0,2.4250000000000003,21,9,12,0.3180736997551019,0.4073470316266745,0.759452998185416,1.0
Zm00001eb052690,2,0.40476190476190477,0.5238095238095238,1.0,0,1.125,21,4,17,0.2808448852463878,0.25965799621933416,1.0,1.0
Zm00001eb052700,6,0.6060606060606061,0.7272727272727273,0.48051948051948057,0,1.3123076923076922,22,16,6,0.7783833651710051,0.7304290573995357,0.9689303866122694,1.0
Zm00001eb052750,2,0.6739130434782609,0.7391304347826086,0.4624505928853755,0,0.4289772727272727,23,17,6,0.2249059266585831,0.23023801348274944,0.6580080766094827,1.0
Zm00001eb052760,2,0.8260869565217391,0.8260869565217391,0.3241106719367588,0,0.16666666666666666,23,4,19,1.029817149246869,0.685024874796785,0.3417560250464466,1.0
Zm00001eb052860,1,0.2608695652173913,0.2608695652173913,1.0,0,,23,4,19,0.5449405354799574,0.7900212200705095,1.0,1.0
Zm00001eb052910,1,0.631578947368421,0.631578947368421,0.21052631578947367,0,,19,10,9,0.3213424717012806,0.420995772701235,0.21052631578947367,1.0
Zm00001eb052950,1,0.42857142857142855,0.42857142857142855,1.0,0,,14,3,11,0.7340685660701157,0.8301987538617147,1.0,1.0
Zm00001eb052960,1,0.5217391304347826,0.5217391304347826,1.0,0,0.9375,23,9,14,0.20670760730740256,0.2608901826275877,1.0,1.0
Zm00001eb053010,1,0.5,0.5,1.0,0,0.4444444444444444,18,11,7,0.23698253816602818,0.3019338805756559,1.0,1.0
Zm00001eb053170,1,0.25,0.25,1.0,0,,24,3,21,0.1832512135318695,0.1818230647730612,1.0,1.0
Zm00001eb053210,1,0.4583333333333333,0.4583333333333333,1.0,0,0.5,24,9,15,0.11947666276610996,0.19253290237362733,1.0,1.0
Zm00001eb053230,2,0.525,0.55,1.0,0,0.8779761904761905,20,9,11,0.26861046130549976,0.42290710192062064,1.0,1.0
Zm00001eb053340,1,0.2727272727272727,0.2727272727272727,1.0,0,,22,4,18,0.7015792997481913,0.7915001832818862,1.0,1.0
Zm00001eb053500,2,0.5833333333333334,0.6111111111111112,0.6078431372549019,0,0.9583333333333334,18,8,10,0.8915990105257134,1.3644786615837488,0.9104508093218542,1.0
Zm00001eb053530,2,0.5263157894736842,0.5263157894736842,1.0,0,0.9910714285714286,19,10,9,0.510164979649932,0.6876262031169985,1.0,1.0
Zm00001eb053550,2,0.5714285714285714,0.5714285714285714,1.0,0,1.3333333333333333,7,4,3,0.2995516484646555,0.31955420113923194,1.0,1.0
Zm00001eb053580,2,0.5476190476190477,0.5714285714285714,0.5864661654135337,0,3.020833333333333,21,17,4,0.7418452763916706,0.6402948189885255,0.7212438790848764,1.0
Zm00001eb053630,2,0.5476190476190476,0.6666666666666666,0.3457516339869281,0,2.303030303030303,21,8,13,0.43342648091662916,0.6285322457198581,0.7129518262466721,1.0
Zm00001eb053860,1,0.6111111111111112,0.6111111111111112,0.21568627450980396,0,,18,15,3,1.321374770639718,0.971309898738161,0.21568627450980396,1.0
Zm00001eb054090,2,0.6,0.6,0.32456140350877205,0,4.0,20,12,8,0.27284395616268275,0.3197335812853337,0.3765750600029769,1.0
Zm00001eb054100,4,0.7261904761904762,0.7619047619047619,0.22807017543859648,0,0.33177655677655676,21,16,5,1.3989056937155304,1.4325086873233128,0.5511320942913106,1.0
Zm00001eb054110,1,0.3333333333333333,0.3333333333333333,1.0,0,,18,4,14,0.26408310336136215,0.2966825243018372,1.0,1.0
Zm00001eb054120,1,0.5263157894736842,0.5263157894736842,1.0,0,1.5,19,5,14,1.6619768889527955,1.464886239211031,1.0,1.0
Zm00001eb054190,1,0.5238095238095238,0.5238095238095238,0.6556587547299622,0,1.875,21,13,8,0.11747259445791615,0.1588732961951526,0.6556587547299622,1.0
Zm00001eb054260,5,0.67,0.8,0.07894736842105263,0,1.775,20,14,6,0.24784098448577266,0.2581801348719066,0.5641060488033461,1.0
Zm00001eb054480,1,0.5454545454545454,0.5454545454545454,0.5939849624060151,0,3.0,22,18,4,0.1515377071773327,0.15037433049251836,0.5939849624060151,1.0
Zm00001eb054500,2,0.7,0.75,0.20175438596491227,0,3.85,20,6,14,0.13590878082599228,0.16345263488847242,0.5247034854973944,1.0
Zm00001eb054680,4,0.5333333333333333,0.5333333333333333,1.0,0,0.9226190476190477,15,7,8,0.22842486906225368,0.29893453332075265,1.0,1.0
Zm00001eb054690,2,0.5555555555555556,0.5555555555555556,1.0,0,1.0416666666666665,18,14,4,0.4771207674605592,0.4457919680177309,1.0,1.0
Zm00001eb054830,1,0.75,0.75,0.19642857142857142,0,,8,3,5,0.15120949113305218,0.17227412322378396,0.19642857142857142,1.0
Zm00001eb054880,3,0.4545454545454546,0.5454545454545454,0.13476874003189793,0,,22,15,7,0.3601761090234206,0.4347130080502102,0.6755409531230798,1.0
Zm00001eb054920,1,0.5555555555555556,0.5555555555555556,1.0,0,1.3333333333333333,9,5,4,0.8292830807899476,1.1173783828357513,1.0,1.0
Zm00001eb054980,1,0.35294117647058826,0.35294117647058826,1.0,0,,17,14,3,0.421310398856661,0.3137989300026973,1.0,1.0
Zm00001eb055080,3,0.5087719298245613,0.6842105263157895,1.0,0,0.6388888888888888,19,5,14,0.27097455529422765,0.24609899042851915,1.0,1.0
Zm00001eb055170,1,0.6086956521739131,0.6086956521739131,0.5595708639186899,0,3.0,23,10,13,0.23991726626271961,0.2850854195082641,0.5595708639186899,1.0
Zm00001eb055180,1,0.631578947368421,0.631578947368421,0.3498452012383901,0,0.3125,19,6,13,0.7813669268683301,1.5297068237995126,0.3498452012383901,1.0
Zm00001eb055210,1,0.5294117647058824,0.5294117647058824,0.5147058823529412,0,,17,3,14,0.370446536300398,0.3557224557070659,0.5147058823529412,1.0
Zm00001eb055220,1,0.5454545454545454,0.5454545454545454,1.0,0,1.4583333333333333,22,11,11,0.3452806453495465,0.4467282441494957,1.0,1.0
Zm00001eb055260,3,0.5370370370370371,0.5555555555555556,1.0,0,1.0571428571428572,18,9,9,0.9132731853905697,1.1582206049285118,1.0,1.0
Zm00001eb055330,1,0.5238095238095238,0.5238095238095238,1.0,0,1.1111111111111112,21,10,11,0.17830815518573984,0.22039711755627547,1.0,1.0
Zm00001eb055450,4,0.5760869565217391,0.7391304347826086,0.027190738995827166,1,4.510714285714286,23,12,11,0.13597292369936237,0.19512879493644905,0.5141799288304044,1.0
Zm00001eb055460,2,0.5652173913043478,0.5652173913043478,0.6850181720285369,0,0.6458333333333333,23,13,10,0.6392598450718835,0.7937830302105403,0.8242936702682573,1.0
Zm00001eb055490,1,0.2857142857142857,0.2857142857142857,1.0,0,,21,4,17,1.0030280240124443,0.9012717587472262,1.0,1.0
Zm00001eb055540,1,0.5714285714285714,0.5714285714285714,0.5864661654135338,0,0.4,21,11,10,0.4775250028864327,0.560132892975818,0.5864661654135338,1.0
Zm00001eb055700,1,0.5,0.5,1.0,0,1.0,22,11,11,0.9864750447525356,1.1999884351977634,1.0,1.0
Zm00001eb055750,2,0.6875,0.6875,1.0,0,2.5,16,5,11,0.65942543181901,0.8512009527960686,1.0,1.0
Zm00001eb055770,2,0.5652173913043479,0.6086956521739131,0.21739130434782608,0,1.25,23,11,12,0.9699666415313165,1.1334370203798219,0.549142674672837,1.0
Zm00001eb055810,2,0.5588235294117647,0.5882352941176471,0.5764705882352941,0,1.7708333333333333,17,9,8,0.4321219056225776,0.5418726302657803,0.8940084348306447,1.0
Zm00001eb055840,1,0.5625,0.5625,1.0,0,1.8,16,8,8,0.33559756949957553,0.4399280059324492,1.0,1.0
Zm00001eb055910,2,0.3,0.35,1.0,0,,20,17,3,0.6453631121215715,0.6693369995564896,1.0,1.0
Zm00001eb055950,1,0.5333333333333333,0.5333333333333333,1.0,0,0.8,15,9,6,0.5287017436533449,0.5914513928021816,1.0,1.0
Zm00001eb056110,1,0.43478260869565216,0.43478260869565216,0.525691699604743,0,,23,8,15,1.6112758113176067,1.8484363661160959,0.525691699604743,1.0
Zm00001eb056220,2,0.5833333333333333,0.6666666666666666,0.2059833086552699,0,2.6666666666666665,24,9,15,0.15524315459985963,0.18863074200053825,0.5314287257165722,1.0
Zm00001eb056260,1,0.75,0.75,0.108875128998968,0,0.09090909090909091,20,12,8,0.17413637835054246,0.22783799021922904,0.108875128998968,1.0
Zm00001eb056320,1,0.5294117647058824,0.5294117647058824,0.600032320620556,0,0.35,17,12,5,0.5345594586178122,0.6196503697467408,0.600032320620556,1.0
Zm00001eb056450,2,0.5,0.5294117647058824,0.6000323206205559,0,2.366071428571429,17,6,11,0.25040977934673275,0.30510567050340665,0.9065118835902473,1.0
Zm00001eb056740,1,0.625,0.625,0.4642857142857143,0,,8,3,5,0.7128652630431743,1.1140781905139057,0.4642857142857143,1.0
Zm00001eb056760,1,0.631578947368421,0.631578947368421,1.0,0,1.6666666666666667,19,5,14,0.33117416342244904,0.3951610818083649,1.0,1.0
Zm00001eb056780,3,0.48611111111111116,0.625,0.536231884057971,0,1.0,24,8,16,0.672472120045087,0.7988145352857372,0.8692776842364717,1.0
Zm00001eb056790,1,0.5,0.5,0.4927536231884058,0,,24,10,14,0.3305563763584664,0.39162691545357947,0.4927536231884058,1.0
Zm00001eb056800,1,0.5416666666666666,0.5416666666666666,1.0,0,1.4,24,12,12,0.2983787715882945,0.4178585278289086,1.0,1.0
Zm00001eb056860,1,0.47368421052631576,0.47368421052631576,1.0,0,0.45,19,6,13,0.6971374662827278,0.9259904138422633,1.0,1.0
Zm00001eb056900,1,0.6190476190476191,0.6190476190476191,0.6107916850950907,0,2.5,21,16,5,0.9652435408511899,1.036489105526862,0.6107916850950907,1.0
Zm00001eb056930,3,0.42424242424242425,0.5909090909090909,1.0,0,1.0244755244755246,22,17,5,0.2856385890999786,0.31571829408625324,1.0,1.0
Zm00001eb056950,1,0.8333333333333334,0.8333333333333334,0.11490683229813664,0,0.1111111111111111,24,4,20,0.5680493187668377,0.4706206981958419,0.11490683229813664,1.0
Zm00001eb056960,2,0.4,0.4,1.0,0,,15,11,4,0.5431668527281194,0.6443970644592182,1.0,1.0
Zm00001eb057030,3,0.5263157894736842,0.5263157894736842,1.0,0,0.9351851851851851,19,9,10,0.24333560916234234,0.33171192986752945,1.0,1.0
Zm00001eb057110,1,0.6086956521739131,0.6086956521739131,0.3707093821510298,0,0.3111111111111111,23,16,7,0.2071155937702328,0.2371767876886997,0.3707093821510298,1.0
Zm00001eb057200,1,0.38095238095238093,0.38095238095238093,0.5488721804511278,0,,21,16,5,0.48488621870424886,0.4453430916848342,0.5488721804511278,1.0
Zm00001eb057210,1,0.8,0.8,0.3684210526315789,0,0.2,20,4,16,0.38789401858667777,0.3337421830090346,0.3684210526315789,1.0
Zm00001eb057300,1,0.2727272727272727,0.2727272727272727,1.0,0,,22,3,19,0.7151499132035931,0.48128515007413347,1.0,1.0
Zm00001eb057390,1,0.6428571428571429,0.6428571428571429,1.0,0,0.5,14,5,9,2.4903288380986814,3.2415922884783295,1.0,1.0
Zm00001eb057400,2,0.5416666666666666,0.625,0.5108695652173914,0,0.5384615384615384,24,9,15,0.28206418021896246,0.3360419600587166,0.6777175982596004,1.0
Zm00001eb057420,2,0.7222222222222222,0.7777777777777778,0.16666666666666669,0,0.4,9,3,6,0.8285897316036447,1.0388652381225139,0.4652932448713427,1.0
Zm00001eb057500,1,0.75,0.75,0.1818181818181818,0,,12,9,3,0.4097021777927267,0.43820076942465336,0.1818181818181818,1.0
Zm00001eb057710,1,0.7368421052631579,0.7368421052631579,0.22187822497420026,0,0.16666666666666666,19,6,13,0.23184518953639027,0.2505208797856829,0.22187822497420026,1.0
Zm00001eb057820,2,0.4565217391304348,0.4782608695652174,0.6213854795090493,0,1.1964285714285714,23,18,5,0.6094972878963579,0.6318258282002613,0.9170429585162764,1.0
Zm00001eb057860,1,0.625,0.625,0.3167701863354037,0,0.18181818181818182,24,5,19,0.6974735292629323,0.6740360058691717,0.3167701863354037,1.0
Zm00001eb057870,1,0.391304347826087,0.391304347826087,0.5392433653303219,0,,23,5,18,0.6668106134972729,0.6850206545864431,0.5392433653303219,1.0
Zm00001eb057910,4,0.5952380952380952,0.7142857142857143,0.2800137598899209,0,0.4748338081671415,21,7,14,0.19942747656207574,0.22256532973364176,0.874441317728661,1.0
Zm00001eb057970,1,0.36363636363636365,0.36363636363636365,1.0,0,1.2307692307692308,22,5,17,0.7779570858736258,0.7603512115256762,1.0,1.0
Zm00001eb058130,2,0.55,0.8,0.3684210526315789,0,5.0,20,16,4,0.36483824586057695,0.43033864424263707,0.7363000953040995,1.0
Zm00001eb058220,2,0.7727272727272727,0.7727272727272727,0.4112554112554113,0,0.25,22,17,5,0.4021845863923876,0.3764743677625185,0.46969063138862877,1.0
Zm00001eb058280,1,0.5833333333333334,0.5833333333333334,1.0,0,1.1428571428571428,24,5,19,0.16935526918989172,0.16300733244418014,1.0,1.0
Zm00001eb058300,1,0.5909090909090909,0.5909090909090909,0.6656346749226008,0,0.5,22,12,10,0.7132345536960831,0.8473878811281622,0.6656346749226008,1.0
Zm00001eb058370,2,0.6499999999999999,0.7,0.32456140350877194,0,0.2923076923076923,20,14,6,0.4021428709491913,0.40084084428477273,0.46965963839954294,1.0
Zm00001eb058550,7,0.45454545454545453,0.6363636363636364,0.2535885167464115,0,1.0707070707070707,22,18,4,1.0780499307697968,0.8561862338193452,0.8278608812476964,1.0
Zm00001eb058600,3,0.5396825396825397,0.6190476190476191,0.3972136222910216,0,1.2177777777777778,21,14,7,0.19277901485901047,0.25232030578296166,0.8465337376437713,1.0
Zm00001eb058610,1,0.7,0.7,0.5210526315789473,0,2.6,20,14,6,1.0001171164165532,1.1526237671767539,0.5210526315789473,1.0
Zm00001eb058720,1,0.5882352941176471,0.5882352941176471,0.24450549450549453,0,,17,12,5,0.35347125708934235,0.35876113383507563,0.24450549450549453,1.0
Zm00001eb058740,1,0.8333333333333334,0.8333333333333334,0.4000000000000001,0,,6,3,3,1.0876744636255142,1.3407183494528119,0.4000000000000001,1.0
Zm00001eb058760,2,0.6956521739130435,0.782608695652174,0.022760924631970533,1,6.375,23,15,8,0.20227490892628386,0.25215302561226705,0.10885890287634273,1.0
Zm00001eb058940,2,0.5217391304347826,0.5217391304347826,0.27189515290201793,0,,23,18,5,0.651084900859147,0.7215094402728803,0.2664829010707874,1.0
Zm00001eb058950,1,0.6190476190476191,0.6190476190476191,0.3972136222910216,0,0.4166666666666667,21,14,7,0.21021804811431993,0.26483331859271486,0.3972136222910216,1.0
Zm00001eb059040,2,0.6818181818181819,0.7727272727272727,0.4112554112554113,0,2.2333333333333334,22,17,5,0.457765425140564,0.4460382672127754,0.6057022113968831,1.0
Zm00001eb059050,1,0.45454545454545453,0.45454545454545453,1.0,0,0.4583333333333333,22,7,15,0.7256773983196708,0.8792622561706465,1.0,1.0
Zm00001eb059070,1,0.45454545454545453,0.45454545454545453,0.5227272727272727,0,,22,3,19,0.1961673142618092,0.1906771904497849,0.5227272727272727,1.0
Zm00001eb059100,3,0.5,0.5,1.0,0,0.8333333333333334,22,10,12,0.1851143296526687,0.21227012204517617,1.0,1.0
Zm00001eb059140,1,0.5454545454545454,0.5454545454545454,0.48051948051948046,0,,22,10,12,0.7299649517611146,0.9517100176823325,0.48051948051948046,1.0
Zm00001eb059150,1,0.5217391304347826,0.5217391304347826,1.0,0,0.8888888888888888,23,12,11,0.34469985161948075,0.4482557629729362,1.0,1.0
Zm00001eb059160,1,0.47368421052631576,0.47368421052631576,0.5304437564499485,0,,19,5,14,0.18058345919048172,0.21215677114782644,0.5304437564499485,1.0
Zm00001eb059220,4,0.525,0.65,0.6126160990712074,0,1.0426136363636362,20,5,15,0.8233209048565916,1.7394724009798235,0.9983714045195053,1.0
Zm00001eb059230,1,0.7272727272727273,0.7272727272727273,0.11674641148325356,0,7.8,22,18,4,0.15768951869550238,0.18022924887775038,0.11674641148325356,1.0
Zm00001eb059360,2,0.5333333333333333,0.5333333333333333,0.6003996003996003,0,2.083333333333333,15,5,10,1.0633763110771999,1.2470628877232537,0.9066993673454423,1.0
Zm00001eb059370,1,0.2631578947368421,0.2631578947368421,1.0,0,,19,3,16,0.8224341682884116,0.8010856762120299,1.0,1.0
Zm00001eb059560,2,0.30952380952380953,0.3333333333333333,1.0,0,,21,3,18,0.5185844296332834,0.4857009844296358,1.0,1.0
Zm00001eb059610,1,0.4444444444444444,0.4444444444444444,0.5220588235294117,0,,18,13,5,0.31978542728515724,0.3537224642541347,0.5220588235294117,1.0
Zm00001eb059630,1,0.6818181818181818,0.6818181818181818,0.1718266253869969,0,5.0,22,7,15,0.5344471863174193,0.6212836748434463,0.1718266253869969,1.0
Zm00001eb059780,2,0.41666666666666663,0.5416666666666666,0.3577075098814229,0,3.6,24,5,19,0.3031050472461352,0.30171508805032426,0.725445008857543,1.0
Zm00001eb059830,3,0.45,0.5,1.0,0,1.1701388888888888,20,3,17,0.19002689264779063,0.1714898358037893,1.0,1.0
Zm00001eb059850,1,0.65,0.65,0.5867905056759546,0,0.45454545454545453,20,4,16,0.33789800474172516,0.3130488443722103,0.5867905056759546,1.0
Zm00001eb059860,3,0.5396825396825397,0.7619047619047619,0.04747162022703817,1,0.25,21,5,16,0.41880968263380475,0.4726777707388425,0.22124247384661663,1.0
Zm00001eb059920,3,0.7083333333333334,0.8333333333333334,0.09881422924901186,0,4.6000000000000005,24,21,3,0.6793146414792289,0.5867098085702893,0.5921937167939788,1.0
Zm00001eb059950,1,0.4090909090909091,0.4090909090909091,1.0,0,,22,15,7,1.2449941564902642,1.448104136529357,1.0,1.0
Zm00001eb059960,2,0.5208333333333333,0.5416666666666666,1.0,0,0.9,24,13,11,0.20725956532889847,0.2684525778012749,1.0,1.0
Zm00001eb060090,1,0.75,0.75,0.544042913608131,0,0.5294117647058824,24,20,4,0.19985598859345843,0.2745318118771229,0.544042913608131,1.0
Zm00001eb060110,4,0.5978260869565217,0.7391304347826086,0.2704686617730096,0,0.5664529914529914,23,17,6,0.3742332391601767,0.3834522120688118,0.6317010632843657,1.0
Zm00001eb060200,1,0.6818181818181818,0.6818181818181818,0.5853269537480064,0,0.46153846153846156,22,6,16,0.6164385234327576,0.7213665645026519,0.5853269537480064,1.0
Zm00001eb060250,1,0.8571428571428571,0.8571428571428571,0.14285714285714288,0,,7,3,4,0.6913705019854383,1.0521243593551628,0.14285714285714288,1.0
Zm00001eb060260,1,0.5714285714285714,0.5714285714285714,1.0,0,1.5,7,3,4,0.3643302369932206,0.5285456815951182,1.0,1.0
Zm00001eb060340,1,0.5,0.5,1.0,0,2.25,18,7,11,0.14415079067413272,0.16435375580197847,1.0,1.0
Zm00001eb060410,2,0.22727272727272727,0.22727272727272727,1.0,0,,22,3,19,0.32092075882566906,0.2926398030328565,1.0,1.0
Zm00001eb060420,3,0.7142857142857143,0.7619047619047619,0.08771929824561403,0,5.472222222222221,21,14,7,0.4192524300397459,0.47724707162611973,0.2843297004586042,1.0
Zm00001eb060480,2,0.5384615384615385,0.6153846153846154,1.0,0,1.1785714285714286,13,4,9,0.8514781037186574,0.8270240616012997,1.0,1.0
Zm00001eb060520,2,0.5714285714285714,0.6190476190476191,0.31077694235588976,0,0.5666666666666667,21,10,11,0.2293103208906895,0.35612417571957045,0.673975693131124,1.0
Zm00001eb060550,1,0.6875,0.6875,0.2994505494505495,0,0.25,16,6,10,0.1310182391015793,0.14708252677032196,0.2994505494505495,1.0
Zm00001eb060560,2,0.5526315789473684,0.7894736842105263,0.17827657378740971,0,0.15384615384615385,19,4,15,0.7305310532281879,1.1474760675560909,0.4857001114878494,1.0
Zm00001eb060610,2,0.75,0.75,0.4285714285714286,0,,8,4,4,1.7464841776516227,2.1407184308236467,0.4949257446320342,1.0
Zm00001eb060640,1,0.5,0.5,0.6126160990712075,0,2.7777777777777777,20,14,6,1.0289442706989655,1.3251201916619573,0.6126160990712075,1.0
Zm00001eb060670,1,0.45454545454545453,0.45454545454545453,0.5227272727272728,0,,22,3,19,0.19967243808336965,0.15537771624346147,0.5227272727272728,1.0
Zm00001eb060950,1,0.5,0.5,1.0,0,1.25,16,9,7,0.6828312455428852,0.9165428825926182,1.0,1.0
Zm00001eb061000,1,0.5833333333333334,0.5833333333333334,0.22282608695652176,0,,24,11,13,0.5322150015943609,0.6229458108701782,0.22282608695652176,1.0
Zm00001eb061030,1,0.6666666666666666,0.6666666666666666,0.5742690058479532,0,0.4166666666666667,21,17,4,0.888351459060328,0.9160788327105972,0.5742690058479532,1.0
Zm00001eb061150,4,0.3522727272727273,0.4090909090909091,1.0,0,0.8571428571428571,22,3,19,1.2037111372623701,1.330020967901886,1.0,1.0
Zm00001eb061210,1,0.20833333333333334,0.20833333333333334,1.0,0,,24,3,21,0.848616866453927,0.4827507178983371,1.0,1.0
Zm00001eb061310,2,0.6,0.6,0.4666666666666667,0,,10,6,4,0.1705320469855239,0.18632072991288337,0.5497321115582041,1.0
Zm00001eb061350,3,0.5238095238095238,0.7142857142857143,0.5204795204795204,0,2.388888888888889,14,4,10,0.8281344837315849,0.8143261427555772,0.9713252992564471,1.0
Zm00001eb061390,1,0.75,0.75,0.13132094943240455,0,0.16666666666666666,20,6,14,0.4110069646041121,0.5067316153044221,0.13132094943240455,1.0
Zm00001eb061520,1,0.782608695652174,0.782608695652174,0.08300395256916995,0,,23,7,16,0.4662881980881922,0.5892716623086776,0.08300395256916995,1.0
Zm00001eb061550,3,0.5652173913043478,0.5652173913043478,0.47826086956521735,0,2.174603174603175,23,12,11,0.33661955343274225,0.4235885265841512,0.765036167155739,1.0
Zm00001eb061560,1,0.42857142857142855,0.42857142857142855,1.0,0,1.2727272727272727,21,8,13,0.21823629159156382,0.3396363576777331,1.0,1.0
Zm00001eb061630,1,0.6956521739130435,0.6956521739130435,1.0,0,1.25,23,5,18,0.9660291798510228,1.3744547148974762,1.0,1.0
Zm00001eb061640,1,0.391304347826087,0.391304347826087,0.5392433653303219,0,,23,19,4,0.48108997892366845,0.4527097593070396,0.5392433653303219,1.0
Zm00001eb061760,5,0.5636363636363637,0.6363636363636364,0.3476337903582486,0,1.1647619047619047,22,12,10,0.2626132540258596,0.2851720495829562,0.9173489696186989,1.0
Zm00001eb061800,1,0.3333333333333333,0.3333333333333333,1.0,0,,24,3,21,0.5765137433601369,0.4333668464009559,1.0,1.0
Zm00001eb061810,2,0.6086956521739131,0.6086956521739131,0.1790246366905406,0,0.5055555555555555,23,17,6,0.6045034475185218,0.816995132888896,0.4869885182072733,1.0
Zm00001eb061820,5,0.7333333333333333,0.8333333333333334,0.03529079616036139,1,6.92,24,6,18,0.26465596342208525,0.2582763856531925,0.0735125979856409,1.0
Zm00001eb061840,1,0.6521739130434783,0.6521739130434783,0.21375689864046302,0,0.26785714285714285,23,10,13,1.3086331591704659,1.39838585044257,0.21375689864046302,1.0
Zm00001eb061850,2,0.5238095238095237,0.5714285714285714,0.3383458646616541,0,0.5535714285714286,21,12,9,0.34595707754296956,0.5346116676503628,0.7050067573707859,1.0
Zm00001eb061860,2,0.7916666666666667,0.8333333333333334,0.34288537549407117,0,3.4375,24,21,3,0.47155169319888507,0.44266729411384614,0.48647679667322064,1.0
Zm00001eb061880,2,0.5833333333333334,0.5833333333333334,0.4782608695652174,0,2.5,24,12,12,0.5075887145662165,0.6330190846911782,0.6686884898637815,1.0
Zm00001eb061890,1,0.875,0.875,0.23913043478260868,0,10.0,24,3,21,0.4473918477447032,0.39107860928157717,0.23913043478260868,1.0
Zm00001eb061910,3,0.625,0.6666666666666666,0.36176409402954024,0,1.4000000000000001,24,16,8,0.5778229642803702,0.6780633422989137,0.830529694747808,1.0
Zm00001eb062040,9,0.6111111111111112,0.75,0.03241188299742614,3,4.231481481481481,24,14,10,0.4229365920041685,0.5319186838385963,0.0515268014130536,1.0
Zm00001eb062050,1,0.6666666666666666,0.6666666666666666,0.35436016511867907,0,0.36363636363636365,21,14,7,0.4553134862898762,0.5145279705287022,0.35436016511867907,1.0
Zm00001eb062220,1,0.5714285714285714,0.5714285714285714,0.6351172047766475,0,0.5185185185185185,21,5,16,0.4378606332636417,0.6069270906089373,0.6351172047766475,1.0
Zm00001eb062250,1,0.6,0.6,0.4666666666666667,0,,15,7,8,0.36439240789117255,0.5045452310874935,0.4666666666666667,1.0
Zm00001eb062330,1,0.6190476190476191,0.6190476190476191,0.6107916850950906,0,0.4,21,5,16,0.5105546518893603,0.5312854001830515,0.6107916850950906,1.0
Zm00001eb062360,1,0.5454545454545454,0.5454545454545454,0.6739938080495356,0,0.5833333333333334,22,9,13,0.2721453802850075,0.3918185407149768,0.6739938080495356,1.0
Zm00001eb062490,3,0.6296296296296297,0.7222222222222222,0.24509803921568624,0,0.33888888888888885,18,7,11,0.47310533471239036,0.7727492300826719,0.46655201475980534,1.0
Zm00001eb062500,1,0.625,0.625,1.0,0,1.75,24,9,15,0.310236891006543,0.370351365467724,1.0,1.0
Zm00001eb062520,2,0.5217391304347826,0.5217391304347826,1.0,0,1.4444444444444444,23,11,12,0.45119722967370157,0.5360364847413368,1.0,1.0
Zm00001eb062530,2,0.5526315789473684,0.5789473684210527,0.6332460109549893,0,1.775,19,11,8,0.22656541638949393,0.3038806567757981,0.9225737636637485,1.0
Zm00001eb062620,2,0.5952380952380952,0.6190476190476191,0.39642772088592515,0,0.4857142857142857,21,12,9,0.28002153467567004,0.3145535427035625,0.617690290097729,1.0
Zm00001eb062720,1,0.6086956521739131,0.6086956521739131,1.0,0,0.8333333333333334,23,6,17,0.2398008122448099,0.2629731105330381,1.0,1.0
Zm00001eb062730,1,0.782608695652174,0.782608695652174,0.08300395256916995,0,,23,16,7,0.22427868335515858,0.26989836978562276,0.08300395256916995,1.0
Zm00001eb062760,3,0.49275362318840576,0.6521739130434783,0.3712029434199309,0,1.4166666666666667,23,15,8,0.21205077651066823,0.24271980752438252,0.9213454313453745,1.0
Zm00001eb062850,2,0.5416666666666667,0.5833333333333334,0.4927536231884059,0,1.5,24,10,14,0.2574092424621869,0.29880821613848996,0.8414980191211208,1.0
Zm00001eb062860,3,0.5714285714285714,0.5714285714285714,1.0,0,1.0,7,3,4,0.8809743198914728,1.064834920100654,1.0,1.0
Zm00001eb062880,1,0.4,0.4,1.0,0,1.125,15,11,4,0.9481101832884864,1.0546088042884831,1.0,1.0
Zm00001eb063210,2,0.75,0.8333333333333334,0.4000000000000001,0,0.25,6,3,3,1.647766268112327,2.2107741439813977,0.766516292749662,1.0
Zm00001eb063220,4,0.5909090909090909,0.6818181818181818,0.5272727272727271,0,0.5463286713286714,22,14,8,0.6777366953354852,0.9618370962342302,0.973432666261604,1.0
Zm00001eb063290,1,0.4583333333333333,0.4583333333333333,1.0,0,0.9166666666666666,24,14,10,0.19385562468167428,0.22001916053775356,1.0,1.0
Zm00001eb063360,2,0.6052631578947368,0.631578947368421,0.303405572755418,0,4.3809523809523805,19,9,10,0.7165389795605464,0.9006102861479556,0.4827927542284781,1.0
Zm00001eb063380,2,0.7173913043478262,0.782608695652174,0.45285149632975713,0,1.2598039215686274,23,19,4,0.6858829079244744,0.6664451002303098,0.6191777610492967,1.0
Zm00001eb063390,1,0.43478260869565216,0.43478260869565216,0.5392433653303219,0,,23,17,6,0.20359772105916757,0.20363137359328437,0.5392433653303219,1.0
Zm00001eb063430,1,0.6363636363636364,0.6363636363636364,0.6302244582043346,0,0.48484848484848486,22,7,15,0.3826650032554749,0.47446108142164384,0.6302244582043346,1.0
Zm00001eb063530,4,0.375,0.5,0.266304347826087,0,1.0,24,21,3,0.7315442632670196,0.6185047620197133,0.9545629598054003,1.0
Zm00001eb063610,1,0.55,0.55,1.0,0,1.0,20,15,5,0.3839384113291612,0.39413477908932026,1.0,1.0
Zm00001eb063660,1,0.375,0.375,1.0,0,1.0,24,8,16,0.6046651722540083,0.7134583345748166,1.0,1.0
Zm00001eb063680,1,0.5454545454545454,0.5454545454545454,1.0,0,0.8888888888888888,22,15,7,0.44567796064834814,0.5059262898475728,1.0,1.0
Zm00001eb063710,3,0.5797101449275363,0.6521739130434783,0.37878583927850307,0,2.914285714285714,23,8,15,0.29240230995184413,0.3706691990771782,0.652432546935461,1.0
Zm00001eb063900,1,0.5,0.5,0.6146245059288538,0,0.34375,24,15,9,0.2610403429006571,0.3400253230280642,0.6146245059288538,1.0
Zm00001eb063930,1,0.5,0.5,1.0,0,0.9375,16,7,9,0.8017381716319293,1.039374216058927,1.0,1.0
Zm00001eb063960,2,0.6190476190476191,0.6190476190476191,0.38699690402476783,0,2.8,21,10,11,0.6211121158639565,0.7345271272740169,0.4341250353210626,1.0
Zm00001eb063970,1,0.625,0.625,0.6146245059288538,0,2.5714285714285716,24,5,19,0.9302126370001655,0.6792626484677963,0.6146245059288538,1.0
Zm00001eb063990,1,0.6521739130434783,0.6521739130434783,0.34128800261523373,0,3.6666666666666665,23,6,17,0.1482757019045333,0.17278157230279273,0.34128800261523373,1.0
Zm00001eb064000,1,0.6086956521739131,0.6086956521739131,0.3707093821510298,0,2.857142857142857,23,17,6,0.5429167122994892,0.5193281438263551,0.3707093821510298,1.0
Zm00001eb064030,1,0.6521739130434783,0.6521739130434783,0.0886207613896401,0,7.714285714285714,23,7,16,0.335309885766907,0.3501788890721955,0.0886207613896401,1.0
Zm00001eb064100,1,0.5416666666666666,0.5416666666666666,0.6529366895499618,0,2.2222222222222223,24,7,17,0.24694386703550275,0.331221266897349,0.6529366895499618,1.0
Zm00001eb064340,2,0.7045454545454546,0.7272727272727273,0.29186602870813394,0,0.30952380952380953,22,6,16,0.2126080080672284,0.24938295034969768,0.324488534688539,1.0
Zm00001eb064380,1,0.4782608695652174,0.4782608695652174,1.0,0,0.6666666666666666,23,8,15,0.31640818419446515,0.3385358857140397,1.0,1.0
Zm00001eb064400,2,0.6304347826086957,0.6521739130434783,0.36303674787992996,0,0.9954545454545454,23,16,7,0.21249391820146868,0.20859074518177534,0.5803945555174241,1.0
Zm00001eb064480,2,0.5714285714285714,0.5714285714285714,0.6424148606811144,0,0.4,21,9,12,0.8329302558951431,0.9666530530638299,0.7779508880187991,1.0
Zm00001eb064540,2,0.5476190476190477,0.6190476190476191,0.6177109440267334,0,1.2916666666666665,21,13,8,0.5878037860232649,1.0097868971397963,0.9152837150422669,1.0
Zm00001eb064580,2,0.5789473684210527,0.5789473684210527,0.6332460109549893,0,1.9642857142857144,19,11,8,0.21930845563569654,0.3243506901603932,0.9225737636637485,1.0
Zm00001eb064600,1,0.7222222222222222,0.7222222222222222,0.24509803921568635,0,7.5,18,7,11,0.1734536451651098,0.22633664206140347,0.24509803921568635,1.0
Zm00001eb064650,3,0.753623188405797,0.782608695652174,0.4528514963297572,0,2.277777777777778,23,20,3,0.2909642566542871,0.34754937864899393,0.6692692649381129,1.0
Zm00001eb064680,1,0.375,0.375,0.5464426877470356,0,,24,21,3,0.24582538412250035,0.19305209249520067,0.5464426877470356,1.0
Zm00001eb064700,2,0.6,0.7,0.4444444444444445,0,1.0,10,5,5,0.5981523339136726,0.8120489883299338,0.804857873873924,1.0
Zm00001eb064710,2,0.575,0.6,0.3188854489164087,0,0.7522321428571429,20,11,9,0.40158715461542194,0.519452344151948,0.6833470696726971,1.0
Zm00001eb064750,2,0.625,0.65,0.6126160990712073,0,0.8666666666666667,20,7,13,0.66975345348473,0.7753845219632444,0.9128082826428031,1.0
Zm00001eb064770,1,0.55,0.55,0.6026831785345719,0,0.2857142857142857,20,12,8,0.18904652616775025,0.28367536412174627,0.6026831785345719,1.0
Zm00001eb064780,1,0.4782608695652174,0.4782608695652174,0.2724895242057713,0,,23,6,17,0.9666769994206852,1.1582907293198677,0.2724895242057713,1.0
Zm00001eb064850,2,0.7105263157894737,0.7368421052631579,0.05727554179566564,0,7.291666666666667,19,13,6,0.25808387075433364,0.30150101761451953,0.09165162858234681,1.0
Zm00001eb064870,3,0.6507936507936508,0.8571428571428571,0.027568922305764413,1,0.17037037037037037,21,17,4,0.29067491513026744,0.3083214543953489,0.08891489252934508,1.0
Zm00001eb064890,1,0.5714285714285714,0.5714285714285714,1.0,0,1.35,21,7,14,0.18348497803447048,0.22490809924626626,1.0,1.0
Zm00001eb064970,1,0.5238095238095238,0.5238095238095238,0.6556587547299622,0,0.5333333333333333,21,8,13,0.43709992017591615,0.5427160866049987,0.6556587547299622,1.0
Zm00001eb064990,1,0.55,0.55,1.0,0,1.5555555555555556,20,10,10,0.17222749212286387,0.2070051641704091,1.0,1.0
Zm00001eb065000,1,0.47619047619047616,0.47619047619047616,1.0,0,0.72,21,14,7,0.8071945312933141,0.8792424775152454,1.0,1.0
Zm00001eb065090,1,0.5,0.5,0.6126160990712074,0,0.375,20,13,7,0.1659525037598267,0.20399430377281944,0.6126160990712074,1.0
Zm00001eb065390,1,0.5882352941176471,0.5882352941176471,0.6436651583710407,0,1.75,17,10,7,0.203186227116906,0.25265600413223194,0.6436651583710407,1.0
Zm00001eb065630,3,0.3768115942028986,0.391304347826087,0.5392433653303218,0,,23,17,6,1.8817888188612677,1.613301462967647,0.8717707493029259,1.0
Zm00001eb065710,1,0.6842105263157895,0.6842105263157895,1.0,0,2.4,19,6,13,1.1291272775757544,1.3238774192311307,1.0,1.0
Zm00001eb065720,2,0.391304347826087,0.4782608695652174,1.0,0,0.4583333333333333,23,4,19,0.27337549051963367,0.25434371641514497,1.0,1.0
Zm00001eb065740,4,0.5543478260869565,0.6086956521739131,0.33935629587803495,0,2.0370370370370368,23,10,13,0.2777737494049887,0.32874888028305926,0.6923866690980245,1.0
Zm00001eb065760,5,0.5652173913043479,0.6521739130434783,0.4003230582850989,0,0.9125,23,8,15,0.4316412098455358,0.4969329383956289,0.8824968058091578,1.0
Zm00001eb065800,1,0.625,0.625,0.6083916083916083,0,0.3333333333333333,16,8,8,0.19685018940504906,0.31604543613620395,0.6083916083916083,1.0
Zm00001eb065890,1,0.4,0.4,1.0,0,,20,6,14,0.7093626652190759,1.04270062334509,1.0,1.0
Zm00001eb065920,2,0.5952380952380952,0.6190476190476191,0.21428571428571427,0,2.5,21,11,10,0.4042588957466383,0.4532285942140844,0.38632436634809814,1.0
Zm00001eb065940,1,0.6666666666666666,0.6666666666666666,0.5975232198142414,0,0.5,21,5,16,0.14170572098518983,0.16023908610249613,0.5975232198142414,1.0
Zm00001eb066010,3,0.6111111111111112,0.7083333333333334,0.5072463768115942,0,1.421031746031746,24,7,17,0.37618894310983597,0.3652760061222384,0.9013034968125725,1.0
Zm00001eb066060,1,0.5263157894736842,0.5263157894736842,1.0,0,1.5,19,14,5,0.27191209853733966,0.482666171600152,1.0,1.0
Zm00001eb066100,2,0.575,0.65,0.5210526315789474,0,2.0,20,13,7,0.554077627551649,0.6622917380847771,0.860729042002967,1.0
Zm00001eb066110,1,0.5909090909090909,0.5909090909090909,0.5864661654135339,0,3.75,22,18,4,0.5835425551922816,0.5472084367591588,0.5864661654135339,1.0
Zm00001eb066180,2,0.625,0.625,0.6146245059288536,0,1.8571428571428572,24,4,20,0.28260425646512893,0.3618774976964161,0.745511122898852,1.0
Zm00001eb066210,3,0.7083333333333334,0.75,0.11888111888111888,0,0.19999999999999998,16,6,10,0.7838235963591573,0.9495701401728557,0.14646559697319955,1.0
Zm00001eb066260,1,0.45454545454545453,0.45454545454545453,0.5151515151515151,0,,22,8,14,0.12542700692715483,0.17290721715763677,0.5151515151515151,1.0
Zm00001eb066330,1,0.4117647058823529,0.4117647058823529,1.0,0,1.1111111111111112,17,3,14,0.42222595355427456,0.51181703301317,1.0,1.0
Zm00001eb066370,2,0.5909090909090908,0.6363636363636364,0.3869969040247679,0,0.4525462962962963,22,11,11,0.1220474887687531,0.1671409372823346,0.7543879976471964,1.0
Zm00001eb066580,1,0.5833333333333334,0.5833333333333334,1.0,0,0.7272727272727273,24,7,17,0.4330977222525511,0.4691177758033862,1.0,1.0
Zm00001eb066630,1,0.34782608695652173,0.34782608695652173,1.0,0,1.1428571428571428,23,5,18,0.38204630388426053,0.3161736966104748,1.0,1.0
Zm00001eb066640,1,0.7272727272727273,0.7272727272727273,1.0,0,1.6666666666666667,22,18,4,0.4632231985906543,0.45761192998041106,1.0,1.0
Zm00001eb066830,2,0.6590909090909091,0.6818181818181818,0.6243550051599587,0,0.9272727272727272,22,6,16,1.1373261953842413,1.0642143027963686,0.9184487854336991,1.0
Zm00001eb066880,2,0.75,0.8,0.13333333333333333,0,6.0,10,4,6,0.9885973295893946,1.27304876854034,0.2557259177151777,1.0
Zm00001eb066910,3,0.5303030303030303,0.5909090909090909,0.33303847854931445,0,0.5920634920634921,22,9,13,0.48206197096174486,0.5525242312522748,0.9005175090041994,1.0
Zm00001eb066940,2,0.5277777777777778,0.5555555555555556,0.24509803921568624,0,,18,12,6,0.0360082094542589,0.042375306222632365,0.38732332080304455,1.0
Zm00001eb066960,1,0.42105263157894735,0.42105263157894735,1.0,0,,19,6,13,0.5199794082445869,0.559040670736487,1.0,1.0
Zm00001eb067040,2,0.8888888888888888,0.8888888888888888,0.04761904761904762,2,,9,4,5,0.6919600554776222,0.7841863522909405,0.01607493169035566,1.0
Zm00001eb067080,1,0.8333333333333334,0.8333333333333334,0.0424901185770751,1,0.0784313725490196,24,5,19,0.4492503187701434,0.49049989529135996,0.0424901185770751,1.0
Zm00001eb067090,1,0.7142857142857143,0.7142857142857143,0.5054945054945055,0,3.0,14,10,4,1.160478833233278,1.1313281991918112,0.5054945054945055,1.0
Zm00001eb067160,1,0.5238095238095238,0.5238095238095238,0.25497076023391807,0,,21,14,7,0.3310635718039592,0.3421122664175204,0.25497076023391807,1.0
Zm00001eb067200,1,0.5454545454545454,0.5454545454545454,0.6461742591773552,0,0.5,22,16,6,0.17438218330698146,0.2228854441358985,0.6461742591773552,1.0
Zm00001eb067220,1,0.5,0.5,1.0,0,1.8181818181818181,24,21,3,0.2606027844918822,0.24136476707919668,1.0,1.0
Zm00001eb067230,1,0.6956521739130435,0.6956521739130435,1.0,0,1.5,23,6,17,1.179091365510006,1.397810634716411,1.0,1.0
Zm00001eb067290,1,0.2916666666666667,0.2916666666666667,1.0,0,,24,19,5,0.33681679018280186,0.304054101375301,1.0,1.0
Zm00001eb067340,1,0.5416666666666666,0.5416666666666666,1.0,0,1.6666666666666667,24,12,12,0.14918444547431536,0.18441054510279123,1.0,1.0
Zm00001eb067450,1,0.35,0.35,1.0,0,,20,4,16,0.9887620280744993,0.7747765160474623,1.0,1.0
Zm00001eb067550,1,0.7619047619047619,0.7619047619047619,0.42857142857142855,0,0.26666666666666666,21,5,16,0.23347260398439507,0.2112180163780839,0.42857142857142855,1.0
Zm00001eb067560,3,0.5238095238095238,0.5238095238095238,1.0,0,1.0592592592592593,21,11,10,0.19762362697605673,0.25370582546408726,1.0,1.0
Zm00001eb067570,1,0.6666666666666666,0.6666666666666666,0.331048208757187,0,4.0,21,12,9,0.28119640196256146,0.34411520387681516,0.331048208757187,1.0
Zm00001eb067580,2,0.47619047619047616,0.5714285714285714,0.3359133126934985,0,0.22857142857142856,21,15,6,0.18274750838153292,0.23345787078179822,0.7023618678057972,1.0
Zm00001eb067630,1,0.6363636363636364,0.6363636363636364,0.567099567099567,0,0.3333333333333333,11,6,5,1.1501623302908113,1.3608303111423934,0.567099567099567,1.0
Zm00001eb067700,4,0.5625,0.625,0.3271221532091097,0,1.6316666666666668,24,13,11,0.33706322575197895,0.4237599173154777,0.8465324240473213,1.0
Zm00001eb067740,1,0.4583333333333333,0.4583333333333333,0.28326745718050067,0,,24,17,7,0.45570364737506125,0.5032337402277876,0.28326745718050067,1.0
Zm00001eb067810,5,0.51,0.7,0.5304437564499483,0,1.5777777777777777,20,16,4,0.24630296257520187,0.2453697184893894,0.9913539256202777,1.0
Zm00001eb067960,2,0.4090909090909091,0.4090909090909091,1.0,0,1.1666666666666667,22,8,14,0.3807497003238483,0.5388564491469975,1.0,1.0
Zm00001eb068000,2,0.6875,0.875,0.14285714285714288,0,1.0,8,4,4,0.6823951418653478,1.0291037940963939,0.4208443070079023,1.0
Zm00001eb068040,1,0.5,0.5,1.0,0,1.0,22,11,11,0.19835426578105764,0.2592988210373093,1.0,1.0
Zm00001eb068120,1,0.2608695652173913,0.2608695652173913,1.0,0,,23,4,19,1.2484038711082457,1.4185210732599607,1.0,1.0
Zm00001eb068130,1,0.6521739130434783,0.6521739130434783,0.22129492529277153,0,0.3,23,10,13,0.3721136122244459,0.5517839567489723,0.22129492529277153,1.0
Zm00001eb068160,2,0.625,0.625,0.6146245059288538,0,1.2692307692307692,24,15,9,0.2162495129341037,0.2715256325025379,0.7574435159803026,1.0
Zm00001eb068170,1,0.7333333333333333,0.7333333333333333,0.4761904761904762,0,0.3,15,11,4,1.2314831772619328,1.339204169084877,0.4761904761904762,1.0
Zm00001eb068390,1,0.6818181818181818,0.6818181818181818,0.19195046439628483,0,4.5,22,13,9,0.41734906254529486,0.5316136321888322,0.19195046439628483,1.0
Zm00001eb068400,3,0.5972222222222222,0.625,0.3167701863354037,0,2.015151515151515,24,12,12,0.8995409590190538,1.1165210966103554,0.6214715219139813,1.0
Zm00001eb068440,1,0.6666666666666666,0.6666666666666666,0.28205128205128205,0,5.25,15,8,7,0.7384270983012539,0.8954292244475957,0.28205128205128205,1.0
Zm00001eb068480,1,0.5,0.5,0.5151515151515151,0,,12,4,8,0.83613696213354,0.7918860326284983,0.5151515151515151,1.0
Zm00001eb068540,1,0.4090909090909091,0.4090909090909091,0.5352016404647985,0,,22,18,4,0.21900793737922764,0.20501971975431219,0.5352016404647985,1.0
Zm00001eb068600,2,0.5,0.625,0.05303030303030303,0,,24,5,19,0.46955402880194774,0.3830210193891945,0.1311445632037729,1.0
Zm00001eb068630,1,0.43478260869565216,0.43478260869565216,1.0,0,1.75,23,15,8,0.31363115520834506,0.3876443491662985,1.0,1.0
Zm00001eb068710,4,0.6071428571428571,0.7619047619047619,0.023735810113519093,1,4.977777777777778,21,13,8,0.2713743709022608,0.5785640978535928,0.22504941101281872,1.0
Zm00001eb068780,1,0.5238095238095238,0.5238095238095238,0.4857142857142857,0,,21,9,12,0.22801730480938473,0.2753157234136717,0.4857142857142857,1.0
Zm00001eb068860,1,0.6470588235294118,0.6470588235294118,0.3469354175236529,0,0.3,17,9,8,0.5863915927396224,0.7427558861308352,0.3469354175236529,1.0
Zm00001eb069040,2,0.55,0.6,1.0,0,1.3333333333333335,10,4,6,1.0600789866675442,1.2707555790721274,1.0,1.0
Zm00001eb069090,2,0.6,0.6,1.0,0,0.5982142857142857,15,6,9,0.41741275972461434,0.7981298711476862,1.0,1.0
Zm00001eb069100,2,0.5714285714285714,0.5714285714285714,0.2507492507492507,0,1.5,14,4,10,2.576664627653778,2.6919641924781788,0.5976111507353072,1.0
Zm00001eb069120,2,0.6875,0.6875,0.2994505494505495,0,0.25,16,11,5,0.22603488310106085,0.29019667161762736,0.30592140008192936,1.0
Zm00001eb069220,1,0.625,0.625,1.0,0,1.75,24,9,15,0.34372179463203306,0.39860789178775724,1.0,1.0
Zm00001eb069290,1,0.391304347826087,0.391304347826087,0.5392433653303219,0,,23,18,5,0.2962543653276208,0.29737645032542676,0.5392433653303219,1.0
Zm00001eb069310,1,0.21739130434782608,0.21739130434782608,1.0,0,,23,20,3,1.7530742205193661,1.4488000661666398,1.0,1.0
Zm00001eb069350,3,0.5416666666666666,0.5833333333333334,0.3890664961636829,0,0.9040816326530612,24,9,15,0.30070294792583424,0.3893077843016269,0.8496947753421673,1.0
Zm00001eb069500,2,0.6521739130434783,0.6521739130434783,1.0,0,1.1666666666666667,23,16,7,0.2763310662285182,0.3144790261857099,1.0,1.0
Zm00001eb069580,4,0.5340909090909091,0.6363636363636364,0.6243550051599589,0,0.6076839826839827,22,16,6,0.49677408307291687,0.6023406820187179,0.9861563725003131,1.0
Zm00001eb069630,1,0.625,0.625,0.3707093821510298,0,0.28,24,17,7,0.9763400945890858,1.112182351709192,0.3707093821510298,1.0
Zm00001eb070060,1,0.6153846153846154,0.6153846153846154,0.4615384615384615,0,,13,7,6,0.18928289159593337,0.2716470191097524,0.4615384615384615,1.0
Zm00001eb070170,2,0.7647058823529411,0.8235294117647058,0.07352941176470588,0,2.75,17,5,12,1.2638462359835383,1.2640087193958782,0.16176257598940796,1.0
Zm00001eb070230,1,0.5652173913043478,0.5652173913043478,0.34012897857291446,0,0.225,23,14,9,0.4923634754400825,0.7452677589897768,0.34012897857291446,1.0
Zm00001eb070260,1,0.6111111111111112,0.6111111111111112,1.0,0,0.6,18,7,11,0.2573198670947317,0.35832533544294937,1.0,1.0
Zm00001eb070360,1,0.6,0.6,1.0,0,0.75,20,15,5,0.10095868989049912,0.10332945381122442,1.0,1.0
Zm00001eb070390,2,0.53125,0.5625,1.0,0,1.557142857142857,16,9,7,0.49050369146716416,0.7222407512090891,1.0,1.0
Zm00001eb070400,1,0.5714285714285714,0.5714285714285714,1.0,0,1.5,21,15,6,0.7398039063215214,1.1911881930468227,1.0,1.0
Zm00001eb070510,1,0.625,0.625,0.3904518329070759,0,0.36,24,11,13,0.5292350275676364,0.6221270283109995,0.3904518329070759,1.0
Zm00001eb070520,2,0.5555555555555556,0.6111111111111112,0.6078431372549021,0,0.49404761904761907,18,10,8,2.989078260121655,3.0830927383646007,0.9104508093218543,1.0
Zm00001eb070550,2,0.5681818181818181,0.5909090909090909,0.6351172047766476,0,2.1294642857142856,22,11,11,0.2542853160148285,0.3585041607797851,0.9234259432790064,1.0
Zm00001eb070570,5,0.5181818181818182,0.7272727272727273,0.09022556390977444,0,1.3,22,4,18,0.4738078978344962,0.39826634054144056,0.8296503133067856,1.0
Zm00001eb070820,1,0.6666666666666666,0.6666666666666666,0.5783926218708827,0,2.3333333333333335,24,20,4,0.5765547812103365,0.703657649062539,0.5783926218708827,1.0
Zm00001eb070840,2,0.7045454545454546,0.7272727272727273,0.29186602870813394,0,1.4428571428571428,22,18,4,0.24853524475632388,0.3228651293550745,0.46191217898084025,1.0
Zm00001eb070860,3,0.4492753623188406,0.5652173913043478,0.12727272727272726,0,2.1818181818181817,23,4,19,0.464636807392579,0.41609022895377146,0.6600561549550288,1.0
Zm00001eb070900,3,0.5797101449275363,0.6086956521739131,0.399784627809934,0,1.4293345543345544,23,9,14,0.8807918321733446,1.1338844283252192,0.9343435686364107,1.0
Zm00001eb071010,1,0.45454545454545453,0.45454545454545453,1.0,0,1.2,11,8,3,1.0065051301849108,1.2167732615149165,1.0,1.0
Zm00001eb071050,4,0.5869565217391304,0.6521739130434783,0.339356295878035,0,1.2648809523809523,23,18,5,0.5738427717554153,0.48307535238980165,0.4946689308438429,1.0
Zm00001eb071090,2,0.625,0.625,0.4642857142857143,0,0.5,8,3,5,1.0211448407979875,1.5110676920176485,0.820511320902774,1.0
Zm00001eb071120,1,0.6666666666666666,0.6666666666666666,0.5238095238095238,0,0.25,9,6,3,0.32325429199241734,0.4384540364242634,0.5238095238095238,1.0
Zm00001eb071190,1,0.8333333333333334,0.8333333333333334,0.09881422924901187,0,0.08333333333333333,24,19,5,0.6283355600622663,0.5927239559209269,0.09881422924901187,1.0
Zm00001eb071280,2,0.6666666666666666,0.6666666666666666,0.16304347826086957,0,,24,14,10,0.16480866569796268,0.19753454165543158,0.12301302802174784,1.0
Zm00001eb071290,1,0.5833333333333334,0.5833333333333334,1.0,0,0.7575757575757576,24,16,8,0.577133063384656,0.639948925555558,1.0,1.0
Zm00001eb071300,1,0.38095238095238093,0.38095238095238093,1.0,0,1.0,21,7,14,0.1707314195080934,0.208724036732773,1.0,1.0
Zm00001eb071460,1,0.6666666666666666,0.6666666666666666,1.0,0,2.142857142857143,24,16,8,0.2851513843076778,0.3057757569856306,1.0,1.0
Zm00001eb071470,1,0.8333333333333334,0.8333333333333334,0.34288537549407117,0,4.75,24,3,21,0.31195683774639066,0.31041887670724566,0.34288537549407117,1.0
Zm00001eb071480,3,0.6666666666666666,0.7272727272727273,0.48051948051948057,0,0.38888888888888884,22,6,16,0.26803869048033974,0.676983307125899,0.7030558899561541,1.0
Zm00001eb071490,1,0.6818181818181818,0.6818181818181818,0.2642515379357484,0,6.0,22,4,18,0.46331613090965396,0.44982281185234774,0.2642515379357484,1.0
Zm00001eb071580,1,0.6111111111111112,0.6111111111111112,0.5764705882352941,0,0.25,18,14,4,0.5732013812773229,0.7460378641583664,0.5764705882352941,1.0
Zm00001eb071590,1,0.30434782608695654,0.30434782608695654,1.0,0,,23,4,19,0.26217775708058744,0.21368321970234186,1.0,1.0
Zm00001eb071600,5,0.5833333333333334,0.75,0.2363636363636364,0,0.5079365079365079,12,8,4,0.746454760990685,0.8000163969481571,0.8620213323130861,1.0
Zm00001eb071700,2,0.5833333333333334,0.6111111111111112,0.5588235294117647,0,1.8571428571428572,18,10,8,0.5204943520947859,0.8233083482027458,0.8840149812807264,1.0
Zm00001eb071750,1,0.631578947368421,0.631578947368421,0.21052631578947367,0,,19,10,9,0.370164048921938,0.4881320743487947,0.21052631578947367,1.0
Zm00001eb071780,1,0.7368421052631579,0.7368421052631579,0.2218782249742002,0,6.0,19,6,13,0.2765264282489489,0.32042167857253545,0.2218782249742002,1.0
Zm00001eb071860,2,0.5263157894736842,0.5789473684210527,1.0,0,1.1875,19,13,6,0.23688381135123934,0.25682499675433457,1.0,1.0
Zm00001eb071940,1,0.6190476190476191,0.6190476190476191,0.5533834586466165,0,0.3181818181818182,21,3,18,1.299227440441547,1.0289112883084641,0.5533834586466165,1.0
Zm00001eb072000,2,0.42857142857142855,0.47619047619047616,0.545530492898914,0,0.47619047619047616,21,17,4,0.25977645604843264,0.24442910897161804,0.876120103852838,1.0
Zm00001eb072100,2,0.47916666666666663,0.5,0.6310935441370225,0,1.8416666666666668,24,19,5,0.44399234361723855,0.36601714000840946,0.9215866471840295,1.0
Zm00001eb072220,1,0.625,0.625,0.6146245059288538,0,0.3888888888888889,24,5,19,0.40325879718696217,0.35991759519406585,0.6146245059288538,1.0
Zm00001eb072270,2,0.6428571428571428,0.6666666666666666,0.5742690058479532,0,1.7,21,7,14,0.41547221703204135,0.5081747101650507,0.8927915257319762,1.0
Zm00001eb072360,2,0.5416666666666666,0.625,0.550395256916996,0,2.375,24,21,3,0.3893231172266018,0.3953312628249716,0.8790465076339038,1.0
Zm00001eb072510,1,0.5652173913043478,0.5652173913043478,1.0,0,1.4285714285714286,23,13,10,0.49483754744738845,0.6499708572820182,1.0,1.0
Zm00001eb072580,1,0.5,0.5,1.0,0,1.8181818181818181,24,11,13,0.5301890205071074,0.6336598104452168,1.0,1.0
Zm00001eb072720,1,0.3888888888888889,0.3888888888888889,1.0,0,,18,13,5,0.12615880425467876,0.16406824194757086,1.0,1.0
Zm00001eb072780,1,0.7142857142857143,0.7142857142857143,1.0,0,1.75,21,5,16,0.6979254323211427,0.6663568013924736,1.0,1.0
Zm00001eb072870,3,0.6349206349206349,0.8571428571428571,0.07969924812030076,0,0.10267857142857142,21,3,18,0.8062753098614431,0.7821096196313642,0.2074533638014446,1.0
Zm00001eb072880,1,0.5555555555555556,0.5555555555555556,0.5000000000000001,0,,9,3,6,1.0392095420717247,1.0482999516736484,0.5000000000000001,1.0
Zm00001eb072990,1,0.6666666666666666,0.6666666666666666,1.0,0,2.5,9,3,6,0.24899364641202526,0.328895820741761,1.0,1.0
Zm00001eb073030,3,0.47826086956521735,0.6521739130434783,0.5256916996047429,0,0.8571428571428571,23,3,20,0.7319073388560943,0.5675315258830076,0.9724196764651625,1.0
Zm00001eb073250,3,0.6086956521739131,0.6521739130434783,0.058179044449067324,0,2.0833333333333335,23,8,15,0.3274315784576442,0.4029270308032816,0.19086228726691526,1.0
Zm00001eb073290,2,0.5714285714285714,0.7142857142857143,0.2473684210526316,0,3.4181818181818184,21,7,14,0.6309677021502514,0.7313018705205699,0.592911547953527,1.0
Zm00001eb073340,2,0.391304347826087,0.391304347826087,0.5392433653303218,0,,23,4,19,0.7591510944266646,0.7104435250500983,0.6499522655436214,1.0
Zm00001eb073350,1,0.6521739130434783,0.6521739130434783,1.0,0,0.8571428571428571,23,7,16,0.9132471336017932,0.9886435491948927,1.0,1.0
Zm00001eb073370,2,0.6428571428571428,0.7142857142857143,0.48571428571428565,0,3.3333333333333335,7,4,3,0.5026179010986951,0.6443927675545782,0.8364654341818388,1.0
Zm00001eb073480,3,0.5972222222222222,0.6666666666666666,0.6080368906455862,0,1.5805555555555557,24,7,17,2.295061079437898,2.5592252456433737,0.9857996680915403,1.0
Zm00001eb073530,1,0.5789473684210527,0.5789473684210527,1.0,0,0.625,19,8,11,1.0594591632881167,1.4162473310235122,1.0,1.0
Zm00001eb073540,2,0.5263157894736842,0.5263157894736842,1.0,0,1.2857142857142856,19,13,6,0.15362264386882218,0.28262233801716097,1.0,1.0
Zm00001eb073550,2,0.5357142857142857,0.5714285714285714,1.0,0,1.1333333333333333,14,6,8,0.5513679572133409,0.8667765426307514,1.0,1.0
Zm00001eb073580,1,0.7142857142857143,0.7142857142857143,0.13752913752913754,0,0.12,14,8,6,0.29822115007437455,0.3640747393018831,0.13752913752913754,1.0
Zm00001eb073610,1,0.625,0.625,0.4666666666666667,0,,16,8,8,1.1919464592347093,1.3489425951004421,0.4666666666666667,1.0
Zm00001eb073680,1,0.5,0.5,1.0,0,1.0,14,7,7,0.486865709645956,0.6561532680012407,1.0,1.0
Zm00001eb073750,1,0.6086956521739131,0.6086956521739131,0.55957086391869,0,3.0,23,13,10,0.3403074117132921,0.40606058422672064,0.55957086391869,1.0
Zm00001eb073810,3,0.5277777777777778,0.6666666666666666,0.5783926218708827,0,1.1428571428571428,24,4,20,0.29461244767721156,0.28408324998399553,0.9132927604307605,1.0
Zm00001eb073930,1,0.5263157894736842,0.5263157894736842,1.0,0,0.6666666666666666,19,5,14,0.30229385129829023,0.31107685886528175,1.0,1.0
Zm00001eb074030,1,0.5714285714285714,0.5714285714285714,0.5864661654135339,0,2.5,21,11,10,1.1268252127004816,1.3761715693149295,0.5864661654135339,1.0
Zm00001eb074060,1,0.35,0.35,1.0,0,,20,3,17,0.49158211690794495,0.4264192963733993,1.0,1.0
Zm00001eb074070,2,0.55,0.55,1.0,0,1.7142857142857142,20,5,15,0.14765086584903006,0.17376943260580624,1.0,1.0
Zm00001eb074150,1,0.5384615384615384,0.5384615384615384,1.0,0,1.1111111111111112,13,5,8,0.7077682652469145,0.8374648748990431,1.0,1.0
Zm00001eb074170,1,0.6111111111111112,0.6111111111111112,1.0,0,0.5555555555555556,18,7,11,0.5508199455187874,0.7221148420679185,1.0,1.0
Zm00001eb074240,1,0.7894736842105263,0.7894736842105263,0.1547987616099071,0,8.666666666666666,19,14,5,1.0032209885441115,1.4504172528737338,0.1547987616099071,1.0
Zm00001eb074270,3,0.5555555555555556,0.6190476190476191,0.2549707602339181,0,2.604166666666667,21,7,14,0.3712211408764265,0.44824325180186164,0.5946210788755022,1.0
Zm00001eb074340,2,0.38095238095238093,0.38095238095238093,0.5488721804511278,0,,21,3,18,0.23106597501345028,0.2079634059491982,0.6627070091485048,1.0
Zm00001eb074360,1,0.5238095238095238,0.5238095238095238,1.0,0,1.5,21,16,5,0.4848120308725151,0.4750785230190561,1.0,1.0
Zm00001eb074380,1,0.5714285714285714,0.5714285714285714,1.0,0,0.6666666666666666,7,4,3,0.7941747371739952,0.989036991756512,1.0,1.0
Zm00001eb074460,3,0.48611111111111116,0.8333333333333334,0.3115942028985507,0,6.333333333333333,24,4,20,0.21468550261795374,0.20668379607971682,0.8867640827130652,1.0
Zm00001eb074480,1,0.45454545454545453,0.45454545454545453,1.0,0,1.2,11,4,7,0.2525836642290443,0.3618713918539029,1.0,1.0
Zm00001eb074520,1,0.5714285714285714,0.5714285714285714,0.5864661654135339,0,2.5,21,11,10,0.35038284718580437,0.4394016936711509,0.5864661654135339,1.0
Zm00001eb074570,1,0.6153846153846154,0.6153846153846154,0.5594405594405594,0,0.3333333333333333,13,7,6,0.638078261820219,0.7459185447941481,0.5594405594405594,1.0
Zm00001eb074580,2,0.7083333333333333,0.75,0.2363636363636364,0,5.5,12,3,9,0.6599980714652213,0.8404481465760805,0.38191433656291474,1.0
Zm00001eb074600,1,0.6956521739130435,0.6956521739130435,0.08937945887737245,0,6.3,23,14,9,0.4416624573805947,0.5589797543007415,0.08937945887737245,1.0
Zm00001eb074850,1,0.5555555555555556,0.5555555555555556,1.0,0,2.2857142857142856,18,15,3,1.2616712463240514,1.3398692805373076,1.0,1.0
Zm00001eb074990,2,0.5588235294117647,0.5882352941176471,0.47058823529411764,0,0.8571428571428571,17,8,9,0.5547853442146422,0.723653384603981,0.8253043775888848,1.0
Zm00001eb075160,1,0.6111111111111112,0.6111111111111112,0.6199095022624433,0,2.8,18,6,12,0.2367155306326666,0.3888246449412101,0.6199095022624433,1.0
Zm00001eb075190,1,0.625,0.625,1.0,0,3.0,8,4,4,1.0136630263244073,1.203895000998346,1.0,1.0
Zm00001eb075210,1,0.5263157894736842,0.5263157894736842,0.6026831785345718,0,3.0,19,14,5,0.15052451516957452,0.19380680331621533,0.6026831785345718,1.0
Zm00001eb075310,1,0.8421052631578947,0.8421052631578947,0.29824561403508776,0,7.5,19,3,16,0.29034350679171983,0.22626642989677587,0.29824561403508776,1.0
Zm00001eb075320,1,0.6521739130434783,0.6521739130434783,0.3428333680049927,0,3.0,23,5,18,0.3354784043558542,0.39183992786175775,0.3428333680049927,1.0
Zm00001eb075370,1,0.4782608695652174,0.4782608695652174,0.5019762845849802,0,,23,9,14,0.47941720869437626,1.468035989278264,0.5019762845849802,1.0
Zm00001eb075470,6,0.5238095238095238,0.6666666666666666,0.1588235294117647,0,0.7083333333333333,21,14,7,0.27897930226743456,0.3182724838588801,0.7106452449955131,1.0
Zm00001eb075560,1,0.7727272727272727,0.7727272727272727,0.4112554112554113,0,0.25,22,17,5,0.48985194717718394,0.504908516141168,0.4112554112554113,1.0
Zm00001eb075570,3,0.5138888888888888,0.6666666666666666,1.0,0,0.821875,24,17,7,0.8623467704521732,0.8503246182807079,1.0,1.0
Zm00001eb075630,1,0.7272727272727273,0.7272727272727273,0.030959752321981428,1,12.6,22,10,12,0.2749339849217413,0.35581152002967603,0.030959752321981428,1.0
Zm00001eb075700,1,0.7368421052631579,0.7368421052631579,0.5304437564499483,0,0.46153846153846156,19,15,4,0.9007598082413967,0.7323537997219087,0.5304437564499483,1.0
Zm00001eb075760,1,0.5882352941176471,0.5882352941176471,0.622069107363225,0,2.5,17,10,7,0.3575912201998047,0.4760916462679788,0.622069107363225,1.0
Zm00001eb075810,4,0.5625,0.65,0.5867905056759546,0,0.6693159271284271,20,7,13,0.9739419541401023,1.0894156808591862,0.9824710449674916,1.0
Zm00001eb075900,3,0.5087719298245613,0.5263157894736842,0.4853801169590643,0,0.6428571428571429,19,11,8,0.5950356963707514,0.7230467185621747,0.8223620187534212,1.0
Zm00001eb075910,1,0.5882352941176471,0.5882352941176471,0.6199095022624433,0,0.4166666666666667,17,8,9,0.21698683733601928,0.2953571395105463,0.6199095022624433,1.0
Zm00001eb075990,1,0.47058823529411764,0.47058823529411764,1.0,0,1.1428571428571428,17,11,6,0.7236323662915884,0.9738935878346069,1.0,1.0
Zm00001eb076070,1,0.4444444444444444,0.4444444444444444,0.5241830065359477,0,,18,14,4,0.49054657255922063,0.7759404940125321,0.5241830065359477,1.0
Zm00001eb076150,1,0.5,0.5,1.0,0,1.0,6,3,3,0.5500935046109657,0.7849335116804864,1.0,1.0
Zm00001eb076610,1,0.6666666666666666,0.6666666666666666,0.5454545454545454,0,5.0,12,8,4,0.16322857287207967,0.17418903696835716,0.5454545454545454,1.0
Zm00001eb076780,2,0.6333333333333333,0.6666666666666666,0.32867132867132864,0,2.25,15,5,10,0.1923768236378637,0.27456491264094973,0.6943829394534468,1.0
Zm00001eb076810,1,0.5454545454545454,0.5454545454545454,1.0,0,2.25,11,7,4,0.808946159705928,0.9246764543524595,1.0,1.0
Zm00001eb076990,2,0.5714285714285714,0.7142857142857143,1.0,0,0.5607142857142857,21,5,16,0.8697872553726569,0.786914759516942,1.0,1.0
Zm00001eb077030,2,0.65,0.75,0.11052631578947368,0,0.26666666666666666,20,13,7,0.28666478616514146,0.3681892471108665,0.1660621352180898,1.0
Zm00001eb077180,1,0.6521739130434783,0.6521739130434783,0.5889328063241106,0,0.46153846153846156,23,15,8,0.4682326570218185,0.5599897374262067,0.5889328063241106,1.0
Zm00001eb077220,3,0.6388888888888888,0.6666666666666666,0.10405168932561584,0,2.697420634920635,24,10,14,0.8334406624613541,1.0854612206272611,0.18170345015326145,1.0
Zm00001eb077250,2,0.36363636363636365,0.45454545454545453,0.5227272727272727,0,,22,3,19,1.6700319701770299,1.62314269229912,0.8618180594033991,1.0
Zm00001eb077410,1,0.5882352941176471,0.5882352941176471,0.338235294117647,0,4.0,17,12,5,0.6024046120526295,0.8225461494443671,0.338235294117647,1.0
Zm00001eb077450,1,0.5,0.5,1.0,0,1.5555555555555556,22,9,13,0.3858379621166149,0.550612167852196,1.0,1.0
Zm00001eb077540,2,0.7173913043478262,0.782608695652174,0.08300395256916995,0,0.4444444444444444,23,16,7,0.5901182170707988,0.6071948149575562,0.20558239485503751,1.0
Zm00001eb077630,3,0.6862745098039215,0.7647058823529411,0.1911764705882353,0,6.166666666666666,17,14,3,2.249713313090508,1.7130905026371466,0.26931919744653365,1.0
Zm00001eb077760,2,0.2608695652173913,0.2608695652173913,1.0,0,,23,4,19,0.7352296439261379,0.902867463781833,1.0,1.0
Zm00001eb077790,2,0.75,0.75,0.4892857142857143,0,1.5568181818181819,16,13,3,0.45772713390013836,0.38130262149518973,0.5816516343116218,1.0
Zm00001eb077890,4,0.5357142857142857,0.6190476190476191,0.2621259029927761,0,0.8489177489177488,21,6,15,1.6157775849497644,1.330815241062362,0.6718188953501967,1.0
Zm00001eb077930,4,0.5833333333333334,0.6190476190476191,0.3614551083591331,0,1.0788690476190474,21,11,10,1.3671889576172527,1.7763364162674566,0.7574486556283411,1.0
Zm00001eb078070,1,0.5833333333333334,0.5833333333333334,1.0,0,0.6923076923076923,24,14,10,0.6690582230981484,0.758280960024867,1.0,1.0
Zm00001eb078110,1,0.5,0.5,1.0,0,0.8333333333333334,14,8,6,0.3322840985548413,0.45289229724778013,1.0,1.0
Zm00001eb078140,1,0.5555555555555556,0.5555555555555556,1.0,0,1.6,18,11,7,0.3033758299042379,0.7001022789870421,1.0,1.0
Zm00001eb078350,3,0.6333333333333333,0.65,0.536842105263158,0,3.0444444444444443,20,12,8,0.0996269076447647,0.12249508519267711,0.7607500670194188,1.0
Zm00001eb078480,1,0.5294117647058824,0.5294117647058824,1.0,0,0.5,17,3,14,0.9788246413068764,0.7578231799213572,1.0,1.0
Zm00001eb078490,2,0.5277777777777778,0.6111111111111112,1.0,0,0.5777777777777777,18,4,14,0.33585026551898056,0.4796180394502933,1.0,1.0
Zm00001eb078570,1,0.6842105263157895,0.6842105263157895,1.0,0,2.4,19,13,6,0.6575379801876784,0.8635273344701265,1.0,1.0
Zm00001eb078650,1,0.6470588235294118,0.6470588235294118,1.0,0,0.8,17,14,3,0.42244393262197355,0.3657911305746223,1.0,1.0
Zm00001eb078770,3,0.6315789473684211,0.6842105263157895,0.08668730650154799,0,0.5,19,9,10,0.21522931587203664,0.2772415939381278,0.17720506908995656,1.0
Zm00001eb078780,3,0.5757575757575758,0.6818181818181818,0.28989139515455303,0,0.8166666666666667,22,17,5,0.587680110744181,0.6185537244281875,0.7546452684853353,1.0
Zm00001eb079220,1,0.36363636363636365,0.36363636363636365,1.0,0,,22,19,3,1.3276008621484188,1.6344933355594373,1.0,1.0
Zm00001eb079260,3,0.7719298245614036,0.8421052631578947,0.2218782249742002,0,2.611111111111111,19,16,3,0.17257108525263587,0.1366735167683057,0.20746383402426852,1.0
Zm00001eb079290,7,0.5864661654135338,0.7368421052631579,0.26212590299277605,0,1.1331168831168832,19,13,6,0.6796327743148507,0.6177474734521669,0.9416485635260952,1.0
Zm00001eb079360,3,0.5972222222222222,0.6666666666666666,0.272068511198946,0,0.48329448329448327,24,14,10,0.6275341698593795,0.6783823025345946,0.5175756744182245,1.0
Zm00001eb079510,4,0.6195652173913043,0.782608695652174,0.03286873309756605,1,5.106060606060606,23,8,15,0.17996951082501192,0.20676813153928533,0.2502689612322181,1.0
Zm00001eb079610,1,0.6111111111111112,0.6111111111111112,1.0,0,1.6666666666666667,18,7,11,0.5374814929517949,0.6634315214733955,1.0,1.0
Zm00001eb079760,3,0.5370370370370371,0.5555555555555556,0.5882352941176472,0,0.7195767195767195,18,10,8,0.4054860498223526,0.5030843306609409,0.9831831891028349,1.0
Zm00001eb079820,1,0.47619047619047616,0.47619047619047616,1.0,0,0.8571428571428571,21,16,5,0.3658583054207916,0.34785869683514303,1.0,1.0
Zm00001eb079980,1,0.42105263157894735,0.42105263157894735,1.0,0,,19,6,13,0.3192348580909015,0.3678584233063214,1.0,1.0
Zm00001eb080070,3,0.5964912280701754,0.6842105263157895,0.04360165118679051,1,1.8666666666666667,19,12,7,0.38590167735432807,0.4776035325464449,0.13345873828158789,1.0
Zm00001eb080120,1,0.2777777777777778,0.2777777777777778,1.0,0,,18,15,3,0.48705259207920765,0.5194216714708949,1.0,1.0
Zm00001eb080140,1,0.38095238095238093,0.38095238095238093,1.0,0,0.8,21,6,15,0.5030574007872655,0.6317208827426347,1.0,1.0
Zm00001eb080230,1,0.5333333333333333,0.5333333333333333,1.0,0,1.3333333333333333,15,8,7,1.6806005252472511,1.9047055169154343,1.0,1.0
Zm00001eb080280,1,0.6818181818181818,0.6818181818181818,0.18699690402476785,0,0.24,22,13,9,0.31911918701826436,0.3590654223394413,0.18699690402476785,1.0
Zm00001eb080320,2,0.6052631578947368,0.6842105263157895,1.0,0,1.0654761904761905,19,6,13,0.27618828417317387,0.30056814750113586,1.0,1.0
Zm00001eb080480,4,0.5526315789473684,0.6842105263157895,0.5572755417956656,0,0.7575757575757575,19,4,15,0.35088006048445336,0.35774852864183965,0.9969351415054317,1.0
Zm00001eb080510,1,0.47058823529411764,0.47058823529411764,1.0,0,0.9333333333333333,17,12,5,0.7480943211296773,0.8598352059651969,1.0,1.0
Zm00001eb080560,3,0.5555555555555556,0.7083333333333334,1.0,0,1.425,24,21,3,1.3170731410302978,1.0007348295615222,1.0,1.0
Zm00001eb080570,2,0.5681818181818181,0.6363636363636364,0.2043343653250774,0,3.4,22,14,8,0.27370547147367746,0.3062968016575211,0.3854523138811708,1.0
Zm00001eb080700,1,0.6956521739130435,0.6956521739130435,0.06864988558352403,0,0.1,23,11,12,0.9469598790221777,1.175082988404977,0.06864988558352403,1.0
Zm00001eb080710,1,0.4782608695652174,0.4782608695652174,1.0,0,1.037037037037037,23,13,10,0.3255230629211947,0.3710656427132768,1.0,1.0
Zm00001eb080870,2,0.7291666666666667,0.75,0.5212450592885375,0,2.3125,24,19,5,0.4425419437187204,0.5496333253403378,0.6564567503031978,1.0
Zm00001eb080920,1,0.4782608695652174,0.4782608695652174,1.0,0,1.2,23,13,10,0.21454504073198372,0.2549130896722712,1.0,1.0
Zm00001eb081030,2,0.65,0.8,0.3684210526315789,0,0.6,20,16,4,0.5731272743037081,0.5153251622871432,0.7363000953040995,1.0
Zm00001eb081070,3,0.5714285714285715,0.6190476190476191,0.3371431028551771,0,0.7407407407407408,21,7,14,0.197301770999247,0.24035707640704312,0.8064929722033872,1.0
Zm00001eb081090,1,0.7272727272727273,0.7272727272727273,0.05454545454545454,0,,22,9,13,0.27493562724842285,0.46763594188554614,0.05454545454545454,1.0
Zm00001eb081120,1,0.6666666666666666,0.6666666666666666,1.0,0,0.45454545454545453,18,12,6,1.681890732904369,2.1978174693505097,1.0,1.0
Zm00001eb081140,2,0.5652173913043479,0.6521739130434783,0.5019762845849802,0,3.7142857142857144,23,9,14,0.13213018969233495,0.2485396486870258,0.6233065968044742,1.0
Zm00001eb081260,2,0.4736842105263158,0.5789473684210527,0.6284829721362231,0,0.5,19,14,5,0.6281520045298447,0.6301851930183278,0.9203795909248188,1.0
Zm00001eb081310,1,0.35,0.35,1.0,0,,20,5,15,0.5994983875894934,0.5799122215555561,1.0,1.0
Zm00001eb081390,1,0.6,0.6,1.0,0,0.8,20,6,14,0.7538094043836213,0.7849447626134757,1.0,1.0
Zm00001eb081440,2,0.5454545454545454,0.5909090909090909,0.6699214098594903,0,0.7380952380952381,22,10,12,0.9886691596355036,1.1571372003751528,0.9382884914224026,1.0
Zm00001eb081460,3,0.6333333333333333,0.75,0.2487100103199174,0,0.2582417582417582,20,15,5,0.2825808999474728,0.4637454654563086,0.46636015298045674,1.0
Zm00001eb081510,1,0.6521739130434783,0.6521739130434783,0.3428333680049927,0,0.3333333333333333,23,9,14,0.1285289114601947,0.15277482763875588,0.3428333680049927,1.0
Zm00001eb081570,1,0.6363636363636364,0.6363636363636364,0.37616099071207426,0,0.375,22,9,13,0.7924585314712022,1.1392805179995757,0.37616099071207426,1.0
Zm00001eb081580,2,0.6136363636363636,0.7272727272727273,0.48051948051948057,0,2.0,22,16,6,0.2739080108552517,0.374686437743739,0.8326862057240259,1.0
Zm00001eb081680,1,0.6428571428571429,0.6428571428571429,0.5804195804195803,0,0.3333333333333333,14,6,8,0.6755727135904113,0.869179354528104,0.5804195804195803,1.0
Zm00001eb081700,2,0.47916666666666663,0.5416666666666666,0.5362318840579711,0,1.0,24,16,8,0.5327394575983257,0.772107378195295,0.8704054768443811,1.0
Zm00001eb081720,1,0.6,0.6,0.6513544891640868,0,0.5925925925925926,20,7,13,1.2294019538647833,1.7409144650819233,0.6513544891640868,1.0
Zm00001eb081790,1,0.5652173913043478,0.5652173913043478,0.6404053612291598,0,0.4444444444444444,23,12,11,0.14492872476720503,0.16755681085242988,0.6404053612291598,1.0
Zm00001eb081930,1,0.3157894736842105,0.3157894736842105,1.0,0,,19,15,4,0.46084595236143333,0.5806318077661675,1.0,1.0
Zm00001eb082050,2,0.4523809523809524,0.5238095238095238,0.6030075187969925,0,1.9583333333333333,21,4,17,0.4096053267697,0.5545333499467271,0.9080241668467117,1.0
Zm00001eb082070,1,0.875,0.875,0.10714285714285714,0,,8,5,3,0.1978552844931162,0.28020141187645803,0.10714285714285714,1.0
Zm00001eb082160,2,0.5217391304347826,0.5217391304347826,0.4861660079051383,0,,23,10,13,0.19489130786968745,0.2462318942605453,0.577281709213684,1.0
Zm00001eb082170,1,0.34782608695652173,0.34782608695652173,1.0,0,1.0714285714285714,23,19,4,0.6700465751846681,0.7110690415356714,1.0,1.0
Zm00001eb082230,1,0.6363636363636364,0.6363636363636364,0.37616099071207426,0,2.6666666666666665,22,9,13,0.10737842975288245,0.14347539081659627,0.37616099071207426,1.0
Zm00001eb082300,1,0.8421052631578947,0.8421052631578947,0.05847953216374269,0,,19,14,5,0.31202310140839595,0.34331421920360955,0.05847953216374269,1.0
Zm00001eb082470,3,0.6666666666666666,0.75,0.19642857142857145,0,3.0,8,3,5,0.79271034863428,1.9644524534675618,0.7762392813368647,1.0
Zm00001eb082480,3,0.5686274509803921,0.8235294117647058,0.07352941176470588,0,1.2023809523809523,17,5,12,1.2232852603046676,1.2956943839009099,0.5159045554583939,1.0
Zm00001eb082540,1,0.6470588235294118,0.6470588235294118,1.0,0,2.0,17,6,11,0.5062430761328037,0.5175522635855354,1.0,1.0
Zm00001eb082630,2,0.5454545454545454,0.6363636363636364,0.20309597523219813,0,0.849721706864564,22,9,13,0.8170921306246939,0.966774684656557,0.526846522442983,1.0
Zm00001eb082730,4,0.6527777777777778,0.8333333333333334,0.10784313725490195,0,0.6487762237762238,18,14,4,0.9243107693645227,0.9175204478180561,0.814002034154532,1.0
Zm00001eb082830,1,0.5882352941176471,0.5882352941176471,1.0,0,1.6,17,4,13,1.062390286547606,1.0678232594039612,1.0,1.0
Zm00001eb082840,1,0.4782608695652174,0.4782608695652174,1.0,0,0.6666666666666666,23,15,8,0.7458803025923408,0.8194561994278801,1.0,1.0
Zm00001eb082860,2,0.5714285714285714,0.5714285714285714,0.660490592998333,0,1.125,21,9,12,0.20125419532398528,0.2708825372876892,0.8032578807627347,1.0
Zm00001eb082890,3,0.409090909090909,0.5454545454545454,1.0,0,0.5925925925925926,22,17,5,0.5588879383940684,0.5570865418365062,1.0,1.0
Zm00001eb083160,1,0.5454545454545454,0.5454545454545454,1.0,0,0.75,11,4,7,0.8775402776400665,1.1017849770707744,1.0,1.0
Zm00001eb083170,1,0.5238095238095238,0.5238095238095238,1.0,0,1.3333333333333333,21,10,11,0.44297214055538037,0.6426474545598077,1.0,1.0
Zm00001eb083180,3,0.6349206349206349,0.7142857142857143,0.0872316537951213,0,4.75,21,12,9,0.6209855887732193,0.7797765871473572,0.1316705184433438,1.0
Zm00001eb083310,2,0.59375,0.6875,0.2615384615384615,0,0.5520833333333334,16,7,9,1.3532923961383714,1.524033582590171,0.6123070267580026,1.0
Zm00001eb083670,3,0.5714285714285714,0.7857142857142857,0.1758241758241758,0,0.5287037037037038,14,3,11,0.8656808423167952,0.9389558016086947,0.747088078068163,1.0
Zm00001eb083680,2,0.6666666666666666,0.6666666666666666,0.18266253869969043,0,1.7708333333333335,21,8,13,0.105665797750557,0.12684002526206903,0.2376018269362958,1.0
Zm00001eb083750,1,0.7058823529411765,0.7058823529411765,1.0,0,0.5454545454545454,17,14,3,0.21977948186265855,0.22510240602493253,1.0,1.0
Zm00001eb083840,2,0.6875,0.8125,0.034965034965034975,1,0.19166666666666665,16,9,7,0.5517226767170599,0.6155295065527577,0.09996121434309431,1.0
Zm00001eb083950,2,0.5294117647058824,0.6470588235294118,0.600032320620556,0,0.5,17,12,5,0.3277184130827586,0.4614703804319651,0.9065118835902473,1.0
Zm00001eb084020,1,0.5714285714285714,0.5714285714285714,1.0,0,0.6666666666666666,7,4,3,1.067793013426194,1.3129883168410357,1.0,1.0
Zm00001eb084290,4,0.5833333333333333,0.6666666666666666,0.1588235294117647,0,0.6112810800310801,21,14,7,0.33993974198851584,0.42992335977005985,0.6635351743478441,1.0
Zm00001eb084300,1,0.47058823529411764,0.47058823529411764,1.0,0,0.5,17,5,12,0.22892994323096452,0.27767174572108577,1.0,1.0
Zm00001eb084430,5,0.5454545454545455,0.6363636363636364,0.5441558441558442,0,1.4409632034632036,22,9,13,0.34351552552461856,0.5708919170878014,0.9995796495522691,1.0
Zm00001eb084540,2,0.75,0.75,0.2222222222222222,0,0.1111111111111111,12,7,5,0.14566893623356472,0.1794417620850613,0.19793357005197768,1.0
Zm00001eb084590,7,0.5892857142857143,0.7083333333333334,0.031055900621118012,1,3.299206349206349,24,13,11,0.2662730375755164,0.3787133254281626,0.2881686698387011,1.0
Zm00001eb084750,1,0.6521739130434783,0.6521739130434783,1.0,0,2.0,23,8,15,0.3734390891850307,0.38461923109481144,1.0,1.0
Zm00001eb084850,5,0.6571428571428571,0.7857142857142857,0.0949050949050949,0,4.64,14,9,5,1.5956866861761838,1.6183352956354056,0.6313981845209168,1.0
Zm00001eb084870,1,0.5714285714285714,0.5714285714285714,0.5804195804195804,0,0.3125,14,5,9,0.23140173037167175,0.29638608017892987,0.5804195804195804,1.0
Zm00001eb084920,1,0.5238095238095238,0.5238095238095238,1.0,0,1.4285714285714286,21,9,12,0.33732745715018536,0.3710066242395904,1.0,1.0
Zm00001eb085010,1,0.5416666666666666,0.5416666666666666,0.4818840579710145,0,,24,13,11,0.22911770836362907,0.2843184135994993,0.4818840579710145,1.0
Zm00001eb085030,3,0.5694444444444444,0.75,0.10144927536231883,0,2.3333333333333335,24,16,8,0.11279386541764612,0.12487826247760875,0.2256035603879728,1.0
Zm00001eb085170,1,0.6666666666666666,0.6666666666666666,0.3212669683257919,0,4.0,18,6,12,0.15373746435122343,0.18718682281078336,0.3212669683257919,1.0
Zm00001eb085330,1,0.21739130434782608,0.21739130434782608,1.0,0,,23,20,3,0.7388604590102805,0.6909289368291895,1.0,1.0
Zm00001eb085400,3,0.49275362318840576,0.7391304347826086,0.5392433653303218,0,0.7642857142857142,23,5,18,1.4568325115607592,1.171966981693034,0.9751115934749084,1.0
Zm00001eb085410,2,0.5588235294117647,0.5882352941176471,0.4852941176470589,0,1.5,17,7,10,0.10152286515159921,0.12888702359979748,0.8361618344473187,1.0
Zm00001eb085420,3,0.5507246376811595,0.782608695652174,0.45285149632975713,0,1.0336134453781511,23,19,4,0.19801911297629646,0.1432849600528723,0.9536936328473851,1.0
Zm00001eb085460,2,0.34782608695652173,0.391304347826087,0.5392433653303219,0,,23,5,18,0.48651200184711263,1.15800316978778,0.8722737571561314,1.0
Zm00001eb085570,1,0.5789473684210527,0.5789473684210527,1.0,0,0.7,19,8,11,0.17086169006414953,0.1987696426136569,1.0,1.0
Zm00001eb085590,3,0.6376811594202899,0.6956521739130435,0.16163927605575198,0,0.8055555555555555,23,9,14,0.6966765018541949,1.1642505448400768,0.7246187467220766,1.0
Zm00001eb085680,1,0.6,0.6,1.0,0,2.0,10,4,6,0.3333989039066715,0.45644448869371196,1.0,1.0
Zm00001eb086400,2,0.6136363636363636,0.7272727272727273,0.11585782638414217,0,0.2604166666666667,22,13,9,0.19145515589510878,0.2714143910916659,0.25981403845059486,1.0
Zm00001eb086500,1,0.42105263157894735,0.42105263157894735,1.0,0,0.8333333333333334,19,7,12,0.1511256534678508,0.18982084318708684,1.0,1.0
Zm00001eb086560,2,0.6304347826086956,0.6956521739130435,0.5756188891200333,0,0.5642857142857143,23,17,6,0.13575763651040654,0.1399508177739919,0.8935386631146589,1.0
Zm00001eb086680,1,0.5333333333333333,0.5333333333333333,0.5054945054945055,0,,15,12,3,0.20950631703116718,0.1880475862904201,0.5054945054945055,1.0
Zm00001eb086700,1,0.6956521739130435,0.6956521739130435,1.0,0,1.5,23,17,6,0.4573663870745553,0.5207263980807334,1.0,1.0
Zm00001eb086830,1,0.75,0.75,0.4285714285714286,0,,8,4,4,0.561573114282582,0.8145212731819034,0.4285714285714286,1.0
Zm00001eb088050,1,0.6,0.6,1.0,0,1.75,15,9,6,0.17588184252282485,0.2158009807870253,1.0,1.0
Zm00001eb088270,1,0.7692307692307693,0.7692307692307693,0.06993006993006994,0,,13,7,6,0.1875750993902083,0.23543253138497258,0.06993006993006994,1.0
Zm00001eb088780,1,0.36363636363636365,0.36363636363636365,1.0,0,0.8125,22,17,5,0.29505672651924125,0.30030475732903583,1.0,1.0
Zm00001eb088800,1,0.7222222222222222,0.7222222222222222,0.03594771241830065,1,,18,8,10,0.5827803273817369,0.8028375090851191,0.03594771241830065,1.0
Zm00001eb088830,3,0.5606060606060607,0.5909090909090909,0.3801857585139319,0,0.73989898989899,22,13,9,0.3530507295415956,0.4335705952587907,0.9256504224703949,1.0
Zm00001eb088840,3,0.6825396825396824,0.7142857142857143,0.2800137598899209,0,0.35185185185185186,21,14,7,0.6612275762129602,0.8021448378813463,0.5743579514903538,1.0
Zm00001eb088850,3,0.5111111111111111,0.5333333333333333,1.0,0,0.8583333333333334,15,9,6,0.8230165543263003,0.9683317321125905,1.0,1.0
Zm00001eb088910,1,0.6,0.6,1.0,0,1.5714285714285714,20,12,8,0.28105689213370116,0.3841376209308609,1.0,1.0
Zm00001eb088950,1,0.5714285714285714,0.5714285714285714,1.0,0,1.4,14,6,8,0.6533630636734611,0.7601707790809153,1.0,1.0
Zm00001eb089060,1,0.5909090909090909,0.5909090909090909,1.0,0,0.6666666666666666,22,9,13,0.27928618026744956,0.3319510813840105,1.0,1.0
Zm00001eb089080,2,0.5,0.5454545454545454,1.0,0,0.661904761904762,22,18,4,0.3479960509321543,0.38294561448924574,1.0,1.0
Zm00001eb089390,2,0.39473684210526316,0.47368421052631576,1.0,0,2.0,19,15,4,0.6840018106518567,0.7358190333217481,1.0,1.0
Zm00001eb089600,1,0.7777777777777778,0.7777777777777778,0.042892156862745105,1,,18,11,7,0.393823775260832,0.42290250438570737,0.042892156862745105,1.0
Zm00001eb089620,2,0.7692307692307693,0.7692307692307693,0.07536907536907538,0,12.0,13,8,5,0.5897988367141921,0.684242881239213,0.04531904248544159,1.0
Zm00001eb089650,1,0.7142857142857143,0.7142857142857143,0.48571428571428565,0,0.16666666666666666,7,4,3,0.4124452958672125,0.4894095455574685,0.48571428571428565,1.0
Zm00001eb090670,1,0.6666666666666666,0.6666666666666666,1.0,0,0.7272727272727273,18,15,3,0.2549343518058314,0.26735493920539066,1.0,1.0
Zm00001eb090730,2,0.675,0.75,0.44736842105263164,0,2.875,20,15,5,0.3315320023274396,0.34101400422159506,0.6312705895132737,1.0
Zm00001eb090910,1,0.43478260869565216,0.43478260869565216,1.0,0,2.0833333333333335,23,17,6,0.5926901474132589,1.1234485720230756,1.0,1.0
Zm00001eb090990,1,0.6,0.6,1.0,0,0.6363636363636364,20,8,12,0.21850955896541308,0.2668374725035449,1.0,1.0
Zm00001eb091000,1,0.5333333333333333,0.5333333333333333,0.4857142857142857,0,,15,9,6,0.46806713719191084,0.5606938787111566,0.4857142857142857,1.0
Zm00001eb091060,1,0.47619047619047616,0.47619047619047616,1.0,0,1.3333333333333333,21,6,15,0.5173686616237219,0.45641225522269707,1.0,1.0
Zm00001eb091420,1,0.625,0.625,0.6466264475417793,0,0.5555555555555556,24,7,17,0.4058926937330867,0.48694490242896815,0.6466264475417793,1.0
Zm00001eb091780,1,0.6,0.6,1.0,0,1.0,15,10,5,0.1606404686844382,0.18411417717192113,1.0,1.0
Zm00001eb091980,2,0.7,0.7,0.5,0,2.6,10,6,4,0.6962428678819116,0.8242676877476891,0.5965735902799727,1.0
Zm00001eb092180,1,0.6842105263157895,0.6842105263157895,0.1408668730650155,0,8.0,19,6,13,0.6279798087254636,0.6746341157734038,0.1408668730650155,1.0
Zm00001eb092240,1,0.35294117647058826,0.35294117647058826,1.0,0,,17,4,13,0.9184288030816098,1.0018405017131822,1.0,1.0
Zm00001eb092280,2,0.6666666666666667,0.7083333333333334,0.5072463768115942,0,0.8375,24,7,17,0.40665890843389135,0.41319460905925526,0.8515441378083275,1.0
Zm00001eb092570,2,0.5476190476190477,0.5714285714285714,0.22857142857142854,0,0.375,21,12,9,0.20580974121972617,0.31791625557799086,0.410973004647632,1.0
Zm00001eb092610,2,0.4444444444444444,0.5,1.0,0,0.7777777777777778,18,5,13,0.340452863685302,0.47222342780955434,1.0,1.0
Zm00001eb092670,2,0.5555555555555556,0.5555555555555556,1.0,0,1.125,9,4,5,0.8966708548492475,1.098798986624793,1.0,1.0
Zm00001eb092730,1,0.6956521739130435,0.6956521739130435,1.0,0,1.25,23,4,19,0.26446260287446144,0.2521513215106433,1.0,1.0
Zm00001eb092900,2,0.7368421052631579,0.7368421052631579,0.5304437564499483,0,0.46153846153846156,19,3,16,0.5327247681026147,0.48549161288202647,0.6381717399612977,1.0
Zm00001eb093120,2,0.5,0.6,1.0,0,1.212121212121212,20,7,13,0.3416303201119196,0.37654736135167527,1.0,1.0
Zm00001eb093130,1,0.5,0.5,0.5210526315789472,0,,20,3,17,1.0412135414347892,1.113399729773765,0.5210526315789472,1.0
Zm00001eb093140,2,0.6304347826086957,0.6521739130434783,0.3826356171759321,0,2.6875,23,14,9,1.0492247857585928,1.1200515228793235,0.45260349238173836,1.0
Zm00001eb093210,1,0.5333333333333333,0.5333333333333333,1.0,0,1.2,15,4,11,0.6463192956431324,0.6359893732090354,1.0,1.0
Zm00001eb093260,1,0.38095238095238093,0.38095238095238093,1.0,0,,21,15,6,0.1610424009224436,0.1923797925770189,1.0,1.0
Zm00001eb093280,2,0.5238095238095237,0.6666666666666666,0.548872180451128,0,0.9230769230769231,21,16,5,0.13056735371342465,0.1328014308073327,0.8781349410252292,1.0
Zm00001eb093320,2,0.6363636363636364,0.7272727272727273,0.28285955530537576,0,0.7582417582417583,22,16,6,0.17365227705105804,0.1969134698597357,0.6400559525486885,1.0
Zm00001eb093440,4,0.38541666666666663,0.5416666666666666,1.0,0,1.5476190476190477,24,5,19,1.6490514116761439,1.4301262477537542,1.0,1.0
Zm00001eb093510,2,0.5833333333333333,0.625,0.6570197873199624,0,2.041666666666667,24,9,15,0.9300145585758329,1.1129988841464507,0.9329951299333422,1.0
Zm00001eb093540,1,0.47058823529411764,0.47058823529411764,1.0,0,1.875,17,11,6,0.35922651645339815,0.5077409860471366,1.0,1.0
Zm00001eb093580,1,0.5,0.5,1.0,0,0.5714285714285714,18,10,8,2.441135033617745,2.776905576142549,1.0,1.0
Zm00001eb093650,1,0.6666666666666666,0.6666666666666666,1.0,0,0.46153846153846156,21,7,14,0.8191486180519314,0.859127102581399,1.0,1.0
Zm00001eb093670,1,0.5,0.5,1.0,0,1.0,20,10,10,0.22591719618107214,0.29359164296719376,1.0,1.0
Zm00001eb093800,2,0.6666666666666667,0.8,0.37142857142857144,0,3.75,15,3,12,0.5307756232099232,0.41120849647178376,0.7392909472103544,1.0
Zm00001eb093900,3,0.625,0.6875,0.5178571428571428,0,3.3444444444444446,16,3,13,0.36962897004744955,0.5298832898258692,0.8671463304575654,1.0
Zm00001eb093950,1,0.75,0.75,0.4285714285714286,0,,8,4,4,0.3360072581410646,0.5284477042632121,0.4285714285714286,1.0
Zm00001eb093980,2,0.5454545454545454,0.5909090909090909,1.0,0,0.9861111111111112,22,5,17,0.21640682110539375,0.19846362074549068,1.0,1.0
Zm00001eb094200,3,0.5897435897435898,0.6153846153846154,1.0,0,1.6666666666666667,13,8,5,2.1117089042928794,2.186520278153736,1.0,1.0
Zm00001eb094340,1,0.6363636363636364,0.6363636363636364,1.0,0,1.5,11,8,3,0.4645100582381358,1.0015677005631323,1.0,1.0
Zm00001eb094370,1,0.6470588235294118,0.6470588235294118,1.0,0,0.5,17,6,11,0.24711103844308577,0.33497045984378676,1.0,1.0
Zm00001eb094520,1,0.7727272727272727,0.7727272727272727,0.07655502392344497,0,0.09523809523809523,22,4,18,0.3256324092607234,0.3453952933967446,0.07655502392344497,1.0
Zm00001eb094550,1,0.5,0.5,1.0,0,2.25,18,11,7,1.3180714002017204,1.4927420284619186,1.0,1.0
Zm00001eb094600,1,0.625,0.625,1.0,0,0.3333333333333333,8,3,5,1.83122344353704,2.072187989605864,1.0,1.0
Zm00001eb094620,1,0.5714285714285714,0.5714285714285714,1.0,0,0.6,14,6,8,0.6527428433196832,0.8739719165718248,1.0,1.0
Zm00001eb094680,2,0.5384615384615385,0.6153846153846154,0.23076923076923075,0,0.75,13,8,5,0.9422207225780139,1.212729210325823,0.5691547081830985,1.0
Zm00001eb094710,1,0.6666666666666666,0.6666666666666666,1.0,0,1.2222222222222223,18,4,14,1.0983336763761409,1.4316891331558899,1.0,1.0
Zm00001eb094870,1,0.75,0.75,0.5087719298245614,0,2.3333333333333335,20,4,16,0.2758581419040764,0.3025218531656717,0.5087719298245614,1.0
Zm00001eb094910,1,0.5714285714285714,0.5714285714285714,1.0,0,0.6666666666666666,14,6,8,0.30884912055413183,0.3805008629175183,1.0,1.0
Zm00001eb095000,1,0.6842105263157895,0.6842105263157895,0.1408668730650155,0,8.0,19,9,10,0.5592571791452943,1.1087195353549852,0.1408668730650155,1.0
Zm00001eb095070,1,0.6190476190476191,0.6190476190476191,0.31077694235588976,0,0.23333333333333334,21,10,11,0.21162565078428847,0.25977192291636675,0.31077694235588976,1.0
Zm00001eb095200,1,0.5714285714285714,0.5714285714285714,1.0,0,1.5,7,3,4,0.6397713855862982,0.7202636806354886,1.0,1.0
Zm00001eb095230,1,0.625,0.625,0.6066433566433567,0,0.42857142857142855,16,6,10,0.29388482813843125,0.31447952451846667,0.6066433566433567,1.0
Zm00001eb095260,1,0.7368421052631579,0.7368421052631579,0.46783625730994155,0,3.25,19,5,14,0.26840098390230954,0.2997746982850407,0.46783625730994155,1.0
Zm00001eb095330,1,0.5652173913043478,0.5652173913043478,0.6692690806299637,0,0.5,23,9,14,0.22829964789800597,0.2964073721078402,0.6692690806299637,1.0
Zm00001eb095350,2,0.4375,0.5,1.0,0,1.1851851851851851,24,17,7,0.2215292767264789,0.22114624772454203,1.0,1.0
Zm00001eb095690,1,0.5,0.5,0.6161312371838688,0,0.4166666666666667,22,4,18,0.6792511134350633,0.7455864342838401,0.6161312371838688,1.0
Zm00001eb095730,1,0.625,0.625,0.3076923076923077,0,0.20833333333333334,16,9,7,0.33173547771139267,0.3652865501778549,0.3076923076923077,1.0
Zm00001eb095770,1,0.6,0.6,0.5657894736842105,0,0.35,20,17,3,0.3869923319387122,0.34468501077293046,0.5657894736842105,1.0
Zm00001eb095920,2,0.5263157894736842,0.5263157894736842,0.6561681352703026,0,1.5595238095238095,19,12,7,0.8030546624880216,0.8345215285145517,0.9326368488234893,1.0
Zm00001eb096340,1,0.42857142857142855,0.42857142857142855,1.0,0,,14,10,4,0.32660982448027315,0.35058047683302057,1.0,1.0
Zm00001eb096360,1,0.6111111111111112,0.6111111111111112,0.11414565826330533,0,,18,6,12,1.7660872118866218,2.3330561593534545,0.11414565826330533,1.0
Zm00001eb096500,1,0.5714285714285714,0.5714285714285714,0.5864661654135338,0,3.375,21,4,17,0.3614151154381813,0.29903981488629344,0.5864661654135338,1.0
Zm00001eb096510,2,0.34782608695652173,0.391304347826087,1.0,0,0.9285714285714286,23,3,20,0.3859335135645335,0.3506987892784183,1.0,1.0
Zm00001eb096520,1,0.5909090909090909,0.5909090909090909,0.3801857585139319,0,0.3333333333333333,22,14,8,0.10085843311251096,0.14642735898065953,0.3801857585139319,1.0
Zm00001eb096590,1,0.7692307692307693,0.7692307692307693,0.20279720279720279,0,0.125,13,9,4,0.45349267945208704,0.4923843223780584,0.20279720279720279,1.0
Zm00001eb096680,2,0.6428571428571428,0.7142857142857143,0.4285714285714286,0,1.5,7,4,3,0.40085987889753777,0.47691432740233514,0.7916990830230872,1.0
Zm00001eb096900,2,0.675,0.75,0.10113519091847266,0,0.8993055555555556,20,13,7,0.3697707230696555,0.4177102976697952,0.24505437530513985,1.0
Zm00001eb096930,1,0.36363636363636365,0.36363636363636365,1.0,0,0.8666666666666667,22,6,16,0.5653179194176947,0.562599057435333,1.0,1.0
Zm00001eb096940,2,0.7708333333333334,0.8333333333333334,0.3115942028985507,0,0.24561403508771928,24,4,20,1.262979052365335,1.4791640346209725,0.47478798209053064,1.0
Zm00001eb097050,1,0.7142857142857143,0.7142857142857143,0.5,0,0.35714285714285715,21,15,6,0.6343172783621035,0.8491361650774417,0.5,1.0
Zm00001eb097220,4,0.5625,0.65,0.3498452012383901,0,0.9861111111111112,20,10,10,0.3517070327907795,0.3880156015665871,0.9777738216413738,1.0
Zm00001eb097230,1,0.6428571428571429,0.6428571428571429,0.5804195804195804,0,2.3333333333333335,14,9,5,0.6444230201141028,0.7686413700034808,0.5804195804195804,1.0
Zm00001eb097290,1,0.5217391304347826,0.5217391304347826,1.0,0,1.1428571428571428,23,15,8,0.2158732185041366,0.21926240868720026,1.0,1.0
Zm00001eb097310,1,0.6842105263157895,0.6842105263157895,0.5695734434124528,0,0.4090909090909091,19,5,14,0.4207123647464481,0.5860172712956543,0.5695734434124528,1.0
Zm00001eb097480,1,0.47619047619047616,0.47619047619047616,1.0,0,0.8571428571428571,21,16,5,0.5680079758015708,0.5944078207266194,1.0,1.0
Zm00001eb097690,2,0.6666666666666667,0.75,0.27046866177300966,0,0.7120535714285714,24,5,19,0.4573771942804196,0.42594275107700713,0.6241332243580741,1.0
Zm00001eb097710,1,0.6,0.6,0.6083916083916083,0,0.4,15,8,7,0.9741714019286135,1.1307418190182368,0.6083916083916083,1.0
Zm00001eb097780,1,0.7058823529411765,0.7058823529411765,0.5378151260504201,0,3.3333333333333335,17,4,13,0.7190108261286982,0.7445009785664014,0.5378151260504201,1.0
Zm00001eb097930,1,0.6666666666666666,0.6666666666666666,0.19838056680161942,0,0.25,21,9,12,0.29848917678290937,0.36016881487640623,0.19838056680161942,1.0
Zm00001eb097940,2,0.425,0.5,1.0,0,1.0,20,4,16,0.36477384342451763,0.4619549252864902,1.0,1.0
Zm00001eb097990,1,0.6,0.6,1.0,0,1.6666666666666667,20,4,16,0.4256384920183381,0.4632017131837353,1.0,1.0
Zm00001eb098030,1,0.5,0.5,0.5210526315789474,0,,20,13,7,0.1749500806025918,0.22287421961952097,0.5210526315789474,1.0
Zm00001eb098230,1,0.5217391304347826,0.5217391304347826,1.0,0,1.1,23,11,12,0.3306351438689131,0.39144103571364963,1.0,1.0
Zm00001eb098370,2,0.5454545454545454,0.5909090909090909,0.4935064935064935,0,0.6666666666666666,22,13,9,0.7945710123102777,1.2712131213015474,0.8420302852056796,1.0
Zm00001eb098430,1,0.6363636363636364,0.6363636363636364,0.5454545454545454,0,0.3,11,8,3,0.8513203248854253,0.9720016065571816,0.5454545454545454,1.0
Zm00001eb098510,1,0.5652173913043478,0.5652173913043478,1.0,0,0.75,23,10,13,0.19285696906815303,0.2598894268092737,1.0,1.0
Zm00001eb098540,2,0.6052631578947368,0.6842105263157895,0.1698023338890212,0,3.1666666666666665,19,10,9,0.17683815338079947,0.25071538664582876,0.47088229234875867,1.0
Zm00001eb098590,1,0.7368421052631579,0.7368421052631579,0.1107671138630891,0,0.1,19,5,14,0.30631010095782024,0.4495936361835129,0.1107671138630891,1.0
Zm00001eb098650,2,0.6590909090909091,0.7727272727272727,0.03934077618288144,1,6.628571428571428,22,14,8,0.6977812944643236,0.7793303902563433,0.07297020783687087,1.0
Zm00001eb098670,7,0.6825396825396826,0.7222222222222222,0.24509803921568626,0,1.3590909090909091,18,6,12,0.8171596141568199,0.8652710926054893,0.9036318719799534,1.0
Zm00001eb098710,1,0.6,0.6,1.0,0,2.6666666666666665,10,7,3,0.7047669251391314,0.8106401866012501,1.0,1.0
Zm00001eb098760,1,0.46153846153846156,0.46153846153846156,1.0,0,,13,4,9,0.9757723622854562,1.2794990929070564,1.0,1.0
Zm00001eb098860,3,0.5909090909090909,0.5909090909090909,1.0,0,0.8282828282828283,22,15,7,0.5878205420794551,0.6829627431982281,1.0,1.0
Zm00001eb098880,5,0.5619047619047619,0.7142857142857143,0.5,0,0.617967032967033,21,15,6,0.3077199524525168,0.3854692733724389,0.9892650854447671,1.0
Zm00001eb098970,2,0.5625,0.5833333333333334,0.6751749899044288,0,0.6666666666666667,24,13,11,0.1594033886787984,0.18378439041093475,0.9403725027783066,1.0
Zm00001eb099030,3,0.5416666666666666,0.5416666666666666,1.0,0,0.8585858585858586,24,12,12,0.8505895533678375,1.0925586701639187,1.0,1.0
Zm00001eb099240,1,0.34782608695652173,0.34782608695652173,1.0,0,,23,17,6,0.30437419574354646,0.32110693170945065,1.0,1.0
Zm00001eb099250,1,0.5714285714285714,0.5714285714285714,1.0,0,1.1111111111111112,21,16,5,0.46997754152539767,0.5417629254254667,1.0,1.0
Zm00001eb099480,1,0.5454545454545454,0.5454545454545454,1.0,0,0.8,11,6,5,0.23237320133701936,0.2816555842396929,1.0,1.0
Zm00001eb099530,2,0.5357142857142857,0.5714285714285714,0.5054945054945055,0,1.875,14,9,5,0.8452454228358915,0.9509685502531344,0.8503520116623817,1.0
Zm00001eb099570,1,0.5652173913043478,0.5652173913043478,1.0,0,1.375,23,4,19,0.7370860212820236,0.6207140742246687,1.0,1.0
Zm00001eb099620,1,0.4444444444444444,0.4444444444444444,1.0,0,1.0,18,6,12,0.8534890320505473,0.9064689755065132,1.0,1.0
Zm00001eb099640,2,0.5789473684210527,0.5789473684210527,0.33307533539731693,0,2.942857142857143,19,13,6,0.7141981931862832,0.7399483966323881,0.6992538899829059,1.0
Zm00001eb099670,1,0.5454545454545454,0.5454545454545454,1.0,0,0.7142857142857143,22,12,10,0.5417212166232673,0.7705716535613233,1.0,1.0
Zm00001eb099720,1,0.35,0.35,1.0,0,,20,16,4,1.1489451077159027,1.0485759890962765,1.0,1.0
Zm00001eb099820,1,0.7272727272727273,0.7272727272727273,0.07430340557275542,0,6.875,22,15,7,0.5787636850956361,0.8697150294076311,0.07430340557275542,1.0
Zm00001eb099910,2,0.5714285714285714,0.7142857142857143,1.0,0,0.6597222222222222,14,11,3,2.176472409867661,2.4305236309109484,1.0,1.0
Zm00001eb099920,3,0.5238095238095238,0.6666666666666666,0.5210526315789474,0,2.1666666666666665,21,14,7,0.5038790553237626,0.550068336038898,0.861576366656418,1.0
Zm00001eb100000,1,0.5,0.5,0.5090909090909091,0,,12,3,9,0.9956581270416073,0.9729169901616591,0.5090909090909091,1.0
Zm00001eb100060,2,0.7173913043478262,0.782608695652174,0.4528514963297572,0,1.8452380952380953,23,20,3,0.5231529583767766,0.5223357183198396,0.8115963896063737,1.0
Zm00001eb100100,1,0.7,0.7,0.1735810113519092,0,4.444444444444445,20,7,13,0.31393588422314966,0.3957170471026348,0.1735810113519092,1.0
Zm00001eb100130,1,0.7391304347826086,0.7391304347826086,0.2704686617730096,0,3.75,23,19,4,0.7027449406003801,1.8442974152262188,0.2704686617730096,1.0
Zm00001eb100180,2,0.4347826086956522,0.4782608695652174,0.6213854795090492,0,2.055944055944056,23,7,16,0.5746835567420229,0.6043939969044928,0.9170429585162764,1.0
Zm00001eb100450,4,0.5952380952380952,0.7142857142857143,0.09022556390977446,0,0.8472222222222222,21,4,17,0.6294950126408836,1.7961652820144716,0.4774610175699282,1.0
Zm00001eb100460,1,0.6,0.6,0.6168730650154799,0,0.4444444444444444,20,11,9,0.6720919945670492,0.8323078129054847,0.6168730650154799,1.0
Zm00001eb100530,1,0.6956521739130435,0.6956521739130435,0.5573122529644268,0,2.8,23,16,7,0.4224417528231496,0.4808805462978662,0.5573122529644268,1.0
Zm00001eb100600,1,0.5263157894736842,0.5263157894736842,0.2565359477124183,0,,19,14,5,0.338704517048588,0.3626381006885172,0.2565359477124183,1.0
Zm00001eb100620,1,0.38461538461538464,0.38461538461538464,1.0,0,,13,3,10,1.2769420451460767,1.0697262617472434,1.0,1.0
Zm00001eb100690,4,0.6125,0.65,0.536842105263158,0,3.1249999999999996,20,12,8,1.1163902546783357,1.2832146611673767,0.8991172827617875,1.0
Zm00001eb100720,2,0.5952380952380952,0.7619047619047619,0.4887218045112782,0,0.4,21,18,3,0.5348805394490705,0.5296328211661712,0.6064820870296924,1.0
Zm00001eb100800,2,0.5555555555555556,0.6666666666666666,1.0,0,0.7,9,6,3,0.45853958661671407,0.6253715263798298,1.0,1.0
Zm00001eb100840,2,0.5833333333333334,0.7083333333333334,0.08246960111275631,0,3.8,24,8,16,1.9652736947756682,3.6773097124534684,0.28825810179809175,1.0
Zm00001eb100880,1,0.5789473684210527,0.5789473684210527,1.0,0,1.2,19,7,12,1.1665313692948787,1.7503604364820442,1.0,1.0
Zm00001eb100900,2,0.5384615384615384,0.5384615384615384,1.0,0,1.0055555555555555,13,8,5,0.5605367494107406,0.6526496672895193,1.0,1.0
Zm00001eb100980,1,0.5833333333333334,0.5833333333333334,0.6299171842650104,0,2.0625,24,11,13,0.3488076552609469,0.433953458482092,0.6299171842650104,1.0
Zm00001eb101130,1,0.2608695652173913,0.2608695652173913,1.0,0,,23,19,4,0.7323500891094857,0.5826609812779745,1.0,1.0
Zm00001eb101150,4,0.5108695652173914,0.5652173913043478,0.6692690806299637,0,1.1871212121212122,23,9,14,1.7366031902649264,2.1795187481252745,0.9992124722085542,1.0
Zm00001eb101280,2,0.6304347826086956,0.6956521739130435,0.296858747659663,0,2.3666666666666667,23,15,8,0.4871944006071455,0.6357290059886908,0.6573933554285911,1.0
Zm00001eb101410,2,0.47619047619047616,0.47619047619047616,1.0,0,1.0416666666666665,21,6,15,0.37754996229260845,0.46281293181568944,1.0,1.0
Zm00001eb101450,1,0.6363636363636364,0.6363636363636364,0.3912836389616575,0,0.3333333333333333,22,12,10,0.48982178398670495,0.6763762945828873,0.3912836389616575,1.0
Zm00001eb101470,1,0.35,0.35,1.0,0,,20,5,15,0.5056456712807711,0.4641578360158227,1.0,1.0
Zm00001eb101480,3,0.5942028985507246,0.6521739130434783,0.058179044449067324,0,0.9791666666666666,23,8,15,0.4796623497887569,0.6169218036885291,0.458977526693223,1.0
Zm00001eb101530,1,0.625,0.625,1.0,0,0.3333333333333333,8,3,5,0.5368484800928546,0.5631145757278635,1.0,1.0
Zm00001eb101630,3,0.5138888888888888,0.6666666666666666,1.0,0,1.125,24,3,21,0.9967405917778107,1.0436408917330953,1.0,1.0
Zm00001eb101700,2,0.6041666666666667,0.7083333333333334,0.24901185770750991,0,4.090909090909091,24,8,16,0.6645321591187313,0.7006454121871213,0.4434719607943095,1.0
Zm00001eb101710,1,0.7083333333333334,0.7083333333333334,1.0,0,1.6,24,21,3,0.6184737594501031,0.5400259690436454,1.0,1.0
Zm00001eb101770,1,0.5294117647058824,0.5294117647058824,0.6029411764705883,0,2.5714285714285716,17,13,4,1.7936549557771553,2.431151046539137,0.6029411764705883,1.0
Zm00001eb101780,1,0.782608695652174,0.782608695652174,0.4528514963297572,0,2.8333333333333335,23,20,3,0.27626623224244995,0.3432223522557768,0.4528514963297572,1.0
Zm00001eb101880,1,0.5652173913043478,0.5652173913043478,0.5900621118012422,0,0.4090909090909091,23,12,11,0.30547205647126646,0.4274655341159517,0.5900621118012422,1.0
Zm00001eb101950,2,0.625,0.75,0.2017543859649123,0,0.3581730769230769,20,3,17,0.39499069664044695,0.31479089452710596,0.5247034854973944,1.0
Zm00001eb101980,2,0.5238095238095238,0.5238095238095238,1.0,0,0.65,21,10,11,0.4806804867488573,0.6406400021407858,1.0,1.0
Zm00001eb101990,1,0.7272727272727273,0.7272727272727273,0.2272727272727273,0,5.6,22,3,19,0.32552199034120627,0.24713252448714537,0.2272727272727273,1.0
Zm00001eb102050,5,0.5478260869565217,0.8260869565217391,0.32411067193675885,0,3.3148148148148144,23,19,4,0.32020864130225196,0.2776039078301815,0.973092849415988,1.0
Zm00001eb102200,1,0.6111111111111112,0.6111111111111112,0.6371863430686961,0,2.5,18,8,10,0.44676312441445837,0.5559371808542242,0.6371863430686961,1.0
Zm00001eb102210,2,0.5833333333333333,0.6666666666666666,0.533102766798419,0,2.6666666666666665,24,9,15,0.22004621484576378,0.27646159738674625,0.8684462990592934,1.0
Zm00001eb102230,1,0.375,0.375,1.0,0,,16,13,3,0.5689259629906153,0.5200343797200938,1.0,1.0
Zm00001eb102250,2,0.5714285714285714,0.5714285714285714,0.47619047619047616,0,1.8,21,10,11,0.3766729994244044,0.43099542312254835,0.6834896206813874,1.0
Zm00001eb102360,1,0.7222222222222222,0.7222222222222222,0.4901960784313726,0,0.3333333333333333,18,13,5,0.48174675849963045,0.5015994478741965,0.4901960784313726,1.0
Zm00001eb102380,1,0.6,0.6,1.0,0,0.6,10,6,4,0.08958610441777512,0.1328063658791955,1.0,1.0
Zm00001eb102520,1,0.391304347826087,0.391304347826087,0.5392433653303218,0,,23,20,3,0.3763480174701989,0.27490258832117476,0.5392433653303218,1.0
Zm00001eb102560,2,0.45,0.55,1.0,0,0.7916666666666667,20,15,5,0.24425107517700506,0.26580117037954454,1.0,1.0
Zm00001eb102640,1,0.5,0.5,1.0,0,0.8333333333333334,14,5,9,0.976197952394446,1.208677979903846,1.0,1.0
Zm00001eb102760,1,0.30434782608695654,0.30434782608695654,1.0,0,,23,3,20,0.21482018890995133,0.189917330783526,1.0,1.0
Zm00001eb102800,3,0.5972222222222222,0.6666666666666666,0.533102766798419,0,1.8222222222222222,24,21,3,1.0949610027999521,0.8847805362331832,0.9739187254214349,1.0
Zm00001eb102830,3,0.5964912280701754,0.6842105263157895,0.1408668730650155,0,0.5138888888888888,19,9,10,0.4212660157334361,0.5130867020254225,0.4918735486404312,1.0
Zm00001eb102840,1,0.625,0.625,0.3575174825174825,0,0.32,16,7,9,0.620980837596848,0.8126385309959121,0.3575174825174825,1.0
Zm00001eb102850,4,0.6,0.7,0.08668730650154799,0,1.1777777777777778,20,4,16,0.5333826041272918,0.4765492344350543,0.519945737580239,1.0
Zm00001eb102970,9,0.625,0.7916666666666666,0.3271221532091097,0,1.1667783605283604,24,19,5,0.4368697360298825,0.4125687642856887,0.9154883693379041,1.0
Zm00001eb103040,3,0.5166666666666667,0.75,0.44736842105263164,0,3.5,20,15,5,0.8582051445298653,1.2297765913599776,0.6662040146460497,1.0
Zm00001eb103080,1,0.6666666666666666,0.6666666666666666,0.5281862745098039,0,0.25,18,11,7,0.17638250453655238,0.21277379391588735,0.5281862745098039,1.0
Zm00001eb103110,4,0.6071428571428571,0.7142857142857143,0.4285714285714286,0,0.8888888888888888,7,3,4,0.5775594860424397,0.7041197702561579,0.988986776186214,1.0
Zm00001eb103210,1,0.5384615384615384,0.5384615384615384,0.4871794871794872,0,,13,5,8,0.5206110503837628,0.7476190705384398,0.4871794871794872,1.0
Zm00001eb103220,2,0.5,0.5882352941176471,0.5411764705882353,0,0.625,17,13,4,0.8749823694458546,0.8057860337694667,0.8734641595300727,1.0
Zm00001eb103330,2,0.5625,0.5625,0.475,0,0.75,16,7,9,0.766694688348641,1.1186977446827593,0.8286092256000606,1.0
Zm00001eb103410,3,0.6,0.65,0.051496388028895765,0,1.625,20,6,14,0.8802246935585238,0.968864080020899,0.3380522710067672,1.0
Zm00001eb103490,3,0.48484848484848486,0.5454545454545454,0.2535885167464114,0,,22,14,8,0.28022511752912393,0.3850447736401613,0.4939599619790168,1.0
Zm00001eb103510,1,0.85,0.85,0.28421052631578947,0,0.125,20,3,17,0.5063594854353465,0.6524910139207062,0.28421052631578947,1.0
Zm00001eb103560,1,0.6363636363636364,0.6363636363636364,1.0,0,1.6,22,7,15,0.18727573337865178,0.23293954715788143,1.0,1.0
Zm00001eb103760,1,0.2857142857142857,0.2857142857142857,1.0,0,,21,4,17,0.16520898440292625,0.18476868480325725,1.0,1.0
Zm00001eb104260,1,0.5454545454545454,0.5454545454545454,1.0,0,0.65625,22,7,15,0.38165554108613653,0.44859970518187176,1.0,1.0
Zm00001eb104270,1,0.6666666666666666,0.6666666666666666,0.3286713286713287,0,3.5,15,10,5,0.6391452638399879,0.9023370464119764,0.3286713286713287,1.0
Zm00001eb104290,1,0.5,0.5,0.6185758513931888,0,2.3333333333333335,20,16,4,0.1367528191362915,0.11902070861916363,0.6185758513931888,1.0
Zm00001eb104300,1,0.65,0.65,0.2848297213622291,0,0.2,20,9,11,1.2812292925657303,1.560990081364289,0.2848297213622291,1.0
Zm00001eb104460,1,0.8571428571428571,0.8571428571428571,0.06593406593406594,0,,14,4,10,0.20548267128472114,0.23207106777854214,0.06593406593406594,1.0
Zm00001eb104630,2,0.47368421052631576,0.47368421052631576,1.0,0,1.5555555555555556,19,16,3,0.27021165772491834,0.23811726949295517,1.0,1.0
Zm00001eb104660,4,0.5972222222222222,0.6666666666666666,1.0,0,0.9866071428571428,18,15,3,0.2872981249842931,0.30418770400892153,1.0,1.0
Zm00001eb104670,1,0.47368421052631576,0.47368421052631576,0.5304437564499485,0,,19,4,15,0.5670623403400006,0.523468407974126,0.5304437564499485,1.0
Zm00001eb104680,1,0.5,0.5,1.0,0,,10,7,3,1.1193943279153395,1.5860127362073362,1.0,1.0
Zm00001eb104690,2,0.5789473684210527,0.5789473684210527,1.0,0,1.0833333333333333,19,4,15,0.24740762585590673,0.223678971035165,1.0,1.0
Zm00001eb104710,3,0.5873015873015873,0.7142857142857143,0.5455304928989139,0,0.7829670329670331,21,4,17,1.0131389932326254,1.1031587967175496,0.9762881900490004,1.0
Zm00001eb104780,2,0.41666666666666663,0.5416666666666666,0.35770750988142297,0,0.2777777777777778,24,5,19,0.38705992234826847,0.5341308229951647,0.7254450088575431,1.0
Zm00001eb104790,1,0.6666666666666666,0.6666666666666666,0.5783926218708827,0,0.42857142857142855,24,20,4,0.25838904231299703,0.2673495752224256,0.5783926218708827,1.0
Zm00001eb104840,1,0.43478260869565216,0.43478260869565216,1.0,0,1.75,23,4,19,0.567720138969506,0.5550240913381166,1.0,1.0
Zm00001eb104860,1,0.5217391304347826,0.5217391304347826,0.6036137775268209,0,2.7,23,10,13,0.3285356536794969,0.5213475296936293,0.6036137775268209,1.0
Zm00001eb104880,1,0.8333333333333334,0.8333333333333334,0.3115942028985507,0,0.15789473684210525,24,20,4,0.760568158702394,0.642991528177443,0.3115942028985507,1.0
Zm00001eb104900,4,0.6607142857142857,0.7142857142857143,0.5054945054945055,0,1.5520833333333333,14,5,9,0.1671751978838916,0.2170721323448357,0.8486081686695058,1.0
Zm00001eb104960,1,0.5789473684210527,0.5789473684210527,0.6499166468206716,0,0.5357142857142857,19,9,10,0.21765655150937285,0.2823647385768241,0.6499166468206716,1.0
Zm00001eb105020,1,0.4,0.4,0.5394736842105262,0,,20,15,5,0.28717498030131383,0.34584970524352837,0.5394736842105262,1.0
Zm00001eb105060,1,0.5652173913043478,0.5652173913043478,1.0,0,0.8,23,7,16,0.530510436440649,1.218405307559253,1.0,1.0
Zm00001eb105300,1,0.6111111111111112,0.6111111111111112,0.6078431372549021,0,0.4166666666666667,18,10,8,0.2592160741901961,0.316953228981211,0.6078431372549021,1.0
Zm00001eb105420,1,0.6956521739130435,0.6956521739130435,1.0,0,1.5,23,17,6,0.18021033876357084,0.20941435820493892,1.0,1.0
Zm00001eb105680,2,0.6304347826086956,0.6956521739130435,0.12727272727272726,0,,23,9,14,0.3664562418333935,0.4047116711093876,0.09075429276213,1.0
Zm00001eb105740,1,0.7894736842105263,0.7894736842105263,0.1547987616099071,0,0.11538461538461539,19,5,14,0.5985378730194274,0.7635297987046898,0.1547987616099071,1.0
Zm00001eb105750,1,0.43478260869565216,0.43478260869565216,0.5392433653303219,0,,23,17,6,0.3552140086050346,0.4661218332572595,0.5392433653303219,1.0
Zm00001eb105770,1,0.5217391304347826,0.5217391304347826,0.6570197873199624,0,1.9444444444444444,23,7,16,0.38878968133485353,0.466485174014845,0.6570197873199624,1.0
Zm00001eb105780,1,0.5454545454545454,0.5454545454545454,0.4805194805194805,0,,22,12,10,0.5452851216093296,0.7149945916302415,0.4805194805194805,1.0
Zm00001eb105880,1,0.5652173913043478,0.5652173913043478,0.6850181720285368,0,0.6666666666666666,23,10,13,0.38017958075497343,0.46466551486861934,0.6850181720285368,1.0
Zm00001eb105970,3,0.5757575757575758,0.6818181818181818,0.5352016404647985,0,0.5432692307692308,22,5,17,0.3782699448617297,0.36504254971035754,0.8878967365222812,1.0
Zm00001eb106050,1,0.6956521739130435,0.6956521739130435,0.14229249011857706,0,,23,9,14,0.31135059470924015,0.3845178473198436,0.14229249011857706,1.0
Zm00001eb106140,1,0.7368421052631579,0.7368421052631579,0.12280701754385964,0,,19,7,12,0.4253770867918901,0.5070530402673481,0.12280701754385964,1.0
Zm00001eb106320,1,0.4666666666666667,0.4666666666666667,0.5164835164835164,0,,15,4,11,0.7943298526608719,1.0703377605701732,0.5164835164835164,1.0
Zm00001eb106360,1,0.7142857142857143,0.7142857142857143,0.14617425917735513,0,0.18181818181818182,21,13,8,0.19562130617453993,0.3309843887367136,0.14617425917735513,1.0
Zm00001eb106370,1,0.4583333333333333,0.4583333333333333,1.0,0,1.0909090909090908,24,10,14,0.4614300614106686,0.610495009171138,1.0,1.0
Zm00001eb106430,1,0.6666666666666666,0.6666666666666666,1.0,0,1.0,24,6,18,0.32358729940034137,0.3769377318338845,1.0,1.0
Zm00001eb106440,1,0.7058823529411765,0.7058823529411765,0.5147058823529411,0,2.75,17,5,12,0.5695479514078136,0.7688863455423635,0.5147058823529411,1.0
Zm00001eb106450,3,0.5909090909090908,0.6818181818181818,0.1718266253869969,0,2.75,22,12,10,0.40306089924127675,0.5088726057595787,0.6232620572103431,1.0
Zm00001eb106580,1,0.5833333333333334,0.5833333333333334,0.6653318077803203,0,1.5714285714285714,24,18,6,0.2783891837230263,0.3085346442317096,0.6653318077803203,1.0
Zm00001eb106650,1,0.6,0.6,1.0,0,1.6,15,9,6,1.475321187646924,1.849645123500163,1.0,1.0
Zm00001eb106680,7,0.5079365079365079,0.6111111111111112,0.2450980392156863,0,1.7166666666666663,18,7,11,0.10421739738930609,0.20643874562222525,0.9836723218171392,1.0
Zm00001eb106720,2,0.8055555555555556,0.8333333333333334,0.10784313725490195,0,0.12179487179487179,18,14,4,0.2955794070065316,0.3013623940042806,0.10309776836867612,1.0
Zm00001eb106770,2,0.6764705882352942,0.7058823529411765,0.5378151260504201,0,2.791666666666667,17,13,4,0.3538850878980474,0.38840071384112035,0.6778440254573592,1.0
Zm00001eb106830,1,0.5263157894736842,0.5263157894736842,1.0,0,1.1428571428571428,19,4,15,0.23221030813551524,0.25992837245857114,1.0,1.0
Zm00001eb106840,2,0.5208333333333333,0.5416666666666666,1.0,0,0.8482142857142857,24,10,14,0.6543648740148801,0.8035205317974818,1.0,1.0
Zm00001eb106890,1,0.391304347826087,0.391304347826087,1.0,0,,23,16,7,0.2448833350279295,0.2797627088198841,1.0,1.0
Zm00001eb106900,2,0.5227272727272727,0.6363636363636364,0.3614551083591332,0,2.625,22,15,7,0.36594115647011166,0.455049323108518,0.7292781255855995,1.0
Zm00001eb106920,2,0.45454545454545453,0.45454545454545453,0.5151515151515151,0,1.9090909090909092,22,14,8,0.6904932898942996,0.833014522935676,0.8568485362416512,1.0
Zm00001eb106940,2,0.5869565217391304,0.6086956521739131,0.3167701863354037,0,4.166666666666667,23,11,12,0.33842024774136725,0.4126272202894992,0.5003888571561849,1.0
Zm00001eb107130,2,0.5,0.5,1.0,0,1.0,6,3,3,0.32594581567644915,0.4261672013241082,1.0,1.0
Zm00001eb107170,2,0.5952380952380952,0.6190476190476191,0.631062951496388,0,0.46875,21,6,15,0.18877362824709765,0.2875759693010272,0.7672475546979485,1.0
Zm00001eb107220,1,0.6666666666666666,0.6666666666666666,0.1830065359477124,0,,18,8,10,0.19286904193753213,0.2571552020713381,0.1830065359477124,1.0
Zm00001eb107400,1,0.42105263157894735,0.42105263157894735,1.0,0,,19,6,13,0.4044392422329864,0.5823174942892393,1.0,1.0
Zm00001eb107420,2,0.6052631578947368,0.631578947368421,1.0,0,1.6666666666666665,19,12,7,0.8114514619312299,1.0191773542749079,1.0,1.0
Zm00001eb107560,1,0.65,0.65,0.6126160990712074,0,1.8333333333333333,20,6,14,0.19323883840267683,0.549234672316275,0.6126160990712074,1.0
Zm00001eb107620,2,0.6363636363636364,0.7272727272727273,0.49090909090909096,0,0.2857142857142857,11,3,8,0.29268833677416084,0.3139521272316284,0.5839212011354153,1.0
Zm00001eb107640,3,0.6212121212121212,0.6363636363636364,0.29323308270676696,0,1.8818181818181818,22,12,10,0.42335551256750564,0.5366188895856465,0.49755495414123485,1.0
Zm00001eb107700,2,0.525,0.6,0.5210526315789474,0,0.8,20,6,14,0.5113419191197768,0.5686738181762968,0.860729042002967,1.0
Zm00001eb107710,1,0.42857142857142855,0.42857142857142855,0.5263157894736843,0,,21,18,3,0.3898342113489207,0.4762311658541048,0.5263157894736843,1.0
Zm00001eb107890,1,0.42857142857142855,0.42857142857142855,1.0,0,,14,4,10,1.462109174559203,1.6906674560226067,1.0,1.0
Zm00001eb107900,2,0.5869565217391304,0.6086956521739131,0.6668461434917216,0,1.457142857142857,23,16,7,0.4052765994194699,0.5197055299998288,0.9370494861722697,1.0
Zm00001eb107910,4,0.5,0.5833333333333334,0.35214848715992875,0,1.3238095238095238,24,16,8,0.40372715975521306,0.4456881844807928,0.7327694145401344,1.0
Zm00001eb107980,1,0.5,0.5,0.5147058823529411,0,,18,3,15,0.11019370011381907,0.12676424749224763,0.5147058823529411,1.0
Zm00001eb107990,2,0.5384615384615385,0.6153846153846154,0.5594405594405595,0,2.1666666666666665,13,3,10,0.7872104963838465,0.6982722919523751,0.88437370382435,1.0
Zm00001eb108030,2,0.5217391304347826,0.5217391304347826,0.6570197873199622,0,1.9444444444444444,23,16,7,0.3085394934094311,0.3429358539681969,0.7943175227487616,1.0
Zm00001eb108040,2,0.631578947368421,0.631578947368421,0.10319917440660475,0,0.375,19,11,8,0.7593204120651182,0.9272573004811067,0.16505732110489882,1.0
Zm00001eb108120,1,0.42105263157894735,0.42105263157894735,1.0,0,0.6666666666666666,19,15,4,0.14737284527021263,0.14377508000733016,1.0,1.0
Zm00001eb108270,1,0.5238095238095238,0.5238095238095238,1.0,0,0.7,21,8,13,0.5919931665391571,0.6722702919666976,1.0,1.0
Zm00001eb108280,1,0.7857142857142857,0.7857142857142857,0.1758241758241758,0,0.1111111111111111,14,4,10,0.8404901663900404,0.9348666745105229,0.1758241758241758,1.0
Zm00001eb108390,2,0.6458333333333334,0.7083333333333334,1.0,0,1.125,24,20,4,0.7072897924198385,0.6218416125577207,1.0,1.0
Zm00001eb108420,3,0.463768115942029,0.6956521739130435,1.0,0,0.9357142857142857,23,19,4,0.27854946061612046,0.2526082613959887,1.0,1.0
Zm00001eb108460,1,0.5454545454545454,0.5454545454545454,1.0,0,2.2222222222222223,22,11,11,0.5650489617901867,0.7375471445212289,1.0,1.0
Zm00001eb108570,1,0.6363636363636364,0.6363636363636364,0.5441558441558442,0,0.2916666666666667,22,19,3,0.2411419506093064,0.24847084679283732,0.5441558441558442,1.0
Zm00001eb108600,1,0.875,0.875,0.14285714285714288,0,,8,4,4,0.6499590431045456,0.872600931750578,0.14285714285714288,1.0
Zm00001eb108610,4,0.5454545454545454,0.6818181818181818,0.5853269537480065,0,0.6753846153846155,22,16,6,0.20922508773729842,0.2682303067638824,0.944659874832032,1.0
Zm00001eb108660,1,0.7391304347826086,0.7391304347826086,1.0,0,1.7777777777777777,23,4,19,2.2228961300221637,1.6663218985605013,1.0,1.0
Zm00001eb108690,1,0.7916666666666666,0.7916666666666666,0.17927724449463583,0,5.666666666666667,24,19,5,0.36842607278926315,0.3450954214729743,0.17927724449463583,1.0
Zm00001eb108760,1,0.7,0.7,0.16109391124871003,0,5.0,20,6,14,0.9122757674369317,0.9182565550257512,0.16109391124871003,1.0
Zm00001eb108840,1,0.5217391304347826,0.5217391304347826,0.4861660079051384,0,,23,13,10,0.39656800640243484,0.4693574936083026,0.4861660079051384,1.0
Zm00001eb109110,1,0.4444444444444444,0.4444444444444444,1.0,0,1.3333333333333333,18,7,11,0.604244890531549,0.7280450917077298,1.0,1.0
Zm00001eb109290,1,0.5652173913043478,0.5652173913043478,1.0,0,0.9545454545454546,23,14,9,0.39184368205024256,0.4115898035395529,1.0,1.0
Zm00001eb109330,1,0.5,0.5,1.0,0,1.0,18,9,9,0.15575448821611887,0.19090256661710503,1.0,1.0
Zm00001eb109360,1,0.38095238095238093,0.38095238095238093,1.0,0,,21,15,6,0.5990707415055571,0.5961239943400898,1.0,1.0
Zm00001eb109370,3,0.5942028985507246,0.6956521739130435,0.296858747659663,0,2.35,23,18,5,0.8209746581846195,0.8578288928763478,0.7220142239893037,1.0
Zm00001eb109480,3,0.712121212121212,0.7727272727272727,0.47012987012987006,0,1.9898989898989896,22,18,4,1.0986920760265395,1.0146404727480622,0.8064602408926643,1.0
Zm00001eb109500,4,0.5833333333333333,0.7142857142857143,0.33591331269349856,0,2.614583333333333,21,15,6,1.202105396335619,1.1827199868915381,0.9068156200980849,1.0
Zm00001eb109520,1,0.4583333333333333,0.4583333333333333,0.6310935441370225,0,0.42857142857142855,24,19,5,0.5331505454104479,0.5051096153751022,0.6310935441370225,1.0
Zm00001eb109640,3,0.5507246376811593,0.5652173913043478,0.6570197873199624,0,1.4463299663299665,23,14,9,0.42115026225956953,0.4765827883779735,0.9909556291454322,1.0
Zm00001eb109690,1,0.42857142857142855,0.42857142857142855,1.0,0,0.6111111111111112,21,14,7,0.4262399633507118,0.43603546880350363,1.0,1.0
Zm00001eb109780,2,0.6304347826086957,0.6521739130434783,0.04805491990846681,1,2.0,23,9,14,0.2449929815748876,0.328799231673833,0.14067213103795256,1.0
Zm00001eb109800,2,0.5681818181818181,0.6818181818181818,1.0,0,1.04375,22,3,19,0.9760477951136256,0.7196953410759763,1.0,1.0
Zm00001eb109860,3,0.5789473684210527,0.6842105263157895,1.0,0,0.7583333333333334,19,13,6,1.0651495999411835,1.1899343820525237,1.0,1.0
Zm00001eb109870,1,0.6086956521739131,0.6086956521739131,0.55957086391869,0,0.3333333333333333,23,13,10,0.4907492813188345,0.5897258405558273,0.55957086391869,1.0
Zm00001eb109880,1,0.7916666666666666,0.7916666666666666,0.027667984189723323,1,15.0,24,8,16,0.5002711147945199,0.6266582277314305,0.027667984189723323,1.0
Zm00001eb109900,1,0.5,0.5,1.0,0,1.0,24,6,18,0.2746606233420619,0.30062447781095875,1.0,1.0
Zm00001eb110040,2,0.6818181818181819,0.7272727272727273,0.23636363636363636,0,7.5,11,7,4,0.8145375464815963,1.1816053462865805,0.22114753947437366,1.0
Zm00001eb110080,2,0.4347826086956522,0.4782608695652174,1.0,0,0.7416666666666667,23,5,18,0.2713123450803833,0.33725506344038764,1.0,1.0
Zm00001eb110130,1,0.8095238095238095,0.8095238095238095,0.0629514963880289,0,0.09523809523809523,21,16,5,0.7898740751466278,0.9432294656177365,0.0629514963880289,1.0
Zm00001eb110280,2,0.4523809523809524,0.5238095238095238,1.0,0,0.7083333333333333,21,16,5,0.35412869065923724,0.40379982038346046,1.0,1.0
Zm00001eb110330,1,0.34782608695652173,0.34782608695652173,1.0,0,,23,20,3,0.3209031418609145,0.3718240446445732,1.0,1.0
Zm00001eb110340,1,0.8636363636363636,0.8636363636363636,0.02392344497607655,1,24.0,22,17,5,0.5802352046440027,0.5353192094383102,0.02392344497607655,1.0
Zm00001eb110530,1,0.5,0.5,1.0,0,0.6666666666666666,10,6,4,0.2173376272880278,0.2619459552697842,1.0,1.0
Zm00001eb110580,4,0.6029411764705883,0.7058823529411765,0.08235294117647059,0,1.1875,17,9,8,0.24925136074680138,0.3175872256783841,0.41853678785130444,1.0
Zm00001eb110620,5,0.6,0.6666666666666666,0.4444444444444444,0,1.0763888888888888,9,5,4,0.8792470417290418,1.1496568839490104,0.9833516480160283,1.0
Zm00001eb110630,6,0.5208333333333334,0.7083333333333334,0.15014562096941958,0,1.3584615384615386,24,18,6,0.8302761183264633,0.675798436874088,0.8109037731508104,1.0
Zm00001eb110640,1,0.5416666666666666,0.5416666666666666,1.0,0,0.6666666666666666,24,7,17,0.5364608102037668,0.6809064681252868,1.0,1.0
Zm00001eb110720,1,0.5263157894736842,0.5263157894736842,0.2554179566563467,0,,19,4,15,1.2043814748660446,1.1695224679586214,0.2554179566563467,1.0
Zm00001eb110760,2,0.4772727272727273,0.5909090909090909,1.0,0,0.8181818181818182,22,17,5,0.7792594814280395,0.9870057442457935,1.0,1.0
Zm00001eb110810,1,0.6666666666666666,0.6666666666666666,0.28205128205128205,0,6.0,15,7,8,0.15764836733651233,0.1989665014623011,0.28205128205128205,1.0
Zm00001eb110820,1,0.5789473684210527,0.5789473684210527,1.0,0,1.5,19,11,8,0.2783048276462094,0.5065972683902558,1.0,1.0
Zm00001eb110880,1,0.7619047619047619,0.7619047619047619,0.22807017543859645,0,4.666666666666667,21,5,16,0.7131616072001276,2.3093520166689423,0.22807017543859645,1.0
Zm00001eb110910,1,0.42857142857142855,0.42857142857142855,0.5333333333333334,0,,21,7,14,0.38415343343099423,0.4380765954126725,0.5333333333333334,1.0
Zm00001eb111000,1,0.8,0.8,0.07894736842105263,0,,20,14,6,0.5223528638839745,0.646292860608114,0.07894736842105263,1.0
Zm00001eb111020,2,0.5384615384615384,0.5384615384615384,1.0,0,2.4,13,9,4,0.5624620001829427,0.6413296035191886,1.0,1.0
Zm00001eb111050,1,0.3125,0.3125,1.0,0,,16,13,3,0.9398365294191092,0.8830005462470193,1.0,1.0
Zm00001eb111130,3,0.6,0.6,0.6424148606811145,0,1.6145833333333333,20,11,9,0.34187863366988475,0.4415106765364058,0.8585840132312387,1.0
Zm00001eb111180,1,0.5,0.5,1.0,0,1.0,24,12,12,0.11135396780045914,0.1404018010025096,1.0,1.0
Zm00001eb111340,1,0.6666666666666666,0.6666666666666666,0.27450980392156865,0,5.4,18,8,10,0.5298632516054363,0.725573189595558,0.27450980392156865,1.0
Zm00001eb111390,1,0.5882352941176471,0.5882352941176471,1.0,0,0.625,17,7,10,0.5852141886580902,0.8376205983565651,1.0,1.0
Zm00001eb111520,1,0.38095238095238093,0.38095238095238093,1.0,0,1.0,21,7,14,0.3642023206236467,0.4364422418247278,1.0,1.0
Zm00001eb111600,1,0.4,0.4,1.0,0,,20,14,6,0.1735638486702629,0.2211539587333765,1.0,1.0
Zm00001eb111610,1,0.6666666666666666,0.6666666666666666,1.0,0,0.7692307692307693,21,3,18,0.8468441874858433,0.9811789607879008,1.0,1.0
Zm00001eb111620,2,0.625,0.6875,0.2,0,,16,13,3,1.7766002194795232,1.737388052580119,0.1997866136776996,1.0
Zm00001eb111660,2,0.5,0.5833333333333334,1.0,0,0.8422619047619047,24,19,5,0.2991007408514442,0.536789889292965,1.0,1.0
Zm00001eb111690,2,0.6363636363636364,0.6818181818181818,0.039644565960355434,1,0.5,22,12,10,0.855104856492672,1.0607034350413789,0.12230721385304316,1.0
Zm00001eb111720,1,0.5714285714285714,0.5714285714285714,1.0,0,1.4285714285714286,21,4,17,0.22904924581730188,0.2343784463630914,1.0,1.0
Zm00001eb111730,2,0.5869565217391304,0.6521739130434783,0.15495259888852567,0,0.5144444444444445,23,11,12,1.8008913122151766,2.3282012218419386,0.44388279654921947,1.0
Zm00001eb111760,1,0.5454545454545454,0.5454545454545454,1.0,0,1.2222222222222223,22,10,12,0.22094021158100646,0.2661631405327525,1.0,1.0
Zm00001eb111790,3,0.5666666666666668,0.65,0.19680876399142655,0,0.47619047619047616,20,12,8,0.7355375275034519,0.9155025225484316,0.5882968251366958,1.0
Zm00001eb111860,1,0.4782608695652174,0.4782608695652174,0.525691699604743,0,,23,15,8,0.6400299463790793,0.6812109826054606,0.525691699604743,1.0
Zm00001eb112150,2,0.6086956521739131,0.6521739130434783,0.5900621118012422,0,0.6331168831168831,23,20,3,0.9712933859678894,0.7335985016194246,0.901336086779333,1.0
Zm00001eb112170,1,0.5416666666666666,0.5416666666666666,1.0,0,1.6666666666666667,24,12,12,0.4226194787897138,0.5257064200385082,1.0,1.0
Zm00001eb112220,1,0.375,0.375,1.0,0,1.4285714285714286,24,18,6,0.3849137407503465,0.43989949354247565,1.0,1.0
Zm00001eb112260,1,0.4166666666666667,0.4166666666666667,1.0,0,1.0,24,6,18,0.1291888765088496,0.16990583685625105,1.0,1.0
Zm00001eb112360,2,0.6666666666666666,0.875,0.061264822134387366,0,19.0,24,21,3,0.6668778710577924,1.5228916820843956,0.14285441773614055,1.0
Zm00001eb112560,1,0.625,0.625,0.550395256916996,0,3.25,24,21,3,0.5929370600758664,0.3405611275152572,0.550395256916996,1.0
Zm00001eb112590,7,0.577639751552795,0.7391304347826086,0.12433257055682684,0,1.056931216931217,23,7,16,1.099412772665294,1.3067372121180676,0.6821757872122061,1.0
Zm00001eb112660,1,0.5555555555555556,0.5555555555555556,1.0,0,1.2857142857142858,18,10,8,0.6325531431462271,0.7578905605519357,1.0,1.0
Zm00001eb112930,5,0.575,0.625,0.38644164759725397,0,1.2648030303030304,24,11,13,0.43872418769870447,0.5308657653589014,0.9098851260034772,1.0
Zm00001eb113010,2,0.5952380952380952,0.6190476190476191,0.6310629514963881,0,1.75,21,15,6,0.2003552267606923,0.23939722586742493,0.9215725646139363,1.0
Zm00001eb113050,2,0.5652173913043479,0.6086956521739131,0.21739130434782605,0,0.8888888888888888,23,12,11,0.5003684558973212,0.6796172856632716,0.549142674672837,1.0
Zm00001eb113170,2,0.75,0.8,0.2063492063492064,0,0.0625,10,5,5,1.2207843586477407,1.779916134042735,0.31081836054252004,1.0
Zm00001eb113200,1,0.7619047619047619,0.7619047619047619,0.2280701754385965,0,4.666666666666667,21,16,5,0.6204980037197597,0.6011428941333304,0.2280701754385965,1.0
Zm00001eb113240,2,0.5,0.5909090909090909,0.5324675324675325,0,0.3888888888888889,22,16,6,0.5533712513311015,0.4822567393279128,0.7048262025519212,1.0
Zm00001eb113380,2,0.4318181818181818,0.45454545454545453,0.5352016404647983,0,1.05,22,17,5,0.8445271974922453,0.8894218875726413,0.8697624504702381,1.0
Zm00001eb113550,3,0.4090909090909091,0.5454545454545454,1.0,0,1.15,22,18,4,0.4110016493875429,0.43668143352430433,1.0,1.0
Zm00001eb113780,3,0.6811594202898551,0.782608695652174,0.15527950310559005,0,0.32142857142857145,23,17,6,0.33953449295556737,0.3113943334204108,0.28121702012190297,1.0
Zm00001eb113790,2,0.6458333333333333,0.6666666666666666,0.36176409402954024,0,0.4700854700854701,24,16,8,0.7124618695985827,2.1916121936058057,0.5737624380002941,1.0
Zm00001eb113900,1,0.5652173913043478,0.5652173913043478,1.0,0,1.2,23,8,15,0.7650672700525759,1.3733486636841725,1.0,1.0
Zm00001eb114030,1,0.5238095238095238,0.5238095238095238,1.0,0,1.5,21,16,5,0.6050372664279688,0.6862032205480039,1.0,1.0
Zm00001eb114200,2,0.5625,0.7083333333333334,0.5680406549971768,0,1.5208333333333333,24,5,19,0.5799601324062513,0.778241249695497,0.8893030270163117,1.0
Zm00001eb114280,3,0.5694444444444444,0.625,0.40809664827029213,0,0.8628507295173962,24,11,13,0.3075376584778812,0.3976720002355622,0.9377589220925538,1.0
Zm00001eb114370,1,0.3125,0.3125,1.0,0,,16,13,3,0.8850417591755106,0.8440509183001205,1.0,1.0
Zm00001eb114430,1,0.8666666666666667,0.8666666666666667,0.08131868131868132,0,22.0,15,12,3,0.9937857892150717,2.083198895160831,0.08131868131868132,1.0
Zm00001eb114780,3,0.6666666666666666,0.7857142857142857,0.1758241758241758,0,4.444444444444445,14,4,10,0.269845608147077,0.26997616244581346,0.6007446192440757,1.0
Zm00001eb114960,2,0.5555555555555556,0.5555555555555556,1.0,0,1.5,9,3,6,1.0331397495886632,1.0138928700585863,1.0,1.0
Zm00001eb115000,3,0.5072463768115942,0.5652173913043478,1.0,0,0.8777777777777778,23,8,15,0.3218646139446396,0.5482911155147098,1.0,1.0
Zm00001eb115110,3,0.30158730158730157,0.3333333333333333,1.0,0,,21,17,4,0.5521151078454098,0.5355997260022612,1.0,1.0
Zm00001eb115230,1,0.75,0.75,0.24242424242424238,0,0.1,12,6,6,0.43826654771984064,0.5872401536298604,0.24242424242424238,1.0
Zm00001eb115340,2,0.3529411764705882,0.4117647058823529,1.0,0,1.1111111111111112,17,14,3,0.6161286984628894,0.47654901344200395,1.0,1.0
Zm00001eb115750,3,0.6515151515151515,0.7727272727272727,0.07655502392344497,0,0.2857142857142857,22,18,4,0.5519756141681291,0.6529586523099511,0.11338451180239927,1.0
Zm00001eb115800,1,0.22727272727272727,0.22727272727272727,1.0,0,,22,19,3,0.26199757880014524,0.1868797057864959,1.0,1.0
Zm00001eb115870,1,0.47058823529411764,0.47058823529411764,1.0,0,0.5,17,12,5,0.7226449115071507,0.9213718773273081,1.0,1.0
Zm00001eb115970,1,0.6470588235294118,0.6470588235294118,1.0,0,1.1111111111111112,17,4,13,0.8348137522064147,1.1791298273971909,1.0,1.0
Zm00001eb115990,1,0.7272727272727273,0.7272727272727273,0.48051948051948057,0,3.0,22,16,6,0.4703061497161297,0.4280568858378028,0.48051948051948057,1.0
Zm00001eb116400,5,0.6086956521739131,0.6956521739130435,0.14229249011857706,0,1.7875,23,9,14,0.19079694165304142,0.22880238639253847,0.8118269916195224,1.0
Zm00001eb116470,7,0.5833333333333333,0.7916666666666666,0.3002070393374741,0,2.064814814814815,24,20,4,0.8693853587636281,0.8695878991329973,0.9815087168043181,1.0
Zm00001eb116480,1,0.7142857142857143,0.7142857142857143,0.08491508491508493,0,,14,8,6,0.2825941123949567,0.4037266324299623,0.08491508491508493,1.0
Zm00001eb116590,1,0.6153846153846154,0.6153846153846154,0.5594405594405595,0,0.26666666666666666,13,6,7,0.3512482542096744,0.46117946537994897,0.5594405594405595,1.0
Zm00001eb116640,1,0.47368421052631576,0.47368421052631576,0.5087719298245614,0,,19,12,7,0.689176248870937,0.8372076116170535,0.5087719298245614,1.0
Zm00001eb116770,1,0.7142857142857143,0.7142857142857143,0.13333333333333333,0,,21,8,13,0.49837183157932685,0.5329693371247154,0.13333333333333333,1.0
Zm00001eb116800,7,0.5646258503401361,0.6190476190476191,0.3107769423558897,0,1.388095238095238,21,11,10,0.3446437696890249,0.43067061769540277,0.9418139234017975,1.0
Zm00001eb116910,2,0.6052631578947368,0.6842105263157895,0.25541795665634676,0,0.4166666666666667,19,6,13,0.4558009067290943,0.49394887606865884,0.6040261841029932,1.0
Zm00001eb117050,2,0.6052631578947368,0.631578947368421,0.34984520123839,0,2.5375,19,9,10,0.39620454804365274,0.4931670208295535,0.5674328962455841,1.0
Zm00001eb117060,3,0.5909090909090909,0.7272727272727273,0.48051948051948057,0,2.6666666666666665,22,16,6,0.3771441347042001,0.4090458581326671,0.769215134937651,1.0
Zm00001eb117090,1,0.6470588235294118,0.6470588235294118,0.5927601809954752,0,3.0,17,7,10,0.747077051718616,0.997620471360341,0.5927601809954752,1.0
Zm00001eb117130,2,0.5714285714285714,0.6666666666666666,0.35436016511867907,0,2.625,21,6,15,0.45111495472200774,0.5041627368899121,0.5540947786734335,1.0
Zm00001eb117190,1,0.6818181818181818,0.6818181818181818,0.5853269537480065,0,0.46153846153846156,22,16,6,0.3625740152451724,0.47853840278956766,0.5853269537480065,1.0
Zm00001eb117210,1,0.7272727272727273,0.7272727272727273,0.48051948051948057,0,0.3333333333333333,22,6,16,0.09278105869667909,0.0997093553427724,0.48051948051948057,1.0
Zm00001eb117230,1,0.5652173913043478,0.5652173913043478,1.0,0,0.75,23,13,10,0.3024477381260438,0.4402925508527355,1.0,1.0
Zm00001eb117240,3,0.3650793650793651,0.5238095238095238,1.0,0,0.5,21,3,18,1.374270370766636,0.8355665125585375,1.0,1.0
Zm00001eb117430,2,0.6875,0.7083333333333334,0.1501456209694196,0,0.2884615384615385,24,6,18,0.2306907787116068,0.2230917244487312,0.2125388263702876,1.0
Zm00001eb117460,2,0.5434782608695652,0.8260869565217391,0.32411067193675885,0,6.0,23,19,4,0.48489115592398396,0.38031426440670424,0.6892765209485687,1.0
Zm00001eb117510,1,0.21739130434782608,0.21739130434782608,1.0,0,,23,3,20,0.6215942843922653,0.6301392626050082,1.0,1.0
Zm00001eb117520,1,0.6666666666666666,0.6666666666666666,1.0,0,1.0833333333333333,21,16,5,0.13293541590211735,0.15437026604746434,1.0,1.0
Zm00001eb117590,1,0.2916666666666667,0.2916666666666667,1.0,0,,24,20,4,0.27104635094539936,0.25048716591891407,1.0,1.0
Zm00001eb117610,3,0.6527777777777778,0.75,0.19367588932806326,0,3.6055555555555556,24,7,17,0.5027977257665264,0.6267570868942097,0.48807320554030953,1.0
Zm00001eb117640,2,0.5416666666666666,0.6666666666666666,0.36176409402954013,0,0.38461538461538464,24,8,16,0.34690233121906416,0.3751003548142946,0.5121227264937835,1.0
Zm00001eb117890,1,0.34782608695652173,0.34782608695652173,1.0,0,,23,5,18,1.1872617546608668,1.155741839879588,1.0,1.0
Zm00001eb118010,1,0.38095238095238093,0.38095238095238093,1.0,0,,21,15,6,0.4745156785057666,0.5170946088316056,1.0,1.0
Zm00001eb118020,3,0.8095238095238096,0.8095238095238095,0.011695906432748537,1,0.16041666666666665,21,17,4,0.8944533372731329,0.84236620981958,0.021820757871454526,1.0
Zm00001eb118070,2,0.5238095238095238,0.5238095238095238,1.0,0,1.1428571428571428,21,15,6,1.9021762024452853,2.432440333735341,1.0,1.0
Zm00001eb118240,2,0.575,0.6,0.354360165118679,0,3.208333333333333,20,6,14,0.3344040214840981,0.3924055847399253,0.5571937577198787,1.0
Zm00001eb118250,3,0.6060606060606061,0.7272727272727273,0.07430340557275542,0,6.875,22,13,9,0.7755425325704816,1.0934708698001472,0.09141029703173624,1.0
Zm00001eb118370,1,0.7272727272727273,0.7272727272727273,0.24242424242424238,0,0.13333333333333333,11,4,7,0.43906052881465213,0.5592079133708971,0.24242424242424238,1.0
Zm00001eb118820,3,0.7424242424242425,0.7727272727272727,0.07655502392344497,0,0.1172161172161172,22,18,4,0.621426836328513,0.5259313116284858,0.03279592025475952,1.0
Zm00001eb118830,1,0.6666666666666666,0.6666666666666666,0.19302732534661465,0,0.2,24,16,8,0.236410853265188,0.3477309294698962,0.19302732534661465,1.0
Zm00001eb118860,1,0.375,0.375,1.0,0,,24,7,17,0.42453466248821675,0.5065527273434177,1.0,1.0
Zm00001eb118880,4,0.5113636363636364,0.5454545454545454,0.6478328173374615,0,1.5319940476190477,22,7,15,0.3964845513076982,0.8046489993060314,0.9989515989699926,1.0
Zm00001eb118980,2,0.36363636363636365,0.36363636363636365,1.0,0,1.0102564102564102,22,16,6,0.43999397424468595,0.5333363402609856,1.0,1.0
Zm00001eb119010,3,0.65,0.7,0.25531475748194016,0,4.219047619047619,20,16,4,0.5853819904344604,0.5522539188040497,0.5594089761608967,1.0
Zm00001eb119030,3,0.5777777777777778,0.6,0.6083916083916086,0,1.4000000000000001,15,7,8,0.36560206907978204,0.48140535852823413,0.9240326506228825,1.0
Zm00001eb119060,1,0.45,0.45,0.5210526315789474,0,,20,7,13,0.33371253926623995,0.4212349466709586,0.5210526315789474,1.0
Zm00001eb119240,1,0.7619047619047619,0.7619047619047619,0.1842105263157895,0,0.14285714285714285,21,6,15,0.3215805443270316,0.36689895870814837,0.1842105263157895,1.0
Zm00001eb119280,1,0.5652173913043478,0.5652173913043478,0.12433257055682684,0,,23,16,7,2.2704428555854634,2.554031281274479,0.12433257055682684,1.0
Zm00001eb119320,3,0.47826086956521735,0.5217391304347826,0.6105679217807363,0,2.581818181818182,23,5,18,0.45838117270290174,0.4639276013301155,0.9252812665012999,1.0
Zm00001eb119330,3,0.6212121212121212,0.7272727272727273,0.2743221690590112,0,3.1424603174603174,22,17,5,0.18890648227012266,0.21249675984094932,0.5519803410388735,1.0
Zm00001eb119390,2,0.4782608695652174,0.6086956521739131,1.0,0,1.3333333333333333,23,5,18,1.4640004024571784,1.4061297719245696,1.0,1.0
Zm00001eb119430,2,0.5,0.5416666666666666,0.6784560506124646,0,0.7440476190476191,24,10,14,0.5789675049568648,0.7459534269188817,0.9416532894938272,1.0
Zm00001eb119450,1,0.6818181818181818,0.6818181818181818,0.3340838727835632,0,0.3333333333333333,22,16,6,0.5811122891062415,0.6530162717330105,0.3340838727835632,1.0
Zm00001eb119610,1,0.7142857142857143,0.7142857142857143,0.5054945054945055,0,0.1875,14,9,5,3.10431193737168,4.1229775456758,0.5054945054945055,1.0
Zm00001eb119650,4,0.5833333333333333,0.7142857142857143,0.6243550051599587,0,1.1928571428571428,21,5,16,0.7003344350173153,0.6499760339038884,0.9985885327720309,1.0
Zm00001eb119660,1,0.5217391304347826,0.5217391304347826,0.2718951529020178,0,,23,16,7,0.8454373692687803,0.9715297967034912,0.2718951529020178,1.0
Zm00001eb119770,4,0.6195652173913043,0.782608695652174,0.013056939022748688,1,4.761458333333334,23,9,14,0.6556107257530974,1.1991087607256483,0.0761286714650031,1.0
Zm00001eb119780,1,0.7083333333333334,0.7083333333333334,1.0,0,1.3333333333333333,24,4,20,0.6717438424880577,0.7423755262514979,1.0,1.0
Zm00001eb119790,2,0.5833333333333333,0.6666666666666666,0.21732640424590893,0,2.877840909090909,24,11,13,0.5103577884517468,0.8988633574270201,0.5490436237745913,1.0
Zm00001eb119880,1,0.4090909090909091,0.4090909090909091,1.0,0,0.6666666666666666,22,4,18,0.2177082080364445,0.2217100851452171,1.0,1.0
Zm00001eb119890,2,0.5652173913043478,0.5652173913043478,0.40503432494279173,0,2.5,23,16,7,0.39157826575430693,0.5851840266488842,0.4605892275431538,1.0
Zm00001eb119900,1,0.5652173913043478,0.5652173913043478,1.0,0,1.3333333333333333,23,10,13,0.9347643541942733,1.1276824335505629,1.0,1.0
Zm00001eb119970,1,0.5833333333333334,0.5833333333333334,0.38906649616368283,0,3.0625,24,15,9,0.3070452101040414,0.40447128901689683,0.38906649616368283,1.0
Zm00001eb119980,1,0.6842105263157895,0.6842105263157895,0.3046955624355005,0,3.75,19,5,14,0.3513795309066797,0.48094806169215715,0.3046955624355005,1.0
Zm00001eb120030,2,0.38095238095238093,0.47619047619047616,1.0,0,2.1,21,17,4,0.7487297468768983,0.6696852534074476,1.0,1.0
Zm00001eb120060,2,0.6388888888888888,0.8333333333333334,0.044117647058823525,1,0.05555555555555555,18,13,5,1.2834362425653056,1.1996951856123055,0.1098827206496737,1.0
Zm00001eb120230,2,0.5714285714285714,0.6190476190476191,0.3107769423558897,0,0.4305555555555555,21,11,10,0.6544590601381868,0.7691819571111619,0.673975693131124,1.0
Zm00001eb120240,2,0.47916666666666663,0.5416666666666666,0.13043478260869568,0,,24,16,8,0.8920161031124073,1.15874734097142,0.255997370909113,1.0
Zm00001eb120320,1,0.5263157894736842,0.5263157894736842,1.0,0,2.0,19,9,10,0.17744924508127094,0.24195798483754655,1.0,1.0
Zm00001eb120360,1,0.625,0.625,0.6043956043956045,0,0.5,16,10,6,1.1361767680233772,1.0907460605610722,0.6043956043956045,1.0
Zm00001eb120380,1,0.631578947368421,0.631578947368421,0.21052631578947367,0,,19,3,16,0.9894881546096115,0.8833312949967931,0.21052631578947367,1.0
Zm00001eb120410,1,0.7083333333333334,0.7083333333333334,0.3068441855627211,0,0.2857142857142857,24,17,7,0.14171382056995338,0.16254753975965477,0.3068441855627211,1.0
Zm00001eb120430,1,0.8333333333333334,0.8333333333333334,0.0424901185770751,1,0.0784313725490196,24,5,19,0.5559467477276252,0.4960099477036685,0.0424901185770751,1.0
Zm00001eb120460,4,0.6166666666666667,0.8,0.09523809523809525,0,0.8690476190476191,15,10,5,1.399202085613506,1.9180415587998139,0.6706568052378155,1.0
Zm00001eb120470,2,0.5789473684210527,0.631578947368421,0.3034055727554179,0,2.6875,19,15,4,0.48897992609200874,0.42864984938636147,0.6652728011334498,1.0
Zm00001eb120740,1,0.5833333333333334,0.5833333333333334,0.47826086956521735,0,,24,12,12,0.25612716868225677,0.31073652348976144,0.47826086956521735,1.0
Zm00001eb120750,2,0.3913043478260869,0.43478260869565216,0.545305952628607,0,1.1428571428571428,23,5,18,0.37773293102256467,0.4984146357899326,0.8759839870010822,1.0
Zm00001eb120820,2,0.5,0.5416666666666666,1.0,0,1.081168831168831,24,10,14,0.16252134879141708,0.22896823989216147,1.0,1.0
Zm00001eb120830,1,0.2727272727272727,0.2727272727272727,1.0,0,,22,19,3,0.3125064071629676,0.3436490394720461,1.0,1.0
Zm00001eb120840,1,0.55,0.55,1.0,0,1.25,20,9,11,0.8589831066704093,1.090201889390148,1.0,1.0
Zm00001eb121000,3,0.6666666666666666,0.782608695652174,0.4528514963297572,0,0.35294117647058826,23,20,3,0.7709215456012312,0.6564895915771485,0.615370137932425,1.0
Zm00001eb121010,1,0.6818181818181818,0.6818181818181818,0.5272727272727273,0,4.333333333333333,22,8,14,0.30546366826335863,0.3586666605223105,0.5272727272727273,1.0
Zm00001eb121020,2,0.5476190476190477,0.5714285714285714,0.48571428571428565,0,1.75,21,12,9,0.46221248756336,0.5186224912556288,0.6907158282963854,1.0
Zm00001eb121070,3,0.5652173913043478,0.7391304347826086,1.0,0,1.0708333333333333,23,19,4,0.3507363608275366,0.4585895238131741,1.0,1.0
Zm00001eb121080,3,0.6851851851851851,0.7222222222222222,0.06862745098039216,0,0.23809523809523808,18,10,8,0.901865276461582,1.0252219677418253,0.1136966200930081,1.0
Zm00001eb121110,1,0.6521739130434783,0.6521739130434783,0.6213854795090493,0,1.7333333333333334,23,7,16,0.28290901557256737,0.33202666991869706,0.6213854795090493,1.0
Zm00001eb121180,1,0.7272727272727273,0.7272727272727273,1.0,0,0.6,22,18,4,0.43286203807281715,0.32754387103838883,1.0,1.0
Zm00001eb121270,2,0.6086956521739131,0.8260869565217391,0.3241106719367588,0,3.361111111111111,23,4,19,0.7441680934789,0.7163257782505661,0.6892765209485686,1.0
Zm00001eb121300,1,0.55,0.55,0.4789473684210527,0,,20,11,9,0.6925237941318785,0.7712529785213279,0.4789473684210527,1.0
Zm00001eb121310,2,0.5476190476190476,0.8571428571428571,0.07969924812030077,0,16.0,21,3,18,0.6862555354343929,0.6176553099041536,0.28129810787443277,1.0
Zm00001eb121410,2,0.6363636363636364,0.6363636363636364,0.23053107882829246,0,3.3,22,10,12,0.5382059727992716,0.7710450441480234,0.2824127623641325,1.0
Zm00001eb121420,2,0.5434782608695652,0.5652173913043478,0.12211358435614728,0,0.2857142857142857,23,15,8,0.4040237681674069,0.4849418729638175,0.1847257696002538,1.0
Zm00001eb121470,1,0.5714285714285714,0.5714285714285714,0.5864661654135339,0,0.2962962962962963,21,4,17,0.17312669397959005,0.16433858700137682,0.5864661654135339,1.0
Zm00001eb121520,6,0.5964912280701754,0.7368421052631579,0.2218782249742002,0,2.8276190476190477,19,3,16,0.3298862663387549,0.3260421510515268,0.943702037964686,1.0
Zm00001eb121540,2,0.5238095238095237,0.5714285714285714,1.0,0,0.7936507936507937,21,13,8,0.22001684375761718,0.24683986367794217,1.0,1.0
Zm00001eb121560,1,0.35294117647058826,0.35294117647058826,1.0,0,,17,14,3,1.8589815325535928,1.3339705980485148,1.0,1.0
Zm00001eb121570,4,0.5,0.5833333333333334,0.5256916996047432,0,1.0502460502460502,24,8,16,0.1862971958727944,0.2152143166303776,0.9957163850068103,1.0
Zm00001eb121590,2,0.6041666666666667,0.625,0.39263920671243324,0,1.5683760683760686,24,10,14,0.21243932447728217,0.26902113112022147,0.7597035201840379,1.0
Zm00001eb121610,1,0.6086956521739131,0.6086956521739131,1.0,0,0.5833333333333334,23,9,14,1.0546097909328378,1.2460298595958903,1.0,1.0
Zm00001eb121810,1,0.391304347826087,0.391304347826087,1.0,0,1.3846153846153846,23,16,7,0.161979771767911,0.18978856425986998,1.0,1.0
Zm00001eb121920,2,0.5476190476190477,0.6190476190476191,0.17358101135190918,0,0.5633333333333334,21,8,13,0.2641015328568467,0.3178914166647969,0.47754060617543126,1.0
Zm00001eb122030,2,0.525,0.6,1.0,0,0.9555555555555556,20,14,6,1.0161983696989483,1.233291067960747,1.0,1.0
Zm00001eb122050,1,0.5555555555555556,0.5555555555555556,1.0,0,1.5,9,4,5,1.0527581621870616,1.2655221000363273,1.0,1.0
Zm00001eb122060,2,0.47916666666666663,0.5,1.0,0,0.75,24,4,20,0.9039735844400719,0.8002053999082323,1.0,1.0
Zm00001eb122170,1,0.4782608695652174,0.4782608695652174,0.5019762845849802,0,,23,9,14,0.6209953521289634,0.8190249858999696,0.5019762845849802,1.0
Zm00001eb122270,1,0.3684210526315789,0.3684210526315789,1.0,0,,19,5,14,0.4929773386128095,0.8434644864064441,1.0,1.0
Zm00001eb122320,2,0.4117647058823529,0.47058823529411764,0.5193277310924369,0,,17,13,4,0.33584723157520197,0.35277674810185855,0.8596017138692373,1.0
Zm00001eb122330,2,0.6086956521739131,0.7391304347826086,0.13098952915886553,0,6.5,23,6,17,0.32787552029490047,0.31306743052064634,0.15465156972576952,1.0
Zm00001eb122350,1,0.7619047619047619,0.7619047619047619,0.031844316674038045,1,0.1,21,13,8,1.2909947432016315,1.7276098184733697,0.031844316674038045,1.0
Zm00001eb122360,1,0.35,0.35,1.0,0,,20,5,15,1.6294752965498251,1.53775767860078,1.0,1.0
Zm00001eb122410,1,0.8333333333333334,0.8333333333333334,0.042490118577075096,1,12.75,24,19,5,0.2074148460815972,0.1810206392416529,0.042490118577075096,1.0
Zm00001eb122440,1,0.6818181818181818,0.6818181818181818,0.5853269537480064,0,2.1666666666666665,22,6,16,0.43895706468238865,0.478176757491584,0.5853269537480064,1.0
Zm00001eb122460,4,0.44565217391304346,0.7391304347826086,0.2704686617730096,0,2.341666666666667,23,17,6,0.8940421957146814,1.0014837871970976,0.9561424561208772,1.0
Zm00001eb122470,1,0.3181818181818182,0.3181818181818182,1.0,0,,22,19,3,0.7841751678650443,0.5424938186898239,1.0,1.0
Zm00001eb122500,1,0.391304347826087,0.391304347826087,0.5392433653303218,0,,23,4,19,0.9467126513750962,0.8823440255365697,0.5392433653303218,1.0
Zm00001eb122570,2,0.5652173913043478,0.5652173913043478,0.40503432494279185,0,0.8666666666666667,23,13,10,1.2616132449823272,1.5023337953527844,0.7710976495797522,1.0
Zm00001eb122610,2,0.5277777777777778,0.5555555555555556,1.0,0,0.8888888888888888,18,8,10,0.8692798486118981,1.0564948248711445,1.0,1.0
Zm00001eb122690,1,0.3333333333333333,0.3333333333333333,1.0,0,,18,15,3,0.16181303374494163,0.1246662631189871,1.0,1.0
Zm00001eb122740,2,0.5454545454545454,0.5454545454545454,1.0,0,0.5925925925925926,22,11,11,0.755135643342509,1.8917052894095452,1.0,1.0
Zm00001eb122820,3,0.6818181818181818,0.7272727272727273,0.08145854833161334,0,4.166666666666666,22,14,8,0.43219939889485653,0.5159140364423873,0.12179810912840053,1.0
Zm00001eb122960,1,0.5652173913043478,0.5652173913043478,1.0,0,1.0476190476190477,23,14,9,1.141117789676702,1.2590979804524944,1.0,1.0
Zm00001eb122970,2,0.5526315789473684,0.5789473684210527,0.6499166468206714,0,0.61,19,8,11,0.6989373392898686,0.7936391724688611,0.929972982989785,1.0
Zm00001eb122990,3,0.5555555555555555,0.5714285714285714,0.47619047619047616,0,0.7714285714285714,21,11,10,0.19862271749135163,0.2681710749927922,0.8626992171229613,1.0
Zm00001eb123150,1,0.5714285714285714,0.5714285714285714,0.1311612364243943,0,,21,4,17,0.37431307544563625,0.27826682273021525,0.1311612364243943,1.0
Zm00001eb123160,1,0.75,0.75,0.13132094943240455,0,6.0,20,5,15,0.22034748232924156,0.20486595290314225,0.13132094943240455,1.0
Zm00001eb123170,1,0.6521739130434783,0.6521739130434783,1.0,0,1.1666666666666667,23,16,7,0.2900305007167237,0.3001502175833101,1.0,1.0
Zm00001eb123190,2,0.5952380952380952,0.6190476190476191,0.5533834586466165,0,0.9590909090909091,21,9,12,0.16684451494697353,0.22466455132251473,0.7403140504091852,1.0
Zm00001eb123240,1,0.36363636363636365,0.36363636363636365,1.0,0,1.1538461538461537,22,18,4,0.6217771031879624,0.66857613699443,1.0,1.0
Zm00001eb123270,1,0.4444444444444444,0.4444444444444444,0.5294117647058824,0,,18,12,6,0.7131252905927321,0.8560115605324716,0.5294117647058824,1.0
Zm00001eb123280,8,0.6022727272727273,0.6818181818181818,0.09022556390977443,0,2.7986309523809525,22,11,11,0.5496134374843569,0.7381694533756601,0.7040887621118486,1.0
Zm00001eb123340,1,0.5652173913043478,0.5652173913043478,0.4050343249427918,0,0.4,23,7,16,0.4983069828932834,1.1135063819413644,0.4050343249427918,1.0
Zm00001eb123360,2,0.6190476190476191,0.6666666666666666,0.3457516339869281,0,0.43125,21,14,7,0.26198033518471703,0.3072843859271147,0.5650824260378525,1.0
Zm00001eb123410,1,0.7692307692307693,0.7692307692307693,0.10256410256410257,0,12.0,13,6,7,0.33999154751858224,0.4396097861278854,0.10256410256410257,1.0
Zm00001eb123430,2,0.4642857142857143,0.5,1.0,0,0.8928571428571429,14,10,4,0.41569541271038185,0.7784456892123858,1.0,1.0
Zm00001eb123460,3,0.5362318840579711,0.6956521739130435,0.3184938631162887,0,2.107142857142857,23,7,16,0.13071805951164078,0.1595934034050874,0.7340482528981123,1.0
Zm00001eb123570,1,0.7777777777777778,0.7777777777777778,0.0536130536130536,0,0.08333333333333333,18,8,10,0.5036892561611915,0.6346648465795158,0.0536130536130536,1.0
Zm00001eb123630,2,0.6333333333333333,0.6666666666666666,0.32867132867132864,0,1.1428571428571428,15,6,9,0.320479956676001,0.3619174652700895,0.5291713445259755,1.0
Zm00001eb123670,1,0.5555555555555556,0.5555555555555556,1.0,0,0.5,9,3,6,3.017655926968664,3.5432471031391377,1.0,1.0
Zm00001eb124060,5,0.609090909090909,0.6818181818181818,0.17779743476337906,0,2.7924603174603178,22,16,6,1.6308631704000276,1.504460436489541,0.6436502267509467,1.0
Zm00001eb124070,1,0.6666666666666666,0.6666666666666666,1.0,0,0.45454545454545453,18,12,6,0.3326001932700173,0.37231940472252384,1.0,1.0
Zm00001eb124420,1,0.7391304347826086,0.7391304347826086,0.03607484183604792,1,9.0,23,13,10,0.4533948769292219,0.6043347230765823,0.03607484183604792,1.0
Zm00001eb124530,2,0.6842105263157895,0.6842105263157895,0.31888544891640863,0,1.777777777777778,19,6,13,0.3447470444233229,0.3883835344277572,0.3350167777338204,1.0
Zm00001eb124620,1,0.3684210526315789,0.3684210526315789,1.0,0,,19,15,4,1.5572229387939438,1.5450399594457294,1.0,1.0
Zm00001eb124740,2,0.45,0.65,1.0,0,0.8333333333333334,20,17,3,1.6514077450093212,1.4251764214181968,1.0,1.0
Zm00001eb124750,1,0.6190476190476191,0.6190476190476191,0.21428571428571427,0,,21,10,11,0.1632850056942352,0.3076803560431087,0.21428571428571427,1.0
Zm00001eb124780,1,0.2857142857142857,0.2857142857142857,1.0,0,,21,3,18,0.8214573876512956,0.8391957286862137,1.0,1.0
Zm00001eb124800,1,0.5909090909090909,0.5909090909090909,1.0,0,0.6363636363636364,22,9,13,1.581084130096366,3.2801293482461595,1.0,1.0
Zm00001eb124830,1,0.4782608695652174,0.4782608695652174,1.0,0,0.8333333333333334,23,13,10,0.7415529857317986,0.8926115226904515,1.0,1.0
Zm00001eb125060,1,0.45454545454545453,0.45454545454545453,1.0,0,2.1818181818181817,22,15,7,0.6605837616862169,0.7574567089495055,1.0,1.0
Zm00001eb125140,2,0.6086956521739131,0.6521739130434783,0.5889328063241106,0,0.5641025641025641,23,8,15,0.10890694339289458,0.14372552626995386,0.7696442101588961,1.0
Zm00001eb125150,1,0.625,0.625,0.6146245059288536,0,1.8571428571428572,24,20,4,1.1638492750616505,0.879039657900366,0.6146245059288536,1.0
Zm00001eb125200,1,0.45454545454545453,0.45454545454545453,1.0,0,1.9090909090909092,22,14,8,0.46528242001912745,0.6167682556020465,1.0,1.0
Zm00001eb125210,1,0.3333333333333333,0.3333333333333333,1.0,0,,24,18,6,0.6511195315012803,1.4060932857111292,1.0,1.0
Zm00001eb125240,1,0.7,0.7,0.44444444444444453,0,,10,5,5,0.7663678226979185,0.9266809132853082,0.44444444444444453,1.0
Zm00001eb125330,3,0.2916666666666667,0.375,1.0,0,1.0,24,3,21,0.3195608194096858,0.3460179310992425,1.0,1.0
Zm00001eb125340,2,0.30952380952380953,0.3333333333333333,1.0,0,,21,18,3,0.4709039194310512,0.5193424101110883,1.0,1.0
Zm00001eb125350,1,0.75,0.75,0.1515151515151515,0,,12,5,7,0.484631070183745,0.5098599069280284,0.1515151515151515,1.0
Zm00001eb125390,1,0.45454545454545453,0.45454545454545453,1.0,0,0.9523809523809523,22,5,17,0.7274490992476564,1.233701678844393,1.0,1.0
Zm00001eb125410,1,0.631578947368421,0.631578947368421,1.0,0,1.6666666666666667,19,5,14,0.6837342520005251,0.751409627350675,1.0,1.0
Zm00001eb125540,1,0.47619047619047616,0.47619047619047616,1.0,0,1.3333333333333333,21,13,8,0.7177960056730208,1.016049598358912,1.0,1.0
Zm00001eb125670,1,0.375,0.375,1.0,0,1.0,16,4,12,0.2437406413807891,0.2591570805485033,1.0,1.0
Zm00001eb125700,1,0.42857142857142855,0.42857142857142855,1.0,0,0.7777777777777778,14,4,10,0.5276133422485805,0.5102081952674197,1.0,1.0
Zm00001eb125730,1,0.5555555555555556,0.5555555555555556,1.0,0,2.0,9,4,5,0.7360463966964511,0.8478694762123391,1.0,1.0
Zm00001eb125810,4,0.6739130434782609,0.782608695652174,0.022760924631970533,1,0.1485042735042735,23,14,9,0.694255932443345,0.7930884972131669,0.03393509358131301,1.0
Zm00001eb125860,2,0.6041666666666667,0.625,0.6751749899044286,0,1.2232142857142856,24,15,9,0.4203748919242997,0.5440854218674146,0.9403725027783065,1.0
Zm00001eb125880,4,0.6875,0.875,0.14285714285714288,0,3.0,8,3,5,0.7192678835940431,1.0055145855557155,0.7111875625195665,1.0
Zm00001eb125980,1,0.8333333333333334,0.8333333333333334,0.4000000000000001,0,,6,3,3,0.5636310397438673,0.7862188492763318,0.4000000000000001,1.0
Zm00001eb126140,1,0.42857142857142855,0.42857142857142855,0.5321637426900584,0,,21,5,16,0.35941467294545204,0.40403674852735755,0.5321637426900584,1.0
Zm00001eb126230,1,0.5,0.5,1.0,0,1.0,20,10,10,0.1741450377423625,0.24215838169912507,1.0,1.0
Zm00001eb126250,4,0.5833333333333333,0.8095238095238095,0.3864661654135339,0,2.125,21,3,18,0.391244857789555,0.3243526864346952,0.9117319523543654,1.0
Zm00001eb126330,5,0.4695652173913044,0.6521739130434783,0.5392433653303219,0,1.2041666666666666,23,18,5,0.7990184955653404,1.0771461119931782,0.9946977278343057,1.0
Zm00001eb126360,1,0.5882352941176471,0.5882352941176471,0.6371863430686959,0,0.5,17,10,7,0.09601762656569413,0.1287380305266827,0.6371863430686959,1.0
Zm00001eb126500,2,0.5714285714285714,0.6428571428571429,0.592074592074592,0,2.2666666666666666,14,8,6,0.1648502767406301,0.18672129749869368,0.9023942974009511,1.0
Zm00001eb126640,1,0.625,0.625,0.11858974358974357,0,,16,11,5,0.4406710638494034,0.4798271006639185,0.11858974358974357,1.0
Zm00001eb126680,1,0.42857142857142855,0.42857142857142855,1.0,0,,14,3,11,1.18244918248953,0.9526665001456607,1.0,1.0
Zm00001eb126780,2,0.39583333333333337,0.4166666666666667,1.0,0,1.0416666666666667,24,7,17,0.5496937177772608,0.5999828340568281,1.0,1.0
Zm00001eb126830,1,0.5384615384615384,0.5384615384615384,1.0,0,0.8,13,6,7,0.5427783474235818,0.6952308972799695,1.0,1.0
Zm00001eb126950,1,0.5555555555555556,0.5555555555555556,1.0,0,1.2857142857142858,18,8,10,0.50732968013979,0.677272674552952,1.0,1.0
Zm00001eb126960,2,0.5833333333333334,0.5833333333333334,0.5757575757575759,0,0.3333333333333333,12,7,5,1.359136460449595,1.475407029397941,0.6975147074569596,1.0
Zm00001eb126980,1,0.6956521739130435,0.6956521739130435,0.14229249011857706,0,,23,9,14,0.4442734314728289,0.6839640281606223,0.14229249011857706,1.0
Zm00001eb127000,1,0.46153846153846156,0.46153846153846156,1.0,0,1.5,13,4,9,0.2715784747560929,0.2700394714300943,1.0,1.0
Zm00001eb127090,1,0.46153846153846156,0.46153846153846156,0.5279720279720279,0,,13,10,3,1.1568297507195577,1.0249213476367993,0.5279720279720279,1.0
Zm00001eb127110,1,0.5454545454545454,0.5454545454545454,0.3511586452762923,0,0.2571428571428571,22,14,8,0.1258195044661146,0.15677181733759343,0.3511586452762923,1.0
Zm00001eb127150,2,0.65625,0.8125,0.35000000000000003,0,0.16666666666666666,16,3,13,0.500143982871333,0.5480445340413233,0.4854386702927366,1.0
Zm00001eb127160,2,0.5714285714285714,0.5714285714285714,0.4725274725274725,0,2.0,14,8,6,0.37458186204201466,0.4680035785107939,0.6567062636604131,1.0
Zm00001eb127200,1,0.65,0.65,0.6126160990712074,0,0.4,20,6,14,0.19206371759775126,0.23115262758438987,0.6126160990712074,1.0
Zm00001eb127210,1,0.8260869565217391,0.8260869565217391,0.3241106719367588,0,0.16666666666666666,23,4,19,0.8951242822151457,0.8047275827218685,0.3241106719367588,1.0
Zm00001eb127280,1,0.5217391304347826,0.5217391304347826,0.6570197873199622,0,0.5,23,15,8,0.5539298505576875,0.5457042110535434,0.6570197873199622,1.0
Zm00001eb127300,2,0.5714285714285714,0.7142857142857143,0.2800137598899209,0,3.0681818181818183,21,7,14,1.4722404733737247,1.7073553147404301,0.636447904757089,1.0
Zm00001eb127580,1,0.3333333333333333,0.3333333333333333,1.0,0,,24,6,18,0.1362067177088768,0.14775300547580703,1.0,1.0
Zm00001eb127680,2,0.47916666666666663,0.5,1.0,0,0.7678571428571428,24,9,15,0.22708474539679846,0.32049958656698374,1.0,1.0
Zm00001eb127710,2,0.5476190476190477,0.5714285714285714,0.6699214098594903,0,1.2857142857142856,21,11,10,0.885665210846444,1.0669771254055689,0.9382884914224026,1.0
Zm00001eb127770,6,0.625,0.6875,0.2615384615384615,0,3.746666666666667,16,7,9,1.4177703930228158,2.7493421537027016,0.7135734031242661,1.0
Zm00001eb127860,2,0.5416666666666667,0.5833333333333334,1.0,0,0.9105113636363636,24,9,15,0.5104656772885767,0.7363529798649991,1.0,1.0
Zm00001eb127870,1,0.7272727272727273,0.7272727272727273,0.48051948051948057,0,3.0,22,16,6,0.8852618621973701,1.0714017717446387,0.48051948051948057,1.0
Zm00001eb127900,4,0.4558823529411765,0.6470588235294118,0.20588235294117652,0,0.375,17,3,14,0.5188864607658605,0.5706205409189485,0.8326911645130504,1.0
Zm00001eb127920,1,0.5555555555555556,0.5555555555555556,1.0,0,0.7777777777777778,18,10,8,0.8263559815050717,1.0378399707988364,1.0,1.0
Zm00001eb127970,2,0.6111111111111112,0.6666666666666666,0.18798848210612915,0,2.9166666666666665,18,8,10,0.1012334901915636,0.12820532820584815,0.5021876530743796,1.0
Zm00001eb127990,5,0.64,0.75,0.24871001031991744,0,1.9444444444444446,20,4,16,0.20644113229442768,0.21680302835127505,0.8784676393334201,1.0
Zm00001eb128010,2,0.5434782608695652,0.5652173913043478,1.0,0,0.8159722222222222,23,9,14,0.6487108766013453,0.7799109471046575,1.0,1.0
Zm00001eb128020,1,0.5384615384615384,0.5384615384615384,1.0,0,0.6666666666666666,13,7,6,0.11620095748204383,0.15123608122178933,1.0,1.0
Zm00001eb128310,1,0.36363636363636365,0.36363636363636365,1.0,0,,22,5,17,0.26028208850728785,0.28354598503954237,1.0,1.0
Zm00001eb128320,1,0.6666666666666666,0.6666666666666666,0.3563553151653838,0,3.2,24,17,7,0.48525318297463665,0.5517997946654192,0.3563553151653838,1.0
Zm00001eb128490,1,0.8636363636363636,0.8636363636363636,0.009341535657325132,1,0.03333333333333333,22,17,5,0.5041269981050891,1.5139777660456755,0.009341535657325132,1.0
Zm00001eb128590,4,0.4772727272727273,0.7727272727272727,0.47012987012987006,0,0.5218253968253969,22,4,18,0.6469207730714108,0.5099970117150887,0.9925490687575578,1.0
Zm00001eb128620,2,0.6578947368421053,0.6842105263157895,1.0,0,1.5833333333333335,19,14,5,0.4742311005690079,0.5701659111146439,1.0,1.0
Zm00001eb128670,1,0.6666666666666666,0.6666666666666666,0.5454545454545454,0,5.0,12,6,6,0.21978929099112987,0.30555294297756264,0.5454545454545454,1.0
Zm00001eb128730,2,0.5652173913043478,0.6956521739130435,1.0,0,0.6857142857142857,23,4,19,0.17223776164661114,0.2756934631529401,1.0,1.0
Zm00001eb128860,1,0.6956521739130435,0.6956521739130435,0.17929734822990978,0,0.21818181818181817,23,9,14,0.6789867119861427,0.7708844790535317,0.17929734822990978,1.0
Zm00001eb128880,2,0.39583333333333337,0.5,0.2621870882740448,0,,24,20,4,1.2692531173955428,0.881827845401096,0.6131761443762271,1.0
Zm00001eb129050,3,0.6333333333333333,0.8,0.2063492063492064,0,6.555555555555556,10,5,5,0.4147835745513337,0.5489148254273174,0.7889802964709611,1.0
Zm00001eb129100,2,0.5833333333333334,0.7083333333333334,1.0,0,0.9166666666666666,24,20,4,0.6509363989479787,1.5764125334539514,1.0,1.0
Zm00001eb129330,1,0.8181818181818182,0.8181818181818182,0.3376623376623377,0,5.666666666666667,22,4,18,0.8895536639142094,0.8880277495099588,0.3376623376623377,1.0
Zm00001eb129360,1,0.7272727272727273,0.7272727272727273,0.22727272727272727,0,5.6,22,19,3,0.5690385390163665,0.410793333884129,0.22727272727272727,1.0
Zm00001eb129480,1,0.5238095238095238,0.5238095238095238,0.6556587547299622,0,1.875,21,7,14,0.8115565854445557,1.065338958057187,0.6556587547299622,1.0
Zm00001eb129490,1,0.5,0.5,0.6146245059288536,0,2.4545454545454546,24,20,4,0.39529466023869025,0.709739417250126,0.6146245059288536,1.0
Zm00001eb129580,1,0.2727272727272727,0.2727272727272727,1.0,0,,22,4,18,1.4565126202644776,1.3918211900129305,1.0,1.0
Zm00001eb129690,1,0.7368421052631579,0.7368421052631579,0.22187822497420026,0,0.16666666666666666,19,6,13,0.3647845992761651,0.4372586239161253,0.22187822497420026,1.0
Zm00001eb129790,1,0.5,0.5,1.0,0,0.7714285714285715,24,16,8,0.39580938026045215,0.5418385131404677,1.0,1.0
Zm00001eb129860,1,0.5714285714285714,0.5714285714285714,1.0,0,0.5333333333333333,14,7,7,0.259501073045511,0.3290826617882024,1.0,1.0
Zm00001eb130210,3,0.6315789473684211,0.6842105263157895,0.6284829721362231,0,1.4444444444444446,19,5,14,0.3151121206921408,0.4026349357276378,0.9881647496623788,1.0
Zm00001eb130260,1,0.6521739130434783,0.6521739130434783,1.0,0,1.1666666666666667,23,7,16,0.3602065315247618,0.40018819697167723,1.0,1.0
Zm00001eb130390,1,0.75,0.75,0.4285714285714286,0,,8,4,4,0.7719571875539575,1.0391608586284062,0.4285714285714286,1.0
Zm00001eb130400,1,0.6923076923076923,0.6923076923076923,0.1923076923076923,0,,13,6,7,0.5104766259028725,0.7974927872304666,0.1923076923076923,1.0
Zm00001eb130640,1,0.4666666666666667,0.4666666666666667,0.5164835164835164,0,,15,12,3,0.35164326066201373,0.41756328241495805,0.5164835164835164,1.0
Zm00001eb131070,1,0.5882352941176471,0.5882352941176471,0.2279411764705882,0,,17,7,10,0.0987005898052167,0.13800881470811283,0.2279411764705882,1.0
Zm00001eb131130,4,0.6071428571428572,0.6190476190476191,0.3869969040247678,0,0.3650793650793651,21,10,11,0.5706820629339755,0.6955998202473563,0.521638197394121,1.0
Zm00001eb131310,1,0.3,0.3,1.0,0,,20,17,3,0.44336194654677774,0.5032238908429371,1.0,1.0
Zm00001eb131470,1,0.2857142857142857,0.2857142857142857,1.0,0,,21,3,18,0.7892946929260516,0.5817280937979528,1.0,1.0
Zm00001eb131520,2,0.4722222222222222,0.5,1.0,0,1.0555555555555556,18,4,14,0.17161389394459126,0.2032987677000949,1.0,1.0
Zm00001eb131540,2,0.6153846153846154,0.6923076923076923,0.5104895104895104,0,3.3333333333333335,13,3,10,0.5633659777422596,0.4576824191253115,0.8537350965394452,1.0
Zm00001eb131600,1,0.5238095238095238,0.5238095238095238,1.0,0,1.125,21,4,17,0.1562687580107402,0.15052886762747064,1.0,1.0
Zm00001eb131770,1,0.5333333333333333,0.5333333333333333,0.6003996003996004,0,2.6666666666666665,15,10,5,0.15101726322016903,0.153150883727848,0.6003996003996004,1.0
Zm00001eb133420,1,0.45,0.45,1.0,0,0.5,20,15,5,0.20069522436776316,0.4188097143025178,1.0,1.0
Zm00001eb134110,3,0.6923076923076922,0.8461538461538461,0.02097902097902098,1,4.333333333333334,13,7,6,0.1823936409508742,0.20274585321321242,0.10957300607672125,1.0
Zm00001eb134130,3,0.5833333333333334,0.65,0.5210526315789474,0,0.625,20,13,7,0.3465532794592231,0.4005468060356923,0.9714472850419767,1.0
Zm00001eb134390,1,0.5833333333333334,0.5833333333333334,1.0,0,2.5,12,6,6,0.21652841251716634,0.2884670189385515,1.0,1.0
Zm00001eb134520,1,0.45,0.45,1.0,0,0.5555555555555556,20,4,16,0.24809614803387467,0.2722000945165875,1.0,1.0
Zm00001eb134530,1,0.6666666666666666,0.6666666666666666,0.2,0,,15,7,8,0.12317025988781997,0.16526267975538902,0.2,1.0
Zm00001eb134820,2,0.5,0.5882352941176471,0.6199095022624433,0,1.7555555555555555,17,6,11,0.7857594061718088,0.9729111700083612,0.9163389288211721,1.0
Zm00001eb134910,4,0.578125,0.6875,0.08846153846153845,0,0.5238095238095238,16,4,12,0.5909273473404763,0.6302978030195366,0.5104021745301075,1.0
Zm00001eb135190,1,0.47368421052631576,0.47368421052631576,0.5087719298245614,0,,19,7,12,0.4162262200776335,0.528247686521769,0.5087719298245614,1.0
Zm00001eb135250,3,0.5111111111111111,0.6666666666666666,0.5604395604395603,0,0.4791666666666667,15,11,4,1.1663016953786756,1.6543862927432897,0.978905201669206,1.0
Zm00001eb135290,1,0.5909090909090909,0.5909090909090909,0.6517027863777092,0,0.5,22,7,15,0.6268588765889685,0.653874729330763,0.6517027863777092,1.0
Zm00001eb135540,1,0.5,0.5,1.0,0,1.7142857142857142,16,13,3,0.3775881026889834,0.39778589964382294,1.0,1.0
Zm00001eb135590,2,0.53125,0.6875,0.5178571428571428,0,4.5,16,13,3,0.37616094018200813,0.33519382723217617,0.8586360707448497,1.0
Zm00001eb135710,2,0.6111111111111112,0.6666666666666666,1.0,0,1.6,18,6,12,1.303135049835213,1.280288648437828,1.0,1.0
Zm00001eb135800,3,0.6222222222222222,0.6666666666666666,0.5604395604395604,0,2.138888888888889,15,10,5,0.23079153270563807,0.28232862518352,0.978905201669206,1.0
Zm00001eb135900,1,0.5882352941176471,0.5882352941176471,1.0,0,1.6,17,13,4,0.5979168783668232,0.6319266405815728,1.0,1.0
Zm00001eb135930,1,0.6842105263157895,0.6842105263157895,0.5572755417956656,0,0.36363636363636365,19,15,4,0.7719048109718839,0.7037533419360601,0.5572755417956656,1.0
Zm00001eb135960,2,0.4642857142857143,0.5,1.0,0,0.8214285714285714,14,5,9,0.15581185230603042,0.23650206134154558,1.0,1.0
Zm00001eb136010,2,0.5588235294117647,0.5882352941176471,0.5764705882352941,0,1.5833333333333333,17,8,9,0.5117904808137247,0.666249851210827,0.8940084348306447,1.0
Zm00001eb136200,2,0.6086956521739131,0.6521739130434783,0.36303674787992996,0,1.003787878787879,23,9,14,0.40114689364355227,0.5489192548963092,0.5922952970282196,1.0
Zm00001eb136250,1,0.6086956521739131,0.6086956521739131,1.0,0,1.7142857142857142,23,9,14,0.18492144618782952,0.235066212048683,1.0,1.0
Zm00001eb136280,2,0.6304347826086957,0.8260869565217391,0.005898261114306342,1,0.03571428571428571,23,8,15,0.29128237820480135,0.4551310219975598,0.02101054705455908,1.0
Zm00001eb136330,1,0.5555555555555556,0.5555555555555556,1.0,0,2.0,9,3,6,1.0103370265475073,1.285891026310719,1.0,1.0
Zm00001eb136360,1,0.6086956521739131,0.6086956521739131,0.6175220660346518,0,0.42424242424242425,23,10,13,0.48174942345652677,0.5708747014563127,0.6175220660346518,1.0
Zm00001eb136450,1,0.5909090909090909,0.5909090909090909,1.0,0,1.5714285714285714,22,9,13,0.1699044530118736,0.2245132377915382,1.0,1.0
Zm00001eb136500,2,0.75,0.8181818181818182,0.33766233766233766,0,0.5168067226890756,22,4,18,1.5047568315491007,1.6653370267106808,0.7042653373978863,1.0
Zm00001eb136610,2,0.625,0.6666666666666666,0.558080808080808,0,0.3,12,7,5,0.531618599608118,0.66734437089253,0.686119457182613,1.0
Zm00001eb136620,2,0.4565217391304348,0.4782608695652174,1.0,0,1.7416666666666667,23,17,6,0.06416437684332106,0.07647494172474814,1.0,1.0
Zm00001eb136630,2,0.5434782608695652,0.6521739130434783,0.6213854795090491,0,1.6583333333333332,23,6,17,0.17460142633574166,0.2534755485105338,0.9170429585162763,1.0
Zm00001eb136710,1,0.5555555555555556,0.5555555555555556,1.0,0,0.6666666666666666,9,4,5,0.6152237131637511,0.7995466703834339,1.0,1.0
Zm00001eb136900,2,0.5277777777777778,0.5555555555555556,1.0,0,1.59375,18,11,7,0.25857554451785775,0.33724816608301694,1.0,1.0
Zm00001eb136920,5,0.5684210526315789,0.6842105263157895,0.33780529755761957,0,1.9462626262626261,19,5,14,0.40389755315726816,0.7215038681338779,0.9735664215850298,1.0
Zm00001eb136940,8,0.5568181818181818,0.7727272727272727,0.2898913951545531,0,0.7940476190476191,22,5,17,0.1315590143130594,0.14463729629520122,0.8956228254497247,1.0
Zm00001eb136960,2,0.6190476190476191,0.6190476190476191,0.3614551083591332,0,3.3333333333333335,21,10,11,0.20170020759245239,0.24847793069366117,0.39655281245606405,1.0
Zm00001eb136980,1,0.6,0.6,1.0,0,1.75,15,4,11,0.41054402171503884,0.4724691661267404,1.0,1.0
Zm00001eb137010,1,0.4090909090909091,0.4090909090909091,1.0,0,1.5,22,15,7,0.17337435713032645,0.21199992683082813,1.0,1.0
Zm00001eb137030,1,0.6086956521739131,0.6086956521739131,0.21739130434782605,0,,23,12,11,0.4710907925887403,0.7739617844456417,0.21739130434782605,1.0
Zm00001eb137180,1,0.3,0.3,1.0,0,,20,16,4,0.20456299633510783,0.20210949227152342,1.0,1.0
Zm00001eb137200,3,0.5,0.5454545454545454,0.6478328173374612,0,1.4768518518518519,22,13,9,0.21589281341194877,0.27426484869524914,0.9901177713234172,1.0
Zm00001eb137590,2,0.6363636363636364,0.6363636363636364,1.0,0,0.9230769230769231,22,7,15,0.8391832127135228,0.8096230038275873,1.0,1.0
Zm00001eb137710,1,0.375,0.375,1.0,0,,16,4,12,0.6052841771208305,0.46835173006720077,1.0,1.0
Zm00001eb137720,1,0.5714285714285714,0.5714285714285714,1.0,0,0.75,14,9,5,0.3294538322200182,0.4111407877575769,1.0,1.0
Zm00001eb137810,2,0.7,0.8,0.040559440559440565,1,0.3410714285714286,15,6,9,0.44512010292144755,0.5327722177352263,0.1705519086272986,1.0
Zm00001eb137860,1,0.5,0.5,1.0,0,1.0,8,4,4,0.4428234436249193,0.51014430446654,1.0,1.0
Zm00001eb137880,1,0.6,0.6,0.4666666666666667,0,,10,6,4,0.5610656435747134,0.7256425862594982,0.4666666666666667,1.0
Zm00001eb137920,2,0.6470588235294118,0.7058823529411765,0.3382352941176471,0,2.15,17,5,12,1.1050413159062096,1.1236008891536542,0.4919255733225725,1.0
Zm00001eb137990,1,0.6666666666666666,0.6666666666666666,1.0,0,0.7272727272727273,18,13,5,0.26396065535353697,0.3193902394571279,1.0,1.0
Zm00001eb138040,3,0.6,0.6666666666666666,0.2867132867132868,0,2.7083333333333335,15,9,6,0.20734353241650036,0.3169106474103296,0.8686304533976332,1.0
Zm00001eb138100,1,0.8181818181818182,0.8181818181818182,0.3707792207792207,0,0.23529411764705882,22,3,19,0.5004789116593843,0.33665452256809386,0.3707792207792207,1.0
Zm00001eb138110,1,0.5555555555555556,0.5555555555555556,1.0,0,2.2857142857142856,18,3,15,0.40700344705863356,0.7188228018301005,1.0,1.0
Zm00001eb138230,1,0.7058823529411765,0.7058823529411765,1.0,0,1.8333333333333333,17,4,13,0.08849700646962493,0.06310436016550836,1.0,1.0
Zm00001eb138290,1,0.5238095238095238,0.5238095238095238,1.0,0,0.9,21,10,11,0.655921786672617,0.7561347509570504,1.0,1.0
Zm00001eb138330,3,0.6666666666666666,0.6842105263157895,0.5572755417956656,0,2.5,19,15,4,0.5484293684252591,0.4935119870058371,0.7636093506658092,1.0
Zm00001eb138420,1,0.5238095238095238,0.5238095238095238,1.0,0,0.8888888888888888,21,11,10,0.7444592368985857,0.9126932415954992,1.0,1.0
Zm00001eb138460,1,0.6842105263157895,0.6842105263157895,1.0,0,0.6666666666666666,19,16,3,0.6267562148210033,0.6319804083482456,1.0,1.0
Zm00001eb138590,3,0.5740740740740741,0.6666666666666666,0.10130718954248366,0,,18,7,11,0.15199046081216064,0.17462787151416725,0.18568972085000685,1.0
Zm00001eb138670,2,0.7,0.75,0.11052631578947368,0,2.5,20,13,7,0.3820518734026914,0.5626671754473613,0.2500211636037974,1.0
Zm00001eb138680,1,0.42105263157894735,0.42105263157894735,0.5304437564499483,0,,19,5,14,0.27398557816871333,0.2779117382241944,0.5304437564499483,1.0
Zm00001eb138690,5,0.5900000000000001,0.65,0.33591331269349844,0,0.40015873015873016,20,9,11,0.42537409347342037,0.528617687541252,0.7668232560678423,1.0
Zm00001eb138700,1,0.75,0.75,0.4642857142857143,0,8.0,8,3,5,0.627976223400295,0.8472880952652372,0.4642857142857143,1.0
Zm00001eb138730,4,0.53125,0.5625,1.0,0,1.2333333333333334,16,8,8,0.1534761970736322,0.19230602942897518,1.0,1.0
Zm00001eb139110,3,0.5454545454545454,0.6818181818181818,0.5853269537480064,0,0.6338461538461538,22,6,16,0.9986091562266136,1.219775587111281,0.9213257443218521,1.0
Zm00001eb139140,2,0.5454545454545454,0.5909090909090909,0.19321699971854772,0,4.125,22,15,7,0.1926551436263035,0.21568380590824604,0.3722783019597826,1.0
Zm00001eb139160,1,0.625,0.625,0.46428571428571436,0,,8,3,5,0.23741418495863648,0.2511564483158465,0.46428571428571436,1.0
Zm00001eb139180,1,0.7333333333333333,0.7333333333333333,0.4761904761904762,0,3.3333333333333335,15,4,11,0.19985479706123746,0.25723376928435066,0.4761904761904762,1.0
Zm00001eb139380,1,0.43478260869565216,0.43478260869565216,0.545305952628607,0,,23,18,5,0.792533502183298,0.856731287142895,0.545305952628607,1.0
Zm00001eb139400,4,0.5789473684210527,0.6842105263157895,0.2631578947368421,0,1.3063492063492064,19,12,7,0.16655100437854276,0.202569040448701,0.563678538528445,1.0
Zm00001eb139520,2,0.6,0.7,0.1473684210526316,0,0.6666666666666666,20,8,12,0.510471247206197,0.6099300391185658,0.42955235650309453,1.0
Zm00001eb139770,1,0.6363636363636364,0.6363636363636364,0.5454545454545454,0,4.0,11,5,6,0.48294154954481383,0.6067649940823574,0.5454545454545454,1.0
Zm00001eb139840,2,0.5555555555555556,0.5555555555555556,1.0,0,1.0317460317460319,18,10,8,0.34354054897549835,0.3834147519815258,1.0,1.0
Zm00001eb139920,1,0.6086956521739131,0.6086956521739131,0.10446075663466967,0,,23,4,19,1.5859077190530773,1.1099650291104948,0.10446075663466967,1.0
Zm00001eb139930,2,0.6,0.6,0.6513544891640867,0,0.5925925925925926,20,13,7,0.7996918161654335,1.3491161553580977,0.7880265489918443,1.0
Zm00001eb139990,1,0.5714285714285714,0.5714285714285714,0.6594427244582043,0,0.5625,21,11,10,0.18775249224693605,0.22466055197069285,0.6594427244582043,1.0
Zm00001eb140050,1,0.75,0.75,0.05008321198252548,0,0.07692307692307693,24,14,10,0.20024526363337616,0.27590951475244613,0.05008321198252548,1.0
Zm00001eb140070,1,0.6666666666666666,0.6666666666666666,1.0,0,1.0,24,4,20,0.24496605737798563,0.2933340631376006,1.0,1.0
Zm00001eb140160,1,0.7,0.7,1.0,0,3.0,10,7,3,0.40425802985815584,0.44559371319924085,1.0,1.0
Zm00001eb140260,1,0.6,0.6,1.0,0,1.75,15,6,9,0.488024688288758,0.6583509062506044,1.0,1.0
Zm00001eb140330,5,0.48,0.6,0.5394736842105263,0,1.0763888888888888,20,5,15,0.5224794954618004,0.5192882850941033,0.999552129440964,1.0
Zm00001eb140370,2,0.6458333333333333,0.6666666666666666,0.4120339211199353,0,0.4606060606060606,24,8,16,0.24345639334384037,0.31711758759220826,0.7773636325523988,1.0
Zm00001eb140400,1,0.5,0.5,1.0,0,1.0,16,12,4,0.6863359775083615,0.695458220187765,1.0,1.0
Zm00001eb140430,3,0.4833333333333334,0.55,1.0,0,1.1333333333333333,20,8,12,0.7149648069965051,0.903284424812578,1.0,1.0
Zm00001eb140440,2,0.5263157894736842,0.7368421052631579,0.5304437564499483,0,2.1666666666666665,19,16,3,1.2237830363777404,0.851493242953111,0.8667670299978317,1.0
Zm00001eb140450,1,0.625,0.625,0.5961538461538461,0,2.625,16,9,7,0.3224253595409361,0.41402992290180957,0.5961538461538461,1.0
Zm00001eb140480,2,0.625,0.65,0.28482972136222917,0,0.3222222222222222,20,11,9,0.3468201297752335,0.45286673531188365,0.48124488766199613,1.0
Zm00001eb140490,3,0.6153846153846154,0.7692307692307693,0.20279720279720279,0,1.1083333333333334,13,9,4,0.42727900341489,0.4870543505505237,0.7845081596623249,1.0
Zm00001eb140580,1,0.5454545454545454,0.5454545454545454,0.24025974025974026,0,,22,3,19,0.8536240456730222,0.7590866238598132,0.24025974025974026,1.0
Zm00001eb140590,1,0.631578947368421,0.631578947368421,0.21052631578947367,0,,19,10,9,0.47258180103410624,0.5704082986657709,0.21052631578947367,1.0
Zm00001eb140600,2,0.5333333333333333,0.7333333333333333,0.07692307692307691,0,,15,12,3,0.8035472926188266,0.7030387177291346,0.27422687365088727,1.0
Zm00001eb140630,1,0.6086956521739131,0.6086956521739131,0.40032305828509895,0,2.6666666666666665,23,11,12,0.275962982489664,0.3864603903586931,0.40032305828509895,1.0
Zm00001eb140660,1,0.5652173913043478,0.5652173913043478,1.0,0,0.75,23,10,13,0.2513232098917001,0.31246573675227934,1.0,1.0
Zm00001eb140680,2,0.6,0.6666666666666666,0.2,0,0.75,15,8,7,0.6125545618218117,0.862318904208684,0.5218875824868203,1.0
Zm00001eb140690,1,0.5555555555555556,0.5555555555555556,1.0,0,2.0,9,3,6,0.8317011389403226,1.0912536774947887,1.0,1.0
Zm00001eb140730,1,0.4782608695652174,0.4782608695652174,1.0,0,0.4583333333333333,23,9,14,0.1816242948891644,0.2813795453894526,1.0,1.0
Zm00001eb140880,2,0.6000000000000001,0.65,0.24871001031991744,0,1.0,20,4,16,0.7627864115650291,1.0788850813934048,0.5947819509746408,1.0
Zm00001eb140930,2,0.6842105263157894,0.7368421052631579,0.11076711386308913,0,6.333333333333333,19,8,11,0.6648260163010231,0.9088458085694002,0.1742100413603869,1.0
Zm00001eb140970,2,0.5,0.65,1.0,0,1.0,20,5,15,0.11210793184631707,0.12757706891358805,1.0,1.0
Zm00001eb140980,2,0.39473684210526316,0.5263157894736842,0.26315789473684215,0,,19,3,16,1.101316774441789,1.2715564817285323,0.6144739649295634,1.0
Zm00001eb141160,1,0.6190476190476191,0.6190476190476191,0.3107769423558897,0,0.19444444444444445,21,5,16,0.7688817154160894,0.775010505823597,0.3107769423558897,1.0
Zm00001eb141230,1,0.75,0.75,0.4285714285714286,0,,8,4,4,0.2437019610220107,0.283943005252782,0.4285714285714286,1.0
Zm00001eb141310,1,0.6875,0.6875,0.5467032967032965,0,0.3333333333333333,16,12,4,0.1320940795242738,0.15239927322513813,0.5467032967032965,1.0
Zm00001eb141430,1,0.6,0.6,1.0,0,0.8,20,6,14,1.3285913711682726,1.2947270556184234,1.0,1.0
Zm00001eb141530,1,0.5238095238095238,0.5238095238095238,1.0,0,0.5,21,11,10,0.9510110454722445,1.137362431260528,1.0,1.0
Zm00001eb141560,2,0.6136363636363636,0.8181818181818182,0.06493506493506493,0,0.6,22,6,16,0.4518294545234879,0.546042306572552,0.24249139671555728,1.0
Zm00001eb141920,4,0.5681818181818182,0.6363636363636364,0.05113050004690872,0,0.9924242424242424,22,8,14,0.1875231238659139,0.2495622758309956,0.15601944878518034,1.0
Zm00001eb141930,1,0.6111111111111112,0.6111111111111112,1.0,0,1.0,18,3,15,0.273309094854817,0.2316119023304966,1.0,1.0
Zm00001eb141990,2,0.7045454545454546,0.7272727272727273,0.2272727272727273,0,0.30357142857142855,22,15,7,0.17024387167688984,0.2866393375097961,0.5640010320282309,1.0
Zm00001eb142030,1,0.5384615384615384,0.5384615384615384,1.0,0,0.75,13,6,7,0.8908275316733785,1.0588316721814628,1.0,1.0
Zm00001eb142220,4,0.43421052631578944,0.631578947368421,0.6026831785345717,0,0.6435185185185185,19,14,5,0.3962215973446104,0.4118438355443759,0.9981666799579024,1.0
Zm00001eb142360,4,0.6388888888888888,0.7777777777777778,0.20634920634920637,0,0.5833333333333333,9,4,5,0.8289088363420977,1.0647888185493526,0.8144515508696377,1.0
Zm00001eb142440,2,0.6956521739130435,0.6956521739130435,1.0,0,1.0833333333333333,23,17,6,0.19144774084717583,0.2260147734788222,1.0,1.0
Zm00001eb142460,3,0.6231884057971014,0.6956521739130435,0.17929734822990984,0,2.8333333333333335,23,14,9,0.8683263426732583,1.0214756922732773,0.42811266246911184,1.0
Zm00001eb142530,1,0.5,0.5,1.0,0,1.2,14,8,6,0.27822786819198064,0.3191778453784663,1.0,1.0
Zm00001eb142620,1,0.6428571428571429,0.6428571428571429,0.5804195804195804,0,0.42857142857142855,14,9,5,0.8314321764189893,0.8467408077942872,0.5804195804195804,1.0
Zm00001eb142640,1,0.6,0.6,1.0,0,0.75,20,5,15,0.41453844149618807,0.493592806209618,1.0,1.0
Zm00001eb142730,1,0.5,0.5,1.0,0,1.75,18,8,10,0.5139956844381868,0.9675179319994461,1.0,1.0
Zm00001eb142740,2,0.5263157894736842,0.631578947368421,1.0,0,0.8727272727272727,19,7,12,0.2517476342464258,0.31867120730260606,1.0,1.0
Zm00001eb142750,1,0.5263157894736842,0.5263157894736842,1.0,0,0.5833333333333334,19,6,13,0.5244369016364111,0.5130232235773257,1.0,1.0
Zm00001eb142790,1,0.7,0.7,0.5210526315789474,0,0.38461538461538464,20,6,14,0.34167850452845855,0.35691311243812623,0.5210526315789474,1.0
Zm00001eb142810,2,0.5227272727272727,0.5454545454545454,1.0,0,1.6111111111111112,22,11,11,0.21042601505908423,0.28959064339102136,1.0,1.0
Zm00001eb142850,1,0.6363636363636364,0.6363636363636364,1.0,0,0.9230769230769231,22,19,3,0.5699893157397037,0.5018657105693458,1.0,1.0
Zm00001eb142940,3,0.5454545454545454,0.5909090909090909,1.0,0,1.1095238095238094,22,13,9,0.5380685311297134,0.6452414541244955,1.0,1.0
Zm00001eb143050,1,0.5833333333333334,0.5833333333333334,0.4225333153856508,0,0.4375,24,15,9,0.16779240025508135,0.2057852335933809,0.4225333153856508,1.0
Zm00001eb143240,1,0.6818181818181818,0.6818181818181818,1.0,0,0.7142857142857143,22,3,19,0.20796142315942975,0.1467870213089533,1.0,1.0
Zm00001eb143260,1,0.6190476190476191,0.6190476190476191,0.3948559180757324,0,0.38095238095238093,21,10,11,0.14248011749328057,0.16671001186015588,0.3948559180757324,1.0
Zm00001eb143310,2,0.4375,0.5416666666666666,0.23913043478260868,0,,24,21,3,0.16109176365699948,0.1333465388583895,0.5812653774043037,1.0
Zm00001eb143330,1,0.5,0.5,1.0,0,0.6666666666666666,10,3,7,0.6950459028938448,1.7390040305387904,1.0,1.0
Zm00001eb143390,2,0.5833333333333333,0.6666666666666666,0.266304347826087,0,4.0,24,15,9,0.672284786440264,0.832101167250103,0.41911053127320586,1.0
Zm00001eb143430,3,0.6825396825396824,0.7619047619047619,0.4285714285714286,0,1.5611111111111111,21,16,5,0.12304231813961759,0.1567222937439531,0.7586491314871606,1.0
Zm00001eb143440,3,0.5555555555555556,0.6111111111111112,0.6078431372549021,0,0.6722222222222222,18,10,8,0.46866544406089655,0.5768140912138829,0.9359491379941404,1.0
Zm00001eb143460,2,0.8333333333333333,0.8571428571428571,0.12781954887218047,0,9.25,21,18,3,0.6210031938458506,0.5183663229414976,0.15130666285678318,1.0
Zm00001eb143510,2,0.55,0.55,1.0,0,1.5277777777777777,20,10,10,0.5640884447914816,0.7634863857347164,1.0,1.0
Zm00001eb143620,2,0.5833333333333333,0.6666666666666666,1.0,0,1.1111111111111112,18,14,4,0.6982133315952258,0.7289805221328703,1.0,1.0
Zm00001eb143880,1,0.6842105263157895,0.6842105263157895,1.0,0,0.6666666666666666,19,5,14,0.20697302899667086,0.2622373943705449,1.0,1.0
Zm00001eb144000,2,0.6086956521739131,0.6086956521739131,0.4003230582850989,0,1.45,23,8,15,0.29439717143446914,0.3577785400393198,0.45368664117061996,1.0
Zm00001eb144010,1,0.5217391304347826,0.5217391304347826,1.0,0,1.5,23,11,12,0.5164211890296247,0.6997537747478507,1.0,1.0
Zm00001eb144260,8,0.5833333333333334,0.7916666666666666,0.2704686617730096,0,2.0307036713286712,24,19,5,0.3199080063329331,0.31666097309537483,0.8667550960393678,1.0
Zm00001eb144280,2,0.6666666666666666,0.6666666666666666,1.0,0,4.0,6,3,3,0.2074864403437439,0.24763374732148613,1.0,1.0
Zm00001eb144310,1,0.47619047619047616,0.47619047619047616,1.0,0,0.96,21,8,13,0.4167507510416823,0.4945731203220718,1.0,1.0
Zm00001eb144320,1,0.5714285714285714,0.5714285714285714,0.6351172047766476,0,0.5185185185185185,21,16,5,1.0133226468504926,0.8987710329585892,0.6351172047766476,1.0
Zm00001eb144350,2,0.7083333333333333,0.9166666666666666,0.03162055335968379,1,20.90909090909091,24,21,3,0.8306541921566994,0.6463090905859864,0.14083629872087544,1.0
Zm00001eb144430,2,0.6304347826086957,0.6521739130434783,0.36303674787993,0,1.2954545454545454,23,14,9,0.21585148415317995,0.2562766750447111,0.437385986306281,1.0
Zm00001eb144440,1,0.4166666666666667,0.4166666666666667,1.0,0,1.2307692307692308,24,9,15,0.24033578031295277,0.33917578710183677,1.0,1.0
Zm00001eb144480,1,0.5652173913043478,0.5652173913043478,1.0,0,0.9545454545454546,23,5,18,0.47011990729550535,0.40220544836317296,1.0,1.0
Zm00001eb144530,2,0.3125,0.3125,1.0,0,,16,13,3,0.3573821348459274,0.38305879404347937,1.0,1.0
Zm00001eb144560,5,0.625,0.8333333333333334,0.0037445392136467646,1,0.5089285714285714,24,15,9,0.5825065638262003,0.7497399492339863,0.09576025574412644,1.0
Zm00001eb144570,3,0.4761904761904761,0.7619047619047619,0.4285714285714286,0,3.75,21,16,5,1.4938726496896049,1.4653770336261627,0.9455377253552444,1.0
Zm00001eb144580,2,0.5625,0.6666666666666666,0.28326745718050067,0,0.5357142857142857,24,17,7,0.32604343366918914,0.35546200280594825,0.475181988942577,1.0
Zm00001eb144590,1,0.47058823529411764,0.47058823529411764,1.0,0,2.0,17,12,5,1.2888922640474314,1.6725235584302425,1.0,1.0
Zm00001eb144600,1,0.5833333333333334,0.5833333333333334,0.659134248665141,0,0.525,24,17,7,0.22565503602644954,0.2450701533706197,0.659134248665141,1.0
Zm00001eb144840,1,0.2857142857142857,0.2857142857142857,1.0,0,,21,4,17,0.22857302740138355,0.2519856112350328,1.0,1.0
Zm00001eb144900,3,0.6140350877192983,0.631578947368421,1.0,0,0.7999999999999999,19,14,5,0.4094876172639832,0.4269469651422866,1.0,1.0
Zm00001eb145030,5,0.8090909090909092,0.8181818181818182,0.37077922077922076,0,0.26323529411764707,22,19,3,0.8236251913351915,1.3412677865975942,0.4903001500590627,1.0
Zm00001eb145050,1,0.5217391304347826,0.5217391304347826,0.6600196142530239,0,1.7777777777777777,23,17,6,0.622384200118217,0.6811114150839526,0.6600196142530239,1.0
Zm00001eb145210,1,0.55,0.55,1.0,0,0.7777777777777778,20,16,4,0.12695238059431924,0.14636479745704004,1.0,1.0
Zm00001eb145270,1,0.7142857142857143,0.7142857142857143,0.1588235294117647,0,0.16,21,12,9,0.8356066665815716,1.13865264107766,0.1588235294117647,1.0
Zm00001eb145440,1,0.5333333333333333,0.5333333333333333,0.48571428571428577,0,,15,9,6,0.20001374886208598,0.226484060534548,0.48571428571428577,1.0
Zm00001eb145500,2,0.5652173913043479,0.6521739130434783,1.0,0,0.7,23,15,8,0.2466941271240248,0.30700687877467164,1.0,1.0
Zm00001eb145530,1,0.5454545454545454,0.5454545454545454,1.0,0,0.8,11,5,6,0.1461160179360441,0.1908930212252091,1.0,1.0
Zm00001eb145580,1,0.6818181818181818,0.6818181818181818,0.09907120743034058,0,5.6,22,13,9,0.1336213003799128,0.15881128818080523,0.09907120743034058,1.0
Zm00001eb145680,2,0.6176470588235294,0.7058823529411765,0.2800581771170007,0,2.5833333333333335,17,12,5,1.1137526190719405,2.300094139682507,0.6365044406571994,1.0
Zm00001eb145750,2,0.5,0.5238095238095238,1.0,0,0.7125,21,12,9,0.6978167044916792,1.2896609256326612,1.0,1.0
Zm00001eb145890,3,0.5652173913043478,0.6086956521739131,0.6175220660346519,0,0.9539141414141414,23,13,10,0.5748635212679998,0.7320268923669012,0.9435119676452267,1.0
Zm00001eb146080,1,0.7142857142857143,0.7142857142857143,0.48571428571428565,0,0.16666666666666666,7,4,3,0.5924690217491179,0.9334457406863055,0.48571428571428565,1.0
Zm00001eb146190,1,0.42857142857142855,0.42857142857142855,0.5263157894736843,0,,21,18,3,0.26698725004666274,0.2741876569851519,0.5263157894736843,1.0
Zm00001eb146420,2,0.6578947368421053,0.7368421052631579,0.1107671138630891,0,7.0,19,11,8,0.2788216680541248,0.5494918867590177,0.16035778127270436,1.0
Zm00001eb146490,1,0.7142857142857143,0.7142857142857143,0.5054945054945055,0,0.3333333333333333,14,4,10,0.43926829873179585,0.4270747009324398,0.5054945054945055,1.0
Zm00001eb146500,1,0.75,0.75,0.13132094943240452,0,6.0,20,15,5,0.19479188497307048,0.2233055578013885,0.13132094943240452,1.0
Zm00001eb146510,2,0.525,0.55,1.0,0,1.0952380952380953,20,12,8,0.18054466681898043,0.26460806445423474,1.0,1.0
Zm00001eb146650,2,0.5434782608695652,0.5652173913043478,0.6404053612291598,0,1.1875,23,11,12,0.3930839848525137,0.5132399402181126,0.9258045248245389,1.0
Zm00001eb146750,7,0.5900621118012422,0.8260869565217391,0.017266486374037864,1,1.3529914529914528,23,7,16,0.2189581316175673,0.23706600447854423,0.5828604985881414,1.0
Zm00001eb146760,1,0.5454545454545454,0.5454545454545454,1.0,0,0.7777777777777778,22,10,12,0.21955226956923646,0.29508025014259226,1.0,1.0
Zm00001eb146780,1,0.5,0.5,1.0,0,1.0,22,11,11,0.7173130310629173,1.0595632745243564,1.0,1.0
Zm00001eb146840,1,0.5,0.5,1.0,0,1.0,16,10,6,1.5243711666744209,1.7034318445290981,1.0,1.0
Zm00001eb146890,1,0.4090909090909091,0.4090909090909091,0.5352016404647983,0,,22,4,18,0.34948536430615795,0.33983191763010145,0.5352016404647983,1.0
Zm00001eb146930,2,0.5454545454545454,0.5454545454545454,1.0,0,1.1736111111111112,22,9,13,0.2772463536171027,0.34239020713889723,1.0,1.0
Zm00001eb146990,1,0.5294117647058824,0.5294117647058824,0.2605042016806723,0,,17,12,5,0.6237297153779928,0.7107627681605385,0.2605042016806723,1.0
Zm00001eb147090,2,0.7142857142857143,0.9047619047619048,0.041353383458646614,1,34.0,21,18,3,0.7524589813839352,0.608839317164727,0.05895045408093613,1.0
Zm00001eb147110,3,0.3768115942028986,0.391304347826087,0.5392433653303218,0,,23,3,20,0.7851741666713048,0.5078501724251593,0.8717707493029259,1.0
Zm00001eb147260,1,0.6153846153846154,0.6153846153846154,0.5594405594405595,0,0.3333333333333333,13,3,10,0.5695917660207216,0.6118395604819601,0.5594405594405595,1.0
Zm00001eb147290,3,0.5507246376811593,0.5652173913043478,0.47826086956521735,0,1.75,23,12,11,0.6798293563153656,0.984664202801926,0.8830984445617531,1.0
Zm00001eb147480,1,0.5416666666666666,0.5416666666666666,1.0,0,0.6666666666666666,24,12,12,0.2901026132758516,0.40537234804659444,1.0,1.0
Zm00001eb147490,2,0.5769230769230769,0.6153846153846154,1.0,0,1.625,13,8,5,0.4408926718368787,0.5789690563589467,1.0,1.0
Zm00001eb147510,1,0.625,0.625,0.4120339211199354,0,0.45454545454545453,24,16,8,0.45740273165732465,0.5446170022127096,0.4120339211199354,1.0
Zm00001eb147530,2,0.5833333333333334,0.7083333333333334,0.5072463768115942,0,1.4375,24,7,17,0.4706243952040335,0.4282208704770237,0.683350920877006,1.0
Zm00001eb147610,1,0.6,0.6,0.22857142857142862,0,,15,9,6,0.6363348204010768,0.741809762789878,0.22857142857142862,1.0
Zm00001eb147720,1,0.7727272727272727,0.7727272727272727,0.10047846889952154,0,7.0,22,6,16,0.2008681736417939,0.25389980154369557,0.10047846889952154,1.0
Zm00001eb147780,1,0.5555555555555556,0.5555555555555556,0.24894957983193278,0,,18,5,13,0.20672559059096854,0.2523588631242882,0.24894957983193278,1.0
Zm00001eb147850,1,0.4,0.4,1.0,0,,20,6,14,0.327053759471066,0.3448570123367982,1.0,1.0
Zm00001eb147890,2,0.717391304347826,0.7391304347826086,0.20948616600790512,0,3.1785714285714284,23,16,7,0.4354004227409127,0.5058092123187931,0.36749465181068997,1.0
Zm00001eb147980,1,0.7777777777777778,0.7777777777777778,0.44240196078431376,0,0.3076923076923077,18,15,3,0.4559083433292756,0.38099807335438196,0.44240196078431376,1.0
Zm00001eb147990,4,0.5375000000000001,0.55,0.5913312693498454,0,1.5069444444444444,20,11,9,1.4089508099005026,1.5872016192805836,0.9829171761875226,1.0
Zm00001eb148040,1,0.5294117647058824,0.5294117647058824,1.0,0,0.75,17,10,7,0.6336818228027946,0.7862856281099648,1.0,1.0
Zm00001eb148070,3,0.6666666666666666,0.8571428571428571,0.2285714285714286,0,5.5,21,18,3,0.2700134486552932,0.2808051541150503,0.3567018967515179,1.0
Zm00001eb148110,1,0.6,0.6,0.46666666666666673,0,,15,7,8,0.20415213574324056,0.23732400810462775,0.46666666666666673,1.0
Zm00001eb148220,1,0.8095238095238095,0.8095238095238095,0.12781954887218047,0,0.1,21,3,18,0.6474444452353914,0.753892635928925,0.12781954887218047,1.0
Zm00001eb148290,4,0.5795454545454546,0.6818181818181818,0.266347687400319,0,1.1723646723646723,22,6,16,0.10743721097296444,0.11019583154062651,0.8817054744457995,1.0
Zm00001eb148320,1,0.5555555555555556,0.5555555555555556,1.0,0,1.0,9,6,3,0.759836781766058,0.7809622210229075,1.0,1.0
Zm00001eb148530,1,0.6363636363636364,0.6363636363636364,0.4545454545454546,0,,11,6,5,0.6829248741361108,0.8044941355434767,0.4545454545454546,1.0
Zm00001eb148610,5,0.5714285714285714,0.6666666666666666,0.1486068111455108,0,1.0383333333333333,21,11,10,0.20172281448104462,0.2318071714821825,0.8278565520908077,1.0
Zm00001eb148630,5,0.5904761904761905,0.7142857142857143,0.08049535603715172,0,2.9,21,11,10,0.4812564127635464,0.5913411772922884,0.6283417443894435,1.0
Zm00001eb148750,1,0.4117647058823529,0.4117647058823529,1.0,0,1.1111111111111112,17,6,11,0.3648803327729635,0.425006205921625,1.0,1.0
Zm00001eb148780,2,0.5833333333333333,0.625,0.3707093821510298,0,1.2400000000000002,24,12,12,0.6253986989974228,0.8010611254698602,0.7385779663566119,1.0
Zm00001eb148790,1,0.85,0.85,0.28421052631578947,0,8.0,20,17,3,1.373288204062203,1.0989455214208785,0.28421052631578947,1.0
Zm00001eb149000,2,0.5714285714285714,0.5714285714285714,1.0,0,1.0055555555555555,21,5,16,0.3971968290929927,0.47675132607708054,1.0,1.0
Zm00001eb149010,1,0.5555555555555556,0.5555555555555556,0.5955882352941175,0,3.4285714285714284,18,7,11,0.47967120628298576,0.5417962331753245,0.5955882352941175,1.0
Zm00001eb149030,2,0.45833333333333337,0.5,1.0,0,1.3,12,3,9,1.3153119565267575,0.9606513201746643,1.0,1.0
Zm00001eb149170,1,0.5625,0.5625,1.0,0,0.5555555555555556,16,8,8,0.3351742704739906,0.3967236656049756,1.0,1.0
Zm00001eb149430,1,0.5833333333333334,0.5833333333333334,0.1893194973017291,0,0.1836734693877551,24,8,16,0.2020661020976822,0.29765185590695203,0.1893194973017291,1.0
Zm00001eb149520,2,0.5625,0.5625,0.475,0,2.0,16,9,7,0.23793516649711716,0.32347746938741373,0.6619279143558334,1.0
Zm00001eb149540,1,0.85,0.85,0.08771929824561403,0,0.06666666666666667,20,4,16,0.16698097086307204,0.16969302141644557,0.08771929824561403,1.0
Zm00001eb149570,1,0.7083333333333334,0.7083333333333334,0.5072463768115942,0,2.6666666666666665,24,7,17,0.6005914331615448,0.7121806759816338,0.5072463768115942,1.0
Zm00001eb149640,1,0.6,0.6,1.0,0,1.6,15,6,9,0.10610752424925617,0.13146829147941091,1.0,1.0
Zm00001eb149720,1,0.875,0.875,0.0027043894320782193,1,0.025,24,6,18,0.33953100969592914,0.3616060307858818,0.0027043894320782193,1.0
Zm00001eb149730,2,0.4444444444444444,0.4444444444444444,0.5220588235294118,0,,18,5,13,0.23623827167518488,0.24196735796507357,0.6268408324859611,1.0
Zm00001eb149740,2,0.7916666666666666,0.7916666666666666,0.43675889328063233,0,1.6666666666666667,24,21,3,0.9736642327920134,0.7922795749510884,0.5067968016985156,1.0
Zm00001eb149750,3,0.7121212121212123,0.8181818181818182,0.045796308954203696,1,3.888888888888889,22,16,6,0.5837333091785258,0.6407044280612358,0.0465314756672748,1.0
Zm00001eb149760,1,0.65,0.65,0.33591331269349844,0,0.2777777777777778,20,6,14,0.6789302066276581,0.6667267483490366,0.33591331269349844,1.0
Zm00001eb149810,1,0.625,0.625,1.0,0,3.0,8,4,4,0.9641338829915627,1.2671074418119757,1.0,1.0
Zm00001eb149830,1,0.7058823529411765,0.7058823529411765,0.5147058823529412,0,5.0,17,11,6,0.6830578728037614,0.9589832083333492,0.5147058823529412,1.0
Zm00001eb149840,1,0.2727272727272727,0.2727272727272727,1.0,0,,22,3,19,0.9137722725049283,1.2295312991929406,1.0,1.0
Zm00001eb149900,2,0.6304347826086957,0.6521739130434783,0.3787858392785032,0,1.3458333333333332,23,15,8,0.2600973580360887,0.2759186984665751,0.5758583490795333,1.0
Zm00001eb149940,1,0.6190476190476191,0.6190476190476191,0.6107916850950906,0,0.4,21,12,9,0.17640617398039926,0.22144245690030184,0.6107916850950906,1.0
Zm00001eb150090,2,0.5263157894736842,0.631578947368421,0.6026831785345717,0,0.9851851851851852,19,5,14,0.3266363228037491,0.43771450041147325,0.9078600199922836,1.0
Zm00001eb150140,2,0.8043478260869565,0.8260869565217391,0.05928853754940711,0,0.125,23,6,17,0.2346810261014059,0.28716842028833617,0.05236418715545357,1.0
Zm00001eb150150,1,0.782608695652174,0.782608695652174,0.3952569169960474,0,4.25,23,5,18,0.46925488057484066,0.4700317769693805,0.3952569169960474,1.0
Zm00001eb150290,1,0.6,0.6,0.5804195804195803,0,4.0,15,10,5,0.3111305006608261,0.30101645634325663,0.5804195804195803,1.0
Zm00001eb150500,5,0.5727272727272728,0.6818181818181818,0.3340838727835632,0,0.7803030303030304,22,7,15,0.2893608197357332,0.31583682117277795,0.8696178040868978,1.0
Zm00001eb150530,1,0.6470588235294118,0.6470588235294118,0.5927601809954752,0,0.3333333333333333,17,5,12,0.13960285738851527,0.1387147150805362,0.5927601809954752,1.0
Zm00001eb150540,2,0.5,0.5,0.5089285714285714,0,0.8,16,5,11,0.478609677755727,0.6404195737343611,0.8526831553325984,1.0
Zm00001eb150560,3,0.638888888888889,0.75,0.45454545454545453,0,1.8,12,9,3,1.7098235480749737,1.7932935396489744,0.9542226658729848,1.0
Zm00001eb150620,1,0.625,0.625,0.6145104895104894,0,2.6666666666666665,16,9,7,0.5497125548861771,0.66444582706077,0.6145104895104894,1.0
Zm00001eb150630,2,0.5681818181818181,0.5909090909090909,0.6461742591773552,0,0.8,22,6,16,0.3302942522758151,0.4339844239836336,0.9283495508316417,1.0
Zm00001eb150640,1,0.6666666666666666,0.6666666666666666,0.29411764705882354,0,6.4,18,9,9,0.1678202725857695,0.2100029770332984,0.29411764705882354,1.0
Zm00001eb150680,1,0.8636363636363636,0.8636363636363636,0.07272727272727272,0,0.058823529411764705,22,4,18,0.5232146569359698,0.5768863516350845,0.07272727272727272,1.0
Zm00001eb150730,2,0.5952380952380952,0.6190476190476191,0.3972136222910217,0,1.8875,21,12,9,0.15166722188067752,0.16053694572168603,0.7639534331901446,1.0
Zm00001eb150740,2,0.6428571428571428,0.7142857142857143,0.0804953560371517,0,0.3526785714285714,21,10,11,0.518616362938843,0.6126709712057242,0.20892659270914493,1.0
Zm00001eb150960,3,0.5396825396825397,0.6190476190476191,0.0608875128998968,0,1.8666666666666667,21,14,7,0.35589137770213464,0.3750772622346534,0.36553500073119066,1.0
Zm00001eb151140,1,0.5789473684210527,0.5789473684210527,0.5820433436532507,0,0.2916666666666667,19,15,4,0.45168391764498794,0.4214628007059713,0.5820433436532507,1.0
Zm00001eb151280,2,0.5,0.6470588235294118,0.5367647058823529,0,0.2777777777777778,17,3,14,0.5791010938454318,0.6478224051971809,0.8707372606977886,1.0
Zm00001eb151310,1,0.7142857142857143,0.7142857142857143,0.4285714285714286,0,,7,4,3,1.1941141403698672,1.4501493856657108,0.4285714285714286,1.0
Zm00001eb151400,1,0.5789473684210527,0.5789473684210527,0.6499166468206716,0,1.8666666666666667,19,12,7,0.6466103491563355,0.8702250371698574,0.6499166468206716,1.0
Zm00001eb151440,2,0.5869565217391304,0.6086956521739131,0.22829452146991516,0,3.0625,23,14,9,0.17131699736770672,0.2185621005749466,0.30976102195058064,1.0
Zm00001eb151570,2,0.5,0.5333333333333333,0.5164835164835164,0,0.4,15,11,4,1.3339685416424134,1.5071946676718078,0.6755893991602071,1.0
Zm00001eb151710,1,0.5833333333333334,0.5833333333333334,0.5760869565217391,0,2.6666666666666665,24,11,13,0.4015892013586439,0.4610214680795462,0.5760869565217391,1.0
Zm00001eb151970,1,0.5652173913043478,0.5652173913043478,0.6404053612291599,0,1.875,23,5,18,0.3289747620630774,0.4665223164337556,0.6404053612291599,1.0
Zm00001eb152020,1,0.3157894736842105,0.3157894736842105,1.0,0,,19,4,15,2.70577946422828,1.8280995738724581,1.0,1.0
Zm00001eb152080,1,0.45,0.45,0.5210526315789474,0,,20,13,7,0.4176355971799687,0.47909336487811566,0.5210526315789474,1.0
Zm00001eb152100,1,0.5263157894736842,0.5263157894736842,0.4853801169590643,0,,19,11,8,0.4533934543837567,0.6160432898297946,0.4853801169590643,1.0
Zm00001eb152190,2,0.5454545454545454,0.5909090909090909,1.0,0,1.4107142857142856,22,9,13,0.9629031796902584,1.6465330447803965,1.0,1.0
Zm00001eb152500,1,0.5714285714285714,0.5714285714285714,1.0,0,0.7272727272727273,21,12,9,0.07052906092125961,0.0894232696454659,1.0,1.0
Zm00001eb152510,1,0.6666666666666666,0.6666666666666666,1.0,0,0.46153846153846156,21,7,14,0.8208006196059844,0.9562911582017679,1.0,1.0
Zm00001eb152570,3,0.6470588235294118,0.7058823529411765,0.5764705882352941,0,0.6474266474266474,17,13,4,0.6385943839333,0.7693724151772225,0.9814632730116146,1.0
Zm00001eb152900,3,0.5789473684210527,0.631578947368421,0.4853801169590643,0,1.9791666666666667,19,8,11,0.5727697753295038,0.6789615172991547,0.8505933653969111,1.0
Zm00001eb152920,1,0.6666666666666666,0.6666666666666666,1.0,0,1.0833333333333333,21,17,4,1.3202634738252803,1.1128010089050895,1.0,1.0
Zm00001eb152950,2,0.53125,0.5625,0.6328671328671328,0,0.625,16,6,10,0.8966187318692295,2.120227958471143,0.9224005423051708,1.0
Zm00001eb152990,1,0.7058823529411765,0.7058823529411765,0.13122171945701358,0,8.75,17,8,9,0.41754185286086587,0.4934668723418943,0.13122171945701358,1.0
Zm00001eb153010,2,0.47619047619047616,0.5238095238095238,1.0,0,0.75,21,4,17,0.43573267021288753,0.4188230347644361,1.0,1.0
Zm00001eb153020,3,0.5396825396825397,0.8095238095238095,0.12781954887218047,0,0.1,21,3,18,0.8589877408552843,0.7058678211951503,0.49141261540859815,1.0
Zm00001eb153030,1,0.75,0.75,0.5087719298245614,0,0.42857142857142855,20,17,3,1.3572832933735082,0.7015948080285055,0.5087719298245614,1.0
Zm00001eb153070,3,0.6944444444444445,0.875,0.09881422924901187,0,11.0,24,3,21,0.5677013836013299,0.9267978889694458,0.19121663339763875,1.0
Zm00001eb153130,1,0.6363636363636364,0.6363636363636364,0.3476337903582486,0,3.3333333333333335,22,12,10,0.7479883203303053,0.9096464048821782,0.3476337903582486,1.0
Zm00001eb153180,2,0.5,0.5,1.0,0,1.75,18,10,8,0.1030486166737879,0.1267810998148758,1.0,1.0
Zm00001eb153320,2,0.7142857142857143,0.7142857142857143,1.0,0,0.5714285714285714,21,5,16,0.4656017485310069,0.44305309975554374,1.0,1.0
Zm00001eb153330,1,0.8333333333333334,0.8333333333333334,0.3428853754940711,0,0.21052631578947367,24,3,21,0.41378426632344095,0.4259713403194897,0.3428853754940711,1.0
Zm00001eb153340,2,0.5789473684210527,0.631578947368421,0.6561681352703024,0,1.1655844155844157,19,7,12,0.1661218441969361,0.2187044846751234,0.9326368488234892,1.0
Zm00001eb153360,3,0.5,0.6,0.6126160990712074,0,0.6861672278338945,20,7,13,0.3680651767964219,0.4385781590663325,0.9340258577230814,1.0
Zm00001eb153460,1,0.5,0.5,0.6161312371838688,0,0.4166666666666667,22,4,18,0.5388620224296798,0.47092341571448404,0.6161312371838688,1.0
Zm00001eb153500,1,0.391304347826087,0.391304347826087,0.5392433653303218,0,,23,6,17,0.30844393377440144,0.30514318151712544,0.5392433653303218,1.0
Zm00001eb153610,3,0.5833333333333334,0.7083333333333334,0.5680406549971767,0,1.5625,24,6,18,0.6283819892201051,0.5817093978433465,0.9801499679591866,1.0
Zm00001eb153620,1,0.5238095238095238,0.5238095238095238,1.0,0,0.8888888888888888,21,4,17,0.20180491355254557,0.21430278400036173,1.0,1.0
Zm00001eb153700,1,0.45,0.45,1.0,0,1.4,20,8,12,1.1056110643001253,1.1606454093697391,1.0,1.0
Zm00001eb153710,4,0.5375,0.8,0.030701754385964914,1,0.7329545454545454,20,13,7,0.6861955830509545,0.8660697265985784,0.3215897013853125,1.0
Zm00001eb153770,3,0.6212121212121212,0.8636363636363636,0.00234543578196829,1,13.722222222222223,22,8,14,0.3054102052967154,0.33520739953700274,0.059547135243413304,1.0
Zm00001eb153780,1,0.6190476190476191,0.6190476190476191,0.6177109440267335,0,0.5454545454545454,21,13,8,0.22078157116269506,0.31563564757964474,0.6177109440267335,1.0
Zm00001eb153800,3,0.5714285714285715,0.6190476190476191,0.3383458646616541,0,2.3412698412698414,21,9,12,0.3365479753737207,0.41147468346026256,0.5338866785943752,1.0
Zm00001eb153830,1,0.6521739130434783,0.6521739130434783,0.09316770186335403,0,,23,19,4,0.8820323815868593,0.8247010384201598,0.09316770186335403,1.0
Zm00001eb153970,1,0.3684210526315789,0.3684210526315789,1.0,0,,19,15,4,0.8504757163020337,0.8334228547923725,1.0,1.0
Zm00001eb153980,2,0.5333333333333333,0.5333333333333333,0.48571428571428577,0,1.6,15,9,6,0.1066752328739035,0.12688956971131785,0.8364654341818388,1.0
Zm00001eb154010,4,0.7375,0.8,0.14035087719298245,0,5.729166666666667,20,15,5,0.29908204594021304,0.3627852346454327,0.3047398943306998,1.0
Zm00001eb154100,1,0.5384615384615384,0.5384615384615384,1.0,0,0.8333333333333334,13,6,7,0.17476723728905855,0.21324340411101775,1.0,1.0
Zm00001eb154140,1,0.6190476190476191,0.6190476190476191,0.5533834586466165,0,0.3181818181818182,21,12,9,0.6129030813871745,0.8227911399776133,0.5533834586466165,1.0
Zm00001eb154220,4,0.5909090909090909,0.6363636363636364,0.19480519480519481,0,0.4527777777777778,22,12,10,0.1708092522454097,0.24896553224746532,0.3885925541754623,1.0
Zm00001eb154230,2,0.47368421052631576,0.47368421052631576,0.5170278637770898,0,0.6428571428571429,19,16,3,1.0067653744151275,0.9342034208509347,0.8580896944414413,1.0
Zm00001eb154350,1,0.5714285714285714,0.5714285714285714,1.0,0,0.5333333333333333,14,7,7,0.800460776961959,0.9640347217710089,1.0,1.0
Zm00001eb154360,1,0.6086956521739131,0.6086956521739131,0.17632782257900034,0,6.125,23,15,8,0.4841411072563573,0.5724629554833598,0.17632782257900034,1.0
Zm00001eb154380,2,0.5357142857142857,0.5714285714285714,1.0,0,1.0,14,8,6,1.0467004187170128,1.4459308806408555,1.0,1.0
Zm00001eb154440,4,0.5375,0.6,0.628482972136223,0,0.7395833333333334,20,10,10,0.5289037810281955,0.7131323548099708,0.998658939384172,1.0
Zm00001eb154480,1,0.6666666666666666,0.6666666666666666,0.32537225416482385,0,0.30303030303030304,21,13,8,0.65535994085433,0.8093728087583633,0.32537225416482385,1.0
Zm00001eb154490,1,0.5555555555555556,0.5555555555555556,1.0,0,0.5714285714285714,18,9,9,0.16410965352980814,0.20861851933797698,1.0,1.0
Zm00001eb154520,2,0.6190476190476191,0.6666666666666666,0.3457516339869281,0,0.5203703703703704,21,13,8,1.1807426293884093,1.2444560612135318,0.7129518262466721,1.0
Zm00001eb154580,1,0.75,0.75,0.24871001031991744,0,0.23076923076923078,20,5,15,0.9747636888541447,1.548180063523363,0.24871001031991744,1.0
Zm00001eb154650,4,0.5,0.8636363636363636,0.25974025974025977,0,5.041666666666667,22,19,3,1.3685480654183015,1.4491261132306246,0.9519566016078141,1.0
Zm00001eb154860,2,0.6739130434782609,0.6956521739130435,0.16163927605575198,0,0.9166666666666666,23,6,17,0.6450482049593942,0.7040447077567552,0.3352747203155532,1.0
Zm00001eb155060,3,0.5606060606060607,0.6363636363636364,0.6302244582043344,0,1.9147727272727273,22,7,15,0.2308800184722755,0.24985981984163247,0.9883514606501671,1.0
Zm00001eb155150,5,0.625,0.625,0.6083916083916083,0,1.008888888888889,16,6,10,0.2663926527414144,0.30930170320723416,0.9998326715378971,1.0
Zm00001eb155310,1,0.65,0.65,0.34726522187822495,0,3.0,20,15,5,0.15860637849280948,0.16466788071663577,0.34726522187822495,1.0
Zm00001eb155320,4,0.5789473684210527,0.631578947368421,0.2631578947368421,0,0.8777777777777778,19,12,7,0.5526862271251465,0.7527563869992083,0.8096744428986113,1.0
Zm00001eb155350,4,0.5326086956521738,0.6521739130434783,0.22129492529277153,0,0.819047619047619,23,8,15,0.29328354637926657,0.5438768383844822,0.8599877956880364,1.0
Zm00001eb155360,2,0.6176470588235294,0.6470588235294118,0.584033613445378,0,1.3333333333333333,17,11,6,0.6907880734414457,0.955210195931641,0.7298809628612439,1.0
Zm00001eb155420,4,0.5952380952380952,0.6666666666666666,0.33591331269349856,0,1.7708333333333333,21,8,13,0.6164984674200044,1.296273175706614,0.8297994233466256,1.0
Zm00001eb155600,5,0.5428571428571429,0.7142857142857143,0.25279866332497913,0,0.38888888888888884,21,4,17,0.5291320287340833,0.5926478700288721,0.6361985128581078,1.0
Zm00001eb155640,1,0.6666666666666666,0.6666666666666666,1.0,0,1.375,18,13,5,1.9568033196809114,1.8005344734823614,1.0,1.0
Zm00001eb155650,1,0.5333333333333333,0.5333333333333333,0.5054945054945055,0,,15,5,10,0.2765721461737712,0.3644631036133906,0.5054945054945055,1.0
Zm00001eb155730,1,0.5714285714285714,0.5714285714285714,1.0,0,1.5,7,3,4,0.3106333572720539,0.38590743233413877,1.0,1.0
Zm00001eb155910,1,0.5714285714285714,0.5714285714285714,0.3383458646616541,0,0.25,21,16,5,0.6681061708903572,0.8526467958870037,0.3383458646616541,1.0
Zm00001eb155920,2,0.5833333333333334,0.6111111111111112,0.21568627450980388,0,0.6,18,8,10,0.47949810354489153,0.6013769754782009,0.42156729892630673,1.0
Zm00001eb155990,1,0.5,0.5,1.0,0,1.8,22,19,3,0.18078664299426533,0.17313938909825688,1.0,1.0
Zm00001eb156000,2,0.6363636363636364,0.9090909090909091,0.025974025974025976,1,1.1538461538461537,22,4,18,0.23082623101356994,0.2765598558090284,0.12079631795568159,1.0
Zm00001eb156010,1,0.47368421052631576,0.47368421052631576,0.5170278637770898,0,,19,13,6,0.40966939430686633,0.6008925855528016,0.5170278637770898,1.0
Zm00001eb156040,2,0.39583333333333337,0.4166666666666667,0.5296442687747035,0,,24,7,17,0.47912867132384407,0.6557930744283512,0.866259518956781,1.0
Zm00001eb156060,3,0.5797101449275363,0.6521739130434783,0.6213854795090493,0,0.9700854700854701,23,16,7,0.4275603941589334,0.48237962757944086,0.987380412299372,1.0
Zm00001eb156200,1,0.625,0.625,1.0,0,0.5,8,3,5,0.74376424274608,0.9508104324607074,1.0,1.0
Zm00001eb156310,3,0.5686274509803922,0.5882352941176471,0.5764705882352941,0,2.125,17,9,8,0.6818092521044226,0.9157818629218107,0.9194180482963842,1.0
Zm00001eb156460,1,0.5714285714285714,0.5714285714285714,1.0,0,1.4,14,8,6,0.4861477974445517,0.5987970060379945,1.0,1.0
Zm00001eb156500,2,0.6052631578947368,0.631578947368421,0.61687306501548,0,0.4365079365079365,19,13,6,0.7198163692558235,0.9020572143929448,0.7550493562233042,1.0
Zm00001eb156610,1,0.7,0.7,0.5210526315789474,0,0.38461538461538464,20,6,14,0.40139393421838954,0.5219635914459783,0.5210526315789474,1.0
Zm00001eb156650,1,0.7083333333333334,0.7083333333333334,0.5072463768115942,0,0.375,24,7,17,0.7683482050761307,0.7252526588145333,0.5072463768115942,1.0
Zm00001eb156700,1,0.7391304347826086,0.7391304347826086,0.20948616600790512,0,0.16666666666666666,23,16,7,0.24913594098581854,0.25085033342905694,0.20948616600790512,1.0
Zm00001eb156790,1,0.5263157894736842,0.5263157894736842,0.4853801169590643,0,,19,8,11,1.1014198336947243,1.3946299673622384,0.4853801169590643,1.0
Zm00001eb156800,1,0.391304347826087,0.391304347826087,0.5392433653303219,0,,23,18,5,2.3563970398214558,1.99209052159734,0.5392433653303219,1.0
Zm00001eb156830,1,0.5,0.5,1.0,0,1.0,8,4,4,0.545103832874484,0.7934093822492286,1.0,1.0
Zm00001eb156890,1,0.5882352941176471,0.5882352941176471,1.0,0,1.6,17,10,7,0.8590005381220609,0.977737977069809,1.0,1.0
Zm00001eb157010,1,0.45,0.45,1.0,0,0.5555555555555556,20,13,7,1.1025082279079024,1.2681699384306897,1.0,1.0
Zm00001eb157100,2,0.6041666666666666,0.6666666666666666,0.27206851119894604,0,0.5064102564102564,24,10,14,0.8417441491472406,1.0460501213880515,0.626220463598647,1.0
Zm00001eb157150,1,0.5714285714285714,0.5714285714285714,1.0,0,1.6666666666666667,14,8,6,0.617886150119184,0.7898907813598376,1.0,1.0
Zm00001eb157340,1,0.5,0.5,1.0,0,1.0,22,11,11,0.733305438473865,0.9323937732652787,1.0,1.0
Zm00001eb157380,3,0.7246376811594203,0.7391304347826086,0.027190738995827163,1,0.20303030303030303,23,7,16,0.4854541023694082,0.7135263936187224,0.030305003007322556,1.0
Zm00001eb157470,1,0.8181818181818182,0.8181818181818182,0.33766233766233766,0,0.17647058823529413,22,18,4,0.1654371891848352,0.14974738611120694,0.33766233766233766,1.0
Zm00001eb157530,1,0.55,0.55,0.4789473684210527,0,,20,11,9,0.4050807595195566,0.5515379810401491,0.4789473684210527,1.0
Zm00001eb157590,1,0.5555555555555556,0.5555555555555556,1.0,0,0.75,18,14,4,0.5991265139527269,0.7225185688318694,1.0,1.0
Zm00001eb157640,1,0.47619047619047616,0.47619047619047616,1.0,0,0.72,21,7,14,0.24313248901447335,0.2711924845272475,1.0,1.0
Zm00001eb157700,2,0.33333333333333337,0.3888888888888889,1.0,0,,18,3,15,2.8554297633664922,2.0389092079516953,1.0,1.0
Zm00001eb157720,1,0.5,0.5,0.27703646467948523,0,,24,18,6,0.4927485995403545,0.4653378775774569,0.27703646467948523,1.0
Zm00001eb157860,1,0.5416666666666666,0.5416666666666666,0.6791851752142504,0,1.6666666666666667,24,8,16,0.8801342701502977,1.008569247037863,0.6791851752142504,1.0
Zm00001eb157880,1,0.5652173913043478,0.5652173913043478,1.0,0,0.9545454545454546,23,9,14,1.9278723474276902,2.072734842412469,1.0,1.0
Zm00001eb158370,2,0.5,0.5217391304347826,0.6213854795090492,0,0.6339285714285714,23,8,15,0.45976115695174646,0.971041353377546,0.9170429585162764,1.0
Zm00001eb158500,2,0.41304347826086957,0.4782608695652174,0.2724895242057713,0,1.0714285714285714,23,6,17,0.4540527529645151,0.4657911520496635,0.6267681712234645,1.0
Zm00001eb158630,2,0.391304347826087,0.4782608695652174,1.0,0,1.2,23,18,5,0.9030778939024983,0.8128214020836213,1.0,1.0
Zm00001eb158640,1,0.6470588235294118,0.6470588235294118,0.6000323206205559,0,0.375,17,11,6,1.797704782954276,1.898120017323859,0.6000323206205559,1.0
Zm00001eb158750,2,0.6000000000000001,0.65,0.05149638802889577,0,,20,13,7,0.2133063287026807,0.28890816899249494,0.06861978311425924,1.0
Zm00001eb158840,1,0.5263157894736842,0.5263157894736842,1.0,0,0.875,19,9,10,0.1935107716415956,0.25015460670723977,1.0,1.0
Zm00001eb158860,1,0.34782608695652173,0.34782608695652173,1.0,0,0.9333333333333333,23,19,4,0.5984405347869312,0.6443993988963992,1.0,1.0
Zm00001eb158870,2,0.5454545454545454,0.5909090909090909,1.0,0,1.095959595959596,22,9,13,0.9054216096967278,1.1274203556492106,1.0,1.0
Zm00001eb159010,2,0.425,0.5,0.5210526315789472,0,,20,17,3,0.6581473203561622,0.5638329972708699,0.8607290420029668,1.0
Zm00001eb159140,2,0.5681818181818181,0.5909090909090909,0.4148606811145511,0,1.6111111111111112,22,13,9,0.5475701130226772,0.6603607291458001,0.7798603037721792,1.0
Zm00001eb159150,1,0.7272727272727273,0.7272727272727273,0.2272727272727273,0,5.6,22,7,15,0.3564284544192419,0.4364610294241978,0.2272727272727273,1.0
Zm00001eb159200,1,0.6086956521739131,0.6086956521739131,0.40032305828509895,0,2.6666666666666665,23,12,11,0.2480885921736025,0.2806943921036688,0.40032305828509895,1.0
Zm00001eb159210,1,0.5,0.5,1.0,0,1.0,8,4,4,0.8137918557860264,1.1769400528632479,1.0,1.0
Zm00001eb159350,1,0.7894736842105263,0.7894736842105263,0.1547987616099071,0,8.666666666666666,19,14,5,0.609163220987129,0.5789028126929576,0.1547987616099071,1.0
Zm00001eb159380,1,0.38095238095238093,0.38095238095238093,1.0,0,,21,15,6,0.8066493849843391,0.8753098573439668,1.0,1.0
Zm00001eb159410,1,0.5555555555555556,0.5555555555555556,0.4771241830065359,0,,18,8,10,0.571640097853775,0.6948989024386844,0.4771241830065359,1.0
Zm00001eb159550,2,0.6086956521739131,0.8260869565217391,0.05928853754940711,0,1.5384615384615385,23,6,17,0.4355161236444279,0.4980754150463846,0.2267987719935955,1.0
Zm00001eb159570,1,0.5652173913043478,0.5652173913043478,0.34521959397447344,0,4.666666666666667,23,16,7,0.39041826829434356,0.49565652556056733,0.34521959397447344,1.0
Zm00001eb159620,3,0.6666666666666666,0.7857142857142857,0.2582417582417582,0,4.25,14,11,3,0.34465936377809453,0.6598330863089932,0.44590793451254074,1.0
Zm00001eb159630,1,0.5625,0.5625,1.0,0,0.6666666666666666,16,7,9,0.41983581207634,0.4515271713016844,1.0,1.0
Zm00001eb159810,2,0.47500000000000003,0.55,1.0,0,1.0707070707070707,20,16,4,0.3735996605167918,0.35969045801601807,1.0,1.0
Zm00001eb159820,2,0.625,0.6875,0.5178571428571428,0,2.5833333333333335,16,6,10,0.21759493032169028,0.3212344266601472,0.8586360707448497,1.0
Zm00001eb159830,1,0.75,0.75,0.12622377622377623,0,0.11428571428571428,16,7,9,0.5192366369216018,0.6392795983242108,0.12622377622377623,1.0
Zm00001eb159890,1,0.5625,0.5625,1.0,0,0.42857142857142855,16,8,8,0.15963569296974506,0.19920956098670967,1.0,1.0
Zm00001eb159960,1,0.6363636363636364,0.6363636363636364,0.6019138755980861,0,2.0,22,18,4,0.5077428712409637,0.46123287754423936,0.6019138755980861,1.0
Zm00001eb159980,1,0.4444444444444444,0.4444444444444444,0.5294117647058824,0,,18,12,6,0.4559269743356247,0.6208029130480662,0.5294117647058824,1.0
Zm00001eb160100,1,0.5,0.5,1.0,0,0.75,22,5,17,0.610034448534016,0.5551585549581863,1.0,1.0
Zm00001eb160160,1,0.6190476190476191,0.6190476190476191,0.17358101135190918,0,0.16666666666666666,21,8,13,0.10018248296101935,0.13365641824517366,0.17358101135190918,1.0
Zm00001eb160190,3,0.5238095238095238,0.6666666666666666,0.2549707602339181,0,1.5833333333333333,21,7,14,0.8256928847098183,0.9024497174994243,0.8415087966040846,1.0
Zm00001eb160340,2,0.6666666666666667,0.7142857142857143,0.3614551083591332,0,0.3205128205128205,21,15,6,0.12921338563987864,0.13190028649582686,0.5163552758006592,1.0
Zm00001eb160380,1,0.2727272727272727,0.2727272727272727,1.0,0,,22,18,4,0.820365196002916,0.6944871743569825,1.0,1.0
Zm00001eb160390,3,0.5873015873015873,0.6190476190476191,0.36145510835913314,0,0.30864197530864196,21,10,11,0.31701514516640217,0.38666587968436394,0.6537105279069917,1.0
Zm00001eb160460,1,0.35,0.35,1.0,0,1.0,20,15,5,0.19981583607804204,0.2193282222046928,1.0,1.0
Zm00001eb160480,3,0.5972222222222222,0.7083333333333334,0.5680406549971767,0,2.070940170940171,24,19,5,0.6549789399236933,0.7614994160944808,0.907737145632691,1.0
Zm00001eb160530,1,0.5789473684210527,0.5789473684210527,1.0,0,0.6666666666666666,19,7,12,0.7939323371485019,1.182822154551788,1.0,1.0
Zm00001eb160550,1,0.5625,0.5625,1.0,0,1.6666666666666667,16,8,8,0.1199359672977694,0.14334558041277462,1.0,1.0
Zm00001eb160590,1,0.631578947368421,0.631578947368421,0.30340557275541796,0,4.5,19,10,9,0.2418520040022552,0.3041401480574694,0.30340557275541796,1.0
Zm00001eb160600,1,0.5294117647058824,0.5294117647058824,0.4852941176470589,0,,17,7,10,0.14756974650917676,0.20043455784962919,0.4852941176470589,1.0
Zm00001eb160610,1,0.5384615384615384,0.5384615384615384,0.4965034965034965,0,,13,10,3,0.2296638796274687,0.22769000105447926,0.4965034965034965,1.0
Zm00001eb160620,1,0.5833333333333334,0.5833333333333334,1.0,0,1.5,12,5,7,0.09737687737386545,0.12284582255185227,1.0,1.0
Zm00001eb160700,1,0.4444444444444444,0.4444444444444444,1.0,0,1.7777777777777777,18,13,5,0.4171116397782908,0.450419429923648,1.0,1.0
Zm00001eb160750,1,0.7647058823529411,0.7647058823529411,0.04977375565610859,1,0.075,17,8,9,0.5046571841829302,0.8171057473827984,0.04977375565610859,1.0
Zm00001eb160790,1,0.6666666666666666,0.6666666666666666,1.0,0,0.7272727272727273,18,13,5,0.15367408671737592,0.2779009467888364,1.0,1.0
Zm00001eb160810,1,0.625,0.625,0.6349074266694404,0,0.5,24,18,6,0.13555874664902454,0.17817607882910816,0.6349074266694404,1.0
Zm00001eb161040,1,0.36363636363636365,0.36363636363636365,1.0,0,1.2307692307692308,22,17,5,0.26701063763186306,0.2904139475993979,1.0,1.0
Zm00001eb161250,1,0.5454545454545454,0.5454545454545454,1.0,0,0.65625,22,11,11,0.6556616996847864,0.8434430513420723,1.0,1.0
Zm00001eb161310,1,0.7727272727272727,0.7727272727272727,0.47012987012987006,0,0.375,22,18,4,0.32049150844309665,0.2805140083273045,0.47012987012987006,1.0
Zm00001eb161320,2,0.5526315789473684,0.7368421052631579,0.46783625730994155,0,0.6993006993006993,19,5,14,0.22902311072551104,0.2593099313166164,0.8232219517327618,1.0
Zm00001eb161460,1,0.5652173913043478,0.5652173913043478,0.47826086956521735,0,,23,12,11,0.3202407061084558,0.629048329825815,0.47826086956521735,1.0
Zm00001eb161500,2,0.5434782608695652,0.5652173913043478,0.6404053612291598,0,1.1875,23,12,11,0.5627825995006269,0.7428350082726338,0.9258045248245389,1.0
Zm00001eb161520,1,0.6428571428571429,0.6428571428571429,0.2207792207792208,0,,14,4,10,0.7856482002957896,0.7198966589231391,0.2207792207792208,1.0
Zm00001eb161610,3,0.4666666666666666,0.6,0.6424148606811146,0,1.438383838383838,20,7,13,1.1691707204350466,1.4214605008869092,0.9895973041910479,1.0
Zm00001eb161660,1,0.6363636363636364,0.6363636363636364,0.3777089783281734,0,0.3333333333333333,22,14,8,0.6427488176743735,0.7727718796437438,0.3777089783281734,1.0
Zm00001eb161710,4,0.4375,0.4583333333333333,0.5256916996047432,0,1.6666666666666667,24,8,16,0.17422992279252938,0.235387288641741,0.9028019502021108,1.0
Zm00001eb161780,1,0.6666666666666666,0.6666666666666666,0.5783926218708827,0,0.42857142857142855,24,20,4,0.7208050890982429,0.6943550573436976,0.5783926218708827,1.0
Zm00001eb161820,1,0.6666666666666666,0.6666666666666666,0.2080808080808081,0,,12,8,4,0.31818822670433944,0.3860089070591347,0.2080808080808081,1.0
Zm00001eb161870,1,0.5416666666666666,0.5416666666666666,1.0,0,0.7142857142857143,24,11,13,0.38405746665576596,0.4748994785893607,1.0,1.0
Zm00001eb161950,1,0.6666666666666666,0.6666666666666666,1.0,0,4.0,6,3,3,0.27308716030497554,0.43870551072308267,1.0,1.0
Zm00001eb162010,4,0.46590909090909094,0.5454545454545454,0.35009147199549684,0,1.9642857142857142,22,7,15,0.3579800440652401,0.49042628400579363,0.9778213246489313,1.0
Zm00001eb162060,3,0.5303030303030303,0.5909090909090909,0.380185758513932,0,1.4000000000000001,22,8,14,0.40136277473018694,0.5621704460349012,0.925650422470395,1.0
Zm00001eb162070,1,0.6111111111111112,0.6111111111111112,1.0,0,0.6666666666666666,18,12,6,1.1465178874749637,1.5420018575938572,1.0,1.0
Zm00001eb162090,1,0.6363636363636364,0.6363636363636364,1.0,0,1.8571428571428572,22,8,14,0.2947398185229588,0.3528280834590339,1.0,1.0
Zm00001eb162210,4,0.5833333333333333,0.8571428571428571,0.2714285714285714,0,0.9225935828877005,21,3,18,0.571958961280225,0.9845794140056239,0.9564986910070473,1.0
Zm00001eb162230,1,0.6086956521739131,0.6086956521739131,0.55957086391869,0,3.0,23,3,20,0.31903182694565935,0.1999497348776144,0.55957086391869,1.0
Zm00001eb162250,1,0.6190476190476191,0.6190476190476191,1.0,0,0.6818181818181818,21,7,14,0.3897845150981102,0.5851137671608141,1.0,1.0
Zm00001eb162270,1,0.8947368421052632,0.8947368421052632,0.05056759545923633,0,0.03333333333333333,19,3,16,0.20744393535812067,0.1804088062372842,0.05056759545923633,1.0
Zm00001eb162310,2,0.6666666666666667,0.7222222222222222,0.24509803921568635,0,4.05,18,7,11,0.3906963838940297,0.5501919141176491,0.5897296540235467,1.0
Zm00001eb162420,1,0.5416666666666666,0.5416666666666666,1.0,0,2.2,24,12,12,0.24062532192172384,0.33039340092700076,1.0,1.0
Zm00001eb162550,2,0.5416666666666667,0.7083333333333334,0.5440429136081311,0,1.3333333333333333,24,19,5,0.36882148457290004,0.373783192568307,0.8752166058475582,1.0
Zm00001eb162570,2,0.4565217391304348,0.4782608695652174,1.0,0,0.825,23,14,9,0.745975472609949,1.0529364709367206,1.0,1.0
Zm00001eb162710,2,0.5208333333333334,0.625,0.2107955310270561,0,3.857142857142857,24,8,16,0.8074817841062082,0.8694907101542524,0.35945845123082704,1.0
Zm00001eb162830,5,0.5,0.75,0.4892857142857143,0,0.611952861952862,16,3,13,0.3308889668617119,0.36170806314601023,0.9991382902722944,1.0
Zm00001eb162880,1,0.5714285714285714,0.5714285714285714,0.5804195804195804,0,0.3333333333333333,14,10,4,0.8533567415965667,0.8308044714014144,0.5804195804195804,1.0
Zm00001eb162960,1,0.7,0.7,0.19999999999999998,0,,10,4,6,0.8796655131190176,1.0550387082048531,0.19999999999999998,1.0
Zm00001eb163070,2,0.75,0.8333333333333334,0.006535947712418302,1,,18,10,8,0.3139681223846778,0.4179185712840346,0.009244427242217558,1.0
Zm00001eb163140,1,0.5238095238095238,0.5238095238095238,0.655658754729962,0,0.5333333333333333,21,13,8,0.19996954677784146,0.2559962312810096,0.655658754729962,1.0
Zm00001eb163160,1,0.6521739130434783,0.6521739130434783,0.5375494071146245,0,0.2692307692307692,23,20,3,0.4117049549572853,0.3159088217258004,0.5375494071146245,1.0
Zm00001eb163260,1,0.5217391304347826,0.5217391304347826,1.0,0,0.5,23,11,12,0.32592387066453715,0.4018236714435819,1.0,1.0
Zm00001eb163280,2,0.6333333333333333,0.6666666666666666,0.32867132867132864,0,2.875,15,5,10,0.389309882339678,0.5723684742933631,0.5218246146850458,1.0
Zm00001eb163320,1,0.6666666666666666,0.6666666666666666,0.5742690058479532,0,2.4,21,4,17,0.7135967336035153,0.7685819545289305,0.5742690058479532,1.0
Zm00001eb163330,2,0.3684210526315789,0.42105263157894735,0.5304437564499485,0,,19,4,15,0.2687408189249425,0.28214411573955184,0.8667670299978317,1.0
Zm00001eb163370,2,0.6111111111111112,0.6666666666666666,0.5882352941176471,0,1.9090909090909092,18,4,14,0.6146918403957786,0.5432641533717515,0.9003695594483355,1.0
Zm00001eb163520,1,0.5,0.5,1.0,0,1.3333333333333333,22,12,10,0.22556341360621196,0.2974888391102478,1.0,1.0
Zm00001eb163540,1,0.5263157894736842,0.5263157894736842,0.2631578947368421,0,,19,16,3,0.576686503916906,0.5434080202605859,0.2631578947368421,1.0
Zm00001eb163630,1,0.4782608695652174,0.4782608695652174,0.6213854795090492,0,2.5454545454545454,23,15,8,0.6148145882629276,1.3326075966305668,0.6213854795090492,1.0
Zm00001eb163700,1,0.6,0.6,0.6424148606811146,0,1.8,20,8,12,0.09282255132490444,0.11035361407038029,0.6424148606811146,1.0
Zm00001eb163710,2,0.65,0.65,0.5867905056759546,0,0.42727272727272725,20,13,7,0.2472209939211752,0.2680295369429222,0.7272600631581473,1.0
Zm00001eb163720,4,0.6071428571428572,0.7619047619047619,0.48872180451127817,0,1.75,21,18,3,0.5589513755439113,0.4530965183828549,0.9937814434200053,1.0
Zm00001eb163840,1,0.2857142857142857,0.2857142857142857,1.0,0,,21,4,17,1.2082427212019924,1.0760666222279058,1.0,1.0
Zm00001eb163880,1,0.5,0.5,0.2663183694530443,0,,20,5,15,0.6758762403104377,0.6405583129049081,0.2663183694530443,1.0
Zm00001eb164590,1,0.5,0.5,0.668712294570418,0,1.75,24,15,9,0.1463189513871853,0.1541783375579109,0.668712294570418,1.0
Zm00001eb164720,1,0.5652173913043478,0.5652173913043478,1.0,0,1.25,23,9,14,0.5288499131926213,0.8635910535249384,1.0,1.0
Zm00001eb164750,1,0.8260869565217391,0.8260869565217391,0.3562958780350084,0,4.5,23,3,20,2.698574456477604,1.8519955092043254,0.3562958780350084,1.0
Zm00001eb164790,3,0.6507936507936508,0.6666666666666666,0.3253722541648239,0,2.3666666666666667,21,13,8,0.6717534621993829,0.7988127641901173,0.38232921084982663,1.0
Zm00001eb165000,2,0.7272727272727273,0.7727272727272727,0.4112554112554113,0,0.5535714285714286,22,5,17,0.8310126891506905,0.7710165866668629,0.776672631158091,1.0
Zm00001eb165260,1,0.7692307692307693,0.7692307692307693,0.21678321678321677,0,10.5,13,9,4,0.5542137441027435,0.6314678189934968,0.21678321678321677,1.0
Zm00001eb165370,2,0.5,0.5263157894736842,0.4853801169590643,0,0.8888888888888888,19,8,11,0.20046643612452453,0.2513266860725993,0.8362240043427084,1.0
Zm00001eb165400,2,0.6818181818181819,0.7272727272727273,0.24242424242424246,0,6.0,11,5,6,0.4928783031873119,0.6013077788443735,0.3997622245761268,1.0
Zm00001eb165460,1,0.5652173913043478,0.5652173913043478,1.0,0,0.9545454545454546,23,5,18,0.4514015815353453,0.4375073365687612,1.0,1.0
Zm00001eb165710,2,0.5217391304347826,0.6956521739130435,1.0,0,0.8,23,18,5,0.9997175868840608,1.111338205947751,1.0,1.0
Zm00001eb165770,2,0.4411764705882353,0.47058823529411764,1.0,0,1.6666666666666665,17,5,12,0.808659274207619,1.1478264142273356,1.0,1.0
Zm00001eb165860,3,0.625,0.6666666666666666,0.20598330865526987,0,0.9090909090909092,24,9,15,0.6130422360719803,0.8855624933086992,0.7885241189735617,1.0
Zm00001eb165870,2,0.5681818181818181,0.6363636363636364,0.26315789473684215,0,2.6666666666666665,22,7,15,0.3622035232386482,0.45634528655054546,0.32792716632857155,1.0
Zm00001eb165880,1,0.7272727272727273,0.7272727272727273,0.14466061544234918,0,0.1875,22,7,15,0.21867142677479096,0.4524416561975234,0.14466061544234918,1.0
Zm00001eb166120,1,0.6842105263157895,0.6842105263157895,0.5232198142414861,0,0.22727272727272727,19,12,7,0.44870646055558233,0.49708749825768983,0.5232198142414861,1.0
Zm00001eb166180,1,0.7777777777777778,0.7777777777777778,0.4424019607843139,0,0.3076923076923077,18,3,15,0.6322802821004491,0.6463562406970049,0.4424019607843139,1.0
Zm00001eb166210,9,0.5925925925925926,0.7777777777777778,0.09150326797385622,0,0.6971028971028971,18,14,4,1.32721439355353,1.2047465892358709,0.8203792453768803,1.0
Zm00001eb166460,3,0.5507246376811593,0.5652173913043478,0.6801722977520527,0,0.7984126984126984,23,11,12,0.23423788067437307,0.27825486777768194,0.957503057742484,1.0
Zm00001eb166490,2,0.5652173913043478,0.5652173913043478,0.6404053612291598,0,2.0625,23,11,12,0.27607697017713545,0.35883401399019077,0.7756613356046483,1.0
Zm00001eb166540,1,0.5909090909090909,0.5909090909090909,0.651702786377709,0,0.5,22,15,7,0.3936850257658408,0.3944942620456822,0.651702786377709,1.0
Zm00001eb166550,2,0.5869565217391304,0.7391304347826086,0.2094861660079051,0,3.375,23,3,20,0.5808471209176986,0.40878627120905325,0.5369334841276526,1.0
Zm00001eb166740,5,0.55,0.6666666666666666,0.49090909090909096,0,0.4107142857142857,12,9,3,3.2385016614500657,2.6256419378412916,0.9872605231806557,1.0
Zm00001eb166750,3,0.43478260869565216,0.5652173913043478,1.0,0,0.9732142857142857,23,19,4,3.3181239417985484,2.3494144343276187,1.0,1.0
Zm00001eb166760,1,0.47619047619047616,0.47619047619047616,0.28070175438596495,0,,21,4,17,0.5857120662202169,0.4618063662595839,0.28070175438596495,1.0
Zm00001eb166870,2,0.4782608695652174,0.4782608695652174,0.5019762845849802,0,0.7142857142857143,23,14,9,0.4962841742271049,0.5869392240958003,0.8479395458029801,1.0
Zm00001eb167150,2,0.6428571428571428,0.7142857142857143,0.15636394908840728,0,2.9444444444444446,21,14,7,0.2071263992946192,0.23409741460834874,0.4465080429184771,1.0
Zm00001eb167250,1,0.7142857142857143,0.7142857142857143,0.5204795204795204,0,4.0,14,4,10,0.3527049261363393,0.386278198041591,0.5204795204795204,1.0
Zm00001eb167290,2,0.5952380952380952,0.6666666666666666,0.2549707602339181,0,2.4,21,17,4,0.19530846977367747,0.22606401989152083,0.42773671075875297,1.0
Zm00001eb167510,1,0.5454545454545454,0.5454545454545454,1.0,0,1.25,11,6,5,1.1343255323107526,1.4358983639165297,1.0,1.0
Zm00001eb167520,1,0.4782608695652174,0.4782608695652174,0.5019762845849802,0,,23,14,9,0.18842008685317474,0.2386690809403334,0.5019762845849802,1.0
Zm00001eb167740,1,0.625,0.625,1.0,0,1.0,24,16,8,0.26496818233602415,0.31991264793140606,1.0,1.0
Zm00001eb167750,1,0.3333333333333333,0.3333333333333333,1.0,0,,24,5,19,0.2784550451930437,0.28837901875906063,1.0,1.0
Zm00001eb167820,1,0.4166666666666667,0.4166666666666667,1.0,0,1.2307692307692308,24,15,9,0.25219031040817375,0.3567954802516022,1.0,1.0
Zm00001eb168090,1,0.5454545454545454,0.5454545454545454,0.24025974025974028,0,,22,3,19,0.4495519465380168,0.45030673960187895,0.24025974025974028,1.0
Zm00001eb168100,3,0.6060606060606061,0.7272727272727273,0.5939849624060152,0,0.4222222222222222,22,18,4,0.12633413542898386,0.10917649726208647,0.9118510020918889,1.0
Zm00001eb168170,1,0.6666666666666666,0.6666666666666666,1.0,0,1.75,12,9,3,2.3280171658486557,2.1087796022399683,1.0,1.0
Zm00001eb168220,1,0.5833333333333334,0.5833333333333334,1.0,0,0.875,24,19,5,0.4365946987068499,0.4561942590734871,1.0,1.0
Zm00001eb168260,1,0.47619047619047616,0.47619047619047616,1.0,0,1.6,21,18,3,0.7150913592018353,0.6492960005381914,1.0,1.0
Zm00001eb168480,1,0.6086956521739131,0.6086956521739131,0.41364921254543013,0,0.4166666666666667,23,12,11,0.30639912133393266,0.41266679829689945,0.41364921254543013,1.0
Zm00001eb168730,2,0.5454545454545454,0.5454545454545454,1.0,0,1.011111111111111,22,12,10,0.1677505895698539,0.21330668907811048,1.0,1.0
Zm00001eb168740,1,0.631578947368421,0.631578947368421,1.0,0,1.8333333333333333,19,7,12,0.6098576861085854,0.6443538803450479,1.0,1.0
Zm00001eb168890,2,0.7105263157894737,0.7368421052631579,0.05727554179566564,0,7.291666666666667,19,13,6,0.5482382869636031,0.6633973613542948,0.09165162858234681,1.0
Zm00001eb168910,1,0.6956521739130435,0.6956521739130435,0.03726708074534161,1,,23,12,11,0.1631622995246637,0.20866357806784033,0.03726708074534161,1.0
Zm00001eb168920,2,0.6521739130434783,0.6956521739130435,0.29685874765966297,0,2.95,23,8,15,0.15523015628880085,0.18446473105074357,0.5138461371624038,1.0
Zm00001eb169020,1,0.4782608695652174,0.4782608695652174,1.0,0,0.6666666666666666,23,15,8,1.100691866772021,1.4835700880356737,1.0,1.0
Zm00001eb169130,1,0.47368421052631576,0.47368421052631576,1.0,0,1.5555555555555556,19,11,8,0.152786506874166,0.19672231724393485,1.0,1.0
Zm00001eb169240,1,0.5333333333333333,0.5333333333333333,1.0,0,0.8333333333333334,15,7,8,0.522981822754901,0.6819829094833412,1.0,1.0
Zm00001eb169280,1,0.38095238095238093,0.38095238095238093,1.0,0,0.8,21,4,17,0.94396956232786,1.0497710831084897,1.0,1.0
Zm00001eb169330,6,0.5378787878787878,0.5909090909090909,0.32330827067669177,0,1.6388888888888886,22,10,12,0.6801238434625885,0.8656199755318729,0.9856715865523905,1.0
Zm00001eb169410,1,0.2857142857142857,0.2857142857142857,1.0,0,,21,17,4,0.6135118155354949,0.7207256936174831,1.0,1.0
Zm00001eb169420,2,0.5526315789473684,0.5789473684210527,0.4736842105263158,0,2.0,19,9,10,0.43481622220438954,0.5344932148815905,0.8276278745511574,1.0
Zm00001eb169450,3,0.5151515151515151,0.7272727272727273,1.0,0,1.2,22,18,4,0.6628561559875054,0.614857384024325,1.0,1.0
Zm00001eb169460,2,0.5,0.5454545454545454,0.5406698564593302,0,1.25,22,18,4,0.7740968193837984,0.8490740715346781,0.8731528562561204,1.0
Zm00001eb169490,2,0.5227272727272727,0.5909090909090909,0.5151515151515151,0,1.8,22,14,8,0.17867132234969266,0.2324544303473032,0.7078606138573755,1.0
Zm00001eb169510,1,0.34782608695652173,0.34782608695652173,1.0,0,,23,6,17,2.1316788909135425,2.1042616421714913,1.0,1.0
Zm00001eb169520,1,0.6521739130434783,0.6521739130434783,0.34283336800499264,0,0.3333333333333333,23,18,5,0.7708325479833501,0.8281592310867242,0.34283336800499264,1.0
Zm00001eb169540,1,0.5454545454545454,0.5454545454545454,1.0,0,2.2222222222222223,22,3,19,0.4622639445212906,0.3960332456510483,1.0,1.0
Zm00001eb169580,3,0.6521739130434782,0.7391304347826086,0.31849386311628874,0,0.7993233618233617,23,17,6,0.40879220632316665,0.3613371385556028,0.5878739180705659,1.0
Zm00001eb169940,6,0.6416666666666667,0.85,0.004524886877828054,1,10.115079365079364,20,9,11,0.3134883384980795,0.44570672799605815,0.07068966905902152,1.0
Zm00001eb169990,1,0.8260869565217391,0.8260869565217391,0.1072840203274986,0,11.333333333333334,23,20,3,0.20249435898022147,0.19873914320345784,0.1072840203274986,1.0
Zm00001eb170140,1,0.75,0.75,0.06233230134158927,0,8.333333333333334,20,7,13,0.678817845349159,0.9122256682762532,0.06233230134158927,1.0
Zm00001eb170330,1,0.5238095238095238,0.5238095238095238,0.6556587547299622,0,0.5333333333333333,21,7,14,0.5561596628649909,1.7389514067697238,0.6556587547299622,1.0
Zm00001eb170350,1,0.391304347826087,0.391304347826087,0.5392433653303219,0,,23,5,18,0.29532555364938223,0.43221677828643745,0.5392433653303219,1.0
Zm00001eb170510,1,0.5263157894736842,0.5263157894736842,1.0,0,0.5,19,10,9,3.430641215160767,3.4097335280238497,1.0,1.0
Zm00001eb170540,1,0.6956521739130435,0.6956521739130435,0.0396872208421542,1,10.666666666666666,23,9,14,0.2783475329048377,0.4648528047490021,0.0396872208421542,1.0
Zm00001eb170550,1,0.5625,0.5625,0.5846153846153845,0,0.3333333333333333,16,4,12,0.11583307330301934,0.11558975422035288,0.5846153846153845,1.0
Zm00001eb170590,1,0.7777777777777778,0.7777777777777778,0.08333333333333334,0,0.09090909090909091,18,4,14,0.5622278390765534,0.8138373962362069,0.08333333333333334,1.0
Zm00001eb170730,1,0.65,0.65,0.15712074303405574,0,6.666666666666667,20,6,14,0.5944247739575151,0.53310766886886,0.15712074303405574,1.0
Zm00001eb170770,1,0.5714285714285714,0.5714285714285714,1.0,0,1.4285714285714286,21,4,17,0.8725551862899917,0.8242843511780192,1.0,1.0
Zm00001eb170810,3,0.5714285714285715,0.6666666666666666,0.09022556390977444,0,1.0208333333333335,21,11,10,0.23299426386956726,0.2694365533710377,0.5682874499513244,1.0
Zm00001eb170920,1,0.5384615384615384,0.5384615384615384,1.0,0,1.2,13,6,7,0.4951876121685674,0.6275082685265937,1.0,1.0
Zm00001eb171010,2,0.5,0.5,0.6161312371838688,0,0.4166666666666667,22,13,9,0.13788898369061942,0.16036896244476243,0.7473118316234173,1.0
Zm00001eb171020,1,0.5,0.5,0.2727272727272727,0,,22,3,19,0.48527736068613014,1.2535723168184454,0.2727272727272727,1.0
Zm00001eb171030,1,0.6666666666666666,0.6666666666666666,0.2721804511278196,0,0.18181818181818182,21,4,17,0.4285849169018788,0.3254589736171269,0.2721804511278196,1.0
Zm00001eb171040,3,0.5555555555555555,0.5714285714285714,0.2571428571428572,0,0.30873015873015874,21,8,13,0.40068762851163936,0.48889498708127194,0.3464107307820115,1.0
Zm00001eb171060,2,0.85,0.95,0.015789473684210527,1,2.3333333333333335,20,3,17,1.3555947259251577,1.175387570826493,0.04678693889719478,1.0
Zm00001eb171200,1,0.5263157894736842,0.5263157894736842,1.0,0,0.6666666666666666,19,5,14,0.5587154127222962,0.5821703669364896,1.0,1.0
Zm00001eb171230,2,0.47058823529411764,0.47058823529411764,1.0,0,0.838095238095238,17,11,6,0.757723445648508,1.261650201831267,1.0,1.0
Zm00001eb171400,1,0.20833333333333334,0.20833333333333334,1.0,0,,24,3,21,0.31379516239767197,0.2760368209435181,1.0,1.0
Zm00001eb171440,1,0.6190476190476191,0.6190476190476191,0.2142857142857143,0,,21,11,10,0.15442378822641764,0.21310741148504733,0.2142857142857143,1.0
Zm00001eb171490,1,0.6666666666666666,0.6666666666666666,0.5474747474747476,0,3.0,12,4,8,0.8367573631469704,1.132084809049032,0.5474747474747476,1.0
Zm00001eb171700,1,0.55,0.55,0.4789473684210527,0,,20,9,11,0.28251464046667796,0.3687397433238762,0.4789473684210527,1.0
Zm00001eb171790,2,0.5526315789473684,0.5789473684210527,0.3330753353973168,0,3.0357142857142856,19,12,7,0.25903678901726135,0.3844065397224103,0.5509130305641812,1.0
Zm00001eb171810,1,0.5882352941176471,0.5882352941176471,1.0,0,1.5,17,10,7,0.19609873322448354,0.26984622543222614,1.0,1.0
Zm00001eb171820,1,0.5,0.5,1.0,0,1.1111111111111112,18,10,8,0.5448296664233373,0.6879357879636109,1.0,1.0
Zm00001eb172070,1,0.4583333333333333,0.4583333333333333,1.0,0,1.3636363636363635,24,7,17,0.17092562085709093,0.17491860104597767,1.0,1.0
Zm00001eb172170,2,0.5,0.6666666666666666,0.533102766798419,0,4.0,24,21,3,0.4954487306569466,0.31924736535353954,0.8684462990592934,1.0
Zm00001eb172200,1,0.6190476190476191,0.6190476190476191,0.3948559180757323,0,0.38095238095238093,21,11,10,0.1289398242243457,0.18127181625972338,0.3948559180757323,1.0
Zm00001eb172290,1,0.7391304347826086,0.7391304347826086,0.5392433653303218,0,0.5,23,5,18,0.27728347410104076,0.2540454296460759,0.5392433653303218,1.0
Zm00001eb172300,1,0.4782608695652174,0.4782608695652174,1.0,0,1.5,23,8,15,0.2087477476066168,0.23109706954375828,1.0,1.0
Zm00001eb172390,3,0.625,0.625,0.4642857142857143,0,0.3333333333333333,8,5,3,0.5710714094675945,0.7222238544344993,0.8001355105393073,1.0
Zm00001eb172410,4,0.5833333333333334,0.8,0.02564102564102564,1,1.3055555555555556,15,10,5,0.277525351691349,0.3732286467823836,0.40028745634467644,1.0
Zm00001eb172420,4,0.6770833333333334,0.7083333333333334,0.3563553151653838,0,2.171527777777778,24,17,7,0.3236764964952639,0.3627093703102698,0.5749963910602596,1.0
Zm00001eb172520,2,0.5625,0.75,0.11813186813186813,0,9.0,16,12,4,0.2994483659326536,0.2922007986862446,0.3704560750921887,1.0
Zm00001eb172590,2,0.5833333333333333,0.6666666666666666,0.533102766798419,0,2.909090909090909,24,3,21,0.5269831578809062,0.33523391766023747,0.8684462990592934,1.0
Zm00001eb172650,1,0.47619047619047616,0.47619047619047616,0.5210526315789474,0,,21,14,7,0.18503395383749177,0.17194044366205447,0.5210526315789474,1.0
Zm00001eb172780,2,0.5,0.5,1.0,0,1.2106481481481481,24,10,14,0.30881949285836097,0.37996454790801526,1.0,1.0
Zm00001eb172950,3,0.42857142857142855,0.5,0.5054945054945055,0,,14,3,11,1.0361074160136226,1.0791313624349108,0.9679860297057483,1.0
Zm00001eb172970,2,0.5666666666666667,0.6,0.48571428571428577,0,0.625,15,9,6,0.33495391389996537,0.49616696777796004,0.8364654341818388,1.0
Zm00001eb173100,5,0.6782608695652174,0.7391304347826086,0.1373527984108143,0,1.2955677655677653,23,7,16,1.1474507958992484,0.9217441661976165,0.35350640818777185,1.0
Zm00001eb173150,2,0.7083333333333334,0.7083333333333334,0.5680406549971768,0,0.4,24,6,18,0.4152848412567767,0.40577811303096156,0.6876503621850139,1.0
Zm00001eb173190,2,0.47368421052631576,0.47368421052631576,1.0,0,0.6428571428571429,19,8,11,0.2458541311652719,0.42857907859510713,1.0,1.0
Zm00001eb173220,2,0.4642857142857143,0.5714285714285714,1.0,0,2.4,14,3,11,0.38508813033230227,0.4432424554381058,1.0,1.0
Zm00001eb173230,1,0.8333333333333334,0.8333333333333334,0.05434782608695651,0,,24,18,6,0.3959781507031299,0.36082334764913443,0.05434782608695651,1.0
Zm00001eb173240,1,0.5555555555555556,0.5555555555555556,1.0,0,2.0,9,3,6,0.7505430557959409,0.9147154184284968,1.0,1.0
Zm00001eb173270,1,0.5909090909090909,0.5909090909090909,0.5864661654135339,0,0.26666666666666666,22,11,11,0.27862596091748393,0.38858677892909527,0.5864661654135339,1.0
Zm00001eb173360,1,0.625,0.625,0.3167701863354037,0,5.5,24,5,19,0.9159484489902693,0.639149573185775,0.3167701863354037,1.0
Zm00001eb173390,1,0.7142857142857143,0.7142857142857143,0.5054945054945055,0,0.1875,14,9,5,1.078947889200958,1.376095259858351,0.5054945054945055,1.0
Zm00001eb173410,1,0.7333333333333333,0.7333333333333333,0.13193473193473193,0,0.13333333333333333,15,8,7,0.5404514609063898,1.4737383622358424,0.13193473193473193,1.0
Zm00001eb173440,2,0.2916666666666667,0.2916666666666667,1.0,0,,24,4,20,0.3236082125445095,0.3291683892693819,1.0,1.0
Zm00001eb173480,1,0.5833333333333334,0.5833333333333334,0.6801722977520528,0,0.5,24,14,10,0.4971431690199801,0.5494887010817661,0.6801722977520528,1.0
Zm00001eb173520,2,0.65,0.65,0.33591331269349844,0,0.2777777777777778,20,14,6,0.2715035101908722,0.2975540155706458,0.35902764980375645,1.0
Zm00001eb173560,1,0.5882352941176471,0.5882352941176471,0.6199095022624433,0,0.4166666666666667,17,6,11,0.09781259582278218,0.10436193848105106,0.6199095022624433,1.0
Zm00001eb173640,1,0.5294117647058824,0.5294117647058824,1.0,0,2.0,17,8,9,0.7365012799087369,0.9176897989442383,1.0,1.0
Zm00001eb173840,1,0.5625,0.5625,0.587912087912088,0,0.3,16,10,6,0.7532188962427955,0.999279809541219,0.587912087912088,1.0
Zm00001eb173940,2,0.6470588235294118,0.6470588235294118,1.0,0,1.1111111111111112,17,4,13,0.3195327647691156,0.4749938245552831,1.0,1.0
Zm00001eb174100,1,0.3,0.3,1.0,0,,20,16,4,0.4464404433937782,0.4537881785190092,1.0,1.0
Zm00001eb174160,2,0.6086956521739131,0.782608695652174,0.08300395256916995,0,,23,16,7,0.4146854762432909,0.4495615543211455,0.1802936680833484,1.0
Zm00001eb174330,1,0.46153846153846156,0.46153846153846156,0.527972027972028,0,,13,10,3,0.2998131806935489,0.28686743917956875,0.527972027972028,1.0
Zm00001eb174460,1,0.7058823529411765,0.7058823529411765,1.0,0,1.8333333333333333,17,14,3,0.15397261412186913,0.15604385469944027,1.0,1.0
Zm00001eb174480,1,0.5,0.5,1.0,0,0.5833333333333334,16,9,7,0.2035135735406554,0.24735309984061293,1.0,1.0
Zm00001eb174670,8,0.5882352941176471,0.7058823529411765,0.13122171945701358,0,2.578125,17,9,8,0.3337747614284486,0.42711509734301384,0.9012728081279169,1.0
Zm00001eb174760,1,0.5,0.5,1.0,0,0.75,8,3,5,0.4967743630050858,0.7097649226191909,1.0,1.0
Zm00001eb174900,2,0.725,0.75,0.44736842105263164,0,2.5625,20,15,5,0.23016296283383003,0.27623905097415685,0.8072194175366549,1.0
Zm00001eb174990,1,0.5882352941176471,0.5882352941176471,0.637186343068696,0,2.0,17,8,9,0.3271468296678442,0.40993451535340303,0.637186343068696,1.0
Zm00001eb175070,1,0.6,0.6,0.4666666666666667,0,,10,6,4,0.3692175869133062,0.5417516203835586,0.4666666666666667,1.0
Zm00001eb175230,1,0.38095238095238093,0.38095238095238093,1.0,0,1.0,21,18,3,0.4215718976638111,0.3338219560417952,1.0,1.0
Zm00001eb175240,2,0.6538461538461539,0.6923076923076923,1.0,0,2.333333333333333,13,4,9,0.3858547707348491,0.5280281280899338,1.0,1.0
Zm00001eb175250,1,0.47619047619047616,0.47619047619047616,1.0,0,1.6,21,12,9,0.4466723417540376,0.5902354392270475,1.0,1.0
Zm00001eb175270,1,0.5333333333333333,0.5333333333333333,1.0,0,0.8333333333333334,15,7,8,0.5480649834509287,0.6815852832507884,1.0,1.0
Zm00001eb175470,1,0.5714285714285714,0.5714285714285714,1.0,0,0.7142857142857143,14,6,8,0.1518515138614807,0.21784610170756427,1.0,1.0
Zm00001eb176160,1,0.7368421052631579,0.7368421052631579,0.2621259029927761,0,5.5,19,5,14,0.3426425511728224,0.3409863477793132,0.2621259029927761,1.0
Zm00001eb176210,1,0.5294117647058824,0.5294117647058824,1.0,0,1.125,17,7,10,0.1341542510897025,0.15698531592431048,1.0,1.0
Zm00001eb176440,1,0.42857142857142855,0.42857142857142855,1.0,0,1.2857142857142858,14,4,10,0.13649917303285738,0.1493924032021112,1.0,1.0
Zm00001eb176590,1,0.6666666666666666,0.6666666666666666,0.530827067669173,0,0.25,21,8,13,0.7786118494697857,1.0720725605846164,0.530827067669173,1.0
Zm00001eb176650,1,0.4666666666666667,0.4666666666666667,0.5238095238095238,0,,15,10,5,0.6077903545240083,0.733164338626948,0.5238095238095238,1.0
Zm00001eb177060,2,0.4583333333333333,0.5416666666666666,0.6570197873199624,0,1.6666666666666667,24,16,8,0.5650542211035664,0.6177165124260722,0.9329951299333422,1.0
Zm00001eb177150,2,0.6176470588235294,0.7058823529411765,0.6029411764705881,0,0.4671717171717171,17,13,4,0.2514839444395795,0.20258577403924674,0.9079906055491728,1.0
Zm00001eb177330,1,0.8333333333333334,0.8333333333333334,0.1272727272727273,0,16.0,12,3,9,0.13895508412999932,0.1672351851344609,0.1272727272727273,1.0
Zm00001eb177670,1,0.6086956521739131,0.6086956521739131,0.6570197873199621,0,2.0,23,9,14,0.23392692278131563,0.3500940227359857,0.6570197873199621,1.0
Zm00001eb177920,1,0.6153846153846154,0.6153846153846154,0.5594405594405595,0,3.0,13,6,7,0.560118628138073,0.7206816641797491,0.5594405594405595,1.0
Zm00001eb178010,1,0.3888888888888889,0.3888888888888889,1.0,0,,18,4,14,0.25883866939353317,0.194269652410996,1.0,1.0
Zm00001eb178280,1,0.4782608695652174,0.4782608695652174,0.6213854795090492,0,2.5454545454545454,23,5,18,0.1412765538534529,0.1427049188034912,0.6213854795090492,1.0
Zm00001eb178290,3,0.5652173913043478,0.6521739130434783,0.6213854795090491,0,0.7055555555555556,23,16,7,0.763493938134519,0.6695547347062875,0.9402351789799386,1.0
Zm00001eb178550,3,0.5740740740740741,0.6666666666666666,0.1830065359477124,0,0.7833333333333333,18,8,10,0.39051897517433953,0.4986425702052862,0.7576894743772921,1.0
Zm00001eb178620,1,0.7272727272727273,0.7272727272727273,0.24242424242424238,0,0.13333333333333333,11,4,7,0.29607793101725444,0.3059334463541881,0.24242424242424238,1.0
Zm00001eb178670,2,0.5833333333333334,0.6111111111111112,1.0,0,0.6125,18,11,7,0.7670109506872764,0.8985307924057347,1.0,1.0
Zm00001eb178810,1,0.625,0.625,0.400323058285099,0,0.3333333333333333,24,15,9,0.8795350059270165,1.3235663204086492,0.400323058285099,1.0
Zm00001eb178840,1,0.6666666666666666,0.6666666666666666,1.0,0,0.9230769230769231,21,17,4,1.18522836688486,1.57165298539399,1.0,1.0
Zm00001eb178990,3,0.6666666666666666,0.75,0.45000000000000007,0,2.5999999999999996,16,12,4,0.8979833457838651,0.9475270025835326,0.7841295060403978,1.0
Zm00001eb179020,2,0.6458333333333333,0.6666666666666666,0.1049266388477588,0,0.29523809523809524,24,9,15,0.11959036487470061,0.1422256623959688,0.17599668248412834,1.0
Zm00001eb179040,2,0.6666666666666666,0.6666666666666666,1.0,0,1.75,12,9,3,0.2651860605862843,0.26067131131279453,1.0,1.0
Zm00001eb179090,1,0.8,0.8,0.37142857142857144,0,5.5,15,12,3,0.14839364360333335,0.1536013422609063,0.37142857142857144,1.0
Zm00001eb179160,1,0.5882352941176471,0.5882352941176471,0.637186343068696,0,2.0,17,8,9,0.27945076051136203,0.33837313409531816,0.637186343068696,1.0
Zm00001eb179210,1,0.36363636363636365,0.36363636363636365,1.0,0,,22,6,16,0.4358881624094116,0.4474463700723425,1.0,1.0
Zm00001eb179260,1,0.5263157894736842,0.5263157894736842,0.4853801169590643,0,,19,8,11,0.8080075312560182,1.2724644886463607,0.4853801169590643,1.0
Zm00001eb179290,1,0.85,0.85,0.28421052631578947,0,8.0,20,17,3,1.2261276635515865,1.049882673446951,0.28421052631578947,1.0
Zm00001eb179530,1,0.8095238095238095,0.8095238095238095,0.14786967418546368,0,7.5,21,17,4,0.2569931425232581,0.2857350335487117,0.14786967418546368,1.0
Zm00001eb179680,2,0.5625,0.6666666666666666,1.0,0,1.7532467532467533,24,8,16,0.07954877470513151,0.08540271147964028,1.0,1.0
Zm00001eb179870,1,0.5714285714285714,0.5714285714285714,1.0,0,0.9,21,16,5,0.5868924117785697,0.4858766193891539,1.0,1.0
Zm00001eb180450,1,0.5,0.5,1.0,0,1.0,6,3,3,0.3356876617763234,0.5053449380171104,1.0,1.0
Zm00001eb180470,1,0.5294117647058824,0.5294117647058824,1.0,0,1.5,17,8,9,0.5058092596668827,0.670930803871458,1.0,1.0
Zm00001eb180480,1,0.5416666666666666,0.5416666666666666,1.0,0,2.2,24,12,12,0.3718367535846225,0.6199344516809022,1.0,1.0
Zm00001eb181420,2,0.5238095238095237,0.6666666666666666,0.3253722541648238,0,0.30303030303030304,21,5,16,0.7429546121935938,0.9245505314122603,0.4862364875628161,1.0
Zm00001eb181940,1,0.4782608695652174,0.4782608695652174,1.0,0,2.1818181818181817,23,4,19,0.22462524858241756,0.20646545016243625,1.0,1.0
Zm00001eb182460,1,0.5416666666666666,0.5416666666666666,1.0,0,1.25,24,18,6,0.27698560490121654,0.32535303956206296,1.0,1.0
Zm00001eb182780,2,0.7105263157894737,0.7894736842105263,0.037925696594427245,1,10.0,19,14,5,0.4833244047228942,0.6380371162554995,0.06288285982379013,1.0
Zm00001eb182800,1,0.8333333333333334,0.8333333333333334,0.4000000000000001,0,,6,3,3,0.9879080166284865,2.0087553338750634,0.4000000000000001,1.0
Zm00001eb183100,1,0.8235294117647058,0.8235294117647058,0.12058823529411762,0,12.0,17,13,4,0.40772568629034606,0.4295567112243661,0.12058823529411762,1.0
Zm00001eb183160,1,0.5,0.5,1.0,0,0.9,18,11,7,0.39995929352931936,0.5138233119094504,1.0,1.0
Zm00001eb183220,1,0.75,0.75,0.11813186813186813,0,9.0,16,12,4,0.3044189004120246,0.32412185090829737,0.11813186813186813,1.0
Zm00001eb183340,1,0.7222222222222222,0.7222222222222222,0.24509803921568624,0,7.5,18,11,7,0.5923483909144339,0.6747131086613348,0.24509803921568624,1.0
Zm00001eb183370,3,0.5833333333333334,0.5833333333333334,0.49090909090909085,0,1.0,12,9,3,0.23510743678173998,0.2041309191771191,0.9644448233613626,1.0
Zm00001eb183400,2,0.3529411764705882,0.4117647058823529,0.5411764705882353,0,,17,3,14,0.9189831649437586,1.7584162020838543,0.8734641595300727,1.0
Zm00001eb183490,1,0.625,0.625,0.5692307692307692,0,4.2,16,8,8,0.29568433417551465,0.34576987407547594,0.5692307692307692,1.0
Zm00001eb183560,1,0.9090909090909091,0.9090909090909091,0.015151515151515152,1,,11,5,6,0.5161336459481242,0.622779701915009,0.015151515151515152,1.0
Zm00001eb183610,1,0.6470588235294118,0.6470588235294118,0.3348416289592761,0,0.26666666666666666,17,7,10,0.23685015229036518,0.2839591488223639,0.3348416289592761,1.0
Zm00001eb183710,4,0.4722222222222222,0.7777777777777778,0.4052287581699346,0,2.583333333333333,18,14,4,0.3671092928635677,0.4253569457297853,0.986377461100649,1.0
Zm00001eb183860,1,0.5,0.5,1.0,0,2.25,18,4,14,0.791895858373355,0.9083292778396305,1.0,1.0
Zm00001eb183880,2,0.5952380952380952,0.6190476190476191,0.5533834586466165,0,2.821428571428571,21,12,9,0.4289484575433956,0.8788517928982158,0.7231705932164381,1.0
Zm00001eb184010,3,0.4603174603174603,0.5238095238095238,0.6064671482628139,0,1.8855218855218856,21,13,8,0.5275726975768055,0.6001202329055805,0.9856043814390143,1.0
Zm00001eb184070,2,0.631578947368421,0.6842105263157895,1.0,0,0.6527777777777778,19,6,13,0.4087945142714542,0.5365430452425267,1.0,1.0
Zm00001eb184110,3,0.543859649122807,0.5789473684210527,0.6332460109549893,0,0.8952380952380953,19,7,12,0.3428341579246945,0.3898481704405192,0.9886701519862413,1.0
Zm00001eb184240,1,0.5555555555555556,0.5555555555555556,1.0,0,0.75,9,5,4,0.5087450409857498,0.6442772545778216,1.0,1.0
Zm00001eb184320,3,0.5833333333333334,0.6875,0.5089285714285715,0,2.0833333333333335,16,11,5,0.31672012439405356,0.34922533791885746,0.8618533714208678,1.0
Zm00001eb184340,1,0.6363636363636364,0.6363636363636364,0.3614551083591332,0,0.26666666666666666,22,11,11,1.0702815210852086,1.4613890412847166,0.3614551083591332,1.0
Zm00001eb184450,2,0.55,0.6,0.5820433436532508,0,0.6296296296296297,20,10,10,0.2530303831309782,0.31139649536656516,0.8970512314360031,1.0
Zm00001eb184470,2,0.7272727272727273,0.7727272727272727,0.2098427887901572,0,3.0833333333333335,22,17,5,0.6320413303095289,0.6296565287769382,0.5374906169541416,1.0
Zm00001eb184480,1,0.5882352941176471,0.5882352941176471,0.23739495798319327,0,,17,13,4,0.4584139047967386,0.4816375043511947,0.23739495798319327,1.0
Zm00001eb184520,1,0.5,0.5,1.0,0,1.75,18,10,8,0.2943346898657009,0.3241342944918292,1.0,1.0
Zm00001eb184540,1,0.5789473684210527,0.5789473684210527,1.0,0,1.4285714285714286,19,8,11,0.2980273587630908,0.3691874049416785,1.0,1.0
Zm00001eb184630,1,0.5714285714285714,0.5714285714285714,0.6424148606811144,0,0.4,21,9,12,0.3809508402868505,0.4885470867310317,0.6424148606811144,1.0
Zm00001eb184840,1,0.5714285714285714,0.5714285714285714,1.0,0,1.5,14,6,8,0.9133370866628082,1.2375604813981806,1.0,1.0
Zm00001eb184850,1,0.6363636363636364,0.6363636363636364,0.05128295337273665,0,,22,7,15,0.13142423525802086,0.1615253970457216,0.05128295337273665,1.0
Zm00001eb184970,1,0.5909090909090909,0.5909090909090909,0.6240601503759399,0,2.142857142857143,22,17,5,0.5653245212528506,0.6363329009889492,0.6240601503759399,1.0
Zm00001eb185070,1,0.6190476190476191,0.6190476190476191,0.17358101135190918,0,6.0,21,8,13,0.18214317037455066,0.2448316778002859,0.17358101135190918,1.0
Zm00001eb185290,1,0.36363636363636365,0.36363636363636365,0.5537935748462065,0,,22,18,4,0.5172982174480216,0.5229571993430628,0.5537935748462065,1.0
Zm00001eb185300,1,0.5217391304347826,0.5217391304347826,1.0,0,0.8571428571428571,23,11,12,1.9074587041415025,2.163011511049261,1.0,1.0
Zm00001eb185390,1,0.6428571428571429,0.6428571428571429,0.22077922077922074,0,,14,5,9,0.3170981875170619,0.4083252486245067,0.22077922077922074,1.0
Zm00001eb185470,4,0.5869565217391304,0.6956521739130435,0.08937945887737245,0,3.16017316017316,23,8,15,0.7729076426811726,0.813707933224746,0.3880827663087124,1.0
Zm00001eb185570,1,0.7391304347826086,0.7391304347826086,0.29067728610062704,0,3.3333333333333335,23,18,5,0.3725052791483235,0.3866096848891863,0.29067728610062704,1.0
Zm00001eb185640,1,0.5833333333333334,0.5833333333333334,0.6784560506124648,0,0.625,24,15,9,0.29088044163850624,0.3309110711644592,0.6784560506124648,1.0
Zm00001eb185780,1,0.3333333333333333,0.3333333333333333,1.0,0,,24,5,19,0.43259224647056654,0.4767587804169404,1.0,1.0
Zm00001eb185930,2,0.5952380952380952,0.6190476190476191,0.3998624011007913,0,1.5584415584415585,21,13,8,0.09508369816669326,0.1059106872205784,0.5923957695418054,1.0
Zm00001eb186100,1,0.5714285714285714,0.5714285714285714,0.6604905929983329,0,2.0,21,12,9,0.12506993831289076,0.17538905712604042,0.6604905929983329,1.0
Zm00001eb186240,4,0.5681818181818181,0.5909090909090909,0.6478328173374612,0,1.1281746031746032,22,9,13,0.10148596127930289,0.13497253993216077,0.9885505630491487,1.0
Zm00001eb186250,3,0.5964912280701754,0.631578947368421,0.34984520123839,0,2.5222222222222226,19,9,10,0.30982087024586974,0.3876716621837641,0.6494885125600511,1.0
Zm00001eb186310,1,0.5,0.5,1.0,0,1.8,22,19,3,0.9566127276208719,0.8653051072670663,1.0,1.0
Zm00001eb186450,1,0.35294117647058826,0.35294117647058826,1.0,0,,17,13,4,0.6038834022061207,1.1202728543313774,1.0,1.0
Zm00001eb186900,2,0.6590909090909092,0.7272727272727273,0.11585782638414217,0,0.38541666666666663,22,13,9,0.8794540113386954,1.1066327714995408,0.36557679759182177,1.0
Zm00001eb186940,3,0.46296296296296297,0.6111111111111112,0.5241830065359476,0,0.5555555555555556,18,14,4,1.2542232382723977,1.0324268318838392,0.9721063579539736,1.0
Zm00001eb187010,1,0.5,0.5,1.0,0,0.84,20,8,12,0.3797449488080691,0.4584470783242947,1.0,1.0
Zm00001eb187030,1,0.6956521739130435,0.6956521739130435,0.5573122529644269,0,0.35714285714285715,23,7,16,0.6275359959056608,0.8440581850719412,0.5573122529644269,1.0
Zm00001eb187040,1,0.5238095238095238,0.5238095238095238,0.6030075187969927,0,0.375,21,17,4,0.5043394286113937,0.4373858036632451,0.6030075187969927,1.0
Zm00001eb187070,2,0.6190476190476191,0.6190476190476191,0.3107769423558897,0,2.321428571428571,21,11,10,0.2713023329909211,0.3420111417179482,0.3750031873544567,1.0
Zm00001eb187150,3,0.5263157894736842,0.5263157894736842,1.0,0,1.5,19,9,10,0.9245457481399888,1.3417715362121714,1.0,1.0
Zm00001eb187250,1,0.2857142857142857,0.2857142857142857,1.0,0,,21,4,17,0.5556257927798625,0.5917414746935935,1.0,1.0
Zm00001eb187390,1,0.29411764705882354,0.29411764705882354,1.0,0,,17,14,3,1.6147322244896205,1.188076346197969,1.0,1.0
Zm00001eb187430,1,0.6363636363636364,0.6363636363636364,1.0,0,1.0833333333333333,22,15,7,2.882886281000415,2.693338973741218,1.0,1.0
Zm00001eb187440,1,0.4782608695652174,0.4782608695652174,1.0,0,1.037037037037037,23,13,10,1.8303068180649706,2.1705962684144176,1.0,1.0
Zm00001eb187450,3,0.5833333333333334,0.65,0.28482972136222906,0,2.5652777777777778,20,11,9,1.0228866766118216,1.367007569735958,0.7576495416239343,1.0
Zm00001eb187460,1,0.65,0.65,1.0,0,1.2,20,6,14,1.2579036687668563,1.3386273066266587,1.0,1.0
Zm00001eb187580,1,0.42857142857142855,0.42857142857142855,1.0,0,0.875,14,9,5,0.38699382416151495,0.43993920629371397,1.0,1.0
Zm00001eb187590,2,0.55,0.75,0.5087719298245614,0,2.3333333333333335,20,4,16,0.30888964507514627,0.38473253481426267,0.8525773280279685,1.0
Zm00001eb187660,1,0.625,0.625,0.1992753623188406,0,,24,13,11,0.2994465915709948,0.45830711846535654,0.1992753623188406,1.0
Zm00001eb187670,2,0.5416666666666666,0.6666666666666666,0.36254182693811177,0,3.0,24,16,8,0.7382107945686535,0.8979656373768181,0.5128062124178061,1.0
Zm00001eb187730,3,0.5833333333333334,0.5833333333333334,0.386441647597254,0,0.924537037037037,24,11,13,0.6666941656139193,0.8381685821088183,0.5792166485348067,1.0
Zm00001eb187900,1,0.6111111111111112,0.6111111111111112,0.6266968325791855,0,2.0,18,7,11,0.35833969582482683,0.6191837512899255,0.6266968325791855,1.0
Zm00001eb187950,2,0.4772727272727273,0.5,0.6161312371838688,0,0.5520833333333334,22,13,9,0.07272432843980597,0.09967049235479992,0.9145206938443525,1.0
Zm00001eb187970,2,0.5238095238095237,0.5714285714285714,0.6424148606811144,0,1.8333333333333335,21,12,9,0.49472750146461275,0.6034177118735594,0.9266969166780804,1.0
Zm00001eb187980,2,0.3958333333333333,0.4583333333333333,0.6310935441370225,0,0.6830357142857143,24,5,19,0.689574925904496,0.608383381687443,0.9215866471840295,1.0
Zm00001eb188190,4,0.5909090909090909,0.7272727272727273,0.6129718234981393,0,0.8101190476190476,22,5,17,0.19331506014058553,0.22436586999189626,0.9983783679538145,1.0
Zm00001eb188360,3,0.6666666666666666,0.7391304347826086,0.14208446016226337,0,3.0500000000000003,23,16,7,0.4020954706143465,0.45191754731998407,0.4599651823081268,1.0
Zm00001eb188380,1,0.625,0.625,1.0,0,1.4444444444444444,24,5,19,1.3304087364452513,1.4907101873454685,1.0,1.0
Zm00001eb188600,1,0.6153846153846154,0.6153846153846154,0.5594405594405594,0,0.3333333333333333,13,7,6,0.5482476164585111,0.7665745312898261,0.5594405594405594,1.0
Zm00001eb188770,2,0.675,0.7,0.27017543859649124,0,0.3041666666666667,20,7,13,1.0740736544319907,2.2991999189087045,0.46322363040822334,1.0
Zm00001eb188800,1,0.4090909090909091,0.4090909090909091,1.0,0,1.1666666666666667,22,14,8,0.5629412140459681,0.7500567285968449,1.0,1.0
Zm00001eb188960,1,0.625,0.625,1.0,0,2.0,8,5,3,0.5118225255058321,0.7771498185133119,1.0,1.0
Zm00001eb189060,1,0.47619047619047616,0.47619047619047616,0.5210526315789474,0,,21,3,18,0.5535154863014861,0.4820027861927189,0.5210526315789474,1.0
Zm00001eb189140,1,0.3125,0.3125,1.0,0,,16,13,3,0.2931058963394149,0.3051630864611754,1.0,1.0
Zm00001eb189150,4,0.513157894736842,0.5789473684210527,0.5304437564499485,0,0.7698412698412698,19,15,4,0.37342654031189504,0.32592333813741226,0.995922592402082,1.0
Zm00001eb189260,2,0.55,0.6,1.0,0,0.5208333333333333,10,3,7,0.39347047497148796,0.35547564838338486,1.0,1.0
Zm00001eb189300,3,0.5714285714285715,0.6428571428571429,0.5594405594405594,0,2.0208333333333335,14,7,7,0.5295794108024363,0.655361232514302,0.978737212634579,1.0
Zm00001eb189840,1,0.5714285714285714,0.5714285714285714,0.6424148606811144,0,2.5,21,12,9,1.1134915437755502,1.2911777958501656,0.6424148606811144,1.0
Zm00001eb189850,3,0.4444444444444444,0.5238095238095238,1.0,0,1.3143939393939394,21,15,6,0.3157394661310505,0.3348391163441328,1.0,1.0
Zm00001eb189870,1,0.4666666666666667,0.4666666666666667,1.0,0,1.0,15,9,6,0.15478051444499263,0.17969275272922147,1.0,1.0
Zm00001eb189920,2,0.5,0.5,0.5089285714285714,0,0.8,16,5,11,1.1688021058653468,1.7482940553574309,0.8526831553325984,1.0
Zm00001eb189950,1,0.3333333333333333,0.3333333333333333,1.0,0,,18,4,14,1.0203171055018494,1.0594818380135786,1.0,1.0
Zm00001eb189970,2,0.6764705882352942,0.8235294117647058,0.33088235294117646,0,4.25,17,3,14,0.5756617137695881,0.6052400521550138,0.6968357192533674,1.0
Zm00001eb190120,1,0.6956521739130435,0.6956521739130435,0.5756188891200331,0,2.3333333333333335,23,17,6,0.30422930130427833,0.3353961981586397,0.5756188891200331,1.0
Zm00001eb190140,1,0.65,0.65,0.15768833849329206,0,0.14285714285714285,20,7,13,0.7566491337734187,0.9369358134571822,0.15768833849329206,1.0
Zm00001eb190150,1,0.375,0.375,1.0,0,,16,12,4,1.8920395483311663,2.411506422885109,1.0,1.0
Zm00001eb190190,1,0.4166666666666667,0.4166666666666667,0.5296442687747035,0,,24,3,21,0.4958190526647184,0.35358990884234437,0.5296442687747035,1.0
Zm00001eb190260,2,0.5714285714285714,0.5714285714285714,0.4725274725274724,0,0.7142857142857143,14,6,8,0.19089436493456496,0.2199309792989785,0.8267621297296852,1.0
Zm00001eb190280,3,0.6666666666666666,0.8571428571428571,0.14285714285714288,0,1.3333333333333333,7,3,4,0.3914251346776058,0.5352542909911202,0.6913133290219358,1.0
Zm00001eb190310,2,0.4117647058823529,0.5294117647058824,1.0,0,0.5,17,14,3,1.4255806125186277,1.0895808219122258,1.0,1.0
Zm00001eb190330,4,0.5972222222222222,0.7222222222222222,0.24509803921568626,0,0.6787878787878787,18,12,6,0.35013245731896186,0.37149282293137326,0.8494504345565262,1.0
Zm00001eb190340,6,0.48484848484848486,0.7272727272727273,1.0,0,1.111111111111111,22,19,3,0.5328369505967742,0.4323770309630571,1.0,1.0
Zm00001eb190360,3,0.463768115942029,0.6956521739130435,0.5756188891200332,0,0.42857142857142855,23,18,5,0.29642614189915045,0.3572303107336398,0.9813337169316968,1.0
Zm00001eb190390,1,0.36363636363636365,0.36363636363636365,1.0,0,,22,19,3,0.45569814876920095,0.3700823622802786,1.0,1.0
Zm00001eb190410,1,0.5625,0.5625,0.25,0,,16,6,10,0.6797598034351293,0.8604326756925581,0.25,1.0
Zm00001eb190430,2,0.6190476190476191,0.8095238095238095,0.025111799105607156,1,8.972222222222221,21,7,14,0.7331064897939639,0.8138592776125567,0.11763415016751476,1.0
Zm00001eb190550,1,0.6818181818181818,0.6818181818181818,0.5272727272727273,0,4.333333333333333,22,14,8,0.12931204757659917,0.17085110692201658,0.5272727272727273,1.0
Zm00001eb190630,1,0.5555555555555556,0.5555555555555556,1.0,0,0.75,9,5,4,0.19187139250415497,0.23919949917829805,1.0,1.0
Zm00001eb190740,1,0.6818181818181818,0.6818181818181818,0.3088782562466773,0,0.2777777777777778,22,8,14,0.20802461263669264,0.25043993626290934,0.3088782562466773,1.0
Zm00001eb190870,1,0.391304347826087,0.391304347826087,1.0,0,0.7222222222222222,23,4,19,0.2692360144595869,0.2316432941615103,1.0,1.0
Zm00001eb190880,1,0.7,0.7,0.27017543859649124,0,4.8,20,3,17,0.18911810923378916,0.19791331295744372,0.27017543859649124,1.0
Zm00001eb190930,2,0.5,0.5,0.5151515151515151,0,0.5555555555555556,12,4,8,0.22333096359720403,0.26275580830631584,0.8568485362416512,1.0
Zm00001eb191060,2,0.5277777777777778,0.5555555555555556,0.6370663650075415,0,1.755952380952381,18,7,11,0.07639139875300593,0.10194700325776063,0.9243077683194966,1.0
Zm00001eb191110,1,0.6818181818181818,0.6818181818181818,0.1826625386996904,0,0.18518518518518517,22,14,8,0.6043757191853903,0.7202163121783908,0.1826625386996904,1.0
Zm00001eb191130,2,0.4166666666666667,0.5833333333333334,0.5760869565217392,0,2.6666666666666665,24,3,21,0.4488967280665583,0.5929053710917167,0.8937969909275727,1.0
Zm00001eb191240,1,0.7692307692307693,0.7692307692307693,0.21678321678321677,0,0.09523809523809523,13,8,5,0.4819650466760886,0.6468253942181551,0.21678321678321677,1.0
Zm00001eb191270,2,0.6153846153846154,0.6923076923076923,1.0,0,0.5,13,10,3,0.47415120103962977,0.462837434916094,1.0,1.0
Zm00001eb191350,3,0.6363636363636364,0.6818181818181818,0.09907120743034058,0,3.4499999999999997,22,13,9,0.15162365179093326,0.22287760948095814,0.3768171525040285,1.0
Zm00001eb191430,2,0.4117647058823529,0.4117647058823529,0.5411764705882353,0,,17,13,4,0.9628153162686428,0.6230308666335563,0.6525245297612692,1.0
Zm00001eb191440,2,0.5277777777777778,0.6111111111111112,1.0,0,0.6145833333333333,18,5,13,1.1640802765204923,1.7598616572494392,1.0,1.0
Zm00001eb191610,2,0.59375,0.6875,0.5,0,0.2222222222222222,16,6,10,0.9873719457456654,1.2492147117138843,0.6087936446245537,1.0
Zm00001eb191640,2,0.5,0.6666666666666666,1.0,0,1.0833333333333333,21,16,5,1.345401076256663,1.213116559629406,1.0,1.0
Zm00001eb191700,2,0.6190476190476191,0.6190476190476191,0.6177109440267335,0,0.5643939393939394,21,8,13,0.5734363714591522,0.6675152204587821,0.9152837150422669,1.0
Zm00001eb191720,1,0.5,0.5,1.0,0,1.1666666666666667,22,12,10,0.11731715796189503,0.15174768779957826,1.0,1.0
Zm00001eb191980,3,0.5238095238095238,0.5714285714285714,1.0,0,0.8444444444444444,14,7,7,0.33636130764252,0.4265793083311158,1.0,1.0
Zm00001eb192000,1,0.6923076923076923,0.6923076923076923,1.0,0,2.6666666666666665,13,9,4,0.3319453372190768,0.3908954146234015,1.0,1.0
Zm00001eb192060,1,0.47619047619047616,0.47619047619047616,1.0,0,1.3888888888888888,21,14,7,0.33228365559384604,0.3717349236276158,1.0,1.0
Zm00001eb192090,1,0.6086956521739131,0.6086956521739131,1.0,0,0.6153846153846154,23,9,14,0.2907497966469734,0.3319807407496096,1.0,1.0
Zm00001eb192110,4,0.6041666666666666,0.7083333333333334,0.08937945887737248,0,1.9087301587301588,24,15,9,0.16461535425428436,0.21092183860421748,0.2165658285258207,1.0
Zm00001eb192140,1,0.45,0.45,0.5210526315789474,0,,20,13,7,0.2105510303273223,0.2117743261357577,0.5210526315789474,1.0
Zm00001eb192200,2,0.5,0.55,0.5210526315789474,0,0.75,20,14,6,0.9316279154845809,1.1605432436632548,0.860729042002967,1.0
Zm00001eb192230,7,0.5952380952380952,0.75,0.06056272103182858,0,0.7313736263736264,24,7,17,0.8835540355783059,1.0632236798669914,0.2551191786063621,1.0
Zm00001eb192250,2,0.575,0.65,0.6126160990712074,0,0.7,20,6,14,0.14285785728423286,0.16342459580599847,0.9128082826428031,1.0
Zm00001eb192480,1,0.6666666666666666,0.6666666666666666,0.2045454545454545,0,,12,7,5,0.6054748152799122,0.6349780471281742,0.2045454545454545,1.0
Zm00001eb192560,1,0.46153846153846156,0.46153846153846156,1.0,0,1.5,13,9,4,0.7489533465645314,0.8826387944237643,1.0,1.0
Zm00001eb192600,2,0.6176470588235294,0.7058823529411765,0.13122171945701358,0,0.47380952380952385,17,11,6,0.6240606083045914,0.8201078723973717,0.39771556232763383,1.0
Zm00001eb192640,1,0.5714285714285714,0.5714285714285714,0.3383458646616541,0,4.0,21,9,12,0.31017754773761025,0.3860770756140749,0.3383458646616541,1.0
Zm00001eb192900,1,0.625,0.625,1.0,0,0.8888888888888888,16,11,5,0.1004812991672414,0.11926106392871194,1.0,1.0
Zm00001eb193090,1,0.391304347826087,0.391304347826087,0.5392433653303219,0,,23,19,4,0.6797619509803975,0.5294174990947723,0.5392433653303219,1.0
Zm00001eb193140,1,0.6428571428571429,0.6428571428571429,1.0,0,1.3333333333333333,14,4,10,0.22915161376954526,0.2539698376092404,1.0,1.0
Zm00001eb193170,5,0.5363636363636364,0.6818181818181818,0.2727272727272727,0,2.3703703703703702,22,19,3,0.17950523656324216,0.15351356008963724,0.8791128419482359,1.0
Zm00001eb193190,2,0.5909090909090908,0.6363636363636364,0.23636363636363636,0,,11,4,7,0.26377395497869754,0.3273302379988513,0.36595435755262,1.0
Zm00001eb193270,1,0.8,0.8,0.37142857142857144,0,0.18181818181818182,15,12,3,0.8966439522809372,0.8633249935136601,0.37142857142857144,1.0
Zm00001eb193360,2,0.5,0.5263157894736842,0.6026831785345717,0,0.5119047619047619,19,11,8,0.8335007991522166,1.0723304854464477,0.9078600199922836,1.0
Zm00001eb193370,2,0.5909090909090908,0.6363636363636364,0.6090225563909775,0,0.5246753246753246,22,13,9,0.9998287384178638,1.2690296677204254,0.9110368259961994,1.0
Zm00001eb193380,1,0.5454545454545454,0.5454545454545454,0.3602187286397813,0,0.28125,22,5,17,0.44580394072730106,0.42006637440943956,0.3602187286397813,1.0
Zm00001eb193480,5,0.6142857142857142,0.7142857142857143,0.16483516483516483,0,2.9714285714285715,14,6,8,0.22580990578848079,0.3054754153315724,0.6366578689024944,1.0
Zm00001eb193640,1,0.6190476190476191,0.6190476190476191,1.0,0,0.6818181818181818,21,16,5,0.927414028160805,0.8904034188405742,1.0,1.0
Zm00001eb193650,1,0.5714285714285714,0.5714285714285714,0.6424148606811144,0,0.4,21,9,12,0.15028638340263342,0.22313721267485834,0.6424148606811144,1.0
Zm00001eb193660,4,0.5227272727272727,0.5454545454545454,0.6749226006191951,0,0.8305555555555556,22,10,12,0.17500048713756786,0.20251337647607937,0.9992715956694191,1.0
Zm00001eb193670,3,0.5757575757575757,0.6363636363636364,0.45454545454545453,0,0.75,11,5,6,0.7295362702945835,0.9746408710203114,0.9542226658729848,1.0
Zm00001eb193840,3,0.6041666666666666,0.6875,0.2445054945054945,0,2.916666666666667,16,5,11,0.11022839367197768,0.11733887822011553,0.6929940885993919,1.0
Zm00001eb193850,3,0.5362318840579711,0.6086956521739131,0.22829452146991516,0,1.7592592592592593,23,9,14,0.18030643851882455,0.23087525176030793,0.8145682268791881,1.0
Zm00001eb194150,2,0.6739130434782609,0.6956521739130435,0.5889328063241106,0,1.7083333333333333,23,19,4,0.6066692464387617,0.5042263156295496,0.9007392657491189,1.0
Zm00001eb194210,3,0.5416666666666666,0.5625,0.5089285714285714,0,2.566666666666667,16,5,11,0.5649059409173799,0.7233560754609604,0.8780471402776026,1.0
Zm00001eb194220,2,0.5681818181818181,0.5909090909090909,1.0,0,1.140625,22,9,13,0.3818425072472373,0.47891856019160495,1.0,1.0
Zm00001eb194270,5,0.5,0.5833333333333334,0.536231884057971,0,1.171005291005291,24,16,8,0.6978992607631702,0.8222905720123805,0.9995321472152761,1.0
Zm00001eb194330,3,0.5277777777777778,0.5416666666666666,1.0,0,0.7181818181818181,24,12,12,0.3683501614646741,0.5007633276000524,1.0,1.0
Zm00001eb194340,1,0.6363636363636364,0.6363636363636364,0.3842105263157895,0,0.35555555555555557,22,9,13,0.4876679031718758,0.6212793142022199,0.3842105263157895,1.0
Zm00001eb194350,2,0.7380952380952381,0.7619047619047619,0.2280701754385965,0,3.111111111111111,21,17,4,0.604932275798164,1.5338077290287884,0.5651811374534943,1.0
Zm00001eb194440,1,0.43478260869565216,0.43478260869565216,0.525691699604743,0,,23,16,7,0.3181895495580265,0.4180650910515835,0.525691699604743,1.0
Zm00001eb194500,1,0.6666666666666666,0.6666666666666666,0.5975232198142414,0,2.0,21,16,5,0.6880437775392438,0.7970701918301734,0.5975232198142414,1.0
Zm00001eb194700,1,0.7619047619047619,0.7619047619047619,0.4285714285714286,0,3.75,21,16,5,1.0355742129256085,0.9493353363464261,0.4285714285714286,1.0
Zm00001eb194730,2,0.3125,0.3125,1.0,0,,16,3,13,0.26041398764790047,0.4666703277839077,1.0,1.0
Zm00001eb194780,1,0.55,0.55,1.0,0,0.6666666666666666,20,9,11,0.24699140449963966,0.31099395555747467,1.0,1.0
Zm00001eb195220,1,0.75,0.75,0.06477732793522267,0,0.1111111111111111,20,12,8,0.4313959235902547,0.8899162190385168,0.06477732793522267,1.0
Zm00001eb195230,1,0.6666666666666666,0.6666666666666666,0.15158371040723984,0,0.14285714285714285,18,8,10,0.39460176028723987,0.4896229386154006,0.15158371040723984,1.0
Zm00001eb195270,2,0.6458333333333334,0.8333333333333334,0.28326745718050067,0,6.333333333333333,24,4,20,0.58825123489231,1.0907084142366457,0.30251926745406543,1.0
Zm00001eb195380,3,0.5454545454545455,0.5909090909090909,0.1206492166244488,0,1.8857142857142857,22,6,16,0.37861133933292684,0.5257941480717295,0.5262865909623551,1.0
Zm00001eb195390,1,0.6086956521739131,0.6086956521739131,0.6570197873199624,0,0.5,23,14,9,0.1618831058837568,0.2022237587099598,0.6570197873199624,1.0
Zm00001eb195450,3,0.5416666666666666,0.5833333333333334,0.6784560506124646,0,0.7506613756613757,24,10,14,0.36337986169987396,0.4001753163901659,0.9927050757460378,1.0
Zm00001eb195460,3,0.5370370370370371,0.7777777777777778,0.08333333333333331,0,0.6303030303030303,18,14,4,2.0638162316842714,1.7376138188459755,0.5476905982390261,1.0
Zm00001eb195620,1,0.631578947368421,0.631578947368421,0.37651821862348167,0,2.6666666666666665,19,12,7,0.48488515904464696,0.5874718797147968,0.37651821862348167,1.0
Zm00001eb195700,1,0.47619047619047616,0.47619047619047616,1.0,0,1.3888888888888888,21,7,14,0.8156822085298164,0.9176063477597376,1.0,1.0
Zm00001eb195760,5,0.5375,0.75,0.24450549450549444,0,2.9365079365079367,16,4,12,1.5226174633873464,1.5870483676480638,0.9854078366086292,1.0
Zm00001eb195860,1,0.5833333333333334,0.5833333333333334,0.6784560506124646,0,0.5555555555555556,24,10,14,0.1994548855651491,0.253684648520838,0.6784560506124646,1.0
Zm00001eb195910,2,0.40625,0.4375,1.0,0,1.5,16,12,4,0.4245041073416257,0.46831600036054283,1.0,1.0
Zm00001eb195970,2,0.5,0.5,0.5089285714285714,0,,16,11,5,0.4506724628556851,0.5002925812294463,0.6089013494329256,1.0
Zm00001eb196030,1,0.6470588235294118,0.6470588235294118,0.584033613445378,0,2.25,17,13,4,0.251385412793788,0.35429464518563897,0.584033613445378,1.0
Zm00001eb196170,5,0.6,0.65,0.18947368421052632,0,0.8035714285714285,20,9,11,1.0339219595862443,1.5888243056029066,0.5662532363250209,1.0
Zm00001eb196200,1,0.5714285714285714,0.5714285714285714,1.0,0,0.6666666666666666,7,4,3,1.2208718706783661,1.2985888256032296,1.0,1.0
Zm00001eb196270,2,0.4318181818181818,0.6363636363636364,0.5441558441558443,0,3.4285714285714284,22,19,3,0.27051937342577315,0.23780003401386085,0.8752853380179519,1.0
Zm00001eb196320,4,0.5,0.7142857142857143,0.543859649122807,0,0.4752747252747253,21,4,17,1.453361971963383,1.6648814097456939,0.9964595853120473,1.0
Zm00001eb196380,1,0.6521739130434783,0.6521739130434783,0.2806324110671936,0,0.19444444444444445,23,10,13,0.26013573471615514,0.3370149066891837,0.2806324110671936,1.0
Zm00001eb196530,5,0.638095238095238,0.7619047619047619,0.08771929824561403,0,3.0071225071225074,21,14,7,0.17755427748010874,0.22305822689535731,0.7308986250908936,1.0
Zm00001eb196540,1,0.75,0.75,0.46428571428571436,0,0.125,8,3,5,1.0136109991738909,1.1639160029705653,0.46428571428571436,1.0
Zm00001eb196590,3,0.4603174603174603,0.5238095238095238,0.5263157894736843,0,1.4805194805194803,21,6,15,0.29982255360592064,0.364082848967941,0.9725484693524724,1.0
Zm00001eb196600,1,0.5909090909090909,0.5909090909090909,0.33303847854931445,0,5.0,22,16,6,1.1122403498643383,0.8451476831607069,0.33303847854931445,1.0
Zm00001eb196640,4,0.5227272727272727,0.6818181818181818,0.6478328173374612,0,0.9089285714285714,22,7,15,0.30073195691211885,0.38814919469798065,0.9989515989699926,1.0
Zm00001eb196870,4,0.4523809523809524,0.7142857142857143,0.24736842105263152,0,5.2,21,18,3,0.9450462453673051,0.7791571664886648,0.7253744332362169,1.0
Zm00001eb196930,4,0.5652173913043478,0.6086956521739131,0.41364921254543,0,1.1467171717171718,23,12,11,0.5314509716164116,0.7032545055600765,0.8821419935770667,1.0
Zm00001eb197040,3,0.6666666666666666,0.8,0.16666666666666666,0,3.5,10,5,5,0.7773638676460607,0.9432461521140442,0.5597124170839292,1.0
Zm00001eb197150,1,0.6190476190476191,0.6190476190476191,0.6177109440267335,0,0.5454545454545454,21,13,8,0.12079035469202436,0.15267929196736318,0.6177109440267335,1.0
Zm00001eb197170,1,0.7368421052631579,0.7368421052631579,0.12280701754385964,0,,19,7,12,0.74585025629913,0.8290799750741213,0.12280701754385964,1.0
Zm00001eb197480,1,0.4,0.4,1.0,0,,15,3,12,1.0089403759698954,1.0089616088505031,1.0,1.0
Zm00001eb197890,1,0.5,0.5,0.4935064935064935,0,,22,9,13,0.34787669746013555,0.5514266024200688,0.4935064935064935,1.0
Zm00001eb198120,2,0.5625,0.5833333333333334,1.0,0,0.9214285714285714,24,9,15,1.6077425695213046,2.3034608448467635,1.0,1.0
Zm00001eb198310,1,0.4090909090909091,0.4090909090909091,0.5324675324675324,0,,22,6,16,0.4532922197512521,0.4616562299387897,0.5324675324675324,1.0
Zm00001eb198430,1,0.5454545454545454,0.5454545454545454,1.0,0,0.5,11,8,3,0.35715309368860065,0.3549253107824782,1.0,1.0
Zm00001eb198450,1,0.8333333333333334,0.8333333333333334,0.4000000000000001,0,,6,3,3,0.06826345292043116,0.08237060768060794,0.4000000000000001,1.0
Zm00001eb198710,1,0.5238095238095238,0.5238095238095238,0.2571428571428572,0,,21,13,8,0.1414816304209407,0.17747881289429004,0.2571428571428572,1.0
Zm00001eb198730,2,0.5769230769230769,0.6153846153846154,0.5594405594405595,0,0.3416666666666667,13,9,4,0.14783825966881223,0.22128980629652523,0.88437370382435,1.0
Zm00001eb198810,1,0.6363636363636364,0.6363636363636364,1.0,0,1.8571428571428572,22,14,8,0.34749457074507945,0.542977082673725,1.0,1.0
Zm00001eb198850,2,0.4318181818181818,0.45454545454545453,0.5227272727272727,0,0.6666666666666666,22,15,7,0.3795247191140762,0.5665092871276953,0.8618180594033991,1.0
Zm00001eb198900,1,0.42857142857142855,0.42857142857142855,1.0,0,1.1428571428571428,14,9,5,1.4519530629100477,1.52675678692937,1.0,1.0
Zm00001eb198910,3,0.4761904761904761,0.6666666666666666,1.0,0,1.4507575757575757,21,16,5,0.6280745098322728,0.6184505506894787,1.0,1.0
Zm00001eb198960,1,0.8,0.8,0.3684210526315789,0,0.2,20,4,16,0.4990865092983284,0.4657353917606933,0.3684210526315789,1.0
Zm00001eb199160,3,0.5217391304347826,0.6956521739130435,1.0,0,1.1488095238095237,23,18,5,0.4967715052261831,0.6875849776168358,1.0,1.0
Zm00001eb199330,3,0.5079365079365079,0.5714285714285714,1.0,0,1.0648148148148149,21,13,8,0.2877997781002845,0.7615842608339882,1.0,1.0
Zm00001eb199360,3,0.5555555555555555,0.6666666666666666,0.5975232198142415,0,1.572727272727273,21,5,16,0.4992630152514776,0.47049969880559145,0.9844524486136449,1.0
Zm00001eb199410,2,0.5625,0.7083333333333334,0.5072463768115942,0,1.6041666666666665,24,17,7,0.2588770913336144,0.30230548659728046,0.8515441378083275,1.0
Zm00001eb199500,1,0.5,0.5,1.0,0,1.0,18,9,9,0.5793474207894815,0.7387674200239003,1.0,1.0
Zm00001eb199540,1,0.5625,0.5625,1.0,0,1.1666666666666667,16,10,6,0.30097001572937937,0.3322469178967784,1.0,1.0
Zm00001eb199560,1,0.6666666666666666,0.6666666666666666,1.0,0,0.6666666666666666,15,4,11,0.2247473632601392,0.24236912710192732,1.0,1.0
Zm00001eb199570,1,0.7777777777777778,0.7777777777777778,0.04911387631975867,1,0.08888888888888889,18,7,11,0.5394473739636606,0.7457601483532305,0.04911387631975867,1.0
Zm00001eb199660,1,0.7692307692307693,0.7692307692307693,0.06993006993006992,0,,13,7,6,0.6926001310330832,0.8804380953429674,0.06993006993006992,1.0
Zm00001eb199730,1,0.631578947368421,0.631578947368421,1.0,0,0.5454545454545454,19,7,12,0.26402408269840744,0.31487118499998534,1.0,1.0
Zm00001eb199940,1,0.45454545454545453,0.45454545454545453,0.5151515151515151,0,,22,14,8,0.695931465976535,0.8171168966689576,0.5151515151515151,1.0
Zm00001eb199960,3,0.5072463768115941,0.6956521739130435,0.5900621118012421,0,2.291666666666667,23,19,4,0.3237206970327768,0.3298927022882225,0.9834388735545141,1.0
Zm00001eb200010,2,0.5454545454545454,0.5909090909090909,1.0,0,1.095959595959596,22,9,13,0.17464156389211719,0.22316644411532316,1.0,1.0
Zm00001eb200080,1,0.5909090909090909,0.5909090909090909,0.1206492166244488,0,,22,6,16,0.19276491320910735,0.19673784609834505,0.1206492166244488,1.0
Zm00001eb200140,1,0.4782608695652174,0.4782608695652174,0.5256916996047432,0,,23,20,3,0.8314485298663925,0.5875069954668677,0.5256916996047432,1.0
Zm00001eb200150,1,0.5,0.5,1.0,0,0.6,22,8,14,0.09692721869092867,0.13932968319907257,1.0,1.0
Zm00001eb200260,5,0.575,0.625,1.0,0,1.9333333333333331,8,5,3,0.5919577997364471,0.7647668240027132,1.0,1.0
Zm00001eb200370,1,0.5263157894736842,0.5263157894736842,1.0,0,0.6666666666666666,19,14,5,0.8199492328976262,0.9772417751915401,1.0,1.0
Zm00001eb200500,3,0.3333333333333333,0.3333333333333333,1.0,0,,15,3,12,1.290512670711404,1.3712263855502422,1.0,1.0
Zm00001eb200520,1,0.6,0.6,1.0,0,0.4444444444444444,10,5,5,0.9342592087547728,1.1445484992059556,1.0,1.0
Zm00001eb200590,1,0.8636363636363636,0.8636363636363636,0.25974025974025977,0,9.0,22,19,3,0.6680328870210147,0.47044405929101046,0.25974025974025977,1.0
Zm00001eb200700,1,0.55,0.55,0.6026831785345719,0,0.2857142857142857,20,12,8,0.6424320634587685,0.9108711861540721,0.6026831785345719,1.0
Zm00001eb201100,1,0.7368421052631579,0.7368421052631579,0.5304437564499483,0,0.46153846153846156,19,4,15,2.4027887702139505,1.7008828220354257,0.5304437564499483,1.0
Zm00001eb201110,2,0.6,0.6,0.4058585377470827,0,1.4285714285714286,20,9,11,0.28317934530084565,0.34998591603435064,0.617185722050437,1.0
Zm00001eb201220,1,0.6875,0.6875,0.5467032967032966,0,0.3333333333333333,16,11,5,0.0638223447229168,0.07479507653480594,0.5467032967032966,1.0
Zm00001eb201330,2,0.4411764705882353,0.47058823529411764,1.0,0,0.5,17,5,12,0.2637019252426053,0.26837997406998676,1.0,1.0
Zm00001eb201350,1,0.6,0.6,1.0,0,0.5714285714285714,15,9,6,1.0565025165356494,1.2305788311185575,1.0,1.0
Zm00001eb201450,4,0.5875,0.8,0.03070175438596491,1,1.638095238095238,20,7,13,1.0331729853122278,1.9546596727213297,0.32933038149776456,1.0
Zm00001eb201580,2,0.65625,0.6875,0.2615384615384616,0,4.5625,16,9,7,0.25122116778139125,0.3058286711127467,0.31508655970808125,1.0
Zm00001eb201880,1,0.6363636363636364,0.6363636363636364,0.21428571428571433,0,,22,11,11,0.5267608788853863,0.6890201205129162,0.21428571428571433,1.0
Zm00001eb201920,1,0.8235294117647058,0.8235294117647058,0.33088235294117646,0,0.15384615384615385,17,14,3,0.4565912072158742,0.35271183664905736,0.33088235294117646,1.0
Zm00001eb202020,1,0.55,0.55,0.6699214098594904,0,1.6666666666666667,20,8,12,0.7469130309654916,0.9757046761276164,0.6699214098594904,1.0
Zm00001eb202040,1,0.3888888888888889,0.3888888888888889,1.0,0,,18,5,13,0.2473516413388684,0.2581776959500503,1.0,1.0
Zm00001eb202120,1,0.47368421052631576,0.47368421052631576,1.0,0,0.5,19,4,15,0.19206371037216466,0.18105117103609752,1.0,1.0
Zm00001eb202140,1,0.75,0.75,0.44736842105263164,0,3.5,20,15,5,0.14849443689592573,0.1635171522897896,0.44736842105263164,1.0
Zm00001eb202240,1,0.8421052631578947,0.8421052631578947,0.09700722394220847,0,14.0,19,3,16,0.9918200192405886,0.8800253748681754,0.09700722394220847,1.0
Zm00001eb202350,2,0.8,0.8,0.4035087719298246,0,3.75,20,3,17,0.47162293150808166,0.5056184168654531,0.4583549895093607,1.0
Zm00001eb202360,1,0.42105263157894735,0.42105263157894735,0.5304437564499483,0,,19,14,5,0.36606946477351543,0.48768562790515546,0.5304437564499483,1.0
Zm00001eb202650,1,0.5333333333333333,0.5333333333333333,0.4857142857142857,0,,15,6,9,0.8269803143492759,0.9157389042340792,0.4857142857142857,1.0
Zm00001eb202690,4,0.5735294117647058,0.6470588235294118,0.10294117647058824,0,0.7777777777777777,17,7,10,0.27663064152626227,0.35467314318450915,0.6927020293875072,1.0
Zm00001eb202760,2,0.6666666666666666,0.6666666666666666,0.09022556390977444,0,,21,11,10,0.26868795625201064,0.31124006746279537,0.04730439447051395,1.0
Zm00001eb202830,2,0.5833333333333333,0.6666666666666666,0.34405300581771164,0,0.5166666666666666,18,6,12,0.43700200681577844,0.49447553111088965,0.7111436449799753,1.0
Zm00001eb202910,2,0.5294117647058824,0.7058823529411765,1.0,0,0.5454545454545454,17,4,13,0.7133495567949366,0.7750619876766797,1.0,1.0
Zm00001eb202960,1,0.4583333333333333,0.4583333333333333,1.0,0,0.5,24,9,15,0.23708290954464928,0.3033264884130229,1.0,1.0
Zm00001eb203140,1,0.5555555555555556,0.5555555555555556,0.5000000000000001,0,,9,3,6,0.53866632295055,0.7171505570543619,0.5000000000000001,1.0
Zm00001eb203960,1,0.7058823529411765,0.7058823529411765,1.0,0,0.5454545454545454,17,14,3,0.10946559188930882,0.12191716037207564,1.0,1.0
Zm00001eb204000,1,0.5625,0.5625,1.0,0,2.3333333333333335,16,13,3,0.8650785656011947,1.3501224742416487,1.0,1.0
Zm00001eb204020,4,0.6770833333333334,0.7916666666666666,0.02766798418972332,1,0.6033428300094967,24,8,16,0.5054447805628245,1.7731812090563148,0.0852812470756918,1.0
Zm00001eb204030,1,0.25,0.25,1.0,0,,24,4,20,0.4593134708307585,0.37936974881151514,1.0,1.0
Zm00001eb204190,1,0.5555555555555556,0.5555555555555556,1.0,0,1.2857142857142858,18,8,10,0.2707177363623111,0.3344766941437009,1.0,1.0
Zm00001eb204320,6,0.5964912280701754,0.6842105263157895,0.18091609113280943,0,1.3473809523809526,19,11,8,0.5865937369583426,0.831274978740065,0.816574356480166,1.0
Zm00001eb204570,1,0.6842105263157895,0.6842105263157895,0.08668730650154799,0,,19,10,9,0.1696039802244698,0.19903989196868846,0.08668730650154799,1.0
Zm00001eb204620,4,0.625,0.75,0.0625,0,2.5083333333333333,16,7,9,1.652805360999802,1.7009834344170458,0.37036787487528444,1.0
Zm00001eb204850,1,0.75,0.75,0.4545454545454546,0,4.0,12,3,9,0.30444076196811065,0.5276245512085534,0.4545454545454546,1.0
Zm00001eb204950,1,0.42857142857142855,0.42857142857142855,1.0,0,1.0,21,7,14,0.42868359207431006,0.47073993230552885,1.0,1.0
Zm00001eb204990,2,0.525,0.6,1.0,0,0.6753246753246753,20,8,12,0.3262646205109009,0.47635631820764235,1.0,1.0
Zm00001eb205010,2,0.5952380952380952,0.6190476190476191,0.31077694235588976,0,3.8214285714285716,21,10,11,0.13155777447544897,0.15627426241736328,0.49252530797003646,1.0
Zm00001eb205090,3,0.5507246376811593,0.5652173913043478,0.6692690806299637,0,1.3666666666666665,23,9,14,0.9834366181364125,1.1203505210868965,0.9544314123071879,1.0
Zm00001eb205110,1,0.5882352941176471,0.5882352941176471,1.0,0,0.625,17,4,13,1.3171291398376486,1.8208611064258124,1.0,1.0
Zm00001eb205190,2,0.5,0.5,0.49673202614379086,0,,18,11,7,0.2343045956749659,0.28126237463755327,0.5920367089981513,1.0
Zm00001eb205470,1,0.47619047619047616,0.47619047619047616,1.0,0,1.3333333333333333,21,15,6,0.1980176082670941,0.2272980782278809,1.0,1.0
Zm00001eb205480,3,0.7000000000000001,0.8,0.03070175438596491,1,2.03125,20,7,13,0.600808359117599,0.8155231859031196,0.020257592505340077,1.0
Zm00001eb205490,1,0.7142857142857143,0.7142857142857143,0.06315789473684211,0,,21,9,12,0.5288091808560802,0.6228106250205833,0.06315789473684211,1.0
Zm00001eb205600,1,0.5555555555555556,0.5555555555555556,1.0,0,1.0666666666666667,18,11,7,0.46701258889415825,0.5686190757680925,1.0,1.0
Zm00001eb205610,1,0.55,0.55,1.0,0,1.0,20,8,12,0.3195572377941912,0.41693687279685293,1.0,1.0
Zm00001eb205760,1,0.5454545454545454,0.5454545454545454,0.6461742591773552,0,2.0,22,16,6,0.4216553126894073,0.4600651450239167,0.6461742591773552,1.0
Zm00001eb205770,1,0.65,0.65,1.0,0,0.5,20,13,7,0.23136683015233928,0.27547874031367253,1.0,1.0
Zm00001eb205780,2,0.5,0.5238095238095238,0.6064671482628139,0,2.6055555555555556,21,13,8,0.14727953618240022,0.15987579491667392,0.9097642305186973,1.0
Zm00001eb205840,3,0.5925925925925926,0.7222222222222222,0.4901960784313726,0,0.5388888888888889,18,13,5,0.4547418977684724,0.511410835599226,0.8678074036796579,1.0
Zm00001eb205910,2,0.6176470588235294,0.6470588235294118,1.0,0,1.375,17,6,11,0.7545196580176645,0.979996364094408,1.0,1.0
Zm00001eb205920,3,0.49275362318840576,0.7391304347826086,0.5392433653303219,0,0.5,23,18,5,0.47269344874679226,0.5763986532167364,0.8742420561962497,1.0
Zm00001eb205930,1,0.5714285714285714,0.5714285714285714,0.3998624011007913,0,0.3888888888888889,21,8,13,0.379962766232312,0.47446550174773233,0.3998624011007913,1.0
Zm00001eb205960,1,0.9130434782608695,0.9130434782608695,0.0344438170525127,1,38.0,23,3,20,0.4989357326977862,0.3905098756191344,0.0344438170525127,1.0
Zm00001eb206050,1,0.5333333333333333,0.5333333333333333,1.0,0,1.3333333333333333,15,7,8,0.7960803868612613,1.010113753144594,1.0,1.0
Zm00001eb206070,1,0.8125,0.8125,0.3500000000000001,0,6.0,16,13,3,0.26810332031234824,0.2945849030135977,0.3500000000000001,1.0
Zm00001eb206090,1,0.7058823529411765,0.7058823529411765,0.15441176470588233,0,,17,10,7,1.7973835517526964,2.135226316538121,0.15441176470588233,1.0
Zm00001eb206150,1,0.5555555555555556,0.5555555555555556,1.0,0,0.5,9,3,6,0.9389471147105992,1.2856224836138677,1.0,1.0
Zm00001eb206220,1,0.65,0.65,0.15712074303405574,0,6.666666666666667,20,6,14,0.26465814902793766,0.32933525177094847,0.15712074303405574,1.0
Zm00001eb206330,5,0.4,0.5217391304347826,0.5392433653303218,0,1.4246031746031744,23,6,17,0.6314325125493625,0.6256848915197718,0.995807571739592,1.0
Zm00001eb206370,1,0.6666666666666666,0.6666666666666666,0.5580808080808082,0,3.75,12,7,5,0.3325023508831882,0.44142011389764163,0.5580808080808082,1.0
Zm00001eb206380,1,0.5,0.5,1.0,0,0.5714285714285714,18,15,3,0.2648431199340162,0.23151692056978712,1.0,1.0
Zm00001eb206400,2,0.35,0.35,1.0,0,,20,5,15,0.30619542775972597,0.3369603796374608,1.0,1.0
Zm00001eb206440,1,0.8,0.8,0.37142857142857144,0,5.5,15,3,12,0.8413742961406233,0.932483865710818,0.37142857142857144,1.0
Zm00001eb206480,2,0.6052631578947368,0.9473684210526315,0.01754385964912281,1,,19,3,16,1.3978200271609564,1.230870827215452,0.08847458364622016,1.0
Zm00001eb206510,4,0.6944444444444444,0.8333333333333334,0.044117647058823525,1,1.8402777777777777,18,14,4,1.19641624966114,1.4192245439036777,0.3026359999883053,1.0
Zm00001eb206520,2,0.7,0.7333333333333333,0.24175824175824176,0,3.75,15,3,12,0.2316729234765753,0.2172728647523149,0.5850107161482171,1.0
Zm00001eb206660,1,0.5217391304347826,0.5217391304347826,1.0,0,1.1111111111111112,23,19,4,0.6605525337122123,0.6003186517601922,1.0,1.0
Zm00001eb206670,1,0.55,0.55,0.6424148606811146,0,0.4666666666666667,20,12,8,0.7635385299096422,0.9940544061051378,0.6424148606811146,1.0
Zm00001eb206740,1,0.6818181818181818,0.6818181818181818,0.18699690402476785,0,0.24,22,8,14,0.13318406447839679,0.16280168605899725,0.18699690402476785,1.0
Zm00001eb206750,1,0.6363636363636364,0.6363636363636364,0.37616099071207426,0,2.6666666666666665,22,15,7,0.9865361730168378,1.1037693934048873,0.37616099071207426,1.0
Zm00001eb206790,2,0.4782608695652174,0.6086956521739131,0.3707093821510297,0,1.8952380952380952,23,6,17,0.5251750107367485,0.5576577530040577,0.7385779663566119,1.0
Zm00001eb206870,4,0.5476190476190476,0.5714285714285714,0.5047619047619049,0,1.6666666666666667,21,8,13,0.24446036460789097,0.3217968523808153,0.9322837573016098,1.0
Zm00001eb206900,4,0.5729166666666666,0.75,0.5440429136081311,0,0.9656862745098038,24,4,20,0.15994771380757516,0.14272386489570935,0.9964664806506207,1.0
Zm00001eb206940,1,0.5416666666666666,0.5416666666666666,0.13001872269606826,0,,24,17,7,0.6255979307971158,0.6792892458364256,0.13001872269606826,1.0
Zm00001eb207010,4,0.6166666666666667,0.8,0.15384615384615383,0,5.666666666666667,15,3,12,0.47529129639232565,0.5062257890969127,0.5821903073520712,1.0
Zm00001eb207120,3,0.6527777777777778,0.7916666666666666,0.14328063241106717,0,5.55,24,18,6,0.3995937945636499,0.41337083352706716,0.20457325993867265,1.0
Zm00001eb207280,1,0.3333333333333333,0.3333333333333333,1.0,0,,24,4,20,1.2418271403342052,1.0500591255922123,1.0,1.0
Zm00001eb207290,2,0.75,0.875,0.036231884057971016,1,0.6923076923076923,24,19,5,0.4741223498144505,0.4515436307983092,0.1564426004609821,1.0
Zm00001eb207310,1,0.625,0.625,0.3002070393374741,0,4.5,24,4,20,2.0763445059435415,1.687576906569101,0.3002070393374741,1.0
Zm00001eb207370,2,0.47916666666666663,0.5,1.0,0,1.4363636363636365,24,6,18,0.4008440572134499,0.4877303934070131,1.0,1.0
Zm00001eb207390,1,0.5294117647058824,0.5294117647058824,0.4852941176470589,0,,17,7,10,0.12299338903990431,0.15401004460838488,0.4852941176470589,1.0
Zm00001eb207420,1,0.75,0.75,0.48571428571428565,0,9.0,8,4,4,0.5132413659521265,0.6672372392849982,0.48571428571428565,1.0
Zm00001eb207430,2,0.5652173913043478,0.6956521739130435,0.161639276055752,0,0.20833333333333334,23,17,6,0.3772079921713028,0.39662461433299245,0.29983834498099865,1.0
Zm00001eb207450,1,0.6666666666666666,0.6666666666666666,1.0,0,0.7692307692307693,21,18,3,0.6176875860967028,0.5169242942963658,1.0,1.0
Zm00001eb207540,1,0.5625,0.5625,1.0,0,1.8,16,8,8,0.1927701407255588,0.24736829250156786,1.0,1.0
Zm00001eb207640,1,0.7391304347826086,0.7391304347826086,0.05616808820470148,0,0.09615384615384616,23,9,14,0.5634872199107633,0.6801666675847532,0.05616808820470148,1.0
Zm00001eb207670,2,0.4666666666666667,0.5333333333333333,0.6043956043956041,0,0.6444444444444444,15,4,11,0.7324542991073127,0.7977933438311251,0.9087246996773719,1.0
Zm00001eb207690,1,0.45454545454545453,0.45454545454545453,1.0,0,0.8333333333333334,22,8,14,0.4511837871214548,0.4934557581613788,1.0,1.0
Zm00001eb207720,3,0.4920634920634921,0.5238095238095238,1.0,0,0.7857142857142857,21,8,13,0.33971093287094345,0.4431458137194999,1.0,1.0
Zm00001eb207790,1,0.65,0.65,1.0,0,0.8333333333333334,20,3,17,0.5779647702796018,0.5608341885788203,1.0,1.0
Zm00001eb207920,1,0.2727272727272727,0.2727272727272727,1.0,0,,22,18,4,0.4344159968691024,0.4792562320997738,1.0,1.0
Zm00001eb207970,6,0.5873015873015873,0.7142857142857143,0.08049535603715172,0,1.9112121212121214,21,8,13,1.5419181381578786,2.4620258677149818,0.5836749587696062,1.0
Zm00001eb208010,2,0.5454545454545454,0.5909090909090909,0.5714285714285714,0,1.8035714285714286,22,12,10,0.08776982169839687,0.112809260755537,0.8912090216773844,1.0
Zm00001eb208030,1,0.6956521739130435,0.6956521739130435,0.31849386311628874,0,0.3076923076923077,23,6,17,0.17140442242371978,0.16655537711116422,0.31849386311628874,1.0
Zm00001eb208060,1,0.47368421052631576,0.47368421052631576,0.5170278637770898,0,,19,13,6,0.2383567597833316,0.31188104864202204,0.5170278637770898,1.0
Zm00001eb208150,3,0.638888888888889,0.7083333333333334,0.1907114624505929,0,2.322222222222222,24,7,17,0.7860964658312017,0.9340976173240833,0.609039273487292,1.0
Zm00001eb208200,1,0.5217391304347826,0.5217391304347826,0.6036137775268209,0,2.7,23,10,13,0.9108615291633221,1.1196434901581613,0.6036137775268209,1.0
Zm00001eb208320,2,0.41304347826086957,0.43478260869565216,1.0,0,0.8392857142857143,23,3,20,0.4733855423661646,0.3859747236347907,1.0,1.0
Zm00001eb208380,2,0.6956521739130435,0.6956521739130435,0.5756188891200332,0,1.7916666666666667,23,5,18,1.0833621245936953,1.6597699872213696,0.8935386631146589,1.0
Zm00001eb208430,3,0.48484848484848486,0.5454545454545454,1.0,0,0.937037037037037,22,16,6,0.2028324705062742,0.24743306188099878,1.0,1.0
Zm00001eb208480,2,0.41666666666666663,0.4583333333333333,0.6310935441370225,0,1.5166666666666666,24,19,5,1.262511841742959,1.2723859769700703,0.9215866471840295,1.0
Zm00001eb208580,6,0.5952380952380952,0.6190476190476191,0.36145510835913314,0,1.0504298941798942,21,10,11,0.24147127063738522,0.3199394037934935,0.7523787739965736,1.0
Zm00001eb208700,1,0.6818181818181818,0.6818181818181818,1.0,0,1.4,22,3,19,1.1032349515159203,1.4968864526236738,1.0,1.0
Zm00001eb208710,3,0.5555555555555555,0.5714285714285714,0.6064671482628141,0,2.103703703703704,21,8,13,0.2627179394260978,0.5159283627362972,0.8589665439475125,1.0
Zm00001eb208790,2,0.625,0.8333333333333334,0.3115942028985507,0,0.8866396761133604,24,4,20,0.39635943166794735,0.34821885110686,0.674929735412584,1.0
Zm00001eb208820,2,0.6904761904761905,0.7142857142857143,0.04511278195488722,1,0.5714285714285714,21,16,5,0.3437581947842534,0.3535037252915323,0.18489878160873832,1.0
Zm00001eb208840,1,0.5833333333333334,0.5833333333333334,0.06636155606407322,0,,24,8,16,0.37277319278058535,0.3782812054844542,0.06636155606407322,1.0
Zm00001eb208880,1,0.6,0.6,0.37422600619195046,0,2.9166666666666665,20,13,7,0.41760627542710926,0.4634091608848879,0.37422600619195046,1.0
Zm00001eb208900,1,0.6818181818181818,0.6818181818181818,0.5272727272727273,0,4.333333333333333,22,8,14,0.4055531641465972,0.618976548095218,0.5272727272727273,1.0
Zm00001eb208910,1,0.5,0.5,1.0,0,1.8181818181818181,24,13,11,0.53173324696517,0.6144661983445399,1.0,1.0
Zm00001eb208940,1,0.6086956521739131,0.6086956521739131,0.058179044449067324,0,,23,15,8,0.2289397587616903,0.2831180241394045,0.058179044449067324,1.0
Zm00001eb209030,1,0.5,0.5,0.6146245059288538,0,2.4545454545454546,24,4,20,0.4213472470434461,0.3723281366090844,0.6146245059288538,1.0
Zm00001eb209040,2,0.6041666666666666,0.7916666666666666,0.3804347826086956,0,0.3819444444444444,24,19,5,0.4436973307890309,0.4584809933975222,0.7481023700498579,1.0
Zm00001eb209070,1,0.6190476190476191,0.6190476190476191,1.0,0,1.4666666666666666,21,7,14,0.43017866548896483,0.5755362208072043,1.0,1.0
Zm00001eb209140,2,0.375,0.45,1.0,0,0.7142857142857143,20,3,17,0.7958179578625385,0.6586597882757197,1.0,1.0
Zm00001eb209150,1,0.7,0.7,0.14086687306501547,0,0.1111111111111111,20,10,10,0.3191321700356937,0.4216933172963008,0.14086687306501547,1.0
Zm00001eb209200,3,0.47826086956521746,0.782608695652174,0.4528514963297571,0,2.8333333333333335,23,4,19,0.5585048567038217,0.5750502048301475,0.9536936328473851,1.0
Zm00001eb209210,2,0.41666666666666663,0.4583333333333333,0.6286665279800291,0,0.4,24,17,7,0.38702591030883754,0.4145205141348669,0.9204648159632153,1.0
Zm00001eb209220,4,0.625,0.7916666666666666,0.05928853754940711,0,0.24611111111111109,24,17,7,0.38751260803347437,0.3868504066756675,0.34289786158167235,1.0
Zm00001eb209230,4,0.5869565217391304,0.7391304347826086,0.20948616600790512,0,0.16666666666666666,23,20,3,0.21870634570718347,0.1436159651219205,0.3617492660486683,1.0
Zm00001eb209240,1,0.34782608695652173,0.34782608695652173,1.0,0,,23,18,5,0.7014039723975958,0.6819518257442102,1.0,1.0
Zm00001eb209360,1,0.47619047619047616,0.47619047619047616,0.6243550051599587,0,0.4166666666666667,21,7,14,0.3667797424893366,0.45085920011166436,0.6243550051599587,1.0
Zm00001eb209390,2,0.38095238095238093,0.38095238095238093,1.0,0,,21,6,15,0.3560692335321309,0.36608176955212246,1.0,1.0
Zm00001eb209440,2,0.6304347826086957,0.6521739130434783,0.4003230582850989,0,0.4083333333333333,23,8,15,0.3300934536461982,0.3610531531084574,0.5948444588965874,1.0
Zm00001eb209480,7,0.564935064935065,0.6363636363636364,0.29323308270676696,0,2.035714285714286,22,12,10,0.1476591333420672,0.21315989817182388,0.944864896140119,1.0
Zm00001eb209490,4,0.5625,0.7083333333333334,0.272068511198946,0,0.7172364672364674,24,4,20,0.31953652702516705,0.45818073761788075,0.9567345757271951,1.0
Zm00001eb209550,2,0.45454545454545453,0.6363636363636364,0.6019138755980862,0,0.5,22,4,18,0.15340426161072684,0.1463019642142936,0.9074699817630031,1.0
Zm00001eb209570,1,0.47058823529411764,0.47058823529411764,1.0,0,1.0714285714285714,17,12,5,1.0891908096293197,1.2969569786052533,1.0,1.0
Zm00001eb209780,2,0.5789473684210527,0.5789473684210527,0.628482972136223,0,2.3333333333333335,19,6,13,0.18383850468210572,0.21204350881953832,0.7618949553307219,1.0
Zm00001eb210000,2,0.6666666666666667,0.7222222222222222,0.26820728291316526,0,3.0,18,12,6,0.41405891360249475,0.546514568459554,0.6211667674190005,1.0
Zm00001eb210440,1,0.5833333333333334,0.5833333333333334,1.0,0,1.6666666666666667,12,8,4,0.37611367761094794,0.5048749586186108,1.0,1.0
Zm00001eb210460,1,0.6111111111111112,0.6111111111111112,1.0,0,0.5555555555555556,18,14,4,0.6365025136923884,0.9457206903157395,1.0,1.0
Zm00001eb210490,1,0.7368421052631579,0.7368421052631579,0.5304437564499483,0,2.1666666666666665,19,4,15,1.7288234692982563,1.780493232884751,0.5304437564499483,1.0
Zm00001eb210540,1,0.3888888888888889,0.3888888888888889,1.0,0,,18,14,4,1.2364077170131453,1.2453686394588377,1.0,1.0
Zm00001eb210570,1,0.6666666666666666,0.6666666666666666,0.5686274509803921,0,2.5,18,6,12,0.3283254279477109,0.3524712296505088,0.5686274509803921,1.0
Zm00001eb210600,1,0.7,0.7,1.0,0,1.625,20,3,17,0.8810919126172813,0.718755638113866,1.0,1.0
Zm00001eb210610,1,0.6190476190476191,0.6190476190476191,0.5533834586466165,0,3.142857142857143,21,9,12,0.32985063487635263,0.4234597582711672,0.5533834586466165,1.0
Zm00001eb210630,1,0.6470588235294118,0.6470588235294118,1.0,0,0.8,17,12,5,0.5117935428951805,0.5950874083560738,1.0,1.0
Zm00001eb210690,1,0.38095238095238093,0.38095238095238093,0.5455304928989139,0,,21,4,17,0.28124563697870897,0.3890423941642196,0.5455304928989139,1.0
Zm00001eb210760,1,0.5,0.5,1.0,0,1.0,14,8,6,0.6356553531231002,0.7634764861864964,1.0,1.0
Zm00001eb210770,1,0.4782608695652174,0.4782608695652174,1.0,0,0.9642857142857143,23,7,16,0.5853628770394228,0.7149188540231811,1.0,1.0
Zm00001eb210780,1,0.5833333333333334,0.5833333333333334,1.0,0,0.6923076923076923,24,14,10,0.5816493775326628,0.7224278117599627,1.0,1.0
Zm00001eb210790,2,0.5681818181818181,0.6363636363636364,0.16486068111455113,0,6.857142857142857,22,7,15,0.13005411642489673,0.15544430141935153,0.17950966263704654,1.0
Zm00001eb210830,3,0.5499999999999999,0.6,0.4789473684210527,0,0.7936507936507936,20,11,9,0.1421746789792835,0.18227153001596816,0.875284560922321,1.0
Zm00001eb210930,2,0.3333333333333333,0.3333333333333333,1.0,0,,21,18,3,0.2786484822803726,0.2099450350901358,1.0,1.0
Zm00001eb210940,5,0.5444444444444445,0.6666666666666666,0.10130718954248365,0,0.75,18,7,11,0.2893648136792686,0.3890189189328582,0.30959303230363167,1.0
Zm00001eb210950,2,0.2826086956521739,0.34782608695652173,1.0,0,,23,20,3,0.9705288329031123,0.59876811755705,1.0,1.0
Zm00001eb211050,1,0.6818181818181818,0.6818181818181818,0.3088782562466773,0,3.6,22,8,14,0.6551753936149959,0.7506351288636471,0.3088782562466773,1.0
Zm00001eb211190,1,0.7142857142857143,0.7142857142857143,0.543859649122807,0,3.25,21,4,17,0.3837336491998092,0.4763984847374914,0.543859649122807,1.0
Zm00001eb211260,1,0.391304347826087,0.391304347826087,1.0,0,1.0769230769230769,23,8,15,0.9342010684529732,1.1120645354865977,1.0,1.0
Zm00001eb211460,3,0.6031746031746031,0.7142857142857143,0.2800137598899209,0,2.762962962962963,21,7,14,0.6349830614182511,0.8030815699513454,0.6237335183244723,1.0
Zm00001eb211470,2,0.6136363636363636,0.6363636363636364,0.29323308270676685,0,3.142857142857143,22,4,18,0.3388467065123402,0.3549974423298878,0.6529677579067081,1.0
Zm00001eb211520,1,0.45454545454545453,0.45454545454545453,1.0,0,1.9090909090909092,22,8,14,0.6850633386109863,0.7905116840974192,1.0,1.0
Zm00001eb211600,2,0.4375,0.5416666666666666,0.35770750988142297,0,2.3333333333333335,24,19,5,0.7177219626024479,0.8381554291103039,0.7254450088575431,1.0
Zm00001eb211620,2,0.5625,0.625,0.6146245059288538,0,2.4545454545454546,24,9,15,0.5404738909089212,0.5761978930690015,0.7574435159803026,1.0
Zm00001eb211640,3,0.7272727272727272,0.8181818181818182,0.08787878787878789,0,10.0,11,7,4,0.6808614893314782,0.8019143279146487,0.22774133110768183,1.0
Zm00001eb211690,2,0.42857142857142855,0.47619047619047616,1.0,0,0.75,21,6,15,0.34508429821926706,0.3886654874609397,1.0,1.0
Zm00001eb211760,1,0.7142857142857143,0.7142857142857143,0.4285714285714286,0,,7,4,3,0.9531324783519535,1.219499901314969,0.4285714285714286,1.0
Zm00001eb211780,1,0.6875,0.6875,1.0,0,0.4,16,11,5,0.2866060630297314,0.3963086989843463,1.0,1.0
Zm00001eb211870,1,0.7272727272727273,0.7272727272727273,0.05454545454545454,0,,22,19,3,0.4537312873393757,0.4541448222844087,0.05454545454545454,1.0
Zm00001eb211900,2,0.42857142857142855,0.42857142857142855,0.5263157894736843,0,,21,18,3,0.7720774320952233,0.7843146691763231,0.6326060311204404,1.0
Zm00001eb211910,1,0.782608695652174,0.782608695652174,0.4528514963297571,0,2.8333333333333335,23,3,20,0.7392332987859471,0.5411088880169698,0.4528514963297571,1.0
Zm00001eb212010,1,0.5,0.5,0.4935064935064935,0,,22,9,13,0.7412947865407205,0.9716618522681341,0.4935064935064935,1.0
Zm00001eb212030,1,0.5555555555555556,0.5555555555555556,1.0,0,0.7142857142857143,18,12,6,0.13490858623841923,0.1531399918739688,1.0,1.0
Zm00001eb212040,2,0.6,0.7,0.5210526315789473,0,2.05,20,14,6,0.22959507429579923,0.24781347741121387,0.860729042002967,1.0
Zm00001eb212060,2,0.7105263157894737,0.7894736842105263,0.21052631578947373,0,0.2857142857142857,19,3,16,0.4119630405977074,0.38998461519917266,0.30396260414379583,1.0
Zm00001eb212130,4,0.6499999999999999,0.6666666666666666,0.32867132867132864,0,1.6200396825396826,15,10,5,0.6483039866712514,0.6870399179950603,0.7091630621576919,1.0
Zm00001eb212150,2,0.5454545454545454,0.5909090909090909,0.6656346749226008,0,0.65,22,13,9,0.4975172070600189,0.5773282782850047,0.9365575029270082,1.0
Zm00001eb212160,1,0.5263157894736842,0.5263157894736842,0.6026831785345717,0,2.625,19,8,11,0.5180086978498015,0.5884727769906023,0.6026831785345717,1.0
Zm00001eb212170,1,0.6190476190476191,0.6190476190476191,0.6310629514963884,0,0.5,21,15,6,0.10587573912471535,0.1641984825315829,0.6310629514963884,1.0
Zm00001eb212180,1,0.8125,0.8125,0.1357142857142857,0,11.0,16,3,13,0.34783444014080184,0.31991175735255056,0.1357142857142857,1.0
Zm00001eb212260,1,0.35294117647058826,0.35294117647058826,1.0,0,,17,3,14,4.262259416722247,2.9166692019010596,1.0,1.0
Zm00001eb212360,4,0.40625,0.4583333333333333,0.6310935441370225,0,1.7567987567987569,24,5,19,0.6491357422467223,0.6608100069359166,0.9987019493068197,1.0
Zm00001eb212400,1,0.6956521739130435,0.6956521739130435,0.525691699604743,0,0.4,23,16,7,0.20959222097586067,0.23730120177184214,0.525691699604743,1.0
Zm00001eb212460,4,0.4204545454545454,0.7727272727272727,0.4701298701298702,0,2.6666666666666665,22,4,18,0.3291704149178381,0.3967095525797808,0.9925490687575578,1.0
Zm00001eb212470,1,0.7272727272727273,0.7272727272727273,0.22727272727272727,0,5.6,22,15,7,0.17590733646488022,0.18415720105215558,0.22727272727272727,1.0
Zm00001eb212550,1,0.75,0.75,0.24871001031991744,0,0.23076923076923078,20,5,15,0.6789256567748165,0.6821296710762828,0.24871001031991744,1.0
Zm00001eb212610,3,0.5303030303030303,0.6363636363636364,0.26315789473684215,0,0.48484848484848486,22,7,15,0.5364639169938259,0.6899180979986613,0.5578996418877669,1.0
Zm00001eb212640,3,0.5362318840579711,0.6521739130434783,0.525691699604743,0,1.342857142857143,23,15,8,0.13690270056804166,0.16787522758713028,0.9724196764651625,1.0
Zm00001eb212700,1,0.75,0.75,0.5212450592885375,0,0.47058823529411764,24,3,21,0.235332411260062,0.21172192998757788,0.5212450592885375,1.0
Zm00001eb212710,2,0.375,0.4583333333333333,1.0,0,0.6666666666666666,24,21,3,0.8987102192671186,0.6678542796698552,1.0,1.0
Zm00001eb212720,1,0.6521739130434783,0.6521739130434783,0.17786561264822137,0,,23,10,13,0.3096094656173283,0.3643594639597258,0.17786561264822137,1.0
Zm00001eb212770,1,0.4,0.4,1.0,0,,20,6,14,0.5570752907524855,0.6314355271250719,1.0,1.0
Zm00001eb212930,8,0.6029411764705883,0.7058823529411765,0.28005817711700065,0,1.2681051587301586,17,11,6,0.21396188211316164,0.2541782638533389,0.9968432100891362,1.0
Zm00001eb212940,2,0.5238095238095237,0.6666666666666666,0.5975232198142414,0,1.625,21,15,6,0.4947176812297751,0.6095446198771689,0.9052250523942098,1.0
Zm00001eb212950,1,0.6842105263157895,0.6842105263157895,0.1698023338890212,0,0.19047619047619047,19,8,11,0.17492703816141408,0.20913125501557722,0.1698023338890212,1.0
Zm00001eb212960,1,0.7368421052631579,0.7368421052631579,0.05727554179566564,0,12.0,19,12,7,0.1594541014050653,0.20502034145155315,0.05727554179566564,1.0
Zm00001eb212980,1,0.6666666666666666,0.6666666666666666,0.5604395604395604,0,0.375,15,10,5,0.7453435115471658,0.8913994169927436,0.5604395604395604,1.0
Zm00001eb213020,1,0.47619047619047616,0.47619047619047616,0.5047619047619047,0,,21,13,8,0.373004053135466,0.4519722012067074,0.5047619047619047,1.0
Zm00001eb213080,1,0.36363636363636365,0.36363636363636365,1.0,0,,22,17,5,0.14598755819923467,0.1677893827286519,1.0,1.0
Zm00001eb213110,1,0.6956521739130435,0.6956521739130435,0.26007905138339915,0,0.15384615384615385,23,4,19,0.9138120364155589,0.7269384572520821,0.26007905138339915,1.0
Zm00001eb213150,1,0.5882352941176471,0.5882352941176471,1.0,0,1.3333333333333333,17,11,6,0.21806667012832695,0.27377178787330136,1.0,1.0
Zm00001eb213170,3,0.6349206349206349,0.8571428571428571,0.2714285714285714,0,6.25,21,3,18,0.6957562585279443,0.7314313506400348,0.6080677509024632,1.0
Zm00001eb213180,7,0.5238095238095238,0.6666666666666666,0.4120339211199354,0,1.0114285714285713,24,8,16,0.6769378414584244,0.8219744272125666,0.9936411642575322,1.0
Zm00001eb213230,1,0.5833333333333334,0.5833333333333334,1.0,0,0.6666666666666666,12,5,7,1.177686584124025,1.446302383556828,1.0,1.0
Zm00001eb213240,1,0.42857142857142855,0.42857142857142855,1.0,0,0.875,14,3,11,1.0959516416011978,1.142035754565029,1.0,1.0
Zm00001eb213260,2,0.6086956521739131,0.8260869565217391,0.05928853754940711,0,,23,17,6,0.3588275191102447,0.3535079615020289,0.14204461795346904,1.0
Zm00001eb213420,1,0.5416666666666666,0.5416666666666666,0.5962732919254659,0,3.0,24,11,13,0.4358900889330997,0.7443417360526338,0.5962732919254659,1.0
Zm00001eb213430,1,0.6521739130434783,0.6521739130434783,0.22129492529277153,0,0.3,23,8,15,0.6276355950224931,0.7321202473290217,0.22129492529277153,1.0
Zm00001eb213550,1,0.8571428571428571,0.8571428571428571,0.07969924812030076,0,16.0,21,17,4,0.5274934706200948,0.43442564968212477,0.07969924812030076,1.0
Zm00001eb213570,2,0.2857142857142857,0.2857142857142857,1.0,0,,21,4,17,0.4858037288735278,0.4008834122211129,1.0,1.0
Zm00001eb213630,1,0.3157894736842105,0.3157894736842105,1.0,0,,19,15,4,0.18631676111946388,0.18096151849163958,1.0,1.0
Zm00001eb213670,3,0.7101449275362318,0.7391304347826086,0.13098952915886555,0,0.4163614163614164,23,17,6,0.11124832654542172,0.1293108332860123,0.522214985503773,1.0
Zm00001eb213720,1,0.7368421052631579,0.7368421052631579,0.5304437564499483,0,2.1666666666666665,19,15,4,0.7338245889630854,0.6505646778763409,0.5304437564499483,1.0
Zm00001eb213760,1,0.5714285714285714,0.5714285714285714,1.0,0,0.7272727272727273,21,12,9,0.31460881725584416,0.40878363324746236,1.0,1.0
Zm00001eb213770,1,0.5555555555555556,0.5555555555555556,1.0,0,2.2857142857142856,18,9,9,0.6819032444355128,1.1466308489893449,1.0,1.0
Zm00001eb213780,1,0.65,0.65,0.3563467492260062,0,3.0,20,8,12,0.4299528845010103,0.6799879737771414,0.3563467492260062,1.0
Zm00001eb213830,2,0.7608695652173914,0.782608695652174,0.3952569169960474,0,0.36764705882352944,23,5,18,1.6656200496828755,1.7193051023565233,0.5426125919881051,1.0
Zm00001eb213920,5,0.5272727272727273,0.5909090909090909,0.27272727272727265,0,0.9726190476190475,22,14,8,0.7446957388530645,0.7547310276427152,0.8540946682230758,1.0
Zm00001eb213970,1,0.7058823529411765,0.7058823529411765,0.5378151260504201,0,0.3,17,12,5,0.6208071908157283,0.6773556044693484,0.5378151260504201,1.0
Zm00001eb213990,3,0.6363636363636364,0.6818181818181818,1.0,0,1.638888888888889,22,7,15,0.37891378455304126,0.4526666786084893,1.0,1.0
Zm00001eb214080,6,0.5902777777777778,0.75,0.10144927536231883,0,1.2384479717813053,24,16,8,0.5311612480826663,0.622799018741454,0.3910560468335904,1.0
Zm00001eb214210,1,0.7142857142857143,0.7142857142857143,0.0634674922600619,0,0.1,21,11,10,0.25669084147168053,0.33840714469976746,0.0634674922600619,1.0
Zm00001eb214230,3,0.5416666666666666,0.75,0.5212450592885375,0,1.0671191553544495,24,3,21,0.49749273623216367,0.36300610132261546,0.9714881507643598,1.0
Zm00001eb214250,2,0.5476190476190477,0.5714285714285714,1.0,0,1.1875,21,9,12,1.0014953458490226,1.2987654583517192,1.0,1.0
Zm00001eb214260,1,0.625,0.625,0.20992058150491316,0,4.0,24,9,15,0.6729906163301821,0.948783105599268,0.20992058150491316,1.0
Zm00001eb214290,2,0.5333333333333333,0.5333333333333333,1.0,0,0.9166666666666667,15,7,8,0.19726302478571356,0.25874912990034915,1.0,1.0
Zm00001eb214300,1,0.65,0.65,0.18947368421052632,0,,20,11,9,0.46156948318782265,0.5921206452951315,0.18947368421052632,1.0
Zm00001eb214500,4,0.5113636363636364,0.5454545454545454,1.0,0,1.118831168831169,22,10,12,1.2944487346968616,1.4715793247807993,1.0,1.0
Zm00001eb214530,2,0.5,0.5454545454545454,0.25358851674641153,0,,22,8,14,0.6245788830866098,0.7513842123066026,0.39652577016042934,1.0
Zm00001eb214540,1,0.9090909090909091,0.9090909090909091,0.0006215404822215968,1,84.0,22,15,7,0.26778193634748054,0.31871305820451024,0.0006215404822215968,1.0
Zm00001eb214630,1,0.8260869565217391,0.8260869565217391,0.35629587803500845,0,0.2222222222222222,23,3,20,0.1645058483778985,0.1626277923201117,0.35629587803500845,1.0
Zm00001eb214650,2,0.4583333333333333,0.4583333333333333,0.5108695652173914,0,0.5,24,9,15,0.20408890175853658,0.21786544057033114,0.8539904982710016,1.0
Zm00001eb214780,4,0.4375,0.65,0.21052631578947367,0,0.7142857142857143,20,17,3,1.185425832035849,0.8600532387069828,0.8241861961126407,1.0
Zm00001eb214840,2,0.5625,0.5625,1.0,0,0.6904761904761905,16,7,9,0.22309934115715366,0.2505659510430748,1.0,1.0
Zm00001eb214860,2,0.5909090909090908,0.6363636363636364,0.3842105263157895,0,1.96875,22,9,13,0.4711741238606271,0.5385488641791149,0.7517327266520155,1.0
Zm00001eb214900,1,0.5909090909090909,0.5909090909090909,1.0,0,1.1,22,6,16,0.32366018979964584,0.3656218318176541,1.0,1.0
Zm00001eb214910,1,0.7,0.7,0.5210526315789473,0,0.38461538461538464,20,14,6,0.23291530596246557,0.24463769418937908,0.5210526315789473,1.0
Zm00001eb214920,1,0.5217391304347826,0.5217391304347826,1.0,0,1.1,23,11,12,0.20216766874978112,0.24097190136261912,1.0,1.0
Zm00001eb214930,1,0.5238095238095238,0.5238095238095238,1.0,0,1.5,21,11,10,0.12874054802098608,0.16276778483330245,1.0,1.0
Zm00001eb215030,2,0.5714285714285714,0.6190476190476191,1.0,0,1.0,21,14,7,0.9266002972324235,1.1311428939602397,1.0,1.0
Zm00001eb215120,5,0.475,0.5833333333333334,1.0,0,0.7777777777777778,24,20,4,0.9361928848041173,0.7988611469158922,1.0,1.0
Zm00001eb215210,2,0.5714285714285714,0.6428571428571429,1.0,0,0.625,14,10,4,0.5955079072077846,0.5792606926255148,1.0,1.0
Zm00001eb215220,2,0.375,0.4,1.0,0,1.0909090909090908,20,3,17,0.6926418508191092,0.47575269152557514,1.0,1.0
Zm00001eb215310,3,0.543859649122807,0.5789473684210527,0.1279669762641899,0,1.125,19,6,13,0.15702132121668133,0.2058102161217377,0.48980067235975133,1.0
Zm00001eb215370,3,0.6166666666666667,0.75,0.11052631578947368,0,2.946428571428571,20,13,7,0.9247034667940704,2.0754107488603033,0.2884127254295077,1.0
Zm00001eb215380,5,0.6,0.6666666666666666,0.3440530058177117,0,0.5166666666666667,18,12,6,0.3421998154880492,0.44344357695589537,0.7562915122194778,1.0
Zm00001eb215420,1,0.5555555555555556,0.5555555555555556,1.0,0,2.2857142857142856,18,3,15,0.21715514800628022,0.22154559546133704,1.0,1.0
Zm00001eb215440,2,0.65,0.75,0.062332301341589263,0,8.333333333333334,20,13,7,0.34592712995582586,0.4505008641050903,0.0800983006783352,1.0
Zm00001eb215460,2,0.6578947368421053,0.6842105263157895,0.26212590299277605,0,0.3333333333333333,19,15,4,0.9832944873787642,0.9708423869099326,0.4494963336257711,1.0
Zm00001eb215470,3,0.5238095238095238,0.5714285714285714,0.39986240110079113,0,2.182142857142857,21,8,13,0.4622290498023276,0.5517568615809695,0.8480977643889305,1.0
Zm00001eb215510,2,0.6944444444444444,0.7777777777777778,0.01282051282051282,1,,18,11,7,0.4325356525246103,0.4658112660137296,0.011443306137252963,1.0
Zm00001eb215560,2,0.6086956521739131,0.6086956521739131,0.6175220660346517,0,2.357142857142857,23,13,10,0.5926060409719642,0.7134754113852972,0.7489698682109087,1.0
Zm00001eb215660,1,0.5909090909090909,0.5909090909090909,0.3801857585139319,0,3.0,22,14,8,0.8661050175559356,1.0657957741444004,0.3801857585139319,1.0
Zm00001eb215680,2,0.40476190476190477,0.5238095238095238,1.0,0,0.5,21,18,3,0.7442387769600971,0.5538797462462485,1.0,1.0
Zm00001eb215780,1,0.47368421052631576,0.47368421052631576,0.5087719298245613,0,,19,7,12,0.5455407369982715,0.7713789407411968,0.5087719298245613,1.0
Zm00001eb215810,1,0.45454545454545453,0.45454545454545453,1.0,0,0.8,22,7,15,1.0694815760725225,1.107676667231076,1.0,1.0
Zm00001eb216000,2,0.5217391304347826,0.5652173913043478,0.6850181720285368,0,0.6388888888888888,23,10,13,1.3215406860933425,1.9284653597397579,0.9441673367927005,1.0
Zm00001eb216040,1,0.43478260869565216,0.43478260869565216,0.5392433653303219,0,,23,17,6,0.3914085941651138,0.798059283771301,0.5392433653303219,1.0
Zm00001eb216070,1,0.5909090909090909,0.5909090909090909,0.3808049535603715,0,2.857142857142857,22,12,10,0.5536819030799767,0.7576981701484742,0.3808049535603715,1.0
Zm00001eb216120,1,0.4782608695652174,0.4782608695652174,1.0,0,0.9642857142857143,23,10,13,0.3367477112819973,0.4432605728163921,1.0,1.0
Zm00001eb216140,1,0.65,0.65,0.34984520123839014,0,4.0,20,7,13,0.4037054286016962,0.5363497524739981,0.34984520123839014,1.0
Zm00001eb216150,5,0.6153846153846154,0.7692307692307693,0.07536907536907538,0,1.3333333333333333,13,8,5,0.9299234620045188,1.2197956564129673,0.17066788426363697,1.0
Zm00001eb216220,1,0.75,0.75,0.5087719298245614,0,0.42857142857142855,20,17,3,0.40358550836578033,0.43667863079443525,0.5087719298245614,1.0
Zm00001eb216230,1,0.5714285714285714,0.5714285714285714,0.5804195804195803,0,0.3333333333333333,14,6,8,0.35386051847033195,0.4521572109907792,0.5804195804195803,1.0
Zm00001eb216260,2,0.4772727272727273,0.5,0.5151515151515152,0,0.8,22,8,14,0.11491571041566742,0.12363092001209101,0.8568485362416514,1.0
Zm00001eb216290,5,0.6571428571428571,0.8571428571428571,0.14285714285714285,0,0.6666666666666666,7,3,4,0.2796221940519111,0.4227107485268063,0.8487322900782714,1.0
Zm00001eb216410,3,0.4583333333333333,0.5,0.6310935441370225,0,0.7813051146384481,24,16,8,0.1547516430821594,0.19153288721497633,0.9884438062390087,1.0
Zm00001eb216510,2,0.5833333333333334,0.5833333333333334,0.38753533449993266,0,1.2380952380952381,24,8,16,0.210985272436656,0.2906238272329152,0.6081146803485185,1.0
Zm00001eb216520,2,0.5625,0.5833333333333334,0.1907114624505929,0,0.96875,24,9,15,0.2661685230007154,0.3232216733045276,0.39398140144787447,1.0
Zm00001eb216550,1,0.4583333333333333,0.4583333333333333,1.0,0,1.0,24,16,8,0.13947677952629411,0.15211048539157268,1.0,1.0
Zm00001eb216610,3,0.5277777777777778,0.5416666666666666,1.0,0,1.0447180134680136,24,13,11,0.22005902071031633,0.2821921046038322,1.0,1.0
Zm00001eb216620,2,0.6904761904761905,0.8095238095238095,0.007518796992481203,1,0.38446969696969696,21,12,9,0.2313714270522656,0.29909418819916783,0.044288339309938,1.0
Zm00001eb216800,1,0.7222222222222222,0.7222222222222222,0.13122171945701358,0,0.1,18,9,9,0.34655114852722707,0.3928950768893043,0.13122171945701358,1.0
Zm00001eb216920,1,0.5294117647058824,0.5294117647058824,1.0,0,0.5,17,14,3,0.3806282964517543,0.4075951319429929,1.0,1.0
Zm00001eb216960,2,0.6666666666666666,0.6666666666666666,0.5454545454545454,0,0.225,12,6,6,0.7691048851451248,1.0309167586797872,0.6722778300040505,1.0
Zm00001eb216980,1,0.5882352941176471,0.5882352941176471,0.6199095022624435,0,0.4166666666666667,17,11,6,0.666948705403694,0.8635901207852215,0.6199095022624435,1.0
Zm00001eb217120,1,0.43478260869565216,0.43478260869565216,1.0,0,0.75,23,9,14,0.4457864590115084,0.4872843795950543,1.0,1.0
Zm00001eb217170,2,0.47619047619047616,0.47619047619047616,0.2807017543859649,0,0.4,21,15,6,0.7031593529530851,0.687556961857406,0.47964791874198576,1.0
Zm00001eb217190,4,0.5416666666666667,0.7083333333333334,0.5072463768115942,0,1.7333333333333334,24,7,17,0.8644944842061685,1.017828407026407,0.9554633550194176,1.0
Zm00001eb217200,2,0.75,0.8,0.07894736842105263,0,0.38461538461538464,20,14,6,1.1017802394200502,1.2843012036338144,0.1723948467653738,1.0
Zm00001eb217210,3,0.8181818181818182,0.9090909090909091,0.024242424242424242,1,0.1111111111111111,11,7,4,0.7999364644297627,1.1061068871373845,0.032852607886452154,1.0
Zm00001eb217220,1,0.7916666666666666,0.7916666666666666,0.17927724449463583,0,5.666666666666667,24,20,4,0.9143855245884257,0.727463782321962,0.17927724449463583,1.0
Zm00001eb217240,3,0.5942028985507246,0.6086956521739131,0.33935629587803495,0,0.3444444444444444,23,10,13,0.65156744655695,0.9261447748758554,0.65178063131923,1.0
Zm00001eb217290,2,0.5869565217391304,0.7391304347826086,0.071333879921846,0,0.95,23,8,15,1.0203622389992693,1.412765015647194,0.2596827072930896,1.0
Zm00001eb217360,1,0.5,0.5,1.0,0,1.75,18,8,10,0.3398331522481835,0.39741098631776467,1.0,1.0
Zm00001eb217390,1,0.7368421052631579,0.7368421052631579,0.06977851869492735,0,8.166666666666666,19,9,10,0.6720222564517816,0.797520140143719,0.06977851869492735,1.0
Zm00001eb217410,2,0.5526315789473684,0.5789473684210527,1.0,0,0.6041666666666667,19,13,6,0.7614200192838755,0.857097114946134,1.0,1.0
Zm00001eb217420,1,0.47619047619047616,0.47619047619047616,0.6243550051599588,0,0.4166666666666667,21,16,5,1.2796208793294244,1.2712223683813317,0.6243550051599588,1.0
Zm00001eb217440,1,0.5333333333333333,0.5333333333333333,1.0,0,1.3333333333333333,15,7,8,0.4866062925169435,0.6542692977178771,1.0,1.0
Zm00001eb217860,1,0.7083333333333334,0.7083333333333334,0.5072463768115942,0,0.375,24,7,17,0.5587261863701256,0.7015505942188067,0.5072463768115942,1.0
Zm00001eb218000,1,0.5909090909090909,0.5909090909090909,1.0,0,1.1,22,7,15,0.9046689928118589,0.935717587669318,1.0,1.0
Zm00001eb218160,1,0.35,0.35,1.0,0,,20,16,4,2.0301115001360994,1.8614032756659507,1.0,1.0
Zm00001eb218170,2,0.6923076923076923,0.6923076923076923,0.19230769230769235,0,,13,7,6,0.3839258193895011,0.5402088191994935,0.15892445455527973,1.0
Zm00001eb218250,1,0.2727272727272727,0.2727272727272727,1.0,0,,22,4,18,0.9138619351634969,0.756282421478559,1.0,1.0
Zm00001eb218300,2,0.44999999999999996,0.6,1.0,0,1.6666666666666667,20,4,16,0.31256739614363577,0.30945402882734346,1.0,1.0
Zm00001eb218400,7,0.4596273291925466,0.6521739130434783,0.2727272727272727,0,1.613888888888889,23,16,7,0.5236294219234481,0.45146728952803733,0.9879634884004186,1.0
Zm00001eb218410,4,0.5454545454545454,0.5909090909090909,0.4805194805194805,0,0.8354978354978355,22,10,12,0.3019390067618866,0.3775403988552565,0.9576489912753826,1.0
Zm00001eb218430,4,0.5,0.6818181818181818,0.1206492166244488,0,0.7904761904761906,22,6,16,4.922605828419197,3.462729726095285,0.8358237278796943,1.0
Zm00001eb218450,5,0.625,0.7916666666666666,0.07608695652173912,0,1.5128205128205128,24,17,7,0.28525695621679265,0.3337477201778665,0.7859333554448107,1.0
Zm00001eb218460,3,0.43478260869565216,0.6956521739130435,1.0,0,0.6666666666666666,23,3,20,0.4039873500557487,0.3363607609705024,1.0,1.0
Zm00001eb218470,1,0.5714285714285714,0.5714285714285714,1.0,0,0.6,14,8,6,0.4492748659923886,0.5838048616345515,1.0,1.0
Zm00001eb218490,1,0.8571428571428571,0.8571428571428571,0.14285714285714288,0,,7,3,4,0.7845504423328107,0.9438950252889385,0.14285714285714288,1.0
Zm00001eb218510,1,0.5416666666666666,0.5416666666666666,0.48188405797101447,0,,24,11,13,0.1928515417924502,0.23914105862112328,0.48188405797101447,1.0
Zm00001eb218590,3,0.3888888888888889,0.4166666666666667,0.5392433653303217,0,0.7777777777777778,24,20,4,0.5660430073096664,0.4967122770743714,0.8737308993534536,1.0
Zm00001eb218730,1,0.782608695652174,0.782608695652174,0.19367588932806323,0,5.333333333333333,23,4,19,0.5275762782992741,0.42327852329582166,0.19367588932806323,1.0
Zm00001eb218740,1,0.5454545454545454,0.5454545454545454,1.0,0,0.8181818181818182,22,12,10,0.19526487905870138,0.2296959335646274,1.0,1.0
Zm00001eb218750,1,0.9047619047619048,0.9047619047619048,0.041353383458646614,1,34.0,21,18,3,0.8001142315304677,0.7922313150798922,0.041353383458646614,1.0
Zm00001eb218820,2,0.5909090909090909,0.5909090909090909,0.5714285714285714,0,0.36363636363636365,22,10,12,0.6633707797280082,0.8459148715020858,0.691993983957827,1.0
Zm00001eb218850,1,0.5,0.5,0.5054945054945055,0,,14,9,5,0.5467219841996005,0.6467897110081452,0.5054945054945055,1.0
Zm00001eb218860,2,0.7291666666666666,0.7916666666666666,0.43675889328063233,0,0.7916666666666666,24,21,3,0.837490371959183,0.6695766766262305,0.7985585906662183,1.0
Zm00001eb218880,1,0.5789473684210527,0.5789473684210527,0.33780529755761957,0,0.25,19,14,5,0.3249854248180927,0.5383587637827674,0.33780529755761957,1.0
Zm00001eb218890,1,0.625,0.625,1.0,0,1.7777777777777777,16,5,11,0.2970053515072081,0.32548798909351057,1.0,1.0
Zm00001eb219040,2,0.782608695652174,0.782608695652174,0.3952569169960474,0,4.25,23,5,18,0.7523287648443278,0.9310307079906814,0.44625577738737676,1.0
Zm00001eb219200,2,0.5882352941176471,0.5882352941176471,0.622069107363225,0,0.95,17,7,10,0.4471886552668761,0.5892133427223767,0.9173678552297124,1.0
Zm00001eb219260,1,0.5555555555555556,0.5555555555555556,1.0,0,0.7619047619047619,18,11,7,0.74350677738246,0.910580023202501,1.0,1.0
Zm00001eb219300,1,0.5,0.5,0.6129718234981393,0,0.35714285714285715,22,14,8,0.37132173724108386,0.9136324957568004,0.6129718234981393,1.0
Zm00001eb219320,2,0.5869565217391304,0.6521739130434783,0.2718951529020179,0,1.7333333333333334,23,16,7,0.3145550556846196,0.41958246728737536,0.4693718818840369,1.0
Zm00001eb219500,3,0.6060606060606061,0.7272727272727273,0.49090909090909096,0,1.0555555555555556,11,4,7,0.4459076927990889,0.716503418662873,0.9644448233613627,1.0
Zm00001eb219520,2,0.6071428571428572,0.6428571428571429,0.5804195804195804,0,0.3333333333333333,14,8,6,0.9522433195336576,2.6336219380203327,0.703422535160618,1.0
Zm00001eb219530,1,0.5714285714285714,0.5714285714285714,0.6351172047766476,0,0.4375,21,15,6,0.5819779041871243,0.8377850178038058,0.6351172047766476,1.0
Zm00001eb219540,1,0.3181818181818182,0.3181818181818182,1.0,0,,22,4,18,0.5115761900642218,0.5983454596742785,1.0,1.0
Zm00001eb219660,5,0.6666666666666667,0.8333333333333334,0.02287581699346405,1,0.1858974358974359,18,14,4,1.0420786718602124,0.9701530457477082,0.13508855079899149,1.0
Zm00001eb219680,6,0.5869565217391304,0.7391304347826086,0.0071709149646960926,1,0.7811904761904762,23,15,8,0.3482531047786451,0.368884783572328,0.3466649716891176,1.0
Zm00001eb219690,2,0.38095238095238093,0.38095238095238093,1.0,0,,21,6,15,0.4298584241995031,0.4274459019426418,1.0,1.0
Zm00001eb219850,2,0.6944444444444444,0.7222222222222222,0.0823529411764706,0,6.4,18,9,9,0.4173335882791328,0.6150290955566594,0.11433777084221394,1.0
Zm00001eb219860,1,0.38461538461538464,0.38461538461538464,1.0,0,,13,3,10,1.0616786680120245,1.000736508632236,1.0,1.0
Zm00001eb219960,1,0.6363636363636364,0.6363636363636364,1.0,0,1.8571428571428572,22,14,8,0.2101027825409293,0.28055185356541273,1.0,1.0
Zm00001eb219970,6,0.5362318840579711,0.782608695652174,0.15495259888852564,0,0.22125,23,17,6,0.8000902648157896,0.8181740979861535,0.5132530775673958,1.0
Zm00001eb220000,2,0.5666666666666667,0.6,1.0,0,1.1125,15,9,6,0.47991650116646095,0.6128444616813303,1.0,1.0
Zm00001eb220020,1,0.8181818181818182,0.8181818181818182,0.10909090909090909,0,,11,7,4,0.1537841155625515,0.1659932801773245,0.10909090909090909,1.0
Zm00001eb220030,1,0.75,0.75,0.10887512899896801,0,0.09090909090909091,20,8,12,1.2600259548994808,1.4783068911059853,0.10887512899896801,1.0
Zm00001eb220050,4,0.5952380952380952,0.7142857142857143,0.28001375988992083,0,1.643269230769231,21,5,16,0.7471452991609029,1.5855671686736894,0.8967051985969552,1.0
Zm00001eb220140,1,0.42105263157894735,0.42105263157894735,1.0,0,0.8333333333333334,19,3,16,0.13197986298611494,0.13885409655238337,1.0,1.0
Zm00001eb220240,4,0.5882352941176471,0.7058823529411765,0.28005817711700065,0,3.072916666666667,17,11,6,0.6338577170746399,1.2600795938991136,0.6893143254511623,1.0
Zm00001eb220250,1,0.3181818181818182,0.3181818181818182,1.0,0,,22,5,17,0.39115363643621137,0.3685116606328658,1.0,1.0
Zm00001eb220360,1,0.6428571428571429,0.6428571428571429,0.5804195804195804,0,2.3333333333333335,14,10,4,0.28183714905672275,0.3133563320549756,0.5804195804195804,1.0
Zm00001eb220370,1,0.3333333333333333,0.3333333333333333,1.0,0,,21,17,4,0.5852624609049296,0.5883827735899685,1.0,1.0
Zm00001eb220380,1,0.45,0.45,1.0,0,1.0,20,5,15,0.5421289427861294,0.6768689436192092,1.0,1.0
Zm00001eb220400,2,0.32499999999999996,0.35,1.0,0,,20,3,17,0.22308900229412093,0.1794316002793971,1.0,1.0
Zm00001eb220460,1,0.6111111111111112,0.6111111111111112,0.5588235294117647,0,0.3333333333333333,18,8,10,0.9167000764231238,1.0261468190546674,0.5588235294117647,1.0
Zm00001eb220500,2,0.7941176470588235,0.8235294117647058,0.12058823529411762,0,9.666666666666666,17,14,3,1.3215538562752054,1.638426029026313,0.10996426046560165,1.0
Zm00001eb220550,1,0.5714285714285714,0.5714285714285714,0.6424148606811146,0,0.4,21,7,14,1.3646133807786345,1.5878791052358867,0.6424148606811146,1.0
Zm00001eb220670,1,0.5238095238095238,0.5238095238095238,0.6594427244582043,0,1.75,21,12,9,0.6268951471175012,0.8656267431581861,0.6594427244582043,1.0
Zm00001eb220800,4,0.5147058823529411,0.5294117647058824,0.6029411764705882,0,0.6361111111111111,17,7,10,0.5068103549887502,1.154903475815181,0.9981722556887389,1.0
Zm00001eb220820,1,0.6666666666666666,0.6666666666666666,0.32126696832579194,0,0.25,18,12,6,0.7047735635074267,1.8372614955341737,0.32126696832579194,1.0
Zm00001eb220900,1,0.6842105263157895,0.6842105263157895,0.5695734434124526,0,2.4444444444444446,19,5,14,0.41508000244521337,0.562559522126725,0.5695734434124526,1.0
Zm00001eb220910,3,0.6,0.7,0.16746844486782567,0,4.0,20,12,8,0.5396788128513225,0.6948417322132511,0.3250723813592828,1.0
Zm00001eb220970,1,0.4,0.4,1.0,0,1.4545454545454546,20,5,15,0.3461518265186136,0.7180009960892657,1.0,1.0
Zm00001eb221110,1,0.22727272727272727,0.22727272727272727,1.0,0,,22,3,19,0.6384216486791646,0.6038776582211065,1.0,1.0
Zm00001eb221150,2,0.6470588235294118,0.7058823529411765,0.28005817711700054,0,2.625,17,6,11,0.6997324522306938,2.022387136100671,0.6365044406571991,1.0
Zm00001eb221160,1,0.5263157894736842,0.5263157894736842,1.0,0,0.8333333333333334,19,8,11,0.30134127820437223,0.37391241337378817,1.0,1.0
Zm00001eb221260,1,0.5714285714285714,0.5714285714285714,1.0,0,2.0,7,3,4,1.0710414651532614,1.1540634845702362,1.0,1.0
Zm00001eb221340,1,0.625,0.625,0.6083916083916084,0,0.3333333333333333,16,10,6,0.3362633233061778,0.42416543190182576,0.6083916083916084,1.0
Zm00001eb221410,1,0.5294117647058824,0.5294117647058824,0.48529411764705876,0,,17,10,7,0.4036777076517714,0.5171561610230336,0.48529411764705876,1.0
Zm00001eb221610,1,0.38095238095238093,0.38095238095238093,1.0,0,0.75,21,5,16,0.40711941269626106,0.4605339325532301,1.0,1.0
Zm00001eb221620,1,0.43478260869565216,0.43478260869565216,1.0,0,2.0833333333333335,23,17,6,0.2901094844002871,0.38149693568158904,1.0,1.0
Zm00001eb221780,2,0.8333333333333333,0.8888888888888888,0.04761904761904763,1,0.1,9,3,6,0.9555596293470825,1.1282351236585457,0.059573188713495276,1.0
Zm00001eb221970,3,0.6333333333333333,0.7,0.25531475748194016,0,2.5787878787878786,20,8,12,0.8019226431422923,0.9933088728113497,0.7308213508874493,1.0
Zm00001eb222030,3,0.5789473684210527,0.6842105263157895,1.0,0,1.0416666666666665,19,4,15,1.2418345005275262,1.267764856819122,1.0,1.0
Zm00001eb222240,1,0.625,0.625,0.6349074266694406,0,2.0,24,9,15,0.20106478757393453,0.2705175228804814,0.6349074266694406,1.0
Zm00001eb222280,2,0.5227272727272727,0.6363636363636364,0.05128295337273665,0,,22,15,7,0.35822262823886714,0.6453521207709975,0.20361367780963058,1.0
Zm00001eb222290,1,0.6363636363636364,0.6363636363636364,0.5757575757575757,0,2.5,11,4,7,0.9169770037423411,1.1801764742946237,0.5757575757575757,1.0
Zm00001eb222300,2,0.45454545454545453,0.45454545454545453,1.0,0,1.05,22,5,17,0.12678021189062766,0.1252378613079176,1.0,1.0
Zm00001eb222340,1,0.6363636363636364,0.6363636363636364,1.0,0,0.5,11,4,7,0.7609897222864839,0.9958622841050699,1.0,1.0
Zm00001eb222430,1,0.6190476190476191,0.6190476190476191,1.0,0,0.5833333333333334,21,8,13,0.6971930051373034,0.9117280452275417,1.0,1.0
Zm00001eb222460,1,0.8636363636363636,0.8636363636363636,0.012987012987012986,1,,22,16,6,0.10515280243937064,0.12374071383155989,0.012987012987012986,1.0
Zm00001eb222570,3,0.7301587301587302,0.8095238095238095,0.2280701754385965,0,3.944444444444444,21,17,4,0.6800854686677719,2.3645323099702673,0.422545372807998,1.0
Zm00001eb222610,1,0.5714285714285714,0.5714285714285714,0.5804195804195804,0,0.3125,14,5,9,0.7578353807321404,1.082831449252733,0.5804195804195804,1.0
Zm00001eb222640,1,0.75,0.75,0.2017543859649123,0,0.15384615384615385,20,3,17,0.501975082491138,0.4860695187500912,0.2017543859649123,1.0
Zm00001eb222960,5,0.42000000000000004,0.6,0.5913312693498454,0,2.3333333333333335,20,16,4,0.8030084284574025,0.7053226961388634,0.9997840936072581,1.0
Zm00001eb223040,3,0.5151515151515151,0.6818181818181818,0.26425153793574846,0,4.875,22,18,4,0.43273613917483317,0.4365816414842728,0.7132958443183255,1.0
Zm00001eb223100,1,0.5454545454545454,0.5454545454545454,1.0,0,1.125,22,15,7,0.16166531382305058,0.18467176579426534,1.0,1.0
Zm00001eb223210,4,0.55,0.7,0.09411764705882354,0,0.8461538461538461,20,4,16,0.4846305265846616,0.5116446975991518,0.7863764425622772,1.0
Zm00001eb223890,1,0.5,0.5,1.0,0,1.4285714285714286,18,6,12,0.49240502044049556,1.299602654465279,1.0,1.0
Zm00001eb224040,1,0.7,0.7,0.19999999999999998,0,,10,7,3,0.7205440733464646,1.0675308355407813,0.19999999999999998,1.0
Zm00001eb224060,1,0.7142857142857143,0.7142857142857143,0.2800137598899209,0,4.5,21,7,14,0.7969105617475184,0.8913790606804415,0.2800137598899209,1.0
Zm00001eb224160,1,0.5,0.5,1.0,0,0.5,14,10,4,0.8502098820320347,1.0149064880682137,1.0,1.0
Zm00001eb224170,2,0.6904761904761905,0.7619047619047619,0.0608875128998968,0,0.15384615384615385,21,6,15,0.3281386870754209,0.28736562754699246,0.04160748729501248,1.0
Zm00001eb224740,1,0.7692307692307693,0.7692307692307693,0.42307692307692313,0,0.2222222222222222,13,10,3,0.8851645699367778,0.8354158414750035,0.42307692307692313,1.0
Zm00001eb224850,1,0.5652173913043478,0.5652173913043478,1.0,0,0.7272727272727273,23,10,13,0.2677917226471612,0.3454904381357338,1.0,1.0
Zm00001eb224950,1,0.5454545454545454,0.5454545454545454,0.3511586452762923,0,0.2571428571428571,22,6,16,0.11411442838961583,0.13665191303374405,0.3511586452762923,1.0
Zm00001eb225110,3,0.625,0.8333333333333334,0.09881422924901187,0,0.8805555555555556,24,5,19,1.3119490338258053,1.0080473003486279,0.2543224806175144,1.0
Zm00001eb225320,1,0.5555555555555556,0.5555555555555556,1.0,0,1.5,9,4,5,1.0860756306952475,1.3569217982298556,1.0,1.0
Zm00001eb225360,1,0.5714285714285714,0.5714285714285714,1.0,0,1.5,7,3,4,0.19742588829825494,0.20717601013852882,1.0,1.0
Zm00001eb225410,2,0.5882352941176471,0.6470588235294118,0.5147058823529412,0,2.0,17,11,6,0.37157357051676626,0.44146953533142,0.8565527577799156,1.0
Zm00001eb225470,2,0.6363636363636364,0.7272727272727273,0.24242424242424238,0,4.083333333333333,11,5,6,0.7812356174821282,0.949748596553019,0.5859553987361563,1.0
Zm00001eb225520,2,0.46875,0.5625,0.25,0,,16,3,13,1.0972733978481257,0.9671336266587296,0.5965735902799727,1.0
Zm00001eb225770,1,0.5,0.5,1.0,0,1.1428571428571428,20,13,7,0.17254059975891223,0.22339288621005682,1.0,1.0
Zm00001eb225790,1,0.8095238095238095,0.8095238095238095,0.12781954887218047,0,10.0,21,3,18,0.4217273233728285,0.27526325606344787,0.12781954887218047,1.0
Zm00001eb225840,1,0.47619047619047616,0.47619047619047616,1.0,0,0.72,21,14,7,0.19715681910843902,0.22603693084721468,1.0,1.0
Zm00001eb225950,1,0.6,0.6,0.5692307692307691,0,0.35714285714285715,15,8,7,0.876510982767966,1.113189128887798,0.5692307692307691,1.0
Zm00001eb226030,1,0.5,0.5,1.0,0,1.1428571428571428,20,9,11,0.14303851950247037,0.1987332428183068,1.0,1.0
Zm00001eb226260,1,0.4375,0.4375,0.5285714285714286,0,,16,4,12,0.5948950895896798,1.2525318505948382,0.5285714285714286,1.0
Zm00001eb226400,4,0.7,0.8,0.2063492063492064,0,0.6614583333333333,10,5,5,0.45219402106506446,0.5856382304664284,0.6760077652626144,1.0
Zm00001eb226430,4,0.575,0.7,0.44444444444444453,0,0.8148148148148149,10,5,5,0.2754055671809538,0.38267468841293345,0.990494725339544,1.0
Zm00001eb226680,2,0.6818181818181819,0.8181818181818182,0.15151515151515152,0,0.07142857142857142,11,3,8,2.8380073903876495,2.2001602227521317,0.2676619315235099,1.0
Zm00001eb226770,1,0.6428571428571429,0.6428571428571429,1.0,0,1.3333333333333333,14,11,3,0.2826682731803237,0.4317156519721038,1.0,1.0
Zm00001eb226810,1,0.4782608695652174,0.4782608695652174,1.0,0,1.2,23,13,10,0.3978251332968578,0.5105369455906308,1.0,1.0
Zm00001eb226840,3,0.6111111111111112,0.6666666666666666,0.2058823529411765,0,0.625,18,9,9,0.4228298076065747,0.5225845923481405,0.5869845171137671,1.0
Zm00001eb226870,1,0.5416666666666666,0.5416666666666666,0.5962732919254659,0,0.3333333333333333,24,11,13,0.1883357341045586,0.23095357423563265,0.5962732919254659,1.0
Zm00001eb226920,2,0.625,0.625,0.30694305694305696,0,1.1,16,6,10,0.10997532874554852,0.14854235186471257,0.49803725150896583,1.0
Zm00001eb227000,3,0.5606060606060607,0.5909090909090909,0.4935064935064935,0,0.6515151515151515,22,9,13,0.8482558697922751,1.0517391511254155,0.9650973927094832,1.0
Zm00001eb227020,2,0.5208333333333334,0.75,0.5212450592885375,0,2.125,24,19,5,0.7906087117953597,1.037408315426698,0.8608544509113314,1.0
Zm00001eb227130,2,0.6190476190476191,0.6190476190476191,0.6177109440267335,0,0.5643939393939394,21,8,13,0.451775100364322,0.8402744082917478,0.9152837150422669,1.0
Zm00001eb227180,1,0.7368421052631579,0.7368421052631579,0.46783625730994144,0,3.25,19,14,5,0.2701781142535228,0.2644786817711793,0.46783625730994144,1.0
Zm00001eb227200,3,0.5666666666666667,0.6,0.5820433436532508,0,2.3968253968253967,20,10,10,0.6853823249314926,1.4462627784897593,0.9247544233316102,1.0
Zm00001eb227220,2,0.6,0.6,0.2285714285714286,0,4.0,15,6,9,0.4974457244415195,0.7195718100627049,0.4006434765373019,1.0
Zm00001eb227320,2,0.5454545454545454,0.5454545454545454,0.6478328173374612,0,1.3223214285714286,22,7,15,0.17211612374321372,0.17329053337992922,0.7840789059902241,1.0
Zm00001eb227350,1,0.6153846153846154,0.6153846153846154,0.5594405594405595,0,3.75,13,7,6,0.2343608649050797,0.3196002738962101,0.5594405594405595,1.0
Zm00001eb227610,1,0.4583333333333333,0.4583333333333333,0.28326745718050067,0,,24,17,7,0.7979323331766933,1.6065782808375415,0.28326745718050067,1.0
Zm00001eb227660,1,0.4666666666666667,0.4666666666666667,0.5164835164835164,0,,15,11,4,0.17024295035227863,0.18633095652667372,0.5164835164835164,1.0
Zm00001eb227700,1,0.5652173913043478,0.5652173913043478,0.6842726529090778,0,0.5952380952380952,23,12,11,0.43945053228163716,0.5438082220442804,0.6842726529090778,1.0
Zm00001eb227710,1,0.5714285714285714,0.5714285714285714,0.1311612364243943,0,,21,17,4,0.513328729434319,0.46027352098957464,0.1311612364243943,1.0
Zm00001eb227730,1,0.625,0.625,0.23966886525777367,0,0.32142857142857145,24,13,11,0.3600692264698371,0.44684314531850455,0.23966886525777367,1.0
Zm00001eb227770,3,0.5,0.5416666666666666,0.3509465363012274,0,0.53125,24,15,9,0.19441784406646545,0.22845681606908777,0.8002992325900479,1.0
Zm00001eb227780,3,0.46296296296296297,0.5555555555555556,0.5220588235294118,0,0.8854166666666667,18,13,5,0.3932942783812042,0.3755318179830693,0.9716604580202975,1.0
Zm00001eb227790,1,0.5714285714285714,0.5714285714285714,0.25824175824175827,0,,14,9,5,0.07343762547923839,0.08664038552106677,0.25824175824175827,1.0
Zm00001eb227930,6,0.5507246376811594,0.6086956521739131,0.21739130434782605,0,1.2581746031746033,23,12,11,0.1441876434792824,0.1674222804268783,0.9680221898914434,1.0
Zm00001eb227940,2,0.525,0.8,0.4035087719298246,0,0.26666666666666666,20,3,17,0.24769457592617705,0.2817370884998412,0.7697160034004247,1.0
Zm00001eb227950,2,0.41304347826086957,0.4782608695652174,1.0,0,1.4,23,17,6,0.2677153588497183,0.2812909888727609,1.0,1.0
Zm00001eb227980,2,0.6086956521739131,0.7391304347826086,0.5392433653303219,0,0.6666666666666667,23,18,5,0.1295860537637877,0.14023128463984455,0.8722737571561314,1.0
Zm00001eb227990,1,0.5909090909090909,0.5909090909090909,0.5864661654135339,0,3.75,22,11,11,0.7524340884813722,0.8917036414105658,0.5864661654135339,1.0
Zm00001eb228000,2,0.41304347826086957,0.43478260869565216,1.0,0,2.0,23,16,7,0.26262735889384947,0.3155038253371633,1.0,1.0
Zm00001eb228090,3,0.6060606060606061,0.6818181818181818,0.18699690402476787,0,3.8888888888888893,22,8,14,0.31683843665407657,0.35842606358987406,0.2766859955261014,1.0
Zm00001eb228120,8,0.625,0.7391304347826086,0.03912570132788197,2,3.6538194444444443,23,11,12,0.32154406514572376,0.6432110226337432,0.1669619278562497,1.0
Zm00001eb228140,3,0.5454545454545454,0.6363636363636364,0.3602187286397813,0,0.5324224386724387,22,5,17,0.24922783810371654,0.26349240532443813,0.8045817140016615,1.0
Zm00001eb228160,1,0.6521739130434783,0.6521739130434783,0.15495259888852564,0,0.14,23,6,17,0.9575047711589894,0.9597561677268279,0.15495259888852564,1.0
Zm00001eb228570,2,0.4117647058823529,0.5294117647058824,1.0,0,0.5,17,3,14,0.3000653898466372,0.2777065559746503,1.0,1.0
Zm00001eb228580,5,0.5666666666666667,0.7777777777777778,0.4052287581699346,0,2.483333333333333,18,14,4,0.33636170540936156,0.32477078368859325,0.9843647918103172,1.0
Zm00001eb228780,1,0.3888888888888889,0.3888888888888889,1.0,0,,18,5,13,0.2784428718367854,0.33751257166518456,1.0,1.0
Zm00001eb229000,1,0.5882352941176471,0.5882352941176471,0.6199095022624435,0,0.47619047619047616,17,9,8,0.22199718965038698,0.3028913184469438,0.6199095022624435,1.0
Zm00001eb229400,2,0.6764705882352942,0.7058823529411765,0.5147058823529411,0,1.1,17,11,6,0.8353602519062171,1.0605680220291418,0.8565527577799155,1.0
Zm00001eb229460,1,0.6,0.6,0.4666666666666667,0,,15,7,8,0.787818881245373,1.4905858370900495,0.4666666666666667,1.0
Zm00001eb229530,3,0.6428571428571429,0.7142857142857143,0.25824175824175827,0,0.5972222222222222,14,3,11,0.29815302049204284,0.26414294952588063,0.8445348129310053,1.0
Zm00001eb229580,2,0.6086956521739131,0.6521739130434783,0.09316770186335405,0,0.5333333333333333,23,11,12,0.7441095317811584,1.4926210484674312,0.22786148342890838,1.0
Zm00001eb229640,2,0.6333333333333333,0.6666666666666666,0.5692307692307692,0,2.15,15,12,3,0.2789101255725919,0.3274462095090128,0.889974864896958,1.0
Zm00001eb229800,1,0.5625,0.5625,1.0,0,0.7142857142857143,16,9,7,0.30320156220203415,0.38183959188645,1.0,1.0
Zm00001eb229900,4,0.46875,0.6666666666666666,0.04114906832298136,1,0.9166666666666666,24,5,19,0.17519326083698297,0.19650790206097393,0.35805366260648286,1.0
Zm00001eb229930,4,0.4375,0.5,0.536231884057971,0,1.3076923076923077,24,8,16,0.1980820946701903,0.25447643019613375,0.9620679646109311,1.0
Zm00001eb229950,2,0.5869565217391304,0.7391304347826086,0.4624505928853755,0,3.2,23,6,17,0.35420215153121776,0.5046322894761353,0.595704171773596,1.0
Zm00001eb230040,2,0.5625,0.5833333333333334,0.6529366895499619,0,1.3888888888888888,24,14,10,0.09709682087707881,0.16656079301972815,0.8036751002711847,1.0
Zm00001eb230060,1,0.5454545454545454,0.5454545454545454,1.0,0,0.8,22,4,18,1.2623747885768353,1.6784899178661503,1.0,1.0
Zm00001eb230110,1,0.5238095238095238,0.5238095238095238,1.0,0,1.25,21,10,11,0.3080020437433052,0.40784333658370836,1.0,1.0
Zm00001eb230300,2,0.41666666666666663,0.4444444444444444,0.5241830065359476,0,,18,14,4,0.3938239971014484,0.3657234198927708,0.8627603621104661,1.0
Zm00001eb230410,1,0.8333333333333334,0.8333333333333334,0.035290796160361376,1,17.0,24,20,4,1.7029943015719151,1.5510452117174547,0.035290796160361376,1.0
Zm00001eb230470,1,0.4444444444444444,0.4444444444444444,0.5220588235294118,0,,18,5,13,0.2784992948450906,0.6400270936667921,0.5220588235294118,1.0
Zm00001eb230480,2,0.55,0.65,0.5368421052631579,0,2.1904761904761902,20,8,12,0.5742153375533043,0.8776171199373339,0.8707854126598629,1.0
Zm00001eb230750,2,0.5652173913043478,0.5652173913043478,0.12433257055682684,0,,23,6,17,0.23845190990360934,0.2527490461515191,0.07991457121066524,1.0
Zm00001eb230800,1,0.55,0.55,0.5913312693498453,0,0.3333333333333333,20,11,9,1.0344052041962337,1.2741762176279294,0.5913312693498453,1.0
Zm00001eb231060,1,0.3888888888888889,0.3888888888888889,1.0,0,1.2,18,5,13,0.2069103998123298,0.21485268691525167,1.0,1.0
Zm00001eb231080,2,0.6818181818181819,0.8181818181818182,0.13547505126452494,0,0.4625,22,18,4,1.9619232801694702,1.7414189693112954,0.40628531361751485,1.0
Zm00001eb231100,1,0.5909090909090909,0.5909090909090909,0.6619195046439628,0,0.5555555555555556,22,14,8,0.38963688927871015,0.43977543573186284,0.6619195046439628,1.0
Zm00001eb231230,1,0.5789473684210527,0.5789473684210527,0.5820433436532508,0,0.2916666666666667,19,9,10,0.3505373901600293,0.5160731543701441,0.5820433436532508,1.0
Zm00001eb231250,1,0.7368421052631579,0.7368421052631579,0.22187822497420023,0,0.16666666666666666,19,13,6,0.27164459308583866,0.2818404615896827,0.22187822497420023,1.0
Zm00001eb231490,2,0.5952380952380952,0.6190476190476191,0.36656346749226004,0,0.47619047619047616,21,12,9,0.08097621870578173,0.09788529689089182,0.7344405521098878,1.0
Zm00001eb231510,2,0.6666666666666666,0.7619047619047619,0.007120743034055726,1,4.0,21,12,9,0.35380512828790084,0.41729642233629416,0.016933412982366565,1.0
Zm00001eb231550,1,0.7619047619047619,0.7619047619047619,0.4887218045112781,0,2.5,21,4,17,0.676592798805825,0.73739930772195,0.4887218045112781,1.0
Zm00001eb231570,3,0.6190476190476191,0.6190476190476191,0.3972136222910216,0,1.111111111111111,21,12,9,0.33858675605012006,0.397907446182683,0.5855757876400922,1.0
Zm00001eb231640,1,0.5,0.5,1.0,0,1.0,18,9,9,0.5935001239539459,0.728300862763513,1.0,1.0
Zm00001eb231720,1,0.8666666666666667,0.8666666666666667,0.05714285714285715,0,,15,11,4,0.4329865144601702,0.4528736169483803,0.05714285714285715,1.0
Zm00001eb231800,1,0.5454545454545454,0.5454545454545454,1.0,0,1.3333333333333333,11,6,5,0.04445708214401073,0.05603768062132682,1.0,1.0
Zm00001eb231910,1,0.7,0.7,0.5,0,5.0,10,6,4,0.7901712360114518,1.2002449682526266,0.5,1.0
Zm00001eb232230,2,0.6538461538461539,0.6923076923076923,0.26573426573426573,0,6.666666666666667,13,7,6,0.2508107611725839,0.34511351532148093,0.38001410747653386,1.0
Zm00001eb232250,3,0.7272727272727272,0.8636363636363636,0.2597402597402597,0,6.625,22,3,19,0.43833530442681395,0.28209805430836926,0.29581356900555233,1.0
Zm00001eb232260,1,0.6875,0.6875,1.0,0,0.4,16,5,11,0.1558105779033909,0.1802974566305227,1.0,1.0
Zm00001eb232290,1,0.6,0.6,0.6424148606811148,0,0.5555555555555556,20,12,8,0.1738491219824117,0.2197876865587895,0.6424148606811148,1.0
Zm00001eb232400,1,0.5652173913043478,0.5652173913043478,0.4050343249427917,0,2.5,23,7,16,0.3447112564356204,0.4081537499966798,0.4050343249427917,1.0
Zm00001eb232640,2,0.53125,0.5625,1.0,0,1.4,16,8,8,0.31394873070303536,0.3804245858011007,1.0,1.0
Zm00001eb232700,1,0.5,0.5,0.5147058823529411,0,,18,6,12,0.5785811583699447,0.6215058573712554,0.5147058823529411,1.0
Zm00001eb232710,1,0.5454545454545454,0.5454545454545454,1.0,0,0.7777777777777778,22,10,12,0.4525948058280356,0.5687734740519197,1.0,1.0
Zm00001eb232780,1,0.6666666666666666,0.6666666666666666,0.09150326797385619,0,,18,8,10,0.8681249562783713,1.1047760437269525,0.09150326797385619,1.0
Zm00001eb232970,1,0.625,0.625,1.0,0,0.6923076923076923,24,5,19,0.30542492111409564,0.31724872907766266,1.0,1.0
Zm00001eb233060,3,0.6956521739130435,0.6956521739130435,0.06775832862789384,0,0.44047619047619047,23,20,3,0.3519500350620141,0.37373515576286215,0.23727081005236594,1.0
Zm00001eb233070,4,0.5729166666666666,0.625,0.5962732919254659,0,1.2281746031746033,24,4,20,0.14245755139558297,0.0911575920697827,0.9807779711752886,1.0
Zm00001eb233080,1,0.7083333333333334,0.7083333333333334,1.0,0,0.625,24,6,18,0.47531282632307764,0.4069248973770868,1.0,1.0
Zm00001eb233250,3,0.6,0.7333333333333333,0.24175824175824176,0,0.40476190476190477,15,10,5,0.9004065896252825,0.8208208510213241,0.6586984287058135,1.0
Zm00001eb233320,2,0.5526315789473684,0.7894736842105263,0.1547987616099071,0,0.11538461538461539,19,16,3,0.21022004060255386,0.203660242585201,0.4435958696276332,1.0
Zm00001eb233520,1,0.5,0.5,1.0,0,1.6,12,7,5,0.1767738048082581,0.2110651393058318,1.0,1.0
Zm00001eb233540,1,0.6,0.6,1.0,0,1.25,10,7,3,0.5483053160852445,0.6210967855389182,1.0,1.0
Zm00001eb233720,1,0.45454545454545453,0.45454545454545453,1.0,0,1.4545454545454546,22,13,9,0.22764905083006914,0.28449689664974576,1.0,1.0
Zm00001eb233790,2,0.4782608695652174,0.5652173913043478,1.0,0,1.2465034965034967,23,18,5,0.20723269254675222,0.24330417030085785,1.0,1.0
Zm00001eb233850,5,0.47619047619047616,0.5238095238095238,0.2621259029927761,0,1.4746031746031747,21,16,5,0.46000569247896195,0.441405437112917,0.898949311589491,1.0
Zm00001eb234060,1,0.5384615384615384,0.5384615384615384,1.0,0,2.0,13,10,3,0.1495456728713453,0.15747471636609806,1.0,1.0
Zm00001eb234090,1,0.55,0.55,1.0,0,1.25,20,11,9,0.25419277417255104,0.4384374632135942,1.0,1.0
Zm00001eb234120,2,0.5681818181818181,0.5909090909090909,0.22077922077922077,0,2.0,22,12,10,0.22245945387910462,0.27985207543006135,0.4204641499943801,1.0
Zm00001eb234150,3,0.6060606060606061,0.7272727272727273,0.07890314020344981,0,0.3833333333333333,22,13,9,0.22491946195688642,0.3336488159979518,0.29589587980312054,1.0
Zm00001eb234160,2,0.40476190476190477,0.5238095238095238,0.6030075187969925,0,2.6666666666666665,21,17,4,0.4031700607433764,0.3177328953240538,0.9080241668467117,1.0
Zm00001eb234970,3,0.7058823529411765,0.8235294117647058,0.034502262443438916,1,0.21851851851851853,17,6,11,1.3866972031869969,1.2496162062513165,0.11693323338445201,1.0
Zm00001eb235510,1,0.5714285714285714,0.5714285714285714,1.0,0,1.5,7,3,4,0.5595675977049531,0.7417616082074644,1.0,1.0
Zm00001eb235710,2,0.6428571428571428,0.7142857142857143,0.4285714285714286,0,0.5,7,4,3,0.7882357896265021,1.5293728234194452,0.7916990830230872,1.0
Zm00001eb236320,1,0.5,0.5,0.5054945054945055,0,,14,5,9,0.14821044576769574,0.18840369255413117,0.5054945054945055,1.0
Zm00001eb237200,1,0.4782608695652174,0.4782608695652174,0.6213854795090493,0,2.727272727272727,23,17,6,0.1998813758630375,0.21259920127514512,0.6213854795090493,1.0
Zm00001eb237240,1,0.5333333333333333,0.5333333333333333,1.0,0,0.8333333333333334,15,8,7,0.7479015892418646,0.8982536147617578,1.0,1.0
Zm00001eb237270,3,0.7083333333333334,0.75,0.19206365716663204,0,3.6333333333333333,24,6,18,0.26474026317242877,0.24466901378807182,0.295803913657441,1.0
Zm00001eb237310,2,0.42307692307692313,0.46153846153846156,1.0,0,0.75,13,10,3,0.23911764466868993,0.28006429398929766,1.0,1.0
Zm00001eb237500,1,0.5,0.5,1.0,0,0.6,22,14,8,0.9081220068597353,1.0095192481524948,1.0,1.0
Zm00001eb237510,1,0.43478260869565216,0.43478260869565216,1.0,0,0.48,23,17,6,0.2402103342115018,0.2946953279233406,1.0,1.0
Zm00001eb237520,1,0.7333333333333333,0.7333333333333333,0.5164835164835164,0,2.5,15,12,3,0.9947264540936039,0.7379454014186535,0.5164835164835164,1.0
Zm00001eb237530,1,0.6428571428571429,0.6428571428571429,0.592074592074592,0,3.3333333333333335,14,8,6,1.2901549004432484,1.8041139506762731,0.592074592074592,1.0
Zm00001eb237640,1,0.43478260869565216,0.43478260869565216,1.0,0,0.5,23,16,7,0.2247312709860814,0.26899497052947063,1.0,1.0
Zm00001eb237810,2,0.5789473684210527,0.5789473684210527,0.5820433436532508,0,0.4444444444444444,19,9,10,0.40018613982782436,0.4812573674745053,0.7336779080921505,1.0
Zm00001eb237910,1,0.6428571428571429,0.6428571428571429,0.592074592074592,0,3.3333333333333335,14,7,7,0.5195176549891635,0.742866796487299,0.592074592074592,1.0
Zm00001eb238000,2,0.6136363636363636,0.7272727272727273,0.05572755417956657,0,0.09090909090909091,22,6,16,0.33672976668307003,0.4180816678033242,0.07733499874279325,1.0
Zm00001eb238140,1,0.6,0.6,1.0,0,0.6,10,6,4,0.7199672344836364,0.837605029475845,1.0,1.0
Zm00001eb238230,1,0.5,0.5,1.0,0,1.0,20,10,10,0.49086209457085517,0.6559936579373342,1.0,1.0
Zm00001eb238320,2,0.5789473684210527,0.6842105263157895,0.16374269005847952,0,0.6428571428571429,19,8,11,0.5166731283096201,0.8317672205091798,0.4600283818547881,1.0
Zm00001eb238370,1,0.6818181818181818,0.6818181818181818,0.13533834586466167,0,0.13636363636363635,22,5,17,0.1989565850320812,0.14152766888652368,0.13533834586466167,1.0
Zm00001eb238390,1,0.7142857142857143,0.7142857142857143,0.1375291375291375,0,8.333333333333334,14,6,8,0.8342670903939241,1.3074849512122468,0.1375291375291375,1.0
Zm00001eb238460,1,0.5789473684210527,0.5789473684210527,1.0,0,1.4285714285714286,19,8,11,0.6428539404498015,0.8781087416874296,1.0,1.0
Zm00001eb238620,2,0.5454545454545454,0.6363636363636364,0.5151515151515151,0,2.2,22,8,14,0.4968377386490978,0.5450403735856375,0.6864805287711133,1.0
Zm00001eb238670,2,0.5625,0.625,0.4666666666666667,0,1.0,16,8,8,0.4968253298820646,0.634793788789698,0.8223320242885518,1.0
Zm00001eb238820,3,0.5507246376811593,0.5652173913043478,0.33935629587803495,0,0.48333333333333334,23,18,5,0.21332537843601024,0.22721707745408956,0.8022017765461744,1.0
Zm00001eb238890,1,0.5238095238095238,0.5238095238095238,1.0,0,1.3333333333333333,21,11,10,0.3716357504417346,0.465334436708599,1.0,1.0
Zm00001eb238910,2,0.5681818181818181,0.6818181818181818,0.1826625386996904,0,5.4,22,8,14,0.5218415608547698,0.6537999610096562,0.31649304099984815,1.0
Zm00001eb238930,1,0.5555555555555556,0.5555555555555556,0.6380090497737557,0,0.5,18,6,12,0.07593551612447892,0.08308881186999337,0.6380090497737557,1.0
Zm00001eb239020,1,0.46153846153846156,0.46153846153846156,1.0,0,0.75,13,10,3,0.7911203137235259,0.8401592196881337,1.0,1.0
Zm00001eb239090,1,0.5217391304347826,0.5217391304347826,1.0,0,1.1,23,11,12,0.40032131780915586,0.5520848692796957,1.0,1.0
Zm00001eb239520,3,0.5797101449275363,0.6956521739130435,0.5756188891200333,0,1.9166666666666667,23,6,17,0.42477431844971686,0.4224130482508886,0.9813337169316968,1.0
Zm00001eb239550,2,0.43333333333333335,0.4666666666666667,0.5164835164835164,0,1.125,15,11,4,0.9509315554230355,1.0528459780540258,0.8577303244606506,1.0
Zm00001eb239600,1,0.6875,0.6875,0.5467032967032968,0,3.0,16,5,11,0.31164836955263736,0.3630391229555089,0.5467032967032968,1.0
Zm00001eb239750,1,0.42857142857142855,0.42857142857142855,1.0,0,0.7857142857142857,21,8,13,0.6433483821696792,0.7615567388674546,1.0,1.0
Zm00001eb240120,1,0.5217391304347826,0.5217391304347826,0.6036137775268209,0,2.7,23,10,13,0.4176754043371419,0.5324536364072311,0.6036137775268209,1.0
Zm00001eb240130,1,0.42105263157894735,0.42105263157894735,1.0,0,0.6666666666666666,19,4,15,0.1792481808850512,0.1744849069073857,1.0,1.0
Zm00001eb240160,3,0.5217391304347826,0.6086956521739131,1.0,0,1.1495726495726497,23,9,14,0.3529461254508383,0.44159674003998606,1.0,1.0
Zm00001eb240400,1,0.5294117647058824,0.5294117647058824,0.4852941176470589,0,,17,7,10,0.23317521405575733,0.3143447387302396,0.4852941176470589,1.0
Zm00001eb240410,4,0.5357142857142857,0.5714285714285714,0.6699214098594903,0,1.1041666666666667,21,10,11,0.12839589688959288,0.1966792555617588,0.9992194870106116,1.0
Zm00001eb240620,1,0.5909090909090909,0.5909090909090909,0.33303847854931445,0,5.0,22,13,9,0.3367535253962837,0.43035815690952717,0.33303847854931445,1.0
Zm00001eb240660,1,0.5,0.5,1.0,0,1.7142857142857142,16,3,13,0.31066081080579777,0.408843177269672,1.0,1.0
Zm00001eb240680,1,0.631578947368421,0.631578947368421,0.303405572755418,0,0.2222222222222222,19,9,10,0.43002741553388957,0.7966903309105279,0.303405572755418,1.0
Zm00001eb240700,1,0.5555555555555556,0.5555555555555556,1.0,0,2.0,9,5,4,0.22126695125037366,0.2781064131952202,1.0,1.0
Zm00001eb240750,2,0.7619047619047619,0.8571428571428571,0.2714285714285714,0,4.634615384615385,21,18,3,1.2196279157785384,1.056907713814303,0.6253866999253636,1.0
Zm00001eb240940,2,0.717391304347826,0.7391304347826086,0.047430830039525695,1,0.20833333333333334,23,14,9,0.20210578767280313,0.23711041122015128,0.045010118476832145,1.0
Zm00001eb240970,1,0.5,0.5,0.6146245059288538,0,2.4545454545454546,24,10,14,0.7800003077279252,1.1036363998395236,0.6146245059288538,1.0
Zm00001eb241000,1,0.6470588235294118,0.6470588235294118,0.2941176470588235,0,0.17857142857142858,17,5,12,0.13209480194659332,0.1551448921721066,0.2941176470588235,1.0
Zm00001eb241040,2,0.5681818181818181,0.5909090909090909,0.6619195046439628,0,0.5694444444444444,22,13,9,0.3064814299278355,0.42445736005739615,0.8062212651307354,1.0
Zm00001eb241190,1,0.5217391304347826,0.5217391304347826,1.0,0,0.6666666666666666,23,11,12,0.16061676841692066,0.21894992571163838,1.0,1.0
Zm00001eb241400,2,0.5869565217391304,0.6521739130434783,0.5889328063241105,0,0.6807692307692308,23,4,19,0.6627401982059767,0.5500680820838402,0.9007392657491189,1.0
Zm00001eb241420,1,0.5555555555555556,0.5555555555555556,1.0,0,0.7777777777777778,18,10,8,0.7109989056981855,1.918664570108347,1.0,1.0
Zm00001eb241550,1,0.3333333333333333,0.3333333333333333,1.0,0,,21,16,5,0.1504124002934525,0.1360383941157259,1.0,1.0
Zm00001eb241600,3,0.5454545454545454,0.5454545454545454,0.4805194805194805,0,1.0202020202020203,22,12,10,0.5523271677331221,0.5826569436458132,0.9617355027548317,1.0
Zm00001eb241620,3,0.7037037037037037,0.7777777777777778,0.44240196078431365,0,2.0833333333333335,18,15,3,0.49546865322046546,0.4336466905619547,0.9503175484711173,1.0
Zm00001eb241660,3,0.463768115942029,0.5652173913043478,0.5392433653303219,0,1.0476190476190477,23,5,18,0.5148210576403919,0.4139554399624765,0.8742420561962497,1.0
Zm00001eb241690,1,0.6521739130434783,0.6521739130434783,0.5375494071146244,0,0.2692307692307692,23,9,14,0.14926998326423654,0.19199887702543533,0.5375494071146244,1.0
Zm00001eb241730,3,0.6060606060606061,0.6818181818181818,0.13533834586466167,0,3.0285714285714285,22,12,10,2.921662711837807,4.268962387766603,0.5511480057884603,1.0
Zm00001eb241770,2,0.6521739130434783,0.6521739130434783,0.15495259888852567,0,6.285714285714286,23,18,5,0.2663745368739057,0.24660697321844666,0.11355127795210812,1.0
Zm00001eb241780,5,0.5478260869565217,0.6086956521739131,1.0,0,1.1820476190476188,23,9,14,1.1217349940669252,1.3304911475679406,1.0,1.0
Zm00001eb241810,1,0.6666666666666666,0.6666666666666666,0.19206365716663198,0,4.0,24,18,6,0.17318604727694156,0.17453008634264916,0.19206365716663198,1.0
Zm00001eb241840,1,0.5416666666666666,0.5416666666666666,1.0,0,0.6,24,12,12,0.6803482815818466,0.8261109804468644,1.0,1.0
Zm00001eb241870,1,0.7777777777777778,0.7777777777777778,0.16666666666666663,0,,9,6,3,0.8334665830737785,1.1029386004114619,0.16666666666666663,1.0
Zm00001eb241900,1,0.5714285714285714,0.5714285714285714,0.6351172047766476,0,2.2857142857142856,21,15,6,0.5882466632732452,0.6835711686571156,0.6351172047766476,1.0
Zm00001eb241910,2,0.675,0.75,0.028101929030721604,1,0.07142857142857142,20,11,9,0.2857547281383403,0.32253439472626155,0.037400676843476706,1.0
Zm00001eb242090,2,0.5208333333333333,0.5416666666666666,0.6674131270981454,0,1.1111111111111112,24,8,16,0.4402396714573757,0.5732825659484566,0.8119491749928751,1.0
Zm00001eb242100,4,0.6375,0.75,0.09411764705882354,0,0.2744539411206078,20,4,16,0.27431774319902275,0.2642289089461104,0.2910168244598937,1.0
Zm00001eb242150,1,0.5833333333333334,0.5833333333333334,1.0,0,1.0,12,8,4,1.1088632316933686,1.4590991900360375,1.0,1.0
Zm00001eb242230,1,0.47619047619047616,0.47619047619047616,0.5210526315789474,0,,21,7,14,0.20049177452788566,0.2252952900689264,0.5210526315789474,1.0
Zm00001eb242260,1,0.7916666666666666,0.7916666666666666,0.43675889328063244,0,3.0,24,3,21,0.38231227892916303,0.25879555356761985,0.43675889328063244,1.0
Zm00001eb242340,1,0.7272727272727273,0.7272727272727273,0.48051948051948046,0,3.0,22,6,16,0.3637573680850473,0.4995734458464044,0.48051948051948046,1.0
Zm00001eb242360,6,0.5984848484848485,0.6818181818181818,0.07430340557275542,0,1.3076341647770218,22,12,10,0.2916874195848165,0.360472118904508,0.24688397127257564,1.0
Zm00001eb242380,1,0.6428571428571429,0.6428571428571429,0.3006993006993007,0,0.2,14,8,6,0.23444036747474528,0.32048951797290803,0.3006993006993007,1.0
Zm00001eb242460,3,0.6363636363636364,0.6818181818181818,1.0,0,0.7936507936507936,22,7,15,0.7661484846862887,0.9453398684340827,1.0,1.0
Zm00001eb242580,3,0.5757575757575757,0.6363636363636364,0.16187527642636002,0,2.9095238095238094,22,12,10,0.7986969330743229,0.901282633561402,0.6253881060529058,1.0
Zm00001eb242630,4,0.578125,0.625,0.21250000000000002,0,1.0476190476190474,16,9,7,0.15843240795313326,0.20353531784700274,0.6895982046546192,1.0
Zm00001eb242730,1,0.5833333333333334,0.5833333333333334,1.0,0,0.6666666666666666,12,7,5,0.3921647097311238,0.45474580263865383,1.0,1.0
Zm00001eb242740,1,0.5833333333333334,0.5833333333333334,0.6784560506124648,0,0.625,24,15,9,0.534570255818564,0.8249444362179214,0.6784560506124648,1.0
Zm00001eb242750,1,0.6521739130434783,0.6521739130434783,0.2806324110671937,0,5.142857142857143,23,13,10,0.7303689748705141,0.941666057486602,0.2806324110671937,1.0
Zm00001eb242790,2,0.6136363636363636,0.7272727272727273,0.08049535603715172,0,0.5634920634920635,22,11,11,0.21380456881826432,0.25592746046030745,0.28330789602238554,1.0
Zm00001eb242810,1,0.45454545454545453,0.45454545454545453,1.0,0,0.6875,22,13,9,0.4304469860542964,0.5415362685486058,1.0,1.0
Zm00001eb243010,2,0.631578947368421,0.631578947368421,1.0,0,1.8333333333333333,19,7,12,0.2540667283013799,0.40723023688899807,1.0,1.0
Zm00001eb243040,1,0.6363636363636364,0.6363636363636364,0.09637730690362269,0,,22,4,18,0.5512598352294904,0.44237643082724193,0.09637730690362269,1.0
Zm00001eb243140,3,0.746031746031746,0.8095238095238095,0.0629514963880289,0,1.183028083028083,21,5,16,0.2761055860243979,0.25485034833670367,0.05956319954981003,1.0
Zm00001eb243180,4,0.4880952380952381,0.5714285714285714,0.5047619047619049,0,1.032972582972583,21,8,13,0.2848820190671288,0.36858819515696306,0.9946978226432077,1.0
Zm00001eb243290,2,0.5454545454545454,0.5454545454545454,1.0,0,1.7916666666666665,11,4,7,1.0310837622339257,1.290715331305032,1.0,1.0
Zm00001eb243350,1,0.6190476190476191,0.6190476190476191,0.21428571428571427,0,,21,10,11,0.5156887476515427,0.6807888496963139,0.21428571428571427,1.0
Zm00001eb243360,1,0.4444444444444444,0.4444444444444444,0.5241830065359477,0,,18,4,14,0.3219722839596495,0.30980315086577265,0.5241830065359477,1.0
Zm00001eb243400,1,0.5714285714285714,0.5714285714285714,0.6730650154798761,0,0.625,21,9,12,0.11183168517655967,0.15937571824948188,0.6730650154798761,1.0
Zm00001eb243510,1,0.5263157894736842,0.5263157894736842,0.2631578947368421,0,,19,16,3,0.19781902884480268,0.1981795457438508,0.2631578947368421,1.0
Zm00001eb243530,1,0.8095238095238095,0.8095238095238095,0.3523809523809524,0,5.333333333333333,21,17,4,0.8231502870689937,0.6565384333448308,0.3523809523809524,1.0
Zm00001eb243570,1,0.25,0.25,1.0,0,,20,17,3,0.5514698802957574,0.5428094844674154,1.0,1.0
Zm00001eb243700,2,0.6304347826086957,0.6521739130434783,0.6322030372373623,0,0.5804195804195804,23,17,6,0.7368147853634205,0.871040690491619,0.7724372724844375,1.0
Zm00001eb243840,6,0.5370370370370371,0.6666666666666666,0.5294117647058824,0,1.42,18,6,12,0.7038885733154977,1.104401647429467,0.9922801000248739,1.0
Zm00001eb243880,1,0.5833333333333334,0.5833333333333334,0.49090909090909085,0,,12,9,3,0.6224886859160091,0.6469276931494555,0.49090909090909085,1.0
Zm00001eb244050,1,0.38095238095238093,0.38095238095238093,1.0,0,,21,6,15,0.8130906535447361,0.8492584281372723,1.0,1.0
Zm00001eb244080,1,0.7368421052631579,0.7368421052631579,0.5304437564499483,0,2.1666666666666665,19,15,4,0.41547742330261367,0.3089150730469412,0.5304437564499483,1.0
Zm00001eb244110,2,0.6304347826086956,0.6956521739130435,0.06775832862789385,0,1.5,23,13,10,0.12069693892871773,0.16733904330556643,0.18891731183363905,1.0
Zm00001eb244170,1,0.5,0.5,0.6161312371838688,0,0.4166666666666667,22,18,4,0.2451893772081035,0.30869193747685575,0.6161312371838688,1.0
Zm00001eb244180,1,0.4782608695652174,0.4782608695652174,1.0,0,0.4583333333333333,23,19,4,0.16960582236019683,0.18553528988981335,1.0,1.0
Zm00001eb244190,1,0.391304347826087,0.391304347826087,1.0,0,1.0769230769230769,23,3,20,0.47612179170215824,0.38312269266959104,1.0,1.0
Zm00001eb244380,1,0.5652173913043478,0.5652173913043478,0.6404053612291598,0,0.5333333333333333,23,12,11,0.6155794508832357,0.8148134586331559,0.6404053612291598,1.0
Zm00001eb244390,2,0.5681818181818181,0.6818181818181818,1.0,0,0.8452380952380953,22,4,18,0.44934446172664405,0.456153007363014,1.0,1.0
Zm00001eb244410,1,0.7058823529411765,0.7058823529411765,0.28005817711700065,0,0.2222222222222222,17,11,6,2.1686157799887336,2.234597443127275,0.28005817711700065,1.0
Zm00001eb244530,1,0.5714285714285714,0.5714285714285714,1.0,0,0.5333333333333333,14,7,7,0.24695733951691534,0.3086636312068134,1.0,1.0
Zm00001eb244560,1,0.5625,0.5625,0.2445054945054945,0,,16,5,11,0.8324378804566721,1.1426191171310636,0.2445054945054945,1.0
Zm00001eb244640,1,0.625,0.625,0.6146245059288536,0,0.5384615384615384,24,20,4,0.9333022349434968,0.90911544570442,0.6146245059288536,1.0
Zm00001eb244680,1,0.4583333333333333,0.4583333333333333,1.0,0,1.0909090909090908,24,5,19,0.26715788514138356,0.32495190048870987,1.0,1.0
Zm00001eb244720,2,0.5681818181818182,0.7272727272727273,0.5324675324675325,0,1.875,22,3,19,0.48243931952800845,0.8330518484732639,0.8680463319626548,1.0
Zm00001eb244760,1,0.6818181818181818,0.6818181818181818,1.0,0,0.8571428571428571,22,4,18,0.35728527069153865,0.3536669655747499,1.0,1.0
Zm00001eb244780,1,0.6956521739130435,0.6956521739130435,0.0995327192661962,0,0.19047619047619047,23,12,11,0.34643943162791363,0.4518566671560806,0.0995327192661962,1.0
Zm00001eb244830,1,0.7,0.7,0.4444444444444445,0,,10,5,5,1.2812875880645243,1.3988505953413086,0.4444444444444445,1.0
Zm00001eb244840,1,0.5,0.5,1.0,0,0.6,14,11,3,0.11509219656912398,0.13370490593144474,1.0,1.0
Zm00001eb244960,1,0.6363636363636364,0.6363636363636364,0.37616099071207426,0,2.6666666666666665,22,13,9,0.2883999687058878,0.324059462236046,0.37616099071207426,1.0
Zm00001eb244980,1,0.3333333333333333,0.3333333333333333,1.0,0,,24,6,18,0.3241495308368366,0.422183769311168,1.0,1.0
Zm00001eb245170,2,0.6458333333333333,0.7916666666666666,0.021488270781580783,1,0.07692307692307693,24,8,16,0.41381220660668133,0.5371396573118322,0.03481184950811002,1.0
Zm00001eb245180,2,0.6,0.7333333333333333,0.5164835164835164,0,0.9142857142857144,15,3,12,0.6624325827916153,0.6675480131769326,0.8577303244606506,1.0
Zm00001eb245220,2,0.5714285714285714,0.6190476190476191,0.3107769423558897,0,0.5666666666666667,21,11,10,0.20076548723751286,0.2652889048219944,0.673975693131124,1.0
Zm00001eb245250,1,0.25,0.25,1.0,0,,24,4,20,0.6956235564146874,1.2991091397329406,1.0,1.0
Zm00001eb245320,1,0.5454545454545454,0.5454545454545454,1.0,0,2.0,11,6,5,1.6010468516367262,2.8435654335066043,1.0,1.0
Zm00001eb245410,3,0.49122807017543857,0.5263157894736842,0.2554179566563468,0,0.45,19,13,6,0.21605798558710174,0.2239169072643107,0.8419258561432847,1.0
Zm00001eb245640,1,0.43478260869565216,0.43478260869565216,1.0,0,0.5,23,5,18,0.664799818379776,0.6844691531580183,1.0,1.0
Zm00001eb245650,2,0.7608695652173914,0.8260869565217391,0.12456239412761151,0,0.23739495798319327,23,4,19,0.45271591945752937,0.4470176493779088,0.2546038183938919,1.0
Zm00001eb245760,1,0.625,0.625,0.35722458319712325,0,3.142857142857143,24,11,13,0.526493992587809,0.6398708925836573,0.35722458319712325,1.0
Zm00001eb245840,1,0.7391304347826086,0.7391304347826086,1.0,0,1.7777777777777777,23,19,4,0.40406319349093606,0.35303625170020436,1.0,1.0
Zm00001eb245920,5,0.67,0.8,0.023014137565221155,1,0.21006944444444442,20,10,10,0.22969200872904622,0.2754161141914273,0.06995065705385822,1.0
Zm00001eb245950,3,0.543859649122807,0.5789473684210527,0.6284829721362231,0,0.5317460317460317,19,6,13,0.08237845992706273,0.09900546191704268,0.9881647496623788,1.0
Zm00001eb246010,3,0.5833333333333334,0.6,0.6168730650154799,0,1.0729166666666667,20,9,11,0.6709246116061907,0.766938633615896,0.8411449645292466,1.0
Zm00001eb246020,3,0.6363636363636364,0.7272727272727273,0.22727272727272727,0,3.6444444444444444,22,15,7,0.46204824139635486,0.5203863082507547,0.6857676562733102,1.0
Zm00001eb246040,2,0.5,0.5909090909090909,0.19321699971854772,0,3.2083333333333335,22,14,8,1.3039754255244789,1.5502075656879848,0.5108544191002324,1.0
Zm00001eb246060,1,0.6,0.6,1.0,0,1.5555555555555556,15,5,10,0.7250366505509892,0.8674711130637155,1.0,1.0
Zm00001eb246090,2,0.4444444444444444,0.4444444444444444,1.0,0,1.0,9,3,6,0.09774029176768796,0.1123689797449569,1.0,1.0
Zm00001eb246150,3,0.463768115942029,0.782608695652174,0.39525691699604737,0,4.25,23,18,5,0.1426980511387027,0.1330375336044029,0.9324169326989978,1.0
Zm00001eb246190,1,0.34782608695652173,0.34782608695652173,1.0,0,,23,6,17,1.6903204539762056,1.6161728295509878,1.0,1.0
Zm00001eb246210,2,0.46153846153846156,0.5384615384615384,1.0,0,2.0,13,10,3,0.17085124127496384,0.20701104082002664,1.0,1.0
Zm00001eb246360,3,0.5797101449275363,0.782608695652174,0.03162055335968379,1,3.7142857142857144,23,20,3,0.48867131017611026,0.3019153074216416,0.22736345237572064,1.0
Zm00001eb246370,1,0.65,0.65,0.3563467492260063,0,0.3333333333333333,20,8,12,0.577452791748469,0.7248806407963773,0.3563467492260063,1.0
Zm00001eb246410,1,0.5294117647058824,0.5294117647058824,1.0,0,0.8571428571428571,17,8,9,0.10702946673980707,0.1334602328748061,1.0,1.0
Zm00001eb246440,1,0.38095238095238093,0.38095238095238093,1.0,0,,21,15,6,0.23958737929700782,0.2907225131513481,1.0,1.0
Zm00001eb246560,2,0.5238095238095238,0.8095238095238095,0.3864661654135339,0,4.0,21,3,18,0.3184818113525031,0.25259726189117804,0.7538837829029821,1.0
Zm00001eb246580,3,0.5873015873015873,0.6190476190476191,0.31077694235588976,0,1.673015873015873,21,10,11,0.49411786840144584,0.5794071127695896,0.5861565674962699,1.0
Zm00001eb246600,1,0.782608695652174,0.782608695652174,0.4528514963297571,0,2.8333333333333335,23,3,20,0.21865416423477513,0.2029141326625714,0.4528514963297571,1.0
Zm00001eb246660,1,0.5,0.5,1.0,0,1.0,14,7,7,0.3909643142569849,0.47987921113316473,1.0,1.0
Zm00001eb246710,1,0.6521739130434783,0.6521739130434783,0.6322030372373623,0,1.625,23,17,6,0.2983031307494374,0.33273255185860234,0.6322030372373623,1.0
Zm00001eb246740,1,0.5789473684210527,0.5789473684210527,1.0,0,1.125,19,6,13,0.7136382600201979,0.7876159407145394,1.0,1.0
Zm00001eb246760,1,0.6666666666666666,0.6666666666666666,1.0,0,1.375,18,13,5,0.19736445294499133,0.29630131476826305,1.0,1.0
Zm00001eb246770,2,0.5227272727272727,0.5454545454545454,0.6461742591773553,0,1.5833333333333335,22,10,12,0.5170256501009697,0.5894198152785208,0.9283495508316418,1.0
Zm00001eb246860,1,0.7391304347826086,0.7391304347826086,0.2094861660079051,0,6.0,23,3,20,0.24369272729632918,0.22607325695128971,0.2094861660079051,1.0
Zm00001eb246990,3,0.5555555555555556,0.6190476190476191,0.6310629514963882,0,1.4166666666666667,21,8,13,0.15197183489171734,0.1934947130118832,0.856056630570093,1.0
Zm00001eb247160,1,0.42857142857142855,0.42857142857142855,1.0,0,1.0,21,15,6,0.6056266666190042,0.5194549356981283,1.0,1.0
Zm00001eb247330,4,0.5833333333333334,0.6190476190476191,0.39642772088592515,0,2.007142857142857,21,12,9,0.8512270330638873,1.0676703623632253,0.8101457289038817,1.0
Zm00001eb247540,1,0.5263157894736842,0.5263157894736842,1.0,0,0.5833333333333334,19,6,13,0.8626794447198801,0.9219340091527161,1.0,1.0
Zm00001eb247580,2,0.5263157894736842,0.5263157894736842,1.0,0,0.625,19,9,10,0.9218729968217431,1.1262914908141726,1.0,1.0
Zm00001eb247710,5,0.5833333333333333,0.6666666666666666,0.36176409402954013,0,1.1276923076923078,24,18,6,0.452704815414976,0.4869233865079156,0.8914877285105074,1.0
Zm00001eb247750,2,0.5,0.5714285714285714,0.25824175824175827,0,,14,3,11,1.164271569187586,1.1138418822462275,0.607864708858443,1.0
Zm00001eb247800,1,0.5789473684210527,0.5789473684210527,1.0,0,1.125,19,13,6,0.39620289303757444,0.5671123290601159,1.0,1.0
Zm00001eb247860,2,0.5454545454545454,0.6363636363636364,0.23636363636363636,0,0.8333333333333334,11,3,8,0.33413537053940884,0.46899156873438674,0.5772907229276754,1.0
Zm00001eb248160,1,0.5,0.5,0.5151515151515151,0,,12,4,8,0.7281102702347311,0.9511253348011707,0.5151515151515151,1.0
Zm00001eb248170,1,0.5,0.5,1.0,0,1.8,12,4,8,1.2332956317210038,2.364159782253869,1.0,1.0
Zm00001eb248280,2,0.6071428571428571,0.7857142857142857,0.3956043956043956,0,0.6714285714285714,14,11,3,0.7285523502052419,0.5843303691937144,0.7624644005515016,1.0
Zm00001eb248290,2,0.625,0.6875,0.1451048951048951,0,0.4238095238095238,16,9,7,0.31171007362377484,0.35896424054305787,0.4252006395758843,1.0
Zm00001eb248330,2,0.34782608695652173,0.391304347826087,1.0,0,0.7222222222222222,23,4,19,0.21176925936033064,0.2247537543981199,1.0,1.0
Zm00001eb248350,6,0.537878787878788,0.7727272727272727,0.09637730690362269,0,2.826839826839827,22,4,18,0.5072257805553781,0.4286363130297034,0.5954479141785256,1.0
Zm00001eb248370,3,0.5666666666666667,0.65,0.051496388028895765,0,0.5555555555555556,20,7,13,0.670196326391594,0.8116761450798138,0.11331999726608341,1.0
Zm00001eb248460,1,0.5454545454545454,0.5454545454545454,1.0,0,1.25,22,18,4,0.8115695989230466,0.6345173225566243,1.0,1.0
Zm00001eb248520,2,0.5476190476190477,0.5714285714285714,0.3383458646616541,0,0.4107142857142857,21,9,12,0.7163445965645774,0.8113486533686154,0.5578097381065974,1.0
Zm00001eb248540,5,0.5700000000000001,0.65,0.05149638802889577,0,1.8148148148148147,20,14,6,1.1462499516093936,1.1301218745757466,0.6393313131844645,1.0
Zm00001eb248610,1,0.6875,0.6875,0.28205128205128216,0,0.14285714285714285,16,8,8,2.589909074077491,2.8846356446147983,0.28205128205128216,1.0
Zm00001eb248620,2,0.775,0.8,0.014654282765737877,2,15.0,20,12,8,1.9044850095532566,1.9839689123072974,0.0026020625713154507,1.0
Zm00001eb248630,2,0.5869565217391304,0.6086956521739131,0.4136492125454301,0,2.065,23,12,11,0.38284882191906855,0.5017802963704555,0.6402949239479252,1.0
Zm00001eb248650,2,0.5681818181818181,0.6818181818181818,0.3426212590299278,0,0.39826839826839827,22,14,8,0.14038729028535651,0.19738754545438056,0.7096130458900518,1.0
Zm00001eb248780,3,0.5555555555555555,0.625,0.16598561621444918,0,3.75,24,6,18,0.4943221230585382,1.0275511381360438,0.4056253792830135,1.0
Zm00001eb248800,2,0.575,0.7,0.27017543859649124,0,1.0041666666666667,20,7,13,0.8415656274269441,1.1846929082784232,0.6237496470103596,1.0
Zm00001eb248880,5,0.5789473684210527,0.631578947368421,0.61687306501548,0,0.9231746031746033,19,13,6,0.5523004219439763,0.6215272597744861,0.985268363987419,1.0
Zm00001eb248930,2,0.525,0.6,0.32853457172342626,0,0.9972222222222222,20,13,7,0.6227550909111402,0.7058744578522481,0.6942307419483162,1.0
Zm00001eb248950,7,0.6285714285714287,0.75,0.108875128998968,0,3.8333333333333335,20,15,5,0.12238955766759232,0.13204611357994916,0.6544838207832915,1.0
Zm00001eb248960,2,0.5789473684210527,0.631578947368421,0.37651821862348184,0,1.0803571428571428,19,7,12,0.8573318065445497,0.9483000876442544,0.5924794912563536,1.0
Zm00001eb249060,1,0.5454545454545454,0.5454545454545454,1.0,0,1.5238095238095237,22,7,15,0.5861515447841479,0.7422409992452101,1.0,1.0
Zm00001eb249090,2,0.5277777777777778,0.5555555555555556,0.24509803921568624,0,1.0,18,14,4,1.955715690095186,1.7799934405182714,0.5897296540235466,1.0
Zm00001eb249130,1,0.7142857142857143,0.7142857142857143,0.06346749226006193,0,0.09259259259259259,21,14,7,0.3152688830850251,0.38161872539987945,0.06346749226006193,1.0
Zm00001eb249150,3,0.4696969696969697,0.5454545454545454,0.5352016404647985,0,0.3333333333333333,22,18,4,0.5668551619293449,0.5367870008235204,0.7410512441181614,1.0
Zm00001eb249230,1,0.6956521739130435,0.6956521739130435,0.525691699604743,0,2.5,23,16,7,0.3490489332985875,0.3654569230465421,0.525691699604743,1.0
Zm00001eb249240,1,0.5454545454545454,0.5454545454545454,1.0,0,1.3333333333333333,11,4,7,0.3272971997080869,0.35145104421643925,1.0,1.0
Zm00001eb249260,2,0.6153846153846154,0.6153846153846154,0.4615384615384615,0,,13,7,6,0.7395995991825084,0.9502751549544582,0.5424240943953296,1.0
Zm00001eb249380,3,0.49275362318840576,0.6956521739130435,0.2968587476596629,0,0.4532051282051282,23,18,5,0.24056974032771275,0.21638327844029268,0.7220142239893035,1.0
Zm00001eb249390,1,0.5217391304347826,0.5217391304347826,0.6570197873199622,0,0.5,23,8,15,0.22363093350104454,0.25089546708029337,0.6570197873199622,1.0
Zm00001eb249400,2,0.5227272727272727,0.6363636363636364,1.0,0,0.8525641025641026,22,8,14,0.814576688928467,0.9360084870112154,1.0,1.0
Zm00001eb249420,1,0.6,0.6,0.32853457172342626,0,0.19444444444444445,20,7,13,0.5689610971031526,0.6774852795027628,0.32853457172342626,1.0
Zm00001eb249700,2,0.5625,0.625,1.0,0,2.0,8,4,4,0.2638434482478875,0.3266416472611122,1.0,1.0
Zm00001eb249960,4,0.7291666666666666,0.8333333333333334,0.12727272727272726,0,5.875,12,9,3,0.6099378300490864,0.7238713844791365,0.6808218115927795,1.0
Zm00001eb250050,4,0.6521739130434783,0.782608695652174,0.022760924631970533,1,0.34305555555555556,23,8,15,0.5116582260652413,0.7014533933069718,0.040473908179451894,1.0
Zm00001eb250120,2,0.7307692307692308,0.7692307692307693,0.06993006993006992,0,,13,3,10,0.6065536599623305,0.7069922712713234,0.07139481122718185,1.0
Zm00001eb250150,3,0.6,0.7,0.27017543859649124,0,3.5,20,13,7,0.8869125417997639,1.0028316499655603,0.5454364993874141,1.0
Zm00001eb250220,2,0.75,0.8,0.3684210526315789,0,3.2222222222222223,20,16,4,0.7068754391578574,0.6663326870543753,0.7363000953040995,1.0
Zm00001eb250590,1,0.5652173913043478,0.5652173913043478,1.0,0,0.75,23,10,13,0.2722270611191763,0.3532841902871991,1.0,1.0
Zm00001eb250610,2,0.6041666666666667,0.625,0.16598561621444918,0,3.225,24,6,18,0.26234987812677407,0.28743773374202275,0.21905106234801652,1.0
Zm00001eb250640,4,0.6071428571428571,0.6666666666666666,0.3457516339869281,0,1.4663947163947164,21,7,14,0.4085325276235628,0.47082479206360095,0.976970062048813,1.0
Zm00001eb250760,1,0.5652173913043478,0.5652173913043478,1.0,0,1.3333333333333333,23,10,13,0.3447745973746766,0.48261635720754115,1.0,1.0
Zm00001eb250770,1,0.5789473684210527,0.5789473684210527,1.0,0,1.125,19,6,13,0.6253602960122022,0.6538419242396405,1.0,1.0
Zm00001eb250910,1,0.6190476190476191,0.6190476190476191,0.3614551083591332,0,3.0,21,11,10,0.38863716527993636,0.4381349586487943,0.3614551083591332,1.0
Zm00001eb250940,3,0.5087719298245613,0.7894736842105263,0.037925696594427245,1,0.49242424242424243,19,5,14,0.6499990705756293,0.7375921951348766,0.3650550035359952,1.0
Zm00001eb251020,1,0.5714285714285714,0.5714285714285714,1.0,0,0.6666666666666666,7,4,3,0.6990747674100984,0.8286703229998019,1.0,1.0
Zm00001eb251030,1,0.4444444444444444,0.4444444444444444,1.0,0,1.6666666666666667,18,6,12,0.36683481370520343,0.3600176224733567,1.0,1.0
Zm00001eb251070,8,0.5271739130434783,0.6956521739130435,0.08937945887737245,0,2.186715367965368,23,14,9,0.4885073086860172,0.5969558226291358,0.9550389165332694,1.0
Zm00001eb251370,3,0.7592592592592592,0.8333333333333334,0.024509803921568627,1,6.6,18,6,12,0.6859163936960877,0.7828511917434439,0.05386817691341964,1.0
Zm00001eb251380,1,0.4090909090909091,0.4090909090909091,1.0,0,0.8571428571428571,22,3,19,0.5816837454974167,0.476277528382204,1.0,1.0
Zm00001eb251400,2,0.525,0.55,1.0,0,0.8333333333333333,20,10,10,0.3774520794439717,0.44449735483811814,1.0,1.0
Zm00001eb251410,1,0.6,0.6,0.21842105263157896,0,,20,11,9,0.1398573377886562,0.1847220081231551,0.21842105263157896,1.0
Zm00001eb251420,3,0.5714285714285715,0.6190476190476191,0.3964277208859252,0,1.6136363636363638,21,9,12,0.2828584208226986,0.33973003503164784,0.7710406965728513,1.0
Zm00001eb251630,1,0.6,0.6,1.0,0,0.6428571428571429,15,5,10,0.3114945141375872,0.44716548547775886,1.0,1.0
Zm00001eb251870,1,0.5882352941176471,0.5882352941176471,0.5764705882352943,0,0.375,17,3,14,0.7014851228014962,0.8857838309256566,0.5764705882352943,1.0
Zm00001eb251920,1,0.391304347826087,0.391304347826087,1.0,0,1.3846153846153846,23,16,7,0.4298163463909651,0.48580269019243294,1.0,1.0
Zm00001eb251980,3,0.5777777777777778,0.8,0.07692307692307693,0,5.055555555555555,15,5,10,0.4159538835715989,0.43920378909029334,0.5272639969717472,1.0
Zm00001eb251990,1,0.6190476190476191,0.6190476190476191,0.3665634674922601,0,3.5,21,13,8,0.5040969912371501,0.6611710432393906,0.3665634674922601,1.0
Zm00001eb252030,3,0.5507246376811593,0.5652173913043478,0.5900621118012421,0,1.0814814814814815,23,11,12,0.2943842733475647,0.3530599029220114,0.9092982288293423,1.0
Zm00001eb252040,1,0.625,0.625,0.23351648351648352,0,,16,6,10,0.45536086399312076,0.5268459159069214,0.23351648351648352,1.0
Zm00001eb252050,2,0.6944444444444444,0.7222222222222222,0.08235294117647057,0,4.375,18,9,9,0.45662959789123403,0.5870287379584846,0.12659326349522315,1.0
Zm00001eb252170,2,0.625,0.75,0.1818181818181818,0,,12,9,3,0.4728392956150336,0.45335562724918943,0.31284809746869213,1.0
Zm00001eb252180,1,0.6111111111111112,0.6111111111111112,1.0,0,1.5,18,6,12,0.7543430469397414,0.812969180163868,1.0,1.0
Zm00001eb252190,1,0.6153846153846154,0.6153846153846154,0.5594405594405595,0,3.0,13,6,7,0.5303844577523824,0.6139445355068994,0.5594405594405595,1.0
Zm00001eb252240,3,0.42857142857142855,0.5714285714285714,1.0,0,1.1166666666666667,21,5,16,0.41178713986901533,0.4706285451651828,1.0,1.0
Zm00001eb252250,1,0.5789473684210527,0.5789473684210527,0.6284829721362228,0,0.42857142857142855,19,13,6,0.260012680467004,0.349413432373775,0.6284829721362228,1.0
Zm00001eb252260,1,0.6875,0.6875,1.0,0,1.6666666666666667,16,4,12,0.40701609145124173,0.6423101676365198,1.0,1.0
Zm00001eb252330,1,0.6,0.6,0.3188854489164087,0,4.571428571428571,20,15,5,0.2606073195965237,0.2616509171025027,0.3188854489164087,1.0
Zm00001eb252380,3,0.6956521739130435,0.8260869565217391,0.3241106719367588,0,3.0833333333333335,23,4,19,1.3841398138990035,1.0922525158627518,0.4527196895278407,1.0
Zm00001eb252400,1,0.7619047619047619,0.7619047619047619,0.42857142857142855,0,3.75,21,5,16,0.21399137562975473,0.19060861892869288,0.42857142857142855,1.0
Zm00001eb252420,1,0.25,0.25,1.0,0,,20,17,3,0.25621467820892035,0.223385353045086,1.0,1.0
Zm00001eb252440,1,0.47619047619047616,0.47619047619047616,1.0,0,1.6,21,12,9,0.22514876022462318,0.3135322827609435,1.0,1.0
Zm00001eb252510,2,0.4565217391304348,0.4782608695652174,0.525691699604743,0,0.9166666666666666,23,15,8,0.14762623234968753,0.19989838373568306,0.8637326796334661,1.0
Zm00001eb252530,2,0.625,0.6666666666666666,0.16304347826086957,0,0.6923076923076923,24,14,10,0.5757641446113976,0.7527869270725813,0.45876169173046144,1.0
Zm00001eb252540,1,0.65,0.65,0.21052631578947367,0,,20,3,17,0.9068824072813009,0.9443545316786436,0.21052631578947367,1.0
Zm00001eb252640,1,0.8181818181818182,0.8181818181818182,0.004784688995215311,1,,22,9,13,0.7167857435825765,0.7972380008758658,0.004784688995215311,1.0
Zm00001eb252680,1,0.5,0.5,1.0,0,1.6666666666666667,22,14,8,0.1670863581375401,0.19741973484290826,1.0,1.0
Zm00001eb252780,1,0.3,0.3,1.0,0,,20,16,4,0.22658972865157362,0.2431830216380692,1.0,1.0
Zm00001eb252800,1,0.5416666666666666,0.5416666666666666,0.35770750988142297,0,3.6,24,10,14,0.6795312450582346,0.821732595370394,0.35770750988142297,1.0
Zm00001eb252870,2,0.3333333333333333,0.3333333333333333,1.0,0,,15,3,12,0.21185286400719186,0.26046655923077944,1.0,1.0
Zm00001eb252920,3,0.536231884057971,0.7391304347826086,0.2704686617730096,0,0.26666666666666666,23,17,6,1.386703387231173,1.505589424070079,0.5328883546765595,1.0
Zm00001eb252930,1,0.5833333333333334,0.5833333333333334,0.6751749899044286,0,1.875,24,13,11,0.2970066276053353,0.3722594795006219,0.6751749899044286,1.0
Zm00001eb252940,1,0.5,0.5,1.0,0,1.7777777777777777,20,17,3,0.5898324069079448,0.5923942358934948,1.0,1.0
Zm00001eb253140,2,0.5833333333333334,0.7777777777777778,0.44240196078431376,0,0.6538461538461539,18,15,3,0.11757328155464226,0.0932043037607604,0.803196861744942,1.0
Zm00001eb253150,1,0.25,0.25,1.0,0,,24,21,3,0.37273561469531513,0.35401271242781013,1.0,1.0
Zm00001eb253350,1,0.4782608695652174,0.4782608695652174,1.0,0,0.9,23,9,14,0.6391545081156689,0.7516190997569651,1.0,1.0
Zm00001eb253500,2,0.6363636363636364,0.7727272727272727,0.05235012665353223,0,0.6333333333333334,22,7,15,0.47214880668464826,0.5405299052134219,0.2067725785390532,1.0
Zm00001eb253530,1,0.6470588235294118,0.6470588235294118,1.0,0,1.25,17,14,3,0.2922168784876177,0.2730521622249199,1.0,1.0
Zm00001eb253580,1,0.6,0.6,1.0,0,1.6,15,6,9,1.7461476083100922,1.8761539146949526,1.0,1.0
Zm00001eb253620,1,0.3181818181818182,0.3181818181818182,1.0,0,,22,3,19,0.42565782640093636,0.36298867147526603,1.0,1.0
Zm00001eb253690,1,0.47619047619047616,0.47619047619047616,1.0,0,0.75,21,15,6,0.470107439616073,0.5489311980889711,1.0,1.0
Zm00001eb253740,1,0.6190476190476191,0.6190476190476191,1.0,0,1.7142857142857142,21,13,8,0.3881439806977981,0.48873703649316835,1.0,1.0
Zm00001eb253750,2,0.6428571428571428,0.7142857142857143,0.4285714285714286,0,2.0,7,3,4,0.7820266067936966,0.8454690306719893,0.7916990830230872,1.0
Zm00001eb253770,1,0.45,0.45,1.0,0,1.4,20,3,17,0.7222823889421177,1.0857931379730519,1.0,1.0
Zm00001eb253820,1,0.5217391304347826,0.5217391304347826,1.0,0,1.5,23,9,14,0.27909560360639113,0.33190256746863855,1.0,1.0
Zm00001eb253850,2,0.41666666666666663,0.5,0.2663043478260869,0,,24,3,21,0.6021144543933318,0.4957936195416227,0.6186557473664109,1.0
Zm00001eb253910,2,0.5526315789473684,0.6842105263157895,1.0,0,0.4166666666666667,19,13,6,0.6623786908990108,0.8573524535085372,1.0,1.0
Zm00001eb253960,4,0.5340909090909091,0.5909090909090909,0.6240601503759399,0,1.505871212121212,22,5,17,0.619737737622046,0.6729412653767051,0.9985833891051995,1.0
Zm00001eb253990,2,0.6499999999999999,0.7,0.5657894736842106,0,0.4826923076923077,20,3,17,0.4257016196390378,0.3909573401005109,0.8880253770722244,1.0
Zm00001eb254030,1,0.5,0.5,1.0,0,1.25,16,5,11,0.2025172661678029,0.27320732252386093,1.0,1.0
Zm00001eb254100,1,0.7619047619047619,0.7619047619047619,0.11455108359133126,0,0.15384615384615385,21,5,16,0.6935013396377546,0.7070649922970187,0.11455108359133126,1.0
Zm00001eb254120,2,0.71875,0.8125,0.06318681318681318,0,1.0333333333333334,16,4,12,0.7685717219413596,0.8266168447514232,0.16288673637950862,1.0
Zm00001eb254130,3,0.6190476190476191,0.7142857142857143,0.14617425917735516,0,4.4,21,8,13,0.7540215158467903,1.228390490073308,0.28048962983145653,1.0
Zm00001eb254150,2,0.6190476190476191,0.6666666666666666,1.0,0,1.017094017094017,21,5,16,0.8119404270880366,0.8898258472409025,1.0,1.0
Zm00001eb254270,1,0.45,0.45,0.5210526315789474,0,,20,14,6,0.1868195414502334,0.1953919105823546,0.5210526315789474,1.0
Zm00001eb254280,1,0.5714285714285714,0.5714285714285714,0.6594427244582044,0,0.5142857142857142,21,11,10,0.44955036576022694,0.5870237688381286,0.6594427244582044,1.0
Zm00001eb254290,1,0.6,0.6,0.628482972136223,0,0.375,20,10,10,0.6468420630291036,0.8962567284968561,0.628482972136223,1.0
Zm00001eb254350,3,0.5873015873015873,0.6666666666666666,0.5308270676691729,0,0.9409090909090909,21,3,18,0.9961001303638861,0.813573196897086,0.9734654200103279,1.0
Zm00001eb254390,1,0.7272727272727273,0.7272727272727273,0.48051948051948057,0,0.3333333333333333,22,6,16,0.44571602731865506,0.5697845428740725,0.48051948051948057,1.0
Zm00001eb254450,1,0.7894736842105263,0.7894736842105263,0.15479876160990713,0,8.666666666666666,19,16,3,0.26180847366958,0.19537453654741396,0.15479876160990713,1.0
Zm00001eb254540,1,0.6521739130434783,0.6521739130434783,0.6322030372373623,0,0.6153846153846154,23,17,6,0.5520497192651532,0.870245128261958,0.6322030372373623,1.0
Zm00001eb254560,1,0.9166666666666666,0.9166666666666666,0.01818181818181818,1,,12,9,3,1.6957000255207129,1.8900809968865362,0.01818181818181818,1.0
Zm00001eb254570,2,0.5,0.5625,1.0,0,0.8571428571428571,16,5,11,0.4264124029333842,0.4435154477604012,1.0,1.0
Zm00001eb254930,2,0.6111111111111112,0.6666666666666666,0.29411764705882354,0,0.296875,18,9,9,1.2789233704416119,1.5265376192636346,0.6540515975359165,1.0
Zm00001eb255120,1,0.391304347826087,0.391304347826087,0.5392433653303218,0,,23,4,19,0.18516888507648052,0.18692770813381268,0.5392433653303218,1.0
Zm00001eb255190,1,0.3157894736842105,0.3157894736842105,1.0,0,,19,15,4,0.7659594978152371,0.8476942618556044,1.0,1.0
Zm00001eb255210,2,0.6818181818181819,0.7727272727272727,0.47012987012987006,0,0.5056818181818181,22,18,4,1.3465102892854663,1.2655242892241012,0.824958651550583,1.0
Zm00001eb255290,2,0.53125,0.5625,0.25,0,,16,6,10,0.6439124236100894,1.1653001280340922,0.3849301927099795,1.0
Zm00001eb255310,1,0.4090909090909091,0.4090909090909091,1.0,0,1.1666666666666667,22,14,8,0.37436490980811143,0.46412415105834626,1.0,1.0
Zm00001eb255340,2,0.5294117647058824,0.5882352941176471,0.6436651583710407,0,1.4107142857142856,17,7,10,0.7027539226319354,0.6932497285601359,0.9272489837363538,1.0
Zm00001eb255510,1,0.5454545454545454,0.5454545454545454,1.0,0,0.7777777777777778,22,16,6,0.44626418120560474,0.5259281068124206,1.0,1.0
Zm00001eb255520,1,0.625,0.625,1.0,0,1.125,16,13,3,0.7878089992169867,0.6252560220405591,1.0,1.0
Zm00001eb255570,1,0.5555555555555556,0.5555555555555556,0.5000000000000001,0,,9,3,6,0.42200264413926436,0.4548095005084283,0.5000000000000001,1.0
Zm00001eb255600,1,0.6666666666666666,0.6666666666666666,0.3146853146853147,0,4.0,15,7,8,0.7359726661395353,1.238753238325755,0.3146853146853147,1.0
Zm00001eb255690,2,0.5681818181818181,0.6818181818181818,0.18699690402476785,0,0.72,22,8,14,0.13316526604263748,0.15384724411798867,0.5005277349356843,1.0
Zm00001eb255730,1,0.42857142857142855,0.42857142857142855,1.0,0,0.875,14,11,3,0.34908574977786283,0.4979979743026204,1.0,1.0
Zm00001eb255760,1,0.47368421052631576,0.47368421052631576,1.0,0,2.0,19,15,4,0.6956102823471478,0.8791260855164775,1.0,1.0
Zm00001eb255850,2,0.625,0.65,0.36184805906168127,0,3.0952380952380953,20,9,11,0.2811400515925675,0.32932326272923323,0.5294444464465362,1.0
Zm00001eb255960,3,0.6060606060606061,0.6818181818181818,0.14860681114551083,0,1.4050793650793654,22,11,11,0.20809545538871985,0.2694103019199984,0.5800889937093403,1.0
Zm00001eb255980,3,0.5740740740740741,0.7222222222222222,0.4901960784313726,0,1.3730158730158732,18,5,13,1.331691086568744,1.3336133461955668,0.879631634711656,1.0
Zm00001eb256110,1,0.6521739130434783,0.6521739130434783,0.21375689864046304,0,0.2777777777777778,23,9,14,0.6500792551744256,0.79889094161315,0.21375689864046304,1.0
Zm00001eb256150,1,0.391304347826087,0.391304347826087,1.0,0,0.65,23,5,18,0.06680586531603509,0.062316858162777676,1.0,1.0
Zm00001eb256170,1,0.391304347826087,0.391304347826087,1.0,0,1.3846153846153846,23,16,7,0.14439275636039242,0.16535999691984177,1.0,1.0
Zm00001eb256260,2,0.5208333333333333,0.5416666666666666,0.6784560506124646,0,1.421875,24,9,15,1.2712814790857172,1.4105529120055251,0.9416532894938272,1.0
Zm00001eb256270,2,0.5869565217391304,0.6521739130434783,0.3428333680049927,0,0.6354166666666666,23,14,9,0.15009033537146374,0.2288456150752279,0.7098401764584248,1.0
Zm00001eb256330,1,0.5714285714285714,0.5714285714285714,1.0,0,1.35,21,8,13,0.8711455420605058,0.9510206324879983,1.0,1.0
Zm00001eb256360,3,0.6296296296296297,0.7777777777777778,0.012820512820512822,1,,18,10,8,0.37624080868460624,0.44344666420606516,0.06966596649956577,1.0
Zm00001eb256420,1,0.5,0.5,1.0,0,1.0,8,4,4,0.7702314626133288,0.8737953406364936,1.0,1.0
Zm00001eb256430,1,0.6,0.6,0.5692307692307692,0,2.8,15,8,7,0.19204402837556006,0.25499462786129695,0.5692307692307692,1.0
Zm00001eb256460,4,0.6617647058823529,0.7647058823529411,0.049773755656108594,1,6.375,17,6,11,1.4087320083345194,1.5838548728557778,0.22684196636990744,1.0
Zm00001eb256520,1,0.5454545454545454,0.5454545454545454,1.0,0,0.8,22,12,10,0.38332009702731457,0.5404579081486578,1.0,1.0
Zm00001eb256530,1,0.391304347826087,0.391304347826087,0.5392433653303218,0,,23,6,17,1.7715332773348977,1.6669528095719652,0.5392433653303218,1.0
Zm00001eb256540,1,0.625,0.625,0.5503952569169961,0,0.3076923076923077,24,14,10,0.25493443793024806,0.319096599882693,0.5503952569169961,1.0
Zm00001eb256560,1,0.4090909090909091,0.4090909090909091,1.0,0,0.8571428571428571,22,14,8,0.2457731168688664,0.2591677613038234,1.0,1.0
Zm00001eb256600,3,0.65,0.8,0.019766611097880447,1,0.32380952380952377,20,8,12,0.20773236745027682,0.26927976502732875,0.09863789750439272,1.0
Zm00001eb256700,1,0.4375,0.4375,1.0,0,0.8,16,6,10,0.26198388999639965,0.3049471747783722,1.0,1.0
Zm00001eb256880,1,0.5454545454545454,0.5454545454545454,1.0,0,0.6666666666666666,11,5,6,0.17224140735294705,0.22129567751870663,1.0,1.0
Zm00001eb256950,2,0.5681818181818181,0.6363636363636364,0.6302244582043344,0,1.33125,22,7,15,0.4153895197874378,0.6175496745857592,0.9211860072148738,1.0
Zm00001eb257000,1,0.5,0.5,1.0,0,2.142857142857143,16,12,4,0.27625695469417155,0.4016975367498622,1.0,1.0
Zm00001eb257010,2,0.5714285714285714,0.5714285714285714,0.22857142857142854,0,,21,12,9,0.2667934971871737,0.3206454452677314,0.20646206900867417,1.0
Zm00001eb257070,1,0.5294117647058824,0.5294117647058824,0.2605042016806723,0,,17,12,5,0.7839696036718328,0.7458194187624676,0.2605042016806723,1.0
Zm00001eb257250,1,0.5909090909090909,0.5909090909090909,0.11496924128503073,0,,22,9,13,0.36579330683804334,0.40514780987557936,0.11496924128503073,1.0
Zm00001eb257360,3,0.6666666666666666,0.7916666666666666,0.43675889328063233,0,1.3194444444444444,24,21,3,0.15528121029641404,0.13398251400735225,0.813872962147461,1.0
Zm00001eb257390,3,0.6811594202898551,0.8260869565217391,0.12456239412761151,0,0.2817200954455856,23,4,19,0.5703989656892928,0.4802080134159428,0.3856939383680243,1.0
Zm00001eb257400,2,0.6875,0.75,0.4642857142857143,0,0.125,8,3,5,0.9238575708277368,1.1508032079864061,0.546342144919923,1.0
Zm00001eb257410,1,0.5652173913043478,0.5652173913043478,0.12211358435614728,0,,23,5,18,0.19190550767839767,0.19301318608464701,0.12211358435614728,1.0
Zm00001eb257440,1,0.75,0.75,0.5212450592885375,0,2.125,24,19,5,0.5930066122657975,0.5234467264382854,0.5212450592885375,1.0
Zm00001eb257450,1,0.75,0.75,0.2142857142857143,0,0.15,16,5,11,0.19233342006534304,0.22947378615353733,0.2142857142857143,1.0
Zm00001eb257520,1,0.75,0.75,0.544042913608131,0,0.5294117647058824,24,20,4,0.8640352717234533,0.6628692017639634,0.544042913608131,1.0
Zm00001eb257590,1,0.5,0.5,0.49473684210526314,0,,20,8,12,0.5173253152921328,0.6448190155428144,0.49473684210526314,1.0
Zm00001eb257630,1,0.42857142857142855,0.42857142857142855,0.5321637426900585,0,,21,4,17,0.3017705263837187,0.33531024710743007,0.5321637426900585,1.0
Zm00001eb257640,1,0.47368421052631576,0.47368421052631576,0.5170278637770898,0,,19,16,3,0.25986235662604534,0.18740113837180453,0.5170278637770898,1.0
Zm00001eb257660,3,0.6315789473684211,0.8947368421052632,0.03508771929824561,1,0.36363636363636365,19,15,4,0.15004205261880246,0.1647201894574712,0.2478436318755819,1.0
Zm00001eb257720,3,0.6527777777777778,0.75,0.03274330327096514,1,0.427994227994228,24,11,13,0.1090827386516449,0.14127010115780936,0.06589970642105471,1.0
Zm00001eb257770,2,0.5625,0.625,0.1992753623188406,0,1.0285714285714285,24,13,11,0.28017312104657405,0.34201775956503905,0.520720008792237,1.0
Zm00001eb257810,1,0.5416666666666666,0.5416666666666666,1.0,0,1.5,24,12,12,0.7439831013538617,0.929000263993358,1.0,1.0
Zm00001eb257860,1,0.5238095238095238,0.5238095238095238,0.6594427244582043,0,0.5714285714285714,21,6,15,0.3472418570583363,0.39207693530649446,0.6594427244582043,1.0
Zm00001eb257880,2,0.6363636363636364,0.6818181818181818,0.12064921662444883,0,2.3333333333333335,22,7,15,0.5562231266177364,0.6746506330222488,0.37580638166249736,1.0
Zm00001eb257890,1,0.6956521739130435,0.6956521739130435,0.3184938631162887,0,0.3076923076923077,23,7,16,0.1527216512683816,0.16770742892819557,0.3184938631162887,1.0
Zm00001eb257900,2,0.6428571428571428,0.7142857142857143,0.4285714285714286,0,0.5,7,4,3,0.9730672900756908,1.5433709653507177,0.7916990830230872,1.0
Zm00001eb257920,3,0.6060606060606061,0.6363636363636364,0.3107769423558897,0,0.33796296296296297,22,11,11,1.2263646194481677,2.864912193244026,0.666125449661505,1.0
Zm00001eb257960,2,0.5416666666666666,0.6666666666666666,0.3563553151653838,0,2.2153846153846155,24,9,15,0.1860382319427245,0.24136828603880042,0.7240523401025873,1.0
Zm00001eb258050,6,0.6060606060606061,0.7272727272727273,0.11674641148325361,0,3.37031746031746,22,8,14,0.530573411586009,0.6696102078350208,0.5749476117626164,1.0
Zm00001eb258070,4,0.5909090909090908,0.6818181818181818,0.07792207792207792,0,1.4595959595959596,22,10,12,0.16626377034173537,0.2289865497276387,0.3772016284970214,1.0
Zm00001eb258090,1,0.6,0.6,0.6424148606811144,0,0.46875,20,9,11,0.5684653481348143,0.8065800381218452,0.6424148606811144,1.0
Zm00001eb258100,1,0.65,0.65,0.5867905056759546,0,0.45454545454545453,20,13,7,0.8721368938407276,1.1905523777007685,0.5867905056759546,1.0
Zm00001eb258200,1,0.5263157894736842,0.5263157894736842,0.6026831785345717,0,0.3333333333333333,19,7,12,0.26379592875462093,0.47800756959444424,0.6026831785345717,1.0
Zm00001eb258290,3,0.5277777777777778,0.75,0.5440429136081311,0,1.4444444444444444,24,4,20,0.424578796494131,0.3051638143189749,0.976013814751646,1.0
Zm00001eb258330,2,0.625,0.6666666666666666,0.27206851119894604,0,0.811965811965812,24,10,14,0.3319067008204278,0.4117648233752681,0.626220463598647,1.0
Zm00001eb258380,1,0.4166666666666667,0.4166666666666667,1.0,0,1.6153846153846154,24,4,20,0.15861321509462345,0.14057562059579887,1.0,1.0
Zm00001eb258440,2,0.45,0.65,1.0,0,0.8333333333333334,20,17,3,1.5262017696532852,1.152964226678344,1.0,1.0
Zm00001eb258460,6,0.572463768115942,0.8260869565217391,0.1072840203274986,0,6.227564102564103,23,20,3,0.4578823518282387,1.5517445133811025,0.5937235333484316,1.0
Zm00001eb258480,4,0.5543478260869565,0.6521739130434783,0.1930273253466146,0,3.5625,23,8,15,0.32593761949829575,0.34341238476847324,0.33164722296407606,1.0
Zm00001eb258570,1,0.6666666666666666,0.6666666666666666,0.1630434782608696,0,,24,10,14,0.19124829232304308,0.2491300672632556,0.1630434782608696,1.0
Zm00001eb258600,1,0.631578947368421,0.631578947368421,1.0,0,0.5454545454545454,19,7,12,0.15289210302932163,0.20867041577295953,1.0,1.0
Zm00001eb258670,1,0.6086956521739131,0.6086956521739131,0.3707093821510298,0,2.857142857142857,23,11,12,0.34753799131374297,0.45247669418926423,0.3707093821510298,1.0
Zm00001eb258680,1,0.782608695652174,0.782608695652174,0.4528514963297572,0,0.35294117647058826,23,20,3,0.6689420185459733,0.5980493935655722,0.4528514963297572,1.0
Zm00001eb258740,4,0.5416666666666666,0.6666666666666666,0.19206365716663198,0,1.3106060606060606,24,18,6,0.29636247812369787,0.30741256575730846,0.6060088951333145,1.0
Zm00001eb258800,1,0.5555555555555556,0.5555555555555556,0.6380090497737556,0,2.0,18,8,10,0.2466165884809304,0.31908262367782037,0.6380090497737556,1.0
Zm00001eb258850,2,0.6304347826086956,0.6956521739130435,0.09953271926619618,0,5.333333333333333,23,11,12,1.4184535319055198,1.5942832379079375,0.19254624338986143,1.0
Zm00001eb258860,1,0.7368421052631579,0.7368421052631579,0.12874097007223942,0,6.666666666666667,19,7,12,0.6664847214189958,0.8531481735529391,0.12874097007223942,1.0
Zm00001eb258890,1,0.625,0.625,0.40284695113743435,0,0.4,24,14,10,0.23912464528581723,0.40043177092857624,0.40284695113743435,1.0
Zm00001eb258900,1,0.6190476190476191,0.6190476190476191,0.5533834586466165,0,0.3181818181818182,21,18,3,0.25529180146692204,0.301227239241812,0.5533834586466165,1.0
Zm00001eb258980,1,0.3888888888888889,0.3888888888888889,1.0,0,1.0,18,6,12,0.6989204351295721,0.9775821536725735,1.0,1.0
Zm00001eb259000,2,0.75,0.7777777777777778,0.09803921568627451,0,5.0,18,12,6,0.5844469610928711,0.6340685518616361,0.12196549683813157,1.0
Zm00001eb259070,2,0.6176470588235294,0.6470588235294118,0.2058823529411765,0,0.47619047619047616,17,8,9,0.19181815358375817,0.23394205006091218,0.39036841004115075,1.0
Zm00001eb259110,5,0.49000000000000005,0.75,0.24871001031991746,0,1.5333333333333334,20,16,4,0.33827584545284284,0.33803267533846815,0.8627196335344355,1.0
Zm00001eb259320,1,0.625,0.625,0.5692307692307692,0,4.2,16,8,8,0.17876114217272648,0.2840723869128296,0.5692307692307692,1.0
Zm00001eb259330,1,0.625,0.625,0.6043956043956045,0,2.0,16,10,6,0.42106337103427216,0.5666579296290056,0.6043956043956045,1.0
Zm00001eb259350,1,0.6111111111111112,0.6111111111111112,0.21568627450980396,0,,18,10,8,0.5835142039255408,0.7716521123084397,0.21568627450980396,1.0
Zm00001eb259410,1,0.5333333333333333,0.5333333333333333,0.5164835164835164,0,,15,4,11,0.6754530584043307,0.7453469288076062,0.5164835164835164,1.0
Zm00001eb259420,1,0.3157894736842105,0.3157894736842105,1.0,0,,19,4,15,0.22419028546856526,0.28026430823661175,1.0,1.0
Zm00001eb259440,1,0.55,0.55,0.4789473684210527,0,,20,9,11,0.39294315196935464,0.5654085804972598,0.4789473684210527,1.0
Zm00001eb259470,2,0.38636363636363635,0.45454545454545453,1.0,0,0.5238095238095238,22,18,4,0.09419344610805959,0.10047626823945266,1.0,1.0
Zm00001eb259490,1,0.75,0.75,0.21428571428571427,0,6.666666666666667,16,11,5,0.5313469697742599,0.6452885745042595,0.21428571428571427,1.0
Zm00001eb259890,4,0.5138888888888888,0.6111111111111112,1.0,0,1.5999999999999999,18,14,4,0.5140980721616023,0.6764037217381387,1.0,1.0
Zm00001eb259950,1,0.5,0.5,0.2674922600619195,0,,20,14,6,0.26516169899108416,0.3081857608839351,0.2674922600619195,1.0
Zm00001eb259960,1,0.6190476190476191,0.6190476190476191,0.6310629514963884,0,0.5,21,15,6,0.6208023623067966,0.6992484187720737,0.6310629514963884,1.0
Zm00001eb260050,2,0.6388888888888888,0.6666666666666666,0.11928104575163397,0,0.28125,18,11,7,0.5632619075267519,0.6976170196576867,0.1675475318543239,1.0
Zm00001eb260090,1,0.4,0.4,1.0,0,,15,4,11,0.7671172605577038,0.9533707135115628,1.0,1.0
Zm00001eb260100,2,0.59375,0.6875,1.0,0,1.875,16,11,5,0.1490815333877643,0.1577844625179933,1.0,1.0
Zm00001eb260160,3,0.7647058823529411,0.9411764705882353,0.022058823529411766,1,3.125,17,3,14,0.721357501936604,2.068792462808142,0.1760447382144224,1.0
Zm00001eb260230,1,0.5,0.5,1.0,0,1.0,20,10,10,0.1522113150601758,0.17358304187659948,1.0,1.0
Zm00001eb260240,1,0.5,0.5,1.0,0,1.2,14,5,9,0.48928101624502723,0.568359016120682,1.0,1.0
Zm00001eb260360,3,0.5238095238095238,0.5238095238095238,1.0,0,0.9120370370370371,21,11,10,0.18357197160073963,0.25439342955152605,1.0,1.0
Zm00001eb260380,2,0.5217391304347826,0.5652173913043478,0.2292490118577075,0,0.6111111111111112,23,13,10,0.46017589721119856,0.8482923646825873,0.5669205365000154,1.0
Zm00001eb260390,2,0.5681818181818182,0.7272727272727273,0.22727272727272727,0,5.6,22,15,7,0.591116424526492,0.754581949319129,0.5640010320282309,1.0
Zm00001eb260410,1,0.5454545454545454,0.5454545454545454,0.3511586452762923,0,3.888888888888889,22,6,16,0.23168945064949983,0.3596644903450697,0.3511586452762923,1.0
Zm00001eb260420,1,0.5217391304347826,0.5217391304347826,1.0,0,0.7777777777777778,23,10,13,0.40210091250077357,0.5288562225383313,1.0,1.0
Zm00001eb260450,1,0.4166666666666667,0.4166666666666667,1.0,0,1.0,24,6,18,0.4365886898592655,0.3915865501992951,1.0,1.0
Zm00001eb260460,4,0.6413043478260869,0.8260869565217391,0.005898261114306342,1,10.555555555555555,23,13,10,0.14292818448970973,0.18267456276046495,0.049669198155923966,1.0
Zm00001eb260470,1,0.5454545454545454,0.5454545454545454,0.593984962406015,0,0.3333333333333333,22,10,12,0.1752908597490825,0.20492127439502753,0.593984962406015,1.0
Zm00001eb260730,1,0.35,0.35,1.0,0,,20,3,17,0.3619998113264093,0.339136942718836,1.0,1.0
Zm00001eb260800,2,0.5789473684210527,0.631578947368421,0.21052631578947373,0,1.1428571428571428,19,10,9,0.5506464406739491,0.680433692347079,0.5385567616940106,1.0
Zm00001eb260810,2,0.6666666666666667,0.7142857142857143,0.13333333333333333,0,1.8333333333333333,21,8,13,1.2067186146818023,1.4851179871033307,0.2879881815978327,1.0
Zm00001eb260870,1,0.5238095238095238,0.5238095238095238,1.0,0,1.4285714285714286,21,9,12,0.2364872979489275,0.34083594739023626,1.0,1.0
Zm00001eb260880,3,0.6875,0.75,0.125,0,0.13333333333333333,16,6,10,0.20051116422225396,0.2534567670926471,0.09061199459284762,1.0
Zm00001eb260970,3,0.9019607843137255,0.9411764705882353,0.0058823529411764705,3,,17,13,4,0.24360183771218563,0.2196940501439251,0.0008827615797667745,1.0
Zm00001eb261130,1,0.5,0.5,1.0,0,0.4666666666666667,16,6,10,0.5650173906984268,1.0625404458439265,1.0,1.0
Zm00001eb261170,4,0.575,0.65,0.36184805906168127,0,1.8229166666666667,20,9,11,0.4761358245450051,0.6206007968548133,0.9344048683977664,1.0
Zm00001eb261230,1,0.7142857142857143,0.7142857142857143,0.4285714285714286,0,,7,3,4,0.6180063147656564,0.8541652963794266,0.4285714285714286,1.0
Zm00001eb261240,8,0.5625,0.8125,0.1357142857142857,0,0.8097402597402599,16,4,12,1.4365629777119446,1.5783016320284744,0.9802466811912426,1.0
Zm00001eb261260,2,0.47727272727272724,0.6818181818181818,1.0,0,0.8571428571428571,22,18,4,0.7522787377604921,1.716695566650975,1.0,1.0
Zm00001eb261270,1,0.5263157894736842,0.5263157894736842,0.6561681352703024,0,1.7857142857142858,19,7,12,0.5069329052493982,1.0033815878232673,0.6561681352703024,1.0
Zm00001eb261430,2,0.5652173913043479,0.6086956521739131,0.31677018633540366,0,4.1,23,18,5,0.22954740906688553,0.24762245810558428,0.5111711345855608,1.0
Zm00001eb261500,1,0.5714285714285714,0.5714285714285714,1.0,0,1.5,7,4,3,0.6615999762338486,0.8931313695568368,1.0,1.0
Zm00001eb261520,2,0.4782608695652174,0.4782608695652174,1.0,0,0.8240740740740741,23,13,10,0.26294097882978745,0.49695759610787754,1.0,1.0
Zm00001eb261700,2,0.3684210526315789,0.3684210526315789,1.0,0,0.9166666666666666,19,14,5,0.3116231568497268,0.34077091760868844,1.0,1.0
Zm00001eb261810,1,0.6521739130434783,0.6521739130434783,0.17786561264822134,0,,23,13,10,0.1872966333625499,0.21960718250135766,0.17786561264822134,1.0
Zm00001eb261820,2,0.6521739130434783,0.6956521739130435,1.0,0,1.2916666666666665,23,5,18,0.4453216045356923,0.5435515065441776,1.0,1.0
Zm00001eb261900,2,0.8333333333333333,0.8571428571428571,0.2714285714285714,0,0.18382352941176472,21,18,3,0.9334333868584392,0.8899702942161363,0.3414184388536299,1.0
Zm00001eb261910,1,0.5652173913043478,0.5652173913043478,1.0,0,0.7272727272727273,23,10,13,0.527600992254201,0.7890502645086546,1.0,1.0
Zm00001eb264110,3,0.5972222222222222,0.7083333333333334,0.0953021941041863,0,2.7571428571428576,24,14,10,0.5895022722227091,1.69459266545381,0.4823783485287728,1.0
Zm00001eb264250,1,0.6666666666666666,0.6666666666666666,0.5604395604395603,0,0.375,15,11,4,1.040863472450947,1.5427990605097706,0.5604395604395603,1.0
Zm00001eb264300,1,0.5833333333333334,0.5833333333333334,0.42253331538565087,0,0.4375,24,13,11,0.13822340067301128,0.16280715512081567,0.42253331538565087,1.0
Zm00001eb264360,1,0.6666666666666666,0.6666666666666666,0.5783926218708827,0,0.42857142857142855,24,8,16,0.35270515834151156,0.5109970104813585,0.5783926218708827,1.0
Zm00001eb264580,2,0.43478260869565216,0.5217391304347826,0.2569169960474308,0,1.0714285714285714,23,19,4,0.2307158174490367,0.2505926973492571,0.6060677637315115,1.0
Zm00001eb264840,1,0.6666666666666666,0.6666666666666666,0.5686274509803921,0,2.5,18,6,12,0.9044865766258567,1.0268900502931142,0.5686274509803921,1.0
Zm00001eb264980,1,0.2916666666666667,0.2916666666666667,1.0,0,,24,5,19,0.7664920188094341,1.5446616455070932,1.0,1.0
Zm00001eb265270,3,0.5686274509803922,0.5882352941176471,1.0,0,1.2888888888888888,17,11,6,0.5264384718758557,0.6656530574813815,1.0,1.0
Zm00001eb265390,1,0.5833333333333334,0.5833333333333334,1.0,0,0.6,12,7,5,0.9056894610456693,1.0677584405156342,1.0,1.0
Zm00001eb265440,1,0.6111111111111112,0.6111111111111112,1.0,0,1.5,18,12,6,0.6774288287306457,0.8115130802117998,1.0,1.0
Zm00001eb265500,3,0.5238095238095238,0.5238095238095238,1.0,0,0.7037037037037037,21,10,11,0.2537540651168048,0.3549108444974651,1.0,1.0
Zm00001eb265510,3,0.6811594202898551,0.7391304347826086,0.17902463669054058,0,1.4118233618233618,23,6,17,0.7276137423075505,0.9011834380961595,0.21397081679000862,1.0
Zm00001eb265670,1,0.5789473684210527,0.5789473684210527,0.3330753353973168,0,0.23333333333333334,19,12,7,0.17031505016359974,0.1991845364171685,0.3330753353973168,1.0
Zm00001eb265810,1,0.625,0.625,0.2125,0,,16,7,9,0.12911000033724557,0.1512057606939521,0.2125,1.0
Zm00001eb265830,3,0.5909090909090908,0.6818181818181818,1.0,0,0.9259259259259259,22,6,16,0.6605713150973725,0.7279224337265862,1.0,1.0
Zm00001eb265980,1,0.25,0.25,1.0,0,,20,17,3,0.6123309285294214,0.45675932177227274,1.0,1.0
Zm00001eb266250,2,0.5238095238095238,0.5238095238095238,0.6594427244582044,0,1.3125,21,15,6,0.3188460222196729,0.3727707606522723,0.9340084010845768,1.0
Zm00001eb266260,1,0.3,0.3,1.0,0,,20,17,3,0.5972329410691355,0.5188186663475174,1.0,1.0
Zm00001eb266400,2,0.7045454545454546,0.7272727272727273,0.48051948051948057,0,2.2,22,16,6,0.23010422456258645,0.25113241538436304,0.8326862057240259,1.0
Zm00001eb266490,2,0.7352941176470589,0.7647058823529411,0.4264705882352941,0,2.2727272727272725,17,4,13,0.35237389858398505,0.2851501553991065,0.7899138879485198,1.0
Zm00001eb266560,1,0.5263157894736842,0.5263157894736842,0.6561681352703024,0,1.7857142857142858,19,7,12,0.0932032410792683,0.13192372791787715,0.6561681352703024,1.0
Zm00001eb266570,3,0.5757575757575758,0.6363636363636364,0.5454545454545454,0,0.4833333333333333,11,3,8,0.14233910203018782,0.20571737533957568,0.9762742416846718,1.0
Zm00001eb266690,4,0.5568181818181818,0.6818181818181818,0.27272727272727276,0,1.1615384615384614,22,3,19,1.0963181049291413,0.7969641820427754,0.8696126995425109,1.0
Zm00001eb266750,1,0.55,0.55,0.4789473684210527,0,,20,11,9,0.24011377336567055,0.33901471876735184,0.4789473684210527,1.0
Zm00001eb266760,2,0.6764705882352942,0.7647058823529411,0.049773755656108594,1,0.7857142857142857,17,10,7,0.6244699443295434,0.8720694847110786,0.19910833355616836,1.0
Zm00001eb266860,1,0.5714285714285714,0.5714285714285714,1.0,0,0.7,21,12,9,0.14403715119644256,0.20390036443985732,1.0,1.0
Zm00001eb267020,1,0.8095238095238095,0.8095238095238095,0.3864661654135339,0,4.0,21,18,3,2.720131892488996,2.2693149096059115,0.3864661654135339,1.0
Zm00001eb267050,4,0.5394736842105263,0.5789473684210527,0.5170278637770898,0,0.39238095238095233,19,6,13,0.8437706071176946,0.9854910150817929,0.8402357821596558,1.0
Zm00001eb267070,3,0.6666666666666666,0.7647058823529411,0.19117647058823528,0,3.722222222222222,17,3,14,0.40495489574363613,0.44064411660219477,0.7691679432240764,1.0
Zm00001eb267290,1,0.6666666666666666,0.6666666666666666,0.5454545454545454,0,0.2,12,4,8,0.3926273467215047,0.4970380195479681,0.5454545454545454,1.0
Zm00001eb267350,2,0.6666666666666667,0.75,0.2363636363636364,0,7.0,12,4,8,0.1601736372045655,0.21334845920270137,0.3659543575526201,1.0
Zm00001eb267710,1,0.47058823529411764,0.47058823529411764,1.0,0,1.0714285714285714,17,12,5,0.28635598467166606,0.31447063743044706,1.0,1.0
Zm00001eb268390,1,0.5,0.5,1.0,0,1.0,18,9,9,0.2663106222740263,0.38369173800697776,1.0,1.0
Zm00001eb268420,2,0.5909090909090908,0.6363636363636364,0.6243550051599587,0,1.562962962962963,22,14,8,0.20763948573883706,0.2382497245435842,0.9184487854336991,1.0
Zm00001eb268690,1,0.625,0.625,0.5692307692307691,0,0.23809523809523808,16,8,8,0.1653198645565129,0.22288872637404222,0.5692307692307691,1.0
Zm00001eb268750,3,0.5555555555555556,0.6111111111111112,0.6199095022624435,0,1.4749999999999999,18,9,9,0.21974979022172214,0.30140315722951255,0.9872125036004276,1.0
Zm00001eb268790,1,0.7222222222222222,0.7222222222222222,0.03594771241830065,1,,18,10,8,0.249004585274222,0.3280008854360653,0.03594771241830065,1.0
Zm00001eb269180,1,0.625,0.625,0.6043956043956045,0,2.0,16,4,12,0.08577336681776343,0.10110710073031755,0.6043956043956045,1.0
Zm00001eb269300,1,0.65,0.65,1.0,0,2.0,20,7,13,0.6091837516618337,0.7173631339493465,1.0,1.0
Zm00001eb269310,1,0.5714285714285714,0.5714285714285714,1.0,0,0.7407407407407407,21,7,14,0.13200243721669205,0.15924368187060187,1.0,1.0
Zm00001eb269400,5,0.509090909090909,0.7727272727272727,0.289891395154553,0,0.43364197530864196,22,17,5,0.6524285707436287,0.6431730242934353,0.9351833233700255,1.0
Zm00001eb269420,1,0.7333333333333333,0.7333333333333333,0.5164835164835164,0,0.4,15,3,12,0.4313091087181082,0.4893434890755183,0.5164835164835164,1.0
Zm00001eb269430,2,0.5882352941176471,0.5882352941176471,0.47058823529411764,0,,17,9,8,0.6495235275941373,1.007034398774706,0.555303774062895,1.0
Zm00001eb269440,4,0.65,0.8,0.15384615384615383,0,4.8125,15,11,4,0.2908036605207236,0.28701597896643993,0.3945772763914752,1.0
Zm00001eb269490,2,0.5625,0.75,0.2704686617730096,0,0.8549107142857143,24,19,5,0.7293811687520227,1.4034160766665835,0.624133224358074,1.0
Zm00001eb269500,1,0.5625,0.5625,1.0,0,0.6,16,8,8,0.6390954705268166,0.8370131653149749,1.0,1.0
Zm00001eb269610,2,0.65,0.65,0.5867905056759547,0,2.1,20,7,13,0.13220924341355686,0.19860695184974325,0.8996011381283393,1.0
Zm00001eb269700,3,0.543859649122807,0.5789473684210527,0.6499166468206716,0,1.3920634920634922,19,9,10,0.5059834351137328,0.6440873454473858,0.9903126833283955,1.0
Zm00001eb270080,1,0.375,0.375,1.0,0,,16,13,3,0.6422177455511507,0.4959990678011123,1.0,1.0
Zm00001eb270150,1,0.5,0.5,1.0,0,1.0,8,4,4,0.9837071367123867,1.3459754050833563,1.0,1.0
Zm00001eb270370,1,0.5789473684210527,0.5789473684210527,1.0,0,0.7,19,11,8,0.2134946956180396,0.3246522207703734,1.0,1.0
Zm00001eb270390,1,0.6818181818181818,0.6818181818181818,0.3426212590299278,0,3.6666666666666665,22,8,14,0.17262051619544772,0.190812136979028,0.3426212590299278,1.0
Zm00001eb270540,1,0.6153846153846154,0.6153846153846154,0.5920745920745921,0,2.5,13,7,6,0.4755067191896737,0.8006006329113589,0.5920745920745921,1.0
Zm00001eb270630,1,0.5833333333333334,0.5833333333333334,0.3271221532091097,0,4.444444444444445,24,19,5,0.5497153769685102,0.89104469300636,0.3271221532091097,1.0
Zm00001eb270810,2,0.5,0.6,1.0,0,0.8214285714285714,15,10,5,0.910995104952684,1.021208783002868,1.0,1.0
Zm00001eb270920,1,0.4782608695652174,0.4782608695652174,1.0,0,1.1111111111111112,23,15,8,0.81637749239055,2.2532705299725726,1.0,1.0
Zm00001eb270940,1,0.6666666666666666,0.6666666666666666,0.567099567099567,0,0.25,12,6,6,0.6458567037188337,1.5170767226706818,0.567099567099567,1.0
Zm00001eb271310,2,0.5476190476190477,0.6190476190476191,0.5047619047619049,0,0.5454545454545454,21,8,13,1.4026247925135953,1.7813392794208192,0.6751660865924833,1.0
Zm00001eb271420,2,0.5416666666666667,0.5833333333333334,0.6404053612291598,0,0.7,24,12,12,0.9532493447811113,1.1679155044148963,0.9258045248245389,1.0
Zm00001eb271440,6,0.5625,0.6666666666666666,0.20379593484991249,0,1.722751322751323,24,8,16,0.2344862501367605,0.27227099477148264,0.8844558802625739,1.0
Zm00001eb271480,4,0.515625,0.5625,0.24450549450549447,0,0.8285714285714285,16,11,5,0.3058165894075256,0.45053236354280596,0.9453094990497765,1.0
Zm00001eb271500,1,0.6875,0.6875,0.5467032967032966,0,3.0,16,11,5,0.21016849761490838,0.2587637934985456,0.5467032967032966,1.0
Zm00001eb271530,1,0.30434782608695654,0.30434782608695654,1.0,0,,23,19,4,1.0049585656356634,1.0450132912772492,1.0,1.0
Zm00001eb271550,1,0.5833333333333334,0.5833333333333334,0.42253331538565087,0,2.2857142857142856,24,15,9,0.4822304213696886,0.5873576074476909,0.42253331538565087,1.0
Zm00001eb271590,2,0.5714285714285714,0.6666666666666666,1.0,0,0.5907692307692307,21,14,7,0.1329894363000125,0.14371199910383403,1.0,1.0
Zm00001eb271750,1,0.5625,0.5625,0.5846153846153846,0,0.3333333333333333,16,7,9,0.3609030103642292,0.7338442150184461,0.5846153846153846,1.0
Zm00001eb271760,1,0.5454545454545454,0.5454545454545454,1.0,0,1.2222222222222223,22,10,12,0.20951622796954705,0.27987103461880497,1.0,1.0
Zm00001eb271860,3,0.5362318840579711,0.5652173913043478,0.6036137775268209,0,2.0527777777777776,23,10,13,0.47305758189261304,0.5741072810518871,0.936086812969232,1.0
Zm00001eb271880,1,0.5555555555555556,0.5555555555555556,0.6640614287673111,0,0.6,18,10,8,0.2207668990877559,0.2608627552294584,0.6640614287673111,1.0
Zm00001eb272160,1,0.5238095238095238,0.5238095238095238,1.0,0,2.0,21,10,11,0.20462590269550662,0.26488994965839535,1.0,1.0
Zm00001eb272170,1,0.6842105263157895,0.6842105263157895,0.5232198142414859,0,4.4,19,7,12,0.30031985474447,0.4519070954475804,0.5232198142414859,1.0
Zm00001eb272180,1,0.4,0.4,0.5376676986584108,0,,20,4,16,0.7887774045139855,0.7832664994815721,0.5376676986584108,1.0
Zm00001eb272300,2,0.5909090909090908,0.6363636363636364,0.23636363636363636,0,1.3333333333333333,11,4,7,1.2734180185250321,1.4067194006830017,0.5772907229276754,1.0
Zm00001eb272420,2,0.7352941176470589,0.8235294117647058,0.07352941176470588,0,5.6,17,12,5,0.5057668761268236,0.529845782318274,0.10453817526739015,1.0
Zm00001eb272520,2,0.5454545454545454,0.5454545454545454,0.6913550845439391,0,0.6666666666666666,22,12,10,0.1389319400249614,0.16905917163185946,0.8308123157837176,1.0
Zm00001eb272540,1,0.5263157894736842,0.5263157894736842,1.0,0,0.5833333333333334,19,13,6,0.4470581968780388,0.8187919420576862,1.0,1.0
Zm00001eb272550,1,0.5882352941176471,0.5882352941176471,0.5764705882352941,0,3.5,17,4,13,1.198058698740218,1.3604716015816563,0.5764705882352941,1.0
Zm00001eb272720,1,0.3181818181818182,0.3181818181818182,1.0,0,,22,3,19,1.1380566758363455,1.1933156193084027,1.0,1.0
Zm00001eb272820,1,0.4666666666666667,0.4666666666666667,1.0,0,1.0,15,9,6,0.5385578914090169,0.5974684374632305,1.0,1.0
Zm00001eb272940,2,0.5217391304347826,0.6086956521739131,0.6500201911428187,0,2.111111111111111,23,16,7,0.5118428947709972,0.6483629547458435,0.9300175931458795,1.0
Zm00001eb273000,3,0.7777777777777778,0.875,0.006493506493506494,1,14.4,24,6,18,0.2673622367129362,0.29633509400994484,0.010749386571394879,1.0
Zm00001eb273010,1,0.5833333333333334,0.5833333333333334,0.5760869565217392,0,0.375,24,11,13,0.38226789216014706,0.475133925287258,0.5760869565217392,1.0
Zm00001eb273020,1,0.5,0.5,1.0,0,1.5,20,8,12,0.4656948495980324,0.625834623594452,1.0,1.0
Zm00001eb273070,1,0.42857142857142855,0.42857142857142855,1.0,0,1.2857142857142858,14,4,10,1.1993723642977987,1.3975832198869205,1.0,1.0
Zm00001eb273090,2,0.6136363636363636,0.7727272727272727,0.289891395154553,0,0.25,22,5,17,1.031052675766466,0.8356721080240919,0.37277401269591515,1.0
Zm00001eb273100,1,0.5625,0.5625,1.0,0,1.8,16,8,8,0.29095994455813184,0.32388707545362044,1.0,1.0
Zm00001eb273180,1,0.6428571428571429,0.6428571428571429,1.0,0,2.0,14,5,9,0.7060823935926894,0.9852043335478711,1.0,1.0
Zm00001eb273230,2,0.7,0.7,0.19999999999999998,0,,10,6,4,0.14040626184706753,0.18620011990210505,0.16875503299472802,1.0
Zm00001eb273300,1,0.3888888888888889,0.3888888888888889,1.0,0,,18,4,14,0.29949616026890735,0.3529496593551958,1.0,1.0
Zm00001eb273370,7,0.512987012987013,0.7727272727272727,0.2535885167464115,0,0.7322115384615384,22,18,4,0.43734377457923074,0.35525211756547825,0.9937372993063982,1.0
Zm00001eb273380,3,0.5833333333333334,0.75,0.44736842105263164,0,2.0227272727272725,20,15,5,1.1823458081176597,2.458247618010819,0.8584025421592779,1.0
Zm00001eb273390,1,0.5714285714285714,0.5714285714285714,1.0,0,1.1111111111111112,21,16,5,0.35134774596470336,0.3472568048197211,1.0,1.0
Zm00001eb273460,1,0.6521739130434783,0.6521739130434783,0.6213854795090492,0,2.4,23,8,15,0.13582060419353392,0.1504656188090564,0.6213854795090492,1.0
Zm00001eb273480,2,0.5333333333333333,0.6666666666666666,0.10329670329670333,0,,15,4,11,0.7125995531565384,0.924379589232411,0.337795695407301,1.0
Zm00001eb273490,2,0.5833333333333334,0.5833333333333334,1.0,0,1.0833333333333335,12,7,5,0.5510041947061696,0.6702159165310122,1.0,1.0
Zm00001eb273530,4,0.5795454545454546,0.7727272727272727,0.11536416799574693,0,0.8197530864197532,22,17,5,0.950928750955851,1.029732400912344,0.4897668031046265,1.0
Zm00001eb273900,4,0.75,0.9090909090909091,0.03766233766233766,1,0.5999368686868687,22,3,19,0.5391202636999401,0.46834631792491477,0.1887288542878778,1.0
Zm00001eb273940,2,0.7826086956521738,0.8260869565217391,0.1245623941276115,0,6.125,23,4,19,0.949804394267285,0.9497712460078478,0.14791853136702426,1.0
Zm00001eb274110,2,0.3888888888888889,0.3888888888888889,1.0,0,,18,3,15,0.2842907663476337,0.35452651462302676,1.0,1.0
Zm00001eb274180,1,0.9230769230769231,0.9230769230769231,0.006993006993006993,1,,13,5,8,0.1181121129058914,0.13892960276778693,0.006993006993006993,1.0
Zm00001eb274260,3,0.5740740740740741,0.6666666666666666,0.334841628959276,0,1.9375,18,9,9,1.428497299624266,1.6717344565746195,0.9016020694405101,1.0
Zm00001eb274400,1,0.7272727272727273,0.7272727272727273,0.24242424242424246,0,8.0,11,5,6,0.3816657088932737,0.5089955302301317,0.24242424242424246,1.0
Zm00001eb274630,1,0.8333333333333334,0.8333333333333334,0.00904977375565611,1,,18,9,9,0.3640507190022067,0.4389183926215676,0.00904977375565611,1.0
Zm00001eb274740,1,0.5555555555555556,0.5555555555555556,1.0,0,2.0,9,6,3,0.6857074417351354,0.8498485648012475,1.0,1.0
Zm00001eb274770,1,0.6470588235294118,0.6470588235294118,0.6000323206205559,0,2.0,17,5,12,1.180045069863436,1.218637081782965,0.6000323206205559,1.0
Zm00001eb274850,1,0.4375,0.4375,1.0,0,0.8,16,3,13,1.7468618469234127,1.6361570626503765,1.0,1.0
Zm00001eb274910,1,0.2608695652173913,0.2608695652173913,1.0,0,,23,20,3,0.8754700305244852,0.8037385153693208,1.0,1.0
Zm00001eb274960,1,0.5555555555555556,0.5555555555555556,1.0,0,0.75,18,10,8,0.5557102509218086,0.8418266201751542,1.0,1.0
Zm00001eb274970,1,0.6666666666666666,0.6666666666666666,0.10492663884775875,0,5.25,24,11,13,0.14315188140520715,0.19469446036646343,0.10492663884775875,1.0
Zm00001eb275010,1,0.5263157894736842,0.5263157894736842,0.6026831785345717,0,0.38095238095238093,19,11,8,0.7032882657031237,0.9128268554693502,0.6026831785345717,1.0
Zm00001eb275080,1,0.6666666666666666,0.6666666666666666,0.18192219679633867,0,4.583333333333333,24,17,7,0.6085054663835613,0.6121235081208459,0.18192219679633867,1.0
Zm00001eb275090,3,0.55,0.55,0.4789473684210527,0,1.1,20,9,11,0.3782574272428104,0.6721549964788981,0.961311403443912,1.0
Zm00001eb275120,1,0.5217391304347826,0.5217391304347826,1.0,0,0.9090909090909091,23,12,11,0.7851925050673004,1.1412511653750763,1.0,1.0
Zm00001eb275130,2,0.6304347826086957,0.782608695652174,0.03286873309756605,1,7.555555555555555,23,15,8,0.7065862431741184,0.881062382790649,0.14512312933409302,1.0
Zm00001eb275150,1,0.55,0.55,1.0,0,0.8,20,11,9,0.17157864415713128,0.214338617502114,1.0,1.0
Zm00001eb275180,1,0.5333333333333333,0.5333333333333333,1.0,0,0.6666666666666666,15,7,8,1.7322194247509843,2.0989816356125126,1.0,1.0
Zm00001eb275220,1,0.5882352941176471,0.5882352941176471,0.6199095022624433,0,2.4,17,11,6,0.22549061354548092,0.25808312654847515,0.6199095022624433,1.0
Zm00001eb275230,1,0.7058823529411765,0.7058823529411765,0.24999999999999994,0,0.14814814814814814,17,13,4,0.15667259977976455,0.14797535996707478,0.24999999999999994,1.0
Zm00001eb275240,1,0.6,0.6,0.6513544891640867,0,0.5925925925925926,20,13,7,0.1928959786093662,0.21842018200037344,0.6513544891640867,1.0
Zm00001eb275260,1,0.38095238095238093,0.38095238095238093,0.5488721804511278,0,,21,16,5,0.4731263716739646,0.5116698398684492,0.5488721804511278,1.0
Zm00001eb275380,2,0.6,0.7,0.1273219814241486,0,0.25,20,5,15,0.4169024830499487,0.5061640584551907,0.27698033649384285,1.0
Zm00001eb275390,2,0.40476190476190477,0.42857142857142855,1.0,0,1.8181818181818181,21,6,15,0.2010392883941148,0.2212372957054563,1.0,1.0
Zm00001eb275400,3,0.48333333333333334,0.65,0.5304437564499483,0,1.0,20,5,15,1.3796094073421277,1.1864695268987304,0.9733884605967962,1.0
Zm00001eb275490,4,0.5263157894736842,0.6842105263157895,1.0,0,1.2750000000000001,19,14,5,0.89468025540245,0.9843862676865479,1.0,1.0
Zm00001eb275530,1,0.6470588235294118,0.6470588235294118,0.2058823529411765,0,,17,8,9,0.8499258730741492,1.0147583329780159,0.2058823529411765,1.0
Zm00001eb275690,6,0.6349206349206349,0.7142857142857143,0.1826625386996904,0,0.8765669515669517,21,7,14,0.186962452290298,0.23718702712199094,0.5927726094569243,1.0
Zm00001eb275720,2,0.6190476190476191,0.6190476190476191,0.6310629514963881,0,2.0,21,13,8,1.042203158147199,1.172921839999606,0.7649001565354003,1.0
Zm00001eb275820,1,0.7058823529411765,0.7058823529411765,0.5378151260504201,0,3.3333333333333335,17,5,12,0.5835973181576776,0.6835033594013292,0.5378151260504201,1.0
Zm00001eb276150,3,0.6041666666666666,0.8125,0.35000000000000003,0,4.6,16,3,13,0.8042931002742781,0.6517384224433246,0.7709720136909517,1.0
Zm00001eb276190,1,0.3181818181818182,0.3181818181818182,1.0,0,,22,17,5,0.3931368373871123,0.3870537151211587,1.0,1.0
Zm00001eb276280,5,0.6260869565217391,0.6956521739130435,0.037267080745341616,1,1.6836111111111112,23,11,12,0.6215909772188253,0.8684602621771808,0.10506988553878827,1.0
Zm00001eb276570,1,0.6111111111111112,0.6111111111111112,1.0,0,1.6666666666666667,18,11,7,0.36320001704824084,0.473447704467212,1.0,1.0
Zm00001eb276580,1,0.43478260869565216,0.43478260869565216,1.0,0,0.75,23,20,3,1.1996065910114464,1.3116965435548913,1.0,1.0
Zm00001eb276760,2,0.5833333333333333,0.6666666666666666,0.3259803921568627,0,0.2962962962962963,18,11,7,0.28881531131077504,0.4027428860451345,0.4567290387772698,1.0
Zm00001eb276850,2,0.78125,0.8125,0.03571428571428572,1,9.0,16,10,6,1.3497390392396422,2.0385213418751684,0.027289129245593655,1.0
Zm00001eb276870,2,0.59375,0.875,0.07142857142857144,0,24.0,16,13,3,0.3552885940631948,0.516174538443351,0.25993266640108986,1.0
Zm00001eb276980,2,0.6388888888888888,0.7222222222222222,0.14479638009049775,0,4.0,18,8,10,1.2269288457056804,1.5361371336981342,0.424604785334737,1.0
Zm00001eb277250,3,0.3968253968253968,0.42857142857142855,0.5263157894736843,0,0.7857142857142857,21,18,3,0.6086356210054548,0.4625468107216433,0.9725484693524724,1.0
Zm00001eb277260,2,0.5238095238095238,0.5238095238095238,0.6064671482628139,0,0.875,21,8,13,0.8410987746721572,1.0768723438437786,0.9097642305186973,1.0
Zm00001eb277280,1,0.5,0.5,1.0,0,1.0666666666666667,16,9,7,1.148723536208902,1.6386060260880781,1.0,1.0
Zm00001eb277300,1,0.47368421052631576,0.47368421052631576,1.0,0,0.8,19,12,7,1.6198345832828691,1.8791212662659136,1.0,1.0
Zm00001eb277370,1,0.5,0.5,1.0,0,1.1111111111111112,18,7,11,0.7703906891112806,1.0161545572486255,1.0,1.0
Zm00001eb277390,1,0.5238095238095238,0.5238095238095238,1.0,0,0.5,21,11,10,0.4163830938420349,0.50145609821832,1.0,1.0
Zm00001eb277420,1,0.5454545454545454,0.5454545454545454,1.0,0,0.7777777777777778,22,12,10,0.22837287756313546,0.2826930462032323,1.0,1.0
Zm00001eb277450,3,0.5614035087719298,0.5789473684210527,0.4853801169590643,0,0.6666666666666666,19,11,8,0.13508204398655113,0.1917148539306231,0.9630230109497799,1.0
Zm00001eb277480,8,0.5803571428571429,0.7857142857142857,0.17582417582417578,0,2.9755555555555553,14,11,3,0.5757331714794457,0.611553500193443,0.9637367385296363,1.0
Zm00001eb277490,1,0.8,0.8,0.37142857142857144,0,5.5,15,3,12,0.1966465188217188,0.23847853848341094,0.37142857142857144,1.0
Zm00001eb277530,3,0.6111111111111112,0.6111111111111112,0.5588235294117648,0,3.0,18,15,3,0.4425769769459463,0.4240957704284985,0.7450963459544798,1.0
Zm00001eb277540,1,0.4090909090909091,0.4090909090909091,0.5324675324675325,0,,22,16,6,0.3966400901244267,0.4634296169894017,0.5324675324675325,1.0
Zm00001eb277570,2,0.6666666666666667,0.7142857142857143,0.06687306501547988,0,8.457142857142857,21,12,9,0.6082645467879014,0.7309384368630127,0.06458654140305752,1.0
Zm00001eb277700,1,0.5652173913043478,0.5652173913043478,0.6668461434917216,0,1.9047619047619047,23,8,15,0.1716153845162675,0.18029755724766955,0.6668461434917216,1.0
Zm00001eb277710,2,0.5681818181818181,0.5909090909090909,0.22077922077922077,0,1.5,22,10,12,0.8575875342557082,1.0977040449137903,0.43954735187490235,1.0
Zm00001eb277790,1,0.36363636363636365,0.36363636363636365,1.0,0,1.2307692307692308,22,5,17,0.5816787966354013,0.5633696422541639,1.0,1.0
Zm00001eb277820,1,0.5416666666666666,0.5416666666666666,1.0,0,1.0714285714285714,24,17,7,0.5678992411671262,1.0100693878110982,1.0,1.0
Zm00001eb277830,2,0.5476190476190477,0.5714285714285714,1.0,0,1.1587301587301586,21,4,17,1.133530815710987,0.8730246390448704,1.0,1.0
Zm00001eb278050,1,0.8571428571428571,0.8571428571428571,0.027568922305764403,1,0.044444444444444446,21,5,16,0.5701294820958753,0.565372040158901,0.027568922305764403,1.0
Zm00001eb278110,1,0.5,0.5,0.26315789473684215,0,,22,15,7,0.12666931839115164,0.14697243908361596,0.26315789473684215,1.0
Zm00001eb278260,2,0.5333333333333333,0.5333333333333333,0.48571428571428577,0,0.8,15,9,6,0.6830679504516629,0.8806870075685967,0.8364654341818388,1.0
Zm00001eb278300,1,0.8181818181818182,0.8181818181818182,0.33766233766233766,0,0.17647058823529413,22,4,18,0.1702861428833548,0.21816067356491692,0.33766233766233766,1.0
Zm00001eb278450,5,0.64,0.8,0.4035087719298246,0,0.5515151515151515,20,17,3,0.31483445138167493,0.45060282365235166,0.9294879947910886,1.0
Zm00001eb278460,1,0.6,0.6,0.6424148606811148,0,0.5555555555555556,20,12,8,1.111152974570504,1.2374662073289378,0.6424148606811148,1.0
Zm00001eb278480,5,0.6461538461538462,0.7692307692307693,0.1923076923076923,0,0.7797619047619048,13,3,10,0.29562819402871887,0.27587947047025857,0.6451271983332717,1.0
Zm00001eb278600,1,0.375,0.375,1.0,0,,16,12,4,0.5058482839670061,0.5105379389351179,1.0,1.0
Zm00001eb278610,1,0.5294117647058824,0.5294117647058824,1.0,0,0.6666666666666666,17,9,8,0.20349764097420608,0.2909599099826095,1.0,1.0
Zm00001eb278650,1,0.5909090909090909,0.5909090909090909,1.0,0,0.6666666666666666,22,13,9,0.26812586450165415,0.4724519465086248,1.0,1.0
Zm00001eb278680,1,0.6086956521739131,0.6086956521739131,1.0,0,0.75,23,5,18,0.695392422499474,1.1780837339447312,1.0,1.0
Zm00001eb278990,1,0.75,0.75,0.4285714285714286,0,,8,4,4,0.27090378668721,0.49603760456185647,0.4285714285714286,1.0
Zm00001eb279100,1,0.5714285714285714,0.5714285714285714,1.0,0,0.6666666666666666,7,3,4,0.5511583175031769,0.5941821273873945,1.0,1.0
Zm00001eb279120,1,0.5714285714285714,0.5714285714285714,1.0,0,1.375,21,12,9,0.7146438192862784,0.8893905384737986,1.0,1.0
Zm00001eb279150,2,0.5555555555555556,0.6111111111111112,0.3137254901960784,0,2.7222222222222223,18,13,5,2.2994968425040656,2.4088005895306255,0.6774076581912298,1.0
Zm00001eb279160,2,0.5833333333333334,0.6111111111111112,0.21568627450980388,0,,18,8,10,0.40469765913961914,0.5148241067619538,0.33691513503223225,1.0
Zm00001eb279210,1,0.6363636363636364,0.6363636363636364,0.4545454545454546,0,,11,6,5,0.9741820464474674,1.1476712505775724,0.4545454545454546,1.0
Zm00001eb279230,1,0.6363636363636364,0.6363636363636364,0.29323308270676696,0,4.714285714285714,22,18,4,0.8230472024153098,0.9650654045599456,0.29323308270676696,1.0
Zm00001eb279270,1,0.6,0.6,0.6168730650154799,0,2.25,20,11,9,0.6377764326797337,0.77188262594496,0.6168730650154799,1.0
Zm00001eb279300,1,0.6111111111111112,0.6111111111111112,0.6371863430686961,0,0.4,18,10,8,1.0455833093333569,1.2050533658963802,0.6371863430686961,1.0
Zm00001eb279320,2,0.5625,0.625,0.4642857142857143,0,1.3333333333333333,8,3,5,0.5774933115601695,1.02028636656892,0.820511320902774,1.0
Zm00001eb279490,1,0.5,0.5,1.0,0,1.0,20,10,10,0.666845310046331,0.9876150325342602,1.0,1.0
Zm00001eb279580,1,0.6666666666666666,0.6666666666666666,0.07780320366132722,0,8.571428571428571,24,17,7,0.21796382484689467,0.28032851627704014,0.07780320366132722,1.0
Zm00001eb279650,1,0.5,0.5,1.0,0,1.5555555555555556,22,9,13,0.21941659012456374,0.3119004745802205,1.0,1.0
Zm00001eb279680,12,0.46428571428571425,0.7619047619047619,0.48872180451127817,0,1.1400000000000001,21,17,4,0.7039874186087407,0.7064953721158974,0.9998129728751207,1.0
Zm00001eb279710,1,0.5384615384615384,0.5384615384615384,1.0,0,1.3333333333333333,13,7,6,1.0806533757637933,1.3107976493351656,1.0,1.0
Zm00001eb279750,3,0.625,0.75,0.19367588932806318,0,0.15625,24,7,17,0.8663498785155315,0.9307174928017012,0.36282400769507384,1.0
Zm00001eb279830,3,0.4603174603174603,0.5238095238095238,0.2621259029927761,0,1.8181818181818181,21,5,16,0.2720033884086621,0.3499238380583216,0.6848677946123085,1.0
Zm00001eb279890,1,0.6666666666666666,0.6666666666666666,0.20454545454545453,0,,12,5,7,1.0822792062138566,1.3060569777375812,0.20454545454545453,1.0
Zm00001eb279900,1,0.5384615384615384,0.5384615384615384,0.4871794871794872,0,,13,5,8,0.2015754366520255,0.2456064932593863,0.4871794871794872,1.0
Zm00001eb279980,2,0.6111111111111112,0.6666666666666666,0.5238095238095237,0,2.75,9,5,4,0.3092414657184675,0.3524867335868926,0.8625189911512179,1.0
Zm00001eb280090,1,0.6,0.6,1.0,0,0.5714285714285714,15,11,4,0.4505146398119527,0.5178133458311378,1.0,1.0
Zm00001eb280100,1,0.375,0.375,1.0,0,,16,4,12,0.29023873753916496,0.3427157895850133,1.0,1.0
Zm00001eb280200,1,0.34782608695652173,0.34782608695652173,1.0,0,0.875,23,18,5,0.9570236617157287,1.2926243187956772,1.0,1.0
Zm00001eb280220,1,0.5454545454545454,0.5454545454545454,1.0,0,1.6875,22,17,5,0.8663078928507311,0.6808916002275426,1.0,1.0
Zm00001eb280280,2,0.3695652173913043,0.391304347826087,1.0,0,0.7222222222222222,23,19,4,0.13096025130820638,0.13403011124965541,1.0,1.0
Zm00001eb280460,1,0.5,0.5,1.0,0,0.4375,16,11,5,0.15216003361550035,0.1793291158100649,1.0,1.0
Zm00001eb280540,3,0.5652173913043478,0.6086956521739131,0.4003230582850989,0,0.3958333333333333,23,9,14,0.09651602596044588,0.12618618132256518,0.7278296631511512,1.0
Zm00001eb280600,1,0.5217391304347826,0.5217391304347826,0.6570197873199622,0,0.5142857142857142,23,7,16,0.3517298461718584,0.44271708778986835,0.6570197873199622,1.0
Zm00001eb280680,1,0.5789473684210527,0.5789473684210527,1.0,0,1.6,19,6,13,0.41240399447310006,0.5132359054983278,1.0,1.0
Zm00001eb280730,1,0.55,0.55,1.0,0,0.8333333333333334,20,13,7,0.956748501952427,1.0861931456243985,1.0,1.0
Zm00001eb280840,1,0.5789473684210527,0.5789473684210527,0.33780529755761957,0,4.0,19,14,5,0.5675739398705036,0.6002435665877116,0.33780529755761957,1.0
Zm00001eb280970,1,0.5,0.5,1.0,0,0.875,20,11,9,0.3630068491655677,0.5352637692972702,1.0,1.0
Zm00001eb281130,1,0.5416666666666666,0.5416666666666666,1.0,0,1.4285714285714286,24,15,9,0.3081530678733898,0.3953805575161975,1.0,1.0
Zm00001eb281190,1,0.7272727272727273,0.7272727272727273,0.49090909090909085,0,6.0,11,8,3,1.7872673288676517,1.3588447178820926,0.49090909090909085,1.0
Zm00001eb281480,1,0.2857142857142857,0.2857142857142857,1.0,0,,21,17,4,0.32015897707316543,0.37949784015159915,1.0,1.0
Zm00001eb281500,6,0.6231884057971014,0.6956521739130435,0.08937945887737248,0,1.2193783068783068,23,11,12,0.4161980185472832,0.5235752336459848,0.22512385764269133,1.0
Zm00001eb281660,1,0.3888888888888889,0.3888888888888889,1.0,0,0.8333333333333334,18,4,14,0.5162418360028407,0.5071044122516642,1.0,1.0
Zm00001eb281720,1,0.2608695652173913,0.2608695652173913,1.0,0,,23,4,19,0.5966471972179671,0.6970956588969226,1.0,1.0
Zm00001eb281960,1,0.2608695652173913,0.2608695652173913,1.0,0,,23,19,4,0.26280019748845385,0.25014514335923305,1.0,1.0
Zm00001eb282040,1,0.5416666666666666,0.5416666666666666,1.0,0,0.8181818181818182,24,11,13,0.3081418435743521,0.41831101672321247,1.0,1.0
Zm00001eb282230,1,0.625,0.625,1.0,0,2.0,8,5,3,0.3838092966820794,0.39211605821923906,1.0,1.0
Zm00001eb282320,1,0.5294117647058824,0.5294117647058824,0.5147058823529411,0,,17,6,11,0.3535095171890543,0.5288311083669658,0.5147058823529411,1.0
Zm00001eb282440,1,0.7083333333333334,0.7083333333333334,0.13043478260869562,0,0.14285714285714285,24,20,4,0.21145496529382812,0.3652813717067347,0.13043478260869562,1.0
Zm00001eb282460,2,0.4583333333333333,0.4583333333333333,0.5108695652173914,0,0.5,24,9,15,0.19908359061315503,0.22768480876661248,0.8539904982710016,1.0
Zm00001eb282510,1,0.5454545454545454,0.5454545454545454,0.6478328173374615,0,2.1875,22,15,7,0.20854754087231478,0.23419279823975386,0.6478328173374615,1.0
Zm00001eb282850,4,0.55,0.6,0.5692307692307693,0,1.7916666666666667,15,7,8,0.7061629940053462,0.8315754329545807,0.9973121859396545,1.0
Zm00001eb282900,1,0.5217391304347826,0.5217391304347826,1.0,0,0.8888888888888888,23,17,6,0.19571359025699883,0.19072692046466183,1.0,1.0
Zm00001eb282930,2,0.5434782608695652,0.5652173913043478,0.6842726529090778,0,0.6309523809523809,23,12,11,0.2960585770355845,0.45241062255984343,0.9438848936907918,1.0
Zm00001eb282950,1,0.5833333333333334,0.5833333333333334,0.1907114624505929,0,5.333333333333333,24,17,7,0.6005191117644942,0.6010417908160233,0.1907114624505929,1.0
Zm00001eb282960,1,0.55,0.55,1.0,0,0.75,20,14,6,0.33906958108942176,0.3969824224621653,1.0,1.0
Zm00001eb282970,2,0.59375,0.6875,1.0,0,0.825,16,11,5,0.8809612559823916,1.1537973958644716,1.0,1.0
Zm00001eb282990,1,0.6666666666666666,0.6666666666666666,0.1819221967963387,0,4.583333333333333,24,11,13,0.3041744307946073,0.3921985670989062,0.1819221967963387,1.0
Zm00001eb283200,1,0.5652173913043478,0.5652173913043478,1.0,0,0.7,23,6,17,2.450992666714413,2.5087941272774144,1.0,1.0
Zm00001eb283310,1,0.7142857142857143,0.7142857142857143,0.5054945054945055,0,5.333333333333333,14,5,9,0.6733028501314069,0.7752094087236168,0.5054945054945055,1.0
Zm00001eb283460,1,0.8571428571428571,0.8571428571428571,0.14285714285714285,0,,7,4,3,1.6187638588198061,1.7986232013375452,0.14285714285714285,1.0
Zm00001eb283510,1,0.42105263157894735,0.42105263157894735,1.0,0,,19,13,6,2.164209366797786,2.0673433032577537,1.0,1.0
Zm00001eb283520,1,0.5217391304347826,0.5217391304347826,1.0,0,1.1,23,11,12,0.9224919300111255,1.2909281635598882,1.0,1.0
Zm00001eb283560,1,0.45454545454545453,0.45454545454545453,1.0,0,1.05,22,5,17,2.4528845151724314,2.000457453950408,1.0,1.0
Zm00001eb283570,1,0.5,0.5,1.0,0,1.0,24,4,20,0.5511551124625559,0.5961003328510542,1.0,1.0
Zm00001eb283890,1,0.6818181818181818,0.6818181818181818,0.18699690402476785,0,0.24,22,13,9,0.6047177032293702,0.718288659573235,0.18699690402476785,1.0
Zm00001eb283960,3,0.5555555555555555,0.6666666666666666,0.08034851136210674,0,9.142857142857142,24,15,9,0.2748474425132322,0.30871904111511556,0.11122642916097657,1.0
Zm00001eb284070,1,0.4782608695652174,0.4782608695652174,0.5256916996047429,0,,23,3,20,0.7117588458498503,0.6757379987570553,0.5256916996047429,1.0
Zm00001eb284120,1,0.5,0.5,1.0,0,1.6,24,14,10,0.3119993222953819,0.34160742884713813,1.0,1.0
Zm00001eb284160,1,0.6666666666666666,0.6666666666666666,0.20598330865526993,0,4.0,24,11,13,0.15082736567225852,0.18781596314003177,0.20598330865526993,1.0
Zm00001eb284230,1,0.5,0.5,0.5054945054945055,0,,14,4,10,0.49926603279953596,0.5783533309864597,0.5054945054945055,1.0
Zm00001eb284260,1,0.6923076923076923,0.6923076923076923,0.29292929292929293,0,0.2222222222222222,13,8,5,0.1498440708601284,0.20255278195481838,0.29292929292929293,1.0
Zm00001eb284330,1,0.5714285714285714,0.5714285714285714,1.0,0,1.4,14,6,8,0.26670885484767287,0.2720516087651181,1.0,1.0
Zm00001eb284380,1,0.55,0.55,1.0,0,0.4444444444444444,20,10,10,0.6935247660219471,1.014006796033177,1.0,1.0
Zm00001eb284450,1,0.6190476190476191,0.6190476190476191,0.3665634674922601,0,3.5,21,12,9,0.21101088774720675,0.2723159360810618,0.3665634674922601,1.0
Zm00001eb284460,1,0.6,0.6,0.6223776223776224,0,0.5,15,6,9,0.6153695568033409,0.7159241710114159,0.6223776223776224,1.0
Zm00001eb284520,2,0.5416666666666667,0.5833333333333334,0.4225333153856509,0,0.89375,24,11,13,0.8749801753060346,1.1241573064987287,0.7865402661826125,1.0
Zm00001eb284640,1,0.5,0.5,1.0,0,1.25,16,9,7,0.912029078840848,1.412510502947898,1.0,1.0
Zm00001eb284700,3,0.607843137254902,0.7058823529411765,0.25,0,0.33271604938271604,17,7,10,0.15401049345373577,0.19364580748595284,0.5514519140722589,1.0
Zm00001eb285040,1,0.4782608695652174,0.4782608695652174,1.0,0,0.4583333333333333,23,9,14,0.17888102373307752,0.26802111862677375,1.0,1.0
Zm00001eb285090,1,0.43478260869565216,0.43478260869565216,1.0,0,0.5,23,16,7,0.10737315495995178,0.10510467451068818,1.0,1.0
Zm00001eb285190,1,0.375,0.375,1.0,0,1.4285714285714286,24,5,19,0.38783519140138495,0.39080416919763045,1.0,1.0
Zm00001eb285450,1,0.8260869565217391,0.8260869565217391,0.019762845849802365,1,,23,7,16,0.17855173870337318,0.20127628522459215,0.019762845849802365,1.0
Zm00001eb285520,1,0.4782608695652174,0.4782608695652174,1.0,0,1.1111111111111112,23,9,14,0.6938108157300032,0.7971389455943458,1.0,1.0
Zm00001eb285690,2,0.5789473684210527,0.6842105263157895,1.0,0,2.311111111111111,19,13,6,0.33087533406202924,0.35725592553581575,1.0,1.0
Zm00001eb285830,1,0.5909090909090909,0.5909090909090909,0.6594427244582044,0,2.2222222222222223,22,8,14,2.9208039053823387,4.1355180392643875,0.6594427244582044,1.0
Zm00001eb285930,1,0.43478260869565216,0.43478260869565216,0.5392433653303218,0,,23,19,4,0.5226724897439256,0.37996479318273724,0.5392433653303218,1.0
Zm00001eb285960,1,0.6521739130434783,0.6521739130434783,0.5375494071146244,0,0.2692307692307692,23,9,14,0.7943452264508576,1.0259651053525518,0.5375494071146244,1.0
Zm00001eb286090,1,0.5454545454545454,0.5454545454545454,1.0,0,0.5,11,8,3,0.4987766772345514,0.7083520834454788,1.0,1.0
Zm00001eb286300,4,0.5961538461538461,0.8461538461538461,0.10839160839160839,0,10.0,13,3,10,5.145661369733209,3.1994083948106398,0.6784027969098225,1.0
Zm00001eb286340,1,0.6,0.6,0.37422600619195046,0,2.9166666666666665,20,13,7,0.311185990685768,0.3593175398534539,0.37422600619195046,1.0
Zm00001eb286350,2,0.6875,0.75,0.24450549450549453,0,0.26455026455026454,16,5,11,0.182837463009365,0.18614649152943044,0.4264692782708389,1.0
Zm00001eb286400,1,0.6363636363636364,0.6363636363636364,0.6243550051599587,0,0.45454545454545453,22,6,16,0.2655149635800674,0.27504628286963456,0.6243550051599587,1.0
Zm00001eb286470,4,0.625,0.7,0.16109391124871003,0,2.416666666666667,20,14,6,0.28629747067761746,0.33240699683289077,0.4424862528764991,1.0
Zm00001eb286540,1,0.7857142857142857,0.7857142857142857,0.10989010989010989,0,,14,9,5,1.543958534501923,2.8158927327203624,0.10989010989010989,1.0
Zm00001eb286550,1,0.5238095238095238,0.5238095238095238,0.6594427244582044,0,0.5714285714285714,21,15,6,1.6410182086104927,1.7197938877286918,0.6594427244582044,1.0
Zm00001eb286650,3,0.5303030303030303,0.5909090909090909,0.36021872863978127,0,2.1938431938431937,22,9,13,0.38275746657007165,0.43801689119875187,0.9157873614728084,1.0
Zm00001eb286760,3,0.6363636363636364,0.7727272727272727,0.020123839009287926,1,6.583333333333333,22,10,12,0.6216833435729319,0.8183597765189271,0.13313881213568324,1.0
Zm00001eb286780,1,0.5714285714285714,0.5714285714285714,1.0,0,2.0,7,4,3,0.2711701457030037,0.3555732866239468,1.0,1.0
Zm00001eb286860,1,0.8571428571428571,0.8571428571428571,0.14285714285714288,0,,7,4,3,0.9371648867340935,1.220537540027385,0.14285714285714288,1.0
Zm00001eb286890,1,0.3888888888888889,0.3888888888888889,1.0,0,,18,3,15,0.22437139683682897,0.23145371641864287,1.0,1.0
Zm00001eb286900,1,0.55,0.55,0.4789473684210527,0,,20,9,11,0.5288462706760868,0.6702762042506912,0.4789473684210527,1.0
Zm00001eb286910,4,0.7083333333333334,0.8333333333333334,0.3137254901960784,0,4.5625,18,15,3,1.300912431667901,1.2102363050079399,0.6172372752226429,1.0
Zm00001eb286920,4,0.5978260869565217,0.6521739130434783,0.22129492529277153,0,2.305555555555556,23,13,10,1.5172793519670094,1.5760348201585195,0.4622592090736588,1.0
Zm00001eb286940,1,0.35294117647058826,0.35294117647058826,1.0,0,,17,13,4,0.4957873079247049,0.44767669693898565,1.0,1.0
Zm00001eb286950,1,0.5,0.5,1.0,0,1.0,6,3,3,0.533922232347522,0.6521564437323916,1.0,1.0
Zm00001eb287090,5,0.5652173913043479,0.782608695652174,0.09316770186335403,0,3.7222222222222228,23,20,3,0.28758437609815746,0.24732547366240967,0.5828568694904204,1.0
Zm00001eb287100,2,0.6363636363636364,0.7272727272727273,0.07430340557275542,0,5.694444444444445,22,14,8,0.7159325103919898,0.7572636731373217,0.12122776602015262,1.0
Zm00001eb287440,1,0.6470588235294118,0.6470588235294118,0.33484162895927605,0,3.75,17,9,8,0.3221315881486185,0.43819187135736626,0.33484162895927605,1.0
Zm00001eb287650,1,0.3333333333333333,0.3333333333333333,1.0,0,,15,3,12,0.6123525810477308,0.6678462969049904,1.0,1.0
Zm00001eb287860,1,0.8,0.8,0.14035087719298245,0,9.333333333333334,20,15,5,0.23060739361196209,0.32963671102539877,0.14035087719298245,1.0
Zm00001eb287890,1,0.6470588235294118,0.6470588235294118,0.5367647058823529,0,0.2777777777777778,17,10,7,0.1857788348514363,0.230072665321064,0.5367647058823529,1.0
Zm00001eb287910,1,0.47368421052631576,0.47368421052631576,1.0,0,0.45,19,6,13,0.556982591284305,0.6137327184798881,1.0,1.0
Zm00001eb288070,3,0.5555555555555556,0.6111111111111112,1.0,0,0.9886904761904761,18,7,11,0.1397641281978034,0.2809854841958574,1.0,1.0
Zm00001eb288120,2,0.6190476190476191,0.6190476190476191,0.17779743476337903,0,5.714285714285714,21,6,15,0.2571822739526341,0.2913940357411021,0.1408065053392988,1.0
Zm00001eb288150,2,0.5652173913043479,0.6521739130434783,0.28063241106719367,0,3.1714285714285717,23,10,13,0.7391110417876778,0.8186345412165009,0.6372347131609507,1.0
Zm00001eb288190,2,0.5454545454545454,0.5454545454545454,0.48051948051948046,0,0.8181818181818182,22,10,12,0.9800480693360367,1.7948688079535209,0.8326862057240259,1.0
Zm00001eb288240,1,0.6818181818181818,0.6818181818181818,0.17779743476337903,0,0.22727272727272727,22,16,6,0.36884911127061387,0.35841931385124054,0.17779743476337903,1.0
Zm00001eb288340,2,0.5869565217391304,0.6086956521739131,0.4136492125454301,0,2.0,23,10,13,0.5299118598288723,0.701285428531248,0.6406839777419866,1.0
Zm00001eb288370,3,0.5694444444444445,0.7083333333333334,0.544042913608131,0,0.4358974358974359,24,4,20,0.7445814678231342,0.53960690840464,0.7599655582333222,1.0
Zm00001eb288390,1,0.5416666666666666,0.5416666666666666,1.0,0,0.8333333333333334,24,9,15,0.4318835559760634,0.6265132516933387,1.0,1.0
Zm00001eb288420,1,0.34782608695652173,0.34782608695652173,1.0,0,,23,18,5,0.383097098142709,0.5173946947919368,1.0,1.0
Zm00001eb288430,2,0.34090909090909094,0.4090909090909091,1.0,0,1.5,22,4,18,0.6713978249335845,0.6971052141612517,1.0,1.0
Zm00001eb288540,8,0.657608695652174,0.782608695652174,0.04500381388253241,1,3.4113756613756614,23,16,7,0.2383569939942464,0.2982643069129446,0.34749867890651,1.0
Zm00001eb288580,1,0.75,0.75,0.25127046866177305,0,4.0,24,6,18,0.35652304130395335,0.4068626607593775,0.25127046866177305,1.0
Zm00001eb288670,1,0.6086956521739131,0.6086956521739131,0.6430205949656751,0,0.5454545454545454,23,9,14,0.2434313139643881,0.30090906437176973,0.6430205949656751,1.0
Zm00001eb288770,1,0.2727272727272727,0.2727272727272727,1.0,0,,22,3,19,0.2962903095064217,0.22561527566835385,1.0,1.0
Zm00001eb288790,3,0.5507246376811593,0.5652173913043478,0.47826086956521735,0,0.5125,23,12,11,1.008605638935894,2.1118585570272055,0.8916496696096579,1.0
Zm00001eb288800,1,0.43478260869565216,0.43478260869565216,0.5392433653303219,0,,23,4,19,0.840622960365681,0.8263011142726542,0.5392433653303219,1.0
Zm00001eb288870,1,0.5714285714285714,0.5714285714285714,0.3371431028551771,0,4.5,21,14,7,0.9606925977166745,1.0173600540054455,0.3371431028551771,1.0
Zm00001eb288920,1,0.8260869565217391,0.8260869565217391,0.3562958780350084,0,4.5,23,3,20,0.4301664071213441,0.3708599054670713,0.3562958780350084,1.0
Zm00001eb289010,1,0.75,0.75,0.24871001031991744,0,4.333333333333333,20,4,16,0.48639249387720207,0.5281174520102894,0.24871001031991744,1.0
Zm00001eb289050,1,0.4782608695652174,0.4782608695652174,0.2727272727272727,0,,23,19,4,0.914998125877634,0.9057012844215182,0.2727272727272727,1.0
Zm00001eb289160,1,0.45,0.45,1.0,0,1.1111111111111112,20,14,6,0.7996811236500957,0.9010216261557602,1.0,1.0
Zm00001eb289180,1,0.5217391304347826,0.5217391304347826,0.6570197873199622,0,0.5142857142857142,23,16,7,0.39930944355650366,0.4453338129443383,0.6570197873199622,1.0
Zm00001eb289190,3,0.5507246376811594,0.6086956521739131,0.058179044449067324,0,2.0,23,15,8,0.865995321246859,1.1377575733341434,0.2520015674962437,1.0
Zm00001eb289230,1,0.7647058823529411,0.7647058823529411,0.029411764705882356,1,,17,9,8,0.32519066545700576,0.4102074013663548,0.029411764705882356,1.0
Zm00001eb289300,2,0.5476190476190476,0.6666666666666666,1.0,0,1.5833333333333333,21,14,7,1.2510212037962103,1.5150799445694858,1.0,1.0
Zm00001eb289310,6,0.47222222222222215,0.5416666666666666,0.25889328063241107,0,0.6904761904761904,24,9,15,0.20461073194535884,0.28202012193157133,0.9436995786884886,1.0
Zm00001eb289390,2,0.6304347826086956,0.6956521739130435,0.5900621118012422,0,1.9722222222222223,23,20,3,0.6476817356743269,0.5418897929887898,0.901336086779333,1.0
Zm00001eb289400,2,0.5681818181818181,0.6363636363636364,0.38699690402476783,0,2.1,22,11,11,0.2714046861772816,0.3537236146672827,0.7543879976471963,1.0
Zm00001eb289430,3,0.4861111111111111,0.7916666666666666,0.43675889328063233,0,0.9166666666666666,24,21,3,0.7400404010098632,0.5992845901392645,0.948411316096808,1.0
Zm00001eb289450,2,0.5909090909090908,0.6363636363636364,0.2305310788282925,0,0.528061224489796,22,12,10,0.47169973333737314,0.5556446384998306,0.5688053742363833,1.0
Zm00001eb289460,1,0.7272727272727273,0.7272727272727273,0.27432216905901113,0,0.20512820512820512,22,17,5,1.0423191474975901,1.1775923034888287,0.27432216905901113,1.0
Zm00001eb289490,2,0.43478260869565216,0.5652173913043478,0.12727272727272726,0,,23,4,19,0.2643418249125922,0.30298651326234816,0.38963565914981996,1.0
Zm00001eb289520,1,0.7058823529411765,0.7058823529411765,0.5147058823529412,0,2.75,17,12,5,0.1744153743223652,0.19796805218098582,0.5147058823529412,1.0
Zm00001eb289550,1,0.47058823529411764,0.47058823529411764,1.0,0,0.875,17,6,11,0.14871672927418822,0.21973429281210366,1.0,1.0
Zm00001eb289570,4,0.75,0.875,0.14285714285714288,0,,8,3,5,0.5160183990700855,0.7612543687042649,0.15407524594008895,1.0
Zm00001eb289710,1,0.6,0.6,1.0,0,0.375,10,5,5,0.09509004840002412,0.14293089373144618,1.0,1.0
Zm00001eb289800,2,0.6111111111111112,0.7222222222222222,0.1176470588235294,0,0.1111111111111111,18,5,13,0.7347404318933637,1.412145312682759,0.14447712447576258,1.0
Zm00001eb289820,1,0.55,0.55,0.6699214098594904,0,0.6,20,12,8,0.47415707325695644,0.646021984378254,0.6699214098594904,1.0
Zm00001eb289900,4,0.6388888888888888,0.7777777777777778,0.09803921568627451,0,0.7142857142857143,18,6,12,0.4796937801503937,0.529625332330037,0.39373810546813787,1.0
Zm00001eb289910,2,0.5454545454545454,0.5454545454545454,1.0,0,1.0416666666666665,11,7,4,0.2558474349247186,0.3149550466463116,1.0,1.0
Zm00001eb289920,2,0.59375,0.625,0.3076923076923077,0,2.775,16,9,7,0.37605675451963944,0.5992206498980464,0.6703553834897372,1.0
Zm00001eb289940,1,0.6818181818181818,0.6818181818181818,0.5272727272727272,0,0.23076923076923078,22,3,19,1.7196116874463534,1.1702932107920667,0.5272727272727272,1.0
Zm00001eb289960,1,0.21739130434782608,0.21739130434782608,1.0,0,,23,20,3,0.936944013747247,0.7065727443919548,1.0,1.0
Zm00001eb289990,1,0.4583333333333333,0.4583333333333333,1.0,0,0.7333333333333333,24,7,17,0.4833615910508186,0.5160954514755265,1.0,1.0
Zm00001eb290050,2,0.36363636363636365,0.4090909090909091,0.5352016404647983,0,,22,5,17,0.7109716798207192,0.7627391713443581,0.8697624504702381,1.0
Zm00001eb290320,1,0.5652173913043478,0.5652173913043478,0.6801722977520528,0,0.5714285714285714,23,12,11,0.2119551591237407,0.2689165942798003,0.6801722977520528,1.0
Zm00001eb290350,1,0.42105263157894735,0.42105263157894735,0.5304437564499483,0,,19,14,5,0.6153210542622823,0.669670878256057,0.5304437564499483,1.0
Zm00001eb290360,4,0.7124999999999999,0.75,0.12192982456140351,0,1.1821969696969696,20,7,13,0.2798331903615923,0.3776428670004775,0.12390186298152364,1.0
Zm00001eb290480,1,0.5217391304347826,0.5217391304347826,1.0,0,1.4583333333333333,23,10,13,0.5085628102783075,0.8408112326854952,1.0,1.0
Zm00001eb290590,1,0.6521739130434783,0.6521739130434783,0.6213854795090492,0,2.4,23,15,8,0.5245325809322582,0.7563643474015366,0.6213854795090492,1.0
Zm00001eb290650,1,0.7692307692307693,0.7692307692307693,0.10256410256410256,0,0.08333333333333333,13,7,6,0.567380783379591,0.746285085932655,0.10256410256410256,1.0
Zm00001eb290750,1,0.6956521739130435,0.6956521739130435,0.3184938631162887,0,0.3076923076923077,23,16,7,0.7493778388784267,0.8276946899070545,0.3184938631162887,1.0
Zm00001eb290760,1,0.7058823529411765,0.7058823529411765,0.5147058823529411,0,2.75,17,5,12,0.6303288825910347,0.6372018286033049,0.5147058823529411,1.0
Zm00001eb290920,1,0.4666666666666667,0.4666666666666667,1.0,0,0.5833333333333334,15,11,4,0.1930959154047716,0.24780991818053247,1.0,1.0
Zm00001eb291100,1,0.6666666666666666,0.6666666666666666,0.28205128205128194,0,0.19047619047619047,15,4,11,0.227790447749595,0.31959426677225233,0.28205128205128194,1.0
Zm00001eb291140,1,0.45,0.45,1.0,0,2.0,20,5,15,0.26410924438674976,0.2656478729666983,1.0,1.0
Zm00001eb291150,2,0.5,0.5,1.0,0,1.0,10,6,4,0.26529629609439276,0.3072953519533482,1.0,1.0
Zm00001eb291210,2,0.5833333333333334,0.6111111111111112,0.3665158371040725,0,1.875,18,10,8,0.7921069682626962,1.0970318926129374,0.7343927479387804,1.0
Zm00001eb291270,1,0.3333333333333333,0.3333333333333333,1.0,0,0.9375,24,5,19,0.42992145441623925,0.46869382271660337,1.0,1.0
Zm00001eb291340,1,0.631578947368421,0.631578947368421,0.5459236326109392,0,3.3333333333333335,19,3,16,0.2357161469144233,0.21446195389201803,0.5459236326109392,1.0
Zm00001eb291380,1,0.2916666666666667,0.2916666666666667,1.0,0,,24,19,5,1.2030754084406527,1.2872992282703508,1.0,1.0
Zm00001eb291450,2,0.55,0.55,1.0,0,0.6428571428571429,20,7,13,1.0121322980212601,1.222961668925218,1.0,1.0
Zm00001eb291460,2,0.5625,0.7083333333333334,0.03726708074534161,1,1.8461538461538463,24,5,19,0.35464831828352533,0.3627975901637704,0.15986254269899655,1.0
Zm00001eb291470,1,0.7916666666666666,0.7916666666666666,0.3804347826086957,0,0.2222222222222222,24,5,19,0.47198106185007677,1.2606803542193352,0.3804347826086957,1.0
Zm00001eb291720,2,0.5555555555555556,0.6666666666666666,0.5220588235294118,0,2.2222222222222223,18,5,13,0.5683524276955755,0.6177539116440428,0.6662545564345769,1.0
Zm00001eb291820,1,0.6086956521739131,0.6086956521739131,0.40153452685421986,0,0.3673469387755102,23,10,13,0.3505465837392578,0.4015276369766243,0.40153452685421986,1.0
Zm00001eb291930,3,0.5952380952380952,0.6428571428571429,0.46153846153846156,0,0.6111111111111112,14,7,7,1.2008240862456208,1.512728774601158,0.8444995955353711,1.0
Zm00001eb291960,3,0.5833333333333334,0.625,0.475,0,0.4875,16,9,7,0.4368373719570109,0.5464523880382841,0.8726141795406266,1.0
Zm00001eb292100,2,0.5454545454545454,0.5909090909090909,0.47619047619047616,0,1.0,22,11,11,0.18426494037738256,0.31894743736918313,0.8294939736806558,1.0
Zm00001eb292230,1,0.42857142857142855,0.42857142857142855,0.5263157894736843,0,,21,6,15,0.3320953939447301,0.3756763860572884,0.5263157894736843,1.0
Zm00001eb292260,1,0.2727272727272727,0.2727272727272727,1.0,0,,22,19,3,2.5274938011602077,1.648242120898772,1.0,1.0
Zm00001eb292290,1,0.6842105263157895,0.6842105263157895,0.26212590299277605,0,6.0,19,11,8,0.19547619329739832,0.23402006812573561,0.26212590299277605,1.0
Zm00001eb292370,1,0.4,0.4,1.0,0,1.0909090909090908,20,3,17,0.12255294323300445,0.10619465123861833,1.0,1.0
Zm00001eb292420,2,0.4722222222222222,0.5555555555555556,0.24509803921568624,0,1.2,18,14,4,0.18977476370386315,0.2267078770866345,0.5897296540235466,1.0
Zm00001eb292430,2,0.3913043478260869,0.43478260869565216,1.0,0,0.5714285714285714,23,19,4,0.374720412871237,0.3884537627616914,1.0,1.0
Zm00001eb292450,1,0.7222222222222222,0.7222222222222222,0.24509803921568624,0,0.13333333333333333,18,7,11,0.23535258618957597,0.28534304460067855,0.24509803921568624,1.0
Zm00001eb292510,1,0.5714285714285714,0.5714285714285714,0.660490592998333,0,0.5,21,12,9,0.31875385783710763,0.4195143167754129,0.660490592998333,1.0
Zm00001eb292620,1,0.45454545454545453,0.45454545454545453,1.0,0,0.6875,22,13,9,1.0095628224862763,1.5126085051957352,1.0,1.0
Zm00001eb292650,1,0.375,0.375,1.0,0,0.7,24,5,19,0.629068613336545,0.6415685303122545,1.0,1.0
Zm00001eb292690,2,0.4583333333333333,0.4583333333333333,0.5108695652173912,0,,24,15,9,0.20929168882549928,0.2472451822360731,0.6115677964375734,1.0
Zm00001eb292770,4,0.5416666666666666,0.5833333333333334,0.48188405797101447,0,0.8664351851851851,24,11,13,0.28307144576953774,0.35454247169208625,0.9725386702172686,1.0
Zm00001eb292780,1,0.43478260869565216,0.43478260869565216,1.0,0,1.0909090909090908,23,8,15,0.5664735130466976,0.6274580960260083,1.0,1.0
Zm00001eb293130,3,0.5277777777777778,0.5416666666666666,0.5962732919254659,0,1.8838383838383839,24,11,13,0.8371987701899825,1.0926728192765676,0.9842860423169917,1.0
Zm00001eb293190,7,0.6326530612244898,0.8095238095238095,0.3523809523809524,0,3.156944444444444,21,17,4,0.48094689139056424,0.6638621577800297,0.8565548021273504,1.0
Zm00001eb293260,1,0.5714285714285714,0.5714285714285714,1.0,0,0.7272727272727273,21,9,12,0.3205843704964691,0.6762602023978729,1.0,1.0
Zm00001eb293310,3,0.5072463768115942,0.6956521739130435,0.27248952420577127,0,1.5,23,17,6,0.6907570487405483,0.7777476908287096,0.85707676767047,1.0
Zm00001eb293370,1,0.7222222222222222,0.7222222222222222,0.24509803921568626,0,0.18181818181818182,18,15,3,0.5475701956219451,0.8868587273951665,0.24509803921568626,1.0
Zm00001eb293430,1,0.5,0.5,1.0,0,1.0,20,10,10,0.4815558785511044,0.5753435383841409,1.0,1.0
Zm00001eb293470,2,0.55,0.55,0.6424148606811145,0,1.4,20,9,11,0.6094330106641238,0.7929803242738639,0.9266969166780805,1.0
Zm00001eb293480,2,0.7368421052631579,0.8421052631578947,0.05847953216374269,0,1.6666666666666667,19,14,5,1.2407106977134825,1.4157891999155212,0.22450751248588383,1.0
Zm00001eb293510,3,0.5833333333333334,0.6666666666666666,0.2173264042459089,0,0.8846560846560846,24,13,11,0.6403733585017511,0.8101196219839565,0.8022027235941687,1.0
Zm00001eb293530,2,0.7608695652173914,0.782608695652174,0.39525691699604737,0,3.125,23,18,5,0.32365523514366196,0.3710035614522964,0.5426125919881051,1.0
Zm00001eb293540,1,0.5263157894736842,0.5263157894736842,1.0,0,1.1666666666666667,19,6,13,0.25965662598866485,0.35030847339548726,1.0,1.0
Zm00001eb293550,1,0.5,0.5,1.0,0,1.0714285714285714,22,9,13,0.1898072351235446,0.2873755252474468,1.0,1.0
Zm00001eb293560,2,0.6363636363636364,0.6363636363636364,0.3777089783281734,0,1.4166666666666667,22,14,8,0.11932546461845438,0.15279845883237364,0.4268570380430762,1.0
Zm00001eb293570,3,0.2878787878787879,0.4090909090909091,0.5324675324675324,0,,22,19,3,0.9438894677363939,0.6546354605202318,0.9737928083240601,1.0
Zm00001eb293600,2,0.6578947368421053,0.7368421052631579,0.11738906088751289,0,0.3939393939393939,19,12,7,1.725300467414659,2.0452654770423906,0.36886713289400563,1.0
Zm00001eb293610,1,0.7083333333333334,0.7083333333333334,0.13043478260869565,0,,24,15,9,1.1528503522120188,1.2834783168284352,0.13043478260869565,1.0
Zm00001eb293660,2,0.7083333333333333,0.7916666666666666,0.03806948200540878,1,0.9500000000000001,24,17,7,0.36607473342676106,0.3996272877106598,0.11580521095681418,1.0
Zm00001eb293670,1,0.7083333333333334,0.7083333333333334,1.0,0,1.3333333333333333,24,20,4,0.6853503888030293,0.7227383565589881,1.0,1.0
Zm00001eb293710,3,0.619047619047619,0.7619047619047619,0.42857142857142855,0,3.75,21,5,16,0.37463594394070326,0.4566459419090015,0.7586491314871605,1.0
Zm00001eb293750,2,0.625,0.6666666666666666,0.11396574440052701,0,,24,10,14,0.29046717948283324,0.4377240003058846,0.09263920593282786,1.0
Zm00001eb293760,2,0.5434782608695652,0.5652173913043478,0.33935629587803495,0,3.35,23,10,13,0.29494284500520584,0.33900251727326314,0.5296193798927349,1.0
Zm00001eb293800,3,0.6507936507936508,0.6666666666666666,0.5742690058479532,0,1.1944444444444444,21,14,7,0.36952232352442216,0.4623603221677448,0.9811269527183754,1.0
Zm00001eb293820,1,0.625,0.625,0.4120339211199354,0,0.45454545454545453,24,9,15,0.3240396595548544,0.4255865833456115,0.4120339211199354,1.0
Zm00001eb293830,2,0.5869565217391304,0.6521739130434783,0.04805491990846681,1,1.25,23,14,9,0.5457254544894453,0.7079549497447766,0.19392134074328488,1.0
Zm00001eb294160,2,0.53125,0.5625,0.5879120879120878,0,0.36875,16,5,11,0.26248230800347844,0.3380737649349101,0.9001979682955666,1.0
Zm00001eb294170,2,0.42857142857142855,0.42857142857142855,0.5263157894736843,0,,21,18,3,0.40044502916643776,0.4733252158648804,0.6326060311204404,1.0
Zm00001eb294180,1,0.6956521739130435,0.6956521739130435,0.17929734822990978,0,0.21818181818181817,23,8,15,0.5177526261596327,0.5764400432513587,0.17929734822990978,1.0
Zm00001eb294200,3,0.5694444444444444,0.6666666666666666,0.266304347826087,0,1.8142857142857143,24,9,15,0.3080418910070594,0.4121407013906664,0.4754381876866829,1.0
Zm00001eb294270,2,0.5909090909090908,0.6363636363636364,0.4545454545454546,0,0.6666666666666666,11,5,6,1.8650683469731708,2.5075298596150297,0.812935163801941,1.0
Zm00001eb294280,4,0.6521739130434783,0.782608695652174,0.2529644268774704,0,1.7474747474747476,23,20,3,0.41816232995818775,0.47532993469221213,0.5777299391713946,1.0
Zm00001eb294370,1,0.6818181818181818,0.6818181818181818,1.0,0,2.3333333333333335,22,15,7,0.5898050853658123,0.7093699422071421,1.0,1.0
Zm00001eb294390,7,0.46825396825396826,0.6111111111111112,0.11414565826330533,0,1.3763888888888889,18,5,13,1.2585312921552267,1.29814471260053,0.993044045052655,1.0
Zm00001eb294400,1,0.7,0.7,0.19999999999999998,0,,10,4,6,0.14237853118485538,0.17414213583719998,0.19999999999999998,1.0
Zm00001eb294500,2,0.6944444444444444,0.8333333333333334,0.3137254901960785,0,0.2901785714285714,18,3,15,1.0623328320484768,0.9313702514965094,0.6774076581912298,1.0
Zm00001eb294560,2,0.5454545454545454,0.6818181818181818,0.5352016404647985,0,0.8571428571428571,22,18,4,1.0577779206658953,1.2515148816458497,0.8697624504702383,1.0
Zm00001eb294570,1,0.3888888888888889,0.3888888888888889,1.0,0,1.0,18,6,12,0.40901532842159216,0.5141181096889093,1.0,1.0
Zm00001eb294580,1,0.5217391304347826,0.5217391304347826,0.2529644268774704,0,,23,20,3,0.40372821465684877,0.46518032800911174,0.2529644268774704,1.0
Zm00001eb294590,2,0.5681818181818181,0.5909090909090909,0.6550199026979213,0,1.2222222222222223,22,16,6,0.7835428117710631,0.7901250163409901,0.9321520493202403,1.0
Zm00001eb294600,1,0.8571428571428571,0.8571428571428571,0.07969924812030077,0,16.0,21,3,18,0.4925264530193006,0.3952871236207813,0.07969924812030077,1.0
Zm00001eb294810,1,0.5714285714285714,0.5714285714285714,1.0,0,0.5,7,4,3,0.3697396732096879,0.4284268915390558,1.0,1.0
Zm00001eb294830,3,0.513888888888889,0.625,0.536231884057971,0,1.8686868686868685,24,8,16,0.3992179901700421,0.5226868310543255,0.8000166130364795,1.0
Zm00001eb294930,2,0.59375,0.8125,0.03571428571428571,1,,16,13,3,0.35372399591599035,0.3433249038524311,0.15472158964911445,1.0
Zm00001eb294940,2,0.47916666666666663,0.5,0.6146245059288538,0,2.0,24,19,5,1.2441012802321556,1.0637712139484674,0.9137891471554545,1.0
Zm00001eb295060,1,0.55,0.55,0.26044891640866874,0,,20,5,15,0.64237992838035,0.6798713775368329,0.26044891640866874,1.0
Zm00001eb295070,2,0.5294117647058824,0.6470588235294118,1.0,0,0.9305555555555556,17,4,13,0.21286501109805056,0.20204131536636535,1.0,1.0
Zm00001eb295080,3,0.4833333333333334,0.55,0.6126160990712074,0,1.472222222222222,20,7,13,0.2714493739731613,0.28385550633162643,0.9863578899858907,1.0
Zm00001eb295090,1,0.6086956521739131,0.6086956521739131,0.6570197873199622,0,1.65,23,7,16,0.4600146545606247,0.47357872047575883,0.6570197873199622,1.0
Zm00001eb295120,2,0.6086956521739131,0.6956521739130435,0.5573122529644268,0,0.3637566137566137,23,4,19,0.6072053819117462,0.6146240902123065,0.702893919053959,1.0
Zm00001eb295130,1,0.22727272727272727,0.22727272727272727,1.0,0,,22,19,3,0.587520320355956,0.7595724490232485,1.0,1.0
Zm00001eb295170,1,0.4782608695652174,0.4782608695652174,0.6213854795090493,0,0.39285714285714285,23,18,5,0.6971939826827965,0.6612502728759957,0.6213854795090493,1.0
Zm00001eb295180,5,0.55,0.7,0.1735810113519092,0,0.37738095238095243,20,13,7,0.4971131616908943,0.9645317616328557,0.6424173742226378,1.0
Zm00001eb295480,1,0.3333333333333333,0.3333333333333333,1.0,0,,24,18,6,0.18166351076352846,0.20273025816086687,1.0,1.0
Zm00001eb295590,5,0.5636363636363637,0.6818181818181818,0.3088782562466773,0,1.2416666666666665,22,8,14,0.34020762863512377,0.3759690340820066,0.9129972801592031,1.0
Zm00001eb295600,3,0.6231884057971014,0.7391304347826086,0.13098952915886553,0,2.658249158249158,23,15,8,0.2657950763762569,0.29966186395681227,0.41791371234242525,1.0
Zm00001eb295630,2,0.5434782608695652,0.6521739130434783,0.525691699604743,0,0.5,23,8,15,0.2825790404170678,0.34700869592394823,0.8637326796334661,1.0
Zm00001eb295820,2,0.20833333333333334,0.20833333333333334,1.0,0,,24,3,21,0.2874012584404994,0.24031972512921362,1.0,1.0
Zm00001eb295950,2,0.35416666666666663,0.375,1.0,0,1.4285714285714286,24,19,5,0.23511178901693505,0.3067621647922751,1.0,1.0
Zm00001eb295960,1,0.6666666666666666,0.6666666666666666,1.0,0,2.1666666666666665,21,7,14,0.9797645965343234,1.0668448708922826,1.0,1.0
Zm00001eb296010,1,0.625,0.625,0.11858974358974361,0,,16,11,5,0.9582307152511172,1.5511719530546442,0.11858974358974361,1.0
Zm00001eb296060,1,0.7,0.7,0.09228387711359848,0,6.125,20,9,11,0.18668371532814831,0.3060192670061884,0.09228387711359848,1.0
Zm00001eb296100,1,0.6818181818181818,0.6818181818181818,0.1718266253869969,0,0.2,22,10,12,0.17168918702715455,0.28324384556188875,0.1718266253869969,1.0
Zm00001eb296150,1,0.5,0.5,1.0,0,1.0,22,11,11,0.561418946480301,0.8406023915655634,1.0,1.0
Zm00001eb296160,1,0.5652173913043478,0.5652173913043478,0.399784627809934,0,0.38095238095238093,23,15,8,0.1958339877632806,0.19869547038858795,0.399784627809934,1.0
Zm00001eb296180,2,0.45238095238095233,0.47619047619047616,0.2776057791537667,0,0.55,21,5,16,0.562129524664343,0.5782241570019381,0.6333723627303626,1.0
Zm00001eb296230,2,0.5208333333333333,0.5416666666666666,1.0,0,1.0682539682539682,24,11,13,0.203961152663487,0.2693676506899085,1.0,1.0
Zm00001eb296300,1,0.43478260869565216,0.43478260869565216,0.525691699604743,0,,23,16,7,0.7096502347684329,0.7876221295820862,0.525691699604743,1.0
Zm00001eb296340,1,0.5416666666666666,0.5416666666666666,1.0,0,0.8333333333333334,24,11,13,0.3121571889324136,0.46062134844522706,1.0,1.0
Zm00001eb296410,1,0.7391304347826086,0.7391304347826086,0.2094861660079051,0,6.0,23,3,20,0.4195586510311368,0.5984746222751478,0.2094861660079051,1.0
Zm00001eb296510,3,0.6212121212121212,0.6363636363636364,0.16187527642636,0,0.32962962962962966,22,10,12,0.9895740409524145,1.2076575108149612,0.37957519171868065,1.0
Zm00001eb296520,1,0.5217391304347826,0.5217391304347826,0.4861660079051384,0,,23,13,10,0.4758165067797503,0.6220856770302773,0.4861660079051384,1.0
Zm00001eb296550,3,0.6212121212121212,0.6363636363636364,1.0,0,0.6388888888888888,22,15,7,0.5854779060206645,1.658182338441403,1.0,1.0
Zm00001eb296650,3,0.6507936507936508,0.6666666666666666,0.1714285714285714,0,0.25,21,12,9,0.9130048140145003,1.0985551716657882,0.29285416466404124,1.0
Zm00001eb296680,2,0.6041666666666667,0.625,0.6349074266694404,0,1.7857142857142856,24,18,6,0.11582577350576374,0.1676235287459331,0.7864461695687794,1.0
Zm00001eb296690,1,0.6111111111111112,0.6111111111111112,0.6371863430686961,0,0.4,18,8,10,0.27305890197609717,0.403201038170619,0.6371863430686961,1.0
Zm00001eb296700,1,0.75,0.75,0.251270468661773,0,4.0,24,18,6,0.2747200580644338,0.44229899105316417,0.251270468661773,1.0
Zm00001eb296760,1,0.375,0.375,0.5464426877470355,0,,24,18,6,0.6186939124520058,0.7464589144893848,0.5464426877470355,1.0
Zm00001eb296790,1,0.5714285714285714,0.5714285714285714,1.0,0,1.1111111111111112,21,13,8,0.2256400209205526,0.30134052195295347,1.0,1.0
Zm00001eb296870,2,0.5,0.5416666666666666,0.628666527980029,0,1.3111111111111111,24,7,17,0.36866417654636074,0.6445990389529522,0.7759824179312037,1.0
Zm00001eb297040,5,0.5904761904761905,0.7142857142857143,0.14617425917735516,0,1.9110576923076923,21,6,15,0.598698324480095,1.161025592826337,0.8993163643046402,1.0
Zm00001eb297110,3,0.5797101449275363,0.9565217391304348,0.011857707509881422,1,0.6111111111111112,23,3,20,0.6330651400665565,1.037113360404014,0.1810482404009029,1.0
Zm00001eb297150,1,0.47368421052631576,0.47368421052631576,0.5087719298245614,0,,19,7,12,0.48782260381224185,0.6001721192967424,0.5087719298245614,1.0
Zm00001eb297160,1,0.3157894736842105,0.3157894736842105,1.0,0,,19,15,4,0.42253560737109447,0.5459402230021293,1.0,1.0
Zm00001eb297170,1,0.5454545454545454,0.5454545454545454,1.0,0,1.4583333333333333,22,11,11,0.5542260000137316,0.7835066620312968,1.0,1.0
Zm00001eb297180,2,0.6521739130434783,0.8695652173913043,0.24901185770750983,0,0.4276315789473684,23,20,3,0.49917494558130376,1.034111692619025,0.5952017787635068,1.0
Zm00001eb297240,2,0.7045454545454546,0.7272727272727273,0.13650436251055442,0,0.2222222222222222,22,14,8,0.5896507006726036,0.7732864665841074,0.17566073234860055,1.0
Zm00001eb297330,3,0.5303030303030303,0.5909090909090909,0.6158176189135942,0,0.6666666666666666,22,7,15,0.597614774291073,0.7230419485171141,0.9349903631884304,1.0
Zm00001eb297420,2,0.6086956521739131,0.6956521739130435,0.07430340557275542,0,10.5,23,15,8,0.7338562393125455,1.411060451973214,0.09465873432448126,1.0
Zm00001eb297430,1,0.5625,0.5625,0.24450549450549441,0,,16,12,4,0.9512165883033862,0.8645056164246835,0.24450549450549441,1.0
Zm00001eb297490,1,0.30434782608695654,0.30434782608695654,1.0,0,,23,5,18,0.6681118412697272,1.986761358654111,1.0,1.0
Zm00001eb297500,1,0.5714285714285714,0.5714285714285714,0.6594427244582042,0,1.9444444444444444,21,13,8,0.4088723499600152,0.6031403629223417,0.6594427244582042,1.0
Zm00001eb297510,2,0.5681818181818181,0.6363636363636364,0.266347687400319,0,0.3,22,16,6,0.6105326182892186,1.0329100708159131,0.31291823405926766,1.0
Zm00001eb297550,5,0.63,0.75,0.20175438596491227,0,0.801025641025641,20,6,14,0.4357344238912935,0.4457400197750483,0.9216920060182363,1.0
Zm00001eb297590,1,0.2631578947368421,0.2631578947368421,1.0,0,,19,16,3,0.25714193721142076,0.4894070860053997,1.0,1.0
Zm00001eb297610,3,0.5833333333333334,0.65,0.33591331269349844,0,2.1333333333333333,20,9,11,0.24680268853258158,0.3159682859413048,0.7233626806612292,1.0
Zm00001eb297620,2,0.7058823529411764,0.8235294117647058,0.33088235294117646,0,1.4102564102564101,17,14,3,0.4596216393789646,0.34153837483118393,0.506772966810697,1.0
Zm00001eb297770,1,0.8888888888888888,0.8888888888888888,0.05637254901960786,0,28.0,18,3,15,0.3508911966728834,0.29627521686405445,0.05637254901960786,1.0
Zm00001eb298010,1,0.5,0.5,1.0,0,1.0,12,6,6,0.33152980172727803,0.46909040202150165,1.0,1.0
Zm00001eb298090,1,0.7619047619047619,0.7619047619047619,0.48872180451127817,0,0.4,21,4,17,0.8958430918246468,0.8420959666529205,0.48872180451127817,1.0
Zm00001eb298150,1,0.55,0.55,1.0,0,1.2857142857142858,20,11,9,0.2261751980589007,0.32908495874344135,1.0,1.0
Zm00001eb298290,2,0.5833333333333333,0.625,0.21079553102705617,0,2.3452380952380953,24,13,11,0.26511523329131736,0.3478138491920018,0.5389760659083669,1.0
Zm00001eb298350,1,0.6666666666666666,0.6666666666666666,0.5783926218708827,0,0.42857142857142855,24,20,4,0.19031796314422647,0.2154972380343731,0.5783926218708827,1.0
Zm00001eb298420,1,0.7777777777777778,0.7777777777777778,0.16666666666666663,0,,9,6,3,0.6105750839582341,0.734131752803731,0.16666666666666663,1.0
Zm00001eb298480,1,0.4583333333333333,0.4583333333333333,1.0,0,0.5,24,4,20,1.41872744634337,1.2494115856519812,1.0,1.0
Zm00001eb298490,5,0.6636363636363637,0.7272727272727273,0.5864661654135339,0,0.6161904761904762,22,4,18,0.8399164831038965,0.779305804097111,0.9956673031340182,1.0
Zm00001eb298510,1,0.8095238095238095,0.8095238095238095,0.3864661654135339,0,0.25,21,18,3,1.4323982604652525,0.9407419719406911,0.3864661654135339,1.0
Zm00001eb298600,2,0.5,0.5652173913043478,0.5392433653303217,0,0.3,23,4,19,0.26925635324817576,0.2361840531201595,0.6825481210232828,1.0
Zm00001eb298610,1,0.5,0.5,1.0,0,1.8,22,19,3,0.3586477282803581,0.35426173932273997,1.0,1.0
Zm00001eb298660,2,0.47727272727272724,0.6818181818181818,0.5645933014354068,0,2.6,22,4,18,0.1321748084139608,0.1673917765497287,0.8873428518894702,1.0
Zm00001eb299010,5,0.509090909090909,0.6818181818181818,0.266347687400319,0,0.7307692307692308,22,6,16,0.8306710089891923,0.8859150393922763,0.7975447402805241,1.0
Zm00001eb299190,1,0.75,0.75,0.1391126036434961,0,5.0,24,6,18,0.6263869861777827,0.6355846337247125,0.1391126036434961,1.0
Zm00001eb299230,2,0.6136363636363636,0.6363636363636364,0.3864465084279327,0,0.4777777777777778,22,8,14,0.12681228545769224,0.17462514903378457,0.6045425348207665,1.0
Zm00001eb299250,1,0.4375,0.4375,1.0,0,1.5,16,4,12,0.5798376470195385,0.5952504120429903,1.0,1.0
Zm00001eb299340,1,0.4090909090909091,0.4090909090909091,1.0,0,,22,15,7,1.0657832131837457,1.275786667504297,1.0,1.0
Zm00001eb299510,1,0.391304347826087,0.391304347826087,1.0,0,1.0769230769230769,23,15,8,0.5542105132064055,0.6573208458901418,1.0,1.0
Zm00001eb299520,2,0.5217391304347826,0.5652173913043478,1.0,0,1.1238095238095238,23,18,5,0.55075820242198,0.5895890131529304,1.0,1.0
Zm00001eb299540,1,0.5454545454545454,0.5454545454545454,0.35009147199549684,0,0.25,22,7,15,0.32648630368180726,0.34110527431304644,0.35009147199549684,1.0
Zm00001eb299550,8,0.6052631578947368,0.6842105263157895,0.16374269005847952,0,1.5142857142857142,19,11,8,0.35655537429359857,0.44494076637352753,0.9529720059038933,1.0
Zm00001eb299760,3,0.5507246376811594,0.6086956521739131,0.21739130434782608,0,0.7833333333333333,23,12,11,0.11610820741635593,0.15328614424473508,0.8022783096116383,1.0
Zm00001eb299940,1,0.6842105263157895,0.6842105263157895,0.16980233388902116,0,5.25,19,9,10,1.4519106285230396,1.703918871634696,0.16980233388902116,1.0
Zm00001eb299960,3,0.4861111111111111,0.7916666666666666,0.3804347826086957,0,0.2222222222222222,24,5,19,0.6372298746836232,0.6040360644523115,0.7897554535711597,1.0
Zm00001eb300000,2,0.5714285714285714,0.6190476190476191,0.3665634674922601,0,3.3055555555555554,21,13,8,0.14548016629718855,0.22162438265100365,0.5565916973586521,1.0
Zm00001eb300010,2,0.5208333333333333,0.5416666666666666,0.6791851752142505,0,1.425925925925926,24,11,13,0.3388494053993736,0.5686379972787303,0.9419357512179799,1.0
Zm00001eb300040,2,0.6470588235294118,0.7058823529411765,0.13399835458658987,0,0.3055555555555556,17,10,7,0.787583169684841,1.569617127439733,0.2954744614854234,1.0
Zm00001eb300060,12,0.5381944444444444,0.625,0.2396688652577736,0,0.8497457568886141,24,11,13,0.6171186015297426,0.6902340457792786,0.9998140186123256,1.0
Zm00001eb300090,1,0.4583333333333333,0.4583333333333333,1.0,0,1.0909090909090908,24,5,19,0.5220181938773643,0.4947916941333603,1.0,1.0
Zm00001eb300100,3,0.5507246376811594,0.6956521739130435,0.2968587476596629,0,0.8215811965811964,23,18,5,0.816727607174034,0.9672302242433984,0.8763277887640667,1.0
Zm00001eb300170,5,0.5652173913043479,0.6956521739130435,0.08937945887737245,0,1.053030303030303,23,8,15,0.3069152570804766,0.39480281312823384,0.7190654375199579,1.0
Zm00001eb300260,2,0.6190476190476191,0.7142857142857143,0.606467148262814,0,2.4305555555555554,21,16,5,0.21515735032089559,0.21278570215226933,0.9097642305186974,1.0
Zm00001eb300350,1,0.5789473684210527,0.5789473684210527,0.47368421052631576,0,,19,10,9,0.35994204011153147,0.4398874048654484,0.47368421052631576,1.0
Zm00001eb300360,2,0.5217391304347826,0.5217391304347826,1.0,0,1.1458333333333335,23,11,12,0.5147437600207552,0.6993290555974147,1.0,1.0
Zm00001eb300400,1,0.6470588235294118,0.6470588235294118,0.5840336134453781,0,2.25,17,6,11,0.7461680364350045,0.7385393529661691,0.5840336134453781,1.0
Zm00001eb300480,2,0.5416666666666666,0.625,0.5108695652173912,0,1.8571428571428572,24,9,15,0.43427389090201934,0.6420107152409911,0.6777175982596002,1.0
Zm00001eb300490,2,0.5217391304347826,0.6956521739130435,1.0,0,1.25,23,18,5,1.2854645223238914,1.3013107500554764,1.0,1.0
Zm00001eb300690,1,0.3,0.3,1.0,0,,20,3,17,0.9880432910710153,0.8992269329055229,1.0,1.0
Zm00001eb300700,5,0.6434782608695653,0.7391304347826086,0.1420844601622634,0,2.851602564102564,23,5,18,0.41812030544285583,0.502017142161963,0.44085840215915484,1.0
Zm00001eb300730,5,0.5391304347826087,0.6521739130434783,0.6570197873199622,0,0.905,23,15,8,0.18803740251495196,0.22940714452472316,0.9983851889378961,1.0
Zm00001eb300750,7,0.6363636363636364,0.8636363636363636,0.2597402597402597,0,1.8111111111111111,22,3,19,0.25489386281098736,0.23269542795938697,0.8443557853511106,1.0
Zm00001eb300780,3,0.7222222222222223,0.75,0.13911260364349612,0,0.48333333333333334,24,6,18,0.1067736584003452,0.12114454153090906,0.6841270766101035,1.0
Zm00001eb300870,4,0.5,0.5,1.0,0,1.0916666666666668,22,9,13,0.27211862126377656,0.38730972889688364,1.0,1.0
Zm00001eb300930,1,0.7894736842105263,0.7894736842105263,0.08771929824561404,0,,19,13,6,0.49708508220897446,0.7880729507708987,0.08771929824561404,1.0
Zm00001eb300960,1,0.6,0.6,0.5804195804195803,0,0.25,15,5,10,0.35152522728608127,0.37473757473526914,0.5804195804195803,1.0
Zm00001eb300970,2,0.625,0.625,0.4666666666666667,0,3.0,16,8,8,0.21266631743083012,0.3706006881491649,0.6413881712187425,1.0
Zm00001eb301000,1,0.5217391304347826,0.5217391304347826,1.0,0,0.8,23,11,12,0.23545978591576372,0.28157824869258796,1.0,1.0
Zm00001eb301010,1,0.625,0.625,0.09834368530020704,0,,24,11,13,0.15619505082215399,0.18505425812039095,0.09834368530020704,1.0
Zm00001eb301020,1,0.8636363636363636,0.8636363636363636,0.25974025974025977,0,9.0,22,19,3,0.29534931826904937,0.19412336210705636,0.25974025974025977,1.0
Zm00001eb301050,2,0.525,0.75,0.2487100103199174,0,4.333333333333333,20,16,4,0.2748524080591822,0.28740008081295104,0.5947819509746408,1.0
Zm00001eb301070,1,0.4166666666666667,0.4166666666666667,1.0,0,1.6153846153846154,24,16,8,0.3230695970677883,0.38350203068245686,1.0,1.0
Zm00001eb301210,2,0.4117647058823529,0.4117647058823529,1.0,0,0.75,17,12,5,0.52456935602532,0.5651815150281495,1.0,1.0
Zm00001eb301240,7,0.5194805194805194,0.6818181818181818,0.3801857585139319,0,1.7559107559107558,22,14,8,0.36034587155861214,0.38715358256518956,0.9986303523307737,1.0
Zm00001eb301300,1,0.7222222222222222,0.7222222222222222,0.1414027149321267,0,0.16666666666666666,18,7,11,0.3356138886594109,0.46636442031164954,0.1414027149321267,1.0
Zm00001eb301330,1,0.5652173913043478,0.5652173913043478,1.0,0,0.8,23,16,7,0.29664705104773803,0.35320964696013596,1.0,1.0
Zm00001eb301430,1,0.5416666666666666,0.5416666666666666,0.5962732919254659,0,0.3333333333333333,24,11,13,0.289895629793479,0.41647606591429404,0.5962732919254659,1.0
Zm00001eb301440,3,0.6805555555555555,0.7083333333333334,0.5680406549971767,0,1.5,24,6,18,0.49810646182810037,0.4567016466616151,0.9801499679591866,1.0
Zm00001eb301580,1,0.46153846153846156,0.46153846153846156,1.0,0,0.75,13,5,8,0.5658021210109632,0.8545008356464056,1.0,1.0
Zm00001eb301730,1,0.5,0.5,1.0,0,1.0,10,5,5,0.23986439712826746,0.31764640396064825,1.0,1.0
Zm00001eb301750,2,0.42500000000000004,0.45,0.5304437564499483,0,,20,5,15,0.20932522972407033,0.20467224797882505,0.644205149289167,1.0
Zm00001eb302140,2,0.75,0.75,0.1264822134387352,0,0.17777777777777778,24,5,19,0.6071033181512463,0.5409869150710298,0.08215336193316759,1.0
Zm00001eb302190,2,0.5833333333333333,0.625,0.39045183290707597,0,0.48,24,16,8,0.29278892268089224,0.41407782371917823,0.617177802618758,1.0
Zm00001eb302210,1,0.34782608695652173,0.34782608695652173,1.0,0,,23,5,18,0.22823571028553225,0.2134362602465887,1.0,1.0
Zm00001eb302270,2,0.34090909090909094,0.36363636363636365,1.0,0,0.8666666666666667,22,4,18,1.5305225542231307,1.4081640959697175,1.0,1.0
Zm00001eb302280,2,0.5625,0.6666666666666666,0.628666527980029,0,0.6000000000000001,24,7,17,0.24083033025068826,0.24804105920323916,0.9204648159632152,1.0
Zm00001eb302310,2,0.3333333333333333,0.3333333333333333,1.0,0,,24,20,4,0.5586806849907836,0.6501831836033148,1.0,1.0
Zm00001eb302320,1,0.5238095238095238,0.5238095238095238,0.6594427244582043,0,1.75,21,12,9,0.46092992993914933,0.5860395122432288,0.6594427244582043,1.0
Zm00001eb302330,2,0.5,0.6190476190476191,1.0,0,1.1083333333333334,21,5,16,0.3435546436785912,0.34465811251100265,1.0,1.0
Zm00001eb302640,1,0.7142857142857143,0.7142857142857143,0.4285714285714286,0,,7,3,4,0.07306610565558555,0.10283412790281331,0.4285714285714286,1.0
Zm00001eb302800,1,0.5652173913043478,0.5652173913043478,1.0,0,0.9545454545454546,23,9,14,0.33705921126583943,0.40907397424157427,1.0,1.0
Zm00001eb302810,1,0.6956521739130435,0.6956521739130435,0.5756188891200333,0,2.3333333333333335,23,18,5,0.14179971046144849,0.12441106116548989,0.5756188891200333,1.0
Zm00001eb302900,1,0.6111111111111112,0.6111111111111112,1.0,0,1.0,18,12,6,0.47078598627868473,0.4796569525863805,1.0,1.0
Zm00001eb302930,2,0.5652173913043479,0.6086956521739131,0.6105679217807364,0,0.4639423076923077,23,9,14,0.47194802696626326,0.5603707233264595,0.9118012136632467,1.0
Zm00001eb302940,1,0.5,0.5,1.0,0,0.9142857142857143,24,9,15,0.3888004903663564,0.40780088580325946,1.0,1.0
Zm00001eb302950,1,0.47619047619047616,0.47619047619047616,1.0,0,1.0416666666666667,21,8,13,0.4207108599705848,0.5194690737408084,1.0,1.0
Zm00001eb302980,1,0.45,0.45,0.5210526315789474,0,,20,13,7,0.13090493457186686,0.15883062863045855,0.5210526315789474,1.0
Zm00001eb303040,1,0.7142857142857143,0.7142857142857143,0.06315789473684211,0,,21,9,12,0.289546181089667,0.39660212919365617,0.06315789473684211,1.0
Zm00001eb303080,2,0.6190476190476191,0.6666666666666666,0.3457516339869281,0,2.638888888888889,21,13,8,0.18199060802043224,0.21852554572766628,0.5650824260378524,1.0
Zm00001eb303110,1,0.5454545454545454,0.5454545454545454,0.5939849624060151,0,3.0,22,12,10,0.20145460425153183,0.2551742582878746,0.5939849624060151,1.0
Zm00001eb303190,1,0.5909090909090909,0.5909090909090909,1.0,0,1.1,22,7,15,0.3761421143633168,0.4730545011853554,1.0,1.0
Zm00001eb303210,1,0.391304347826087,0.391304347826087,1.0,0,,23,7,16,0.543194444116597,0.7230396712281788,1.0,1.0
Zm00001eb303240,1,0.6818181818181818,0.6818181818181818,0.19838056680161942,0,0.21428571428571427,22,10,12,0.17500891087449152,0.21952534063890583,0.19838056680161942,1.0
Zm00001eb303380,1,0.23809523809523808,0.23809523809523808,1.0,0,,21,3,18,0.4254857209290044,0.5584489074028474,1.0,1.0
Zm00001eb303400,1,0.3181818181818182,0.3181818181818182,1.0,0,,22,17,5,0.8639385857556509,0.9332195584928807,1.0,1.0
Zm00001eb303500,1,0.6842105263157895,0.6842105263157895,0.3260895451297928,0,0.25,19,7,12,0.229174601876268,0.36662221605843,0.3260895451297928,1.0
Zm00001eb303680,1,0.5,0.5,1.0,0,0.8,22,9,13,0.23509281577159727,0.36683488335195663,1.0,1.0
Zm00001eb303690,8,0.44886363636363635,0.8636363636363636,0.2597402597402597,0,3.7222222222222228,22,3,19,0.5165555689161789,0.4031295036372643,0.9999175982328403,1.0
Zm00001eb303700,2,0.6499999999999999,0.7,0.11661506707946338,0,,20,8,12,0.326103850379182,0.38000075942594896,0.08702153749246631,1.0
Zm00001eb303720,1,0.6153846153846154,0.6153846153846154,1.0,0,0.8571428571428571,13,3,10,0.21419490137671537,0.3529825673673493,1.0,1.0
Zm00001eb303750,2,0.6000000000000001,0.65,0.3698499642772088,0,0.7857142857142858,20,9,11,0.7407086983201354,0.9778408137966059,0.737724137354761,1.0
Zm00001eb303780,1,0.5454545454545454,0.5454545454545454,0.691355084543939,0,1.5,22,10,12,1.6194584560015146,1.8291585829010784,0.691355084543939,1.0
Zm00001eb303850,4,0.5694444444444444,0.6111111111111112,0.3137254901960784,0,4.666666666666667,18,8,10,0.2415399023359771,0.31774272551852717,0.5629158340453158,1.0
Zm00001eb303910,1,0.7692307692307693,0.7692307692307693,0.42307692307692313,0,4.5,13,3,10,0.13627491683333096,0.1640386722895846,0.42307692307692313,1.0
Zm00001eb303990,1,0.4,0.4,1.0,0,0.6875,20,15,5,0.7185139173891792,0.6982845306887239,1.0,1.0
Zm00001eb304080,1,0.6,0.6,0.6083916083916086,0,0.4,15,6,9,0.44288843127608224,0.4879101613476794,0.6083916083916086,1.0
Zm00001eb304110,1,0.7368421052631579,0.7368421052631579,0.5304437564499483,0,2.1666666666666665,19,15,4,0.35814334846952695,0.3135283296721547,0.5304437564499483,1.0
Zm00001eb304160,2,0.6875,0.7083333333333334,0.30684418556272103,0,2.25,24,18,6,0.2844546951952512,0.2700428308873596,0.6693545701481298,1.0
Zm00001eb304280,1,0.6086956521739131,0.6086956521739131,0.4003230582850989,0,2.5,23,8,15,0.39507830251103554,0.4174709700255078,0.4003230582850989,1.0
Zm00001eb304290,2,0.4347826086956522,0.4782608695652174,0.5392433653303219,0,1.2,23,5,18,0.2214215899303305,0.3369168346219134,0.8722737571561314,1.0
Zm00001eb304430,1,0.5238095238095238,0.5238095238095238,1.0,0,1.1666666666666667,21,10,11,0.2411083006503189,0.2912490907175214,1.0,1.0
Zm00001eb304540,3,0.5208333333333334,0.5625,1.0,0,1.226190476190476,16,7,9,0.9245858636353552,0.9818965256367085,1.0,1.0
Zm00001eb304550,2,0.8095238095238095,0.8095238095238095,0.07142857142857142,0,,21,6,15,0.2084392023690793,0.24740083368260957,0.03203119724097201,1.0
Zm00001eb304560,1,0.625,0.625,1.0,0,0.6923076923076923,24,8,16,0.6705623810189986,0.8533674697367192,1.0,1.0
Zm00001eb304710,3,0.6231884057971014,0.8260869565217391,0.3241106719367588,0,1.5,23,4,19,0.4523158021302183,0.3767702338629012,0.6986259887094549,1.0
Zm00001eb304770,1,0.42857142857142855,0.42857142857142855,1.0,0,,14,10,4,0.21340970834086134,0.23997715859594343,1.0,1.0
Zm00001eb304860,3,0.5952380952380952,0.6428571428571429,0.5804195804195803,0,0.41111111111111104,14,6,8,0.16210212242260127,0.2043856437139554,0.906750394456779,1.0
Zm00001eb304920,1,0.85,0.85,0.08771929824561403,0,0.06666666666666667,20,16,4,1.9178002835697854,1.4922354269509028,0.08771929824561403,1.0
Zm00001eb305060,1,0.5652173913043478,0.5652173913043478,1.0,0,1.0476190476190477,23,9,14,0.7022103254959338,1.026730949652766,1.0,1.0
Zm00001eb305300,3,0.6212121212121212,0.6818181818181818,0.09907120743034056,0,4.333333333333333,22,10,12,1.361415915680713,1.9189787921832258,0.16012113468689945,1.0
Zm00001eb305380,1,0.5909090909090909,0.5909090909090909,0.33303847854931445,0,0.2,22,13,9,0.5563461113565744,0.69034603318352,0.33303847854931445,1.0
Zm00001eb305410,1,0.5,0.5,0.4947368421052632,0,,20,12,8,0.3142673153733329,0.3488021490033331,0.4947368421052632,1.0
Zm00001eb305640,6,0.5606060606060607,0.6818181818181818,0.07430340557275543,0,0.7632063492063492,22,8,14,0.18361703299609883,0.18786596049140683,0.6265653177203792,1.0
Zm00001eb305660,1,0.5384615384615384,0.5384615384615384,1.0,0,1.5,13,6,7,0.7083054780993032,0.8606166576547284,1.0,1.0
Zm00001eb305710,1,0.6666666666666666,0.6666666666666666,1.0,0,2.1666666666666665,21,14,7,0.15428646427805162,0.259111821528272,1.0,1.0
Zm00001eb305950,1,0.5217391304347826,0.5217391304347826,0.3689757991817489,0,3.5,23,6,17,0.19799226549154358,0.22424677517295014,0.3689757991817489,1.0
Zm00001eb305960,1,0.6,0.6,1.0,0,0.6363636363636364,20,8,12,0.2618816742560332,0.3401244188617847,1.0,1.0
Zm00001eb306000,1,0.5,0.5,1.0,0,1.0,14,7,7,0.1379402189988099,0.15375570270195268,1.0,1.0
Zm00001eb306220,1,0.6956521739130435,0.6956521739130435,0.2687747035573122,0,0.21428571428571427,23,3,20,0.49068104005424196,0.46975869036006984,0.2687747035573122,1.0
Zm00001eb306530,1,0.5652173913043478,0.5652173913043478,1.0,0,1.25,23,9,14,0.18085193454341741,0.23622260572387538,1.0,1.0
Zm00001eb306650,1,0.4782608695652174,0.4782608695652174,0.5019762845849802,0,,23,9,14,0.3285619122570597,0.3973197572231206,0.5019762845849802,1.0
Zm00001eb306790,1,0.4782608695652174,0.4782608695652174,1.0,0,2.1818181818181817,23,19,4,1.5265048806719426,1.6231775274676166,1.0,1.0
Zm00001eb306870,1,0.7083333333333334,0.7083333333333334,1.0,0,0.625,24,21,3,0.6971147986474522,0.6854939434425964,1.0,1.0
Zm00001eb307070,7,0.5918367346938774,0.7142857142857143,0.03508771929824562,1,1.3712962962962962,21,11,10,0.13495259046329286,0.18421843150427752,0.44666584107498625,1.0
Zm00001eb307290,1,0.6818181818181818,0.6818181818181818,0.15584415584415584,0,,22,13,9,0.4286064080124312,0.5433682353910982,0.15584415584415584,1.0
Zm00001eb307400,1,0.5217391304347826,0.5217391304347826,0.6105679217807363,0,3.2,23,5,18,0.43447205067282074,0.4479846166003456,0.6105679217807363,1.0
Zm00001eb307410,1,0.45454545454545453,0.45454545454545453,0.5151515151515152,0,,22,8,14,0.12497213025867743,0.14976800400694412,0.5151515151515152,1.0
Zm00001eb307440,1,0.4117647058823529,0.4117647058823529,1.0,0,,17,5,12,1.2500708695586935,1.0453387473539146,1.0,1.0
Zm00001eb308670,2,0.375,0.45,0.5210526315789474,0,,20,3,17,0.7517031187642141,0.6801400894850342,0.860729042002967,1.0
Zm00001eb308980,1,0.4090909090909091,0.4090909090909091,1.0,0,0.8571428571428571,22,3,19,0.3546587159405417,0.2448843003625879,1.0,1.0
Zm00001eb308990,2,0.5434782608695652,0.6086956521739131,0.5595708639186899,0,2.1,23,10,13,0.20160957335048985,0.3337707287714353,0.8844493718361208,1.0
Zm00001eb309040,2,0.5,0.5384615384615384,0.49650349650349646,0,0.6666666666666666,13,9,4,1.2834187325706632,1.5331522377203117,0.8441377446050351,1.0
Zm00001eb309300,1,0.47368421052631576,0.47368421052631576,1.0,0,2.0,19,7,12,0.21756581814826226,0.25939224159576907,1.0,1.0
Zm00001eb309340,1,0.4,0.4,1.0,0,,20,14,6,1.0963028954769687,1.1196590851504662,1.0,1.0
Zm00001eb309480,1,0.3181818181818182,0.3181818181818182,1.0,0,,22,5,17,1.1361908025725684,1.3377273466851252,1.0,1.0
Zm00001eb309540,3,0.5555555555555555,0.7222222222222222,1.0,0,1.6166666666666665,18,4,14,0.586573993935075,0.7525544347648165,1.0,1.0
Zm00001eb309590,3,0.34782608695652173,0.43478260869565216,0.5392433653303219,0,0.9333333333333333,23,19,4,0.7123879126944326,0.5538907882914024,0.9751115934749084,1.0
Zm00001eb309900,2,0.53125,0.5625,1.0,0,1.6666666666666667,16,8,8,0.1882270332239005,0.222495469411481,1.0,1.0
Zm00001eb310440,1,0.8333333333333334,0.8333333333333334,0.4000000000000001,0,,6,3,3,0.9269039402570863,1.108671929711216,0.4000000000000001,1.0
Zm00001eb310520,1,0.5263157894736842,0.5263157894736842,1.0,0,1.125,19,10,9,0.3713403636707001,0.5081533502381912,1.0,1.0
Zm00001eb310770,2,0.6363636363636364,0.6363636363636364,1.0,0,1.3416666666666668,22,7,15,0.4600429469561829,0.5741531351116907,1.0,1.0
Zm00001eb310810,3,0.30158730158730157,0.38095238095238093,0.5488721804511278,0,,21,3,18,0.1648560957800884,0.23404718268477392,0.9768956082280837,1.0
Zm00001eb310820,2,0.6923076923076923,0.6923076923076923,0.5300699300699301,0,0.33035714285714285,13,9,4,0.5362327564403637,1.3554018356041906,0.8665298768598452,1.0
Zm00001eb310900,1,0.6153846153846154,0.6153846153846154,1.0,0,0.8571428571428571,13,4,9,1.372561850668449,1.9478768110698443,1.0,1.0
Zm00001eb310930,1,0.4117647058823529,0.4117647058823529,1.0,0,0.9,17,6,11,0.3383331544071799,0.3966996015913311,1.0,1.0
Zm00001eb311160,2,0.6,0.6,1.0,0,2.0,10,4,6,0.9835260918627489,1.173104876618247,1.0,1.0
Zm00001eb311180,1,0.5909090909090909,0.5909090909090909,0.5864661654135339,0,0.26666666666666666,22,11,11,0.2764984518397156,0.33186455241198815,0.5864661654135339,1.0
Zm00001eb311260,2,0.5476190476190477,0.5714285714285714,0.48571428571428577,0,0.625,21,12,9,0.4556188234059069,0.5207375631435923,0.692426540664068,1.0
Zm00001eb311320,2,0.5714285714285714,0.7619047619047619,0.48872180451127817,0,1.65,21,17,4,0.47211478862829737,0.5053173461022443,0.8386279758736661,1.0
Zm00001eb311420,1,0.8,0.8,0.07894736842105263,0,,20,14,6,0.2452967228362824,0.3431850612986859,0.07894736842105263,1.0
Zm00001eb311430,1,0.5454545454545454,0.5454545454545454,0.5939849624060152,0,0.3333333333333333,22,18,4,0.7288616043389541,0.4772597963936527,0.5939849624060152,1.0
Zm00001eb311460,1,0.5555555555555556,0.5555555555555556,1.0,0,0.4375,18,9,9,0.20318069338968267,0.2508309709038949,1.0,1.0
Zm00001eb311490,1,0.5882352941176471,0.5882352941176471,0.6436651583710409,0,0.5714285714285714,17,7,10,0.1294259455668577,0.1725848839525345,0.6436651583710409,1.0
Zm00001eb311500,2,0.631578947368421,0.631578947368421,1.0,0,0.9090909090909091,19,3,16,0.656954021345866,0.6473803130065732,1.0,1.0
Zm00001eb311650,1,0.43478260869565216,0.43478260869565216,1.0,0,1.3333333333333333,23,14,9,0.3096368295670117,0.4008245976063174,1.0,1.0
Zm00001eb311660,5,0.6347826086956522,0.7391304347826086,0.04743083003952568,1,0.9471153846153846,23,9,14,0.2264560279898126,0.40991342165061845,0.4961777296739307,1.0
Zm00001eb311680,2,0.6136363636363636,0.6363636363636364,0.6240601503759399,0,0.5458333333333334,22,5,17,0.20982215461453632,0.22876703267258555,0.9183098285359996,1.0
Zm00001eb311700,1,0.2727272727272727,0.2727272727272727,1.0,0,,22,4,18,0.4654539861689841,0.5577319899956721,1.0,1.0
Zm00001eb311780,1,0.5238095238095238,0.5238095238095238,0.2571428571428572,0,,21,13,8,1.8909088230862119,2.4282437729658612,0.2571428571428572,1.0
Zm00001eb311800,1,0.5882352941176471,0.5882352941176471,0.338235294117647,0,0.25,17,12,5,0.4565364225685297,0.5317228094819498,0.338235294117647,1.0
Zm00001eb311900,2,0.6458333333333333,0.6666666666666666,0.1049266388477588,0,0.2752380952380952,24,13,11,0.6465608311735308,0.9052432373926846,0.17186183638916305,1.0
Zm00001eb311910,2,0.5869565217391304,0.6086956521739131,1.0,0,0.768939393939394,23,14,9,0.4887645581009153,0.5619327629467653,1.0,1.0
Zm00001eb312020,5,0.5833333333333333,0.75,0.03241188299742614,1,0.5132275132275133,24,8,16,0.3438649470402484,0.34290163002811974,0.09803674486153109,1.0
Zm00001eb312040,1,0.625,0.625,0.5503952569169961,0,3.25,24,10,14,0.4705003120598963,0.6997989642247192,0.5503952569169961,1.0
Zm00001eb312110,1,0.5,0.5,1.0,0,2.25,18,7,11,0.5430172705551979,0.6882240177795963,1.0,1.0
Zm00001eb312170,5,0.6166666666666667,0.7916666666666666,0.28006775832862796,0,0.5740740740740741,24,19,5,0.36495387732927465,0.33463365631246444,0.8401419151899866,1.0
Zm00001eb312180,2,0.5416666666666667,0.5833333333333334,0.4782608695652174,0,1.0,24,12,12,0.31410691097518023,0.3793340402906238,0.8310255814973292,1.0
Zm00001eb312230,2,0.7333333333333333,0.7333333333333333,0.5164835164835163,0,2.5,15,3,12,0.7480317259055206,0.8831421652585983,0.6192519255447897,1.0
Zm00001eb312330,2,0.6000000000000001,0.65,0.18947368421052632,0,,20,11,9,0.6639884800772323,0.7931895147964305,0.308512962190141,1.0
Zm00001eb312440,2,0.5263157894736842,0.5263157894736842,1.0,0,0.75,19,7,12,0.7067607822335475,1.1067735990081002,1.0,1.0
Zm00001eb312560,1,0.7,0.7,0.44444444444444453,0,,10,5,5,0.2225946077414394,0.28780283706343435,0.44444444444444453,1.0
Zm00001eb312700,1,0.6428571428571429,0.6428571428571429,1.0,0,0.5,14,5,9,0.39136603659615804,0.45831723384119594,1.0,1.0
Zm00001eb312820,1,0.4090909090909091,0.4090909090909091,1.0,0,0.6,22,5,17,0.18104275023335253,0.204257898995212,1.0,1.0
Zm00001eb312850,1,0.5625,0.5625,1.0,0,0.42857142857142855,16,8,8,0.7340900076685097,0.9096567930404867,1.0,1.0
Zm00001eb313000,4,0.5357142857142857,0.6666666666666666,0.5333333333333333,0,2.020833333333333,21,7,14,0.25036763643870535,0.27417097330119244,0.9059196640460255,1.0
Zm00001eb313010,1,0.5652173913043478,0.5652173913043478,1.0,0,0.7,23,10,13,0.636179908832408,0.8823822828209619,1.0,1.0
Zm00001eb313030,1,0.6666666666666666,0.6666666666666666,0.5604395604395604,0,0.375,15,5,10,0.9000964525535832,1.2166159139863908,0.5604395604395604,1.0
Zm00001eb313320,6,0.6916666666666668,0.8,0.07262641898864808,0,0.31696081696081696,20,15,5,0.41760671838399277,0.48476636166784376,0.2201229523519113,1.0
Zm00001eb313370,1,0.5625,0.5625,1.0,0,1.1666666666666667,16,6,10,0.2812799421880672,0.32094044182304177,1.0,1.0
Zm00001eb313440,1,0.5625,0.5625,0.6328671328671329,0,2.0,16,9,7,1.389494526168951,1.6868624533997991,0.6328671328671329,1.0
Zm00001eb313460,7,0.6315789473684211,0.6842105263157895,0.3046955624355005,0,0.3423160173160173,19,7,12,0.2817583422036934,0.31504314498125624,0.6608123809092291,1.0
Zm00001eb313490,2,0.6190476190476191,0.6666666666666666,0.19838056680161942,0,0.40369897959183676,21,10,11,0.9999022165897913,1.1812516623161864,0.3969003720431076,1.0
Zm00001eb313500,1,0.75,0.75,0.19642857142857142,0,,8,3,5,0.47503041283575503,0.7134926561087253,0.19642857142857142,1.0
Zm00001eb313530,1,0.6470588235294118,0.6470588235294118,0.6000323206205559,0,2.0,17,5,12,0.6612811377168277,0.6972978037674273,0.6000323206205559,1.0
Zm00001eb313820,2,0.5476190476190477,0.6190476190476191,0.6107916850950907,0,2.05,21,9,12,0.12256568522202922,0.15613118377669302,0.9119115698176223,1.0
Zm00001eb313960,1,0.5,0.5,0.4935064935064935,0,,22,9,13,0.17365373825279298,0.22351553029695717,0.4935064935064935,1.0
Zm00001eb313970,3,0.688888888888889,0.8666666666666667,0.025641025641025644,2,15.5625,15,11,4,0.37113660827557965,0.38705806997239545,0.027987611499371054,1.0
Zm00001eb313980,3,0.5652173913043478,0.8260869565217391,0.2569169960474308,0,0.16666666666666666,23,4,19,0.6327505335804715,1.0330376187544683,0.5474935839292292,1.0
Zm00001eb314010,1,0.5,0.5,0.6158176189135942,0,0.3333333333333333,22,16,6,0.3905818298149455,0.4150618402959692,0.6158176189135942,1.0
Zm00001eb314020,1,0.34782608695652173,0.34782608695652173,1.0,0,,23,18,5,0.20829043447410317,0.26710167128874784,1.0,1.0
Zm00001eb314040,3,0.4090909090909091,0.6363636363636364,0.2932330827067669,0,0.21212121212121213,22,4,18,0.378775365459726,0.3814372303573523,0.8736267561115871,1.0
Zm00001eb314050,1,0.36363636363636365,0.36363636363636365,1.0,0,1.1538461538461537,22,16,6,0.4997339369004958,0.4823424484903878,1.0,1.0
Zm00001eb314160,2,0.6470588235294118,0.7058823529411765,0.13122171945701358,0,0.7238095238095238,17,11,6,0.7288112782104472,0.9163785968593187,0.39771556232763383,1.0
Zm00001eb314240,1,0.30434782608695654,0.30434782608695654,1.0,0,,23,19,4,0.28290977609715545,0.2613108248342824,1.0,1.0
Zm00001eb314260,1,0.6666666666666666,0.6666666666666666,0.5742690058479532,0,2.4,21,14,7,0.27032027309867335,0.3496986707550827,0.5742690058479532,1.0
Zm00001eb314500,1,0.6956521739130435,0.6956521739130435,0.07430340557275542,0,0.09523809523809523,23,10,13,0.37393138174781365,0.48714430522919144,0.07430340557275542,1.0
Zm00001eb314510,1,0.30434782608695654,0.30434782608695654,1.0,0,,23,3,20,2.206203569539683,1.3668621914436898,1.0,1.0
Zm00001eb314630,1,0.47058823529411764,0.47058823529411764,1.0,0,1.0714285714285714,17,7,10,0.275000883362373,0.3474526029326605,1.0,1.0
Zm00001eb314710,1,0.47619047619047616,0.47619047619047616,1.0,0,1.3333333333333333,21,8,13,0.21717849805764722,0.2875657011276312,1.0,1.0
Zm00001eb314860,6,0.5972222222222222,0.7083333333333334,0.13043478260869565,0,0.37857142857142856,24,9,15,0.5444365583442176,1.3288923394572456,0.4276277462358704,1.0
Zm00001eb314900,3,0.5652173913043478,0.5652173913043478,0.6404053612291598,0,0.9111111111111111,23,12,11,0.23127096009809786,0.3269814914491264,0.8624402758864236,1.0
Zm00001eb315000,3,0.5757575757575758,0.7727272727272727,0.4112554112554113,0,1.743939393939394,22,5,17,0.5907529761911147,0.46051190632264594,0.8387944192894498,1.0
Zm00001eb315020,3,0.5694444444444444,0.6666666666666666,0.22034675514282456,0,0.9166666666666666,24,12,12,0.1853497793107868,0.22554922525753912,0.805689277187913,1.0
Zm00001eb315240,1,0.43478260869565216,0.43478260869565216,0.525691699604743,0,,23,20,3,0.5880695587016656,0.5760572990196875,0.525691699604743,1.0
Zm00001eb315290,3,0.6111111111111112,0.7777777777777778,0.08333333333333334,0,4.9904761904761905,18,12,6,1.0286706092278033,1.1143690698997957,0.32417775760057044,1.0
Zm00001eb315320,2,0.5416666666666667,0.5833333333333334,0.5757575757575758,0,2.0625,12,5,7,0.1855477176825692,0.24002927233686341,0.8936152443545684,1.0
Zm00001eb315340,1,0.3333333333333333,0.3333333333333333,1.0,0,,21,18,3,0.42868705266486545,0.2678812828847479,1.0,1.0
Zm00001eb315350,1,0.4,0.4,1.0,0,1.0,15,5,10,0.21756217623902815,0.25068647355459156,1.0,1.0
Zm00001eb315430,2,0.5,0.5,1.0,0,1.4305555555555556,18,8,10,0.6366029305062432,0.8227333750280161,1.0,1.0
Zm00001eb315530,2,0.5555555555555556,0.5555555555555556,0.6640614287673111,0,0.6333333333333333,18,8,10,0.38973210500680167,0.4366514781304751,0.9359153085799811,1.0
Zm00001eb315600,1,0.6086956521739131,0.6086956521739131,0.3707093821510297,0,0.35,23,6,17,1.1006336626335635,1.1127617527705707,0.3707093821510297,1.0
Zm00001eb315750,5,0.55,0.625,0.3408050759309341,0,1.3742424242424243,24,14,10,0.14957905688695133,0.18859989644473582,0.8390226318593831,1.0
Zm00001eb315760,5,0.5909090909090909,0.7272727272727273,0.22727272727272732,0,0.5239339826839827,22,7,15,0.31443061394529703,0.3851993333651775,0.9076775733988696,1.0
Zm00001eb315780,2,0.5869565217391304,0.6956521739130435,1.0,0,1.1071428571428572,23,6,17,0.26698380032942504,0.2897898472029986,1.0,1.0
Zm00001eb315860,2,0.5,0.6190476190476191,0.631062951496388,0,0.875,21,6,15,0.46059265612914463,0.5131784832486962,0.9215725646139362,1.0
Zm00001eb315880,4,0.6086956521739131,0.6956521739130435,0.14229249011857706,0,1.1805555555555556,23,14,9,0.15787406468604873,0.1889468968299039,0.4532985730749066,1.0
Zm00001eb315900,2,0.7045454545454546,0.7727272727272727,0.023079088094567966,1,1.3666666666666667,22,9,13,0.33280665853989005,0.6052338051582024,0.04988854413777387,1.0
Zm00001eb315920,4,0.5735294117647058,0.7058823529411765,0.13122171945701358,0,0.17714285714285713,17,6,11,0.4168855796175149,0.4560327116529642,0.3494937569438428,1.0
Zm00001eb315950,1,0.45,0.45,0.5210526315789473,0,,20,7,13,0.2846114130977462,0.45456434311847116,0.5210526315789473,1.0
Zm00001eb315990,1,0.5,0.5,1.0,0,0.5714285714285714,18,15,3,1.3210799468296657,1.2565135479900305,1.0,1.0
Zm00001eb316100,2,0.6666666666666667,0.7142857142857143,0.1461742591773552,0,0.27840909090909094,21,8,13,0.5989874409461271,0.8478127811989647,0.21905176667058515,1.0
Zm00001eb316120,4,0.5869565217391304,0.6956521739130435,0.26877470355731226,0,0.4704184704184704,23,8,15,0.30912441380935735,0.3772112893297556,0.6588963108940047,1.0
Zm00001eb316210,1,0.375,0.375,1.0,0,,16,12,4,0.7188091216679435,0.7259469095654054,1.0,1.0
Zm00001eb316240,1,0.5454545454545454,0.5454545454545454,1.0,0,1.3333333333333333,11,6,5,0.2388510527644155,0.3521648065380601,1.0,1.0
Zm00001eb316280,1,0.5294117647058824,0.5294117647058824,0.5147058823529411,0,,17,6,11,0.5908247309205935,0.7282731509443919,0.5147058823529411,1.0
Zm00001eb316510,2,0.5,0.5,0.2663183694530444,0,,20,5,15,0.9313855539096189,0.7971619274265698,0.25860318727804243,1.0
Zm00001eb316530,1,0.6190476190476191,0.6190476190476191,0.5533834586466165,0,0.3181818181818182,21,9,12,0.6370548761450523,0.8547341553602783,0.5533834586466165,1.0
Zm00001eb316540,2,0.6521739130434783,0.7391304347826086,0.047430830039525695,1,1.25,23,14,9,0.3854866828409541,0.46739062408636406,0.19202290145167691,1.0
Zm00001eb316580,2,0.6739130434782609,0.6956521739130435,0.2600790513833992,0,5.107142857142858,23,9,14,0.5090135526626147,0.629237768876393,0.41487294072264824,1.0
Zm00001eb316700,1,0.6521739130434783,0.6521739130434783,0.2806324110671936,0,5.142857142857143,23,4,19,0.9404019945980953,0.8857483708172275,0.2806324110671936,1.0
Zm00001eb316800,2,0.5454545454545454,0.5454545454545454,0.4805194805194805,0,0.8,22,12,10,0.1664953538301566,0.20060877618525166,0.8326862057240259,1.0
Zm00001eb316870,1,0.4583333333333333,0.4583333333333333,1.0,0,0.7333333333333333,24,16,8,0.22404725589729188,0.5433915988896403,1.0,1.0
Zm00001eb316960,2,0.5238095238095238,0.5238095238095238,1.0,0,1.1111111111111112,21,10,11,0.37450799972940274,0.43435087291423913,1.0,1.0
Zm00001eb316990,2,0.5416666666666666,0.5416666666666666,0.6791851752142505,0,1.4333333333333333,24,11,13,0.32576413094026296,0.3947708973291077,0.9419357512179799,1.0
Zm00001eb317010,1,0.6111111111111112,0.6111111111111112,1.0,0,1.8,18,4,14,0.8199223225708471,0.9646437626076702,1.0,1.0
Zm00001eb317020,1,0.5,0.5,1.0,0,1.0,8,4,4,0.41194161574719906,0.485944020048699,1.0,1.0
Zm00001eb317030,4,0.5729166666666667,0.5833333333333334,0.4782608695652174,0,1.9285714285714286,24,12,12,0.5661883103078892,0.7052007165819186,0.9281904569924465,1.0
Zm00001eb317100,2,0.5416666666666667,0.8333333333333334,0.3115942028985507,0,0.15789473684210525,24,4,20,0.224318379907799,0.21565185526807065,0.674929735412584,1.0
Zm00001eb317160,1,0.6666666666666666,0.6666666666666666,1.0,0,4.0,6,3,3,0.8069169914625812,0.9542677983738659,1.0,1.0
Zm00001eb317210,1,0.5714285714285714,0.5714285714285714,1.0,0,2.0,7,3,4,0.8572847392831952,1.269201872351707,1.0,1.0
Zm00001eb317430,1,0.6363636363636364,0.6363636363636364,0.6090225563909775,0,0.36363636363636365,22,13,9,0.47708622416453833,0.6970775745668198,0.6090225563909775,1.0
Zm00001eb317450,1,0.6086956521739131,0.6086956521739131,0.21739130434782605,0,,23,12,11,0.18527112192922976,0.4655081234123722,0.21739130434782605,1.0
Zm00001eb317680,1,0.5882352941176471,0.5882352941176471,0.637186343068696,0,0.48,17,8,9,0.21115204064479853,0.29394745819214424,0.637186343068696,1.0
Zm00001eb317690,1,0.5652173913043478,0.5652173913043478,1.0,0,1.2,23,15,8,1.197716461560328,1.3080528149620787,1.0,1.0
Zm00001eb317720,1,0.5,0.5,0.6146245059288538,0,0.34375,24,19,5,0.2414380275293624,0.22346855942728439,0.6146245059288538,1.0
Zm00001eb317730,1,0.46153846153846156,0.46153846153846156,1.0,0,0.6666666666666666,13,4,9,0.5390554643895425,0.6204384756909815,1.0,1.0
Zm00001eb317790,1,0.5714285714285714,0.5714285714285714,0.6699214098594904,0,1.8,21,10,11,1.0197451135519602,1.3160393730717939,0.6699214098594904,1.0
Zm00001eb317800,1,0.782608695652174,0.782608695652174,0.15527950310559008,0,0.125,23,6,17,0.35573435748734183,0.3042241539819248,0.15527950310559008,1.0
Zm00001eb317810,1,0.5833333333333334,0.5833333333333334,0.6653318077803203,0,0.6363636363636364,24,14,10,0.22836145780269845,0.3047382977651245,0.6653318077803203,1.0
Zm00001eb317820,7,0.5909090909090909,0.7272727272727273,0.05454545454545454,0,0.6585813492063491,22,9,13,1.8188504250309117,2.2452810394354104,0.5568427984358235,1.0
Zm00001eb317890,1,0.6956521739130435,0.6956521739130435,1.0,0,0.6666666666666666,23,17,6,0.5679818404625616,0.6538226050674772,1.0,1.0
Zm00001eb317920,1,0.625,0.625,0.21079553102705617,0,0.25925925925925924,24,13,11,0.20556964509692202,0.2740825597245962,0.21079553102705617,1.0
Zm00001eb317930,1,0.5652173913043478,0.5652173913043478,0.33935629587803495,0,4.0,23,10,13,0.7988281924903421,0.9363521914568416,0.33935629587803495,1.0
Zm00001eb318150,1,0.2916666666666667,0.2916666666666667,1.0,0,,24,21,3,0.5866442232356172,0.4393002983945571,1.0,1.0
Zm00001eb318290,1,0.6111111111111112,0.6111111111111112,0.5588235294117648,0,0.3333333333333333,18,10,8,0.7642236966752229,0.8504883603119295,0.5588235294117648,1.0
Zm00001eb318350,1,0.5882352941176471,0.5882352941176471,0.2279411764705882,0,,17,14,3,0.7305055727665403,0.6912014348757243,0.2279411764705882,1.0
Zm00001eb318400,2,0.6333333333333333,0.6666666666666666,0.32867132867132864,0,2.5277777777777777,15,5,10,0.0889208169767932,0.10624449795453832,0.6943829394534468,1.0
Zm00001eb318480,1,0.36363636363636365,0.36363636363636365,1.0,0,0.8666666666666667,22,6,16,0.6202932022264607,0.8029516680018881,1.0,1.0
Zm00001eb318540,2,0.7619047619047619,0.8095238095238095,0.3864661654135339,0,0.4107142857142857,21,18,3,0.31484084478022845,0.23076649309676023,0.7538837829029821,1.0
Zm00001eb318560,1,0.7272727272727273,0.7272727272727273,0.2828595553053757,0,0.23076923076923078,22,6,16,0.4055475946457143,0.3980590743910171,0.2828595553053757,1.0
Zm00001eb318570,2,0.625,0.75,0.11813186813186813,0,0.5555555555555556,16,4,12,1.2937415329900457,1.6708278401632535,0.3704560750921887,1.0
Zm00001eb318610,1,0.5555555555555556,0.5555555555555556,1.0,0,0.5,9,5,4,0.13874580342261225,0.17675351425482613,1.0,1.0
Zm00001eb318710,2,0.65,0.65,0.09411764705882353,0,5.0,20,16,4,0.29035155334546914,0.3094898936777442,0.12382582652647223,1.0
Zm00001eb318720,1,0.55,0.55,0.6699214098594903,0,1.6666666666666667,20,9,11,0.07477998422204962,0.09457612081962338,0.6699214098594903,1.0
Zm00001eb318780,1,0.6842105263157895,0.6842105263157895,0.26212590299277605,0,0.16666666666666666,19,15,4,0.5697326126257831,0.47039735827076345,0.26212590299277605,1.0
Zm00001eb318890,1,0.6363636363636364,0.6363636363636364,0.5757575757575758,0,0.4,11,4,7,0.6081144394721903,0.7773790149309419,0.5757575757575758,1.0
Zm00001eb319010,2,0.5789473684210527,0.7368421052631579,0.5304437564499483,0,0.46153846153846156,19,15,4,0.21897585344965245,0.17384937099485104,0.6381717399612978,1.0
Zm00001eb319020,2,0.5588235294117647,0.7647058823529411,0.4647058823529412,0,3.0,17,14,3,1.1138181070410158,0.9685769348077047,0.8208335069533882,1.0
Zm00001eb319110,1,0.6666666666666666,0.6666666666666666,0.5742690058479532,0,0.4166666666666667,21,17,4,0.37665181354330607,0.36059177182985314,0.5742690058479532,1.0
Zm00001eb319140,1,0.6111111111111112,0.6111111111111112,0.4705882352941177,0,,18,9,9,0.3156805382047734,0.7465578380057948,0.4705882352941177,1.0
Zm00001eb319210,1,0.6,0.6,0.6562817986966593,0,0.4444444444444444,20,10,10,0.13599023881375363,0.21013680478573188,0.6562817986966593,1.0
Zm00001eb319240,2,0.55,0.85,0.28421052631578947,0,8.0,20,3,17,0.5131198260277012,0.5094662053268826,0.6417587441168182,1.0
Zm00001eb319250,1,0.6,0.6,0.11661506707946336,0,,20,4,16,0.8950537096011546,0.9329907096970218,0.11661506707946336,1.0
Zm00001eb319350,1,0.4444444444444444,0.4444444444444444,1.0,0,1.0,9,6,3,0.332234983363893,0.4017756000870973,1.0,1.0
Zm00001eb319390,3,0.5757575757575758,0.5909090909090909,0.6351172047766476,0,1.213403880070547,22,11,11,0.3459989314416456,0.440101229093917,0.9444180327070193,1.0
Zm00001eb319680,2,0.5909090909090909,0.7727272727272727,0.07655502392344497,0,10.5,22,15,7,0.2591936655351349,0.3463673039859335,0.2732819544287104,1.0
Zm00001eb319700,1,0.30434782608695654,0.30434782608695654,1.0,0,,23,4,19,0.810520073842363,0.9613988113299105,1.0,1.0
Zm00001eb319710,1,0.6666666666666666,0.6666666666666666,1.0,0,1.25,24,21,3,0.3665173586841344,0.3426823176849203,1.0,1.0
Zm00001eb319760,1,0.8333333333333334,0.8333333333333334,0.10784313725490195,0,13.0,18,14,4,0.2829437660560948,0.22148873860404547,0.10784313725490195,1.0
Zm00001eb319970,1,0.5,0.5,1.0,0,1.3125,20,15,5,0.3190311738235273,0.33514875837742136,1.0,1.0
Zm00001eb319990,1,0.55,0.55,0.5913312693498453,0,0.3333333333333333,20,9,11,0.21654025031129973,0.27944490443972614,0.5913312693498453,1.0
Zm00001eb320300,2,0.391304347826087,0.391304347826087,1.0,0,1.0769230769230769,23,8,15,0.36680505487803083,0.417907004041405,1.0,1.0
Zm00001eb320360,1,0.6875,0.6875,0.3024475524475525,0,0.21428571428571427,16,7,9,0.42536866840775933,0.5113600022742908,0.3024475524475525,1.0
Zm00001eb320430,2,0.6052631578947368,0.6842105263157895,0.5232198142414859,0,2.4800000000000004,19,7,12,0.5357415887343279,0.520102010581919,0.7103609576168117,1.0
Zm00001eb320450,6,0.548611111111111,0.625,0.21739130434782605,0,0.8509090909090908,24,12,12,0.2629860031981881,0.3366086230752548,0.9844358276763299,1.0
Zm00001eb320460,2,0.45833333333333337,0.5,0.6213854795090492,0,2.3986013986013983,24,16,8,0.15466348292320767,0.1749224230390312,0.9170429585162764,1.0
Zm00001eb320470,3,0.6376811594202899,0.8695652173913043,0.24901185770750983,0,6.166666666666667,23,20,3,0.39216023222520574,0.3251750408625157,0.6274244566425582,1.0
Zm00001eb320510,4,0.5441176470588236,0.5882352941176471,0.5764705882352941,0,1.4107142857142856,17,9,8,0.12627432390028415,0.15779361464442285,0.9975208837883361,1.0
Zm00001eb320530,1,0.29411764705882354,0.29411764705882354,1.0,0,,17,14,3,1.5115567565332124,1.3034577031763777,1.0,1.0
Zm00001eb320590,1,0.5789473684210527,0.5789473684210527,0.6332460109549892,0,0.4,19,11,8,0.18198405573368817,0.2348374195337121,0.6332460109549892,1.0
Zm00001eb320600,1,0.8333333333333334,0.8333333333333334,0.3115942028985507,0,6.333333333333333,24,20,4,0.21423130117711953,0.2249234366474506,0.3115942028985507,1.0
Zm00001eb320650,2,0.5416666666666667,0.5833333333333334,0.6591342486651411,0,0.7486111111111111,24,11,13,0.4617414401096065,0.5812997312723331,0.9338798918937401,1.0
Zm00001eb320660,2,0.5882352941176471,0.5882352941176471,0.622069107363225,0,0.5333333333333333,17,10,7,0.3540787392444374,0.547060370992796,0.9173678552297124,1.0
Zm00001eb320750,1,0.34782608695652173,0.34782608695652173,1.0,0,,23,6,17,0.1941143672059235,0.18362727611014007,1.0,1.0
Zm00001eb320760,1,0.6521739130434783,0.6521739130434783,1.0,0,0.8571428571428571,23,20,3,1.8238332472301841,2.1930650175410236,1.0,1.0
Zm00001eb320790,1,0.5294117647058824,0.5294117647058824,0.6029411764705882,0,0.3888888888888889,17,4,13,0.3685520009356657,0.42730012370930337,0.6029411764705882,1.0
Zm00001eb320800,1,0.6190476190476191,0.6190476190476191,0.21428571428571427,0,,21,10,11,0.17822895983152875,0.20497676800586895,0.21428571428571427,1.0
Zm00001eb320900,2,0.5681818181818181,0.6818181818181818,0.177797434763379,0,2.54375,22,9,13,0.6971962908750554,0.783599868057383,0.4848732305311356,1.0
Zm00001eb320950,2,0.6136363636363636,0.6363636363636364,0.5441558441558443,0,0.47916666666666663,22,13,9,0.14710793505429795,0.18071034332842678,0.8752853380179519,1.0
Zm00001eb321340,1,0.6666666666666666,0.6666666666666666,0.19838056680161942,0,4.0,21,12,9,0.22270883062739077,0.2852256989276774,0.19838056680161942,1.0
Zm00001eb321360,4,0.6,0.8,0.15384615384615385,0,0.2,15,11,4,0.3716087622627526,0.4843075639365215,0.5859885664178964,1.0
Zm00001eb321770,5,0.6105263157894736,0.7368421052631579,0.1107671138630891,0,0.668611111111111,19,14,5,0.2678367343732414,0.3016576441858552,0.6566612089883828,1.0
Zm00001eb321780,1,0.6111111111111112,0.6111111111111112,0.5588235294117647,0,0.3333333333333333,18,8,10,0.4256457041384169,0.7491112863999975,0.5588235294117647,1.0
Zm00001eb321890,4,0.5576923076923077,0.6153846153846154,0.5594405594405595,0,0.9791666666666667,13,6,7,0.3114830338338608,0.4587166244102704,0.9970065539824527,1.0
Zm00001eb322190,1,0.3888888888888889,0.3888888888888889,1.0,0,1.2,18,14,4,1.070820600083249,0.8216274282077067,1.0,1.0
Zm00001eb322370,1,0.5652173913043478,0.5652173913043478,1.0,0,1.4285714285714286,23,10,13,0.1706611753825137,0.2193771260716115,1.0,1.0
Zm00001eb322390,1,0.6363636363636364,0.6363636363636364,1.0,0,0.625,22,5,17,0.32906658717631915,0.3158379963936311,1.0,1.0
Zm00001eb322430,3,0.5079365079365079,0.5238095238095238,0.5047619047619047,0,0.7,21,13,8,0.2627259685125751,0.3324197725147483,0.967815183020608,1.0
Zm00001eb322440,1,0.7272727272727273,0.7272727272727273,0.11674641148325358,0,0.1282051282051282,22,18,4,0.34986698674522776,0.3112115548263581,0.11674641148325358,1.0
Zm00001eb322480,1,0.8095238095238095,0.8095238095238095,0.14786967418546368,0,7.5,21,4,17,0.4347813290064928,0.4437731797661383,0.14786967418546368,1.0
Zm00001eb322530,1,0.631578947368421,0.631578947368421,0.303405572755418,0,5.333333333333333,19,14,5,0.11338906298550738,0.14308447857468407,0.303405572755418,1.0
Zm00001eb322580,1,0.45,0.45,0.5210526315789474,0,,20,13,7,0.2706422463953145,0.3531803524035494,0.5210526315789474,1.0
Zm00001eb322690,1,0.4090909090909091,0.4090909090909091,0.5352016404647983,0,,22,5,17,1.8505518401323824,1.913106903763624,0.5352016404647983,1.0
Zm00001eb322720,2,0.5238095238095237,0.5714285714285714,0.6424148606811144,0,1.6785714285714286,21,12,9,0.15614651842641822,0.19594192478481756,0.9266969166780804,1.0
Zm00001eb322740,2,0.6764705882352942,0.7058823529411765,0.5147058823529412,0,0.4318181818181818,17,12,5,3.2876900802735585,3.143447707219004,0.6717061728660785,1.0
Zm00001eb322790,6,0.5392156862745098,0.6470588235294118,0.5147058823529411,0,1.3645833333333333,17,11,6,0.4710510219507442,0.5413230315934418,0.9975208063451229,1.0
Zm00001eb322850,1,0.6190476190476191,0.6190476190476191,0.17358101135190918,0,0.16666666666666666,21,13,8,0.2341269546732582,0.28092959025530667,0.17358101135190918,1.0
Zm00001eb322860,1,0.3333333333333333,0.3333333333333333,1.0,0,,21,4,17,0.40228560758519144,0.35091062513832005,1.0,1.0
Zm00001eb322910,3,0.48888888888888893,0.6666666666666666,1.0,0,0.8148148148148149,15,5,10,0.6524959434118826,0.767030433678472,1.0,1.0
Zm00001eb322940,3,0.7101449275362319,0.782608695652174,0.3952569169960474,0,3.011111111111111,23,5,18,0.13025505447789115,0.13260568629278957,0.5954839945409962,1.0
Zm00001eb322950,1,0.625,0.625,0.550395256916996,0,0.3076923076923077,24,10,14,0.3049357221357254,0.4512237062506419,0.550395256916996,1.0
Zm00001eb323070,5,0.5826086956521739,0.782608695652174,0.00942253331538565,1,1.3916666666666666,23,14,9,0.3125998455149066,0.36223849196148183,0.08213224247912766,1.0
Zm00001eb323100,1,0.5833333333333334,0.5833333333333334,1.0,0,1.1428571428571428,24,5,19,0.657740845336921,0.6322791523874746,1.0,1.0
Zm00001eb323110,4,0.5520833333333333,0.75,0.19367588932806326,0,3.4583333333333335,24,7,17,0.14664346880862822,0.18589086907779348,0.6137947260302767,1.0
Zm00001eb323140,2,0.5869565217391304,0.6086956521739131,0.17595663187263672,0,5.222222222222222,23,9,14,0.24425912803107183,0.3270899501386282,0.22837666959624298,1.0
Zm00001eb323280,1,0.8333333333333334,0.8333333333333334,0.4000000000000001,0,,6,3,3,0.3271487942237908,0.49194113754679025,0.4000000000000001,1.0
Zm00001eb323340,1,0.5,0.5,1.0,0,1.3333333333333333,8,5,3,0.8709269874250753,0.9618001683308492,1.0,1.0
Zm00001eb323460,1,0.47058823529411764,0.47058823529411764,0.5147058823529411,0,,17,11,6,0.06159738680610767,0.08107922902930173,0.5147058823529411,1.0
Zm00001eb323510,1,0.47619047619047616,0.47619047619047616,1.0,0,0.47619047619047616,21,17,4,0.27160420206430924,0.25905746400082097,1.0,1.0
Zm00001eb323530,2,0.625,0.65,0.34726522187822506,0,1.7142857142857142,20,12,8,0.5075014782935938,0.5950494164653091,0.5616556656962052,1.0
Zm00001eb323570,1,0.21739130434782608,0.21739130434782608,1.0,0,,23,3,20,0.4452219065564293,0.3262762392749175,1.0,1.0
Zm00001eb323580,1,0.6086956521739131,0.6086956521739131,0.4136492125454301,0,2.4,23,13,10,0.10797606147401693,0.1336653523530535,0.4136492125454301,1.0
Zm00001eb323590,4,0.42391304347826086,0.8695652173913043,0.24901185770750983,0,9.5,23,3,20,0.802401673606806,0.5507152284497838,0.9473676643483571,1.0
Zm00001eb323630,1,0.8571428571428571,0.8571428571428571,0.14285714285714285,0,,7,3,4,0.6384110411971006,0.8710474141776031,0.14285714285714285,1.0
Zm00001eb323640,2,0.5434782608695652,0.6956521739130435,1.0,0,1.0923076923076924,23,19,4,0.8636327987641641,0.8713139657552041,1.0,1.0
Zm00001eb323770,5,0.5,0.6818181818181818,1.0,0,1.3658424908424909,22,18,4,0.4394557351139437,0.5091176202104593,1.0,1.0
Zm00001eb323790,2,0.5869565217391304,0.6086956521739131,0.4003230582850989,0,1.5833333333333333,23,8,15,0.2511015281394648,0.33682579655957384,0.629023662405868,1.0
Zm00001eb323840,1,0.6363636363636364,0.6363636363636364,0.6019138755980862,0,2.0,22,4,18,0.3603923301080798,0.43441491422127204,0.6019138755980862,1.0
Zm00001eb323860,3,0.45098039215686275,0.6470588235294118,1.0,0,1.075,17,3,14,0.5364239861344079,0.3881548990429545,1.0,1.0
Zm00001eb323880,1,0.7727272727272727,0.7727272727272727,0.02012383900928793,1,0.06060606060606061,22,10,12,0.20354884953822994,0.27549450589130137,0.02012383900928793,1.0
Zm00001eb323940,3,0.6060606060606061,0.6363636363636364,0.1648606811145511,0,2.799206349206349,22,15,7,0.1078429198731826,0.13889222966808779,0.6128695714465597,1.0
Zm00001eb324080,2,0.6578947368421053,0.7368421052631579,0.5304437564499483,0,1.4166666666666665,19,4,15,0.33433236473970057,0.4088859560555822,0.8667670299978317,1.0
Zm00001eb324100,2,0.5,0.5454545454545454,0.6739938080495356,0,1.2008928571428572,22,13,9,0.10891578118705153,0.13051238114032987,0.9399075203703254,1.0
Zm00001eb324220,2,0.6388888888888888,0.6666666666666666,0.11414565826330533,0,0.45454545454545453,18,12,6,0.8655193592542122,1.1753872428680538,0.3618736908691324,1.0
Zm00001eb324230,1,0.42857142857142855,0.42857142857142855,0.5333333333333334,0,,21,7,14,1.8723985825320497,2.2290114690849,0.5333333333333334,1.0
Zm00001eb324250,1,0.625,0.625,0.3002070393374741,0,0.2222222222222222,24,20,4,0.2860446888047357,0.25385918008698705,0.3002070393374741,1.0
Zm00001eb324270,3,0.3333333333333333,0.42105263157894735,1.0,0,1.2,19,16,3,0.26775183117488,0.38222635829926344,1.0,1.0
Zm00001eb324400,2,0.6428571428571429,0.6428571428571429,0.22077922077922074,0,0.3333333333333333,14,9,5,1.31996166562468,1.4627510201372438,0.39142994255453234,1.0
Zm00001eb324490,1,0.5454545454545454,0.5454545454545454,0.24025974025974026,0,,22,19,3,0.8918835799362427,0.648432715526346,0.24025974025974026,1.0
Zm00001eb324510,2,0.6739130434782609,0.6956521739130435,0.1422924901185771,0,0.3333333333333333,23,14,9,0.1895379625971765,0.25775180231817396,0.19612470797526468,1.0
Zm00001eb324540,1,0.5,0.5,1.0,0,0.6428571428571429,22,16,6,0.1642718200994952,0.20144859175539184,1.0,1.0
Zm00001eb324570,1,0.6666666666666666,0.6666666666666666,0.08152173913043478,0,,24,21,3,0.6804044503144774,0.4896197556858513,0.08152173913043478,1.0
Zm00001eb324640,4,0.5,0.6363636363636364,0.266347687400319,0,0.26607142857142857,22,5,17,0.3296017332129315,0.35553103696553995,0.651473164503165,1.0
Zm00001eb324690,2,0.55,0.55,0.4789473684210527,0,,20,9,11,0.39548404877654925,0.4831206236698536,0.5671290176229892,1.0
Zm00001eb324720,4,0.5,0.6086956521739131,1.0,0,1.317775974025974,23,9,14,0.6124177184837593,0.6752917117694104,1.0,1.0
Zm00001eb324750,4,0.5595238095238095,0.7619047619047619,0.2280701754385965,0,2.4444444444444446,21,16,5,0.5065503934973725,0.5262791819909587,0.4431412177731797,1.0
Zm00001eb324850,1,0.6666666666666666,0.6666666666666666,0.3146853146853147,0,0.25,15,7,8,0.16471871615436998,0.25991963045801136,0.3146853146853147,1.0
Zm00001eb324900,4,0.5795454545454546,0.6363636363636364,0.3842105263157895,0,0.8571924603174603,22,9,13,0.6074589743820551,0.9404351814568044,0.7130728295094968,1.0
Zm00001eb324930,1,0.5454545454545454,0.5454545454545454,1.0,0,1.25,22,18,4,0.17302289870173904,0.14344627997679063,1.0,1.0
Zm00001eb325060,3,0.6515151515151515,0.7272727272727273,0.05113050004690872,0,0.5954545454545455,22,6,16,0.26069254262399943,0.30505363866509605,0.06848277351674525,1.0
Zm00001eb325080,2,0.5217391304347826,0.5217391304347826,1.0,0,1.05,23,11,12,0.17707745877499972,0.23526561036532934,1.0,1.0
Zm00001eb325100,1,0.6470588235294118,0.6470588235294118,0.6000323206205559,0,2.0,17,5,12,0.5054350951116164,0.64120696144067,0.6000323206205559,1.0
Zm00001eb325120,2,0.625,0.7916666666666666,0.17927724449463583,0,5.666666666666667,24,20,4,1.5952149176047101,1.3912400643845853,0.2021273923418629,1.0
Zm00001eb325220,2,0.391304347826087,0.4782608695652174,1.0,0,2.1818181818181817,23,19,4,0.1443950600925891,0.1803458028208015,1.0,1.0
Zm00001eb325230,2,0.6052631578947368,0.631578947368421,0.303405572755418,0,4.3809523809523805,19,9,10,0.4245533653313226,0.4942735965284041,0.4827927542284781,1.0
Zm00001eb325270,2,0.525,0.55,1.0,0,0.9880952380952381,20,7,13,0.14251936217579547,0.19129822457830833,1.0,1.0
Zm00001eb325340,1,0.5714285714285714,0.5714285714285714,0.6424148606811145,0,2.5,21,9,12,0.5357995599687223,0.897974622626476,0.6424148606811145,1.0
Zm00001eb325360,2,0.45833333333333337,0.5,1.0,0,1.4615384615384617,24,6,18,0.2621481801133304,0.30405899584802737,1.0,1.0
Zm00001eb325550,1,0.6086956521739131,0.6086956521739131,0.21739130434782608,0,,23,20,3,1.0618675659993024,0.7898585380705602,0.21739130434782608,1.0
Zm00001eb325800,1,0.5238095238095238,0.5238095238095238,1.0,0,0.8333333333333334,21,10,11,0.14186565841482673,0.16999164801226668,1.0,1.0
Zm00001eb325810,3,0.5217391304347826,0.6521739130434783,0.2724895242057713,0,2.875,23,6,17,0.44946239876194577,0.49346983454297966,0.5762056424171387,1.0
Zm00001eb325880,2,0.7368421052631579,0.7368421052631579,0.27218782249742,0,3.083333333333333,19,4,15,0.20726688891481998,0.21382997196586842,0.42380020267359764,1.0
Zm00001eb326000,2,0.5476190476190477,0.5714285714285714,1.0,0,1.077922077922078,21,9,12,0.6278356846257712,0.702527218994406,1.0,1.0
Zm00001eb326080,4,0.609375,0.6875,0.175,0,0.8650793650793651,16,9,7,0.2278255581392244,0.24882097589243626,0.8073835139089794,1.0
Zm00001eb326130,2,0.45652173913043476,0.5652173913043478,0.34012897857291446,0,2.688888888888889,23,17,6,0.2584389157311034,0.2769964513314988,0.7069344037361893,1.0
Zm00001eb326170,1,0.4583333333333333,0.4583333333333333,1.0,0,0.5,24,4,20,0.9095954160390262,1.0085417380270376,1.0,1.0
Zm00001eb326180,1,0.7272727272727273,0.7272727272727273,1.0,0,1.6666666666666667,22,4,18,0.38105203346396854,0.31863683090702605,1.0,1.0
Zm00001eb326210,1,0.5714285714285714,0.5714285714285714,1.0,0,1.4,14,8,6,0.703060579310858,0.7963252444424659,1.0,1.0
Zm00001eb326290,3,0.5909090909090909,0.6363636363636364,0.05113050004690872,0,1.2285714285714286,22,8,14,0.6484176602409302,0.8052097909732242,0.42918179023888503,1.0
Zm00001eb326320,4,0.5104166666666666,0.5833333333333334,0.5108695652173912,0,1.402777777777778,24,15,9,0.4344166404855066,0.5483791498725582,0.9748679830301542,1.0
Zm00001eb326360,2,0.5277777777777778,0.5555555555555556,0.6640614287673111,0,1.175,18,10,8,0.12556855240526266,0.1611322398295877,0.9359153085799811,1.0
Zm00001eb326540,1,0.42105263157894735,0.42105263157894735,1.0,0,,19,6,13,1.2077891446558464,1.4489453807009682,1.0,1.0
Zm00001eb326620,1,0.5217391304347826,0.5217391304347826,1.0,0,1.1111111111111112,23,4,19,0.3047576699195715,0.30777834386354413,1.0,1.0
Zm00001eb326640,1,0.38095238095238093,0.38095238095238093,1.0,0,0.8,21,17,4,0.38818811492320393,0.3032551819666985,1.0,1.0
Zm00001eb326670,2,0.55,0.55,1.0,0,1.0416666666666665,20,9,11,0.40798083477944075,0.5845495885056855,1.0,1.0
Zm00001eb326680,2,0.42105263157894735,0.42105263157894735,1.0,0,1.2,19,12,7,0.5829975853193506,0.6147312693251485,1.0,1.0
Zm00001eb326830,6,0.5277777777777778,0.5833333333333334,0.2391304347826087,0,0.965432098765432,24,10,14,0.6889942097123439,0.8612956769956832,0.9307838823123765,1.0
Zm00001eb326840,2,0.5217391304347826,0.5217391304347826,1.0,0,1.025974025974026,23,12,11,1.3225667914405228,1.9301180473413202,1.0,1.0
Zm00001eb326850,1,0.42105263157894735,0.42105263157894735,1.0,0,,19,6,13,1.6902188457981184,2.6000023203070226,1.0,1.0
Zm00001eb326870,1,0.38095238095238093,0.38095238095238093,1.0,0,0.8,21,15,6,0.3803398806884878,0.42409668641966614,1.0,1.0
Zm00001eb326880,1,0.5714285714285714,0.5714285714285714,0.6594427244582042,0,1.9444444444444444,21,13,8,0.18623846607116715,0.2438542111146339,0.6594427244582042,1.0
Zm00001eb326900,2,0.5,0.5,0.6129718234981394,0,2.8,22,17,5,0.47319844366073355,0.5587743383224099,0.7435306274383129,1.0
Zm00001eb326920,1,0.6086956521739131,0.6086956521739131,1.0,0,0.6153846153846154,23,14,9,0.30428048512189404,0.3780003413962236,1.0,1.0
Zm00001eb326990,2,0.5454545454545454,0.5454545454545454,0.6461742591773552,0,1.6428571428571428,22,12,10,1.1293503104827787,1.3377111042360228,0.9283495508316417,1.0
Zm00001eb327130,1,0.5238095238095238,0.5238095238095238,0.25497076023391807,0,,21,14,7,0.7088978098418997,0.7394195045190102,0.25497076023391807,1.0
Zm00001eb327140,2,0.5833333333333333,0.625,0.41364921254542997,0,2.0999999999999996,24,12,12,0.2645114269816392,0.35374997960888904,0.778792667975033,1.0
Zm00001eb327160,1,0.6818181818181818,0.6818181818181818,0.13533834586466167,0,0.13636363636363635,22,12,10,0.6280687474734538,0.7318271031251704,0.13533834586466167,1.0
Zm00001eb327260,1,0.7272727272727273,0.7272727272727273,0.27432216905901113,0,0.20512820512820512,22,17,5,0.6108444419984782,0.9944625422873445,0.27432216905901113,1.0
Zm00001eb327310,2,0.5652173913043479,0.6521739130434783,0.38263561717593214,0,0.61,23,9,14,0.6722086380254303,0.8181250300522743,0.7502229920141584,1.0
Zm00001eb327420,1,0.5,0.5,0.2674922600619195,0,,20,14,6,0.2854628253102634,0.2880934092182152,0.2674922600619195,1.0
Zm00001eb327620,2,0.5476190476190477,0.5714285714285714,0.606467148262814,0,2.111111111111111,21,16,5,0.3180819732229618,0.33531691579211054,0.9097642305186974,1.0
Zm00001eb327640,1,0.43478260869565216,0.43478260869565216,1.0,0,0.5,23,7,16,0.18828434423825663,0.2670592778652707,1.0,1.0
Zm00001eb327690,2,0.6000000000000001,0.65,1.0,0,1.7777777777777777,20,7,13,0.6931681581601908,0.6915958591072356,1.0,1.0
Zm00001eb327760,1,0.5833333333333334,0.5833333333333334,1.0,0,0.6923076923076923,24,10,14,0.1411205365915433,0.182413143186561,1.0,1.0
Zm00001eb327800,1,0.7894736842105263,0.7894736842105263,0.38596491228070173,0,0.21428571428571427,19,4,15,0.4067379236960707,0.4103484831209779,0.38596491228070173,1.0
Zm00001eb327810,4,0.6413043478260869,0.8695652173913043,0.24901185770750983,0,5.349206349206349,23,20,3,0.7508687403479112,0.7048195011076678,0.6912297664125606,1.0
Zm00001eb327820,3,0.5499999999999999,0.6,0.11661506707946337,0,1.2857142857142858,20,16,4,0.9925981413254206,0.9736664460299671,0.326892477056946,1.0
Zm00001eb327870,2,0.7272727272727273,0.7272727272727273,0.49090909090909096,0,0.2857142857142857,11,8,3,0.16361296385608182,0.15592116516011803,0.5839212011354153,1.0
Zm00001eb327920,2,0.45833333333333337,0.5,0.5296442687747035,0,0.5714285714285714,24,7,17,0.5101671196010263,0.5289974045250707,0.721800758660288,1.0
Zm00001eb327970,2,0.34782608695652173,0.34782608695652173,1.0,0,0.9333333333333333,23,4,19,0.39014932807262864,0.27565614818047496,1.0,1.0
Zm00001eb328000,2,0.4772727272727273,0.6363636363636364,0.6019138755980861,0,2.0,22,18,4,0.20176044641813817,0.2048734713224986,0.907469981763003,1.0
Zm00001eb328050,1,0.7619047619047619,0.7619047619047619,0.1842105263157895,0,0.14285714285714285,21,6,15,0.15198946349066492,0.188445536997889,0.1842105263157895,1.0
Zm00001eb328070,1,0.7619047619047619,0.7619047619047619,0.4887218045112782,0,2.5,21,3,18,0.768073623426748,1.252568364477189,0.4887218045112782,1.0
Zm00001eb328080,2,0.8181818181818181,0.9090909090909091,0.025974025974025976,1,3.5,22,18,4,0.2704662284217229,0.29555677033805916,0.04459196375743489,1.0
Zm00001eb328250,7,0.5571428571428572,0.65,0.19680876399142655,0,0.8824984539270252,20,12,8,0.31477372469146325,0.44455103418143,0.9985398839401168,1.0
Zm00001eb328340,3,0.6153846153846154,0.6923076923076923,0.29292929292929293,0,0.4034391534391535,13,8,5,0.48266458285027797,0.6028562459760188,0.8733979599884771,1.0
Zm00001eb328350,1,0.42857142857142855,0.42857142857142855,1.0,0,0.55,21,15,6,0.3665143249409115,0.4183308586302902,1.0,1.0
Zm00001eb328370,1,0.47619047619047616,0.47619047619047616,1.0,0,0.96,21,13,8,0.34087929456168375,0.4381733128355673,1.0,1.0
Zm00001eb328440,1,0.5238095238095238,0.5238095238095238,1.0,0,0.5,21,3,18,0.390759888537459,0.5010750441327917,1.0,1.0
Zm00001eb328520,1,0.625,0.625,0.4136492125454302,0,2.8,24,13,11,0.3724737563630242,0.4990554630897637,0.4136492125454302,1.0
Zm00001eb328530,1,0.6521739130434783,0.6521739130434783,1.0,0,0.8571428571428571,23,16,7,0.3116037720788834,0.34144444709233523,1.0,1.0
Zm00001eb328560,3,0.5666666666666668,0.6,0.21842105263157896,0,0.925,20,11,9,1.3400450838549118,1.6577728937616374,0.6977979366227918,1.0
Zm00001eb328580,2,0.5217391304347826,0.6956521739130435,0.5573122529644269,0,0.35714285714285715,23,19,4,0.3465905816946357,0.3113391631643572,0.8831334915701923,1.0
Zm00001eb328690,2,0.5588235294117647,0.6470588235294118,0.33484162895927605,0,2.2083333333333335,17,7,10,0.5742570861404134,0.6967139294467021,0.7011910543674441,1.0
Zm00001eb328730,4,0.5694444444444444,0.6111111111111112,0.6000323206205559,0,0.6950000000000001,18,12,6,0.3684464575921413,0.41960527991089674,0.9823274095689817,1.0
Zm00001eb328740,1,0.7894736842105263,0.7894736842105263,0.17827657378740971,0,0.15384615384615385,19,15,4,1.1938148960754658,1.1134653597828548,0.17827657378740971,1.0
Zm00001eb328760,1,0.5652173913043478,0.5652173913043478,0.6668461434917216,0,1.7142857142857142,23,16,7,0.7298544187889082,0.7598583039661446,0.6668461434917216,1.0
Zm00001eb328950,1,0.4782608695652174,0.4782608695652174,0.2724895242057714,0,,23,5,18,0.24126193643797825,0.24953413507621985,0.2724895242057714,1.0
Zm00001eb328970,1,0.4166666666666667,0.4166666666666667,1.0,0,1.2307692307692308,24,9,15,0.46600704452976355,0.5560030973468413,1.0,1.0
Zm00001eb329070,2,0.5454545454545454,0.7727272727272727,0.10047846889952153,0,7.0,22,17,5,0.30130873195953767,0.3074707895921258,0.331359081813728,1.0
Zm00001eb329080,1,0.6190476190476191,0.6190476190476191,0.3107769423558897,0,0.23333333333333334,21,11,10,0.7107739457817344,0.8977394546945413,0.3107769423558897,1.0
Zm00001eb329090,1,0.5454545454545454,0.5454545454545454,1.0,0,1.28,22,9,13,0.1756953028988413,0.25235846409185847,1.0,1.0
Zm00001eb329280,1,0.4583333333333333,0.4583333333333333,1.0,0,2.0,24,20,4,1.1779378549292527,1.1152579206647286,1.0,1.0
Zm00001eb329360,1,0.7272727272727273,0.7272727272727273,0.2743221690590112,0,4.875,22,15,7,0.6196891039742835,0.7572091591575285,0.2743221690590112,1.0
Zm00001eb329390,1,0.5833333333333334,0.5833333333333334,0.5757575757575758,0,0.3333333333333333,12,5,7,0.5661792707873503,0.7707868974860764,0.5757575757575758,1.0
Zm00001eb329400,1,0.5625,0.5625,1.0,0,1.1666666666666667,16,6,10,0.16031767260562174,0.21889799881889846,1.0,1.0
Zm00001eb329420,2,0.6086956521739131,0.8260869565217391,0.3562958780350084,0,4.5,23,3,20,0.372144916790292,0.48834273234842296,0.509064702580157,1.0
Zm00001eb329490,1,0.2727272727272727,0.2727272727272727,1.0,0,,22,19,3,0.344476396634484,0.24197017882564892,1.0,1.0
Zm00001eb329570,1,0.4090909090909091,0.4090909090909091,1.0,0,1.6666666666666667,22,5,17,0.26946899301166277,0.2500549130547952,1.0,1.0
Zm00001eb329580,1,0.7391304347826086,0.7391304347826086,0.5392433653303219,0,0.5,23,18,5,0.8240735012771209,0.8915590686383726,0.5392433653303219,1.0
Zm00001eb329590,4,0.5760869565217391,0.7391304347826086,0.5392433653303219,0,1.297008547008547,23,20,3,0.18087047424994276,0.14455679107513278,0.9962820748850236,1.0
Zm00001eb329620,2,0.55,0.6,1.0,0,0.375,10,3,7,0.812575223328847,0.9436313079036152,1.0,1.0
Zm00001eb329690,2,0.5476190476190477,0.5714285714285714,0.5864661654135338,0,2.25,21,18,3,0.286842972125166,0.2514109691533253,0.8994281467632228,1.0
Zm00001eb329760,1,0.5454545454545454,0.5454545454545454,0.6493980048159614,0,2.25,22,14,8,0.26315235871024734,0.3116374981168287,0.6493980048159614,1.0
Zm00001eb329790,1,0.65,0.65,1.0,0,0.8333333333333334,20,3,17,1.0254836705557258,0.9047642537015707,1.0,1.0
Zm00001eb329860,1,0.6086956521739131,0.6086956521739131,0.3707093821510298,0,0.3111111111111111,23,12,11,0.30640138434040615,0.3835023801037629,0.3707093821510298,1.0
Zm00001eb329910,3,0.7017543859649122,0.8421052631578947,0.09700722394220847,0,5.555555555555556,19,3,16,0.20612263508996606,0.20356020891448312,0.43062144026744165,1.0
Zm00001eb330040,3,0.5909090909090909,0.6363636363636364,0.29323308270676696,0,2.7023809523809526,22,12,10,0.20699693686366746,0.28105204670453143,0.7576729567465228,1.0
Zm00001eb330070,1,0.5,0.5,0.5054945054945055,0,,14,5,9,0.8230438080176847,0.8644237976344376,0.5054945054945055,1.0
Zm00001eb330150,2,0.6842105263157895,0.6842105263157895,1.0,0,0.6666666666666666,19,14,5,0.5968792118372328,0.5726269935853253,1.0,1.0
Zm00001eb330190,1,0.5625,0.5625,0.2445054945054945,0,,16,4,12,0.37171665786699876,0.8053279852880002,0.2445054945054945,1.0
Zm00001eb330260,1,0.7,0.7,0.4444444444444445,0,,10,5,5,0.18031470994406118,0.2697669684024445,0.4444444444444445,1.0
Zm00001eb330340,1,0.5714285714285714,0.5714285714285714,1.0,0,1.5,21,6,15,0.8950955870620505,1.085614122260331,1.0,1.0
Zm00001eb330380,1,0.22727272727272727,0.22727272727272727,1.0,0,,22,19,3,0.31285519002673107,0.5378066542074016,1.0,1.0
Zm00001eb330480,2,0.75,0.7727272727272727,0.47012987012987006,0,2.1666666666666665,22,18,4,0.30412017854615425,0.29381378461654484,0.824958651550583,1.0
Zm00001eb330540,1,0.5714285714285714,0.5714285714285714,1.0,0,0.5,7,3,4,0.8755706462048519,1.345036561210637,1.0,1.0
Zm00001eb330590,2,0.625,0.75,0.4473684210526315,0,0.7991071428571428,20,15,5,0.6681209776627728,0.866750157615745,0.8072194175366548,1.0
Zm00001eb330650,6,0.5289855072463768,0.5652173913043478,0.6105679217807365,0,0.7903637566137567,23,14,9,0.4925639480328764,0.6825236240933791,0.9996288520418729,1.0
Zm00001eb330680,1,0.2608695652173913,0.2608695652173913,1.0,0,,23,3,20,1.0116582464607382,0.9000492394070975,1.0,1.0
Zm00001eb330730,1,0.5714285714285714,0.5714285714285714,0.6351172047766475,0,1.9285714285714286,21,11,10,0.3127612196499104,0.44003743923428806,0.6351172047766475,1.0
Zm00001eb330760,2,0.5476190476190477,0.5714285714285714,0.6594427244582044,0,0.7071428571428571,21,10,11,0.6633236207888036,0.9105516827901609,0.9340084010845768,1.0
Zm00001eb330800,1,0.3333333333333333,0.3333333333333333,1.0,0,,18,15,3,1.1689616130290763,1.1526295759388314,1.0,1.0
Zm00001eb330820,2,0.625,0.625,0.23351648351648352,0,,16,4,12,1.0025163730876516,1.0896076823244922,0.21315785179224908,1.0
Zm00001eb330840,1,0.6,0.6,0.6168730650154799,0,2.25,20,15,5,0.7785891236613158,0.8667322213625791,0.6168730650154799,1.0
Zm00001eb330920,1,0.7916666666666666,0.7916666666666666,0.3804347826086956,0,0.2222222222222222,24,19,5,0.6159548629625876,0.635037487178246,0.3804347826086956,1.0
Zm00001eb331000,1,0.4166666666666667,0.4166666666666667,1.0,0,0.5416666666666666,24,7,17,0.34969109444511975,0.612504394290235,1.0,1.0
Zm00001eb331160,1,0.5652173913043478,0.5652173913043478,1.0,0,1.0476190476190477,23,5,18,0.7638456857082095,0.7716054540285625,1.0,1.0
Zm00001eb331210,1,0.47619047619047616,0.47619047619047616,1.0,0,1.6,21,12,9,0.6235441973175203,1.0379807434525927,1.0,1.0
Zm00001eb331360,1,0.5652173913043478,0.5652173913043478,1.0,0,0.8333333333333334,23,8,15,0.624502846013045,0.8819029104379565,1.0,1.0
Zm00001eb331460,2,0.5769230769230769,0.6153846153846154,0.23076923076923075,0,1.5,13,8,5,0.556156235288102,0.6046124321521121,0.5691547081830985,1.0
Zm00001eb331470,2,0.5526315789473684,0.5789473684210527,0.47368421052631576,0,2.0,19,9,10,0.19991646666160162,0.25562464711142713,0.8276278745511574,1.0
Zm00001eb331540,2,0.6818181818181819,0.8181818181818182,0.045796308954203696,1,1.5333333333333334,22,18,4,0.4484214829868875,0.34941934567574523,0.12525180020831095,1.0
Zm00001eb331600,1,0.5555555555555556,0.5555555555555556,0.5000000000000001,0,,9,3,6,0.3706040427534016,0.44098584509708266,0.5000000000000001,1.0
Zm00001eb331700,2,0.45238095238095233,0.47619047619047616,0.5263157894736843,0,0.75,21,15,6,0.7041882905396148,0.8583153530167831,0.8641336243012605,1.0
Zm00001eb331730,2,0.5,0.5909090909090909,0.5352016404647983,0,0.26666666666666666,22,4,18,1.218448034667695,1.015199925725105,0.6775840149694263,1.0
Zm00001eb331740,1,0.5454545454545454,0.5454545454545454,1.0,0,1.6875,22,11,11,0.4959980207365069,0.5809296088075602,1.0,1.0
Zm00001eb331780,1,0.5625,0.5625,0.5846153846153845,0,3.0,16,9,7,0.3689738496186028,0.5202555835413406,0.5846153846153845,1.0
Zm00001eb331790,1,0.5,0.5,1.0,0,1.2857142857142858,18,13,5,0.3265547188671453,0.730852991191117,1.0,1.0
Zm00001eb332260,3,0.5,0.5416666666666666,0.668712294570418,0,0.6904761904761904,24,15,9,0.6361067431916261,0.8570095630543049,0.9919442746209004,1.0
Zm00001eb332340,2,0.6739130434782609,0.7391304347826086,0.0657129920826246,0,0.48333333333333334,23,7,16,0.6430806912383504,0.574529841957733,0.24461389411620088,1.0
Zm00001eb332380,2,0.75,0.75,0.5212450592885376,0,0.47058823529411764,24,5,19,0.3579471604887274,0.32660812428768515,0.6257358467754459,1.0
Zm00001eb332450,2,0.8913043478260869,0.9565217391304348,0.011857707509881422,1,4.5,23,3,20,0.4403205560544453,0.4322470153351288,0.027321152284935032,1.0
Zm00001eb332500,1,0.55,0.55,1.0,0,1.2857142857142858,20,11,9,0.19601772952409077,0.24538075148401833,1.0,1.0
Zm00001eb332560,1,0.7391304347826086,0.7391304347826086,0.11067193675889328,0,,23,15,8,0.27128558474942915,0.30731183985437305,0.11067193675889328,1.0
Zm00001eb332610,1,0.5217391304347826,0.5217391304347826,1.0,0,1.3333333333333333,23,7,16,0.22732712175189534,0.25182547058655236,1.0,1.0
Zm00001eb332640,1,0.6666666666666666,0.6666666666666666,0.16304347826086957,0,,24,14,10,0.3505092443926355,0.41400340841490235,0.16304347826086957,1.0
Zm00001eb332650,4,0.45833333333333337,0.5833333333333334,0.32712215320910976,0,2.7122507122507127,24,5,19,0.22400863996134102,0.30472589780725284,0.9028601370629432,1.0
Zm00001eb332660,1,0.375,0.375,0.5464426877470356,0,,24,6,18,0.41524832579101106,0.5886113277607329,0.5464426877470356,1.0
Zm00001eb332690,1,0.3333333333333333,0.3333333333333333,1.0,0,,24,5,19,0.36446759101088766,0.6959867300406526,1.0,1.0
Zm00001eb332810,3,0.5416666666666666,0.625,0.6146245059288538,0,2.1701631701631703,24,19,5,0.6391527643456599,0.5627569655678867,0.9245100880193335,1.0
Zm00001eb332830,2,0.6521739130434783,0.7391304347826086,0.11067193675889327,0,0.6666666666666666,23,8,15,0.8715274206823012,0.886436980738934,0.27136969691195206,1.0
Zm00001eb332870,3,0.5555555555555555,0.5833333333333334,0.47826086956521735,0,1.1666666666666667,24,12,12,1.2776963492732447,1.5762156975825834,0.9611250208448089,1.0
Zm00001eb332910,1,0.625,0.625,1.0,0,1.4444444444444444,24,16,8,0.26681257257707314,0.31955023506812946,1.0,1.0
Zm00001eb332930,1,0.6818181818181818,0.6818181818181818,0.18699690402476785,0,4.166666666666667,22,9,13,0.7064800700850704,0.8566904755125989,0.18699690402476785,1.0
Zm00001eb332990,1,0.625,0.625,0.5692307692307692,0,0.23809523809523808,16,4,12,1.341057677877328,1.253953256171345,0.5692307692307692,1.0
Zm00001eb333010,5,0.5826086956521739,0.6956521739130435,0.6213854795090493,0,1.0697115384615383,23,5,18,0.3796524438666565,0.4641449057339326,0.9858545337029656,1.0
Zm00001eb333100,2,0.5416666666666666,0.6666666666666666,0.536231884057971,0,2.142857142857143,24,16,8,0.3260684914853585,0.38260762900466666,0.870405476844381,1.0
Zm00001eb333130,1,0.8636363636363636,0.8636363636363636,0.02392344497607655,1,24.0,22,17,5,0.3824871623907892,0.5294384450218148,0.02392344497607655,1.0
Zm00001eb333150,2,0.5588235294117647,0.5882352941176471,0.3333872010342598,0,4.166666666666667,17,6,11,0.6077043313359202,0.8602721540651711,0.4740538608083432,1.0
Zm00001eb333200,1,0.55,0.55,1.0,0,0.8,20,9,11,0.6258726180907047,0.812913364938867,1.0,1.0
Zm00001eb333260,2,0.5714285714285714,0.5714285714285714,1.0,0,0.8203703703703704,21,8,13,1.1853193301395535,1.4662862941331911,1.0,1.0
Zm00001eb333330,1,0.36363636363636365,0.36363636363636365,1.0,0,,22,6,16,0.575881005590366,0.6861478123050917,1.0,1.0
Zm00001eb333360,1,0.75,0.75,0.44736842105263164,0,0.2857142857142857,20,5,15,0.5286233619725189,0.5469985110174074,0.44736842105263164,1.0
Zm00001eb333380,1,0.55,0.55,1.0,0,1.2,20,8,12,0.5107196863188752,0.6139222147066606,1.0,1.0
Zm00001eb333400,1,0.6818181818181818,0.6818181818181818,0.26425153793574846,0,6.0,22,13,9,0.24201526831763484,0.2889775188289349,0.26425153793574846,1.0
Zm00001eb333460,1,0.4666666666666667,0.4666666666666667,1.0,0,0.7,15,12,3,0.18932099892582463,0.21696184015063927,1.0,1.0
Zm00001eb333490,2,0.6666666666666666,0.6666666666666666,1.0,0,1.3,21,18,3,0.9612179057648663,1.0172029360905457,1.0,1.0
Zm00001eb333540,1,0.7777777777777778,0.7777777777777778,0.17156862745098034,0,0.125,18,13,5,0.5283591214999431,0.5175729102847387,0.17156862745098034,1.0
Zm00001eb333570,1,0.5238095238095238,0.5238095238095238,0.6556587547299622,0,1.875,21,7,14,0.37118419920852525,0.44579173174497627,0.6556587547299622,1.0
Zm00001eb333580,1,0.2608695652173913,0.2608695652173913,1.0,0,,23,20,3,0.4445654463905867,0.4173891998948155,1.0,1.0
Zm00001eb333640,1,0.6666666666666666,0.6666666666666666,0.2080808080808081,0,,12,4,8,0.816952710661535,0.8249860868535827,0.2080808080808081,1.0
Zm00001eb333750,2,0.5416666666666667,0.7083333333333334,0.5440429136081311,0,1.3333333333333333,24,5,19,0.4532795125647426,0.4654048048458284,0.8752166058475582,1.0
Zm00001eb333760,2,0.41304347826086957,0.43478260869565216,0.525691699604743,0,,23,3,20,0.3182729041693256,0.2866845827871984,0.6408334296102705,1.0
Zm00001eb333940,2,0.5652173913043478,0.6956521739130435,1.0,0,0.8787878787878787,23,17,6,0.6766177269807866,0.7434156856986496,1.0,1.0
Zm00001eb333950,1,0.6086956521739131,0.6086956521739131,0.6175220660346519,0,0.42424242424242425,23,18,5,0.4612142051821388,0.44661843198670437,0.6175220660346519,1.0
Zm00001eb333970,2,0.6590909090909092,0.7272727272727273,0.07430340557275542,0,3.6041666666666665,22,13,9,0.5934595716349932,1.1563274485062225,0.12900497434550967,1.0
Zm00001eb333990,1,0.5652173913043478,0.5652173913043478,1.0,0,0.7272727272727273,23,10,13,0.5439286445102388,0.623023934561319,1.0,1.0
Zm00001eb334060,1,0.7368421052631579,0.7368421052631579,0.27218782249742,0,0.25,19,5,14,0.36079482735262713,0.5265778822749665,0.27218782249742,1.0
Zm00001eb334070,2,0.4772727272727273,0.5,0.6158176189135942,0,1.72,22,16,6,0.17005359756379934,0.18677515800201597,0.7576953254372383,1.0
Zm00001eb334080,2,0.71875,0.75,0.4892857142857143,0,0.29292929292929293,16,3,13,0.17402793685285922,0.15533521567106437,0.601236658790228,1.0
Zm00001eb334110,3,0.5416666666666666,0.5833333333333334,0.4225333153856508,0,0.6291666666666667,24,9,15,0.22614534960272492,0.2823056923795322,0.9433338909735551,1.0
Zm00001eb334130,2,0.5454545454545454,0.5454545454545454,0.36021872863978127,0,0.28125,22,9,13,0.13129431622290308,0.1660477751033517,0.39473379413089427,1.0
Zm00001eb334160,1,0.23809523809523808,0.23809523809523808,1.0,0,,21,18,3,1.1460241173711072,1.1348792263624794,1.0,1.0
Zm00001eb334210,1,0.5833333333333334,0.5833333333333334,0.22282608695652176,0,,24,11,13,0.3426546948338704,0.4228308273388154,0.22282608695652176,1.0
Zm00001eb334220,3,0.6190476190476191,0.6666666666666666,0.20309597523219813,0,0.9083333333333332,21,8,13,0.1678000552964125,0.18531992594740263,0.5510864234224286,1.0
Zm00001eb334270,1,0.6363636363636364,0.6363636363636364,1.0,0,1.0833333333333333,22,15,7,0.44528930950562723,0.7552219915646401,1.0,1.0
Zm00001eb334320,1,0.4375,0.4375,1.0,0,1.25,16,13,3,0.11397555072181662,0.11308316255816951,1.0,1.0
Zm00001eb334410,1,0.5714285714285714,0.5714285714285714,1.0,0,1.4285714285714286,21,9,12,0.38759625603933906,0.4613375743672577,1.0,1.0
Zm00001eb334420,2,0.631578947368421,0.6842105263157895,0.3330753353973168,0,1.3166666666666667,19,13,6,0.6554624783429561,0.820517744870156,0.6992538899829057,1.0
Zm00001eb334430,1,0.43478260869565216,0.43478260869565216,1.0,0,1.3333333333333333,23,3,20,0.30248313181824815,0.26452032435816913,1.0,1.0
Zm00001eb334480,1,0.4,0.4,1.0,0,,20,14,6,0.2939617027660908,0.3814675739542506,1.0,1.0
Zm00001eb334490,1,0.7083333333333334,0.7083333333333334,0.059288537549407126,0,,24,14,10,0.5960834901572115,1.0379257337202747,0.059288537549407126,1.0
Zm00001eb334600,3,0.5694444444444444,0.7916666666666666,0.1792772444946358,0,3.1025641025641026,24,4,20,0.41089042100674183,0.38511569606926865,0.6212217566779421,1.0
Zm00001eb334740,4,0.5869565217391304,0.6086956521739131,0.10446075663466967,0,1.7202380952380951,23,10,13,0.2913020047646801,0.43497002596590223,0.705036896089537,1.0
Zm00001eb334780,1,0.5714285714285714,0.5714285714285714,1.0,0,2.0,7,3,4,1.5468061851290211,1.8147972618666222,1.0,1.0
Zm00001eb334940,4,0.6346153846153846,0.6923076923076923,0.1048951048951049,0,1.0119047619047619,13,9,4,0.8482383370654798,0.921911811317925,0.4872194386009142,1.0
Zm00001eb335070,7,0.48214285714285715,0.625,0.27206851119894593,0,2.0087253487253487,24,17,7,0.40591671292474046,0.5126210662030714,0.9484946483439598,1.0
Zm00001eb335200,2,0.6363636363636364,0.6363636363636364,0.37616099071207443,0,0.7291666666666666,22,7,15,0.21672391335377952,0.2546269951424615,0.7439479081848592,1.0
Zm00001eb335340,2,0.525,0.55,0.6126160990712074,0,0.5089285714285714,20,13,7,0.4210961573238974,0.46845933851674054,0.9128082826428031,1.0
Zm00001eb335350,1,0.6363636363636364,0.6363636363636364,0.38644650842793254,0,2.5,22,14,8,0.40544260635181095,0.4889947385922206,0.38644650842793254,1.0
Zm00001eb335390,1,0.625,0.625,0.09834368530020704,0,,24,11,13,0.8940813042140637,1.0703715327535246,0.09834368530020704,1.0
Zm00001eb335470,1,0.5714285714285714,0.5714285714285714,1.0,0,1.5,7,3,4,0.8681143650975972,1.0271605907525967,1.0,1.0
Zm00001eb335590,6,0.5555555555555556,0.8333333333333334,0.3115942028985507,0,4.494949494949495,24,20,4,0.3628833481439806,0.7200863555166817,0.7599274749597664,1.0
Zm00001eb335640,1,0.7083333333333334,0.7083333333333334,0.2490118577075099,0,0.2,24,8,16,0.19052289529716368,0.1986312715583892,0.2490118577075099,1.0
Zm00001eb335710,1,0.7916666666666666,0.7916666666666666,0.43675889328063244,0,3.0,24,20,4,0.28992539541039597,0.41665173005479916,0.43675889328063244,1.0
Zm00001eb335740,1,0.7916666666666666,0.7916666666666666,0.17927724449463583,0,0.17647058823529413,24,5,19,0.3224162654322655,0.34594906307376283,0.17927724449463583,1.0
Zm00001eb335790,1,0.5652173913043478,0.5652173913043478,0.6801722977520527,0,1.6666666666666667,23,14,9,0.32130123573966013,0.5256035629244675,0.6801722977520527,1.0
Zm00001eb335800,1,0.7894736842105263,0.7894736842105263,0.01976661109788045,1,0.05357142857142857,19,10,9,0.30284875560459384,0.43486049797720794,0.01976661109788045,1.0
Zm00001eb335870,2,0.5625,0.5833333333333334,0.6968299905774669,0,0.6794871794871795,24,10,14,0.34793363451789244,0.37181656089849074,0.9485346091359246,1.0
Zm00001eb335900,2,0.6086956521739131,0.6956521739130435,0.29685874765966297,0,0.47106227106227105,23,15,8,0.2039976679997841,0.24766763905611355,0.6573933554285909,1.0
Zm00001eb336010,5,0.5833333333333334,0.75,0.4545454545454546,0,2.8000000000000003,12,3,9,1.5563652796283485,1.567572412055217,0.9775684843274156,1.0
Zm00001eb336070,3,0.6212121212121212,0.6818181818181818,0.039644565960355434,1,0.35,22,10,12,0.13043607848481328,0.15274598755020916,0.11190352335051842,1.0
Zm00001eb336080,3,0.47826086956521735,0.5217391304347826,0.3689757991817487,0,3.0227272727272725,23,15,8,0.9382647237329705,0.9574965307979812,0.6453483681817451,1.0
Zm00001eb336170,3,0.5454545454545454,0.5909090909090909,1.0,0,0.9882154882154882,22,7,15,0.9015803792327614,0.9472148442867194,1.0,1.0
Zm00001eb336310,2,0.3333333333333333,0.3333333333333333,1.0,0,,21,17,4,0.5501685191365537,0.45649196122731006,1.0,1.0
Zm00001eb336410,3,0.5652173913043478,0.7391304347826086,0.05153199203542452,0,0.9189113355780023,23,10,13,0.19607235094139738,0.303060651039639,0.4309519055749461,1.0
Zm00001eb336460,2,0.3333333333333333,0.3333333333333333,1.0,0,,15,3,12,0.3389715271026002,0.44465106942407656,1.0,1.0
Zm00001eb336530,1,0.7272727272727273,0.7272727272727273,0.29186602870813394,0,0.2857142857142857,22,6,16,0.31432277336965303,0.31247209724686714,0.29186602870813394,1.0
Zm00001eb336580,9,0.4848484848484848,0.6818181818181818,0.26425153793574846,0,0.6037724180581323,22,4,18,0.21817245111199368,0.2454517407618317,0.9956386366767056,1.0
Zm00001eb336590,3,0.5757575757575757,0.6363636363636364,0.567099567099567,0,1.0277777777777777,11,6,5,0.3283064031959534,0.4963672943434435,0.9799990178761551,1.0
Zm00001eb336650,5,0.6823529411764706,0.7647058823529411,0.11029411764705882,0,0.2947916666666667,17,6,11,0.7558880147513188,0.961078579501502,0.33026606380228274,1.0
Zm00001eb336730,2,0.5,0.5217391304347826,1.0,0,0.9872685185185185,23,13,10,1.2034591652787592,1.5556287340732304,1.0,1.0
Zm00001eb336740,2,0.28260869565217395,0.30434782608695654,1.0,0,,23,20,3,1.1401667195815341,0.8020930127399098,1.0,1.0
Zm00001eb336760,2,0.4565217391304348,0.4782608695652174,0.2727272727272727,0,1.1363636363636365,23,16,7,0.3588659484369904,0.42814718197551277,0.6270771774900714,1.0
Zm00001eb336790,1,0.5454545454545454,0.5454545454545454,0.6493980048159614,0,2.25,22,14,8,0.3196973520605064,0.3582694804299747,0.6493980048159614,1.0
Zm00001eb336800,3,0.4090909090909091,0.7727272727272727,0.4701298701298702,0,2.6666666666666665,22,3,19,0.5010807100255135,0.3571645281828968,0.9588615070421179,1.0
Zm00001eb336820,1,0.36363636363636365,0.36363636363636365,1.0,0,,22,16,6,0.2524259886467138,0.2687953237058756,1.0,1.0
Zm00001eb336840,2,0.5714285714285714,0.6190476190476191,0.3107769423558897,0,0.7638888888888888,21,10,11,0.202481538785846,0.24178306534359315,0.673975693131124,1.0
Zm00001eb336850,1,0.45454545454545453,0.45454545454545453,0.5406698564593302,0,,22,4,18,0.5438947786670337,0.5845705055700129,0.5406698564593302,1.0
Zm00001eb336890,2,0.5869565217391304,0.6086956521739131,0.55957086391869,0,0.5416666666666666,23,13,10,0.14127049792552848,0.19662172670956496,0.8844493718361208,1.0
Zm00001eb336920,1,0.6086956521739131,0.6086956521739131,0.31677018633540377,0,4.125,23,4,19,0.3897613291705828,0.37876143837288107,0.31677018633540377,1.0
Zm00001eb336930,2,0.625,0.6666666666666666,0.1907114624505929,0,0.49375,24,7,17,0.4412027403897107,0.5178540249891179,0.5067191468003038,1.0
Zm00001eb336950,1,0.55,0.55,1.0,0,0.8,20,9,11,0.24401675874423864,0.3260231893319364,1.0,1.0
Zm00001eb336960,1,0.6,0.6,0.6424148606811144,0,0.5555555555555556,20,6,14,0.3749049622420931,0.39150743723572223,0.6424148606811144,1.0
Zm00001eb336990,3,0.6666666666666666,0.7368421052631579,0.06977851869492736,0,4.838888888888889,19,11,8,0.46259683784973693,0.5835903770567852,0.15219817901628022,1.0
Zm00001eb337010,1,0.631578947368421,0.631578947368421,0.5459236326109389,0,3.3333333333333335,19,8,11,0.2712087785460038,0.5833741058022738,0.5459236326109389,1.0
Zm00001eb337060,1,0.6190476190476191,0.6190476190476191,0.6177109440267334,0,1.8333333333333333,21,13,8,0.6879631238687534,0.8067936057674066,0.6177109440267334,1.0
Zm00001eb337110,2,0.5434782608695652,0.782608695652174,0.3952569169960474,0,0.23529411764705882,23,5,18,1.0182065231064823,0.9011512668638995,0.7621420168930549,1.0
Zm00001eb337190,2,0.625,0.6875,0.5467032967032966,0,3.166666666666667,16,11,5,0.6403178977443778,0.8048174462093495,0.6862264171968866,1.0
Zm00001eb337240,2,0.42857142857142855,0.47619047619047616,0.28070175438596495,0,,21,4,17,0.15320429176067168,0.14996555717963797,0.4404761158065297,1.0
Zm00001eb337250,2,0.4318181818181818,0.45454545454545453,1.0,0,0.825,22,17,5,0.31151074770229054,0.34258686988378734,1.0,1.0
Zm00001eb337340,2,0.5416666666666666,0.5416666666666666,0.6570197873199624,0,0.42857142857142855,24,8,16,0.4527982109781037,0.5459927950380442,0.7943175227487618,1.0
Zm00001eb337350,3,0.45098039215686275,0.47058823529411764,0.5147058823529412,0,,17,12,5,0.6006409872058011,0.6524000065392568,0.850541913099564,1.0
Zm00001eb337450,1,0.391304347826087,0.391304347826087,1.0,0,0.9285714285714286,23,8,15,0.4783875601420206,0.6398399805668514,1.0,1.0
Zm00001eb337510,1,0.45454545454545453,0.45454545454545453,1.0,0,1.05,22,17,5,1.515912546045041,1.7625763213109449,1.0,1.0
Zm00001eb337520,4,0.5543478260869565,0.6086956521739131,0.6175220660346518,0,1.250297619047619,23,10,13,0.36418097684534345,0.4020313567877349,0.9873355190786124,1.0
Zm00001eb337600,1,0.6,0.6,0.475,0,,10,7,3,0.21350971827748194,0.23398851633163165,0.475,1.0
Zm00001eb337610,1,0.6,0.6,0.6424148606811145,0,2.1333333333333333,20,9,11,0.44669789246239666,0.5910525225092647,0.6424148606811145,1.0
Zm00001eb337820,1,0.6363636363636364,0.6363636363636364,0.2043343653250774,0,4.0,22,14,8,0.6377496171133523,0.821326654276346,0.2043343653250774,1.0
Zm00001eb337890,3,0.49275362318840576,0.6086956521739131,0.14382794931994017,0,1.0666666666666667,23,17,6,0.8737743432756393,0.7809045576206545,0.6931449436348709,1.0
Zm00001eb337950,1,0.375,0.375,0.5464426877470355,0,,24,3,21,0.785198909186941,0.7976766436487033,0.5464426877470355,1.0
Zm00001eb337970,1,0.6086956521739131,0.6086956521739131,0.6175220660346519,0,0.42424242424242425,23,13,10,0.240574475304687,0.28915646538105805,0.6175220660346519,1.0
Zm00001eb338030,1,0.5,0.5,0.5147058823529411,0,,18,6,12,1.458604561879734,1.6182203801113655,0.5147058823529411,1.0
Zm00001eb338170,1,0.6111111111111112,0.6111111111111112,0.3156108597285068,0,0.2,18,6,12,0.7645040289735922,0.9800357758053136,0.3156108597285068,1.0
Zm00001eb338180,1,0.45,0.45,1.0,0,1.4,20,12,8,0.4807911225986114,0.6638239104809581,1.0,1.0
Zm00001eb338190,1,0.6666666666666666,0.6666666666666666,0.04511278195488721,1,,21,12,9,0.16272688739008043,0.21921717605772986,0.04511278195488721,1.0
Zm00001eb338260,1,0.5217391304347826,0.5217391304347826,0.25296442687747034,0,,23,9,14,0.15590101977300613,0.22738462351510894,0.25296442687747034,1.0
Zm00001eb338340,1,0.5555555555555556,0.5555555555555556,1.0,0,1.6,18,9,9,0.6399498133347485,0.8542322647728748,1.0,1.0
Zm00001eb338370,2,0.5,0.6190476190476191,0.11071797139908596,0,1.3333333333333333,21,16,5,0.2891986038232502,0.3791108296143398,0.3543826626854844,1.0
Zm00001eb338420,1,0.5454545454545454,0.5454545454545454,1.0,0,1.25,22,18,4,0.5599018032811476,0.5319088330591888,1.0,1.0
Zm00001eb338570,1,0.8333333333333334,0.8333333333333334,0.4000000000000001,0,,6,3,3,0.3267650793337263,0.377494247479049,0.4000000000000001,1.0
Zm00001eb338610,1,0.5833333333333334,0.5833333333333334,0.06636155606407322,0,,24,8,16,0.44653061042602665,0.4662648533997366,0.06636155606407322,1.0
Zm00001eb338620,1,0.6666666666666666,0.6666666666666666,1.0,0,0.8,24,17,7,0.5883558626352318,0.6231532315976671,1.0,1.0
Zm00001eb338660,1,0.5909090909090909,0.5909090909090909,0.3801857585139319,0,3.0,22,9,13,0.20807888881813294,0.26948433356845186,0.3801857585139319,1.0
Zm00001eb338670,1,0.5217391304347826,0.5217391304347826,1.0,0,1.1,23,11,12,0.15904392599543304,0.23806317009289724,1.0,1.0
Zm00001eb338770,1,0.3125,0.3125,1.0,0,,16,13,3,0.20991345611777695,0.30973874877796387,1.0,1.0
Zm00001eb339010,3,0.6333333333333333,0.7,1.0,0,3.0,10,3,7,0.2180349793157638,0.3353505714253211,1.0,1.0
Zm00001eb339040,1,0.5217391304347826,0.5217391304347826,1.0,0,0.9,23,19,4,1.6097745732459787,1.043279787087444,1.0,1.0
Zm00001eb339070,1,0.6842105263157895,0.6842105263157895,0.5232198142414861,0,0.22727272727272727,19,7,12,0.6033641532325081,0.6327732268945513,0.5232198142414861,1.0
Zm00001eb339100,1,0.8235294117647058,0.8235294117647058,0.33088235294117646,0,6.5,17,3,14,0.3609968141578766,0.4034947137518794,0.33088235294117646,1.0
Zm00001eb339270,1,0.5909090909090909,0.5909090909090909,1.0,0,1.1,22,15,7,0.09095721974092105,0.1049687122958658,1.0,1.0
Zm00001eb339340,1,0.5333333333333333,0.5333333333333333,1.0,0,2.0,15,3,12,0.44567951237460135,0.43663849486911055,1.0,1.0
Zm00001eb339420,1,0.4666666666666667,0.4666666666666667,0.5164835164835164,0,,15,12,3,1.7084088396626693,1.6066835761627003,0.5164835164835164,1.0
Zm00001eb339720,2,0.5869565217391304,0.6521739130434783,1.0,0,0.8214285714285714,23,8,15,0.5734279969724961,0.6637071700664542,1.0,1.0
Zm00001eb339860,1,0.5625,0.5625,1.0,0,0.42857142857142855,16,8,8,0.1895055108451875,0.250246549569167,1.0,1.0
Zm00001eb339890,1,0.5882352941176471,0.5882352941176471,0.5764705882352941,0,0.2857142857142857,17,8,9,0.28037875425463854,0.3707373944281461,0.5764705882352941,1.0
Zm00001eb339950,1,0.2777777777777778,0.2777777777777778,1.0,0,,18,3,15,1.365965054966229,1.1473285254411183,1.0,1.0
Zm00001eb339970,1,0.6111111111111112,0.6111111111111112,0.3137254901960784,0,0.21428571428571427,18,13,5,0.6712533458529576,0.8933577369015944,0.3137254901960784,1.0
Zm00001eb339990,1,0.6666666666666666,0.6666666666666666,1.0,0,4.0,6,3,3,0.9800530322688047,1.1433494421837296,1.0,1.0
Zm00001eb340000,1,0.5555555555555556,0.5555555555555556,1.0,0,0.75,18,10,8,0.8958556755821436,1.0908080846640391,1.0,1.0
Zm00001eb340140,1,0.5882352941176471,0.5882352941176471,0.6436651583710409,0,0.5714285714285714,17,7,10,0.9577613068053584,1.2072565080436795,0.6436651583710409,1.0
Zm00001eb340160,3,0.6333333333333333,0.75,0.44736842105263164,0,0.41964285714285715,20,5,15,0.4629311898052026,0.44740383709066067,0.7810959277187609,1.0
Zm00001eb340280,2,0.4565217391304348,0.4782608695652174,1.0,0,1.4848484848484849,23,3,20,1.9169904079506173,1.4341101561900185,1.0,1.0
Zm00001eb340520,1,0.6666666666666666,0.6666666666666666,1.0,0,2.5,9,6,3,0.15885651978318724,0.17176131430372074,1.0,1.0
Zm00001eb340550,1,0.6,0.6,0.5692307692307692,0,2.8,15,7,8,0.7259521288617355,0.8721410712010255,0.5692307692307692,1.0
Zm00001eb340570,3,0.5238095238095238,0.8095238095238095,0.3864661654135339,0,0.5178571428571428,21,18,3,1.690915286283845,1.453343644924666,0.9285377600463263,1.0
Zm00001eb340650,4,0.703125,0.8125,0.019230769230769235,1,1.5575757575757576,16,12,4,0.5018359742664426,0.5271240539241011,0.21884779646299707,1.0
Zm00001eb341940,1,0.7692307692307693,0.7692307692307693,0.06993006993006994,0,,13,7,6,0.2309460039435449,0.3364511635572029,0.06993006993006994,1.0
Zm00001eb341960,1,0.7272727272727273,0.7272727272727273,1.0,0,1.875,22,17,5,0.2494399036215639,0.2759920797123735,1.0,1.0
Zm00001eb342190,1,0.6,0.6,0.6499166468206716,0,0.42857142857142855,20,10,10,0.4241497646946688,0.6644795416511816,0.6499166468206716,1.0
Zm00001eb342270,1,0.6153846153846154,0.6153846153846154,0.2307692307692308,0,,13,5,8,2.694475937953326,3.0459266925342368,0.2307692307692308,1.0
Zm00001eb342290,1,0.5652173913043478,0.5652173913043478,0.12433257055682684,0,,23,7,16,0.4018667238018634,0.47617198171529684,0.12433257055682684,1.0
Zm00001eb342360,1,0.6666666666666666,0.6666666666666666,1.0,0,1.75,12,9,3,0.2671237649923201,0.24082624443477166,1.0,1.0
Zm00001eb342390,1,0.38095238095238093,0.38095238095238093,1.0,0,,21,6,15,0.7254532664866499,0.6850807759791043,1.0,1.0
Zm00001eb342430,2,0.5789473684210527,0.6842105263157895,0.16374269005847952,0,0.8888888888888888,19,11,8,0.23182640397707444,0.2877844629682125,0.4600283818547881,1.0
Zm00001eb342490,1,0.7142857142857143,0.7142857142857143,0.5054945054945055,0,0.3333333333333333,14,4,10,0.19185822669826383,0.2197846453677854,0.5054945054945055,1.0
Zm00001eb342620,2,0.5294117647058824,0.5882352941176471,0.2445054945054945,0,2.0,17,5,12,0.21635388033538971,0.240728724896703,0.5888957618503009,1.0
Zm00001eb342910,1,0.45454545454545453,0.45454545454545453,1.0,0,0.8333333333333334,11,8,3,0.6615767322510723,0.7931455002339771,1.0,1.0
Zm00001eb343390,1,0.5714285714285714,0.5714285714285714,1.0,0,0.4166666666666667,14,11,3,0.727243978366943,0.6447193899294741,1.0,1.0
Zm00001eb343460,1,0.5882352941176471,0.5882352941176471,0.5764705882352941,0,3.5,17,8,9,0.2626853532389162,0.3428162347630525,0.5764705882352941,1.0
Zm00001eb343570,1,0.6842105263157895,0.6842105263157895,0.5695734434124526,0,2.4444444444444446,19,5,14,0.4023102442795004,0.4775895037912958,0.5695734434124526,1.0
Zm00001eb343590,1,0.625,0.625,0.11858974358974361,0,,16,11,5,0.27001261670582105,0.3004307658037215,0.11858974358974361,1.0
Zm00001eb344070,1,0.631578947368421,0.631578947368421,0.5459236326109389,0,3.3333333333333335,19,8,11,0.24896824761673098,0.30067888040758467,0.5459236326109389,1.0
Zm00001eb344300,1,0.7391304347826086,0.7391304347826086,0.5392433653303219,0,0.5,23,18,5,0.29227181953215947,0.23609556476483398,0.5392433653303219,1.0
Zm00001eb344340,1,0.6521739130434783,0.6521739130434783,0.22129492529277153,0,3.3333333333333335,23,13,10,0.30581674211351884,0.3867459184992814,0.22129492529277153,1.0
Zm00001eb344420,1,0.8571428571428571,0.8571428571428571,0.14285714285714285,0,,7,3,4,0.6320053874431576,0.7700402455136623,0.14285714285714285,1.0
Zm00001eb344530,1,0.6086956521739131,0.6086956521739131,0.6430205949656751,0,1.8333333333333333,23,14,9,0.7964699025423778,0.9113505758295433,0.6430205949656751,1.0
Zm00001eb344710,1,0.5,0.5,1.0,0,1.25,22,8,14,0.4328120054720156,0.5296731193748079,1.0,1.0
Zm00001eb344820,2,0.7291666666666666,0.7916666666666666,0.05928853754940711,0,6.4,24,7,17,0.19195734758152536,0.2641500431260687,0.2267987719935955,1.0
Zm00001eb345070,1,0.5714285714285714,0.5714285714285714,0.627039627039627,0,0.5,14,8,6,0.14697485968909807,0.17526692574625083,0.627039627039627,1.0
Zm00001eb345250,1,0.6153846153846154,0.6153846153846154,1.0,0,1.1666666666666667,13,10,3,0.15585489626714868,0.1276636145204191,1.0,1.0
Zm00001eb345270,3,0.5952380952380952,0.6428571428571429,0.5054945054945055,0,0.75,14,10,4,0.600673896448279,0.8233190976495385,0.9679860297057483,1.0
Zm00001eb345610,1,0.55,0.55,1.0,0,0.5833333333333334,20,10,10,0.15516413320507982,0.19932673090785696,1.0,1.0
Zm00001eb345750,1,0.5,0.5,1.0,0,1.0,24,12,12,0.577013479872306,0.6546065893072079,1.0,1.0
Zm00001eb345770,3,0.611111111111111,0.6666666666666666,0.6674131270981454,0,0.9111111111111111,24,16,8,0.8732340304588524,1.0597173163675884,0.9918385805874327,1.0
Zm00001eb345900,1,0.5217391304347826,0.5217391304347826,1.0,0,1.4583333333333333,23,8,15,0.28260567126158165,0.36763379405276364,1.0,1.0
Zm00001eb345950,1,0.6086956521739131,0.6086956521739131,0.6500201911428187,0,0.45,23,16,7,1.0565016455818892,1.0469706289699008,0.6500201911428187,1.0
Zm00001eb346120,3,0.48484848484848486,0.6363636363636364,0.3107769423558897,0,0.38749999999999996,22,17,5,0.13829825906808266,0.15130558637026212,0.7322830291627551,1.0
Zm00001eb346570,1,0.625,0.625,0.4136492125454301,0,0.35714285714285715,24,11,13,0.6433382393196413,0.8172884870064238,0.4136492125454301,1.0
Zm00001eb346590,2,0.525,0.65,1.0,0,1.0984848484848484,20,14,6,0.45185052471619647,0.5077434593863412,1.0,1.0
Zm00001eb346620,2,0.6904761904761905,0.7142857142857143,0.15882352941176472,0,3.355769230769231,21,7,14,0.5595756702573674,0.6615048920693881,0.45105272010729547,1.0
Zm00001eb346810,1,0.6666666666666666,0.6666666666666666,0.5580808080808082,0,3.75,12,7,5,0.28281781815414203,0.38522528129712247,0.5580808080808082,1.0
Zm00001eb347000,1,0.5789473684210527,0.5789473684210527,1.0,0,0.6666666666666666,19,4,15,0.2789543979364986,0.2366631009897646,1.0,1.0
Zm00001eb347190,1,0.6666666666666666,0.6666666666666666,1.0,0,2.2,18,6,12,0.5766430320466535,0.5612009184946227,1.0,1.0
Zm00001eb347420,2,0.6499999999999999,0.7,1.0,0,2.125,10,7,3,0.4254649828493756,0.3847700900839603,1.0,1.0
Zm00001eb347530,1,0.5384615384615384,0.5384615384615384,0.48717948717948717,0,,13,8,5,0.9582193045145666,1.2297942689636612,0.48717948717948717,1.0
Zm00001eb347600,1,0.5555555555555556,0.5555555555555556,0.5,0,,9,6,3,0.26222415728254056,0.25452893183348296,0.5,1.0
Zm00001eb347620,1,0.6153846153846154,0.6153846153846154,1.0,0,0.8571428571428571,13,4,9,0.3153907107350061,0.3922365399151125,1.0,1.0
Zm00001eb347670,1,0.45,0.45,0.5304437564499483,0,,20,16,4,0.20766728197471157,0.22586214173683877,0.5304437564499483,1.0
Zm00001eb347680,1,0.5,0.5,0.2674922600619195,0,,20,16,4,0.5428903588205756,0.49264329740279705,0.2674922600619195,1.0
Zm00001eb348290,1,0.625,0.625,0.23351648351648352,0,,16,6,10,1.049043792762148,1.2902934405640818,0.23351648351648352,1.0
Zm00001eb348450,2,0.6,0.6,0.3742260061919505,0,0.34285714285714286,20,11,9,0.37485639758475886,0.4649819722963777,0.4153444716123039,1.0
Zm00001eb348550,1,0.3333333333333333,0.3333333333333333,1.0,0,,21,17,4,0.6001991063558942,0.7051400731938255,1.0,1.0
Zm00001eb348580,1,0.47619047619047616,0.47619047619047616,1.0,0,0.75,21,6,15,0.7594091883995251,0.8640658721390939,1.0,1.0
Zm00001eb348600,1,0.35714285714285715,0.35714285714285715,1.0,0,,14,11,3,0.4257197706667754,0.5152417152889003,1.0,1.0
Zm00001eb348620,2,0.5384615384615384,0.5384615384615384,1.0,0,1.3333333333333333,13,6,7,0.4868110650701886,0.628027537671278,1.0,1.0
Zm00001eb348730,1,0.5909090909090909,0.5909090909090909,0.5714285714285714,0,2.75,22,12,10,0.46022838026155044,0.6487348010482012,0.5714285714285714,1.0
Zm00001eb348760,1,0.625,0.625,0.5692307692307692,0,4.2,16,8,8,0.8991513828359194,1.1755960486691732,0.5692307692307692,1.0
Zm00001eb348810,2,0.625,0.6875,0.3146853146853147,0,3.666666666666667,16,8,8,0.4603483272689713,0.5607588481762874,0.6785188553988213,1.0
Zm00001eb348890,2,0.8055555555555556,0.8333333333333334,0.10784313725490195,0,9.5,18,4,14,0.18062519461538287,0.22485228622010195,0.10309776836867612,1.0
Zm00001eb348980,1,0.6086956521739131,0.6086956521739131,0.1156646557104223,0,,23,14,9,0.34706996300969856,0.3923269656313509,0.1156646557104223,1.0
Zm00001eb349030,2,0.6111111111111112,0.6666666666666666,0.5,0,0.4,9,6,3,0.4874679200301864,0.48017515225465274,0.8465735902799727,1.0
Zm00001eb349050,1,0.6521739130434783,0.6521739130434783,1.0,0,0.5,23,15,8,0.23117818107328889,0.27153220168498715,1.0,1.0
Zm00001eb349090,2,0.6578947368421053,0.6842105263157895,1.0,0,0.6628787878787878,19,6,13,0.28921763447318666,0.3064929329360915,1.0,1.0
Zm00001eb349120,1,0.6521739130434783,0.6521739130434783,0.19302732534661465,0,4.166666666666667,23,12,11,0.7828021860785704,1.0101334344473194,0.19302732534661465,1.0
Zm00001eb349130,2,0.6363636363636364,0.6363636363636364,0.5454545454545454,0,2.25,11,7,4,0.3209194272103652,0.3126960625600905,0.8760740746747175,1.0
Zm00001eb349140,2,0.7142857142857142,0.7619047619047619,0.023735810113519093,1,0.15674603174603174,21,13,8,0.44735428186070936,0.5311606676512465,0.06771143287577429,1.0
Zm00001eb349170,1,0.5454545454545454,0.5454545454545454,0.35009147199549684,0,0.25,22,7,15,0.36114479324385423,0.4052222500110086,0.35009147199549684,1.0
Zm00001eb349480,2,0.6666666666666666,0.6666666666666666,1.0,0,1.25,24,3,21,0.20198250530631603,0.16449106364463978,1.0,1.0
Zm00001eb349490,2,0.6052631578947368,0.7368421052631579,0.12874097007223942,0,3.7333333333333334,19,7,12,0.7536764059422234,0.9678364454387622,0.3926538920929593,1.0
Zm00001eb349760,1,0.45,0.45,0.5304437564499483,0,,20,4,16,0.9233503290817688,0.8220228442395213,0.5304437564499483,1.0
Zm00001eb349770,1,0.7368421052631579,0.7368421052631579,0.27218782249742,0,4.0,19,15,4,0.20653244533109252,0.21782864315388584,0.27218782249742,1.0
Zm00001eb349860,1,0.6842105263157895,0.6842105263157895,1.0,0,1.5,19,16,3,0.4347413398445174,0.3329461979738185,1.0,1.0
Zm00001eb349880,3,0.6923076923076924,0.8461538461538461,0.03185703185703186,1,0.3119047619047619,13,8,5,0.35053216664731346,0.4303687724378444,0.24243994051276604,1.0
Zm00001eb350050,2,0.6,0.7,0.1473684210526316,0,,20,12,8,0.1838862299858443,0.2296409000262657,0.2638232847129366,1.0
Zm00001eb350100,1,0.8181818181818182,0.8181818181818182,0.15151515151515152,0,14.0,11,3,8,0.8911627642999146,0.8115617338725372,0.15151515151515152,1.0
Zm00001eb350170,1,0.625,0.625,0.6083916083916084,0,0.3333333333333333,16,8,8,0.4431062099861922,0.6063180025208165,0.6083916083916084,1.0
Zm00001eb350240,1,0.6666666666666666,0.6666666666666666,0.20598330865526993,0,0.25,24,13,11,0.23610528197206423,0.33833884988192947,0.20598330865526993,1.0
Zm00001eb350430,1,0.5909090909090909,0.5909090909090909,0.6619195046439629,0,1.8,22,9,13,0.3840209550147145,0.4251579671448749,0.6619195046439629,1.0
Zm00001eb350620,1,0.5,0.5,1.0,0,1.0,20,4,16,0.815251212866235,0.8062029553194251,1.0,1.0
Zm00001eb350630,4,0.6375,0.9,0.031578947368421054,1,1.6085470085470084,20,4,16,0.19625689007376196,0.20575418746283128,0.44615189546180756,1.0
Zm00001eb350650,2,0.6,0.6,0.6424148606811148,0,0.595959595959596,20,12,8,0.2889890490904925,0.32507381528691703,0.9266969166780805,1.0
Zm00001eb350660,1,0.5,0.5,1.0,0,1.0,18,12,6,0.43862941812675177,0.5466368714617694,1.0,1.0
Zm00001eb350700,1,0.5454545454545454,0.5454545454545454,1.0,0,1.2857142857142858,22,16,6,0.6343281553898866,0.5666220993347788,1.0,1.0
Zm00001eb350710,1,0.5,0.5,0.26315789473684215,0,,22,15,7,0.28761235671522295,0.3419218699862611,0.26315789473684215,1.0
Zm00001eb350910,1,0.6363636363636364,0.6363636363636364,0.1948051948051948,0,,22,10,12,0.47282307431760506,0.7656710239355136,0.1948051948051948,1.0
Zm00001eb351010,1,0.7,0.7,0.5597910216718266,0,2.6666666666666665,20,5,15,0.34799071897190037,0.4883802993513454,0.5597910216718266,1.0
Zm00001eb351020,1,0.5217391304347826,0.5217391304347826,0.6105679217807365,0,3.2,23,18,5,1.1191276346976593,1.1614635402064066,0.6105679217807365,1.0
Zm00001eb351050,2,0.75,0.75,0.0808080808080808,0,,12,5,7,0.7771608354537382,1.0791978574708736,0.06614934750519909,1.0
Zm00001eb351090,2,0.33333333333333337,0.375,0.5440429136081311,0,,24,5,19,0.35780561474825134,0.40994292593280013,0.8752166058475582,1.0
Zm00001eb351400,1,0.6842105263157895,0.6842105263157895,1.0,0,1.5,19,14,5,0.7070348797785357,0.9219730318105296,1.0,1.0
Zm00001eb351410,1,0.4583333333333333,0.4583333333333333,1.0,0,2.0,24,9,15,0.2423715566018614,0.39852449956207187,1.0,1.0
Zm00001eb351430,1,0.4444444444444444,0.4444444444444444,1.0,0,1.0,9,6,3,0.8857428785585215,1.1112269438220561,1.0,1.0
Zm00001eb351490,2,0.42857142857142855,0.47619047619047616,0.2776057791537668,0,,21,5,16,0.8847080701537564,0.9350684587305572,0.4390457149647904,1.0
Zm00001eb351570,3,0.5416666666666666,0.7083333333333334,0.5392433653303219,0,0.8125,24,18,6,0.3868557542752165,0.5179114513874058,0.9751115934749084,1.0
Zm00001eb351630,3,0.5185185185185185,0.6111111111111112,0.27777777777777773,0,2.4,18,13,5,0.1413950833958063,0.19341347601250827,0.5622163299834546,1.0
Zm00001eb351640,1,0.5294117647058824,0.5294117647058824,1.0,0,1.1666666666666667,17,13,4,2.5493589578129603,1.7620222876246372,1.0,1.0
Zm00001eb351780,4,0.6785714285714286,0.7619047619047619,0.05552115583075335,0,4.370238095238095,21,8,13,0.21686694887811037,0.2441933173037356,0.2463771309450158,1.0
Zm00001eb351790,2,0.5217391304347826,0.5217391304347826,0.660019614253024,0,0.8145833333333333,23,13,10,0.730625238271548,0.8781479714426527,0.9342483427483018,1.0
Zm00001eb351800,2,0.6071428571428572,0.6428571428571429,0.22077922077922074,0,,14,5,9,0.9377894259773224,0.9847548499561808,0.22032941910719278,1.0
Zm00001eb351830,1,0.43478260869565216,0.43478260869565216,1.0,0,2.0833333333333335,23,6,17,0.24496431517793946,0.2700601783057467,1.0,1.0
Zm00001eb351870,1,0.3125,0.3125,1.0,0,,16,13,3,1.3109053897692713,1.099439001511656,1.0,1.0
Zm00001eb351960,7,0.6493506493506492,0.7727272727272727,0.16883116883116883,0,3.7743764172335603,22,16,6,0.6963953668915178,1.6640967127931265,0.5491636768279986,1.0
Zm00001eb351980,1,0.5333333333333333,0.5333333333333333,0.5164835164835164,0,,15,4,11,0.5689520396479596,0.7243787572534879,0.5164835164835164,1.0
Zm00001eb352260,2,0.3684210526315789,0.42105263157894735,1.0,0,0.8333333333333334,19,3,16,0.3317527768797106,0.3786217929135213,1.0,1.0
Zm00001eb352310,1,0.6666666666666666,0.6666666666666666,1.0,0,0.7692307692307693,21,6,15,0.41304689267218736,0.44505364446405205,1.0,1.0
Zm00001eb352350,1,0.7333333333333333,0.7333333333333333,0.4761904761904762,0,3.3333333333333335,15,11,4,0.21719327936809057,0.24808510251279853,0.4761904761904762,1.0
Zm00001eb352360,2,0.4666666666666667,0.4666666666666667,0.5238095238095238,0,,15,10,5,0.5284679455130082,0.6801773186983745,0.6292149068296208,1.0
Zm00001eb352370,3,0.5964912280701754,0.631578947368421,0.10319917440660475,0,1.4285714285714286,19,11,8,1.162975047474852,1.4504521220789388,0.6037182014020408,1.0
Zm00001eb352470,2,0.4523809523809524,0.5238095238095238,0.545530492898914,0,0.8888888888888888,21,4,17,0.864404163216586,0.8243549093552806,0.876120103852838,1.0
Zm00001eb352500,1,0.5,0.5,1.0,0,0.7,18,11,7,0.6587879950349138,0.8446300656407806,1.0,1.0
Zm00001eb352700,2,0.6071428571428572,0.7142857142857143,0.1923076923076923,0,,14,11,3,1.3681462499726353,1.3585777929137757,0.3237961323717166,1.0
Zm00001eb352720,1,0.3684210526315789,0.3684210526315789,1.0,0,1.0909090909090908,19,14,5,1.30301733716933,1.299347621443919,1.0,1.0
Zm00001eb352760,2,0.4523809523809524,0.6190476190476191,1.0,0,1.0,21,18,3,1.3639723194348692,1.004015136020989,1.0,1.0
Zm00001eb352780,2,0.42105263157894735,0.5263157894736842,0.2631578947368421,0,,19,3,16,0.8532141242789378,1.1036170234523681,0.6144739649295632,1.0
Zm00001eb352790,1,0.5789473684210527,0.5789473684210527,0.6284829721362228,0,2.3333333333333335,19,9,10,0.512131391894165,0.5925602387686995,0.6284829721362228,1.0
Zm00001eb352860,2,0.5476190476190477,0.8095238095238095,0.3864661654135338,0,0.25,21,3,18,0.44670357796842597,0.3567021698745229,0.753883782902982,1.0
Zm00001eb353030,1,0.5238095238095238,0.5238095238095238,1.0,0,0.8,21,12,9,0.37536946797964305,0.47155538876659253,1.0,1.0
Zm00001eb353070,1,0.5454545454545454,0.5454545454545454,1.0,0,0.6666666666666666,11,5,6,0.8115408809677759,0.863641508168595,1.0,1.0
Zm00001eb353080,2,0.6,0.6,0.5804195804195804,0,4.0,15,5,10,1.283104802553501,1.9871259488581252,0.703422535160618,1.0
Zm00001eb353170,1,0.5882352941176471,0.5882352941176471,1.0,0,0.6666666666666666,17,7,10,0.7484592196199753,1.0381042123055775,1.0,1.0
Zm00001eb353320,2,0.5833333333333333,0.6666666666666666,0.15158371040723984,0,3.85,18,12,6,0.2930671281029928,0.38654069800974117,0.4375641552036451,1.0
Zm00001eb353330,1,0.7777777777777778,0.7777777777777778,0.44240196078431376,0,0.3076923076923077,18,15,3,0.4694647945877579,0.43282490891392733,0.44240196078431376,1.0
Zm00001eb353340,1,0.5,0.5,1.0,0,1.0,6,3,3,0.2992872249762398,0.3754065639785323,1.0,1.0
Zm00001eb353450,1,0.35,0.35,1.0,0,,20,15,5,0.32435247274707557,0.35603322261671416,1.0,1.0
Zm00001eb353500,1,0.5714285714285714,0.5714285714285714,1.0,0,1.35,21,7,14,0.9331069145578018,1.0637959852859138,1.0,1.0
Zm00001eb353510,1,0.5238095238095238,0.5238095238095238,1.0,0,0.7,21,13,8,0.26174943476054197,0.3336698875951374,1.0,1.0
Zm00001eb353550,1,0.7619047619047619,0.7619047619047619,0.48872180451127817,0,2.5,21,18,3,0.7793480279334727,0.8114021978771374,0.48872180451127817,1.0
Zm00001eb353590,2,0.5952380952380952,0.7142857142857143,1.0,0,1.1875,21,18,3,0.2495206082821957,0.24421965160748893,1.0,1.0
Zm00001eb353680,1,0.6842105263157895,0.6842105263157895,1.0,0,0.75,19,15,4,0.1979145560248085,0.19703419526054583,1.0,1.0
Zm00001eb353710,1,0.6153846153846154,0.6153846153846154,1.0,0,1.1666666666666667,13,9,4,0.7716940117958667,0.9638421206375033,1.0,1.0
Zm00001eb353810,1,0.55,0.55,0.5913312693498453,0,0.3333333333333333,20,9,11,0.20268743333817768,0.2759162499264694,0.5913312693498453,1.0
Zm00001eb353850,1,0.5,0.5,0.26749226006191956,0,,20,6,14,0.369662824172876,0.4777748862821214,0.26749226006191956,1.0
Zm00001eb353960,1,0.7058823529411765,0.7058823529411765,0.514705882352941,0,5.0,17,14,3,0.3915336329967006,0.3488721222917613,0.514705882352941,1.0
Zm00001eb354100,1,0.75,0.75,0.21428571428571427,0,6.666666666666667,16,3,13,0.1410299737836234,0.1574721772922114,0.21428571428571427,1.0
Zm00001eb354210,2,0.575,0.75,0.4473684210526315,0,0.48660714285714285,20,15,5,0.40500573490449304,0.4106519366078288,0.8072194175366548,1.0
Zm00001eb354230,2,0.4,0.4,0.5376676986584108,0,1.3636363636363635,20,16,4,0.12030927399401685,0.12074365698416689,0.8712983395681992,1.0
Zm00001eb354380,1,0.6363636363636364,0.6363636363636364,0.5454545454545454,0,3.3333333333333335,11,6,5,0.4665485141304698,0.5647894402465005,0.5454545454545454,1.0
Zm00001eb354450,2,0.325,0.4,1.0,0,0.9166666666666666,20,17,3,0.49915386516531396,0.48784923820383036,1.0,1.0
Zm00001eb354470,3,0.75,0.75,0.4545454545454546,0,0.25,12,3,9,0.13308177829779025,0.1053367279324229,0.5787814258170059,1.0
Zm00001eb354610,2,0.4375,0.5,1.0,0,2.142857142857143,16,12,4,0.4454414286613889,0.746437266441589,1.0,1.0
Zm00001eb354640,2,0.6190476190476191,0.7142857142857143,0.5528035775713794,0,0.5064102564102564,21,5,16,0.1836714401002632,0.20218215252759378,0.8804792994351327,1.0
Zm00001eb354720,1,0.7333333333333333,0.7333333333333333,0.14285714285714285,0,,15,6,9,0.3183364282590529,0.3992819791619323,0.14285714285714285,1.0
Zm00001eb354830,1,0.6153846153846154,0.6153846153846154,1.0,0,0.5,13,4,9,0.629688565863352,0.6249070381264434,1.0,1.0
Zm00001eb354850,1,0.6842105263157895,0.6842105263157895,0.3201017249004865,0,3.3333333333333335,19,13,6,0.15440999718203466,0.2028801097618518,0.3201017249004865,1.0
Zm00001eb354870,4,0.5833333333333333,0.6190476190476191,0.3614551083591332,0,1.3990740740740741,21,11,10,0.5520122752659523,0.6313116664408697,0.731962566448561,1.0
Zm00001eb354940,1,0.5384615384615384,0.5384615384615384,1.0,0,1.25,13,6,7,0.26223862655557184,0.34533203411942387,1.0,1.0
Zm00001eb354950,1,0.6153846153846154,0.6153846153846154,1.0,0,1.75,13,8,5,0.6008449033938403,0.7387630828317467,1.0,1.0
Zm00001eb355240,1,0.5625,0.5625,1.0,0,1.1666666666666667,16,11,5,0.503761579898206,0.6585476160008705,1.0,1.0
Zm00001eb355350,1,0.8888888888888888,0.8888888888888888,0.0392156862745098,1,,18,14,4,0.11886442495072098,0.11776142043869722,0.0392156862745098,1.0
Zm00001eb355580,4,0.5,0.7,0.27017543859649124,0,2.8579365079365076,20,17,3,0.2776399627995454,0.22430282016667907,0.8784030833861354,1.0
Zm00001eb355590,1,0.6,0.6,1.0,0,0.75,20,7,13,0.4045612749663709,0.5372303498038946,1.0,1.0
Zm00001eb355650,4,0.6153846153846154,0.6923076923076923,0.2861305361305361,0,0.3222222222222222,13,7,6,0.3463434198973146,0.45431239533201595,0.7348447704850729,1.0
Zm00001eb355660,4,0.5694444444444444,0.7222222222222222,1.0,0,1.5185185185185184,18,14,4,0.22665524435635806,0.22547034166050095,1.0,1.0
Zm00001eb355670,5,0.58,0.75,0.4473684210526315,0,0.5677197802197802,20,15,5,0.5077467421402452,0.49497734229275875,0.9985548623977422,1.0
Zm00001eb355740,2,0.6,0.7,0.28979618163054693,0,0.24242424242424243,20,13,7,0.6106089474462972,0.7091269403346051,0.4364600205025221,1.0
Zm00001eb355750,3,0.6491228070175438,0.6842105263157895,0.3034055727554179,0,1.0648148148148149,19,15,4,1.058340784603868,1.0524093368168816,0.4299300831051206,1.0
Zm00001eb355810,2,0.6,0.7,0.06966738112248949,0,6.066666666666667,20,8,12,0.2725826402483074,0.361626451135425,0.17859930509942148,1.0
Zm00001eb355820,1,0.7333333333333333,0.7333333333333333,0.23516483516483516,0,0.125,15,9,6,0.16522360174697276,0.18868509189483118,0.23516483516483516,1.0
Zm00001eb356080,1,0.5789473684210527,0.5789473684210527,0.3330753353973168,0,0.23333333333333334,19,12,7,0.219770192332368,0.25666679923390423,0.3330753353973168,1.0
Zm00001eb356090,2,0.7105263157894737,0.7368421052631579,0.2621259029927761,0,0.29924242424242425,19,6,13,0.23455968043508152,0.2615334396615572,0.6130942286868384,1.0
Zm00001eb356100,2,0.75,0.8125,0.01923076923076923,1,6.0,16,4,12,0.3237169613416333,0.3018616528702184,0.031648254424601896,1.0
Zm00001eb356130,1,0.5625,0.5625,1.0,0,0.5555555555555556,16,11,5,0.8081786282046719,1.365462095641172,1.0,1.0
Zm00001eb356260,1,0.38095238095238093,0.38095238095238093,1.0,0,,21,6,15,0.14320754367200464,0.1884751518016325,1.0,1.0
Zm00001eb356280,2,0.5526315789473684,0.5789473684210527,0.6499166468206716,0,0.6428571428571428,19,12,7,0.5068698861755135,0.9021336546885426,0.9299729829897851,1.0
Zm00001eb356300,1,0.6190476190476191,0.6190476190476191,0.5533834586466165,0,0.3181818181818182,21,12,9,0.6811499357625751,0.8643837844906821,0.5533834586466165,1.0
Zm00001eb356350,1,0.6666666666666666,0.6666666666666666,0.1486068111455108,0,0.15,21,11,10,0.4505223803999421,0.9716411469906404,0.1486068111455108,1.0
Zm00001eb356360,1,0.6190476190476191,0.6190476190476191,1.0,0,1.0,21,14,7,0.21216234514208043,0.26600078113962483,1.0,1.0
Zm00001eb356430,7,0.619047619047619,0.7142857142857143,0.0631578947368421,0,1.5999999999999999,21,9,12,0.7017759750917497,0.8399003236596814,0.3489621348777403,1.0
Zm00001eb356450,1,0.5294117647058824,0.5294117647058824,1.0,0,1.125,17,7,10,1.5964100223489899,2.089645275454419,1.0,1.0
Zm00001eb356500,1,0.7,0.7,0.08668730650154799,0,,20,10,10,0.1424075745876594,0.19556978851879003,0.08668730650154799,1.0
Zm00001eb356690,2,0.6875,0.75,0.46428571428571436,0,0.22916666666666666,8,3,5,0.2173027894997507,0.2233094961840057,0.8205113209027741,1.0
Zm00001eb356780,1,0.4444444444444444,0.4444444444444444,0.5294117647058824,0,,18,12,6,0.36258925312124063,0.4437659595069648,0.5294117647058824,1.0
Zm00001eb357050,2,0.375,0.45,0.5210526315789474,0,,20,3,17,0.40243669709753893,0.4305003119388314,0.860729042002967,1.0
Zm00001eb357070,1,0.45454545454545453,0.45454545454545453,1.0,0,0.8333333333333334,11,8,3,1.2183616558159063,1.2531486915327632,1.0,1.0
Zm00001eb357090,2,0.6428571428571428,0.7142857142857143,1.0,0,2.325,14,11,3,0.2172051313450473,0.3741011922891088,1.0,1.0
Zm00001eb357100,1,0.5,0.5,1.0,0,1.0,18,14,4,0.7496293973145689,0.6957236091424682,1.0,1.0
Zm00001eb357160,1,0.5,0.5,0.6185758513931889,0,2.3333333333333335,20,12,8,0.5987748977594459,1.372937452550445,0.6185758513931889,1.0
Zm00001eb357210,1,0.6111111111111112,0.6111111111111112,0.6304675716440424,0,0.42857142857142855,18,10,8,0.3272577897460478,0.3735510113979373,0.6304675716440424,1.0
Zm00001eb357250,3,0.4603174603174603,0.7619047619047619,0.2280701754385965,0,0.21428571428571427,21,4,17,0.40266683239130785,0.38757823936979313,0.8143233159344467,1.0
Zm00001eb357290,4,0.5875,0.7,0.07027863777089782,0,3.025,20,11,9,0.8533931398148124,1.14145429452105,0.5279557696079665,1.0
Zm00001eb357310,3,0.7222222222222223,0.9166666666666666,0.045454545454545456,1,0.0625,12,3,9,0.373291726716165,0.4689546143947116,0.11238422363614668,1.0
Zm00001eb357330,1,0.4,0.4,1.0,0,1.3636363636363635,20,14,6,0.1339677293388796,0.15493485409124802,1.0,1.0
Zm00001eb357340,1,0.5789473684210527,0.5789473684210527,1.0,0,1.4285714285714286,19,11,8,0.5079571430587475,0.6408784421575398,1.0,1.0
Zm00001eb357410,1,0.5909090909090909,0.5909090909090909,1.0,0,0.6666666666666666,22,9,13,0.0768261417823718,0.10571625894957622,1.0,1.0
Zm00001eb357510,2,0.7894736842105263,0.7894736842105263,0.1547987616099071,0,0.20054945054945056,19,3,16,0.35895776127704077,0.4221708657825851,0.24359240454392223,1.0
Zm00001eb357520,1,0.4375,0.4375,1.0,0,0.6666666666666666,16,11,5,0.6747049196049805,1.2757265728855711,1.0,1.0
Zm00001eb357530,2,0.5952380952380952,0.6190476190476191,0.3614551083591331,0,1.025,21,10,11,0.15150030408852938,0.19823054857879918,0.5855616826183381,1.0
Zm00001eb357620,3,0.5789473684210527,0.631578947368421,0.6026831785345717,0,0.4587742504409171,19,11,8,0.19929069342752612,0.23976948579303362,0.9173427204624951,1.0
Zm00001eb357640,1,0.7142857142857143,0.7142857142857143,0.13333333333333333,0,,21,8,13,0.3341816153497584,0.441642335809202,0.13333333333333333,1.0
Zm00001eb357710,1,0.6363636363636364,0.6363636363636364,0.05365686944634313,0,,22,17,5,0.19379220921843732,0.1816040502519908,0.05365686944634313,1.0
Zm00001eb357740,3,0.6666666666666666,0.7272727272727273,0.49090909090909096,0,0.16666666666666666,11,4,7,0.041547501949147726,0.04816563686853952,0.6403272392237984,1.0
Zm00001eb357760,4,0.5326086956521738,0.5652173913043478,1.0,0,1.0272727272727273,23,9,14,0.3248491743423342,0.4845670210793276,1.0,1.0
Zm00001eb357790,4,0.5543478260869565,0.5652173913043478,0.6404053612291598,0,0.6300505050505051,23,11,12,0.14669224287393395,0.21043993485157064,0.9611647096593349,1.0
Zm00001eb357970,4,0.45,0.55,0.6424148606811144,0,1.4595959595959596,20,14,6,0.18520107948254744,0.21147243589483838,0.9988755513070592,1.0
Zm00001eb358100,1,0.5217391304347826,0.5217391304347826,1.0,0,0.875,23,8,15,0.25549700016046245,0.3224373701569786,1.0,1.0
Zm00001eb358420,2,0.7142857142857142,0.7619047619047619,0.1842105263157895,0,1.4464285714285714,21,15,6,0.6883390035924775,0.8086562831798076,0.24342512624000986,1.0
Zm00001eb358460,1,0.4166666666666667,0.4166666666666667,1.0,0,,12,3,9,1.3430136802555512,1.9795474984100319,1.0,1.0
Zm00001eb358580,2,0.6521739130434783,0.7391304347826086,0.04743083003952568,1,0.9545454545454546,23,14,9,1.6073439261987414,1.637565496225963,0.19202290145167691,1.0
Zm00001eb358680,3,0.6666666666666666,0.7777777777777778,0.22619047619047622,0,2.033333333333333,9,3,6,0.867900784102079,1.0375591965489792,0.640727190705773,1.0
Zm00001eb358690,2,0.7826086956521738,0.8695652173913043,0.06662902315076226,0,10.4,23,19,4,1.0183064169426368,0.825428139468246,0.15942178633118012,1.0
Zm00001eb358720,2,0.5714285714285714,0.6190476190476191,0.2571428571428572,0,0.5454545454545454,21,13,8,0.13693598898307377,0.1918592823873631,0.4510829454540205,1.0
Zm00001eb358870,1,0.55,0.55,0.6424148606811145,0,0.4666666666666667,20,7,13,0.14090629153233014,0.17035710116493274,0.6424148606811145,1.0
Zm00001eb358910,3,0.47826086956521735,0.5652173913043478,0.525691699604743,0,1.2,23,15,8,0.22968048203829816,0.32944841562458327,0.8603058460455875,1.0
Zm00001eb359240,1,0.5714285714285714,0.5714285714285714,1.0,0,0.5,7,4,3,0.9695843013846338,1.980797885440981,1.0,1.0
Zm00001eb359300,2,0.4285714285714286,0.5,0.5054945054945055,0,,14,3,11,0.5963761123050403,0.7185080582664858,0.8503520116623817,1.0
Zm00001eb359320,2,0.32499999999999996,0.35,1.0,0,1.0,20,4,16,0.617751662174944,0.6125009330437392,1.0,1.0
Zm00001eb359330,1,0.3888888888888889,0.3888888888888889,1.0,0,1.0,18,12,6,0.1953049235414358,0.20822024490559898,1.0,1.0
Zm00001eb359360,1,0.4117647058823529,0.4117647058823529,1.0,0,,17,5,12,0.7369036754786601,0.747545339813069,1.0,1.0
Zm00001eb359400,2,0.6111111111111112,0.6111111111111112,0.6199095022624435,0,2.65,18,9,9,0.3199004934210443,0.38266586900222394,0.7619014784310976,1.0
Zm00001eb359470,4,0.7727272727272727,0.8181818181818182,0.04579630895420368,1,8.777777777777779,22,18,4,0.9164602119414069,0.8652224637718121,0.05557468332725244,1.0
Zm00001eb359510,1,0.42105263157894735,0.42105263157894735,1.0,0,1.2,19,7,12,0.27962160764937605,0.3420269399255156,1.0,1.0
Zm00001eb359530,5,0.5894736842105263,0.631578947368421,0.35206795268714774,0,1.6365079365079365,19,8,11,1.213496932514837,1.564132356733602,0.8096461298155873,1.0
Zm00001eb359540,5,0.6666666666666666,0.75,0.20454545454545459,0,1.5,12,3,9,0.2296531199723544,0.2930371346776292,0.5541943500319481,1.0
Zm00001eb359600,1,0.6363636363636364,0.6363636363636364,0.5757575757575757,0,0.4,11,7,4,0.23631734895879905,0.26898096433213997,0.5757575757575757,1.0
Zm00001eb359640,3,0.5797101449275363,0.6086956521739131,0.3707093821510298,0,0.9166666666666666,23,11,12,0.10909592158948007,0.1357479422575586,0.7016086813481253,1.0
Zm00001eb359660,1,0.55,0.55,0.6424148606811146,0,0.4666666666666667,20,12,8,0.41087928127839196,0.516627347640955,0.6424148606811146,1.0
Zm00001eb359730,2,0.5454545454545454,0.5454545454545454,0.2535885167464114,0,,22,14,8,0.28647879059205994,0.3178288031417198,0.24077136185532572,1.0
Zm00001eb359740,2,0.47619047619047616,0.5238095238095238,0.6126160990712075,0,0.9681818181818183,21,7,14,0.5426308635140887,0.7849201941063512,0.9128082826428031,1.0
Zm00001eb359760,3,0.6666666666666666,0.7272727272727273,0.49090909090909085,0,6.0,11,4,7,0.21249139407660048,0.2697346295616207,0.6403272392237986,1.0
Zm00001eb359990,2,0.41304347826086957,0.43478260869565216,0.5392433653303219,0,2.0833333333333335,23,17,6,0.40920265247163234,0.534214527194845,0.8722737571561314,1.0
Zm00001eb360010,1,0.5555555555555556,0.5555555555555556,1.0,0,1.0666666666666667,18,7,11,0.49971850506647375,0.944747853457428,1.0,1.0
Zm00001eb360020,2,0.5476190476190476,0.6666666666666666,0.3457516339869281,0,0.3,21,14,7,0.4580835447287997,0.6276851442720448,0.4961569586028215,1.0
Zm00001eb360070,1,0.5652173913043478,0.5652173913043478,0.6404053612291598,0,1.875,23,18,5,0.1582924383622987,0.14379642046411698,0.6404053612291598,1.0
Zm00001eb360120,2,0.6153846153846154,0.6153846153846154,0.5594405594405595,0,1.7,13,6,7,0.4222330696735572,0.5515194710572044,0.6972206294865061,1.0
Zm00001eb360130,2,0.5555555555555556,0.6111111111111112,0.5588235294117647,0,2.0,18,8,10,0.35653377523869306,0.45062167585532004,0.8840149812807264,1.0
Zm00001eb360140,2,0.6363636363636364,0.7272727272727273,0.49090909090909085,0,1.2083333333333333,11,7,4,1.609920968206209,1.7973638167694164,0.8401891021665424,1.0
Zm00001eb360160,1,0.5384615384615384,0.5384615384615384,1.0,0,2.0,13,10,3,0.2981155860512529,0.3136113012713711,1.0,1.0
Zm00001eb360180,4,0.65625,0.8125,0.3500000000000001,0,3.857142857142857,16,13,3,0.5976680310127245,0.5275630468677517,0.8387100847934723,1.0
Zm00001eb360190,3,0.5909090909090909,0.6818181818181818,0.177797434763379,0,3.272222222222222,22,9,13,0.29339508861996794,0.3939324685612754,0.35724154921021806,1.0
Zm00001eb360260,7,0.5093167701863354,0.6521739130434783,0.11566465571042228,0,1.4388344988344985,23,18,5,0.5854497540841509,0.5842609238684264,0.8719154675210024,1.0
Zm00001eb360330,3,0.5396825396825397,0.7619047619047619,0.2280701754385965,0,0.2552910052910053,21,17,4,0.3134561653414516,0.2581412221536651,0.6734981814460546,1.0
Zm00001eb360430,2,0.55,0.8,0.3684210526315789,0,0.2,20,4,16,0.5287267166256018,0.6043744416950576,0.7363000953040995,1.0
Zm00001eb360490,1,0.5714285714285714,0.5714285714285714,1.0,0,1.375,21,12,9,0.3873967194435101,0.47708007251379275,1.0,1.0
Zm00001eb360500,1,0.5,0.5,1.0,0,1.0,18,9,9,1.795440376194946,2.394576253616463,1.0,1.0
Zm00001eb360510,1,0.5789473684210527,0.5789473684210527,0.5820433436532508,0,0.3888888888888889,19,9,10,0.5208055737638443,0.6949031968597997,0.5820433436532508,1.0
Zm00001eb360610,1,0.5555555555555556,0.5555555555555556,1.0,0,1.0666666666666667,18,7,11,0.17008513828068578,0.21482994855629423,1.0,1.0
Zm00001eb360690,1,0.5909090909090909,0.5909090909090909,0.3801857585139319,0,0.3333333333333333,22,14,8,0.1554429958068174,0.1828723332420142,0.3801857585139319,1.0
Zm00001eb360740,1,0.4,0.4,1.0,0,1.0,15,5,10,0.613088650250813,0.7107600336107038,1.0,1.0
Zm00001eb360750,3,0.5555555555555556,0.6111111111111112,0.49673202614379075,0,0.54,18,7,11,0.6517284926508436,0.8610485777511745,0.8900223914788795,1.0
Zm00001eb360800,1,0.6363636363636364,0.6363636363636364,0.37616099071207426,0,2.6666666666666665,22,13,9,0.9157578849349821,0.9229943934983721,0.37616099071207426,1.0
Zm00001eb360880,7,0.6122448979591837,0.7142857142857143,0.16483516483516483,0,0.6857142857142857,14,8,6,0.26397444693761224,0.3481055995458471,0.5140381992207903,1.0
Zm00001eb360890,1,0.6470588235294118,0.6470588235294118,0.10294117647058822,0,,17,13,4,0.9024823929327472,0.8909163557032603,0.10294117647058822,1.0
Zm00001eb361110,1,0.29411764705882354,0.29411764705882354,1.0,0,,17,3,14,1.1575573885888042,0.9902372247283544,1.0,1.0
Zm00001eb361300,1,0.5,0.5,1.0,0,1.8,22,10,12,0.19856843160387444,0.402894000046758,1.0,1.0
Zm00001eb361370,2,0.5588235294117647,0.6470588235294118,0.334841628959276,0,2.321428571428571,17,6,11,0.296475769773943,0.3615826893467224,0.701191054367444,1.0
Zm00001eb361480,3,0.5777777777777778,0.6,0.6083916083916083,0,1.6018518518518519,15,10,5,0.39469505681003514,0.5198057085492522,0.9858435175545769,1.0
Zm00001eb361590,1,0.5,0.5,1.0,0,1.3333333333333333,22,5,17,0.2418693590908303,0.25709028680828383,1.0,1.0
Zm00001eb361620,4,0.5568181818181819,0.5909090909090909,0.5939849624060151,0,1.4357142857142857,22,12,10,0.4922073223789675,0.7365039525783846,0.9470605072546221,1.0
Zm00001eb361640,1,0.65,0.65,0.05469556243550052,0,,20,5,15,0.7413030222250536,1.054997343318313,0.05469556243550052,1.0
Zm00001eb361670,2,0.5652173913043479,0.6086956521739131,0.3167701863354037,0,0.6926406926406926,23,12,11,0.3729619929991737,0.46602471836660614,0.6809224555606646,1.0
Zm00001eb361690,1,0.6875,0.6875,1.0,0,0.4,16,5,11,0.5955162191060756,0.6483821071040338,1.0,1.0
Zm00001eb361700,1,0.5,0.5,0.5151515151515152,0,,12,8,4,0.18190402872926179,0.2126321989262611,0.5151515151515152,1.0
Zm00001eb361980,2,0.75,0.7857142857142857,0.17582417582417578,0,6.5,14,10,4,0.8082855350128053,0.8307414276738097,0.31034539910692854,1.0
Zm00001eb362030,1,0.631578947368421,0.631578947368421,0.21052631578947367,0,,19,9,10,0.20269294324521253,0.2550544285901095,0.21052631578947367,1.0
Zm00001eb362110,2,0.6499999999999999,0.7,0.28979618163054693,0,4.348214285714286,20,15,5,0.5180324930036723,0.5374400163998251,0.3124905228165938,1.0
Zm00001eb362180,1,0.7777777777777778,0.7777777777777778,0.44240196078431376,0,0.3076923076923077,18,15,3,0.5359549447632825,0.510103032825488,0.44240196078431376,1.0
Zm00001eb362420,1,0.5238095238095238,0.5238095238095238,0.26212590299277605,0,,21,5,16,0.37404564730826795,1.2649247682314708,0.26212590299277605,1.0
Zm00001eb362480,2,0.5952380952380952,0.6666666666666666,0.09022556390977444,0,0.5,21,10,11,0.25316764924510843,0.3520803483767223,0.3072579679789852,1.0
Zm00001eb362490,3,0.5,0.6428571428571429,1.0,0,1.0277777777777777,14,3,11,0.30794131627728005,0.31672454089403,1.0,1.0
Zm00001eb362570,3,0.5294117647058824,0.5882352941176471,0.3382352941176471,0,3.05,17,5,12,0.4343504078079821,0.48309724432087314,0.7930804251369294,1.0
Zm00001eb362590,1,0.6,0.6,1.0,0,0.6,10,6,4,0.7582228501542749,1.0581943050955802,1.0,1.0
Zm00001eb362640,1,0.22727272727272727,0.22727272727272727,1.0,0,,22,19,3,0.4024825695662004,0.5011447102284421,1.0,1.0
Zm00001eb362650,2,0.75,0.8636363636363636,0.2597402597402597,0,0.5170940170940171,22,3,19,0.846098431252135,0.6968920720458543,0.6098891294284917,1.0
Zm00001eb362740,3,0.5833333333333334,0.65,0.5867905056759546,0,0.903030303030303,20,13,7,0.5215638820784966,0.7214424944481582,0.9071326994970641,1.0
Zm00001eb362800,5,0.619047619047619,0.6666666666666666,0.1826625386996904,0,1.523611111111111,21,7,14,0.4458674753089965,0.6927601824336264,0.7844294150147973,1.0
Zm00001eb362820,2,0.5454545454545454,0.5454545454545454,1.0,0,1.0317460317460319,22,6,16,0.35966456714181083,0.45144506611256896,1.0,1.0
Zm00001eb363140,1,0.5333333333333333,0.5333333333333333,1.0,0,1.5,15,7,8,1.0383134425207945,1.2071614387861445,1.0,1.0
Zm00001eb363300,1,0.782608695652174,0.782608695652174,0.4528514963297572,0,0.35294117647058826,23,20,3,1.3741053234433702,0.9862107099538457,0.4528514963297572,1.0
Zm00001eb363480,3,0.5,0.5454545454545454,0.35115864527629237,0,0.7832451499118166,22,8,14,0.3379773082303483,0.37357072827876164,0.9109463576741049,1.0
Zm00001eb363500,1,0.36363636363636365,0.36363636363636365,1.0,0,1.2307692307692308,22,5,17,0.14221293407366267,0.12444976867833094,1.0,1.0
Zm00001eb363750,3,0.5652173913043478,0.6521739130434783,0.22129492529277156,0,1.0722222222222222,23,13,10,0.2693084839045474,0.3553848628686388,0.8067708182992498,1.0
Zm00001eb363810,4,0.5921052631578947,0.8421052631578947,0.1547987616099071,0,0.12435897435897436,19,3,16,0.19871058685213203,0.18661342245650656,0.4868464260684716,1.0
Zm00001eb363820,3,0.5217391304347826,0.6086956521739131,0.2724895242057713,0,0.3583333333333333,23,6,17,0.5200821538510934,0.572837012662358,0.4770452357234989,1.0
Zm00001eb363850,3,0.5641025641025641,0.6153846153846154,0.5594405594405595,0,0.6444444444444445,13,9,4,0.44335568751334964,0.4753677857230052,0.978737212634579,1.0
Zm00001eb363860,1,0.5555555555555556,0.5555555555555556,0.5955882352941175,0,0.2916666666666667,18,11,7,0.3367202472226017,0.47997604879257416,0.5955882352941175,1.0
Zm00001eb363880,1,0.5,0.5,1.0,0,1.0,22,18,4,0.25651927197781405,0.262059593884716,1.0,1.0
Zm00001eb363940,1,0.5652173913043478,0.5652173913043478,0.6404053612291598,0,1.875,23,12,11,0.8476282603825034,2.0984368452487296,0.6404053612291598,1.0
Zm00001eb363950,1,0.4782608695652174,0.4782608695652174,1.0,0,0.6111111111111112,23,20,3,0.30602841608539333,0.24830688682787636,1.0,1.0
Zm00001eb364010,1,0.5217391304347826,0.5217391304347826,0.6570197873199622,0,1.9444444444444444,23,16,7,0.5891815513056428,0.5612823324104667,0.6570197873199622,1.0
Zm00001eb364110,3,0.5416666666666666,0.7916666666666666,0.1432806324110672,0,0.11764705882352941,24,6,18,0.3358228233203729,0.40937116221004183,0.3743890176718972,1.0
Zm00001eb364190,1,0.391304347826087,0.391304347826087,1.0,0,0.65,23,5,18,0.0965332193815847,0.10716177001526946,1.0,1.0
Zm00001eb364290,1,0.75,0.75,0.5087719298245614,0,2.3333333333333335,20,16,4,0.6592207977530955,0.8219884685126566,0.5087719298245614,1.0
Zm00001eb364510,1,0.5652173913043478,0.5652173913043478,1.0,0,1.0476190476190477,23,9,14,0.257512580432077,0.36503191213121594,1.0,1.0
Zm00001eb364610,3,0.5909090909090909,0.7272727272727273,0.06346749226006192,0,0.5925925925925926,22,11,11,1.3554630693960616,1.6558782149842155,0.4797113611232905,1.0
Zm00001eb364620,3,0.42424242424242425,0.7272727272727273,1.0,0,0.5333333333333333,22,3,19,0.25498555232128256,0.26510348900931086,1.0,1.0
Zm00001eb364700,1,0.6521739130434783,0.6521739130434783,0.37120294341993076,0,0.36363636363636365,23,15,8,1.5136070095299627,1.9307901084060384,0.37120294341993076,1.0
Zm00001eb364730,2,0.7608695652173914,0.782608695652174,0.05153199203542452,0,9.75,23,6,17,0.19061430000750038,0.220442055904267,0.02916879314512748,1.0
Zm00001eb364810,1,0.75,0.75,0.2445054945054945,0,6.75,16,5,11,0.1496965478265659,0.20132828112154152,0.2445054945054945,1.0
Zm00001eb364870,5,0.51,0.8,0.14035087719298245,0,4.803030303030304,20,17,3,1.28554197016993,1.2217802458152716,0.6571931597940327,1.0
Zm00001eb364960,2,0.5952380952380952,0.8095238095238095,0.0629514963880289,0,0.7142857142857142,21,16,5,0.9080876415275884,0.9842770593514527,0.23703698205445276,1.0
Zm00001eb365020,2,0.6,0.6,0.40585853774708264,0,1.275,20,11,9,0.44175169859231245,0.6117287117883676,0.6112208915053952,1.0
Zm00001eb365060,2,0.6363636363636364,0.6363636363636364,1.0,0,0.5384615384615384,22,14,8,1.4300954432866186,1.6555179762416234,1.0,1.0
Zm00001eb365190,1,0.45454545454545453,0.45454545454545453,1.0,0,1.9090909090909092,22,14,8,0.425831008491187,0.49323014557949935,1.0,1.0
Zm00001eb365370,3,0.45454545454545453,0.45454545454545453,1.0,0,0.8333333333333334,11,8,3,0.4414657264812503,0.7635616706273123,1.0,1.0
Zm00001eb365390,3,0.5641025641025642,0.7692307692307693,0.20279720279720279,0,0.125,13,9,4,0.5435805142695466,0.6689296748422684,0.7845081596623249,1.0
Zm00001eb365580,1,0.4583333333333333,0.4583333333333333,1.0,0,1.0909090909090908,24,19,5,0.5384631722199638,0.6236675263079462,1.0,1.0
Zm00001eb365620,1,0.5333333333333333,0.5333333333333333,1.0,0,1.5,15,7,8,0.7223890923566086,0.8513205331555538,1.0,1.0
Zm00001eb365650,3,0.6666666666666666,0.75,0.125,0,0.5555555555555556,16,6,10,0.9672785777443081,1.2249673223510809,0.3146145629087451,1.0
Zm00001eb365760,2,0.5217391304347826,0.5217391304347826,1.0,0,1.0158730158730158,23,12,11,0.5351827419831062,0.8935443841134392,1.0,1.0
Zm00001eb365840,1,0.42857142857142855,0.42857142857142855,1.0,0,,14,11,3,0.8670245474767558,0.8980783805869613,1.0,1.0
Zm00001eb365870,3,0.4583333333333333,0.75,0.5440429136081311,0,1.8888888888888888,24,4,20,0.18566528670007895,0.1754719170413108,0.976013814751646,1.0
Zm00001eb365950,1,0.75,0.75,0.0909090909090909,0,9.0,24,20,4,0.8394165373156085,0.7328841270320345,0.0909090909090909,1.0
Zm00001eb365990,1,0.4782608695652174,0.4782608695652174,1.0,0,0.6666666666666666,23,8,15,0.18047945544586022,0.22512263700883978,1.0,1.0
Zm00001eb366020,2,0.5434782608695652,0.5652173913043478,0.3689757991817488,0,1.0952380952380951,23,15,8,1.2621912344809554,1.1631508223180067,0.591066481310017,1.0
Zm00001eb366040,1,0.8095238095238095,0.8095238095238095,0.3523809523809524,0,5.333333333333333,21,4,17,0.9496826210343977,1.1057192009304555,0.3523809523809524,1.0
Zm00001eb366050,4,0.42045454545454547,0.5,0.5324675324675325,0,1.3547008547008548,22,16,6,0.5587978037011797,0.6186296834719244,0.9607476333396062,1.0
Zm00001eb366250,2,0.5652173913043479,0.6086956521739131,0.17902463669054058,0,0.2740740740740741,23,10,13,0.5630184258809156,0.7431025497338931,0.3485047838069778,1.0
Zm00001eb366280,5,0.5130434782608695,0.782608695652174,0.4528514963297572,0,1.1044690603514133,23,20,3,0.811507246552354,0.6737162724887547,0.9986476439854897,1.0
Zm00001eb366290,2,0.30434782608695654,0.30434782608695654,1.0,0,,23,18,5,0.7258312629893119,1.1128906542942358,1.0,1.0
Zm00001eb366380,1,0.45,0.45,1.0,0,0.5555555555555556,20,7,13,0.7106573626122313,0.8121788994049677,1.0,1.0
Zm00001eb366400,1,0.5,0.5,1.0,0,1.0,24,16,8,0.6526729490750514,0.9331400599800965,1.0,1.0
Zm00001eb366440,2,0.5714285714285714,0.5714285714285714,1.0,0,1.5,7,4,3,0.8737919864448983,1.2815469090862757,1.0,1.0
Zm00001eb366540,5,0.6095238095238095,0.7619047619047619,0.11455108359133126,0,2.0634615384615382,21,6,15,0.8753806450503034,1.574826190554003,0.6236101511337526,1.0
Zm00001eb366570,1,0.7222222222222222,0.7222222222222222,0.5326797385620915,0,0.2727272727272727,18,14,4,0.5262891232835184,0.8112146425266298,0.5326797385620915,1.0
Zm00001eb366580,3,0.4761904761904761,0.6666666666666666,0.33104820875718705,0,0.75,21,6,15,0.4332856536706007,0.48902127470093115,0.8993079325115338,1.0
Zm00001eb366740,4,0.5892857142857143,0.7142857142857143,1.0,0,1.037037037037037,14,3,11,0.9321711947510348,1.0459063325375246,1.0,1.0
Zm00001eb366860,2,0.5434782608695652,0.6086956521739131,0.41728361825279314,0,0.4444444444444444,23,14,9,0.9813614346210187,1.41513934593422,0.5369027125340072,1.0
Zm00001eb366890,3,0.6388888888888888,0.75,0.45454545454545453,0,1.625,12,9,3,0.3365221855226475,0.4429590426518383,0.8244494540073294,1.0
Zm00001eb366930,1,0.6428571428571429,0.6428571428571429,0.5804195804195804,0,0.42857142857142855,14,10,4,0.6074028310785703,0.6269061409995155,0.5804195804195804,1.0
Zm00001eb367050,1,0.6818181818181818,0.6818181818181818,1.0,0,1.4,22,16,6,2.168558352692627,2.1103768536941923,1.0,1.0
Zm00001eb367120,1,0.2857142857142857,0.2857142857142857,1.0,0,,21,3,18,1.1120970265725265,1.1589179425699334,1.0,1.0
Zm00001eb367220,1,0.5833333333333334,0.5833333333333334,0.5757575757575758,0,0.3333333333333333,12,8,4,0.65287674196574,0.7431567476430289,0.5757575757575758,1.0
Zm00001eb367240,4,0.5833333333333333,0.6666666666666666,0.28205128205128205,0,0.5813492063492063,15,7,8,1.8722470367834054,2.340096216288394,0.8972246502700008,1.0
Zm00001eb367290,5,0.5913043478260869,0.6956521739130435,0.5573122529644269,0,0.9800976800976802,23,7,16,0.37793253006478167,0.5155716092723309,0.9769028812572735,1.0
Zm00001eb367320,1,0.4090909090909091,0.4090909090909091,1.0,0,1.5,22,15,7,0.6166658836173741,2.004223668434491,1.0,1.0
Zm00001eb367500,2,0.625,0.625,0.4642857142857143,0,0.3333333333333333,8,5,3,0.4734488893289818,0.5584812023782307,0.820511320902774,1.0
Zm00001eb367770,2,0.7708333333333333,0.7916666666666666,0.19367588932806323,0,1.578125,24,21,3,0.39087090220571663,0.35493870555091106,0.2935213365477399,1.0
Zm00001eb367790,3,0.5606060606060606,0.6363636363636364,0.6158176189135942,0,1.736111111111111,22,7,15,0.25371992017986533,0.2819002892381718,0.9867381811889847,1.0
Zm00001eb367830,2,0.4791666666666667,0.5833333333333334,0.5464426877470356,0,2.6666666666666665,24,3,21,0.5311684646972343,0.40650773755835823,0.6786497035464734,1.0
Zm00001eb367860,1,0.5263157894736842,0.5263157894736842,0.4853801169590643,0,,19,11,8,0.7190353925358814,0.8954529698977517,0.4853801169590643,1.0
Zm00001eb367930,2,0.7368421052631579,0.8421052631578947,0.2982456140350877,0,5.416666666666667,19,16,3,0.4028240080434454,0.44801202945452834,0.4583549895093607,1.0
Zm00001eb368010,3,0.41269841269841273,0.47619047619047616,0.5210526315789473,0,,21,3,18,0.4373009210221537,0.3993502286260868,0.8562345475458923,1.0
Zm00001eb368020,1,0.6956521739130435,0.6956521739130435,1.0,0,1.25,23,18,5,0.46052094585672243,0.47854525610749155,1.0,1.0
Zm00001eb368060,2,0.5238095238095238,0.5238095238095238,1.0,0,1.4375,21,10,11,0.21395916951645003,0.2929302238899314,1.0,1.0
Zm00001eb368160,2,0.625,0.7083333333333334,0.3068441855627211,0,0.6095238095238096,24,7,17,0.39655985928795784,0.43904095661748654,0.6693545701481298,1.0
Zm00001eb368270,1,0.5263157894736842,0.5263157894736842,1.0,0,0.5,19,9,10,0.18317038806497982,0.25462157764061744,1.0,1.0
Zm00001eb368310,1,0.5,0.5,1.0,0,0.6666666666666666,10,4,6,0.6652786608701889,0.9435753271008798,1.0,1.0
Zm00001eb368340,2,0.575,0.6,1.0,0,0.6753246753246753,20,8,12,0.7712525005761065,0.9068381155754387,1.0,1.0
Zm00001eb368380,6,0.5,0.7142857142857143,0.2800137598899209,0,1.5833333333333333,21,7,14,0.18135545575068673,0.320190586499336,0.9979891154893814,1.0
Zm00001eb368390,1,0.5555555555555556,0.5555555555555556,1.0,0,0.7619047619047619,18,7,11,0.33565728842419384,0.4619253349439459,1.0,1.0
Zm00001eb368400,4,0.44047619047619047,0.5714285714285714,0.2285714285714286,0,1.6,21,18,3,0.5542260490744101,0.39623810400785625,0.843193695357203,1.0
Zm00001eb368510,1,0.55,0.55,0.5913312693498454,0,3.0,20,4,16,0.4724682200895757,0.48732006607710543,0.5913312693498454,1.0
Zm00001eb368620,1,0.7368421052631579,0.7368421052631579,0.5304437564499483,0,0.46153846153846156,19,16,3,0.7756247148893728,0.8589112568714324,0.5304437564499483,1.0
Zm00001eb368700,3,0.5416666666666666,0.6666666666666666,0.2137568986404631,0,2.296969696969697,24,10,14,0.6604585177433896,1.5085260571799586,0.7979995263439241,1.0
Zm00001eb368840,4,0.5789473684210527,0.8947368421052632,0.01573787409700722,1,0.2619047619047619,19,15,4,0.7563995299139963,0.8673940868789681,0.2263909352395655,1.0
Zm00001eb368900,2,0.5,0.6363636363636364,1.0,0,0.9230769230769231,22,3,19,2.1064562899921015,1.5311789198730632,1.0,1.0
Zm00001eb368940,1,0.6666666666666666,0.6666666666666666,1.0,0,1.3,21,18,3,0.3553917827113718,0.5457143254300778,1.0,1.0
Zm00001eb368970,2,0.625,0.65,0.6126160990712074,0,1.1041666666666665,20,6,14,0.9224529581901078,1.0619078728885651,0.7525050304002552,1.0
Zm00001eb368990,2,0.7,0.7,0.5210526315789473,0,1.4923076923076923,20,14,6,0.5764294428764904,0.6378088806463599,0.6254744199487983,1.0
Zm00001eb369030,1,0.6086956521739131,0.6086956521739131,0.2173913043478261,0,,23,11,12,1.1143312977661572,1.2541546770640735,0.2173913043478261,1.0
Zm00001eb369170,1,0.6666666666666666,0.6666666666666666,0.272068511198946,0,5.571428571428571,24,20,4,0.9598080361488304,2.077158749302796,0.272068511198946,1.0
Zm00001eb369180,3,0.55,0.65,0.15712074303405574,0,0.7944444444444444,20,6,14,1.2114783638580071,1.446735767465168,0.7169987157423803,1.0
Zm00001eb369190,2,0.5869565217391304,0.6086956521739131,0.41728361825279325,0,0.5972222222222222,23,13,10,0.9368677324733661,1.2340599853663852,0.7819849725270647,1.0
Zm00001eb369240,1,0.5789473684210527,0.5789473684210527,1.0,0,1.2,19,12,7,0.24600512715497377,0.4550174903561773,1.0,1.0
Zm00001eb369330,3,0.49275362318840576,0.6086956521739131,0.525691699604743,0,0.3333333333333333,23,20,3,0.7425375217436985,0.8954117606782238,0.7127108061793874,1.0
Zm00001eb369360,1,0.5833333333333334,0.5833333333333334,0.6733521783999641,0,0.6,24,10,14,0.3808206711187541,0.447534273928148,0.6733521783999641,1.0
Zm00001eb369470,1,0.625,0.625,1.0,0,3.0,8,4,4,1.7333240191067896,1.9435911509907113,1.0,1.0
Zm00001eb369520,1,0.391304347826087,0.391304347826087,1.0,0,0.9285714285714286,23,15,8,1.118622238599609,1.3048440882740522,1.0,1.0
Zm00001eb369550,2,0.5555555555555556,0.6111111111111112,0.49673202614379086,0,2.3333333333333335,18,7,11,1.1322743973549458,1.316733483257968,0.6767672085919295,1.0
Zm00001eb369590,2,0.35416666666666663,0.375,0.5464426877470356,0,,24,21,3,0.7558329643818519,0.6007569044811034,0.8766721285807976,1.0
Zm00001eb369780,1,0.7058823529411765,0.7058823529411765,0.5147058823529411,0,0.2,17,6,11,0.4512318792719121,0.5269751654095678,0.5147058823529411,1.0
Zm00001eb369800,1,0.5789473684210527,0.5789473684210527,0.5820433436532507,0,3.4285714285714284,19,15,4,0.3284859765240373,0.28837717245593825,0.5820433436532507,1.0
Zm00001eb369850,2,0.6111111111111112,0.6666666666666666,0.5238095238095238,0,0.375,9,4,5,0.7056878908060242,1.1956291050138812,0.8625189911512179,1.0
Zm00001eb369860,2,0.6136363636363636,0.7272727272727273,0.6129718234981394,0,2.3375,22,17,5,0.3920664965016963,0.414347784396664,0.9129824903316657,1.0
Zm00001eb369880,5,0.6636363636363636,0.7727272727272727,0.3088782562466773,0,2.1469703907203908,22,17,5,0.16330834080509848,0.16409246364272478,0.478325399486188,1.0
Zm00001eb369980,1,0.34782608695652173,0.34782608695652173,1.0,0,1.0714285714285714,23,19,4,0.19567189236102756,0.1875000556660494,1.0,1.0
Zm00001eb370030,1,0.875,0.875,0.23913043478260868,0,0.1,24,21,3,0.4437188943381542,0.3863516144005376,0.23913043478260868,1.0
Zm00001eb370040,1,0.2857142857142857,0.2857142857142857,1.0,0,,21,17,4,0.2668770958788991,0.2995499684649751,1.0,1.0
Zm00001eb370090,3,0.6376811594202899,0.6956521739130435,0.06864988558352403,0,5.004444444444444,23,11,12,0.1722693453367862,0.22157491980817762,0.15199347052365378,1.0
Zm00001eb370100,1,0.5,0.5,0.6674131270981454,0,1.8,24,16,8,0.11702634970791477,0.12082666654001709,0.6674131270981454,1.0
Zm00001eb370110,3,0.6984126984126983,0.7619047619047619,0.22807017543859645,0,1.9444444444444446,21,5,16,0.40601218026279867,0.41130773240899926,0.589314613758787,1.0
Zm00001eb370140,2,0.5869565217391304,0.6086956521739131,0.33935629587803495,0,0.29166666666666663,23,13,10,0.519301927741673,0.5578582943421514,0.5053626888765135,1.0
Zm00001eb370160,4,0.532608695652174,0.6521739130434783,1.0,0,0.9602272727272727,23,8,15,0.47999857964468656,1.2833353680688184,1.0,1.0
Zm00001eb370170,4,0.5833333333333334,0.7083333333333334,0.27206851119894604,0,0.20995670995670995,24,5,19,0.13556665816038457,0.15298509141017327,0.2656003019455442,1.0
Zm00001eb370180,1,0.6956521739130435,0.6956521739130435,0.068649885583524,0,9.166666666666666,23,6,17,0.3379303099636862,0.3387292666580262,0.068649885583524,1.0
Zm00001eb370230,1,0.5833333333333334,0.5833333333333334,1.0,0,1.4444444444444444,24,10,14,0.3693629437251602,0.45686507245822894,1.0,1.0
Zm00001eb370260,7,0.5102040816326531,0.5714285714285714,0.33591331269349856,0,1.7729591836734695,21,15,6,0.775656182813575,0.7958548786019788,0.9990480915278142,1.0
Zm00001eb370290,2,0.6,0.6,0.4736842105263158,0,,20,10,10,1.0787418999232705,2.0382264327561677,0.5596917814307366,1.0
Zm00001eb370330,4,0.5416666666666667,0.5833333333333334,0.4782608695652174,0,0.8333333333333334,24,12,12,0.6670909355972112,1.5582424011900005,0.9725253910963485,1.0
Zm00001eb370430,1,0.5238095238095238,0.5238095238095238,1.0,0,1.1666666666666667,21,11,10,0.5322467572441786,0.5914903616478162,1.0,1.0
Zm00001eb370470,1,0.5238095238095238,0.5238095238095238,1.0,0,1.0,21,12,9,0.38114619895328034,0.5173674315352178,1.0,1.0
Zm00001eb370480,1,0.6190476190476191,0.6190476190476191,0.6177109440267335,0,0.5454545454545454,21,13,8,0.18129612747413404,0.1982557146430893,0.6177109440267335,1.0
Zm00001eb370520,1,0.5454545454545454,0.5454545454545454,0.5939849624060152,0,0.3333333333333333,22,12,10,0.5580888160330963,0.7260752550082865,0.5939849624060152,1.0
Zm00001eb370700,3,0.6888888888888888,0.8,0.24175824175824176,0,5.75,15,3,12,1.2382612446403707,1.1594823978569058,0.4028031203635738,1.0
Zm00001eb370720,6,0.6111111111111112,0.8333333333333334,0.12727272727272726,0,3.3142857142857145,12,9,3,0.770099973566078,0.9235327347513558,0.6254015165003259,1.0
Zm00001eb370850,2,0.5625,0.7083333333333334,0.2885375494071146,0,4.2,24,8,16,0.27742680078365217,0.30978682367394295,0.4434545709673128,1.0
Zm00001eb370880,1,0.2631578947368421,0.2631578947368421,1.0,0,,19,16,3,0.41502054275588435,0.4250912026660457,1.0,1.0
Zm00001eb370930,1,0.5,0.5,1.0,0,1.0,8,4,4,1.2616210230831548,1.7097013725426908,1.0,1.0
Zm00001eb371000,2,0.525,0.55,0.5913312693498453,0,0.6466666666666666,20,9,11,0.2811978886456097,0.37655391511543596,0.9020042383239043,1.0
Zm00001eb371150,1,0.8181818181818182,0.8181818181818182,0.3707792207792207,0,4.25,22,19,3,0.4284359807089854,0.37662426176611996,0.3707792207792207,1.0
Zm00001eb371210,2,0.6818181818181818,0.6818181818181818,0.5645933014354069,0,0.38461538461538464,22,7,15,0.524751463779305,0.6473448207866075,0.6832100644810383,1.0
Zm00001eb371520,1,0.5,0.5,1.0,0,0.6428571428571429,22,13,9,0.18949136838697953,0.2439802302299321,1.0,1.0
Zm00001eb371550,1,0.6842105263157895,0.6842105263157895,0.1408668730650155,0,7.2,19,10,9,0.6005664326139558,0.7533549400355167,0.1408668730650155,1.0
Zm00001eb371640,4,0.5476190476190477,0.6190476190476191,0.6310629514963881,0,1.1785714285714286,21,8,13,0.1201967691229069,0.16015510670863964,0.9854939522547318,1.0
Zm00001eb371680,2,0.5238095238095237,0.7619047619047619,0.2280701754385965,0,0.21428571428571427,21,4,17,1.207404599398203,1.1867776646581927,0.5651811374534943,1.0
Zm00001eb371730,1,0.5,0.5,1.0,0,,10,3,7,0.1455630005257018,0.2051878565050943,1.0,1.0
Zm00001eb371800,3,0.7368421052631579,0.7894736842105263,0.07094943240454077,0,6.454545454545454,19,6,13,1.560202730792856,2.1017028416245376,0.11812184081758188,1.0
Zm00001eb371840,1,0.5714285714285714,0.5714285714285714,0.47619047619047616,0,,21,11,10,0.8126306619579822,1.0005468740000123,0.47619047619047616,1.0
Zm00001eb371880,1,0.36363636363636365,0.36363636363636365,1.0,0,,22,5,17,0.8723707358371033,1.034971217407638,1.0,1.0
Zm00001eb371940,2,0.5652173913043478,0.5652173913043478,0.6404053612291598,0,0.5583333333333333,23,12,11,0.5711627490267529,0.7580020911923075,0.7904088462810924,1.0
Zm00001eb371950,5,0.5391304347826087,0.6086956521739131,0.4003230582850989,0,0.47785714285714287,23,8,15,0.3881770057884947,0.40112678388993694,0.9257045174591129,1.0
Zm00001eb371960,1,0.43478260869565216,0.43478260869565216,1.0,0,1.3333333333333333,23,14,9,1.002461562092652,1.225289695227168,1.0,1.0
Zm00001eb371980,2,0.5869565217391304,0.6086956521739131,0.6570197873199621,0,0.55,23,9,14,0.24576731245953026,0.30969131299686375,0.806831641269572,1.0
Zm00001eb372150,1,0.6470588235294118,0.6470588235294118,0.3042986425339367,0,0.16666666666666666,17,7,10,0.3662483733701436,0.4407506249225253,0.3042986425339367,1.0
Zm00001eb372200,2,0.5833333333333334,0.5833333333333334,0.38644164759725397,0,2.09375,24,7,17,0.4539096831579183,0.8948605241920901,0.753860472768699,1.0
Zm00001eb372330,3,0.5714285714285715,0.6190476190476191,0.21428571428571425,0,0.3181818181818182,21,3,18,0.4443286517522262,0.39408929447734264,0.4732636010631003,1.0
Zm00001eb372390,4,0.6413043478260869,0.8260869565217391,0.3562958780350084,0,3.0972222222222223,23,3,20,0.9115261728251288,0.883117214043167,0.721214541328596,1.0
Zm00001eb372510,1,0.5555555555555556,0.5555555555555556,1.0,0,0.75,9,4,5,0.6139693111067174,0.7869798516213544,1.0,1.0
Zm00001eb372600,2,0.575,0.9,0.0456140350877193,1,0.03125,20,17,3,0.5061760817488609,0.4266958657864762,0.1864491848999737,1.0
Zm00001eb372700,2,0.5652173913043479,0.6086956521739131,0.6175220660346518,0,0.6808712121212122,23,10,13,0.5910901033131379,0.8553035918052572,0.9151926970875138,1.0
Zm00001eb372770,2,0.525,0.55,0.6026831785345719,0,0.3571428571428571,20,12,8,0.3019099505585686,0.40847630989698447,0.7406518698853617,1.0
Zm00001eb372790,1,0.6,0.6,1.0,0,0.6428571428571429,15,5,10,0.31368504573104133,0.3681659504622579,1.0,1.0
Zm00001eb372980,1,0.6470588235294118,0.6470588235294118,0.29411764705882354,0,5.6,17,8,9,0.06455313311784303,0.09931751058265856,0.29411764705882354,1.0
Zm00001eb373140,1,0.55,0.55,0.6026831785345719,0,0.2857142857142857,20,5,15,0.4376520104276752,0.44808590920416624,0.6026831785345719,1.0
Zm00001eb373150,1,0.6086956521739131,0.6086956521739131,1.0,0,1.7142857142857142,23,19,4,1.8389214081160288,3.187359487711657,1.0,1.0
Zm00001eb373390,2,0.6304347826086957,0.6521739130434783,0.3826356171759321,0,1.8701923076923077,23,14,9,0.4182482194583851,0.5315298599388609,0.7502229920141583,1.0
Zm00001eb373450,1,0.625,0.625,1.0,0,0.5,8,5,3,0.8831237702067553,1.0613605170168137,1.0,1.0
Zm00001eb373490,2,0.5833333333333333,0.625,0.4120339211199354,0,0.6161616161616161,24,16,8,0.285357057991289,0.46573614686810855,0.7773636325523989,1.0
Zm00001eb373570,1,0.6428571428571429,0.6428571428571429,0.20879120879120877,0,,14,6,8,1.0932585072636745,1.4102555980264944,0.20879120879120877,1.0
Zm00001eb373580,1,0.2916666666666667,0.2916666666666667,1.0,0,,24,19,5,0.4028430632004543,0.4135138781615589,1.0,1.0
Zm00001eb373760,6,0.572463768115942,0.7391304347826086,0.036074841836047915,2,2.852777777777778,23,14,9,0.6551136953981043,0.9246630310780192,0.29313052800657463,1.0
Zm00001eb373790,2,0.6111111111111112,0.6111111111111112,0.11928104575163398,0,1.6666666666666667,18,7,11,0.22837408332942827,0.2662283220812057,0.3729050938228222,1.0
Zm00001eb373900,2,0.47058823529411764,0.5294117647058824,0.5411764705882354,0,0.3888888888888889,17,4,13,0.43158879269010947,0.5100331926077986,0.6917330813356602,1.0
Zm00001eb373920,1,0.5789473684210527,0.5789473684210527,1.0,0,0.6666666666666666,19,8,11,0.8015391630978445,1.8002718568679204,1.0,1.0
Zm00001eb373970,1,0.5238095238095238,0.5238095238095238,1.0,0,0.7,21,9,12,0.38517652944150516,0.4558129619910018,1.0,1.0
Zm00001eb373990,1,0.75,0.75,0.18181818181818182,0,,12,6,6,0.5538022329787519,0.8178719343498368,0.18181818181818182,1.0
Zm00001eb374040,4,0.5869565217391305,0.6521739130434783,0.5019762845849802,0,0.8365384615384616,23,14,9,0.5345805409559486,1.0252273192675856,0.9559064713256599,1.0
Zm00001eb374090,2,0.5208333333333334,0.8333333333333334,0.09881422924901187,0,12.0,24,3,21,0.4731566784217452,0.6330102598744561,0.32752111302957704,1.0
Zm00001eb374100,1,0.6521739130434783,0.6521739130434783,0.3630367478799299,0,2.933333333333333,23,9,14,0.7485785667261158,0.9937957257726127,0.3630367478799299,1.0
Zm00001eb374140,1,0.625,0.625,0.3167701863354037,0,0.18181818181818182,24,5,19,0.8216722006081024,0.9894581518442015,0.3167701863354037,1.0
Zm00001eb374150,1,0.5833333333333334,0.5833333333333334,0.4225333153856508,0,2.2857142857142856,24,11,13,0.35626650361572026,0.6721553470609122,0.4225333153856508,1.0
Zm00001eb374170,3,0.5166666666666667,0.55,0.354360165118679,0,3.75,20,7,13,0.5627504276790372,0.7462759782719577,0.4870855454674049,1.0
Zm00001eb374330,3,0.5396825396825397,0.5714285714285714,0.6594427244582043,0,0.9328703703703703,21,11,10,0.6955024113878399,2.2893690973213094,0.9911675052685185,1.0
Zm00001eb374350,1,0.4117647058823529,0.4117647058823529,1.0,0,0.9,17,14,3,0.9035049215725137,0.7818864417586465,1.0,1.0
Zm00001eb374360,4,0.5892857142857143,0.6428571428571429,0.3006993006993007,0,2.135416666666667,14,9,5,0.13221321342379105,0.15652209764736855,0.8014474406083232,1.0
Zm00001eb374390,1,0.4375,0.4375,1.0,0,0.8,16,10,6,0.8796806404048625,1.0500695932582376,1.0,1.0
Zm00001eb374450,1,0.6190476190476191,0.6190476190476191,0.2142857142857143,0,,21,3,18,0.7144525012916507,0.6021882911246121,0.2142857142857143,1.0
Zm00001eb374460,1,0.6363636363636364,0.6363636363636364,0.601913875598086,0,0.5,22,14,8,0.12678465260790545,0.15053174648114767,0.601913875598086,1.0
Zm00001eb374470,2,0.5454545454545454,0.6363636363636364,0.6243550051599587,0,1.7000000000000002,22,16,6,0.4774631243678732,0.6574687245143718,0.9184487854336991,1.0
Zm00001eb374520,1,0.6,0.6,0.5714285714285715,0,3.0,10,6,4,0.4110292398753509,0.47920944798780113,0.5714285714285715,1.0
Zm00001eb374560,1,0.35,0.35,1.0,0,,20,15,5,0.7886987901398943,0.9567452971405217,1.0,1.0
Zm00001eb374580,3,0.6842105263157894,0.7368421052631579,0.11738906088751289,0,0.29797979797979796,19,12,7,0.4057737781584382,0.5200247180051992,0.47183721173426496,1.0
Zm00001eb374630,1,0.7391304347826086,0.7391304347826086,0.46245059288537543,0,3.2,23,17,6,0.5057158276493211,0.692826748489934,0.46245059288537543,1.0
Zm00001eb374750,1,0.5,0.5,1.0,0,0.6428571428571429,22,9,13,0.8620090495716854,0.9839930133738658,1.0,1.0
Zm00001eb374760,1,0.5833333333333334,0.5833333333333334,1.0,0,1.4444444444444444,24,14,10,0.5402941399923697,0.6712397289492723,1.0,1.0
Zm00001eb374810,1,0.42105263157894735,0.42105263157894735,1.0,0,1.6,19,14,5,0.8965803654900126,0.951461281819698,1.0,1.0
Zm00001eb374870,1,0.625,0.625,1.0,0,0.3333333333333333,8,5,3,0.6845540635237,0.9137944653017598,1.0,1.0
Zm00001eb374880,1,0.4583333333333333,0.4583333333333333,0.28326745718050067,0,,24,7,17,1.3778042259350778,2.8575303256344364,0.28326745718050067,1.0
Zm00001eb375010,1,0.6956521739130435,0.6956521739130435,0.525691699604743,0,2.5,23,16,7,0.37133059947046876,0.36355277784613127,0.525691699604743,1.0
Zm00001eb375030,1,0.7083333333333334,0.7083333333333334,0.031055900621118012,1,,24,13,11,0.5176190994675491,0.6095157176072253,0.031055900621118012,1.0
Zm00001eb375040,1,0.2608695652173913,0.2608695652173913,1.0,0,,23,19,4,0.4952623611387869,0.39547817868575885,1.0,1.0
Zm00001eb375200,1,0.6666666666666666,0.6666666666666666,1.0,0,2.142857142857143,24,8,16,0.3072132507367436,0.38348700400417524,1.0,1.0
Zm00001eb375490,1,0.43478260869565216,0.43478260869565216,1.0,0,0.75,23,9,14,0.34734596589905015,0.4171513506832031,1.0,1.0
Zm00001eb375500,4,0.5340909090909091,0.5454545454545454,1.0,0,0.9454910714285714,22,11,11,0.23486990951978004,0.31558499305808185,1.0,1.0
Zm00001eb375510,3,0.6984126984126985,0.8095238095238095,0.0075187969924812035,1,0.29166666666666663,21,9,12,0.16913778084983977,0.2189347430862799,0.023080704922976165,1.0
Zm00001eb375520,1,0.6875,0.6875,1.0,0,2.5,16,11,5,0.23506923068949132,0.3012802722518344,1.0,1.0
Zm00001eb375560,3,0.6388888888888888,0.6666666666666666,0.14208074534161494,0,1.52437641723356,24,11,13,0.440619619926573,0.5347535966646146,0.198710685867446,1.0
Zm00001eb375570,5,0.6799999999999999,0.8666666666666667,0.08131868131868131,0,11.35,15,3,12,1.5234322776833653,1.496789959371515,0.33024524170926617,1.0
Zm00001eb375640,1,0.4090909090909091,0.4090909090909091,1.0,0,1.6666666666666667,22,17,5,1.2582992482317772,1.164615652643476,1.0,1.0
Zm00001eb375660,3,0.35185185185185186,0.5,1.0,0,0.5714285714285714,18,3,15,0.6374178485309677,0.6814156805758446,1.0,1.0
Zm00001eb375670,3,0.46296296296296297,0.6111111111111112,0.3137254901960785,0,0.21428571428571427,18,5,13,0.893403378734684,0.8149158820928687,0.8882045546037398,1.0
Zm00001eb375680,1,0.5,0.5,1.0,0,0.5625,20,11,9,0.19103926921393374,0.31852324771879553,1.0,1.0
Zm00001eb375730,3,0.5833333333333334,0.7083333333333334,0.13043478260869565,0,0.9375,24,9,15,0.5814399983864227,0.9170555256910351,0.6666946852255256,1.0
Zm00001eb375840,3,0.7272727272727272,0.7727272727272727,0.2098427887901572,0,2.2333333333333334,22,17,5,0.4307819143373774,0.4540583718787062,0.7932847281540469,1.0
Zm00001eb376160,1,0.5238095238095238,0.5238095238095238,0.2571428571428572,0,,21,13,8,0.5348256848349351,0.8138525785319475,0.2571428571428572,1.0
Zm00001eb376510,1,0.5909090909090909,0.5909090909090909,1.0,0,0.9090909090909091,22,16,6,0.5566503685574322,1.4599975398453657,1.0,1.0
Zm00001eb376520,1,0.5,0.5,0.6126160990712073,0,0.36,20,6,14,0.3881867572955423,0.4941302545522844,0.6126160990712073,1.0
Zm00001eb376530,1,0.5217391304347826,0.5217391304347826,0.3689757991817487,0,3.5,23,15,8,0.49812221847397964,0.7771342141692704,0.3689757991817487,1.0
Zm00001eb376590,2,0.38636363636363635,0.4090909090909091,1.0,0,1.448717948717949,22,17,5,0.9538528398395095,0.8480474255084819,1.0,1.0
Zm00001eb376600,2,0.32608695652173914,0.34782608695652173,1.0,0,0.875,23,18,5,0.32659589982683424,0.3307739538295737,1.0,1.0
Zm00001eb376680,1,0.3181818181818182,0.3181818181818182,1.0,0,,22,5,17,0.8184398532439847,0.7591309166927527,1.0,1.0
Zm00001eb376750,1,0.7916666666666666,0.7916666666666666,0.3804347826086956,0,0.2222222222222222,24,19,5,0.576603894030676,0.6294011642166075,0.3804347826086956,1.0
Zm00001eb376780,1,0.6,0.6,0.4736842105263158,0,,20,10,10,0.21156528599884078,0.2382286424793429,0.4736842105263158,1.0
Zm00001eb376840,1,0.6666666666666666,0.6666666666666666,1.0,0,0.6666666666666666,15,12,3,0.5119060907398222,0.8155324771743728,1.0,1.0
Zm00001eb376860,1,0.4444444444444444,0.4444444444444444,1.0,0,0.75,18,7,11,0.8153022075403719,0.987144928043476,1.0,1.0
Zm00001eb377150,1,0.6,0.6,0.4666666666666668,0,,10,4,6,0.15812524240535222,0.21488252864322197,0.4666666666666668,1.0
Zm00001eb377350,2,0.53125,0.625,0.6043956043956045,0,0.5833333333333333,16,4,12,0.6729750893839004,0.7700205635889241,0.908724699677372,1.0
Zm00001eb377380,6,0.6944444444444445,0.7777777777777778,0.11928104575163398,0,1.951111111111111,18,14,4,0.47034779381772673,0.4665840558747565,0.5067714659310387,1.0
Zm00001eb377420,1,0.6,0.6,0.6168730650154799,0,0.4444444444444444,20,5,15,0.23807178750048186,0.2337341120152609,0.6168730650154799,1.0
Zm00001eb377470,3,0.47826086956521735,0.8695652173913043,0.01129305477131564,1,,23,20,3,0.5466283531015383,0.3706680287154555,0.17543484493526623,1.0
Zm00001eb377530,1,0.5555555555555556,0.5555555555555556,0.5882352941176472,0,3.0,18,10,8,0.27875092013113756,0.4728908730289,0.5882352941176472,1.0
Zm00001eb377770,2,0.5454545454545454,0.6363636363636364,1.0,0,0.85,11,4,7,0.4899242077865626,0.6688464197518067,1.0,1.0
Zm00001eb377810,2,0.8157894736842105,0.8947368421052632,0.035087719298245605,1,2.1666666666666665,19,15,4,0.8785438701770115,0.8699369772141056,0.09276149957188798,1.0
Zm00001eb377870,3,0.625,0.75,0.03274330327096514,1,5.7648809523809526,24,11,13,0.1871015786286823,0.23501082707050114,0.16629632136379247,1.0
Zm00001eb377880,2,0.6499999999999999,0.7,0.5597910216718266,0,2.458333333333333,20,5,15,1.3349934766848257,1.6435173059501256,0.7124931500050242,1.0
Zm00001eb377970,1,0.55,0.55,1.0,0,0.75,20,6,14,0.7465619041387207,0.8422524363113646,1.0,1.0
Zm00001eb377990,1,0.6666666666666666,0.6666666666666666,0.5238095238095238,0,0.25,9,6,3,0.4844159872794138,0.8061387393814337,0.5238095238095238,1.0
Zm00001eb378140,1,0.5,0.5,1.0,0,0.75,8,3,5,0.9568430632396826,1.012111335854524,1.0,1.0
Zm00001eb378220,1,0.6,0.6,1.0,0,0.6,10,4,6,0.7320427551348369,0.9691063395121621,1.0,1.0
Zm00001eb378250,1,0.75,0.75,0.13132094943240455,0,0.16666666666666666,20,5,15,2.254102245710242,3.4513575440348463,0.13132094943240455,1.0
Zm00001eb378260,1,0.7647058823529411,0.7647058823529411,0.10067873303167421,0,0.08333333333333333,17,7,10,0.5881511820574628,0.743971138570483,0.10067873303167421,1.0
Zm00001eb378430,1,0.4,0.4,0.5394736842105263,0,,20,17,3,0.21859521330238305,0.2865066516717002,0.5394736842105263,1.0
Zm00001eb378500,4,0.6323529411764706,0.7647058823529411,0.10067873303167421,0,4.666666666666667,17,5,12,0.21794981497435706,0.2291382966924595,0.5525003623122491,1.0
Zm00001eb378550,1,0.7058823529411765,0.7058823529411765,1.0,0,0.5454545454545454,17,4,13,0.3598374221713199,0.4163400345577736,1.0,1.0
Zm00001eb378570,1,0.5652173913043478,0.5652173913043478,0.6404053612291599,0,1.875,23,5,18,0.7092061415122618,0.611735016392264,0.6404053612291599,1.0
Zm00001eb378640,3,0.5972222222222222,0.7083333333333334,0.09180239601561446,0,3.4722222222222223,24,10,14,0.4733802621943453,1.353127846401845,0.4020593353407712,1.0
Zm00001eb378690,1,0.5238095238095238,0.5238095238095238,0.6556587547299622,0,1.875,21,13,8,0.17241920263951208,0.23872031460025514,0.6556587547299622,1.0
Zm00001eb378790,2,0.625,0.6875,0.175,0,0.75,16,7,9,0.7670296835099911,0.9032555326747048,0.48001962838525913,1.0
Zm00001eb378970,1,0.7727272727272727,0.7727272727272727,0.16883116883116883,0,0.13333333333333333,22,19,3,0.23072594388188514,0.2164190843482699,0.16883116883116883,1.0
Zm00001eb379030,1,0.6153846153846154,0.6153846153846154,0.22797202797202798,0,,13,4,9,0.7512135244850927,0.8809568764495801,0.22797202797202798,1.0
Zm00001eb379150,1,0.34782608695652173,0.34782608695652173,1.0,0,1.1428571428571428,23,18,5,0.38334825584594606,0.42117960419248507,1.0,1.0
Zm00001eb379160,1,0.5652173913043478,0.5652173913043478,1.0,0,1.375,23,10,13,0.4423355647350553,1.1426926618351403,1.0,1.0
Zm00001eb379190,1,0.8,0.8,0.027772227772227768,1,,15,9,6,0.514678514072348,0.5683037300715414,0.027772227772227768,1.0
Zm00001eb379240,2,0.6428571428571428,0.7142857142857143,1.0,0,1.4305555555555556,21,5,16,0.4015237601325415,0.48868973164879737,1.0,1.0
Zm00001eb379260,2,0.6428571428571428,0.7142857142857143,0.48571428571428565,0,3.3333333333333335,7,3,4,0.16334604520219456,0.19284374953953715,0.8364654341818388,1.0
Zm00001eb379270,1,0.5,0.5,1.0,0,1.0714285714285714,22,9,13,0.11872257215338755,0.15632868243370487,1.0,1.0
Zm00001eb379300,1,0.3684210526315789,0.3684210526315789,1.0,0,,19,5,14,0.8422510266339318,0.8062404213711942,1.0,1.0
Zm00001eb379350,1,0.2857142857142857,0.2857142857142857,1.0,0,,21,18,3,0.22432395519143297,0.15164407227247756,1.0,1.0
Zm00001eb379410,1,0.5555555555555556,0.5555555555555556,0.24509803921568626,0,,18,6,12,0.6123593503279791,0.6968129620861847,0.24509803921568626,1.0
Zm00001eb379480,1,0.4444444444444444,0.4444444444444444,1.0,0,0.6,18,12,6,0.1776478038912479,0.34917910125191637,1.0,1.0
Zm00001eb379490,1,0.5238095238095238,0.5238095238095238,1.0,0,0.9,21,11,10,0.6825696224672205,0.976123387060916,1.0,1.0
Zm00001eb379510,1,0.5625,0.5625,0.25,0,,16,3,13,0.6225545477857348,0.551259236150557,0.25,1.0
Zm00001eb379830,2,0.5227272727272727,0.5454545454545454,1.0,0,1.0277777777777777,22,15,7,1.001276983735966,0.9987511130791317,1.0,1.0
Zm00001eb379890,2,0.7222222222222222,0.7777777777777778,0.16666666666666666,0,4.0,9,5,4,0.6404099008442515,0.813816879106319,0.3001766109181284,1.0
Zm00001eb379990,1,0.5263157894736842,0.5263157894736842,0.6047103051747016,0,3.125,19,6,13,0.06188937996585847,0.0800556178477386,0.6047103051747016,1.0
Zm00001eb380080,1,0.38095238095238093,0.38095238095238093,1.0,0,0.75,21,16,5,0.213935319449062,0.2145077760084157,1.0,1.0
Zm00001eb380200,5,0.5428571428571429,0.7619047619047619,0.11455108359133129,0,0.3269230769230769,21,16,5,0.633278211213291,0.811548617520616,0.40714658044861357,1.0
Zm00001eb380260,2,0.6499999999999999,0.7,0.5,0,4.0,10,6,4,0.560493252944395,0.7033282570758379,0.6436465624272483,1.0
Zm00001eb380410,2,0.5526315789473684,0.5789473684210527,0.6332460109549893,0,2.107142857142857,19,11,8,0.3873098586366878,0.42879816222205813,0.9225737636637485,1.0
Zm00001eb380500,1,0.6666666666666666,0.6666666666666666,0.2820512820512821,0,0.19047619047619047,15,7,8,0.20241918572186254,0.2741886694772637,0.2820512820512821,1.0
Zm00001eb380640,4,0.625,0.7,0.0736842105263158,0,1.4083333333333332,20,11,9,0.4552084688735237,0.5513892537672767,0.15730210148437324,1.0
Zm00001eb380830,1,0.45454545454545453,0.45454545454545453,1.0,0,0.8333333333333334,22,8,14,0.5530653944482128,0.709797476245253,1.0,1.0
Zm00001eb380850,1,0.6956521739130435,0.6956521739130435,0.18189568317445554,0,0.25,23,8,15,0.20726520009467156,0.2412314041912786,0.18189568317445554,1.0
Zm00001eb381040,1,0.38095238095238093,0.38095238095238093,1.0,0,1.25,21,6,15,0.5903106125885396,0.6366368810060975,1.0,1.0
Zm00001eb381130,7,0.5442176870748299,0.8571428571428571,0.2714285714285714,0,1.1100935828877005,21,18,3,0.2931475317634777,0.2758437282061657,0.9844965956519566,1.0
Zm00001eb381240,2,0.6,0.6,0.4666666666666667,0,2.8,15,8,7,0.7427764029475709,1.1036231840389985,0.6177772687264227,1.0
Zm00001eb381290,1,0.5652173913043478,0.5652173913043478,0.6850181720285369,0,0.625,23,13,10,0.45452802933145464,0.8918468794948322,0.6850181720285369,1.0
Zm00001eb381530,1,0.75,0.75,0.5087719298245614,0,2.3333333333333335,20,17,3,0.8346944576803568,0.844012937746699,0.5087719298245614,1.0
Zm00001eb381630,2,0.4772727272727273,0.5909090909090909,1.0,0,1.126923076923077,22,16,6,0.10191055877733256,0.10117835625285519,1.0,1.0
Zm00001eb382010,1,0.3181818181818182,0.3181818181818182,1.0,0,,22,4,18,0.4979275050473948,0.5188574437875068,1.0,1.0
Zm00001eb382120,3,0.5454545454545454,0.5909090909090909,0.12064921662444883,0,1.6666666666666667,22,15,7,0.48984760050035825,0.5313410967682619,0.2211715745740975,1.0
Zm00001eb382170,1,0.75,0.75,0.251270468661773,0,0.25,24,4,20,0.3163064954625882,0.3075997257141153,0.251270468661773,1.0
Zm00001eb383310,1,0.6666666666666666,0.6666666666666666,0.5454545454545454,0,0.2,12,8,4,0.8372109855326865,0.9818630935380511,0.5454545454545454,1.0
Zm00001eb383570,1,0.5714285714285714,0.5714285714285714,1.0,0,0.5,7,4,3,0.8097389807024216,1.211957151620809,1.0,1.0
Zm00001eb383680,1,0.7727272727272727,0.7727272727272727,0.4701298701298702,0,2.6666666666666665,22,4,18,0.18354346908578642,0.4306007551687082,0.4701298701298702,1.0
Zm00001eb383950,1,0.6190476190476191,0.6190476190476191,0.36145510835913314,0,0.3333333333333333,21,10,11,0.1405699731846267,0.1784806391350835,0.36145510835913314,1.0
Zm00001eb383980,1,0.42857142857142855,0.42857142857142855,0.5333333333333333,0,,21,14,7,0.35942523817536487,0.5305171771012909,0.5333333333333333,1.0
Zm00001eb384110,1,0.5,0.5,0.6158176189135942,0,3.0,22,15,7,1.5024945298645607,1.4587654261945682,0.6158176189135942,1.0
Zm00001eb384200,1,0.47368421052631576,0.47368421052631576,1.0,0,1.125,19,11,8,0.21593140126724436,0.38756438167392954,1.0,1.0
Zm00001eb384300,1,0.7368421052631579,0.7368421052631579,0.26212590299277605,0,0.18181818181818182,19,13,6,0.1745640287832702,0.22329370681113345,0.26212590299277605,1.0
Zm00001eb384360,1,0.6666666666666666,0.6666666666666666,1.0,0,0.25,6,3,3,0.521998343868676,0.7326481966306261,1.0,1.0
Zm00001eb384370,1,0.6818181818181818,0.6818181818181818,0.3340838727835632,0,0.3333333333333333,22,16,6,0.1802126372212631,0.1975989008087427,0.3340838727835632,1.0
Zm00001eb384570,1,0.65,0.65,0.3498452012383901,0,4.0,20,10,10,0.3806598729825184,0.5120929837316817,0.3498452012383901,1.0
Zm00001eb384820,2,0.6842105263157895,0.6842105263157895,0.30469556243550056,0,2.0083333333333333,19,12,7,0.2468715175031387,0.3392827675953189,0.3135078654863019,1.0
Zm00001eb384840,1,0.6842105263157895,0.6842105263157895,0.16374269005847952,0,,19,8,11,0.6027007315032167,0.9513469618473203,0.16374269005847952,1.0
Zm00001eb384890,4,0.6630434782608695,0.7391304347826086,0.10276679841897232,0,3.0129464285714285,23,4,19,0.34640264159368317,0.9238508400071976,0.8043510691850834,1.0
Zm00001eb385040,1,0.47368421052631576,0.47368421052631576,1.0,0,0.5,19,7,12,0.12400881466084634,0.15893256832926378,1.0,1.0
Zm00001eb385450,1,0.5217391304347826,0.5217391304347826,1.0,0,1.5,23,12,11,0.11000964635858486,0.13370433802173762,1.0,1.0
Zm00001eb385590,2,0.6052631578947368,0.6842105263157895,0.523219814241486,0,3.092857142857143,19,12,7,0.11651103654586492,0.14919337690396844,0.7103609576168117,1.0
Zm00001eb385600,3,0.6363636363636364,0.7272727272727273,0.08049535603715169,0,5.291666666666667,22,13,9,0.1158635575529111,0.14383346126243302,0.100453978872416,1.0
Zm00001eb385610,3,0.5362318840579711,0.5652173913043478,1.0,0,1.1203703703703705,23,10,13,0.2299610370890757,0.30097976821170996,1.0,1.0
Zm00001eb385730,1,0.6086956521739131,0.6086956521739131,0.6500201911428187,0,2.2222222222222223,23,7,16,0.6345549603764542,0.70645407167801,0.6500201911428187,1.0
Zm00001eb385750,1,0.5909090909090909,0.5909090909090909,0.6594427244582044,0,2.2222222222222223,22,8,14,0.9713594489439346,1.2318348362423173,0.6594427244582044,1.0
Zm00001eb385860,4,0.36458333333333337,0.5833333333333334,0.113965744400527,0,,24,20,4,0.24148347284708513,0.23935916017851866,0.6962539648540413,1.0
Zm00001eb385870,1,0.6190476190476191,0.6190476190476191,0.38699690402476783,0,2.6666666666666665,21,10,11,0.6678443262253362,0.8516780377783673,0.38699690402476783,1.0
Zm00001eb385960,6,0.5579710144927535,0.6956521739130435,0.1759566318726367,0,1.6754914529914529,23,14,9,0.486373193632834,0.5383082473586469,0.742156814905657,1.0
Zm00001eb385980,1,0.7,0.7,0.5238095238095238,0,0.16666666666666666,10,4,6,0.21480331922392165,0.26831190344464684,0.5238095238095238,1.0
Zm00001eb386020,1,0.6956521739130435,0.6956521739130435,0.5573122529644268,0,2.8,23,16,7,0.1952841159124141,0.19757279347106535,0.5573122529644268,1.0
Zm00001eb386190,1,0.6086956521739131,0.6086956521739131,0.3167701863354037,0,0.24242424242424243,23,11,12,0.4270817884310825,0.5235357629006626,0.3167701863354037,1.0
Zm00001eb386200,1,0.38095238095238093,0.38095238095238093,1.0,0,1.0,21,7,14,1.0310542698502903,1.266203633659844,1.0,1.0
Zm00001eb386220,3,0.3913043478260869,0.4782608695652174,1.0,0,1.1714285714285713,23,18,5,0.3582570860092231,0.37551650001209813,1.0,1.0
Zm00001eb386260,3,0.5151515151515151,0.5909090909090909,0.5714285714285714,0,0.5569264069264069,22,19,3,0.40094920907298515,0.4762213010267154,0.9806861159935513,1.0
Zm00001eb386270,1,0.6521739130434783,0.6521739130434783,0.6322030372373623,0,1.625,23,6,17,0.24745000352817123,0.27400483299972117,0.6322030372373623,1.0
Zm00001eb386390,2,0.625,0.65,0.5867905056759547,0,1.94375,20,7,13,0.23609418268260773,0.2755260908883391,0.7498125590724741,1.0
Zm00001eb386410,2,0.6190476190476191,0.6190476190476191,1.0,0,0.6818181818181818,21,7,14,0.7310707086459173,0.8854743821855835,1.0,1.0
Zm00001eb386480,1,0.5833333333333334,0.5833333333333334,0.4696969696969697,0,,12,5,7,0.11915637083261076,0.1771317923895349,0.4696969696969697,1.0
Zm00001eb386490,1,0.6363636363636364,0.6363636363636364,0.5441558441558443,0,3.4285714285714284,22,19,3,0.8600864797794041,1.0727127060056343,0.5441558441558443,1.0
Zm00001eb386510,1,0.4583333333333333,0.4583333333333333,0.5256916996047432,0,,24,16,8,0.1680291482254612,0.18941318729962187,0.5256916996047432,1.0
Zm00001eb386550,4,0.5113636363636364,0.6363636363636364,0.5406698564593302,0,1.25,22,4,18,0.9383778930510878,0.8075448897242823,0.9169653765222917,1.0
Zm00001eb386660,1,0.7647058823529411,0.7647058823529411,0.05147058823529411,0,,17,10,7,0.07442542787507563,0.1215240601303216,0.05147058823529411,1.0
Zm00001eb386670,1,0.7647058823529411,0.7647058823529411,0.2189075630252101,0,0.18181818181818182,17,4,13,0.6434501562131281,0.5118418858609705,0.2189075630252101,1.0
Zm00001eb386750,2,0.4318181818181818,0.45454545454545453,0.5151515151515151,0,1.1666666666666667,22,14,8,0.784855214276897,0.8229678396198122,0.8568485362416512,1.0
Zm00001eb386830,2,0.5238095238095238,0.5238095238095238,0.48571428571428577,0,1.75,21,12,9,0.1203816531819102,0.17535620439516958,0.6849615163362246,1.0
Zm00001eb386870,1,0.6428571428571429,0.6428571428571429,0.5804195804195804,0,2.3333333333333335,14,9,5,0.2953003136789262,0.38197440526716414,0.5804195804195804,1.0
Zm00001eb386990,3,0.5686274509803922,0.5882352941176471,0.23739495798319327,0,0.6,17,11,6,0.22935067634772952,0.2331296571886292,0.45152274366898937,1.0
Zm00001eb387010,3,0.47222222222222227,0.625,1.0,0,1.13,24,7,17,0.49082705082161393,0.5290339296117572,1.0,1.0
Zm00001eb387020,1,0.8,0.8,0.03070175438596491,1,,20,17,3,0.18054196248733842,0.19415349324038508,0.03070175438596491,1.0
Zm00001eb387090,1,0.5238095238095238,0.5238095238095238,1.0,0,0.8,21,10,11,0.21009635939135868,0.24831984841067162,1.0,1.0
Zm00001eb387100,1,0.6666666666666666,0.6666666666666666,1.0,0,1.375,18,13,5,0.17145816287234183,0.1659807748034173,1.0,1.0
Zm00001eb387310,1,0.38095238095238093,0.38095238095238093,1.0,0,0.8,21,17,4,1.055482654506991,0.9908284146063144,1.0,1.0
Zm00001eb387350,1,0.6956521739130435,0.6956521739130435,0.17929734822990978,0,4.583333333333333,23,15,8,0.17258125746487804,0.43723097527560206,0.17929734822990978,1.0
Zm00001eb387600,2,0.6136363636363635,0.6818181818181818,0.19195046439628483,0,0.4444444444444444,22,10,12,0.4448624836945719,0.5452460458250443,0.40072143315525904,1.0
Zm00001eb387640,1,0.5,0.5,0.27777777777777773,0,,18,13,5,1.1492962348315356,1.1337643445246537,0.27777777777777773,1.0
Zm00001eb387750,1,0.4444444444444444,0.4444444444444444,1.0,0,0.6,18,6,12,0.3679741544691003,0.4681913287223085,1.0,1.0
Zm00001eb387800,3,0.5873015873015873,0.6190476190476191,0.21428571428571427,0,0.7619047619047619,21,10,11,0.31306302507391043,0.5431915900453899,0.5516140718443057,1.0
Zm00001eb387810,1,0.5,0.5,1.0,0,1.0,16,8,8,0.3902360026684618,0.5338362812768469,1.0,1.0
Zm00001eb387820,1,0.5333333333333333,0.5333333333333333,1.0,0,1.0,15,9,6,0.896179193455821,1.0405902589159746,1.0,1.0
Zm00001eb387830,3,0.5652173913043478,0.5652173913043478,0.47826086956521735,0,2.0793650793650795,23,11,12,0.16019736710112334,0.20683671638228723,0.765036167155739,1.0
Zm00001eb388030,1,0.3181818181818182,0.3181818181818182,1.0,0,,22,4,18,0.2502882052832859,0.25049007513634935,1.0,1.0
Zm00001eb388040,1,0.5,0.5,1.0,0,1.0,24,18,6,0.32356161795019694,0.4072857441853717,1.0,1.0
Zm00001eb388060,2,0.6190476190476191,0.7142857142857143,0.2549707602339181,0,1.5555555555555556,21,17,4,0.28396878976042284,0.23388613717881235,0.6034154345499325,1.0
Zm00001eb388180,2,0.6739130434782609,0.6956521739130435,0.037267080745341616,1,0.2222222222222222,23,11,12,0.16167850903530945,0.1967029791801317,0.042690703154996394,1.0
Zm00001eb388220,1,0.6086956521739131,0.6086956521739131,1.0,0,1.3333333333333333,23,8,15,0.7260011344780658,1.3131728854992166,1.0,1.0
Zm00001eb388240,1,0.75,0.75,0.5212450592885376,0,0.47058823529411764,24,21,3,0.4906034545605468,0.5841710031304794,0.5212450592885376,1.0
Zm00001eb388270,2,0.5416666666666667,0.5833333333333334,0.6668461434917217,0,1.5714285714285714,24,12,12,0.19505487825055354,0.27451769537235976,0.9370494861722698,1.0
Zm00001eb388300,2,0.41304347826086957,0.43478260869565216,1.0,0,2.0,23,16,7,0.8462784513391365,0.8333965364130186,1.0,1.0
Zm00001eb388320,2,0.6956521739130435,0.6956521739130435,0.525691699604743,0,0.4,23,7,16,0.762013141147364,0.8244914110342078,0.6317624376880284,1.0
Zm00001eb388330,4,0.5416666666666667,0.6111111111111112,1.0,0,1.2114583333333333,18,11,7,0.804322724453809,0.8389371512545808,1.0,1.0
Zm00001eb388390,1,0.5238095238095238,0.5238095238095238,1.0,0,0.8571428571428571,21,8,13,0.5153995300474926,0.6652580073706422,1.0,1.0
Zm00001eb388430,1,0.75,0.75,0.05727554179566563,0,0.07407407407407407,20,10,10,0.6829214626249763,0.8651716943311505,0.05727554179566563,1.0
Zm00001eb388620,1,0.6153846153846154,0.6153846153846154,0.5594405594405594,0,3.75,13,6,7,0.6967291037695228,0.909144986867041,0.5594405594405594,1.0
Zm00001eb388680,1,0.6956521739130435,0.6956521739130435,1.0,0,1.25,23,18,5,0.16209375801563733,0.15712240180556863,1.0,1.0
Zm00001eb388820,1,0.4166666666666667,0.4166666666666667,1.0,0,0.96,24,17,7,0.3621445566383019,0.4590312782366001,1.0,1.0
Zm00001eb388840,2,0.5357142857142857,0.6428571428571429,0.5594405594405594,0,4.5,14,4,10,0.9145543867078839,1.2635731120596574,0.88437370382435,1.0
Zm00001eb388960,1,0.5384615384615384,0.5384615384615384,1.0,0,0.6666666666666666,13,5,8,0.6977589485168957,0.8647567143646514,1.0,1.0
Zm00001eb389150,1,0.5,0.5,1.0,0,0.8,16,11,5,0.7322255238349052,0.8122714566743849,1.0,1.0
Zm00001eb389180,1,0.5333333333333333,0.5333333333333333,0.6003996003996004,0,0.375,15,5,10,0.4460344757666839,0.4890856092948064,0.6003996003996004,1.0
Zm00001eb389210,1,0.5416666666666666,0.5416666666666666,0.35214848715992875,0,0.23809523809523808,24,17,7,0.2991619023932413,0.3069128294913933,0.35214848715992875,1.0
Zm00001eb389370,1,0.5294117647058824,0.5294117647058824,1.0,0,1.1428571428571428,17,8,9,0.3088756944140294,0.44215216559576864,1.0,1.0
Zm00001eb389630,1,0.42857142857142855,0.42857142857142855,0.5333333333333333,0,,21,7,14,0.561773525714961,0.8478191533219167,0.5333333333333333,1.0
Zm00001eb389650,1,0.5,0.5,1.0,0,0.5555555555555556,22,10,12,0.36220859503171354,0.4833756223898872,1.0,1.0
Zm00001eb389660,1,0.4090909090909091,0.4090909090909091,1.0,0,1.6666666666666667,22,16,6,0.2858081940187262,0.41722378127443865,1.0,1.0
Zm00001eb389820,1,0.6666666666666666,0.6666666666666666,0.5742690058479532,0,0.4166666666666667,21,4,17,0.30979628426723205,0.3341125335873083,0.5742690058479532,1.0
Zm00001eb389870,1,0.65,0.65,0.28482972136222917,0,0.2,20,4,16,0.829805563813794,0.7096300241980245,0.28482972136222917,1.0
Zm00001eb389910,1,0.6666666666666666,0.6666666666666666,0.5604395604395604,0,2.6666666666666665,15,10,5,1.0649481823384266,1.3680537718677048,0.5604395604395604,1.0
Zm00001eb389960,1,0.5263157894736842,0.5263157894736842,1.0,0,0.5833333333333334,19,6,13,0.2618951403042284,0.3409141326828389,1.0,1.0
Zm00001eb390020,2,0.625,0.625,0.35722458319712336,0,1.8214285714285714,24,6,18,0.46833686376641337,0.4432419625386579,0.5633068823460281,1.0
Zm00001eb390100,1,0.9130434782608695,0.9130434782608695,0.034443817052512704,1,0.02631578947368421,23,3,20,0.9098110838923709,0.6395496627072321,0.034443817052512704,1.0
Zm00001eb390240,1,0.5,0.5,0.5054945054945055,0,,14,10,4,1.9373368936751838,1.8814159983378622,0.5054945054945055,1.0
Zm00001eb390460,2,0.65625,0.6875,0.5178571428571428,0,3.416666666666667,16,10,6,0.16273939959559863,0.18533975845768635,0.6779047994619001,1.0
Zm00001eb390490,1,0.5217391304347826,0.5217391304347826,1.0,0,0.875,23,12,11,0.11980141996112591,0.15187635513718345,1.0,1.0
Zm00001eb390530,2,0.46153846153846156,0.46153846153846156,0.527972027972028,0,1.3333333333333333,13,10,3,0.3431544406704529,0.3253739976761954,0.8651940841774272,1.0
Zm00001eb390540,2,0.4,0.4,1.0,0,,15,3,12,0.47240503210470985,0.45400068185798054,1.0,1.0
Zm00001eb390650,1,0.5789473684210527,0.5789473684210527,0.6562817986966596,0,0.5333333333333333,19,10,9,0.6737464048399104,0.8457897094676081,0.6562817986966596,1.0
Zm00001eb390730,1,0.55,0.55,1.0,0,2.25,20,10,10,1.2221654701910087,1.5995325747294684,1.0,1.0
Zm00001eb390750,3,0.4492753623188406,0.5652173913043478,0.399784627809934,0,0.746031746031746,23,8,15,0.7378047385535519,0.885145604416625,0.9343435686364107,1.0
Zm00001eb390790,1,0.5909090909090909,0.5909090909090909,0.19321699971854772,0,5.25,22,8,14,0.17730746869483271,0.23238653949880675,0.19321699971854772,1.0
Zm00001eb391060,2,0.6000000000000001,0.65,0.3698499642772088,0,0.30952380952380953,20,9,11,0.32912216291069296,0.6269381143374885,0.5511417370489606,1.0
Zm00001eb391130,1,0.34782608695652173,0.34782608695652173,1.0,0,,23,4,19,0.3275042836096576,0.3074870449513212,1.0,1.0
Zm00001eb391230,1,0.5238095238095238,0.5238095238095238,1.0,0,1.12,21,12,9,0.24006525931404524,0.347773322803054,1.0,1.0
Zm00001eb391240,3,0.6031746031746031,0.6190476190476191,0.17779743476337903,0,2.913095238095238,21,12,9,0.27418155962482577,0.3432174091908797,0.41289633398122244,1.0
Zm00001eb391280,2,0.7272727272727273,0.7272727272727273,1.0,0,0.5333333333333333,22,17,5,0.5725180015363971,0.5987979423251139,1.0,1.0
Zm00001eb391530,3,0.6811594202898551,0.6956521739130435,0.03968722084215421,1,1.546875,23,9,14,0.5898637504199972,0.6630805194862559,0.05180914739564178,1.0
Zm00001eb391730,7,0.5785714285714285,0.65,0.33591331269349844,0,1.8515873015873014,20,6,14,0.5962536746116235,0.7392711365700249,0.8675463655320316,1.0
Zm00001eb392080,2,0.6333333333333333,0.7333333333333333,0.07692307692307693,0,0.8,15,8,7,0.7148545703682941,0.8899172383021408,0.27422687365088727,1.0
Zm00001eb392270,1,0.7,0.7,0.16746844486782567,0,5.0,20,12,8,0.32046607147363537,0.3520983589850252,0.16746844486782567,1.0
Zm00001eb392380,1,0.5,0.5,1.0,0,2.0,14,9,5,0.8032240573169943,0.9529411788849308,1.0,1.0
Zm00001eb392420,1,0.5714285714285714,0.5714285714285714,0.5864661654135339,0,0.2962962962962963,21,11,10,0.38362789480424436,0.5017267614974457,0.5864661654135339,1.0
Zm00001eb392430,1,0.6956521739130435,0.6956521739130435,1.0,0,1.5,23,17,6,1.0572048660189493,1.1354607617135433,1.0,1.0
Zm00001eb392580,2,0.6000000000000001,0.65,0.19680876399142652,0,0.2857142857142857,20,9,11,0.2840205669549168,0.4126029519049697,0.36669933934686455,1.0
Zm00001eb392700,1,0.6521739130434783,0.6521739130434783,0.17786561264822132,0,,23,10,13,0.4392759372707802,0.48205003767836446,0.17786561264822132,1.0
Zm00001eb392710,2,0.5227272727272727,0.5454545454545454,0.6129718234981393,0,1.0119047619047619,22,14,8,0.488414481828513,0.614451137925816,0.778845031806481,1.0
Zm00001eb392950,1,0.6666666666666666,0.6666666666666666,1.0,0,1.3,21,3,18,0.2398555607278166,0.15334063735117268,1.0,1.0
Zm00001eb393000,3,0.5714285714285714,0.5714285714285714,0.47619047619047616,0,1.9365079365079365,21,11,10,0.8662741688907063,1.0159987419303287,0.7801897178264868,1.0
Zm00001eb393040,1,0.5,0.5,1.0,0,1.0,18,9,9,0.4374478863648948,0.5869602921733523,1.0,1.0
Zm00001eb393060,1,0.5454545454545454,0.5454545454545454,1.0,0,0.45,22,11,11,1.3827232884141,1.7582809444084322,1.0,1.0
Zm00001eb393070,2,0.6363636363636364,0.6818181818181818,0.26425153793574846,0,0.8690476190476191,22,9,13,0.21398755481909398,0.25642604689045256,0.6159317104029134,1.0
Zm00001eb393280,1,0.6428571428571429,0.6428571428571429,1.0,0,0.5,14,5,9,0.29320504409447967,0.3270427600326146,1.0,1.0
Zm00001eb393450,1,0.5,0.5,1.0,0,0.625,12,5,7,0.4911657519711335,0.6319104633196744,1.0,1.0
Zm00001eb393660,1,0.625,0.625,0.2396688652577736,0,3.111111111111111,24,10,14,0.262545661539086,0.3526536008356292,0.2396688652577736,1.0
Zm00001eb393810,1,0.45,0.45,0.5210526315789474,0,,20,13,7,0.3139839497022493,0.369351582519724,0.5210526315789474,1.0
Zm00001eb393840,2,0.6052631578947368,0.7368421052631579,0.5304437564499483,0,0.46153846153846156,19,4,15,0.15036765062413288,0.13923178907561629,0.6381717399612978,1.0
Zm00001eb393900,3,0.4761904761904762,0.5714285714285714,0.25824175824175827,0,0.6,14,3,11,0.33028136493716737,0.23801394347282478,0.8445348129310053,1.0
Zm00001eb394030,1,0.6428571428571429,0.6428571428571429,0.5384615384615383,0,3.5,14,8,6,0.28429893609139095,0.3070396158891113,0.5384615384615383,1.0
Zm00001eb394050,3,0.5166666666666667,0.55,0.6126160990712075,0,2.0925925925925926,20,14,6,0.559911982461088,0.6629621819050638,0.931679771826021,1.0
Zm00001eb394060,2,0.5416666666666667,0.5833333333333334,1.0,0,0.8,12,4,8,0.13032285283356893,0.1508840859441125,1.0,1.0
Zm00001eb394120,2,0.6086956521739131,0.782608695652174,0.4528514963297572,0,2.0833333333333335,23,20,3,0.5726465237414435,0.6046392336927273,0.8115963896063737,1.0
Zm00001eb394190,1,0.34782608695652173,0.34782608695652173,1.0,0,,23,19,4,0.42766993991906593,0.4467625891476106,1.0,1.0
Zm00001eb394240,2,0.3684210526315789,0.3684210526315789,1.0,0,,19,5,14,1.147605454333233,1.3162527064063176,1.0,1.0
Zm00001eb394260,4,0.5875,0.7,0.1748035246487259,0,0.7280092592592592,20,9,11,0.41405335385448705,0.45003806667426666,0.5103005586750657,1.0
Zm00001eb394270,1,0.7272727272727273,0.7272727272727273,0.48051948051948046,0,3.0,22,6,16,0.7501696233755942,0.7921132826198828,0.48051948051948046,1.0
Zm00001eb394290,2,0.5416666666666666,0.625,0.5108695652173912,0,1.8571428571428572,24,15,9,0.5361436116427226,0.6580078659841089,0.6777175982596003,1.0
Zm00001eb394340,3,0.5925925925925926,0.6666666666666666,0.5238095238095237,0,0.5462962962962963,9,5,4,1.5884771964965578,2.2515868852407634,0.9720283624514351,1.0
Zm00001eb394360,1,0.6875,0.6875,0.5178571428571428,0,4.5,16,10,6,0.2527040619341986,0.578519512020506,0.5178571428571428,1.0
Zm00001eb394380,1,0.5454545454545454,0.5454545454545454,0.3511586452762923,0,0.2571428571428571,22,6,16,0.7365126171459478,0.6953220685099136,0.3511586452762923,1.0
Zm00001eb394390,1,0.34782608695652173,0.34782608695652173,1.0,0,,23,18,5,1.8271441126907713,2.0563338851902975,1.0,1.0
Zm00001eb394400,2,0.4772727272727273,0.5,1.0,0,0.7619047619047619,22,4,18,0.19249016604672953,0.19049923607380534,1.0,1.0
Zm00001eb394410,3,0.5,0.6363636363636364,0.5352016404647983,0,1.6041666666666667,22,17,5,0.16967562950948903,0.1838563793531192,0.8961487369159078,1.0
Zm00001eb394490,3,0.5757575757575758,0.6363636363636364,0.2932330827067669,0,2.288095238095238,22,10,12,0.92056221178194,1.1678304277621456,0.6247911244712712,1.0
Zm00001eb394590,1,0.6363636363636364,0.6363636363636364,0.5454545454545454,0,0.3,11,3,8,0.6063853877887554,0.6429097839030168,0.5454545454545454,1.0
Zm00001eb394610,1,0.6521739130434783,0.6521739130434783,1.0,0,1.1666666666666667,23,7,16,0.20757211683605287,0.2021018356311219,1.0,1.0
Zm00001eb394670,1,0.5833333333333334,0.5833333333333334,0.6733521783999641,0,0.6,24,10,14,0.15338796214526879,0.1914862744783228,0.6733521783999641,1.0
Zm00001eb394700,1,0.3157894736842105,0.3157894736842105,1.0,0,,19,15,4,0.30299054897063543,0.312111747080083,1.0,1.0
Zm00001eb394840,2,0.5652173913043479,0.6521739130434783,0.6322030372373623,0,1.5125,23,17,6,1.0594845442514356,2.0855505928259324,0.9220963734669466,1.0
Zm00001eb394960,1,0.5555555555555556,0.5555555555555556,1.0,0,0.4375,18,15,3,0.07038623848564615,0.07081241082907588,1.0,1.0
Zm00001eb394970,1,0.3333333333333333,0.3333333333333333,1.0,0,,21,16,5,0.39928453640953165,0.45740284106409596,1.0,1.0
Zm00001eb395000,1,0.7894736842105263,0.7894736842105263,0.42208462332301344,0,0.2857142857142857,19,3,16,0.19297057548431287,0.1698666541393106,0.42208462332301344,1.0
Zm00001eb395120,2,0.5217391304347826,0.5652173913043478,1.0,0,1.1071428571428572,23,16,7,0.14207957751548878,0.1894425148968601,1.0,1.0
Zm00001eb395130,1,0.6842105263157895,0.6842105263157895,0.5572755417956656,0,0.36363636363636365,19,4,15,0.9257859715351937,0.7844442068840803,0.5572755417956656,1.0
Zm00001eb395150,1,0.4444444444444444,0.4444444444444444,0.5241830065359476,0,,18,14,4,0.806500691512486,0.7104678847294323,0.5241830065359476,1.0
Zm00001eb395180,1,0.5,0.5,0.27272727272727276,0,,22,8,14,0.1185719411809583,0.14870735174161734,0.27272727272727276,1.0
Zm00001eb395300,1,0.5,0.5,0.6161312371838688,0,2.4,22,13,9,0.24232782556943275,0.3075838999923391,0.6161312371838688,1.0
Zm00001eb395440,1,0.4444444444444444,0.4444444444444444,0.5220588235294118,0,,18,15,3,0.4390200162631257,0.411436142680788,0.5220588235294118,1.0
Zm00001eb395470,4,0.5125,0.75,0.5087719298245614,0,0.42857142857142855,20,16,4,1.047425036942795,1.0063098925597338,0.9160863906627994,1.0
Zm00001eb395510,1,0.55,0.55,1.0,0,0.7777777777777778,20,4,16,0.9479812518574524,1.2151699918135899,1.0,1.0
Zm00001eb395520,1,0.5238095238095238,0.5238095238095238,1.0,0,1.2,21,10,11,0.5009038225882162,0.5833985289722216,1.0,1.0
Zm00001eb395530,1,0.6363636363636364,0.6363636363636364,0.5441558441558442,0,3.4285714285714284,22,13,9,0.7110904615528094,0.8666570068271627,0.5441558441558442,1.0
Zm00001eb395560,6,0.5714285714285715,0.6190476190476191,0.21428571428571427,0,0.6133597883597883,21,11,10,0.5168533533357291,0.6636912534837123,0.7615647206148993,1.0
Zm00001eb395580,1,0.4375,0.4375,1.0,0,,16,5,11,0.4908791910812735,0.6626695111442856,1.0,1.0
Zm00001eb395590,2,0.4782608695652174,0.5217391304347826,1.0,0,0.9083333333333333,23,14,9,0.1906525991901479,0.20054800918451768,1.0,1.0
Zm00001eb395600,2,0.5,0.7272727272727273,1.0,0,1.6666666666666667,22,18,4,0.4489131424410548,0.4135572854104281,1.0,1.0
Zm00001eb395610,5,0.36190476190476184,0.47619047619047616,1.0,0,0.8944805194805193,21,3,18,0.5856823430856214,0.4285520581105216,1.0,1.0
Zm00001eb395780,1,0.2857142857142857,0.2857142857142857,1.0,0,,21,3,18,0.34339528698548993,0.2940397068369844,1.0,1.0
Zm00001eb395970,3,0.4202898550724638,0.43478260869565216,0.525691699604743,0,0.9292929292929293,23,16,7,0.4775048030482411,0.5588668976290011,0.9724196764651625,1.0
Zm00001eb396030,1,0.5833333333333334,0.5833333333333334,0.6653318077803203,0,1.5714285714285714,24,10,14,0.27364870262947344,0.37162352581645464,0.6653318077803203,1.0
Zm00001eb396040,1,0.4583333333333333,0.4583333333333333,1.0,0,0.6666666666666666,24,10,14,0.09570815733088299,0.12522472833110668,1.0,1.0
Zm00001eb396070,2,0.42500000000000004,0.45,1.0,0,0.7361111111111112,20,13,7,0.15489010274961498,0.18681133746778292,1.0,1.0
Zm00001eb396090,1,0.7142857142857143,0.7142857142857143,0.26573426573426573,0,0.125,14,7,7,0.6775562323779393,0.8445505922553509,0.26573426573426573,1.0
Zm00001eb396100,3,0.8055555555555555,0.875,0.23913043478260868,0,0.3333333333333333,24,3,21,1.1172349945355406,0.7346157243007677,0.45492575793171797,1.0
Zm00001eb396330,1,0.3181818181818182,0.3181818181818182,1.0,0,,22,3,19,0.9448825557355661,0.7310675204123911,1.0,1.0
Zm00001eb396340,1,0.20833333333333334,0.20833333333333334,1.0,0,,24,21,3,0.8767701304236127,0.6374280279297472,1.0,1.0
Zm00001eb396350,2,0.6521739130434783,0.6521739130434783,0.36303674787992996,0,2.933333333333333,23,14,9,0.17984262258292052,0.22242569869374398,0.398879946992233,1.0
Zm00001eb396430,2,0.5681818181818182,0.7272727272727273,0.22727272727272732,0,0.4226190476190476,22,7,15,0.7665325497651498,0.8599017430476505,0.5640010320282309,1.0
Zm00001eb396670,1,0.6818181818181818,0.6818181818181818,0.13533834586466167,0,7.333333333333333,22,10,12,0.16310226638042863,0.23755381441121018,0.13533834586466167,1.0
Zm00001eb396680,2,0.6136363636363636,0.6363636363636364,0.6019138755980862,0,0.5681818181818181,22,18,4,0.639656242331831,0.4954053695613237,0.9074699817630031,1.0
Zm00001eb396890,3,0.6666666666666666,0.7333333333333333,0.2285714285714286,0,0.5333333333333333,15,3,12,0.19995537194252788,0.2343316961471434,0.639753383556942,1.0
Zm00001eb396900,1,0.5555555555555556,0.5555555555555556,1.0,0,1.5,9,5,4,0.41346347295183006,0.4876088007792407,1.0,1.0
Zm00001eb396910,2,0.7142857142857143,0.7142857142857143,0.0859140859140859,0,,14,5,9,0.8239785812966313,1.0113802401814063,0.04361432322866827,1.0
Zm00001eb396960,1,0.5714285714285714,0.5714285714285714,1.0,0,1.35,21,7,14,0.597556332671884,0.6354229591704526,1.0,1.0
Zm00001eb397050,2,0.5625,0.6666666666666666,0.325592885375494,0,3.25,24,9,15,0.45495810687372956,0.5052687501957658,0.46469953707593226,1.0
Zm00001eb397070,1,0.5714285714285714,0.5714285714285714,1.0,0,0.5333333333333333,14,7,7,0.3443900985762022,0.4538254546772904,1.0,1.0
Zm00001eb397250,2,0.6428571428571428,0.7142857142857143,0.06315789473684211,0,0.7272727272727273,21,9,12,0.4479454179440402,0.666602663505927,0.2376074161498411,1.0
Zm00001eb397270,1,0.5416666666666666,0.5416666666666666,0.13043478260869565,0,,24,8,16,0.6234536342227868,0.9165898263876966,0.13043478260869565,1.0
Zm00001eb397280,2,0.6086956521739131,0.782608695652174,0.08859104282445243,0,0.13333333333333333,23,17,6,0.5685321880874983,0.6675451506880828,0.19306212980376605,1.0
Zm00001eb397310,1,0.5454545454545454,0.5454545454545454,0.24025974025974028,0,,22,3,19,0.20671208821646064,0.2313684491239765,0.24025974025974028,1.0
Zm00001eb397320,4,0.5568181818181818,0.6363636363636364,0.3761609907120743,0,1.8111111111111111,22,7,15,0.26100858711514613,0.27969034933084197,0.917501280497212,1.0
Zm00001eb397570,1,0.5833333333333334,0.5833333333333334,0.06478977417192519,0,,24,17,7,0.28541191806985583,0.3133162086555039,0.06478977417192519,1.0
Zm00001eb397620,3,0.47222222222222215,0.75,0.544042913608131,0,0.5294117647058824,24,20,4,0.6105017291235147,0.5356610243393107,0.976013814751646,1.0
Zm00001eb397630,1,0.6666666666666666,0.6666666666666666,0.1549525988885257,0,0.12727272727272726,24,6,18,0.3374755226960386,0.33438001052540794,0.1549525988885257,1.0
Zm00001eb397710,1,0.45454545454545453,0.45454545454545453,0.5227272727272727,0,,22,15,7,0.16364468586687664,0.18356989248334465,0.5227272727272727,1.0
Zm00001eb397720,1,0.6666666666666666,0.6666666666666666,0.1049266388477588,0,0.19047619047619047,24,13,11,0.10002638423176095,0.12013535808258138,0.1049266388477588,1.0
Zm00001eb397790,3,0.5454545454545454,0.5909090909090909,1.0,0,1.1666666666666667,22,8,14,0.3160464073486264,0.3647556613683374,1.0,1.0
Zm00001eb397810,1,0.5238095238095238,0.5238095238095238,0.6030075187969925,0,2.6666666666666665,21,17,4,0.6037369764915744,0.6745507441492221,0.6030075187969925,1.0
Zm00001eb397880,2,0.5,0.5333333333333333,1.0,0,0.8916666666666666,15,4,11,0.16777277511404198,0.170078405865906,1.0,1.0
Zm00001eb397930,3,0.5606060606060607,0.5909090909090909,0.5714285714285714,0,0.6656565656565657,22,10,12,0.9176013453840496,1.1092496397097389,0.9138854443589662,1.0
Zm00001eb397950,2,0.7727272727272727,0.7727272727272727,0.029973122852379814,2,0.08333333333333333,22,10,12,0.46444702261844595,0.5461511971407571,0.007200498284078042,1.0
Zm00001eb397960,1,0.5833333333333334,0.5833333333333334,1.0,0,0.5,12,5,7,0.23199172311419922,0.25908261774848745,1.0,1.0
Zm00001eb397980,1,0.6111111111111112,0.6111111111111112,1.0,0,1.6666666666666667,18,11,7,0.24877778541550352,0.27685488003747183,1.0,1.0
Zm00001eb398070,1,0.4,0.4,1.0,0,1.3636363636363635,20,16,4,0.1481934016274325,0.18286445723864148,1.0,1.0
Zm00001eb398140,2,0.7391304347826086,0.7391304347826086,1.0,0,1.7777777777777777,23,19,4,0.6369654548612087,0.7083903760870113,1.0,1.0
Zm00001eb398220,2,0.5416666666666666,0.5416666666666666,0.5962732919254659,0,0.8095238095238095,24,13,11,0.23923622269899011,0.3278653611308206,0.9045800786186098,1.0
Zm00001eb398380,4,0.6029411764705883,0.6470588235294118,0.349958864664747,0,2.2430555555555554,17,7,10,0.2197254764680661,0.2895083974080545,0.7467129622059071,1.0
Zm00001eb398400,1,0.5238095238095238,0.5238095238095238,1.0,0,1.25,21,10,11,0.2627395135236946,0.31714488653993433,1.0,1.0
Zm00001eb398410,2,0.6052631578947368,0.631578947368421,0.10319917440660474,0,1.6,19,8,11,0.7888846335368466,1.1434516697685106,0.33757424415920273,1.0
Zm00001eb398520,1,0.22727272727272727,0.22727272727272727,1.0,0,,22,19,3,0.7950000640254249,0.6331238498516959,1.0,1.0
Zm00001eb398620,3,0.6376811594202899,0.782608695652174,0.08300395256916995,0,1.125,23,7,16,0.6386581015717995,0.6917102538261372,0.21114042776477257,1.0
Zm00001eb398750,2,0.5208333333333333,0.5416666666666666,0.4818840579710145,0,0.84375,24,13,11,0.41530843794028666,0.5034658354210539,0.8336843517640858,1.0
Zm00001eb398830,1,0.6842105263157895,0.6842105263157895,0.16980233388902122,0,5.25,19,8,11,0.6180527982969037,0.7994045517553091,0.16980233388902122,1.0
Zm00001eb399110,3,0.6521739130434783,0.8260869565217391,0.017266486374037864,1,10.333333333333334,23,18,5,0.4310744196159935,0.3617695750397994,0.05299498490813437,1.0
Zm00001eb399140,2,0.5909090909090909,0.7272727272727273,0.27432216905901113,0,0.20512820512820512,22,17,5,1.6997270963530051,1.600142925879971,0.28085370504034507,1.0
Zm00001eb399270,1,0.5882352941176471,0.5882352941176471,1.0,0,0.75,17,12,5,0.9171022606889885,1.0169546057641063,1.0,1.0
Zm00001eb399350,3,0.7058823529411765,0.7647058823529411,0.10294117647058824,0,3.666666666666667,17,4,13,0.29844672216646645,0.2732078280990906,0.2777222404728567,1.0
Zm00001eb399360,1,0.5652173913043478,0.5652173913043478,1.0,0,0.7272727272727273,23,13,10,0.7564829865349247,0.9914795054686791,1.0,1.0
Zm00001eb399370,4,0.5416666666666666,0.6666666666666666,0.37423433418856755,0,1.248992673992674,24,7,17,0.4128611918976641,0.40796406782738664,0.9408290867662997,1.0
Zm00001eb399480,1,0.8095238095238095,0.8095238095238095,0.3523809523809524,0,0.1875,21,17,4,0.6035743575024634,1.559122633798242,0.3523809523809524,1.0
Zm00001eb399490,1,0.4166666666666667,0.4166666666666667,0.5392433653303219,0,,24,6,18,1.0830354511734832,0.9026819974385774,0.5392433653303219,1.0
Zm00001eb399590,1,0.6666666666666666,0.6666666666666666,1.0,0,2.1666666666666665,21,7,14,1.1703438963293895,1.4936538171742804,1.0,1.0
Zm00001eb399800,1,0.65,0.65,1.0,0,1.0,20,15,5,0.288139133562303,0.3597623497379184,1.0,1.0
Zm00001eb399890,1,0.6666666666666666,0.6666666666666666,0.19206365716663204,0,0.25,24,10,14,0.2855797415194736,0.3405733357053309,0.19206365716663204,1.0
Zm00001eb399940,1,0.4117647058823529,0.4117647058823529,1.0,0,,17,5,12,1.0219995697108677,1.0704140071818837,1.0,1.0
Zm00001eb400030,1,0.6,0.6,0.4736842105263158,0,,20,10,10,0.09463347796577573,0.12494841663548639,0.4736842105263158,1.0
Zm00001eb400170,3,0.4492753623188406,0.5652173913043478,0.12211358435614728,0,1.5384615384615385,23,5,18,0.8726114344090053,1.0192269587888951,0.48864247222294055,1.0
Zm00001eb400230,2,0.6388888888888888,0.6666666666666666,0.2058823529411765,0,0.25,18,9,9,0.7267275954477586,0.8665923086167009,0.3716365043396555,1.0
Zm00001eb400310,1,0.5,0.5,1.0,0,1.0,18,9,9,0.18869358171974662,0.26094068808118315,1.0,1.0
Zm00001eb400390,2,0.5555555555555556,0.7222222222222222,0.11764705882352941,0,5.1,18,13,5,1.2515519241705215,1.5879175969871837,0.36941954864662,1.0
Zm00001eb400420,1,0.5263157894736842,0.5263157894736842,1.0,0,1.1666666666666667,19,9,10,0.18878873305873767,0.2525403533737412,1.0,1.0
Zm00001eb400470,1,0.5263157894736842,0.5263157894736842,1.0,0,0.5,19,16,3,0.35845224556024197,0.4297865164072503,1.0,1.0
Zm00001eb400480,2,0.32608695652173914,0.34782608695652173,1.0,0,,23,18,5,0.44365136805158556,0.5275868458024755,1.0,1.0
Zm00001eb400510,1,0.5789473684210527,0.5789473684210527,0.5820433436532507,0,0.3888888888888889,19,10,9,0.5413650194139338,0.6547604432823826,0.5820433436532507,1.0
Zm00001eb400520,4,0.5138888888888888,0.7777777777777778,0.4424019607843138,0,3.25,18,3,15,2.782949637960618,2.3926518201445734,0.8329994318114228,1.0
Zm00001eb400530,2,0.7142857142857143,0.7142857142857143,0.5,0,3.025,21,6,15,0.5904775946532764,0.7348153458709908,0.62603989965956,1.0
Zm00001eb400540,2,0.5416666666666667,0.5833333333333334,0.49090909090909096,0,0.625,12,3,9,0.6155786368077263,0.6372010092587,0.8401891021665424,1.0
Zm00001eb400570,1,0.375,0.375,1.0,0,1.4285714285714286,24,5,19,0.527440471172567,0.7494364409191945,1.0,1.0
Zm00001eb400580,1,0.8636363636363636,0.8636363636363636,0.07272727272727274,0,0.058823529411764705,22,3,19,0.7871614281551889,0.6824276802818408,0.07272727272727274,1.0
Zm00001eb400610,3,0.6458333333333334,0.6875,1.0,0,1.2523809523809524,16,5,11,1.1398958220778304,1.3374918717788868,1.0,1.0
Zm00001eb400810,1,0.5333333333333333,0.5333333333333333,0.4857142857142857,0,,15,6,9,0.1804808566252179,0.21183399253518917,0.4857142857142857,1.0
Zm00001eb400840,1,0.6,0.6,0.5804195804195803,0,4.0,15,10,5,1.6681486658757878,1.9095770267585555,0.5804195804195803,1.0
Zm00001eb401050,1,0.4166666666666667,0.4166666666666667,1.0,0,,12,9,3,0.2577494089183966,0.23047053354990713,1.0,1.0
Zm00001eb401060,2,0.5454545454545454,0.5454545454545454,1.0,0,0.8,11,6,5,0.3631105619838474,0.4643643093628115,1.0,1.0
Zm00001eb401120,1,0.5,0.5,0.2621870882740448,0,,24,8,16,0.6110789595390009,0.684158655993992,0.2621870882740448,1.0
Zm00001eb401140,4,0.5238095238095238,0.5714285714285714,0.5047619047619047,0,1.1047619047619048,21,8,13,0.2558210753406911,0.3301098436403231,0.9757393708142874,1.0
Zm00001eb401150,4,0.5476190476190477,0.5714285714285714,0.6699214098594903,0,1.5,21,10,11,0.4887537873709024,0.7074411328681696,0.9908744494847066,1.0
Zm00001eb401210,3,0.43939393939393945,0.5,0.5324675324675324,0,0.8,22,6,16,0.13160133192388884,0.14577944738867746,0.9737928083240601,1.0
Zm00001eb401390,3,0.6363636363636364,0.7272727272727273,0.49090909090909096,0,1.2619047619047619,11,8,3,0.904997819673197,0.8282374193140735,0.9644448233613627,1.0
Zm00001eb401400,2,0.5263157894736842,0.5263157894736842,1.0,0,0.9833333333333334,19,10,9,0.5108759107074138,0.6290437882099449,1.0,1.0
Zm00001eb401430,3,0.6041666666666666,0.6875,0.175,0,0.7142857142857143,16,7,9,0.5687567542141554,0.7861542608281757,0.7458395532432062,1.0
Zm00001eb401520,1,0.4666666666666667,0.4666666666666667,0.5164835164835164,0,,15,11,4,0.3551733827933348,0.38939632934918933,0.5164835164835164,1.0
Zm00001eb401530,1,0.6190476190476191,0.6190476190476191,0.6177109440267335,0,0.5454545454545454,21,13,8,0.10606813418978935,0.1227861543323386,0.6177109440267335,1.0
Zm00001eb401560,1,0.6666666666666666,0.6666666666666666,0.5252747252747252,0,4.0,15,6,9,0.6507649860575743,0.7534833274344066,0.5252747252747252,1.0
Zm00001eb401720,2,0.6111111111111112,0.7222222222222222,0.11764705882352941,0,0.6984126984126985,18,8,10,0.16677540056227752,0.28050676857734547,0.36941954864662,1.0
Zm00001eb401900,1,0.4090909090909091,0.4090909090909091,1.0,0,1.6666666666666667,22,17,5,0.6060635705761155,0.5511509500414848,1.0,1.0
Zm00001eb402020,1,0.4444444444444444,0.4444444444444444,1.0,0,0.75,18,7,11,0.9315143058427249,1.0466059977258106,1.0,1.0
Zm00001eb402060,1,0.5217391304347826,0.5217391304347826,1.0,0,0.6666666666666666,23,11,12,0.6767207587259364,0.8079085433570825,1.0,1.0
Zm00001eb402080,1,0.7142857142857143,0.7142857142857143,0.03508771929824562,1,,21,4,17,1.0248064518928124,1.0162774449670344,0.03508771929824562,1.0
Zm00001eb402160,1,0.391304347826087,0.391304347826087,1.0,0,1.5384615384615385,23,6,17,0.4212396413183704,0.432960356189044,1.0,1.0
Zm00001eb402300,1,0.4782608695652174,0.4782608695652174,0.2724895242057713,0,,23,18,5,0.6331484858064135,0.6615428614855772,0.2724895242057713,1.0
Zm00001eb402330,1,0.7777777777777778,0.7777777777777778,0.056684491978609634,0,0.08163265306122448,18,9,9,0.8327305419100832,1.1030868120992339,0.056684491978609634,1.0
Zm00001eb402380,1,0.42857142857142855,0.42857142857142855,1.0,0,,14,4,10,0.3052302411183549,0.3226015360281691,1.0,1.0
Zm00001eb402420,1,0.45,0.45,1.0,0,0.9,20,13,7,0.564561741459788,0.616295313278425,1.0,1.0
Zm00001eb402430,4,0.631578947368421,0.6842105263157895,0.3260895451297928,0,1.09375,19,7,12,0.7227040920296429,0.8476636090505856,0.7402456080394175,1.0
Zm00001eb402480,1,0.8333333333333334,0.8333333333333334,0.34288537549407117,0,4.75,24,21,3,0.154147885544921,0.12053320186537524,0.34288537549407117,1.0
Zm00001eb402510,1,0.5909090909090909,0.5909090909090909,0.32330827067669166,0,0.2222222222222222,22,17,5,1.8903294366507963,1.775343971294809,0.32330827067669166,1.0
Zm00001eb402550,4,0.5978260869565217,0.7391304347826086,0.10276679841897232,0,5.075,23,15,8,1.0692029888146914,1.397697187575917,0.2486479587536447,1.0
Zm00001eb402740,1,0.7,0.7,0.5492260061919505,0,0.3333333333333333,20,16,4,0.19928097395258595,0.2902229487565628,0.5492260061919505,1.0
Zm00001eb402760,1,0.55,0.55,0.6424148606811146,0,0.5,20,6,14,0.2929704100197043,0.3868399242108507,0.6424148606811146,1.0
Zm00001eb402770,2,0.6666666666666666,0.6666666666666666,0.3253722541648238,0,2.1115384615384616,21,5,16,0.11495634051538135,0.12764750613180845,0.6906954559633466,1.0
Zm00001eb402790,1,0.7083333333333334,0.7083333333333334,0.30684418556272103,0,0.2857142857142857,24,18,6,0.17903224146215355,0.21053200418825901,0.30684418556272103,1.0
Zm00001eb402840,1,0.375,0.375,1.0,0,,16,12,4,0.6084353182215542,0.9745029797776117,1.0,1.0
Zm00001eb402880,1,0.42857142857142855,0.42857142857142855,1.0,0,1.2857142857142858,14,4,10,0.1717110122167224,0.20972731404394881,1.0,1.0
Zm00001eb403020,2,0.5416666666666667,0.5833333333333334,0.668712294570418,0,1.2232142857142856,24,15,9,0.23735251256161835,0.3245637176557921,0.8105219915221816,1.0
Zm00001eb403040,1,0.5217391304347826,0.5217391304347826,0.27189515290201793,0,,23,7,16,0.6641986563643687,0.7648252373695242,0.27189515290201793,1.0
Zm00001eb403110,2,0.6521739130434783,0.6521739130434783,1.0,0,0.8571428571428571,23,16,7,0.41139954507066856,0.5148339769420238,1.0,1.0
Zm00001eb403130,1,0.47619047619047616,0.47619047619047616,0.5210526315789474,0,,21,14,7,0.6685440377217117,0.7891016266954312,0.5210526315789474,1.0
Zm00001eb403160,1,0.2857142857142857,0.2857142857142857,1.0,0,,21,3,18,0.2599607221095589,0.21752202010123078,1.0,1.0
Zm00001eb403210,2,0.42857142857142855,0.47619047619047616,0.5210526315789474,0,1.0,21,7,14,0.8123115058331207,0.8316082286168549,0.860729042002967,1.0
Zm00001eb403240,1,0.5789473684210527,0.5789473684210527,0.1279669762641899,0,,19,6,13,0.18201236194055065,0.25538444440469527,0.1279669762641899,1.0
Zm00001eb403360,2,0.5952380952380952,0.6190476190476191,0.2142857142857143,0,1.9285714285714286,21,11,10,0.7252663414445566,0.9373371011052738,0.4075262339565877,1.0
Zm00001eb403460,1,0.7727272727272727,0.7727272727272727,0.16883116883116883,0,7.5,22,6,16,0.5921494430153224,0.6246452629053394,0.16883116883116883,1.0
Zm00001eb403510,1,0.6363636363636364,0.6363636363636364,1.0,0,0.9230769230769231,22,7,15,0.5546800967907695,0.742829426915176,1.0,1.0
Zm00001eb403560,4,0.6071428571428571,0.6666666666666666,1.0,0,0.986111111111111,21,16,5,0.7108728365821871,0.8289110039000048,1.0,1.0
Zm00001eb403590,1,0.6153846153846154,0.6153846153846154,0.4615384615384615,0,,13,6,7,0.6735576272107984,0.8352884793052777,0.4615384615384615,1.0
Zm00001eb403700,3,0.5757575757575758,0.5909090909090909,0.6619195046439628,0,0.8851851851851853,22,14,8,1.252735141077746,1.4393805853107067,0.9517443819092446,1.0
Zm00001eb403730,6,0.6590909090909091,0.8181818181818182,0.06493506493506494,0,1.8000000000000003,22,16,6,0.25147392384932366,0.28814809597572116,0.8619108715323065,1.0
Zm00001eb403780,2,0.36363636363636365,0.4090909090909091,1.0,0,0.8571428571428571,22,3,19,0.34531154664004937,0.2382766542704231,1.0,1.0
Zm00001eb403790,1,0.45,0.45,1.0,0,2.0,20,6,14,0.15221410170398683,0.1837609544964504,1.0,1.0
Zm00001eb403830,1,0.5454545454545454,0.5454545454545454,1.0,0,1.2222222222222223,22,12,10,0.2280232456487566,0.3308736232546535,1.0,1.0
Zm00001eb403860,1,0.5238095238095238,0.5238095238095238,1.0,0,1.4285714285714286,21,9,12,0.7052751275398547,0.8783676953894678,1.0,1.0
Zm00001eb403880,1,0.45,0.45,0.5304437564499483,0,,20,16,4,0.459739406233225,0.5862326136315151,0.5304437564499483,1.0
Zm00001eb403940,2,0.6590909090909091,0.6818181818181818,0.5853269537480065,0,0.5432692307692308,22,5,17,0.27661291234117663,0.3136005696478168,0.8988191103289547,1.0
Zm00001eb403950,2,0.7954545454545454,0.8181818181818182,0.054910002278423325,0,0.14444444444444446,22,17,5,1.1831237638070078,1.3221306519836622,0.06295250170715615,1.0
Zm00001eb404040,2,0.5714285714285714,0.5714285714285714,0.6351172047766475,0,1.2235449735449735,21,11,10,1.204801515020741,1.4834267512694417,0.769593544023901,1.0
Zm00001eb404060,1,0.47619047619047616,0.47619047619047616,1.0,0,0.75,21,15,6,0.3726540703833027,0.3835307604145752,1.0,1.0
Zm00001eb404220,1,0.5238095238095238,0.5238095238095238,1.0,0,1.1111111111111112,21,10,11,0.23926813962900037,0.32691629883505524,1.0,1.0
Zm00001eb404270,1,0.5294117647058824,0.5294117647058824,1.0,0,0.75,17,10,7,0.11506432795421412,0.15747224314223537,1.0,1.0
Zm00001eb404290,2,0.5476190476190477,0.5714285714285714,0.6699214098594903,0,0.6190476190476191,21,10,11,0.4163471500750553,0.5379534703018232,0.9382884914224026,1.0
Zm00001eb404320,1,0.45,0.45,1.0,0,0.7142857142857143,20,3,17,0.4875068769146981,0.4674795211882458,1.0,1.0
Zm00001eb404360,2,0.5869565217391304,0.6521739130434783,0.21375689864046302,0,0.6026785714285714,23,10,13,0.3055456610187013,0.35815342999267735,0.5435658157199386,1.0
Zm00001eb404370,1,0.35,0.35,1.0,0,,20,5,15,0.18047282685226118,0.24582387543338663,1.0,1.0
Zm00001eb404390,1,0.6190476190476191,0.6190476190476191,0.31077694235588976,0,4.285714285714286,21,10,11,0.43414214117720173,0.6103342701832525,0.31077694235588976,1.0
Zm00001eb404500,2,0.5454545454545454,0.5454545454545454,0.24025974025974028,0,3.5555555555555554,22,13,9,0.14310159613538576,0.17913101459167216,0.2983310600673628,1.0
Zm00001eb404560,1,0.4782608695652174,0.4782608695652174,1.0,0,1.5,23,15,8,1.2616331446331615,1.5491319599013795,1.0,1.0
Zm00001eb404630,1,0.6111111111111112,0.6111111111111112,0.21568627450980396,0,,18,15,3,0.5922647249792277,0.5310344615498228,0.21568627450980396,1.0
Zm00001eb404640,3,0.681159420289855,0.7391304347826086,0.2704686617730096,0,2.9761904761904763,23,6,17,0.1609091233203059,0.16696454392265273,0.5146209045760908,1.0
Zm00001eb404830,2,0.5869565217391304,0.7391304347826086,0.5392433653303217,0,0.5625,23,4,19,0.2634915106426677,0.24599884792980517,0.8722737571561312,1.0
Zm00001eb404850,3,0.5714285714285714,0.5714285714285714,0.6604905929983329,0,1.1174242424242424,21,12,9,0.19416575549825985,0.2356833707069676,0.9510286632844371,1.0
Zm00001eb404860,2,0.6842105263157895,0.6842105263157895,1.0,0,0.6666666666666666,19,3,16,0.15220255572976624,0.2170025103313537,1.0,1.0
Zm00001eb404870,1,0.6190476190476191,0.6190476190476191,1.0,0,1.0,21,18,3,1.409841892495222,1.0618685468373161,1.0,1.0
Zm00001eb404980,2,0.2894736842105263,0.3157894736842105,1.0,0,,19,16,3,0.34286791882361417,0.37404372200461533,1.0,1.0
Zm00001eb404990,2,0.4473684210526315,0.47368421052631576,0.5170278637770898,0,,19,13,6,0.5577147486710463,0.6079556402767269,0.8580896944414413,1.0
Zm00001eb405040,3,0.5789473684210527,0.5789473684210527,0.22807017543859648,0,1.4801587301587302,19,3,16,0.7179772815460584,0.5771148680762751,0.5283846681973443,1.0
Zm00001eb405190,2,0.2857142857142857,0.2857142857142857,1.0,0,,21,4,17,0.6628487644210507,0.7497439412267685,1.0,1.0
Zm00001eb405210,1,0.42857142857142855,0.42857142857142855,0.5263157894736843,0,,21,18,3,0.3083736148025543,0.3491568555842933,0.5263157894736843,1.0
Zm00001eb405330,2,0.3333333333333333,0.3333333333333333,1.0,0,,18,3,15,1.0313889958522586,0.894160743252762,1.0,1.0
Zm00001eb405390,2,0.5454545454545454,0.6363636363636364,0.3842105263157895,0,0.5215277777777778,22,9,13,0.6286137739358909,1.242713438355862,0.7517327266520155,1.0
Zm00001eb405420,2,0.45454545454545453,0.45454545454545453,1.0,0,0.8333333333333334,11,3,8,2.405159840257367,3.0902645816551684,1.0,1.0
Zm00001eb405650,1,0.3333333333333333,0.3333333333333333,1.0,0,,21,17,4,0.504462338929365,0.4808492711920681,1.0,1.0
Zm00001eb405850,3,0.6,0.65,0.24210526315789477,0,4.166666666666667,20,8,12,1.7710723697220558,1.9950836542922494,0.30985720890470186,1.0
Zm00001eb406000,1,0.5294117647058824,0.5294117647058824,1.0,0,0.6,17,6,11,0.7178976851676964,0.904889495552348,1.0,1.0
Zm00001eb406300,1,0.5333333333333333,0.5333333333333333,0.6003996003996004,0,2.6666666666666665,15,10,5,0.44944814056912885,0.5253909055248837,0.6003996003996004,1.0
Zm00001eb406370,3,0.5714285714285715,0.6190476190476191,0.36145510835913314,0,0.7283950617283951,21,10,11,0.3269712664169101,0.3912458708712019,0.8159505073463539,1.0
Zm00001eb406400,1,0.43478260869565216,0.43478260869565216,1.0,0,0.5,23,18,5,0.5712638618066354,0.5271475825940823,1.0,1.0
Zm00001eb406420,6,0.5507246376811594,0.6086956521739131,0.21739130434782605,0,1.24,23,12,11,0.38890138854507933,0.5771230478408935,0.9657002963241031,1.0
Zm00001eb406440,4,0.5,0.5555555555555556,0.6370663650075414,0,0.9066666666666665,18,11,7,0.7770874166868875,1.0352143070598931,0.986454016544938,1.0
Zm00001eb406450,6,0.5303030303030303,0.6363636363636364,0.35009147199549684,0,2.605769230769231,22,7,15,0.33719364820725384,0.6209812104263523,0.9393474263153336,1.0
Zm00001eb406520,2,0.6818181818181819,0.8636363636363636,0.2597402597402597,0,0.1111111111111111,22,3,19,0.3307673256579689,0.3796773051589096,0.25837233523706865,1.0
Zm00001eb406760,1,0.5454545454545454,0.5454545454545454,1.0,0,1.3333333333333333,22,8,14,0.262230935540202,0.3158301207816348,1.0,1.0
Zm00001eb406810,4,0.6477272727272727,0.8181818181818182,0.006191950464396284,1,11.333333333333334,22,14,8,0.23574356360947724,0.5043621358588898,0.026723183059125747,1.0
Zm00001eb406840,1,0.4090909090909091,0.4090909090909091,1.0,0,0.6,22,16,6,0.290143306174453,0.41223960757754335,1.0,1.0
Zm00001eb406860,5,0.6347826086956522,0.7391304347826086,0.46245059288537543,0,1.659375,23,17,6,0.3293753494391223,0.6392568399555763,0.9472589011386444,1.0
Zm00001eb406890,3,0.6190476190476191,0.7142857142857143,0.4285714285714286,0,1.75,7,3,4,0.6284560310762551,0.8145651282756254,0.9455377253552444,1.0
Zm00001eb406900,1,0.4,0.4,1.0,0,0.7333333333333333,20,6,14,0.5871379978231804,0.9035108596507323,1.0,1.0
Zm00001eb407020,2,0.6666666666666666,0.7333333333333333,0.22857142857142856,0,8.0,15,9,6,0.19441714236614924,0.22070691179369437,0.2108891107867893,1.0
Zm00001eb407170,1,0.5555555555555556,0.5555555555555556,1.0,0,1.5,9,4,5,1.2208950545861397,1.9514466294528532,1.0,1.0
Zm00001eb407240,1,0.5263157894736842,0.5263157894736842,1.0,0,0.9523809523809523,19,7,12,0.46212043935967806,0.5544687158571955,1.0,1.0
Zm00001eb407250,4,0.3611111111111111,0.4444444444444444,1.0,0,0.75,18,3,15,0.9670574822586663,0.8450463844622764,1.0,1.0
Zm00001eb407530,1,0.5625,0.5625,0.6328671328671328,0,0.5,16,6,10,0.3163302121359075,0.3965539709125824,0.6328671328671328,1.0
Zm00001eb407550,1,0.5263157894736842,0.5263157894736842,0.2554179566563468,0,,19,6,13,0.3578814871565444,0.8010767451321393,0.2554179566563468,1.0
Zm00001eb407660,7,0.6583850931677019,0.9130434782608695,0.0006240898689411275,1,2.192962962962963,23,7,16,0.6853604919391516,1.3694421818814548,0.08226054650121137,1.0
Zm00001eb407680,3,0.6349206349206349,0.7142857142857143,0.1588235294117647,0,2.869047619047619,21,9,12,0.2570583565155169,0.6794783373857625,0.37905443802647276,1.0
Zm00001eb407710,3,0.5499999999999999,0.65,0.30340557275541796,0,2.6666666666666665,20,10,10,0.8340393262620344,1.9579781185903327,0.8810695806467231,1.0
Zm00001eb407800,1,0.8181818181818182,0.8181818181818182,0.13547505126452494,0,0.125,22,4,18,0.5020808660287993,0.3736930440372949,0.13547505126452494,1.0
Zm00001eb407810,3,0.5606060606060607,0.7272727272727273,1.0,0,1.0069444444444444,22,3,19,0.4490983183132554,0.33965963548976613,1.0,1.0
Zm00001eb407840,1,0.6363636363636364,0.6363636363636364,0.21428571428571427,0,,22,3,19,0.5622695661210934,0.42657352365086465,0.21428571428571427,1.0
Zm00001eb407890,1,0.6363636363636364,0.6363636363636364,1.0,0,0.9230769230769231,22,15,7,0.4899010700467043,0.6914947027851083,1.0,1.0
Zm00001eb407990,3,0.5555555555555555,0.6,0.6083916083916083,0,0.6968253968253969,15,8,7,0.43853652553362843,1.0964057362518629,0.9858435175545769,1.0
Zm00001eb408000,1,0.5882352941176471,0.5882352941176471,0.338235294117647,0,0.25,17,12,5,0.7414981499704206,0.7489158039455148,0.338235294117647,1.0
Zm00001eb408020,1,0.4,0.4,1.0,0,0.7333333333333333,20,14,6,0.5030136072045207,0.5785935745663421,1.0,1.0
Zm00001eb408070,2,0.6,0.6,0.4736842105263158,0,0.42857142857142855,20,10,10,0.21161008621711502,0.27571741322486837,0.6705473975447668,1.0
Zm00001eb408080,1,0.391304347826087,0.391304347826087,0.5392433653303219,0,,23,17,6,0.3833433636275806,0.4464697342208969,0.5392433653303219,1.0
Zm00001eb408230,1,0.5333333333333333,0.5333333333333333,1.0,0,0.75,15,8,7,1.3660494117412942,1.5059786126339036,1.0,1.0
Zm00001eb408250,3,0.3666666666666667,0.5,1.0,0,0.5625,20,17,3,0.3443322643405048,0.32792078420668713,1.0,1.0
Zm00001eb408260,1,0.55,0.55,0.6424148606811145,0,0.5,20,9,11,1.6156097050185145,1.9388770949313052,0.6424148606811145,1.0
Zm00001eb408490,3,0.4912280701754386,0.5789473684210527,0.5820433436532507,0,0.2916666666666667,19,15,4,0.4311250939853974,0.5595881816296868,0.9039308811862005,1.0
Zm00001eb408620,1,0.2857142857142857,0.2857142857142857,1.0,0,,21,17,4,0.13735766640813254,0.121252958332822,1.0,1.0
Zm00001eb408640,1,0.45,0.45,1.0,0,1.4,20,12,8,0.13328897003246168,0.15546418133681228,1.0,1.0
Zm00001eb408720,3,0.3968253968253968,0.6190476190476191,0.3107769423558897,0,0.23333333333333334,21,4,17,1.2882210286115203,1.1128323266149145,0.8862072241525418,1.0
Zm00001eb408750,1,0.5652173913043478,0.5652173913043478,0.6842726529090778,0,1.68,23,11,12,0.6669013057506816,1.3036784647055324,0.6842726529090778,1.0
Zm00001eb408760,1,0.2631578947368421,0.2631578947368421,1.0,0,,19,16,3,0.29027920418777625,0.21543740650840157,1.0,1.0
Zm00001eb408850,2,0.675,0.7,0.5210526315789474,0,0.608974358974359,20,6,14,0.7970229289766136,0.9412275364680702,0.860729042002967,1.0
Zm00001eb408940,2,0.8181818181818182,0.8181818181818182,0.33766233766233766,0,0.17647058823529413,22,18,4,1.192381716881555,1.0928177619407953,0.3615919060450559,1.0
Zm00001eb409020,2,0.4545454545454546,0.5,0.27272727272727276,0,0.8571428571428571,22,3,19,1.249516898372668,0.9982015231201623,0.6270771774900714,1.0
Zm00001eb409030,2,0.6000000000000001,0.65,0.1571207430340557,0,0.47500000000000003,20,9,11,0.6760059591652678,0.8482969536879238,0.4479104978142837,1.0
Zm00001eb409230,2,0.6818181818181819,0.7272727272727273,0.08049535603715172,0,0.18594104308390022,22,9,13,0.44647094300900875,0.5589570387616244,0.08359910899860339,1.0
Zm00001eb409390,1,0.6,0.6,1.0,0,0.6,10,4,6,0.7659926092118077,0.9600120643698794,1.0,1.0
Zm00001eb409570,1,0.5263157894736842,0.5263157894736842,0.6026831785345717,0,0.38095238095238093,19,11,8,0.1974188685327677,0.2465098269147846,0.6026831785345717,1.0
Zm00001eb409580,1,0.38095238095238093,0.38095238095238093,1.0,0,1.25,21,6,15,0.2290785165747045,0.6022369172984327,1.0,1.0
Zm00001eb409630,2,0.5,0.5238095238095238,1.0,0,1.2976190476190477,21,12,9,0.21313404188815702,0.27134355332727683,1.0,1.0
Zm00001eb409880,1,0.6842105263157895,0.6842105263157895,1.0,0,0.4166666666666667,19,13,6,0.440895291198419,0.46027688693193786,1.0,1.0
Zm00001eb410080,1,0.5555555555555556,0.5555555555555556,0.2450980392156863,0,,18,3,15,0.4118995459876834,0.4284618259024696,0.2450980392156863,1.0
Zm00001eb410120,2,0.8125,0.8125,0.1357142857142857,0,0.09090909090909091,16,4,12,0.26647547262518834,0.3031567936547501,0.09198882072274221,1.0
Zm00001eb410260,1,0.5909090909090909,0.5909090909090909,1.0,0,0.6666666666666666,22,14,8,0.6112772818974196,0.7013763879579095,1.0,1.0
Zm00001eb410350,1,0.45454545454545453,0.45454545454545453,1.0,0,0.4583333333333333,22,17,5,0.26245425349534224,0.30911270361720133,1.0,1.0
Zm00001eb410420,1,0.5238095238095238,0.5238095238095238,1.0,0,0.6666666666666666,21,11,10,0.6571217119854952,0.8190676067902013,1.0,1.0
Zm00001eb410550,1,0.5714285714285714,0.5714285714285714,1.0,0,0.7,21,4,17,0.3120755651711195,0.30808324630475614,1.0,1.0
Zm00001eb410630,4,0.6805555555555556,0.7777777777777778,0.049113876319758665,1,6.844444444444445,18,7,11,0.44432412882726324,0.5391183753901887,0.06556170755079516,1.0
Zm00001eb410660,1,0.34782608695652173,0.34782608695652173,1.0,0,0.875,23,18,5,0.5187941447933717,0.5066827537392686,1.0,1.0
Zm00001eb410860,4,0.6470588235294118,0.7058823529411765,0.2941176470588236,0,2.1155844155844155,17,4,13,0.6835245943593173,0.7733995431709747,0.9023159765511374,1.0
Zm00001eb410890,1,0.6470588235294118,0.6470588235294118,1.0,0,1.25,17,5,12,0.25378231829593156,0.3163705148051125,1.0,1.0
Zm00001eb410920,2,0.6470588235294118,0.6470588235294118,0.3042986425339366,0,4.0,17,11,6,0.5082715792255382,0.5897621039299493,0.6663366388423433,1.0
Zm00001eb411100,1,0.55,0.55,1.0,0,2.25,20,10,10,0.3550653191536439,0.43617840238089667,1.0,1.0
Zm00001eb411700,1,0.42857142857142855,0.42857142857142855,1.0,0,,14,11,3,0.39366436939216726,0.5304909590906782,1.0,1.0
Zm00001eb413000,1,0.5294117647058824,0.5294117647058824,1.0,0,1.2,17,9,8,0.09597092909429478,0.13292578313884715,1.0,1.0
Zm00001eb413340,3,0.607843137254902,0.7058823529411765,0.08235294117647059,0,0.9393939393939393,17,4,13,0.11875794476829166,0.10291985045787035,0.5446493447469434,1.0
Zm00001eb413390,2,0.4473684210526315,0.47368421052631576,0.5304437564499483,0,0.625,19,14,5,0.41462040125298416,0.49724078949017325,0.8667670299978317,1.0
Zm00001eb413540,1,0.6111111111111112,0.6111111111111112,1.0,0,1.5,18,13,5,0.8350936291296914,0.8134161281444228,1.0,1.0
Zm00001eb413700,1,0.65,0.65,0.5368421052631579,0,0.2727272727272727,20,17,3,0.5393781454123191,1.13494029349146,0.5368421052631579,1.0
Zm00001eb413710,1,0.5217391304347826,0.5217391304347826,1.0,0,0.5,23,12,11,0.4942124036646067,0.764464505478716,1.0,1.0
Zm00001eb414020,2,0.5714285714285714,0.5714285714285714,1.0,0,1.5,14,8,6,0.17697384991045423,0.2211726562341801,1.0,1.0
Zm00001eb414050,4,0.65,0.8,0.0889110889110889,0,5.8125,15,5,10,0.21942080276711012,0.25297220844154616,0.36225435487514257,1.0
Zm00001eb414060,1,0.5333333333333333,0.5333333333333333,0.5054945054945055,0,,15,10,5,1.1250761310250976,1.09944826136079,0.5054945054945055,1.0
Zm00001eb414530,2,0.6,0.6,1.0,0,1.6666666666666667,20,16,4,0.42964356106064433,0.37937406833519477,1.0,1.0
Zm00001eb414640,2,0.6470588235294118,0.6470588235294118,0.5927601809954751,0,0.3333333333333333,17,12,5,0.7017438783900996,2.342791696662492,0.7188677077574659,1.0
Zm00001eb414700,2,0.5,0.5555555555555556,0.5220588235294118,0,2.2857142857142856,18,15,3,0.2645783331668492,0.311760594089551,0.8613840118921051,1.0
Zm00001eb414740,1,0.6923076923076923,0.6923076923076923,0.26573426573426573,0,6.0,13,6,7,1.1378062974910037,1.572820151277966,0.26573426573426573,1.0
Zm00001eb414780,3,0.5499999999999999,0.7,1.0,0,1.625,20,17,3,0.3470589322186631,0.29413483221456854,1.0,1.0
Zm00001eb414950,3,0.543859649122807,0.6842105263157895,0.24509803921568626,0,0.75,19,15,4,0.28398649058276326,0.6603367363336882,0.8320223918706965,1.0
Zm00001eb414960,1,0.65,0.65,0.15768833849329203,0,0.14285714285714285,20,8,12,0.6343123811990481,1.0591138334899526,0.15768833849329203,1.0
Zm00001eb414980,2,0.6818181818181819,0.8181818181818182,0.08008658008658008,0,10.625,11,5,6,0.907368071554785,1.0702588272778952,0.28227692251555847,1.0
Zm00001eb415000,1,0.3684210526315789,0.3684210526315789,1.0,0,,19,14,5,0.2869552840191161,0.3132562416940912,1.0,1.0
Zm00001eb415010,2,0.42500000000000004,0.45,1.0,0,0.9595959595959596,20,16,4,0.3064976358734676,0.7300017773965227,1.0,1.0
Zm00001eb415030,2,0.75,0.8,0.0608875128998968,0,6.6923076923076925,20,14,6,0.6934607875201453,0.7470876997828719,0.14119894600539848,1.0
Zm00001eb415410,1,0.3,0.3,1.0,0,,20,17,3,0.12054121038700312,0.1117022997742587,1.0,1.0
Zm00001eb415460,2,0.5909090909090908,0.6363636363636364,0.49090909090909096,0,0.3,11,8,3,0.33916113728511615,0.3339311257603094,0.6205890973443804,1.0
Zm00001eb415510,1,0.5,0.5,1.0,0,2.0,14,10,4,0.7612852083251485,1.2764478426202144,1.0,1.0
Zm00001eb415520,6,0.3333333333333333,0.5416666666666666,0.5464426877470356,0,2.2,24,21,3,0.6036614781908934,0.7118648361140965,0.9984449955623864,1.0
Zm00001eb415610,1,0.5882352941176471,0.5882352941176471,0.622069107363225,0,0.4,17,10,7,0.855988856432271,1.049448494269348,0.622069107363225,1.0
Zm00001eb415630,2,0.5,0.5416666666666666,1.0,0,1.3246753246753247,24,16,8,0.2166423611529168,0.30836108248166383,1.0,1.0
Zm00001eb415640,1,0.8,0.8,0.18333333333333332,0,12.0,10,3,7,0.6241485102332042,0.7915717682224178,0.18333333333333332,1.0
Zm00001eb415690,5,0.49000000000000005,0.7,0.5210526315789473,0,0.851851851851852,20,6,14,0.3437544769048813,0.384280290377758,0.9908421772039041,1.0
Zm00001eb415700,4,0.5921052631578947,0.7368421052631579,0.1173890608875129,0,2.8975468975468974,19,7,12,0.7201158084641807,0.9387944164229846,0.26267692570904694,1.0
Zm00001eb416090,2,0.5869565217391304,0.6521739130434783,0.36303674787993,0,1.1426767676767677,23,7,16,0.2954901112551629,0.5298776432405305,0.5803945555174244,1.0
Zm00001eb416210,1,0.6363636363636364,0.6363636363636364,0.19480519480519481,0,,22,10,12,0.20253959628315962,0.23545547029202715,0.19480519480519481,1.0
Zm00001eb416220,1,0.5909090909090909,0.5909090909090909,0.6550199026979213,0,0.6,22,16,6,0.6090884670421176,1.2282119443852737,0.6550199026979213,1.0
Zm00001eb416330,3,0.4305555555555556,0.5833333333333334,0.5464426877470356,0,0.375,24,21,3,1.2206802112229167,0.9234655796579083,0.8889234067222792,1.0
Zm00001eb416410,2,0.55,0.55,1.0,0,1.5,20,11,9,0.5030274127292043,1.09071731473633,1.0,1.0
Zm00001eb416430,1,0.5416666666666666,0.5416666666666666,0.4818840579710145,0,,24,13,11,0.32078551271656064,0.773944671508342,0.4818840579710145,1.0
Zm00001eb416490,2,0.6818181818181818,0.6818181818181818,1.0,0,0.8571428571428571,22,4,18,0.6899585068649695,0.45109996085549603,1.0,1.0
Zm00001eb416550,1,0.6428571428571429,0.6428571428571429,0.5384615384615384,0,3.5,14,11,3,0.4597029869557003,0.575706914952792,0.5384615384615384,1.0
Zm00001eb416750,1,0.34782608695652173,0.34782608695652173,1.0,0,,23,17,6,0.24479005786506558,0.2591132854859366,1.0,1.0
Zm00001eb416770,4,0.5208333333333333,0.5416666666666666,1.0,0,1.2285714285714286,24,12,12,0.14728013840537083,0.20558070822755778,1.0,1.0
Zm00001eb416780,4,0.6309523809523809,0.6666666666666666,0.3253722541648239,0,1.917361111111111,21,13,8,0.5780837600004729,0.6901413974675161,0.6296017929084852,1.0
Zm00001eb416800,3,0.6666666666666666,0.7058823529411765,0.5147058823529411,0,2.2777777777777777,17,5,12,0.4096463850832008,0.6417987358701752,0.8505419130995638,1.0
Zm00001eb417000,1,0.5652173913043478,0.5652173913043478,1.0,0,0.9545454545454546,23,5,18,0.2424580559859977,0.4728030305587261,1.0,1.0
Zm00001eb417150,3,0.5694444444444445,0.625,0.6146245059288538,0,1.2050665383998718,24,14,10,0.19014346736703022,0.22937859250949652,0.8380807726087168,1.0
Zm00001eb417200,2,0.41304347826086957,0.43478260869565216,0.5392433653303219,0,0.5,23,18,5,0.15662925625878008,0.18405488647989474,0.8722737571561314,1.0
Zm00001eb417220,1,0.4782608695652174,0.4782608695652174,1.0,0,1.4,23,9,14,0.15804817815303632,0.17574527001423337,1.0,1.0
Zm00001eb417400,1,0.6,0.6,0.21842105263157896,0,,20,11,9,0.7048553584338262,0.8899011935107456,0.21842105263157896,1.0
Zm00001eb417410,1,0.6363636363636364,0.6363636363636364,0.4545454545454546,0,,11,6,5,0.38670963003809083,0.46960988376712337,0.4545454545454546,1.0
Zm00001eb417440,3,0.6666666666666666,0.782608695652174,0.2569169960474308,0,0.3550420168067227,23,19,4,0.7497591591096338,0.9451788109982884,0.4848903118140352,1.0
Zm00001eb417450,2,0.5416666666666667,0.5833333333333334,0.42122089110243643,0,1.6666666666666667,24,10,14,0.32657659179071813,0.36170781780960476,0.7854075893832266,1.0
Zm00001eb417480,1,0.5416666666666666,0.5416666666666666,0.35094653630122735,0,4.0,24,9,15,0.4373672106552052,0.5321814823996305,0.35094653630122735,1.0
Zm00001eb417620,1,0.75,0.75,0.5087719298245614,0,0.42857142857142855,20,3,17,0.7307712280155939,0.7607648799911396,0.5087719298245614,1.0
Zm00001eb417630,2,0.45238095238095233,0.47619047619047616,0.6243550051599587,0,2.109090909090909,21,16,5,0.7342822996243592,1.209203166724268,0.9184487854336991,1.0
Zm00001eb417650,1,0.5,0.5,0.5210526315789474,0,,20,7,13,0.2371413506137363,0.33324606377062144,0.5210526315789474,1.0
Zm00001eb417660,7,0.5844155844155844,0.7727272727272727,0.03636363636363637,2,0.7297517297517296,22,8,14,1.197095286854194,1.4030936051071177,0.3796561175192249,1.0
Zm00001eb417810,3,0.6086956521739131,0.6086956521739131,0.21739130434782608,0,4.125,23,12,11,0.30964854572682093,0.4189679171070359,0.2100143878979407,1.0
Zm00001eb417960,1,0.5238095238095238,0.5238095238095238,1.0,0,1.1428571428571428,21,11,10,0.14512804590903358,0.1921904397544959,1.0,1.0
Zm00001eb418010,2,0.55,0.6,0.5210526315789474,0,0.75,20,7,13,1.5296310054416007,1.409356836086721,0.860729042002967,1.0
Zm00001eb418020,2,0.525,0.65,0.5376676986584107,0,1.0,20,16,4,0.17684193666501052,0.1686007521808209,0.8712983395681991,1.0
Zm00001eb418040,1,0.4166666666666667,0.4166666666666667,0.5296442687747036,0,,24,21,3,0.37736966441928715,1.1159391761234414,0.5296442687747036,1.0
Zm00001eb418070,1,0.6666666666666666,0.6666666666666666,0.530827067669173,0,0.25,21,8,13,0.3819036762613848,0.671096110798691,0.530827067669173,1.0
Zm00001eb418150,2,0.5217391304347826,0.5217391304347826,1.0,0,1.121212121212121,23,11,12,0.3869581574278218,0.6145086216964247,1.0,1.0
Zm00001eb418180,2,0.5416666666666666,0.6666666666666666,0.5227272727272728,0,4.0,12,9,3,0.3937704955097905,0.4015514484667145,0.8618180594033992,1.0
Zm00001eb418370,2,0.6764705882352942,0.7058823529411765,0.24999999999999994,0,0.5240740740740741,17,13,4,0.21059046366264594,0.1798129197721064,0.5965735902799727,1.0
Zm00001eb418650,1,0.7368421052631579,0.7368421052631579,0.22187822497420018,0,6.0,19,13,6,0.5196062555352994,0.6022763922034857,0.22187822497420018,1.0
Zm00001eb418750,1,0.8,0.8,0.03740970072239422,1,0.08333333333333333,20,6,14,0.6116297201894406,0.7231849883901805,0.03740970072239422,1.0
Zm00001eb418920,1,0.38095238095238093,0.38095238095238093,1.0,0,,21,6,15,0.4369588083567108,0.624112958400927,1.0,1.0
Zm00001eb418940,1,0.2727272727272727,0.2727272727272727,1.0,0,,22,18,4,0.6704372114135073,0.6115524841735048,1.0,1.0
Zm00001eb419190,1,0.23809523809523808,0.23809523809523808,1.0,0,,21,18,3,0.888075157595346,0.7412056173697464,1.0,1.0
Zm00001eb419490,1,0.2916666666666667,0.2916666666666667,1.0,0,,24,19,5,0.3302421470829607,0.57222880645808,1.0,1.0
Zm00001eb419500,2,0.6666666666666666,0.6666666666666666,0.15495259888852567,0,4.803571428571429,24,18,6,0.8786439157418641,0.8564183869331916,0.3204267383070422,1.0
Zm00001eb419590,1,0.4166666666666667,0.4166666666666667,0.536231884057971,0,,24,16,8,0.29316197585011,0.3774012053051098,0.536231884057971,1.0
Zm00001eb419670,1,0.375,0.375,1.0,0,1.4285714285714286,24,18,6,0.8948017332244022,1.203907102025172,1.0,1.0
Zm00001eb420380,1,0.5555555555555556,0.5555555555555556,1.0,0,0.75,9,4,5,1.3260662787329018,1.8362556025555135,1.0,1.0
Zm00001eb420610,1,0.6190476190476191,0.6190476190476191,0.6107916850950906,0,0.4,21,5,16,0.4061786267432381,0.4146255588390449,0.6107916850950906,1.0
Zm00001eb420640,1,0.5238095238095238,0.5238095238095238,1.0,0,1.1428571428571428,21,10,11,0.4498646426061585,0.6915272331317728,1.0,1.0
Zm00001eb420820,1,0.4782608695652174,0.4782608695652174,0.6213854795090492,0,0.36666666666666664,23,17,6,0.24664130779740767,0.4859809334666404,0.6213854795090492,1.0
Zm00001eb420920,3,0.48484848484848486,0.5909090909090909,0.6351172047766476,0,1.8126984126984127,22,16,6,0.32981792425691486,0.4054419585783353,0.9888642026047422,1.0
Zm00001eb420940,1,0.6190476190476191,0.6190476190476191,0.6177109440267334,0,0.5454545454545454,21,4,17,0.7746853417886849,0.7683319349309036,0.6177109440267334,1.0
Zm00001eb420990,3,0.5555555555555555,0.7619047619047619,0.48872180451127817,0,1.5227272727272727,21,17,4,0.5784011108891403,0.4416366748651774,0.8799862476663545,1.0
Zm00001eb421160,3,0.6166666666666667,0.65,0.19680876399142655,0,2.4793650793650794,20,8,12,0.23431639855859202,0.33031355466454504,0.776742174906555,1.0
Zm00001eb421180,2,0.35416666666666663,0.375,1.0,0,0.7,24,5,19,0.7749492929697485,0.6140076268499954,1.0,1.0
Zm00001eb421220,1,0.5652173913043478,0.5652173913043478,1.0,0,1.0476190476190477,23,9,14,0.5178443748875227,0.7328526965061387,1.0,1.0
Zm00001eb421400,1,0.5454545454545454,0.5454545454545454,0.4805194805194805,0,,22,10,12,0.3765442242981869,0.5225301061718837,0.4805194805194805,1.0
Zm00001eb421540,1,0.5714285714285714,0.5714285714285714,1.0,0,0.7272727272727273,21,9,12,0.6408586250694236,1.0703747720420436,1.0,1.0
Zm00001eb421550,1,0.5555555555555556,0.5555555555555556,1.0,0,0.6666666666666666,9,5,4,0.16073488117971418,0.20727119743132574,1.0,1.0
Zm00001eb421610,1,0.3333333333333333,0.3333333333333333,1.0,0,,24,4,20,0.6521208157853466,0.5111406427933491,1.0,1.0
Zm00001eb421700,2,0.7173913043478262,0.782608695652174,0.19367588932806326,0,4.166666666666666,23,5,18,0.41434339224623346,0.38770483899681324,0.24647675365079585,1.0
Zm00001eb421720,3,0.6231884057971014,0.7391304347826086,0.06864988558352401,0,8.0,23,7,16,0.6816579521290138,0.738456339159261,0.13468936621982894,1.0
Zm00001eb421830,1,0.6956521739130435,0.6956521739130435,1.0,0,0.8,23,5,18,0.42028929690536143,0.39835645058398444,1.0,1.0
Zm00001eb421930,1,0.3181818181818182,0.3181818181818182,1.0,0,,22,5,17,0.7911170262976657,0.6564602729969317,1.0,1.0
Zm00001eb422190,1,0.5454545454545454,0.5454545454545454,1.0,0,2.0,11,6,5,1.5977311637777583,1.786140140175624,1.0,1.0
Zm00001eb422370,2,0.5454545454545454,0.6363636363636364,0.5454545454545454,0,2.2666666666666666,11,8,3,0.6557194344977717,0.8178964015163783,0.8760740746747175,1.0
Zm00001eb422400,1,0.5625,0.5625,1.0,0,1.4,16,7,9,3.2833432535739804,4.732020871936222,1.0,1.0
Zm00001eb422480,2,0.6136363636363635,0.6818181818181818,0.09022556390977443,0,1.6875,22,11,11,0.5208615643010422,0.7234163532624583,0.3072579679789852,1.0
Zm00001eb422500,1,0.6363636363636364,0.6363636363636364,0.3107769423558897,0,5.714285714285714,22,11,11,0.6044895388608716,0.8120072551243298,0.3107769423558897,1.0
Zm00001eb422580,1,0.6,0.6,0.6562817986966593,0,2.25,20,10,10,0.13823824475132224,0.18956269609255644,0.6562817986966593,1.0
Zm00001eb422790,1,0.5625,0.5625,1.0,0,0.5555555555555556,16,11,5,0.42072824694557087,0.47845414287889887,1.0,1.0
Zm00001eb422820,1,0.6,0.6,0.32853457172342626,0,5.142857142857143,20,13,7,0.4714004765915224,0.8348394083736389,0.32853457172342626,1.0
Zm00001eb422950,1,0.5384615384615384,0.5384615384615384,1.0,0,2.0,13,7,6,0.12095555161857598,0.1548729074400292,1.0,1.0
Zm00001eb423050,1,0.5909090909090909,0.5909090909090909,0.47619047619047616,0,,22,11,11,0.6975884479470035,0.8209123496120453,0.47619047619047616,1.0
Zm00001eb423070,2,0.7333333333333333,0.7333333333333333,0.4761904761904762,0,0.3,15,4,11,0.7671338290430022,0.6489066648051319,0.5632368910337315,1.0
Zm00001eb423370,1,0.6111111111111112,0.6111111111111112,0.6078431372549019,0,2.4,18,13,5,0.8216869966987329,1.5576972546634331,0.6078431372549019,1.0
Zm00001eb423600,1,0.5789473684210527,0.5789473684210527,0.6499166468206716,0,0.5,19,10,9,0.6318089198316836,1.2103917803005546,0.6499166468206716,1.0
Zm00001eb423920,1,0.3888888888888889,0.3888888888888889,1.0,0,1.0,18,6,12,0.7008039430885362,2.005293086419372,1.0,1.0
Zm00001eb424380,4,0.5340909090909092,0.7272727272727273,0.2828595553053757,0,0.4426923076923077,22,6,16,0.3532383737131932,0.4651628584551025,0.8281233477930141,1.0
Zm00001eb424410,2,0.5227272727272727,0.5454545454545454,0.6461742591773553,0,1.4285714285714286,22,10,12,0.5200686869085008,0.6578822193479887,0.9283495508316418,1.0
Zm00001eb424480,1,0.5294117647058824,0.5294117647058824,1.0,0,0.875,17,9,8,0.4863446861892277,0.5859341766772858,1.0,1.0
Zm00001eb424590,3,0.38095238095238093,0.38095238095238093,1.0,0,1.25,21,15,6,0.4042368367871309,0.43304808606440837,1.0,1.0
Zm00001eb424690,1,0.35,0.35,1.0,0,,20,17,3,0.41886192074826106,0.7420433964068295,1.0,1.0
Zm00001eb424700,2,0.7391304347826086,0.7391304347826086,0.46245059288537543,0,3.2,23,17,6,0.4999342565409638,0.7174547199929987,0.5437257172505285,1.0
Zm00001eb424840,1,0.8333333333333334,0.8333333333333334,0.4000000000000001,0,,6,3,3,0.35192077497509144,0.400089335986495,0.4000000000000001,1.0
Zm00001eb424960,1,0.55,0.55,1.0,0,1.2857142857142858,20,11,9,0.6315131994349656,1.9345743068531152,1.0,1.0
Zm00001eb425180,2,0.5952380952380952,0.6666666666666666,0.1826625386996904,0,2.85,21,10,11,0.569925389244021,0.7071815098501437,0.4932098386368401,1.0
Zm00001eb425270,1,0.5714285714285714,0.5714285714285714,0.6594427244582044,0,1.9444444444444444,21,11,10,0.48122947789736337,0.6339442389802085,0.6594427244582044,1.0
Zm00001eb425300,3,0.5217391304347826,0.6521739130434783,0.5375494071146244,0,1.6408730158730158,23,14,9,0.36096030236926674,0.6446933485175902,0.9747868949672175,1.0
Zm00001eb425400,1,0.75,0.75,0.4473684210526315,0,0.2857142857142857,20,15,5,0.3024827972308607,0.3119713047562551,0.4473684210526315,1.0
Zm00001eb425460,4,0.6428571428571428,0.7857142857142857,0.030969030969030965,1,1.65,14,6,8,0.90796109403021,1.0922726863762044,0.22633332983489865,1.0
Zm00001eb425520,1,0.6153846153846154,0.6153846153846154,0.5920745920745922,0,2.6666666666666665,13,6,7,0.30682760281113686,0.39513790339931915,0.5920745920745922,1.0
Zm00001eb425530,1,0.5454545454545454,0.5454545454545454,0.6913550845439389,0,1.5,22,12,10,0.3341339625443688,0.5749461226299944,0.6913550845439389,1.0
Zm00001eb425560,1,0.4090909090909091,0.4090909090909091,1.0,0,1.1666666666666667,22,14,8,0.5422443609447531,0.5549528056099395,1.0,1.0
Zm00001eb425660,5,0.5272727272727272,0.8636363636363636,0.25974025974025977,0,2.8980113636363636,22,19,3,0.5002148861505534,0.3591667608826221,0.987698849436569,1.0
Zm00001eb425720,1,0.6666666666666666,0.6666666666666666,0.1515837104072398,0,7.0,18,8,10,0.1403848446978436,0.2143250711244325,0.1515837104072398,1.0
Zm00001eb425800,1,0.46153846153846156,0.46153846153846156,1.0,0,1.5,13,9,4,0.630722745355006,0.7226443277492253,1.0,1.0
Zm00001eb425810,1,0.6923076923076923,0.6923076923076923,1.0,0,0.375,13,4,9,0.546271305624199,0.5698893865356867,1.0,1.0
Zm00001eb425850,2,0.6190476190476191,0.7142857142857143,0.5,0,1.6857142857142855,21,15,6,0.2858048669530275,0.557050995504273,0.695549633141775,1.0
Zm00001eb425930,1,0.65,0.65,0.34726522187822506,0,3.0,20,8,12,0.21559567689548711,0.26237411282834994,0.34726522187822506,1.0
Zm00001eb425960,2,0.6000000000000001,0.8,0.4035087719298246,0,3.75,20,17,3,0.6031032641446168,0.6873420575588527,0.5495866530320038,1.0
Zm00001eb426060,1,0.42105263157894735,0.42105263157894735,1.0,0,0.625,19,5,14,0.2558995693237569,0.29436048150231636,1.0,1.0
Zm00001eb426070,1,0.8260869565217391,0.8260869565217391,0.35629587803500845,0,0.2222222222222222,23,3,20,0.13947267433265712,0.13404501998660537,0.35629587803500845,1.0
Zm00001eb426220,1,0.7083333333333334,0.7083333333333334,0.08501490881353582,0,6.0,24,14,10,0.22763760282827383,0.26775879474407127,0.08501490881353582,1.0
Zm00001eb426230,1,0.5238095238095238,0.5238095238095238,1.0,0,1.1666666666666667,21,13,8,1.0992346521859122,1.3732600323552702,1.0,1.0
Zm00001eb426270,1,0.6666666666666666,0.6666666666666666,0.3212669683257919,0,0.25,18,10,8,0.7873002864536045,1.2964845470656041,0.3212669683257919,1.0
Zm00001eb426500,1,0.6190476190476191,0.6190476190476191,1.0,0,0.5833333333333334,21,8,13,0.4439632890693476,0.6405862826616519,1.0,1.0
Zm00001eb426580,1,0.5789473684210527,0.5789473684210527,0.6284829721362228,0,0.42857142857142855,19,9,10,0.545516321021165,0.9591466201020356,0.6284829721362228,1.0
Zm00001eb426610,1,0.75,0.75,0.12622377622377623,0,0.11428571428571428,16,9,7,0.28729900823645516,0.560580629799163,0.12622377622377623,1.0
Zm00001eb426620,6,0.6060606060606061,0.8636363636363636,0.0007036307345904869,1,1.4266666666666665,22,12,10,0.9300460294580521,1.3469933123736169,0.17893842058193032,1.0
Zm00001eb426650,1,0.4375,0.4375,1.0,0,1.25,16,6,10,0.9462903518795691,1.301080014614058,1.0,1.0
Zm00001eb426700,2,0.6428571428571428,0.8095238095238095,0.12781954887218047,0,10.0,21,3,18,0.21941113505712956,0.20109774594362942,0.24702470638781887,1.0
Zm00001eb426720,1,0.5263157894736842,0.5263157894736842,1.0,0,1.1666666666666667,19,6,13,0.4508515649692052,0.5281491665868584,1.0,1.0
Zm00001eb426730,2,0.36363636363636365,0.36363636363636365,1.0,0,,22,6,16,0.6951745160788261,0.7772956474447846,1.0,1.0
Zm00001eb426920,2,0.4318181818181818,0.45454545454545453,0.289891395154553,0,,22,17,5,0.5776603281620135,0.7614143120028303,0.4442514047168715,1.0
Zm00001eb426980,1,0.5714285714285714,0.5714285714285714,0.3383458646616541,0,0.25,21,12,9,0.8563824794771231,1.2163047420535864,0.3383458646616541,1.0
Zm00001eb426990,1,0.2857142857142857,0.2857142857142857,1.0,0,,21,4,17,0.44188008482650964,0.37844427328425234,1.0,1.0
Zm00001eb427060,1,0.7,0.7,0.16980233388902116,0,0.16666666666666666,20,8,12,0.22363042495464777,0.2713949318219685,0.16980233388902116,1.0
Zm00001eb427180,1,0.6086956521739131,0.6086956521739131,0.6500201911428185,0,0.45,23,10,13,0.6077428380635385,0.7657103257873528,0.6500201911428185,1.0
Zm00001eb427210,1,0.6666666666666666,0.6666666666666666,1.0,0,0.8,24,7,17,0.5119463612542776,0.5119455295183664,1.0,1.0
Zm00001eb427250,1,0.5416666666666666,0.5416666666666666,1.0,0,1.4,24,13,11,0.49187525161537776,0.6240147605502123,1.0,1.0
Zm00001eb427320,2,0.45833333333333337,0.5,1.0,0,0.7777777777777778,12,8,4,2.878609656019789,3.518741772274863,1.0,1.0
Zm00001eb427400,1,0.25,0.25,1.0,0,,20,17,3,2.3627408179297094,2.247391331972937,1.0,1.0
Zm00001eb427410,1,0.7083333333333334,0.7083333333333334,0.059288537549407126,0,,24,14,10,0.6512001916086284,0.8747425441150928,0.059288537549407126,1.0
Zm00001eb427420,1,0.7272727272727273,0.7272727272727273,1.0,0,0.6,22,4,18,0.29556411670577715,0.27335889732875435,1.0,1.0
Zm00001eb427460,2,0.5681818181818181,0.5909090909090909,0.661919504643963,0,0.8177777777777778,22,8,14,0.42594862338761796,0.6004596549831231,0.9350349882546749,1.0
Zm00001eb427480,1,0.5217391304347826,0.5217391304347826,1.0,0,2.0,23,3,20,0.35954817981463116,0.36420115454529095,1.0,1.0
Zm00001eb427540,1,0.6956521739130435,0.6956521739130435,1.0,0,1.25,23,18,5,0.6555021493055543,0.6087952920078213,1.0,1.0
Zm00001eb427560,2,0.6956521739130435,0.6956521739130435,1.0,0,0.8,23,19,4,0.6114497794888326,0.5574592355239857,1.0,1.0
Zm00001eb427580,1,0.7916666666666666,0.7916666666666666,0.3804347826086956,0,4.5,24,19,5,0.4325070847784099,0.5919601013138687,0.3804347826086956,1.0
Zm00001eb427590,1,0.5833333333333334,0.5833333333333334,0.4696969696969696,0,,12,5,7,1.7929216619697763,2.0653431640633553,0.4696969696969696,1.0
Zm00001eb427600,1,0.5,0.5,1.0,0,1.6666666666666667,22,7,15,0.9805270835749453,1.0912504628875663,1.0,1.0
Zm00001eb427610,1,0.36363636363636365,0.36363636363636365,0.5537935748462065,0,,22,4,18,1.5023452637641057,1.4595923568320497,0.5537935748462065,1.0
Zm00001eb427640,1,0.7272727272727273,0.7272727272727273,0.1446606154423492,0,5.333333333333333,22,15,7,0.26170887284291766,0.3003946988330501,0.1446606154423492,1.0
Zm00001eb427660,5,0.575,0.7083333333333334,0.08501490881353582,0,0.6126262626262626,24,14,10,0.47869131601862175,0.5940810056653341,0.7602386467852387,1.0
Zm00001eb427790,1,0.7058823529411765,0.7058823529411765,0.2800581771170006,0,4.5,17,5,12,0.49490458404044185,0.5086352546873628,0.2800581771170006,1.0
Zm00001eb427930,1,0.42857142857142855,0.42857142857142855,0.5321637426900585,0,,21,17,4,0.44872965434879813,0.37046199833615595,0.5321637426900585,1.0
Zm00001eb427950,1,0.4166666666666667,0.4166666666666667,0.5392433653303219,0,,24,18,6,0.8925156486509533,0.944773651971839,0.5392433653303219,1.0
Zm00001eb427960,1,0.45454545454545453,0.45454545454545453,1.0,0,,11,3,8,0.7029328733714139,0.6848043014289897,1.0,1.0
Zm00001eb428040,1,0.8260869565217391,0.8260869565217391,0.019762845849802365,1,,23,7,16,0.8575754476074037,0.8603570765161122,0.019762845849802365,1.0
Zm00001eb428070,1,0.631578947368421,0.631578947368421,0.21052631578947367,0,,19,10,9,0.6829965929109498,0.7727062753549854,0.21052631578947367,1.0
Zm00001eb428100,2,0.5833333333333334,0.5833333333333334,1.0,0,1.5,24,10,14,1.0857989338723775,1.422183985807366,1.0,1.0
Zm00001eb428170,1,0.6818181818181818,0.6818181818181818,0.5272727272727272,0,0.23076923076923078,22,19,3,0.8847894602575894,0.9108045044323371,0.5272727272727272,1.0
Zm00001eb428230,1,0.47619047619047616,0.47619047619047616,0.5047619047619047,0,,21,8,13,0.38331335462684185,0.49770763649558464,0.5047619047619047,1.0
Zm00001eb428410,1,0.8571428571428571,0.8571428571428571,0.07969924812030076,0,16.0,21,17,4,0.4841216134315761,0.37384200417850716,0.07969924812030076,1.0
Zm00001eb428680,5,0.6083333333333334,0.6666666666666666,0.21375689864046304,0,2.7777777777777772,24,12,12,0.5427511653516044,0.670078128268932,0.48736379136014474,1.0
Zm00001eb428800,4,0.5357142857142857,0.6190476190476191,0.2571428571428572,0,0.8333333333333334,21,13,8,0.20936199129381733,0.23967425029385053,0.7571182451749175,1.0
Zm00001eb428810,3,0.5555555555555555,0.5714285714285714,0.48571428571428577,0,0.6666666666666666,21,12,9,0.6167554570423485,0.7866913401682163,0.9631102249258319,1.0
Zm00001eb428910,3,0.5138888888888888,0.5416666666666666,1.0,0,1.1333333333333333,24,12,12,0.40131224464716825,0.5497493507086025,1.0,1.0
Zm00001eb428940,1,0.4782608695652174,0.4782608695652174,1.0,0,0.9642857142857143,23,7,16,0.4292778204322227,0.4271159472678636,1.0,1.0
Zm00001eb429100,1,0.391304347826087,0.391304347826087,0.5392433653303218,0,,23,3,20,0.565599964578845,0.36517111681279696,0.5392433653303218,1.0
Zm00001eb429210,3,0.6666666666666666,0.8260869565217391,0.12456239412761151,0,0.5632541478129713,23,4,19,0.7427205693999589,0.7085104230925617,0.28130725948458246,1.0
Zm00001eb429300,2,0.6739130434782609,0.6956521739130435,0.525691699604743,0,2.1166666666666667,23,16,7,0.34273464112586627,0.41735612916361636,0.6921356279418404,1.0
Zm00001eb429400,1,0.6666666666666666,0.6666666666666666,0.5238095238095238,0,0.25,9,4,5,0.6516309189941181,0.9894523062352036,0.5238095238095238,1.0
Zm00001eb429430,2,0.5625,0.5833333333333334,0.2391304347826087,0,1.5,24,10,14,0.5430770826626782,0.7433249232238046,0.5812653774043038,1.0
Zm00001eb429440,1,0.6666666666666666,0.6666666666666666,1.0,0,0.8,24,7,17,0.3455466448942856,0.41470748902426574,1.0,1.0
Zm00001eb429480,1,0.5909090909090909,0.5909090909090909,0.12064921662444883,0,,22,7,15,0.6018554186225263,0.783011723838869,0.12064921662444883,1.0
Zm00001eb429790,2,0.6578947368421053,0.6842105263157895,0.08668730650154799,0,4.5,19,9,10,0.6490504528288925,0.8332143106862864,0.12198943738033656,1.0
Zm00001eb429850,1,0.6818181818181818,0.6818181818181818,1.0,0,2.3333333333333335,22,7,15,1.0332982929471797,1.3297089616853088,1.0,1.0
Zm00001eb429910,3,0.6470588235294118,0.8235294117647058,0.029411764705882346,1,0.5454545454545454,17,14,3,0.6315334172823062,0.7233855535444168,0.2182485733197867,1.0
Zm00001eb429930,1,0.7,0.7,0.09228387711359848,0,0.16326530612244897,20,11,9,0.6528119202907918,1.038683018144925,0.09228387711359848,1.0
Zm00001eb429950,1,0.6470588235294118,0.6470588235294118,0.5927601809954751,0,3.0,17,12,5,0.9526603396942749,1.1043437798299773,0.5927601809954751,1.0
Zm00001eb430160,2,0.3684210526315789,0.3684210526315789,1.0,0,1.0909090909090908,19,15,4,3.138785423193204,2.9246691989250504,1.0,1.0
Zm00001eb430300,3,0.5833333333333334,0.8333333333333334,0.3115942028985507,0,3.5757575757575757,24,20,4,0.6716307289227004,0.5697833417277978,0.7373645136838907,1.0
Zm00001eb430320,1,0.6818181818181818,0.6818181818181818,0.3340838727835632,0,3.0,22,15,7,1.0239306072090673,1.1281490874084736,0.3340838727835632,1.0
Zm00001eb430340,1,0.5,0.5,0.4927536231884058,0,,24,10,14,0.3068763122177102,0.414075771978725,0.4927536231884058,1.0
Zm00001eb430350,1,0.625,0.625,1.0,0,1.75,24,15,9,0.40263201572738944,0.5832179557218095,1.0,1.0
Zm00001eb430380,1,0.3333333333333333,0.3333333333333333,1.0,0,1.0,24,4,20,0.44467897001861406,0.70500557364354,1.0,1.0
Zm00001eb430450,1,0.4166666666666667,0.4166666666666667,1.0,0,1.8461538461538463,24,19,5,0.5483805837850059,1.7018263786520198,1.0,1.0
Zm00001eb430470,1,0.6818181818181818,0.6818181818181818,1.0,0,0.8571428571428571,22,18,4,0.25472933293795724,0.24803381464419522,1.0,1.0
Zm00001eb430490,2,0.7894736842105263,0.7894736842105263,0.17827657378740971,0,2.4102564102564106,19,4,15,0.5706054298316532,0.6638835480931773,0.2529695014957526,1.0
Zm00001eb430500,2,0.5952380952380952,0.6190476190476191,0.38699690402476783,0,1.0625,21,11,10,1.1121119701614524,1.2582158185825787,0.6092379006718971,1.0
Zm00001eb430560,1,0.5263157894736842,0.5263157894736842,1.0,0,0.75,19,12,7,0.3280490801060002,0.3709185870527475,1.0,1.0
Zm00001eb430580,1,0.5789473684210527,0.5789473684210527,0.47368421052631576,0,,19,10,9,0.10433133773394891,0.13176698016613853,0.47368421052631576,1.0
Zm00001eb430600,3,0.4444444444444445,0.5555555555555556,0.5955882352941178,0,0.7458333333333333,18,5,13,0.10748445716153567,0.13074490410603423,0.9841942646639207,1.0
Zm00001eb430620,2,0.7083333333333333,0.75,0.19367588932806318,0,1.0114583333333333,24,7,17,0.2687827812115341,0.2855639859619407,0.3696656572165021,1.0
Zm00001eb430720,3,0.36231884057971014,0.391304347826087,0.5392433653303218,0,1.0714285714285714,23,6,17,0.31367764957657085,0.34754027579852037,0.9751115934749084,1.0
Zm00001eb430730,3,0.6166666666666667,0.75,0.20175438596491227,0,4.166666666666667,20,6,14,0.16791665082525356,0.2028557418507382,0.4832411699256618,1.0
Zm00001eb430740,2,0.7,0.7,0.27017543859649124,0,0.2253787878787879,20,13,7,0.7014645782512468,0.9002499828379441,0.277735689328915,1.0
Zm00001eb430780,4,0.6125,0.65,0.3563467492260061,0,2.369047619047619,20,13,7,0.41258715828097686,0.4679097826927172,0.7682130264245168,1.0
Zm00001eb430810,5,0.43809523809523804,0.7142857142857143,0.25279866332497913,0,7.2,21,4,17,0.546872916139842,0.5897530302968215,0.7774070001161922,1.0
Zm00001eb430820,1,0.6956521739130435,0.6956521739130435,0.525691699604743,0,2.5,23,16,7,1.3037053660823485,1.275780212090344,0.525691699604743,1.0
Zm00001eb430840,1,0.5909090909090909,0.5909090909090909,1.0,0,0.6363636363636364,22,9,13,1.0133987780512337,1.20986071350787,1.0,1.0
Zm00001eb430930,3,0.6666666666666666,0.7142857142857143,0.25824175824175827,0,0.1875,14,9,5,0.2623917081357248,0.3050065188949084,0.48915347833329237,1.0
Zm00001eb431010,5,0.5411764705882354,0.5882352941176471,1.0,0,0.9627777777777778,17,7,10,0.4959036991760881,0.5844929946488703,1.0,1.0
Zm00001eb431050,3,0.6086956521739131,0.8695652173913043,0.24901185770750983,0,5.333333333333333,23,3,20,0.7722065178923422,0.6179130838095032,0.8358478719739164,1.0
Zm00001eb431060,3,0.5490196078431372,0.7058823529411765,0.5411764705882354,0,1.3452380952380951,17,4,13,0.3664600554933452,0.4555504904403471,0.9754781182137263,1.0
Zm00001eb431120,3,0.6666666666666666,0.7894736842105263,0.01805985552115583,1,2.225,19,11,8,1.3660560126986727,1.510025010230675,0.1298462407652204,1.0
Zm00001eb431130,2,0.7916666666666667,0.8333333333333334,0.014492753623188408,1,12.444444444444443,24,5,19,0.6441507351716367,1.091596014613573,0.025642410789288257,1.0
Zm00001eb431180,2,0.5476190476190477,0.5714285714285714,0.5864661654135338,0,1.6875,21,10,11,0.14910606376438792,0.18269546864326086,0.8994281467632228,1.0
Zm00001eb431200,1,0.6086956521739131,0.6086956521739131,1.0,0,0.8333333333333334,23,6,17,0.564337310093238,0.5416545853145096,1.0,1.0
Zm00001eb431270,1,0.5,0.5,1.0,0,1.25,22,8,14,0.44436196711132214,0.558539293960441,1.0,1.0
Zm00001eb431300,4,0.5,0.75,0.5212450592885376,0,2.0416666666666665,24,5,19,0.7132953767795662,0.703619089950858,0.9713378378429983,1.0
Zm00001eb431320,3,0.5686274509803922,0.5882352941176471,0.47058823529411764,0,0.8083333333333333,17,8,9,0.2789891009367902,0.3487430282375704,0.8724849594100685,1.0
Zm00001eb431330,1,0.45,0.45,0.5210526315789474,0,,20,7,13,0.6539097667877238,0.7724412191316277,0.5210526315789474,1.0
Zm00001eb431370,2,0.6071428571428572,0.6428571428571429,0.5594405594405594,0,3.138888888888889,14,7,7,1.4626653439645136,1.8758881802831509,0.88437370382435,1.0
Zm00001eb431410,3,0.6153846153846154,0.7692307692307693,0.21678321678321677,0,4.438888888888889,13,9,4,0.3888593757526539,0.5079100455384989,0.8015689380307016,1.0
Zm00001eb431420,1,0.6363636363636364,0.6363636363636364,0.37616099071207443,0,0.375,22,7,15,0.4660439953391424,0.5070637081741682,0.37616099071207443,1.0
Zm00001eb431430,1,0.47619047619047616,0.47619047619047616,1.0,0,0.75,21,15,6,0.5100633895456196,1.548080634833907,1.0,1.0
Zm00001eb431440,1,0.5294117647058824,0.5294117647058824,1.0,0,1.1428571428571428,17,9,8,0.6044438835490977,1.5766281880769513,1.0,1.0
Zm00001eb431460,3,0.6349206349206349,0.6666666666666666,0.20309597523219816,0,0.2828282828282828,21,9,12,0.13799827554197402,0.16859008881844567,0.3518743697550429,1.0
Zm00001eb431490,2,0.6363636363636364,0.6818181818181818,0.5853269537480065,0,0.841880341880342,22,5,17,0.4415074303986705,0.4614643815838393,0.8988191103289547,1.0
Zm00001eb431580,1,0.5263157894736842,0.5263157894736842,1.0,0,1.25,19,10,9,0.9494785759246547,1.2595342476433489,1.0,1.0
Zm00001eb431610,2,0.5882352941176471,0.6470588235294118,0.3469354175236529,0,0.5785714285714285,17,9,8,1.0143771568717606,1.5479333026991635,0.7142070210922626,1.0
Zm00001eb431690,1,0.42105263157894735,0.42105263157894735,1.0,0,1.2,19,16,3,1.0044305694313636,1.407959236680828,1.0,1.0
Zm00001eb431760,1,0.5454545454545454,0.5454545454545454,1.0,0,0.6857142857142857,22,9,13,0.4744721613210667,0.9662249119071674,1.0,1.0
Zm00001eb431800,1,0.4166666666666667,0.4166666666666667,1.0,0,1.2307692307692308,24,9,15,0.4497230564189382,1.3015351613242259,1.0,1.0
Zm00001eb431860,1,0.5238095238095238,0.5238095238095238,1.0,0,0.9,21,10,11,0.7093547133548298,0.9541255552549477,1.0,1.0
Zm00001eb432040,1,0.8,0.8,0.37142857142857144,0,5.5,15,3,12,0.8475174970066244,0.7617671065327025,0.37142857142857144,1.0
Zm00001eb432100,1,0.6521739130434783,0.6521739130434783,0.34283336800499264,0,0.3333333333333333,23,18,5,1.5746573381142317,1.7812635841902775,0.34283336800499264,1.0
Zm00001eb432150,1,0.2857142857142857,0.2857142857142857,1.0,0,,21,17,4,1.3402440270778557,1.4747891382803724,1.0,1.0
Zm00001eb432370,1,0.2727272727272727,0.2727272727272727,1.0,0,,22,4,18,0.6593462137997256,0.6042560242869425,1.0,1.0
Zm00001eb432380,1,0.5384615384615384,0.5384615384615384,1.0,0,1.25,13,7,6,1.59535749606955,2.0266834047746882,1.0,1.0
Zm00001eb432390,1,0.4,0.4,0.5376676986584107,0,,20,16,4,0.5507152981784681,0.45110359949008066,0.5376676986584107,1.0
Zm00001eb432470,1,0.5,0.5,0.668712294570418,0,0.5714285714285714,24,15,9,0.4432421224346735,1.0616984528617015,0.668712294570418,1.0
Zm00001eb432570,1,0.6666666666666666,0.6666666666666666,1.0,0,0.7272727272727273,18,15,3,0.8329747990923476,1.1002711395173042,1.0,1.0
Zm00001eb432580,2,0.6499999999999999,0.7,0.1473684210526316,0,3.0,20,8,12,0.30261446987615215,0.6470572493859884,0.21436777228632847,1.0
Zm00001eb432720,2,0.375,0.4166666666666667,0.5392433653303219,0,,24,18,6,0.48816748124884984,0.6633857710734254,0.8722737571561314,1.0
Zm00001eb432800,1,0.5882352941176471,0.5882352941176471,1.0,0,1.3333333333333333,17,6,11,0.24345455617865294,0.2619443435834098,1.0,1.0
Zm00001eb433000,1,0.6521739130434783,0.6521739130434783,1.0,0,1.1666666666666667,23,16,7,0.4100597173839071,0.46254339415674284,1.0,1.0
Zm00001eb433030,2,0.4782608695652174,0.4782608695652174,1.0,0,2.1818181818181817,23,14,9,0.36827328118746455,0.4025323805569035,1.0,1.0
Zm00001eb433100,3,0.4057971014492754,0.5217391304347826,0.2529644268774704,0,0.6111111111111112,23,20,3,0.855298045287028,0.7440545182367829,0.8396244324595025,1.0
Zm00001eb433150,1,0.5789473684210527,0.5789473684210527,0.22807017543859648,0,,19,11,8,0.7984317878742865,0.9893064843410659,0.22807017543859648,1.0
Zm00001eb433300,1,0.6086956521739131,0.6086956521739131,0.6430205949656749,0,1.8333333333333333,23,6,17,0.6368326061565761,0.7903846452292577,0.6430205949656749,1.0
Zm00001eb433310,1,0.6956521739130435,0.6956521739130435,0.12686855478617493,0,8.0,23,18,5,0.40335698494763117,0.48175927550852626,0.12686855478617493,1.0
Zm00001eb433400,2,0.55,0.55,0.24871001031991746,0,1.5555555555555556,20,13,7,0.333253845907644,0.4276192519621332,0.5947819509746408,1.0
Zm00001eb433430,2,0.6458333333333334,0.7083333333333334,0.03333985976333534,1,6.9,24,10,14,0.2394149440230552,0.35121381700075144,0.10832398519992441,1.0
Zm00001eb433440,1,0.5,0.5,1.0,0,0.6428571428571429,22,13,9,0.3916243066824403,0.48591671006964177,1.0,1.0
Zm00001eb433460,2,0.6956521739130435,0.7391304347826086,0.05153199203542453,0,6.15,23,10,13,0.5811101617737947,0.7273557872193896,0.062422077338876523,1.0
Zm00001eb433480,1,0.5,0.5,1.0,0,0.4375,16,5,11,0.4573190361971552,0.48745548142702916,1.0,1.0
Zm00001eb433520,2,0.4782608695652174,0.4782608695652174,0.5019762845849802,0,,23,14,9,1.003840732688669,1.2322809047822434,0.5993108952239703,1.0
Zm00001eb433550,1,0.5416666666666666,0.5416666666666666,0.13043478260869568,0,,24,16,8,0.7157396638399648,0.8718119395566343,0.13043478260869568,1.0
Zm00001eb433650,1,0.2857142857142857,0.2857142857142857,1.0,0,,21,18,3,0.24780303480134908,0.2618053966975756,1.0,1.0
Zm00001eb433690,1,0.6666666666666666,0.6666666666666666,1.0,0,2.1666666666666665,21,7,14,0.7269383820948665,0.9230006861599589,1.0,1.0
Zm00001eb433750,1,0.631578947368421,0.631578947368421,1.0,0,0.6,19,13,6,0.3398690729185262,0.39282622164543646,1.0,1.0
Zm00001eb433770,1,0.5,0.5,1.0,0,1.7777777777777777,20,9,11,0.2272908192586725,0.36889586808899233,1.0,1.0
Zm00001eb433800,2,0.5681818181818181,0.5909090909090909,0.6699214098594903,0,1.4388888888888889,22,10,12,0.4820726651745472,0.686783692950207,0.9382884914224026,1.0
Zm00001eb433820,1,0.6153846153846154,0.6153846153846154,1.0,0,1.1666666666666667,13,9,4,0.9089028821971987,0.8632318564056263,1.0,1.0
Zm00001eb433840,2,0.7045454545454546,0.8636363636363636,0.25974025974025977,0,5.611111111111111,22,19,3,0.846865342299706,0.7258914455841536,0.6098891294284918,1.0
Zm00001eb433870,8,0.5220588235294118,0.7058823529411765,0.28005817711700065,0,1.446875,17,11,6,0.6190062371578269,0.6681141018761781,0.999944434583325,1.0
Zm00001eb433880,3,0.7083333333333334,0.75,0.06056272103182858,0,0.184965034965035,24,15,9,0.5550307202922878,0.6858557587527938,0.035162097501398794,1.0
Zm00001eb433950,1,0.7142857142857143,0.7142857142857143,1.0,0,1.75,21,18,3,0.46302742610706665,0.6627580107515176,1.0,1.0
Zm00001eb433960,2,0.6304347826086957,0.6521739130434783,0.15495259888852567,0,6.285714285714286,23,12,11,0.4782122618327536,0.5603495271430442,0.14790199713608565,1.0
Zm00001eb433980,1,0.5217391304347826,0.5217391304347826,1.0,0,0.9090909090909091,23,11,12,0.3540570965266336,0.8462807553918597,1.0,1.0
Zm00001eb434000,2,0.6190476190476191,0.8095238095238095,0.06295149638802888,0,10.5,21,5,16,1.5365359134347898,1.4047745897128197,0.1472747410790096,1.0
Zm00001eb434010,2,0.7391304347826086,0.7391304347826086,0.07133387992184599,0,6.583333333333334,23,15,8,0.5890704858406436,0.7721839596161765,0.05300866639996618,1.0
Zm00001eb434050,1,0.55,0.55,0.24871001031991746,0,,20,13,7,0.45849412554291114,0.8439027647984945,0.24871001031991746,1.0
Zm00001eb434080,3,0.6811594202898551,0.6956521739130435,0.16879795396419436,0,0.24317016317016318,23,16,7,0.27194824664053296,0.30312719025349144,0.16605885464512313,1.0
Zm00001eb434140,2,0.4166666666666667,0.625,0.5503952569169961,0,0.3076923076923077,24,21,3,0.45523113033187634,0.3732032891324748,0.8790465076339038,1.0
Zm00001eb434190,3,0.5277777777777778,0.5833333333333334,0.5757575757575758,0,2.0666666666666664,12,7,5,1.11465450477861,2.0150595854325632,0.9813548605923371,1.0
Zm00001eb434220,1,0.6666666666666666,0.6666666666666666,1.0,0,0.25,6,3,3,0.4553643873202719,0.5277756777583955,1.0,1.0
Zm00001eb434250,1,0.7222222222222222,0.7222222222222222,1.0,0,0.5,18,14,4,0.27548898417077705,0.2084538267641365,1.0,1.0
Zm00001eb434270,1,0.5555555555555556,0.5555555555555556,1.0,0,0.4375,18,9,9,0.1296107308267655,0.17468286842843214,1.0,1.0
Zm00001eb434290,2,0.5434782608695652,0.6086956521739131,0.6213854795090491,0,0.7833333333333333,23,16,7,0.5304986352558262,0.649021583350793,0.9170429585162763,1.0
Zm00001eb434300,1,0.6190476190476191,0.6190476190476191,0.6177109440267335,0,0.5454545454545454,21,17,4,0.360254962133931,0.4023075371581743,0.6177109440267335,1.0
Zm00001eb434320,1,0.5909090909090909,0.5909090909090909,0.6550199026979212,0,0.6,22,9,13,0.6381414224449087,1.0166453698156308,0.6550199026979212,1.0
Zm00001eb434370,1,0.5882352941176471,0.5882352941176471,0.622069107363225,0,0.4,17,10,7,0.1660043577369963,0.219738409327441,0.622069107363225,1.0
