gene_id,n_families,n_bqtl,mean_redundancy,max_redundancy,abs_log2_ase
Zm00001eb000230,9,1,7.0,18,0.4426828521778708
Zm00001eb000400,5,1,6.6,16,2.272160258111905
Zm00001eb000440,7,2,7.875,16,1.4372345589580704
Zm00001eb000450,14,7,8.533333333333333,25,0.4407388873118929
Zm00001eb000470,7,2,6.5,13,1.064563611705092
Zm00001eb000480,6,1,11.166666666666666,21,0.1978717239964643
Zm00001eb000500,5,1,7.2,18,1.2908197857629533
Zm00001eb000510,10,3,5.176470588235294,16,0.1978190217072277
Zm00001eb000570,11,3,8.705882352941176,29,0.576614453032858
Zm00001eb000620,12,4,12.37037037037037,37,0.1349637308646764
Zm00001eb000650,10,3,7.866666666666666,21,0.5860600073570761
Zm00001eb000670,5,2,12.0,25,1.1136865249716534
Zm00001eb000680,11,4,9.176470588235293,46,0.7113517811378156
Zm00001eb000700,9,1,8.444444444444445,28,0.1380389177650996
Zm00001eb000720,6,1,7.833333333333333,21,0.7527456435510058
Zm00001eb000740,6,1,7.0,10,0.3153871899070983
Zm00001eb000760,16,7,7.27027027027027,27,0.2536697411872334
Zm00001eb000770,11,5,10.52,32,0.316146215806699
Zm00001eb000800,17,5,8.8,29,0.2503845658639104
Zm00001eb000840,5,1,11.6,27,0.750192209485176
Zm00001eb000850,7,1,7.857142857142857,24,0.5080180422526216
Zm00001eb000860,5,1,9.8,16,0.2597219229586762
Zm00001eb000880,15,8,13.55,77,0.6433293148933175
Zm00001eb000900,6,2,26.833333333333332,141,0.4333028794733982
Zm00001eb000910,3,1,4.0,6,0.6323088235914869
Zm00001eb000920,12,3,11.166666666666666,27,0.2700363072662574
Zm00001eb000930,2,1,5.5,7,0.94046638673079
Zm00001eb000960,5,1,15.4,45,0.6218188666630894
Zm00001eb000980,9,2,7.583333333333333,28,0.3646786152453956
Zm00001eb000990,16,4,15.714285714285714,212,0.5116381172531907
Zm00001eb001000,6,2,12.428571428571429,32,0.1760114164778748
Zm00001eb001010,5,1,8.2,16,0.5112381923724449
Zm00001eb001020,4,1,11.75,18,0.4537871575502946
Zm00001eb001040,12,5,11.857142857142858,39,0.2467060782468514
Zm00001eb001050,8,2,7.888888888888889,17,0.716661202255204
Zm00001eb001060,9,2,9.75,18,1.3597006949035677
Zm00001eb001070,13,4,10.241379310344827,26,0.2691507467676041
Zm00001eb001110,4,1,4.75,8,0.2586636471121223
Zm00001eb001120,3,1,6.333333333333333,9,0.1928027856368538
Zm00001eb001130,12,2,8.647058823529411,20,0.2643947409289434
Zm00001eb001180,13,2,7.466666666666667,17,2.4223823962148363
Zm00001eb001270,14,6,8.592592592592593,62,0.4195634998041642
Zm00001eb001280,4,1,12.75,22,0.6305858274844163
Zm00001eb001290,3,1,11.0,17,0.3135986282193314
Zm00001eb001350,10,2,13.0,63,0.7697278430128671
Zm00001eb001360,4,1,3.5,8,0.5964134364665677
Zm00001eb001400,5,1,10.6,20,0.1431935469241601
Zm00001eb001430,4,2,7.571428571428571,11,0.1834233646252035
Zm00001eb001460,3,1,7.666666666666667,10,0.7432537167002196
Zm00001eb001470,4,1,10.25,17,0.8428071237954106
Zm00001eb001490,7,2,8.75,19,0.63840514011792
Zm00001eb001500,12,3,5.8,20,1.9574176965395047
Zm00001eb001510,11,3,5.615384615384615,11,0.6239666701256044
Zm00001eb001520,10,2,6.636363636363637,14,1.2191468001604615
Zm00001eb001530,3,1,11.333333333333334,21,1.437275352050719
Zm00001eb001570,9,2,11.333333333333334,63,0.39296107893396
Zm00001eb001590,4,1,21.25,37,0.7594372875938836
Zm00001eb001600,13,6,8.8,38,0.6341793064538735
Zm00001eb001640,3,1,8.333333333333334,11,0.2515049526723988
Zm00001eb001650,6,1,19.166666666666668,67,0.1735895806179812
Zm00001eb001680,15,4,7.083333333333333,17,0.3073055196615811
Zm00001eb001690,15,3,6.045454545454546,18,0.0
Zm00001eb001700,15,3,6.045454545454546,18,0.7149368687917177
Zm00001eb001710,4,1,17.75,25,0.2668535345365788
Zm00001eb001720,12,4,10.318181818181818,37,0.3100297128357629
Zm00001eb001810,4,1,12.25,32,0.9005067101265379
Zm00001eb001820,14,5,8.258064516129032,23,2.3588212522757694
Zm00001eb001830,9,3,6.833333333333333,15,1.0033749067322242
Zm00001eb001840,6,1,7.333333333333333,19,0.2114002190279094
Zm00001eb001860,7,1,7.0,27,0.2250282378966639
Zm00001eb001880,13,4,8.0,17,0.3531285956136831
Zm00001eb001920,5,1,9.8,21,1.061087744900388
Zm00001eb001950,14,5,10.392857142857142,36,0.3473060310158732
Zm00001eb001960,14,7,11.5625,41,5.352279002000969
Zm00001eb001970,11,3,12.466666666666667,43,0.4007751167765972
Zm00001eb001980,8,3,5.636363636363637,10,0.2457783745199328
Zm00001eb002010,14,5,18.44,84,0.7937271107967065
Zm00001eb002040,15,4,9.80952380952381,21,0.2037567856288001
Zm00001eb002060,7,1,5.714285714285714,18,0.7136334083527899
Zm00001eb002070,6,1,18.166666666666668,69,0.5166844238717285
Zm00001eb002090,5,1,7.8,11,0.4052930581674369
Zm00001eb002100,7,2,10.714285714285714,24,0.9194148145693304
Zm00001eb002170,5,1,8.8,17,0.5112550435978297
Zm00001eb002180,9,2,14.23076923076923,61,0.3997707901096527
Zm00001eb002190,4,1,7.75,18,0.557315911254716
Zm00001eb002200,3,1,9.666666666666666,16,1.549855175325814
Zm00001eb002220,6,1,10.5,42,0.1805899778167757
Zm00001eb002250,8,2,9.818181818181818,24,0.6124498040556778
Zm00001eb002260,4,1,4.0,7,0.6351043780581042
Zm00001eb002270,5,1,6.2,12,0.2821558941112081
Zm00001eb002280,16,13,8.875,66,1.160632791736555
Zm00001eb002290,5,1,7.4,13,0.7706538332054936
Zm00001eb002320,5,2,13.333333333333334,21,0.2636509443452972
Zm00001eb002380,6,1,6.0,12,0.5666621211457112
Zm00001eb002420,5,1,21.0,84,0.2065382943478489
Zm00001eb002430,8,1,7.375,29,0.1550614243875153
Zm00001eb002460,8,1,8.0,30,0.2196501210603012
Zm00001eb002470,12,5,6.85,19,0.5045790150011731
Zm00001eb002480,9,3,6.0,14,1.2161495374498672
Zm00001eb002510,15,8,9.36111111111111,34,0.3077406050623076
Zm00001eb002530,3,1,3.0,6,0.1730711264669039
Zm00001eb002560,7,3,13.785714285714286,31,0.3321410942314302
Zm00001eb002570,8,2,10.3,22,0.7453594962104523
Zm00001eb002590,11,4,13.0,32,5.6319336066490795
Zm00001eb002610,7,2,17.25,46,0.4516361310966898
Zm00001eb002620,11,5,10.090909090909092,24,1.3104304847075858
Zm00001eb002680,4,1,11.0,15,0.6211105033348753
Zm00001eb002690,5,1,7.6,23,0.7197895663531898
Zm00001eb002740,8,3,12.222222222222221,46,0.1947359444227394
Zm00001eb002830,5,1,19.6,49,1.3704537029825683
Zm00001eb002840,10,4,10.125,18,5.868408161882713
Zm00001eb002850,15,6,13.516129032258064,74,0.7992643347313075
Zm00001eb002870,4,1,9.5,20,0.913395474958571
Zm00001eb002930,7,1,6.428571428571429,12,0.1890538113356594
Zm00001eb002940,5,2,5.142857142857143,11,0.3758346853492387
Zm00001eb003000,5,1,7.0,12,0.1729718027169481
Zm00001eb003010,6,1,8.333333333333334,20,0.1154004194016861
Zm00001eb003020,5,1,13.6,17,0.3839535258220886
Zm00001eb003030,8,1,11.5,35,0.3314724642605522
Zm00001eb003130,9,2,9.2,23,0.1867754670817306
Zm00001eb003140,4,1,7.5,17,0.7030565945230753
Zm00001eb003150,6,1,13.333333333333334,44,1.471689981720268
Zm00001eb003170,13,5,13.241379310344827,37,2.0633428597506
Zm00001eb003190,10,3,12.785714285714286,36,0.5398940858921936
Zm00001eb003200,12,5,6.318181818181818,14,0.3369955894945794
Zm00001eb003220,8,1,13.875,42,3.2797720944413915
Zm00001eb003230,12,3,8.31578947368421,29,0.340699713928789
Zm00001eb003240,6,1,10.5,20,0.3731663224809565
Zm00001eb003330,7,1,24.285714285714285,103,0.6266821642634555
Zm00001eb003340,6,2,20.75,78,0.5391555780235436
Zm00001eb003350,5,1,3.4,10,0.1648778613390887
Zm00001eb003400,5,1,6.8,15,0.2119992266387375
Zm00001eb003420,9,2,13.363636363636363,55,0.4953781867454768
Zm00001eb003440,9,2,6.333333333333333,15,0.3024280881084595
Zm00001eb003460,6,1,7.666666666666667,14,1.0882036117716472
Zm00001eb003480,15,5,10.62962962962963,29,0.1930746655569345
Zm00001eb003490,13,4,7.136363636363637,23,0.2763834711436068
Zm00001eb003540,6,2,15.285714285714286,42,0.6967863549121285
Zm00001eb003550,9,1,9.333333333333334,17,0.4353664275678527
Zm00001eb003590,3,1,10.333333333333334,23,1.292481250360578
Zm00001eb003650,11,2,9.764705882352942,64,0.7605587639635699
Zm00001eb003670,5,1,15.2,44,0.2344364112492229
Zm00001eb003700,5,2,6.666666666666667,20,0.929289245373901
Zm00001eb003730,14,4,7.24,17,2.0534082174726525
Zm00001eb003760,15,4,6.454545454545454,20,0.7832878246482706
Zm00001eb003810,5,1,8.8,29,0.401041370293799
Zm00001eb003860,10,2,8.307692307692308,46,0.646240625180289
Zm00001eb003880,8,2,7.090909090909091,19,0.2953319834843127
Zm00001eb003890,8,2,4.666666666666667,14,0.2813805589825603
Zm00001eb003960,14,4,10.0,20,1.2854491312258662
Zm00001eb003970,11,3,8.615384615384615,26,0.3668597900915962
Zm00001eb004000,15,4,8.037037037037036,32,0.4762251134251668
Zm00001eb004030,9,2,3.8333333333333335,10,0.1786370788048006
Zm00001eb004090,10,1,7.9,24,0.235543535565709
Zm00001eb004120,6,1,11.666666666666666,22,0.2292579546951614
Zm00001eb004140,6,1,18.166666666666668,60,2.7451654464986452
Zm00001eb004170,13,5,9.642857142857142,29,0.210594149406254
Zm00001eb004180,6,1,10.0,20,0.6572924149199488
Zm00001eb004190,10,2,10.692307692307692,34,0.3352889542596527
Zm00001eb004290,8,2,9.416666666666666,18,0.2445161797940722
Zm00001eb004300,9,1,9.666666666666666,39,0.7369655941662062
Zm00001eb004310,14,4,11.461538461538462,73,0.2313596670765425
Zm00001eb004320,8,2,15.2,36,0.5450587718774998
Zm00001eb004340,8,2,4.444444444444445,9,0.1447950735728845
Zm00001eb004350,4,2,5.0,8,0.1699250014423124
Zm00001eb004380,11,3,10.4,30,6.605661458809596
Zm00001eb004390,5,1,9.6,17,0.5665204750201054
Zm00001eb004400,12,2,12.384615384615385,33,0.1415801794409903
Zm00001eb004420,9,2,19.923076923076923,69,0.4057065317184872
Zm00001eb004430,4,1,17.0,27,1.0517722677254209
Zm00001eb004470,9,2,9.166666666666666,56,0.5
Zm00001eb004480,7,2,13.3,56,0.5104264107374324
Zm00001eb004490,14,4,7.076923076923077,29,0.5012261401037584
Zm00001eb004500,5,1,3.6,7,0.3778469860051646
Zm00001eb004510,8,2,7.888888888888889,32,1.136343041898883
Zm00001eb004540,11,5,12.0,40,0.802225028133912
Zm00001eb004550,5,1,15.0,42,0.4955878196915375
Zm00001eb004560,8,2,9.5,23,0.3353764767747234
Zm00001eb004630,5,1,6.4,10,0.4796259590618811
Zm00001eb004660,13,4,11.653846153846153,26,0.1318218875083218
Zm00001eb004670,6,1,13.0,35,0.4736983410029332
Zm00001eb004730,6,1,7.333333333333333,16,1.415037499278844
Zm00001eb004740,9,2,12.0,54,5.142911875414542
Zm00001eb004750,14,4,11.32,52,0.2153392865678307
Zm00001eb004780,9,2,15.272727272727273,85,0.4301902834063007
Zm00001eb004790,4,1,8.0,14,0.2402382042190369
Zm00001eb004940,5,1,4.8,16,0.2278925105473177
Zm00001eb004990,11,5,7.888888888888889,18,0.5637707581128497
Zm00001eb005020,6,2,12.8,22,0.5612379371128194
Zm00001eb005030,3,1,2.6666666666666665,4,1.0794894880316426
Zm00001eb005070,6,2,8.333333333333334,14,0.1352270073588745
Zm00001eb005110,11,3,10.88888888888889,42,1.4783249684773705
Zm00001eb005140,6,2,7.2,16,0.1199631287161739
Zm00001eb005190,4,1,12.0,36,0.4924439364995003
Zm00001eb005320,5,1,4.0,8,0.5291217073968829
Zm00001eb005380,9,2,6.454545454545454,17,0.1630199057856142
Zm00001eb005390,15,4,11.55,72,0.2908833496007615
Zm00001eb005430,6,1,7.833333333333333,15,0.1584169094749833
Zm00001eb005450,8,2,9.6,18,0.4150374992788437
Zm00001eb005460,10,2,8.75,17,0.1244483864124869
Zm00001eb005550,11,3,15.0,45,1.4180676177559437
Zm00001eb005570,13,5,7.961538461538462,18,1.6293265589294552
Zm00001eb005600,3,1,13.333333333333334,23,0.7147818354131981
Zm00001eb005630,3,1,4.666666666666667,10,0.2872472728152715
Zm00001eb005640,5,1,6.2,19,1.6973799697038894
Zm00001eb005660,7,2,8.875,24,0.2531788595129781
Zm00001eb005670,7,2,8.875,24,0.3152328704326358
Zm00001eb005680,4,1,9.75,15,1.4080847386370767
Zm00001eb005690,7,2,20.333333333333332,45,0.3912294960703991
Zm00001eb005700,13,3,9.380952380952381,26,0.3710141733160722
Zm00001eb005710,10,3,15.0,33,0.794077373475752
Zm00001eb005760,2,1,7.0,7,0.3252306172991246
Zm00001eb005780,6,1,10.0,29,0.5080514487017983
Zm00001eb005800,4,1,14.75,30,0.4648053360543011
Zm00001eb005830,8,1,10.0,29,0.1103759457114586
Zm00001eb005840,8,2,12.777777777777779,33,0.3163608687013949
Zm00001eb005850,15,4,8.826086956521738,24,0.7697189731562275
Zm00001eb005860,6,2,7.555555555555555,17,1.272309929576639
Zm00001eb005900,13,5,10.105263157894736,35,1.3240613640904784
Zm00001eb005930,13,3,5.294117647058823,14,5.993054435054942
Zm00001eb005950,9,3,8.76923076923077,18,0.0549503240954959
Zm00001eb005960,5,1,14.8,24,0.3710343544697094
Zm00001eb005970,5,1,12.6,32,1.4561510243379618
Zm00001eb005980,10,2,15.642857142857142,55,1.306780029913013
Zm00001eb005990,5,1,6.4,15,0.4973234065569762
Zm00001eb006000,11,2,18.666666666666668,103,0.2946739209218388
Zm00001eb006010,9,1,8.777777777777779,31,0.6333347783286003
Zm00001eb006020,4,1,5.5,14,0.2644252329393475
Zm00001eb006140,8,2,12.833333333333334,37,0.5128974695454052
Zm00001eb006150,14,3,9.608695652173912,50,0.5305183579470117
Zm00001eb006160,9,2,5.333333333333333,18,0.2630344058337938
Zm00001eb006200,8,1,6.0,14,0.6956094593609288
Zm00001eb006210,14,7,10.028571428571428,33,7.288502958639227
Zm00001eb006260,17,9,9.326923076923077,32,0.7405371979581997
Zm00001eb006270,13,4,5.9523809523809526,25,0.7494001169614396
Zm00001eb006300,11,3,7.529411764705882,20,0.4060832728065838
Zm00001eb006310,10,2,9.545454545454545,43,0.4072468171335471
Zm00001eb006380,3,1,21.666666666666668,36,0.3192906488920162
Zm00001eb006390,6,2,9.428571428571429,13,0.486489571192137
Zm00001eb006400,6,1,9.833333333333334,20,0.3440638638328168
Zm00001eb006410,8,1,9.5,28,1.0145780989416255
Zm00001eb006450,2,1,13.5,15,0.2966943675423221
Zm00001eb006470,4,1,12.75,35,0.4111570126277877
Zm00001eb006480,5,1,5.4,16,0.3164838180056108
Zm00001eb006530,7,2,7.25,15,2.4883008185759863
Zm00001eb006540,14,3,9.652173913043478,85,0.6406898165698226
Zm00001eb006590,4,1,14.0,16,0.3214534637380278
Zm00001eb006620,6,2,8.777777777777779,19,0.2224507869699602
Zm00001eb006660,4,1,6.75,9,1.5336155816078263
Zm00001eb006690,8,2,16.5,60,0.4925401804119357
Zm00001eb006720,15,3,11.541666666666666,63,0.7994544117832968
Zm00001eb006760,4,1,9.25,15,0.8434808737871503
Zm00001eb006770,7,1,7.714285714285714,20,0.9810324224327625
Zm00001eb006850,10,2,8.4,25,0.5078989671296612
Zm00001eb006860,11,3,4.352941176470588,15,0.8129215168806224
Zm00001eb006870,6,1,11.833333333333334,18,0.1764045040165757
Zm00001eb006880,11,2,12.142857142857142,37,0.4552621428840528
Zm00001eb006890,14,5,10.666666666666666,25,1.738799610116739
Zm00001eb006920,3,1,17.666666666666668,36,0.4408688266957759
Zm00001eb006930,11,2,8.5,32,0.8751483791897826
Zm00001eb006940,12,5,8.6,31,1.3887116761698242
Zm00001eb007030,5,1,9.6,14,0.11731454358603
Zm00001eb007100,9,2,11.333333333333334,59,3.240563344868308
Zm00001eb007130,13,4,10.894736842105264,42,0.1995929619135138
Zm00001eb007140,3,1,9.333333333333334,12,1.0456024975043854
Zm00001eb007170,10,2,7.3125,17,0.539908941214241
Zm00001eb007240,4,1,13.5,19,0.3189815004923884
Zm00001eb007250,8,3,11.4,32,0.2034741844183173
Zm00001eb007280,5,1,9.2,18,0.324101925357196
Zm00001eb007310,6,1,8.666666666666666,24,0.3558165971427636
Zm00001eb007320,7,2,10.9,20,0.6081688843181599
Zm00001eb007440,10,5,8.0,21,0.3906246238971104
Zm00001eb007510,10,4,14.904761904761905,41,0.4488727686233009
Zm00001eb007600,7,1,10.857142857142858,31,0.1909089687250267
Zm00001eb007610,13,2,9.1875,30,0.6804405007053806
Zm00001eb007650,13,4,5.761904761904762,19,0.49934479217379
Zm00001eb007670,12,4,6.631578947368421,12,0.3394832976090216
Zm00001eb007740,6,2,9.333333333333334,17,0.8526068811667589
Zm00001eb007780,10,3,14.0,81,0.1745440982436903
Zm00001eb007790,9,2,12.461538461538462,39,1.0
Zm00001eb007800,6,1,7.666666666666667,17,0.3470057321948847
Zm00001eb007880,14,6,8.2,40,0.2630344058337938
Zm00001eb007900,11,3,11.352941176470589,25,0.5969887725460739
Zm00001eb007920,13,3,6.2727272727272725,22,0.7031940065770799
Zm00001eb007930,4,1,5.25,10,1.0880488116248783
Zm00001eb007940,4,1,24.5,83,1.076304140332344
Zm00001eb008080,16,12,10.043478260869565,30,0.6450672872575273
Zm00001eb008090,7,1,5.714285714285714,9,0.684422289099291
Zm00001eb008140,7,1,12.142857142857142,19,0.8185480976269638
Zm00001eb008150,3,1,11.666666666666666,14,0.5303018672366753
Zm00001eb008240,12,2,8.538461538461538,31,0.7107514808677725
Zm00001eb008250,11,3,12.263157894736842,42,0.923238660295825
Zm00001eb008260,6,1,5.666666666666667,13,2.44350942234868
Zm00001eb008270,13,4,8.523809523809524,35,0.8925353464686824
Zm00001eb008310,11,2,6.333333333333333,37,0.5015392437735656
Zm00001eb008340,12,2,6.230769230769231,24,0.2337009375721567
Zm00001eb008400,12,2,8.916666666666666,35,0.2270233186001921
Zm00001eb008410,12,2,8.916666666666666,35,0.135468420428834
Zm00001eb008440,16,8,7.423076923076923,18,0.5308911950979089
Zm00001eb008450,10,3,6.3076923076923075,13,0.3509012659888547
Zm00001eb008460,7,1,6.857142857142857,17,0.4018766504600444
Zm00001eb008470,6,1,5.0,15,0.591883057480486
Zm00001eb008480,6,1,8.166666666666666,14,0.1644665470304696
Zm00001eb008500,8,1,5.625,12,1.0999776882792462
Zm00001eb008570,6,2,17.181818181818183,22,0.0900356671955999
Zm00001eb008580,7,2,9.76923076923077,26,0.5414862963284488
Zm00001eb008620,5,1,9.0,15,0.1977308801667784
Zm00001eb008630,6,1,18.5,84,0.4150374992788437
Zm00001eb008640,5,1,19.0,66,0.3155505786087682
Zm00001eb008650,7,1,9.714285714285714,16,0.0896782688888593
Zm00001eb008710,10,3,8.294117647058824,28,0.1987096937440252
Zm00001eb008730,7,1,11.0,16,0.1729391316915555
Zm00001eb008790,5,1,20.8,26,0.4376992731665998
Zm00001eb008810,9,2,9.272727272727273,22,1.0473044229194122
Zm00001eb008830,6,1,26.333333333333332,64,0.6025949422049353
Zm00001eb008850,7,2,9.88888888888889,43,0.5104510681089469
Zm00001eb008900,9,4,6.235294117647059,19,0.2093370070039686
Zm00001eb008930,12,4,14.772727272727273,56,0.5819289944153966
Zm00001eb008950,5,1,9.0,19,0.1517164600579877
Zm00001eb008970,11,2,9.0,16,2.1864131242308815
Zm00001eb009010,7,1,8.142857142857142,20,1.903851829497965
Zm00001eb009060,7,1,5.285714285714286,12,0.5371608228979554
Zm00001eb009080,6,1,5.0,13,0.7176037007423864
Zm00001eb009090,8,2,11.555555555555555,28,0.4664996077651792
Zm00001eb009130,14,6,14.973684210526315,99,0.5464078589088546
Zm00001eb009150,8,1,4.125,9,0.7748938235832282
Zm00001eb009160,7,1,5.714285714285714,14,0.2289016874053306
Zm00001eb009170,12,4,11.666666666666666,29,0.3655500444323438
Zm00001eb009240,10,3,6.8,35,0.1363709357453193
Zm00001eb009250,6,1,13.333333333333334,59,0.5121240526210699
Zm00001eb009310,7,1,7.857142857142857,19,0.3120931579672871
Zm00001eb009320,2,1,26.0,26,0.5151421484706196
Zm00001eb009340,7,1,10.714285714285714,35,0.7106178937171377
Zm00001eb009360,10,2,8.2,18,1.6070899664205778
Zm00001eb009380,8,2,4.5,12,1.5443205162238105
Zm00001eb009400,5,1,20.6,68,1.0464786257354195
Zm00001eb009430,13,2,8.357142857142858,17,0.6879002927600316
Zm00001eb009460,11,2,11.666666666666666,27,0.2878254554551027
Zm00001eb009480,14,6,8.583333333333334,50,0.162010934226562
Zm00001eb009500,7,1,5.714285714285714,15,0.2132387758187982
Zm00001eb009540,4,1,24.0,40,0.7403446695858716
Zm00001eb009570,8,2,8.333333333333334,16,0.5158674156007855
Zm00001eb009580,5,1,6.8,13,0.6768200734413284
Zm00001eb009640,13,4,8.583333333333334,25,0.3987045178202429
Zm00001eb009660,8,1,6.875,18,1.550287879357516
Zm00001eb009730,8,1,7.375,20,0.3124707599590284
Zm00001eb009770,5,2,3.625,11,0.3282649478091721
Zm00001eb009780,5,1,9.8,24,0.4561219273099417
Zm00001eb009880,13,4,10.347826086956522,41,0.1829563078817871
Zm00001eb009890,14,4,8.782608695652174,27,0.9232217654921951
Zm00001eb009920,5,1,5.2,8,0.0770928681874745
Zm00001eb009930,5,1,5.2,8,1.0062313688817093
Zm00001eb009960,6,1,8.5,22,0.4803924908246291
Zm00001eb010010,8,1,8.125,14,0.4006725839728525
Zm00001eb010040,14,5,7.321428571428571,36,0.6379172419269855
Zm00001eb010060,3,1,6.0,12,0.4789911437114609
Zm00001eb010100,5,1,3.6,8,0.6623853371787419
Zm00001eb010110,10,3,10.705882352941176,67,0.687922311839559
Zm00001eb010130,13,4,8.0,23,0.6460159320442668
Zm00001eb010140,5,1,9.0,13,0.3587736222774745
Zm00001eb010150,12,6,12.161290322580646,33,0.4552394541779035
Zm00001eb010160,8,2,16.2,81,0.1921779990097981
Zm00001eb010180,5,2,6.5,11,1.0
Zm00001eb010190,4,1,11.0,20,0.4017084879185291
Zm00001eb010300,9,1,8.333333333333334,17,0.1731715996660195
Zm00001eb010320,14,5,5.571428571428571,15,0.5049073215349514
Zm00001eb010340,7,2,8.625,31,0.6198673545035148
Zm00001eb010360,6,1,8.5,13,0.8791988628263523
Zm00001eb010370,11,3,7.714285714285714,17,0.5194753241572725
Zm00001eb010400,5,1,5.2,10,0.1670153895166032
Zm00001eb010410,6,2,12.571428571428571,39,0.2486771197928731
Zm00001eb010440,5,1,10.6,29,5.668385372756708
Zm00001eb010450,10,3,11.785714285714286,35,0.919117298710453
Zm00001eb010460,6,1,10.5,21,0.6160049457138074
Zm00001eb010480,7,1,10.571428571428571,20,0.6232090949471838
Zm00001eb010500,11,3,7.857142857142857,44,0.4547084416138426
Zm00001eb010530,4,1,11.25,17,1.057802988815483
Zm00001eb010540,13,2,7.722222222222222,21,0.2903119345096225
Zm00001eb010550,9,3,11.166666666666666,27,0.5
Zm00001eb010590,12,3,6.933333333333334,17,0.5897095007822991
Zm00001eb010600,13,4,8.578947368421053,35,0.3046730674946644
Zm00001eb010610,7,2,7.625,23,0.3140712888269085
Zm00001eb010620,12,4,10.0,35,0.1300398633040454
Zm00001eb010640,13,3,8.0625,17,1.4130770167938649
Zm00001eb010650,3,1,9.666666666666666,14,1.7438126696603913
Zm00001eb010660,12,2,7.5,31,0.3692417408390608
Zm00001eb010730,17,6,10.377777777777778,23,0.7914078919574874
Zm00001eb010770,9,3,5.1,14,0.2464419501340055
Zm00001eb010790,1,1,7.0,7,0.2828890930242783
Zm00001eb010860,7,2,7.875,15,0.2192398965990768
Zm00001eb010900,9,2,7.6,33,0.666384903890792
Zm00001eb010960,12,4,10.3125,20,0.5287059007750728
Zm00001eb011000,8,2,12.444444444444445,44,0.4811114115319628
Zm00001eb011010,7,2,5.571428571428571,10,0.1501845677091705
Zm00001eb011020,5,1,11.4,16,0.2110025089203133
Zm00001eb011050,12,3,9.857142857142858,45,1.0480874990375593
Zm00001eb011070,9,3,7.916666666666667,19,0.6710329132095368
Zm00001eb011080,3,1,6.666666666666667,11,0.6298083257377827
Zm00001eb011100,4,1,9.0,15,5.857980995127572
Zm00001eb011110,12,4,10.238095238095237,30,0.650776609219085
Zm00001eb011120,5,1,8.8,15,1.1284989948417532
Zm00001eb011140,3,1,4.666666666666667,8,0.3293410346304048
Zm00001eb011200,8,1,7.125,19,0.5629471224034707
Zm00001eb011210,7,4,7.533333333333333,27,1.048058887747508
Zm00001eb011230,15,4,8.307692307692308,20,0.2115225155730291
Zm00001eb011240,7,2,7.777777777777778,14,0.6742322148303473
Zm00001eb011250,2,1,4.5,7,0.3472289129551637
Zm00001eb011280,7,1,5.428571428571429,10,1.1326005126251557
Zm00001eb011300,11,3,9.25,21,0.3572680061800075
Zm00001eb011420,6,1,10.833333333333334,38,0.3020427677928916
Zm00001eb011430,5,2,7.4,15,0.7185573787483635
Zm00001eb011460,18,6,9.076923076923077,29,0.6219017027432604
Zm00001eb011560,4,1,9.5,17,0.7328500514935143
Zm00001eb011580,9,2,12.1,40,0.4086622647875769
Zm00001eb011620,11,4,7.055555555555555,20,0.1278138163606998
Zm00001eb011630,8,2,19.625,102,0.4566463771101944
Zm00001eb011640,8,2,7.444444444444445,15,0.4251262946298779
Zm00001eb011670,17,6,7.967741935483871,33,0.3110010659366328
Zm00001eb011680,5,1,10.6,24,1.1116989389138665
Zm00001eb011750,12,3,9.3125,24,0.3010910355087933
Zm00001eb011800,5,1,5.4,9,0.1549999043517881
Zm00001eb011820,8,1,9.375,31,0.415361673871405
Zm00001eb011860,10,2,7.75,21,1.0
Zm00001eb011880,6,1,8.0,23,0.7358339592491964
Zm00001eb011910,12,3,9.0625,28,0.3205028361705949
Zm00001eb011930,16,6,8.774193548387096,37,0.8826976829774464
Zm00001eb011940,1,1,3.0,3,0.2127645368031306
Zm00001eb011960,5,1,6.8,18,0.4447661126185378
Zm00001eb011990,11,2,8.181818181818182,17,0.3906756285090429
Zm00001eb012000,14,5,10.11111111111111,34,0.419608704860137
Zm00001eb012010,11,4,8.095238095238095,22,0.1760198068612744
Zm00001eb012060,4,1,13.75,22,0.2226175918761923
Zm00001eb012070,9,3,11.76923076923077,52,0.5028772342057408
Zm00001eb012080,7,1,11.285714285714286,26,0.6882527972366199
Zm00001eb012100,11,4,11.80952380952381,55,0.3389671560812766
Zm00001eb012160,15,5,8.483870967741936,36,0.8213876211074235
Zm00001eb012190,14,6,8.454545454545455,32,0.7586519522072412
Zm00001eb012200,12,3,10.214285714285714,39,0.8380426277475834
Zm00001eb012250,1,1,14.0,14,0.4897536614792737
Zm00001eb012270,3,1,8.0,15,0.5791012623625171
Zm00001eb012300,9,2,5.4,10,0.129432659186502
Zm00001eb012310,8,1,10.5,25,0.8850966045789657
Zm00001eb012330,4,1,34.25,101,0.4078524765539183
Zm00001eb012340,14,8,7.542857142857143,24,0.6050701803524524
Zm00001eb012360,16,7,8.116279069767442,33,0.72071084528593
Zm00001eb012470,3,1,13.333333333333334,19,0.321825229205021
Zm00001eb012480,13,4,10.08,22,0.3346253662962172
Zm00001eb012540,8,1,11.0,21,0.3976772197806724
Zm00001eb012560,16,8,8.392156862745098,24,0.8971205220973606
Zm00001eb012570,12,3,7.333333333333333,32,1.193057184045954
Zm00001eb012580,12,4,10.3125,31,0.6612306801909312
Zm00001eb012590,7,3,6.222222222222222,10,0.6310853233332064
Zm00001eb012600,5,1,8.2,14,0.1631625136145415
Zm00001eb012610,4,1,16.0,30,0.1133080629880929
Zm00001eb012680,6,1,4.666666666666667,12,0.8896429865619846
Zm00001eb012690,4,1,7.5,14,0.8270999746658967
Zm00001eb012710,6,1,10.333333333333334,25,0.3710605833787551
Zm00001eb012720,7,1,5.142857142857143,8,0.8754084445082035
Zm00001eb012750,4,1,10.0,21,1.154294294853702
Zm00001eb012760,4,1,8.25,10,0.3040543482000234
Zm00001eb012790,5,1,10.0,16,0.2390125959362955
Zm00001eb012800,13,9,9.545454545454545,28,1.8313102690872776
Zm00001eb012830,12,3,5.333333333333333,16,0.3754967901949784
Zm00001eb012850,9,2,5.6,16,0.3658994025164643
Zm00001eb012860,16,7,6.5,23,0.5526894531435191
Zm00001eb012870,10,2,8.454545454545455,37,0.6511594960148158
Zm00001eb012900,3,1,4.0,6,0.4379134663930918
Zm00001eb012930,10,2,10.5,29,3.2890241096330453
Zm00001eb012950,7,1,7.0,17,0.2102183488852554
Zm00001eb012960,17,3,9.88,54,0.8066489225619613
Zm00001eb012970,8,1,10.75,24,0.4704297256909246
Zm00001eb013020,4,2,8.125,10,0.1579845777756168
Zm00001eb013040,10,3,7.0,19,0.2486445361126961
Zm00001eb013060,14,7,8.088235294117647,18,0.2148298912467326
Zm00001eb013080,12,5,9.434782608695652,21,0.2734722435625202
Zm00001eb013100,9,2,16.444444444444443,68,1.282405520014368
Zm00001eb013120,7,1,7.571428571428571,13,0.6286785834239483
Zm00001eb013140,13,3,4.611111111111111,10,0.7126890788773108
Zm00001eb013150,16,6,7.088235294117647,20,0.9355605859447884
Zm00001eb013180,4,1,6.25,19,0.3566771028453311
Zm00001eb013190,10,3,10.066666666666666,56,0.2350667544263933
Zm00001eb013220,8,4,11.2,49,0.5403389766743114
Zm00001eb013230,6,1,8.333333333333334,31,0.6702050716040534
Zm00001eb013250,8,1,6.25,13,0.1957368021921521
Zm00001eb013300,7,1,7.0,19,0.2905076389162649
Zm00001eb013340,8,3,10.636363636363637,32,0.6945185891264456
Zm00001eb013360,4,1,10.5,23,0.616711499784656
Zm00001eb013420,5,1,6.0,10,0.9478940169631602
Zm00001eb013440,12,3,11.764705882352942,44,0.3881409043001065
Zm00001eb013450,12,4,7.230769230769231,37,0.2656254841039663
Zm00001eb013480,11,2,8.923076923076923,26,0.7284355803544947
Zm00001eb013490,10,3,8.083333333333334,20,0.1344272145851201
Zm00001eb013500,4,1,13.0,33,0.4330526232327115
Zm00001eb013510,9,3,8.76923076923077,33,0.3021316702606009
Zm00001eb013520,12,3,11.578947368421053,53,0.4449892260663274
Zm00001eb013540,6,1,9.333333333333334,16,0.8282511935248817
Zm00001eb013590,8,1,20.0,81,0.4660007115462887
Zm00001eb013600,6,1,5.833333333333333,8,0.6888314413701417
Zm00001eb013610,14,5,9.741935483870968,41,0.3353898294104762
Zm00001eb013640,8,1,11.25,32,0.1806624175652582
Zm00001eb013650,9,1,6.555555555555555,13,2.0538660309213816
Zm00001eb013660,9,3,16.9375,137,0.809038817866885
Zm00001eb013680,6,1,6.0,13,1.584962500721156
Zm00001eb013700,6,1,7.166666666666667,14,0.9894852446026832
Zm00001eb013720,2,1,9.0,15,1.4730968417976122
Zm00001eb013740,7,2,11.285714285714286,35,0.4890309389699687
Zm00001eb013750,7,2,11.285714285714286,35,0.3965825207577603
Zm00001eb013760,12,3,6.111111111111111,17,0.2547119045894499
Zm00001eb013780,11,4,8.789473684210526,23,0.9313388135139076
Zm00001eb013830,9,3,9.642857142857142,53,2.2180018801434103
Zm00001eb013840,5,1,11.4,24,0.5141459091736245
Zm00001eb013850,4,1,8.25,16,0.3741694048599599
Zm00001eb013870,10,3,10.857142857142858,22,1.2433527692358517
Zm00001eb013880,10,2,9.0,37,2.2734858923976655
Zm00001eb013890,8,3,11.846153846153847,40,0.3965629014493289
Zm00001eb013900,12,4,7.818181818181818,27,0.215866867513359
Zm00001eb013910,4,1,4.75,9,0.8045147625528458
Zm00001eb013950,16,7,11.878048780487806,37,0.9142855660021256
Zm00001eb013970,13,6,8.346153846153847,55,1.5887039745610383
Zm00001eb014010,6,1,7.5,27,0.3707321284889365
Zm00001eb014020,15,5,13.857142857142858,101,0.9306533104042513
Zm00001eb014030,13,6,9.225806451612904,29,0.1387941486727973
Zm00001eb014050,6,1,4.333333333333333,7,0.8384733447772246
Zm00001eb014080,13,4,11.473684210526315,35,0.4344081513866868
Zm00001eb014120,5,1,24.2,66,0.6434421530155285
Zm00001eb014150,8,2,7.6,15,0.2924812503605781
Zm00001eb014190,7,3,7.636363636363637,15,0.5801717599398604
Zm00001eb014240,14,4,12.869565217391305,71,0.9654050645687712
Zm00001eb014470,10,2,15.272727272727273,85,0.6833565319752294
Zm00001eb014490,8,2,10.333333333333334,35,0.5111906813325198
Zm00001eb014520,12,4,7.947368421052632,36,0.9169806461348085
Zm00001eb014550,2,1,2.5,3,1.7157108414856506
Zm00001eb014600,7,3,9.545454545454545,21,0.8434657117215678
Zm00001eb014740,3,1,20.0,50,0.16660693813898
Zm00001eb014750,5,1,15.2,32,0.8633274335132587
Zm00001eb014780,7,1,5.285714285714286,11,0.2819797569191408
Zm00001eb014870,4,1,4.75,10,0.6252293235650427
Zm00001eb014930,5,1,4.8,14,0.9160259245072012
Zm00001eb014970,10,3,13.363636363636363,85,0.5857050155232126
Zm00001eb014980,11,2,5.583333333333333,13,1.33320713667573
Zm00001eb015030,7,1,12.285714285714286,23,0.4097521262068528
Zm00001eb015040,12,2,6.466666666666667,25,0.2707871308923067
Zm00001eb015050,4,1,8.75,15,1.1112999707441915
Zm00001eb015060,7,1,9.428571428571429,18,0.1146662490445362
Zm00001eb015090,6,1,7.833333333333333,17,0.8616450551554781
Zm00001eb015130,18,6,8.571428571428571,23,0.8487058866366175
Zm00001eb015160,7,1,12.428571428571429,30,1.1690414005164116
Zm00001eb015170,10,4,9.6,30,0.2175539653358733
Zm00001eb015200,16,11,8.614035087719298,31,0.3996510916734916
Zm00001eb015210,13,7,8.620689655172415,30,0.8231911276421016
Zm00001eb015230,5,1,8.8,13,0.3167641580149434
Zm00001eb015240,13,2,7.461538461538462,18,0.447259584622777
Zm00001eb015250,9,3,11.384615384615385,52,0.975286289672509
Zm00001eb015260,10,3,9.0,22,0.7947004150784183
Zm00001eb015310,16,6,12.378378378378379,77,0.1811993825878285
Zm00001eb015320,15,5,7.482758620689655,29,0.8099752851898379
Zm00001eb015330,2,1,4.5,5,0.6968199111068198
Zm00001eb015340,10,3,5.666666666666667,20,0.6887640609226263
Zm00001eb015380,3,1,3.0,8,0.3652024451534698
Zm00001eb015400,16,6,9.172413793103448,49,0.9008777438045236
Zm00001eb015420,4,1,17.0,52,0.3089217690120953
Zm00001eb015440,9,3,7.615384615384615,36,0.3919297860908928
Zm00001eb015450,11,1,7.454545454545454,14,0.6750069909874619
Zm00001eb015460,7,1,10.0,30,0.405108860408276
Zm00001eb015470,9,2,16.0,65,0.3141289719000201
Zm00001eb015520,15,4,10.045454545454545,36,0.5466518599197
Zm00001eb015530,5,1,11.2,20,0.84799690655495
Zm00001eb015540,8,1,9.375,18,0.1802581063157601
Zm00001eb015550,11,2,10.529411764705882,37,0.2377747114245671
Zm00001eb015570,16,4,4.571428571428571,11,1.0534286971503823
Zm00001eb015620,14,4,9.045454545454545,31,1.763838210076168
Zm00001eb015660,16,4,6.7272727272727275,18,0.817534187839224
Zm00001eb015690,6,1,8.0,15,0.4839914667344301
Zm00001eb015700,10,1,6.4,21,0.518600219990017
Zm00001eb015710,6,1,7.333333333333333,13,1.5905949525281355
Zm00001eb015720,13,6,6.714285714285714,18,0.6695024911432648
Zm00001eb015730,4,1,4.0,9,0.3467118699126196
Zm00001eb015750,7,2,8.333333333333334,29,0.1506919027548077
Zm00001eb015770,13,3,6.352941176470588,21,1.573487664024056
Zm00001eb015790,7,1,8.428571428571429,20,0.629652561838033
Zm00001eb015800,13,7,8.2,31,0.9510193235622166
Zm00001eb015820,3,1,6.0,10,0.6035339363752684
Zm00001eb015850,9,1,3.3333333333333335,12,0.6022468097646826
Zm00001eb015860,5,1,9.6,16,1.2066547940593195
Zm00001eb015880,9,2,11.916666666666666,84,0.2354976121075029
Zm00001eb015890,5,1,9.4,16,0.4972994327357009
Zm00001eb015930,10,2,11.571428571428571,59,0.7623590617243056
Zm00001eb015950,8,3,9.285714285714286,21,0.1039605865638207
Zm00001eb015960,12,3,7.2,15,0.3526985403672129
Zm00001eb015970,7,1,8.428571428571429,14,0.5761166062802496
Zm00001eb016000,9,2,7.444444444444445,12,0.1741197995481249
Zm00001eb016020,11,2,6.454545454545454,11,0.5669549638198788
Zm00001eb016040,5,1,8.8,26,0.6210785934914651
Zm00001eb016080,10,3,5.285714285714286,17,0.3801373771792332
Zm00001eb016090,8,1,7.125,21,0.6816959631761792
Zm00001eb016100,4,1,17.75,41,0.2860865841633441
Zm00001eb016110,9,3,9.4,35,0.9412244059789482
Zm00001eb016130,7,1,14.142857142857142,29,1.9006633239510276
Zm00001eb016170,9,3,8.692307692307692,19,0.1554728660412472
Zm00001eb016180,15,7,10.461538461538462,38,0.7188926077427342
Zm00001eb016190,12,8,9.285714285714286,32,0.4178540733757856
Zm00001eb016200,5,1,5.8,7,0.9937187137196024
Zm00001eb016240,13,6,7.757575757575758,25,0.1398818251758584
Zm00001eb016320,10,2,8.090909090909092,31,0.392973944553086
Zm00001eb016330,11,4,10.5,18,0.5169149912659343
Zm00001eb016370,2,1,1.0,2,1.611995279884797
Zm00001eb016390,6,1,6.5,12,0.3408934929769229
Zm00001eb016400,8,2,8.846153846153847,20,0.3278187359389941
Zm00001eb016420,6,1,15.833333333333334,29,0.4843625490828487
Zm00001eb016450,5,1,10.0,17,0.1277178528658452
Zm00001eb016470,14,2,7.277777777777778,17,1.390499650595607
Zm00001eb016540,13,4,9.166666666666666,28,0.4273079809055172
Zm00001eb016560,11,4,17.941176470588236,99,0.4567919470958868
Zm00001eb016600,4,1,5.75,10,0.5970558729343401
Zm00001eb016620,10,3,16.38888888888889,45,0.1737015840769222
Zm00001eb016660,6,1,7.666666666666667,9,0.2394277689748855
Zm00001eb016670,4,1,22.0,69,0.1306970535468905
Zm00001eb016720,4,2,15.571428571428571,41,0.783860046635213
Zm00001eb016740,8,3,7.2,14,0.2766849113737264
Zm00001eb016800,5,1,14.0,25,0.3876069532495104
Zm00001eb016830,17,8,7.553191489361702,27,0.2594232497607345
Zm00001eb016920,16,6,11.903225806451612,75,0.6076825772212396
Zm00001eb016930,11,3,9.466666666666667,41,0.2489642418261594
Zm00001eb016940,3,1,6.666666666666667,12,0.2109943062062777
Zm00001eb016960,10,4,10.277777777777779,55,0.1513207955102923
Zm00001eb016970,9,1,12.444444444444445,61,0.3870501452431496
Zm00001eb016990,9,4,6.352941176470588,15,0.1140832985231463
Zm00001eb017000,2,1,23.5,40,0.3817820857447075
Zm00001eb017030,3,1,9.666666666666666,21,1.5794660823654898
Zm00001eb017050,6,1,5.333333333333333,14,0.4182522857589638
Zm00001eb017060,11,3,7.666666666666667,19,0.2696919220618075
Zm00001eb017070,5,1,5.4,17,0.8187519800369697
Zm00001eb017080,4,1,9.5,19,0.3697289747869682
Zm00001eb017100,16,6,6.285714285714286,44,0.3861431208681609
Zm00001eb017140,8,2,9.272727272727273,17,0.9605479103322282
Zm00001eb017200,7,2,8.11111111111111,17,0.2098290212300557
Zm00001eb017210,9,1,11.222222222222221,22,0.3500262316477301
Zm00001eb017310,8,2,11.4,21,0.1020655390306691
Zm00001eb017320,4,1,6.75,12,0.2914120605706901
Zm00001eb017340,14,8,8.461538461538462,22,2.05337337703099
Zm00001eb017350,6,1,7.833333333333333,14,2.051334832261712
Zm00001eb017400,11,3,9.647058823529411,20,0.7963875824365118
Zm00001eb017420,13,3,8.473684210526315,24,1.6361398379704934
Zm00001eb017450,9,2,6.416666666666667,13,2.1729086517799465
Zm00001eb017460,5,1,7.0,12,0.1759854028495669
Zm00001eb017520,13,5,9.5,31,0.5289820923767663
Zm00001eb017530,8,2,9.0,25,1.1501199343010418
Zm00001eb017560,14,5,5.6923076923076925,12,0.520174665516002
Zm00001eb017570,10,2,6.1,17,0.837768123676218
Zm00001eb017620,7,2,6.857142857142857,16,1.312243452800644
Zm00001eb017630,11,3,6.684210526315789,17,0.4916656549812364
Zm00001eb017640,9,2,5.916666666666667,10,1.6484939628687068
Zm00001eb017660,17,10,8.416666666666666,37,0.7523925163034517
Zm00001eb017670,11,3,8.357142857142858,22,1.503419643032591
Zm00001eb017700,10,2,9.307692307692308,25,0.3012135573562149
Zm00001eb017730,8,1,17.375,38,0.7543781147881972
Zm00001eb017860,5,1,8.2,15,0.2965546561261262
Zm00001eb017900,5,2,31.714285714285715,92,2.321928094887362
Zm00001eb017970,6,2,8.5,36,0.606815953292904
Zm00001eb018000,11,2,10.153846153846153,35,0.6502517120652004
Zm00001eb018020,8,4,9.642857142857142,23,0.1831153222506611
Zm00001eb018040,15,3,9.454545454545455,32,0.5361932409466601
Zm00001eb018090,14,3,6.578947368421052,14,0.6291780683752348
Zm00001eb018180,4,1,12.0,35,2.5046362421094623
Zm00001eb018230,9,2,7.5,21,1.387877557690199
Zm00001eb018250,9,2,5.8,17,1.1164673994840564
Zm00001eb018270,7,2,7.714285714285714,16,0.852322076953353
Zm00001eb018300,2,1,19.5,24,0.3833015273455455
Zm00001eb018320,16,6,6.586206896551724,26,0.6724695366619518
Zm00001eb018350,14,3,5.823529411764706,15,0.1142870482926435
Zm00001eb018360,6,1,15.166666666666666,41,0.1593564623038334
Zm00001eb018460,14,3,9.0625,54,0.4356222218212482
Zm00001eb018630,7,1,8.428571428571429,13,6.126912207448394
Zm00001eb018670,8,2,9.8,25,0.3110737962912702
Zm00001eb018700,16,7,14.093023255813954,91,0.5309816670348133
Zm00001eb018720,10,4,10.38888888888889,38,0.249629104128903
Zm00001eb018730,6,1,7.833333333333333,18,0.2448891162862655
Zm00001eb018830,5,1,4.4,14,0.2524854601150205
Zm00001eb018850,6,3,10.1,19,0.2061458096473079
Zm00001eb018930,9,5,8.173913043478262,24,0.7438292394899286
Zm00001eb018960,12,4,6.117647058823529,16,2.2097236508717946
Zm00001eb018970,10,2,9.384615384615385,31,0.4136521844158116
Zm00001eb018980,11,1,7.545454545454546,29,0.2881193336817605
Zm00001eb018990,3,1,1.6666666666666667,2,1.487949582623192
Zm00001eb019030,9,3,9.666666666666666,22,0.3456698651703388
Zm00001eb019050,4,1,6.5,12,0.4566624302094302
Zm00001eb019090,6,2,13.285714285714286,44,0.6617705108039688
Zm00001eb019160,2,1,24.5,43,1.1638990992359788
Zm00001eb019210,7,1,8.571428571428571,21,0.1698363619494588
Zm00001eb019230,10,2,9.0,42,0.5361729957340966
Zm00001eb019260,5,1,11.4,33,0.1055899024013423
Zm00001eb019350,5,1,8.0,14,0.1522241001740469
Zm00001eb019370,11,3,8.5625,24,0.3914297328055429
Zm00001eb019420,11,3,13.333333333333334,97,0.3690650899982969
Zm00001eb019470,9,2,10.0,47,0.2093095634976994
Zm00001eb019510,8,1,13.0,20,1.39956009859369
Zm00001eb019520,9,2,5.9,14,0.225537788731667
Zm00001eb019570,16,4,8.777777777777779,29,0.2630344058337938
Zm00001eb019590,15,5,6.8125,25,0.4642382660977334
Zm00001eb019620,6,1,11.166666666666666,27,0.4632462619136506
Zm00001eb019640,9,2,5.888888888888889,16,0.449585502688717
Zm00001eb019650,12,4,7.888888888888889,18,0.6818065230708723
Zm00001eb019680,9,3,8.133333333333333,38,1.4345705007010765
Zm00001eb019720,7,1,12.285714285714286,60,0.3462398229788769
Zm00001eb019730,7,1,12.285714285714286,60,0.5551006072810635
Zm00001eb019780,12,2,8.266666666666667,30,1.167224954289689
Zm00001eb019830,6,3,6.75,14,0.2731858978469538
Zm00001eb019840,5,1,9.6,15,0.6458918764828967
Zm00001eb019850,8,2,10.88888888888889,30,0.7476607043410657
Zm00001eb019880,5,1,7.8,11,0.5306114705531404
Zm00001eb019890,5,1,10.2,17,0.7072674141846004
Zm00001eb019900,9,3,9.4375,26,1.2802665164469522
Zm00001eb019930,14,5,12.321428571428571,69,0.7554510630383846
Zm00001eb020020,8,2,6.7,20,0.5029303413501802
Zm00001eb020040,7,1,8.428571428571429,18,0.237170581130401
Zm00001eb020080,5,1,9.2,16,1.0478110999800716
Zm00001eb020100,3,1,4.333333333333333,6,0.7802588343657235
Zm00001eb020110,9,2,7.0,24,0.6381883361945286
Zm00001eb020120,6,1,17.0,42,0.338037012953287
Zm00001eb020170,9,2,16.384615384615383,36,0.4591124436716258
Zm00001eb020180,4,1,5.5,9,0.7331710446670379
Zm00001eb020240,5,1,7.4,11,1.029535662761815
Zm00001eb020250,4,1,4.25,8,0.4655457736055886
Zm00001eb020260,7,2,15.0,66,0.5538045912708174
Zm00001eb020280,6,2,6.333333333333333,11,0.5219825249093784
Zm00001eb020320,9,1,10.222222222222221,37,0.2020146627632972
Zm00001eb020330,8,1,14.125,35,0.3521352206599034
Zm00001eb020350,8,2,7.3,18,0.2027492336792499
Zm00001eb020360,4,1,10.5,13,0.4626649268508334
Zm00001eb020380,8,2,5.666666666666667,18,0.5564994133992143
Zm00001eb020390,9,3,9.5,27,1.2795895456205293
Zm00001eb020410,10,3,6.117647058823529,33,1.0501808800915695
Zm00001eb020420,10,3,14.153846153846153,32,0.8474044922257324
Zm00001eb020450,8,4,13.23076923076923,33,0.42475995081491
Zm00001eb020460,5,1,7.0,13,0.2445300904393366
Zm00001eb020470,7,2,9.222222222222221,24,0.7367310265428414
Zm00001eb020540,14,3,8.391304347826088,31,1.2956051027948698
Zm00001eb020580,5,2,8.666666666666666,16,6.1436886737582945
Zm00001eb020590,5,1,11.6,38,0.0226355655690942
Zm00001eb020600,8,3,5.888888888888889,17,1.4830587277771226
Zm00001eb020660,8,3,10.0,19,0.3743083654865708
Zm00001eb020680,17,6,10.3,86,0.5416996561988824
Zm00001eb020690,11,5,9.785714285714286,26,0.3987878581115269
Zm00001eb020710,11,3,7.7894736842105265,18,0.1527958167473933
Zm00001eb020730,6,1,7.166666666666667,12,1.67116618302459
Zm00001eb020750,10,2,8.0,29,5.059087026252644
Zm00001eb020780,3,1,4.666666666666667,8,0.3036602877595016
Zm00001eb020790,12,3,6.647058823529412,22,1.0466996001080848
Zm00001eb020850,9,2,10.454545454545455,33,1.0302583608110458
Zm00001eb020860,13,5,10.65625,33,0.3549853641987217
Zm00001eb020870,5,1,11.2,36,0.3121836861303995
Zm00001eb021020,2,1,16.5,26,0.2328580057300445
Zm00001eb021030,13,2,7.714285714285714,14,0.2808974538682956
Zm00001eb021050,4,1,5.25,7,0.1520030934450501
Zm00001eb021080,7,2,9.88888888888889,18,0.6348085209860538
Zm00001eb021090,9,2,39.07692307692308,123,0.7343645613019046
Zm00001eb021140,8,3,7.9375,32,0.6766528610932854
Zm00001eb021200,8,2,11.625,36,0.8882756188560655
Zm00001eb021210,2,1,11.0,11,0.2551595161815592
Zm00001eb021220,6,1,14.666666666666666,43,0.4100487010900827
Zm00001eb021230,6,1,14.666666666666666,43,0.6534947288612498
Zm00001eb021240,7,1,6.285714285714286,13,0.3002724769545604
Zm00001eb021260,12,6,5.0,19,0.652652903092164
Zm00001eb021270,15,7,13.117647058823529,36,1.1658247572422378
Zm00001eb021300,4,1,20.25,67,0.6531739000115679
Zm00001eb021310,8,1,12.0,29,0.9884168318042788
Zm00001eb021320,16,10,10.627450980392156,44,0.2551354278777563
Zm00001eb021340,16,5,8.73076923076923,34,0.982621338065128
Zm00001eb021350,3,1,16.666666666666668,23,0.7494177042328285
Zm00001eb021360,12,3,8.75,24,1.5932006160579224
Zm00001eb021400,12,4,10.375,33,1.4425288004745476
Zm00001eb021440,15,6,6.833333333333333,24,0.9717403075285248
Zm00001eb021450,15,5,9.454545454545455,50,0.7606225307515645
Zm00001eb021510,14,3,10.15,41,0.2120548156442065
Zm00001eb021530,8,3,7.2727272727272725,14,1.9328744024516888
Zm00001eb021550,7,2,8.444444444444445,27,1.3935546596563777
Zm00001eb021590,6,1,8.0,16,0.7632798200762886
Zm00001eb021700,17,8,8.319148936170214,20,3.339198357797619
Zm00001eb021720,8,1,7.125,20,1.6957347723689575
Zm00001eb021750,2,1,9.0,10,1.1732480446233555
Zm00001eb021830,7,2,7.888888888888889,17,0.1698254483781546
Zm00001eb021840,5,1,10.0,16,0.6568025024699645
Zm00001eb021850,11,4,6.869565217391305,17,2.071995030742769
Zm00001eb021880,12,3,6.625,22,0.2941828181406336
Zm00001eb021890,10,2,8.0,21,0.1581200162399922
Zm00001eb021900,10,2,8.916666666666666,17,0.406418670928479
Zm00001eb021920,9,2,8.1,21,0.6669602959811162
Zm00001eb021940,5,1,4.0,12,0.300217237376295
Zm00001eb021970,13,4,9.73913043478261,49,0.7374327228866601
Zm00001eb021990,8,2,12.1,40,0.7573944170724615
Zm00001eb022040,16,9,8.48936170212766,24,0.3937402612511763
Zm00001eb022080,3,1,8.666666666666666,12,0.4886511978567546
Zm00001eb022160,8,2,6.555555555555555,22,0.9658120741186096
Zm00001eb022210,12,5,9.04,38,5.457984055399437
Zm00001eb022220,15,6,8.903225806451612,24,0.2025214646826246
Zm00001eb022230,3,1,9.0,14,0.0922647076262904
Zm00001eb022280,3,1,5.0,8,0.671497091799342
Zm00001eb022380,6,1,9.833333333333334,35,1.1994738321346188
Zm00001eb022400,16,6,7.096774193548387,16,0.346778229674379
Zm00001eb022410,13,4,14.304347826086957,70,0.826516329313029
Zm00001eb022440,1,1,1.0,1,0.2492530165496896
Zm00001eb022580,7,3,11.25,28,0.7663135544691776
Zm00001eb022630,9,2,9.090909090909092,25,0.9543371621358878
Zm00001eb022670,10,4,9.894736842105264,21,0.297610357808613
Zm00001eb022680,11,2,7.4,28,0.5969320526445393
Zm00001eb022710,4,1,7.0,11,0.523792336184128
Zm00001eb022730,11,2,10.538461538461538,25,0.9184809238528292
Zm00001eb022740,2,1,4.5,5,0.1486060470359567
Zm00001eb022750,9,3,9.846153846153847,53,0.5899366029260703
Zm00001eb022760,14,9,10.64,39,2.2098799591694207
Zm00001eb022810,10,3,6.777777777777778,18,1.2234247410238308
Zm00001eb022860,8,2,8.375,20,0.6130794931988315
Zm00001eb022870,7,1,9.0,19,1.473346639903404
Zm00001eb022910,5,1,7.0,13,0.237132938313002
Zm00001eb022920,10,2,12.076923076923077,23,1.876717569413011
Zm00001eb022930,12,3,21.6,173,0.6271971518392948
Zm00001eb022950,6,2,8.857142857142858,18,2.309426863442669
Zm00001eb022980,5,1,9.8,18,1.1090091582316872
Zm00001eb023010,6,1,11.166666666666666,26,0.1794931597717022
Zm00001eb023020,14,7,8.552631578947368,31,0.41849688581663
Zm00001eb023080,9,1,10.0,29,0.2302204492571713
Zm00001eb023100,11,2,9.0,21,0.4296771997740551
Zm00001eb023110,10,3,6.846153846153846,13,0.5846005311224123
Zm00001eb023130,5,1,8.2,21,0.8158178355502735
Zm00001eb023140,9,2,10.333333333333334,24,0.2426756406639077
Zm00001eb023160,5,1,9.4,20,0.3138558376267911
Zm00001eb023230,9,4,8.588235294117647,22,1.5356940365573049
Zm00001eb023240,7,1,12.142857142857142,32,0.4699243923224251
Zm00001eb023250,7,1,4.428571428571429,17,1.635564260673012
Zm00001eb023270,7,1,11.285714285714286,20,0.0592410400478128
Zm00001eb023280,7,2,5.375,10,0.2321832705496112
Zm00001eb023290,11,7,6.413793103448276,12,0.5973683091200451
Zm00001eb023350,10,2,14.307692307692308,102,0.2622308981684235
Zm00001eb023450,8,2,13.083333333333334,37,0.2176670830625998
Zm00001eb023460,11,2,7.25,16,1.2042893361662623
Zm00001eb023510,7,2,4.555555555555555,12,0.5021269968583747
Zm00001eb023520,12,3,11.411764705882353,30,0.5411872689689563
Zm00001eb023530,8,2,5.909090909090909,24,0.261233346893632
Zm00001eb023650,11,2,8.090909090909092,29,0.4582194317535179
Zm00001eb023660,6,1,8.833333333333334,14,0.2589930194184355
Zm00001eb023680,12,3,10.05,35,0.5175256452195983
Zm00001eb023700,11,3,9.083333333333334,35,0.5283208335737187
Zm00001eb023730,9,2,10.25,22,0.8559488502532694
Zm00001eb023740,8,1,5.75,13,0.4209795214531788
Zm00001eb023810,15,7,6.842105263157895,26,0.5463873894088086
Zm00001eb023820,10,2,7.75,15,0.4421076639736376
Zm00001eb023830,5,1,8.4,17,0.3491912023361329
Zm00001eb023840,7,1,15.0,39,1.4685238556950733
Zm00001eb023860,5,1,4.8,8,0.234145252358647
Zm00001eb023870,7,2,3.076923076923077,8,0.2284258146874095
Zm00001eb023880,6,1,5.5,13,0.4256530133798809
Zm00001eb023890,11,2,6.461538461538462,15,0.398993996959087
Zm00001eb023910,6,1,6.0,11,0.1319825887058787
Zm00001eb023920,4,1,8.25,20,0.4739854057747193
Zm00001eb023950,6,1,11.333333333333334,28,0.4761478832569717
Zm00001eb023970,6,3,7.923076923076923,20,1.018268523099942
Zm00001eb024020,13,3,5.4,12,0.713556549090881
Zm00001eb024030,14,5,6.481481481481482,30,1.3736598858326416
Zm00001eb024070,4,1,10.25,16,0.6561365229720939
Zm00001eb024120,4,1,6.25,18,0.3257526324373516
Zm00001eb024130,14,6,9.34375,17,0.3840888861941609
Zm00001eb024150,11,3,5.923076923076923,15,1.608594836292729
Zm00001eb024210,5,1,5.2,9,0.4216061588249075
Zm00001eb024280,9,3,7.076923076923077,19,0.1044062545180744
Zm00001eb024300,7,2,18.9,64,0.6187088079608318
Zm00001eb024330,5,1,6.2,10,0.2081705389262264
Zm00001eb024380,11,4,13.055555555555555,32,0.2857784366688072
Zm00001eb024430,9,2,5.8,11,0.9398981777495086
Zm00001eb024440,7,1,6.142857142857143,17,0.3111013594560777
Zm00001eb024550,8,1,11.25,19,0.314845842448
Zm00001eb024560,7,1,5.857142857142857,13,0.0895618097899487
Zm00001eb024600,8,2,10.636363636363637,31,0.6871320508090015
Zm00001eb024700,8,1,6.25,13,0.2388076001064135
Zm00001eb024740,8,2,8.5,17,0.2969542920767273
Zm00001eb024800,9,1,10.666666666666666,43,0.2852178040884587
Zm00001eb024820,6,1,8.833333333333334,20,1.1500037538990031
Zm00001eb024900,3,1,9.0,15,0.321171378568333
Zm00001eb024930,7,2,10.555555555555555,22,1.6773304023685327
Zm00001eb024960,8,2,4.6,16,0.7751503595700155
Zm00001eb025040,10,3,7.764705882352941,19,0.4853435112643582
Zm00001eb025080,10,3,12.5,38,0.7413744523565872
Zm00001eb025130,2,1,9.0,10,0.1638153052926098
Zm00001eb025140,9,2,5.7,20,0.1388863839628279
Zm00001eb025150,5,1,10.4,23,0.6188537344583495
Zm00001eb025160,11,2,10.083333333333334,46,0.5868121892980219
Zm00001eb025170,5,2,7.5,14,0.3304431275687599
Zm00001eb025210,8,1,12.5,56,1.1253174111608848
Zm00001eb025240,8,2,10.25,42,0.4587983986221683
Zm00001eb025290,6,1,9.166666666666666,16,0.3578998092377444
Zm00001eb025300,9,2,5.454545454545454,13,0.2963226128983519
Zm00001eb025340,10,2,15.583333333333334,40,0.3828561045190883
Zm00001eb025350,10,3,17.4,52,0.5948841689374812
Zm00001eb025360,5,1,13.6,49,0.4233112793885695
Zm00001eb025390,9,4,11.666666666666666,20,0.2934417667227229
Zm00001eb025400,7,1,7.0,13,0.8957056171586497
Zm00001eb025420,13,4,10.222222222222221,30,0.0468820246791849
Zm00001eb025470,7,4,10.8,22,0.2679241012042415
Zm00001eb025500,10,4,8.0,22,0.3116112383906854
Zm00001eb025540,12,3,5.857142857142857,18,1.227107044546662
Zm00001eb025550,4,1,6.75,8,0.5732537037858125
Zm00001eb025560,12,4,8.444444444444445,33,0.2624271530910759
Zm00001eb025620,7,1,8.142857142857142,17,0.3438479046202708
Zm00001eb025650,3,1,4.0,6,0.288582747173165
Zm00001eb025670,5,1,14.2,24,0.2772848191890329
Zm00001eb025700,12,3,7.7368421052631575,23,0.1745932646826194
Zm00001eb025720,8,2,8.916666666666666,22,1.0113857373774475
Zm00001eb025730,14,3,8.333333333333334,22,0.8444242316504417
Zm00001eb025760,5,1,9.6,26,0.1355739393029799
Zm00001eb025780,13,3,6.2631578947368425,27,0.331836165672916
Zm00001eb025880,12,3,10.523809523809524,34,0.6316992330322906
Zm00001eb025890,13,3,9.304347826086957,34,0.8285158029071197
Zm00001eb025900,10,2,8.75,30,1.2155079412403995
Zm00001eb025910,6,2,6.166666666666667,13,0.6401185492923854
Zm00001eb025990,11,3,8.777777777777779,25,0.9252406868578876
Zm00001eb026030,3,1,4.333333333333333,5,0.1607787559306432
Zm00001eb026200,7,2,12.923076923076923,29,0.2895928513328055
Zm00001eb026220,13,6,9.18421052631579,21,0.667820373874282
Zm00001eb026300,3,1,5.666666666666667,13,0.4526064945311081
Zm00001eb026310,8,2,4.777777777777778,19,4.121211749820275
Zm00001eb026330,5,1,9.2,18,1.7592514310759677
Zm00001eb026420,9,2,12.333333333333334,33,0.3393526005930922
Zm00001eb026430,7,1,7.571428571428571,18,0.4525149829331479
Zm00001eb026440,5,1,10.8,13,0.289506617194985
Zm00001eb026520,11,3,9.875,32,0.6295462970174319
Zm00001eb026540,4,1,6.0,11,0.601626465438466
Zm00001eb026550,7,2,14.75,49,0.7784007820509675
Zm00001eb026770,7,1,16.857142857142858,33,0.26693886028971
Zm00001eb026800,3,1,11.666666666666666,15,0.3638138647934349
Zm00001eb027790,8,3,13.642857142857142,25,0.5868702888513551
Zm00001eb027830,5,1,7.2,15,0.4800932947175051
Zm00001eb027880,8,2,8.363636363636363,37,0.1406658181308715
Zm00001eb027950,9,1,4.444444444444445,8,0.6029403700467524
Zm00001eb027970,3,1,5.666666666666667,8,0.3525339263898248
Zm00001eb028000,6,1,22.666666666666668,39,0.956792414556174
Zm00001eb028010,6,1,8.0,25,0.9377691737865164
Zm00001eb028060,11,2,12.0,38,0.849304627548546
Zm00001eb028160,5,1,6.0,11,0.900519656872123
Zm00001eb028310,9,1,8.0,20,0.9160997700051348
Zm00001eb028340,9,2,10.5,24,1.2013268874115055
Zm00001eb028350,7,3,12.153846153846153,25,0.4506639275487989
Zm00001eb028370,7,1,8.285714285714286,13,0.1120916770691353
Zm00001eb028400,4,1,6.25,8,1.0
Zm00001eb028430,13,4,8.238095238095237,21,0.3575802324150738
Zm00001eb028440,6,2,10.285714285714286,41,0.341958937835882
Zm00001eb028460,6,1,14.0,55,0.109178215335588
Zm00001eb028490,5,1,5.0,13,0.2774495239547993
Zm00001eb028510,13,3,11.555555555555555,36,0.1967327697754067
Zm00001eb028570,4,1,5.25,11,0.2470396911443955
Zm00001eb028710,4,1,14.25,42,0.106717150793484
Zm00001eb028720,5,1,9.4,31,0.4849388642070245
Zm00001eb028740,6,1,10.666666666666666,20,0.199120638037929
Zm00001eb028750,6,1,16.0,38,0.6711274885391508
Zm00001eb028780,10,4,7.055555555555555,28,0.6712030294567141
Zm00001eb028810,5,1,27.6,89,0.5140863130855974
Zm00001eb028820,12,3,11.631578947368421,29,0.3654449432197142
Zm00001eb028860,8,1,9.375,21,0.5546278122513509
Zm00001eb028930,6,1,9.833333333333334,26,0.4424644705733483
Zm00001eb028940,13,4,8.777777777777779,22,0.1635989987199836
Zm00001eb028980,10,4,7.230769230769231,57,0.1115037700013779
Zm00001eb029010,10,2,12.692307692307692,34,0.0623158959611723
Zm00001eb029020,11,4,9.956521739130435,35,1.365495293978744
Zm00001eb029080,5,1,9.2,20,0.3116954421757273
Zm00001eb029200,7,2,7.25,17,0.272752756999393
Zm00001eb029250,5,1,9.2,12,0.3805926548037818
Zm00001eb029280,6,1,7.333333333333333,11,0.0
Zm00001eb029300,13,5,7.6923076923076925,22,0.4279198874825567
Zm00001eb029330,10,2,8.0,26,0.217920241406695
Zm00001eb029380,7,1,7.571428571428571,23,0.396940838522102
Zm00001eb029390,7,1,8.285714285714286,13,0.8858524312489454
Zm00001eb029490,5,1,6.6,14,1.3393484212313835
Zm00001eb029580,4,1,9.0,14,0.2748856076633721
Zm00001eb029680,10,2,6.454545454545454,14,0.9097980052051616
Zm00001eb029690,5,1,9.2,17,0.6379119931185477
Zm00001eb029700,5,1,8.0,16,0.6892558116268649
Zm00001eb029720,6,2,11.375,26,0.8628027779580822
Zm00001eb029890,8,2,9.7,25,5.254426423696777
Zm00001eb029960,13,8,8.048780487804878,33,1.0934735776618942
Zm00001eb029970,10,3,6.944444444444445,13,0.2220355112384538
Zm00001eb029990,9,3,11.153846153846153,65,0.5476418493896825
Zm00001eb030050,9,2,5.5,16,0.2939449607771237
Zm00001eb030090,14,5,13.214285714285714,58,0.5802558994761668
Zm00001eb030110,15,4,7.444444444444445,23,1.0011169232378594
Zm00001eb030170,14,4,9.62962962962963,26,0.4483898938760366
Zm00001eb030190,13,5,9.083333333333334,28,0.7841607782810609
Zm00001eb030210,15,7,9.634146341463415,72,0.4349589781959891
Zm00001eb030220,4,1,19.5,23,0.4496581694150864
Zm00001eb030240,4,1,11.0,23,0.8762313071154421
Zm00001eb030250,5,1,11.0,24,0.327656237073518
Zm00001eb030260,7,2,8.375,16,2.6597387435991093
Zm00001eb030300,4,1,6.0,12,0.8058938208983082
Zm00001eb030400,15,4,10.814814814814815,34,1.509863260239174
Zm00001eb030410,10,3,8.647058823529411,23,0.5568038307433344
Zm00001eb030420,11,4,10.421052631578947,36,0.1824451735650068
Zm00001eb030470,12,3,11.8125,27,0.5226081353818918
Zm00001eb030510,6,1,8.166666666666666,16,0.4195179762781594
Zm00001eb030550,4,3,17.857142857142858,56,0.3044161635962986
Zm00001eb030570,8,1,6.875,18,0.0638486397232354
Zm00001eb030640,3,1,2.6666666666666665,5,0.1283661229488529
Zm00001eb030650,16,7,14.743589743589743,105,0.6119162345875533
Zm00001eb030680,8,3,10.2,37,0.160140240752287
Zm00001eb030700,3,1,41.333333333333336,99,1.4150374992788437
Zm00001eb030710,4,1,4.75,11,0.3916613586190276
Zm00001eb030740,8,2,18.333333333333332,126,0.4712439621415704
Zm00001eb030760,9,2,5.357142857142857,9,0.6309061330444067
Zm00001eb030770,6,2,6.375,14,1.933200578614445
Zm00001eb030780,5,1,14.2,31,1.304191694561454
Zm00001eb030850,10,3,9.928571428571429,22,0.1935646257426305
Zm00001eb030870,7,2,9.5,24,0.4038221358387996
Zm00001eb030880,7,1,7.0,15,1.1874077745447107
Zm00001eb030890,16,9,8.617021276595745,22,0.3484022813093238
Zm00001eb030970,5,1,22.2,79,0.7191517138899837
Zm00001eb030980,5,1,22.2,79,0.1117893833656541
Zm00001eb030990,5,1,11.6,37,0.5303924753428493
Zm00001eb031040,7,1,11.571428571428571,25,0.4865310532464201
Zm00001eb031110,3,1,11.333333333333334,32,0.7804073611003828
Zm00001eb031150,11,4,11.166666666666666,33,0.3484080796665847
Zm00001eb031160,11,3,11.125,32,7.924708901755612
Zm00001eb031170,10,3,13.6,59,0.4068171603822914
Zm00001eb031190,14,4,10.523809523809524,29,1.0920045295134986
Zm00001eb031210,17,6,10.538461538461538,45,0.2892433453731573
Zm00001eb031220,7,1,8.571428571428571,19,0.2284838882306416
Zm00001eb031270,8,3,7.833333333333333,14,0.512966669975575
Zm00001eb031280,5,1,12.8,21,0.3542681956616453
Zm00001eb031390,16,4,15.875,138,0.834287207956533
Zm00001eb031400,11,4,12.789473684210526,76,0.287866156302932
Zm00001eb031410,13,6,8.08,18,0.768886042509167
Zm00001eb031510,12,5,8.192307692307692,19,0.5157401582459108
Zm00001eb031520,12,5,8.192307692307692,19,0.2088629903755032
Zm00001eb031580,10,4,7.823529411764706,16,0.7121155566165622
Zm00001eb031590,15,8,11.405405405405405,74,0.8287002053911018
Zm00001eb031600,9,3,8.133333333333333,17,0.362851435706341
Zm00001eb031610,6,1,13.333333333333334,48,0.910290172455229
Zm00001eb031640,9,4,10.894736842105264,24,0.1772111100944582
Zm00001eb031650,15,6,10.894736842105264,52,0.6746339582793096
Zm00001eb031660,5,1,11.0,28,0.4835202632729006
Zm00001eb031670,9,3,6.818181818181818,13,0.6505361641402232
Zm00001eb031690,9,2,10.1,28,0.1521058546509964
Zm00001eb031700,14,7,8.894736842105264,34,0.703270537738388
Zm00001eb031760,4,1,8.0,21,1.0580638651816774
Zm00001eb031800,9,2,6.636363636363637,14,0.7502290740002485
Zm00001eb031870,8,1,9.625,28,0.4063787256069031
Zm00001eb031880,12,3,7.684210526315789,19,0.3505497873655122
Zm00001eb031900,3,1,7.0,9,0.5957401504386082
Zm00001eb031930,12,3,6.5625,23,0.1688355823099273
Zm00001eb031970,13,4,12.0,53,0.0764988060968859
Zm00001eb031980,6,2,6.428571428571429,21,0.2061998268682447
Zm00001eb032000,10,1,6.1,16,0.3910716682815497
Zm00001eb032030,8,2,10.666666666666666,20,0.5527642571799339
Zm00001eb032050,7,2,9.125,13,1.240360099266167
Zm00001eb032060,16,9,9.55813953488372,28,0.1383099161821467
Zm00001eb032110,7,1,3.5714285714285716,6,0.5070151548459413
Zm00001eb032160,8,3,12.0625,29,0.2710084666011845
Zm00001eb032200,7,2,19.125,38,2.5937149397612163
Zm00001eb032220,10,2,11.083333333333334,50,2.7072525292802547
Zm00001eb032230,15,8,9.702127659574469,33,0.2464649049477138
Zm00001eb032280,13,3,11.857142857142858,81,0.3945614461643454
Zm00001eb032290,14,6,12.484848484848484,52,0.2524225739731139
Zm00001eb032320,2,1,37.5,64,0.7670085733297443
Zm00001eb032330,16,4,7.84,38,0.5643295194846535
Zm00001eb032340,14,5,11.580645161290322,53,0.2474017319930109
Zm00001eb032380,9,2,9.166666666666666,23,0.6768820146616875
Zm00001eb032470,10,3,9.0,22,0.8479477749411246
Zm00001eb032500,10,3,9.8125,25,0.9507596613950896
Zm00001eb032550,5,1,10.6,38,0.8763864426800195
Zm00001eb032600,9,3,5.833333333333333,17,0.5190471998445105
Zm00001eb032630,15,3,6.954545454545454,24,0.4054162291974201
Zm00001eb032650,13,6,6.0,16,2.5186822895713097
Zm00001eb032670,6,2,14.333333333333334,24,1.8335635984385064
Zm00001eb032690,18,7,5.5,21,0.3396940803048924
Zm00001eb032750,13,5,8.064516129032258,21,0.2054497718614899
Zm00001eb032760,12,3,10.434782608695652,27,0.1992761906362547
Zm00001eb032780,14,5,6.56,23,0.5487349958856091
Zm00001eb032790,5,1,13.6,22,0.4947862376664824
Zm00001eb032800,12,3,10.647058823529411,64,0.142970545577142
Zm00001eb032820,12,4,10.428571428571429,30,0.1990693478109133
Zm00001eb032850,4,1,4.5,8,0.6379337881947071
Zm00001eb032860,10,2,19.2,87,0.989629494417584
Zm00001eb032870,7,2,19.333333333333332,33,0.4834107210748476
Zm00001eb032880,17,13,7.352941176470588,30,1.1328847508827151
Zm00001eb032940,6,1,16.666666666666668,37,0.2394796095476986
Zm00001eb032960,11,3,5.0,17,1.894214812561705
Zm00001eb032970,10,4,9.052631578947368,18,1.1878901017698975
Zm00001eb033000,8,1,10.5,29,0.2218160693838363
Zm00001eb033030,15,7,11.159090909090908,54,0.230439861006655
Zm00001eb033040,13,4,7.869565217391305,55,0.5937436942715615
Zm00001eb033050,9,3,15.058823529411764,92,1.103548141240135
Zm00001eb033060,7,1,11.0,32,0.3035042370052207
Zm00001eb033080,8,2,5.3,16,0.3405267784155949
Zm00001eb033100,17,11,10.310344827586206,38,2.508522031045113
Zm00001eb033120,17,7,8.588235294117647,66,0.7481398681729969
Zm00001eb033130,13,3,9.411764705882353,25,0.5199981016929547
Zm00001eb033220,7,1,8.571428571428571,24,0.5958419954151913
Zm00001eb033240,8,4,8.125,29,0.212839260874816
Zm00001eb033390,8,1,7.125,12,0.1692218028037045
Zm00001eb033440,11,3,10.142857142857142,33,0.3914574906565232
Zm00001eb033450,12,4,9.952380952380953,33,0.222392421336448
Zm00001eb033460,8,1,9.0,17,1.0326392101651556
Zm00001eb033470,7,1,9.142857142857142,17,0.3069872681164192
Zm00001eb033480,10,2,8.3125,24,0.2322897122753467
Zm00001eb033500,14,4,7.681818181818182,37,0.4218266649414828
Zm00001eb033540,9,2,10.88888888888889,22,0.963295813411424
Zm00001eb033550,11,2,10.466666666666667,37,0.5854725396386
Zm00001eb033570,10,3,8.083333333333334,26,0.4909268352475967
Zm00001eb033580,13,7,10.088235294117647,40,1.0603829425724636
Zm00001eb033600,5,3,8.846153846153847,14,0.5408655089948897
Zm00001eb033610,15,3,8.176470588235293,36,0.5849625007211563
Zm00001eb033640,13,4,9.777777777777779,32,0.2706215662604209
Zm00001eb033650,11,3,7.933333333333334,18,0.4213374776608695
Zm00001eb033670,4,1,5.5,9,0.3894720667801534
Zm00001eb033690,5,1,7.4,17,0.1978023799285029
Zm00001eb033700,8,2,7.222222222222222,15,0.2479460861906219
Zm00001eb033760,6,1,8.333333333333334,20,0.8622146086008295
Zm00001eb033910,4,1,8.5,13,0.7269178573421254
Zm00001eb033950,5,1,5.4,13,0.8736839243793865
Zm00001eb033960,5,1,11.8,27,0.3712014462394886
Zm00001eb034040,4,1,10.0,14,0.2390864423860284
Zm00001eb034050,6,1,8.166666666666666,16,0.8956467824376843
Zm00001eb034060,7,1,9.857142857142858,18,0.3709690240983386
Zm00001eb034080,7,1,9.857142857142858,18,0.2707367612362289
Zm00001eb034090,7,1,10.0,27,0.3893037135240204
Zm00001eb034100,9,3,10.642857142857142,31,0.5213975368484979
Zm00001eb034130,10,2,8.083333333333334,16,1.735420331256733
Zm00001eb034180,6,2,9.125,19,0.5948057497354201
Zm00001eb034260,13,5,13.6,49,0.4990864372121045
Zm00001eb034370,8,2,8.7,21,1.5033749662248943
Zm00001eb034610,4,1,12.25,20,3.455291539488316
Zm00001eb034650,8,2,6.0,12,1.740830875914026
Zm00001eb034710,12,2,9.071428571428571,43,0.2556951392118685
Zm00001eb034730,9,1,6.888888888888889,18,0.1980242874030803
Zm00001eb034740,8,2,7.1,12,0.0699285579319018
Zm00001eb034760,15,5,9.294117647058824,28,0.1685503394328458
Zm00001eb034810,4,1,7.5,11,0.8450222733893569
Zm00001eb034820,15,5,7.171428571428572,26,0.3389890120046488
Zm00001eb034830,7,2,9.0,28,0.2101422340256008
Zm00001eb034840,10,5,8.88,30,0.5199833561941241
Zm00001eb034870,8,2,25.545454545454547,59,0.9811443155996188
Zm00001eb034890,4,1,9.75,17,0.9091878990328188
Zm00001eb034900,6,1,7.166666666666667,14,0.7618073182906607
Zm00001eb034940,13,4,11.095238095238095,43,0.6374149382245232
Zm00001eb034970,14,2,7.529411764705882,30,1.702052957028695
Zm00001eb034980,11,4,10.380952380952381,23,0.4014700678427703
Zm00001eb034990,14,7,10.303030303030303,62,0.46114180378562
Zm00001eb035010,5,1,9.6,14,0.5970053783630725
Zm00001eb035020,6,2,7.714285714285714,15,0.4990698442408181
Zm00001eb035190,8,3,22.46153846153846,99,0.8109903861617237
Zm00001eb035200,9,5,18.047619047619047,99,0.5010942554407413
Zm00001eb035230,10,3,8.066666666666666,17,0.2013808398944213
Zm00001eb035340,5,1,13.6,40,0.3216580951338246
Zm00001eb035350,8,2,8.5,26,0.3001943069407005
Zm00001eb035360,3,1,2.6666666666666665,3,0.3188060055531014
Zm00001eb035390,12,4,9.5,25,0.3819856498527998
Zm00001eb035410,10,3,6.583333333333333,18,1.4007399728101393
Zm00001eb035420,12,2,9.285714285714286,36,0.1352195150432319
Zm00001eb035450,4,1,9.75,19,0.5371662430959269
Zm00001eb035500,9,4,6.615384615384615,12,0.791509529028647
Zm00001eb035570,12,4,8.571428571428571,28,0.2803438772990702
Zm00001eb035580,11,5,6.125,16,1.46809941603077
Zm00001eb035610,3,1,13.333333333333334,24,0.3861826366066587
Zm00001eb035650,6,2,13.0,38,0.7719084093594119
Zm00001eb035660,3,1,8.333333333333334,13,0.4294712321913204
Zm00001eb035680,14,3,11.777777777777779,31,0.5151494013126156
Zm00001eb035710,10,2,10.4,25,0.8785365373256225
Zm00001eb035720,12,5,9.76,43,1.005431333431752
Zm00001eb035730,10,2,10.384615384615385,26,0.2272484943271723
Zm00001eb035740,5,1,5.2,12,0.2530872066571102
Zm00001eb035750,12,3,11.166666666666666,58,0.3943754470975438
Zm00001eb035760,3,1,6.333333333333333,9,0.4069879895911922
Zm00001eb035780,15,4,9.5,25,0.9078258720106576
Zm00001eb035790,16,7,6.676470588235294,15,0.3125177676676329
Zm00001eb035800,4,1,6.25,11,0.4932939934272518
Zm00001eb035820,7,1,6.428571428571429,12,0.3064376788507881
Zm00001eb035860,6,2,14.7,19,0.3924079437443901
Zm00001eb035870,13,6,10.821428571428571,19,1.6700061323638071
Zm00001eb035990,8,2,6.5,10,0.0848888975865129
Zm00001eb036020,6,2,7.545454545454546,12,0.3591244500187084
Zm00001eb036300,4,1,10.0,25,0.8153801791644071
Zm00001eb036320,12,2,7.461538461538462,24,0.4081218074812011
Zm00001eb036330,5,1,7.2,12,0.4974379638376439
Zm00001eb036370,10,3,7.733333333333333,16,0.6259285179783629
Zm00001eb036470,8,1,15.0,28,1.2188661230953266
Zm00001eb036480,14,8,7.095238095238095,24,0.3800795841211705
Zm00001eb036550,15,5,7.857142857142857,30,1.1983215733410235
Zm00001eb036560,5,2,12.555555555555555,34,0.5314976329866584
Zm00001eb036570,11,2,8.461538461538462,28,0.8043111554333445
Zm00001eb036580,16,5,6.838709677419355,28,1.2523689621690293
Zm00001eb036610,3,1,7.0,15,0.4035731872201521
Zm00001eb036630,4,1,7.0,14,0.3216363839566608
Zm00001eb036720,10,3,6.0625,18,0.594788527497127
Zm00001eb036750,10,2,8.0,25,0.246689028860688
Zm00001eb036760,12,5,7.260869565217392,22,0.367629784469232
Zm00001eb036780,2,1,9.5,18,0.9628624996885484
Zm00001eb036790,14,3,14.68421052631579,74,0.98938683872938
Zm00001eb036800,9,2,14.454545454545455,74,0.964274077742421
Zm00001eb036840,5,1,7.6,11,0.4042384848314583
Zm00001eb036880,9,2,11.166666666666666,24,0.8624964762500653
Zm00001eb036900,8,1,9.125,19,0.4571455073403218
Zm00001eb036910,3,1,26.666666666666668,79,0.3684973276802101
Zm00001eb036920,13,3,7.5,21,0.3035223796930563
Zm00001eb036930,10,3,7.866666666666666,19,0.7790471372614515
Zm00001eb036940,16,9,9.081967213114755,33,0.489070633066045
Zm00001eb036950,10,1,8.6,26,0.2909304692427057
Zm00001eb036970,12,3,5.7894736842105265,18,0.3771751341038797
Zm00001eb037010,5,1,7.4,13,0.846252354871336
Zm00001eb037020,14,4,15.347826086956522,79,0.6334769457040128
Zm00001eb037030,12,3,11.3125,33,0.1942008877602039
Zm00001eb037040,10,3,10.894736842105264,26,0.8823339502330135
Zm00001eb037050,6,1,6.0,12,0.3330564391667938
Zm00001eb037080,2,1,7.5,8,0.1914168923279826
Zm00001eb037100,14,7,8.444444444444445,22,6.688974438646732
Zm00001eb037110,14,4,8.583333333333334,29,0.6192304412592011
Zm00001eb037120,5,1,19.2,65,0.5926948247949771
Zm00001eb037150,5,1,5.4,15,1.6274094939366484
Zm00001eb037170,13,3,10.045454545454545,29,0.1316024711281405
Zm00001eb037200,9,3,12.142857142857142,30,0.661503708246406
Zm00001eb037210,2,1,29.5,43,1.8748353522550991
Zm00001eb037230,9,2,8.0,13,0.3118687834224104
Zm00001eb037280,6,1,8.833333333333334,13,0.5425806658367723
Zm00001eb037310,9,3,7.5,19,0.2997910058530486
Zm00001eb037330,11,4,7.818181818181818,16,0.1854231867211467
Zm00001eb037360,12,6,11.583333333333334,45,0.697945253984713
Zm00001eb037420,6,1,8.0,13,0.1566376605074554
Zm00001eb037440,3,1,17.0,25,1.17265280567864
Zm00001eb037450,13,3,10.75,28,0.5749340054796456
Zm00001eb037460,12,2,10.6,23,0.2985848059209446
Zm00001eb037470,6,1,4.5,7,0.8069313890574306
Zm00001eb037480,14,6,8.5625,29,0.1722147518545917
Zm00001eb037500,14,8,9.121212121212121,38,0.3297590533709618
Zm00001eb037520,6,2,10.428571428571429,14,0.6824701720680737
Zm00001eb037570,14,4,13.238095238095237,45,0.3566421650191831
Zm00001eb037600,15,7,8.108108108108109,48,0.7177714232558483
Zm00001eb037640,5,1,7.2,23,0.3328291821803479
Zm00001eb037670,9,1,10.666666666666666,36,1.5473197408942545
Zm00001eb037680,10,2,12.571428571428571,41,0.300924044591966
Zm00001eb037690,13,2,9.923076923076923,35,1.5042218552142437
Zm00001eb037700,10,2,13.307692307692308,66,0.6347303374966133
Zm00001eb037730,3,1,9.666666666666666,20,0.615091899830245
Zm00001eb037820,8,2,4.666666666666667,9,0.6233550633733849
Zm00001eb037860,6,1,6.833333333333333,26,0.7694653142571012
Zm00001eb037890,15,4,8.56,28,1.243704315066343
Zm00001eb037920,15,5,11.241379310344827,93,6.781975477440664
Zm00001eb037930,6,1,12.666666666666666,39,0.2443972139055703
Zm00001eb037950,9,2,12.571428571428571,51,1.0258510962798404
Zm00001eb037960,5,1,3.6,11,0.8183153120536177
Zm00001eb037990,13,5,12.666666666666666,48,1.3433741665707546
Zm00001eb038030,6,1,12.833333333333334,29,0.744943458651532
Zm00001eb038070,11,3,6.9411764705882355,17,0.4422098477636669
Zm00001eb038110,13,6,10.9,99,0.5983039699244673
Zm00001eb038130,13,4,13.95,99,1.225365648669701
Zm00001eb038180,4,1,7.25,13,0.7411034343047941
Zm00001eb038190,6,1,8.333333333333334,15,0.5752194958515843
Zm00001eb038210,7,2,8.0,34,0.8223091749357495
Zm00001eb038220,17,9,9.057692307692308,24,0.6207402448827591
Zm00001eb038270,16,5,13.129032258064516,48,0.9536714962863366
Zm00001eb038350,2,1,14.0,21,0.6198450989694015
Zm00001eb038360,3,1,11.666666666666666,20,0.6474935756358111
Zm00001eb038370,7,1,10.428571428571429,25,0.4264564270194517
Zm00001eb038380,9,1,7.777777777777778,19,1.0496861391919203
Zm00001eb038400,12,3,8.458333333333334,18,0.2519361432721446
Zm00001eb038410,11,4,15.047619047619047,76,1.1183959133261832
Zm00001eb038430,14,5,8.08,41,0.5685496064631326
Zm00001eb038510,7,2,5.3,9,0.15647785214862
Zm00001eb038530,7,2,10.375,16,0.2924210793396612
Zm00001eb038600,5,1,8.2,27,0.2700811974034554
Zm00001eb038610,6,1,9.166666666666666,13,1.1926450779423958
Zm00001eb038640,3,1,17.333333333333332,35,0.5195401832610497
Zm00001eb038650,3,1,9.333333333333334,15,0.2620361017258121
Zm00001eb038710,10,5,7.526315789473684,24,0.1553193778788672
Zm00001eb038780,14,4,9.071428571428571,35,2.0588936890535687
Zm00001eb038860,5,1,9.2,20,0.7610985298396133
Zm00001eb038870,5,1,14.0,26,0.3508936324246375
Zm00001eb038880,9,2,7.818181818181818,16,1.4051802335519707
Zm00001eb038890,7,1,6.571428571428571,12,2.515267290935259
Zm00001eb038920,9,1,6.555555555555555,21,0.114103004667223
Zm00001eb038950,4,1,9.5,16,0.4111966129808531
Zm00001eb039000,11,4,4.888888888888889,19,0.1989976418160285
Zm00001eb039020,13,4,8.941176470588236,27,0.692865590674539
Zm00001eb039230,9,3,6.142857142857143,13,0.5849625007211562
Zm00001eb039280,15,4,9.23076923076923,22,1.0763714008168508
Zm00001eb039350,9,2,5.454545454545454,11,2.8259051370363175
Zm00001eb039360,7,1,26.714285714285715,105,0.4985990240526737
Zm00001eb039370,3,1,4.0,8,0.0985852949466983
Zm00001eb039380,17,8,7.0,21,0.5662975412104506
Zm00001eb039390,6,1,8.166666666666666,20,1.172462855911329
Zm00001eb039400,12,3,7.533333333333333,35,0.4677139117769104
Zm00001eb039410,8,4,10.05,32,0.2760632439912855
Zm00001eb039430,6,1,13.666666666666666,48,0.283198626212643
Zm00001eb039440,6,1,13.666666666666666,48,0.1018503643706498
Zm00001eb039550,5,2,7.428571428571429,13,0.2558113659030509
Zm00001eb039610,7,2,7.545454545454546,13,0.3206264187905833
Zm00001eb039620,5,1,7.8,15,0.1058746160257309
Zm00001eb039670,5,1,18.8,33,0.1290483329225268
Zm00001eb039710,10,2,7.0,15,0.4252981187460347
Zm00001eb039740,7,2,7.0,12,0.4373951176535313
Zm00001eb039770,6,1,4.5,9,0.1431086712206757
Zm00001eb039810,9,2,11.083333333333334,23,0.9066492684689252
Zm00001eb039830,8,3,8.733333333333333,15,1.3326282506646572
Zm00001eb039840,8,1,13.25,54,0.7949999904505349
Zm00001eb039850,8,1,13.25,54,0.1658231613186462
Zm00001eb039970,10,2,6.083333333333333,17,0.930674571411076
Zm00001eb039980,14,4,11.958333333333334,43,0.1937538036143112
Zm00001eb040000,12,5,9.875,87,0.6840782046959815
Zm00001eb040040,13,3,7.35,23,0.2901998775017705
Zm00001eb040070,5,2,5.75,18,0.7783626492611286
Zm00001eb040100,9,3,8.5625,19,0.8929835778438332
Zm00001eb040120,9,2,6.2727272727272725,25,0.4854268271702417
Zm00001eb040130,14,6,11.433333333333334,81,0.6899166335562545
Zm00001eb040140,11,3,9.333333333333334,49,0.9225005630069476
Zm00001eb040160,17,8,8.510204081632653,25,1.4399515682711763
Zm00001eb040180,17,6,8.264705882352942,26,0.3935641424821939
Zm00001eb040190,6,1,9.5,17,0.6528418240072557
Zm00001eb040220,8,1,12.5,30,1.0
Zm00001eb040230,7,1,7.714285714285714,13,2.1395916400344333
Zm00001eb040240,5,1,14.0,42,0.1024829576012512
Zm00001eb040250,12,3,10.68421052631579,40,0.2937102216826755
Zm00001eb040280,4,1,7.75,15,1.1543567376068398
Zm00001eb040310,6,1,8.333333333333334,29,0.6018528446215103
Zm00001eb040350,6,1,11.166666666666666,21,1.0681288837018457
Zm00001eb040380,2,2,14.5,19,0.5475034875897584
Zm00001eb040400,15,4,7.185185185185185,19,0.1350508696241347
Zm00001eb040450,14,4,6.5,29,0.9285460503944816
Zm00001eb040460,8,2,11.375,59,0.8452148773012045
Zm00001eb040470,5,1,5.6,13,0.9624087427771904
Zm00001eb040480,7,2,12.11111111111111,30,0.727340820748643
Zm00001eb040520,10,2,8.3,20,0.4150374992788438
Zm00001eb040540,5,1,6.4,15,0.6808234469764279
Zm00001eb040560,14,5,9.74074074074074,23,0.8538885983478127
Zm00001eb040610,4,1,14.0,27,0.6021702132279215
Zm00001eb040650,4,1,13.0,38,2.278475724355878
Zm00001eb040680,11,3,10.26923076923077,51,0.5046524703451458
Zm00001eb040700,10,3,5.357142857142857,13,0.4159881595942947
Zm00001eb040730,6,1,7.166666666666667,17,0.9983577099334174
Zm00001eb040760,7,1,7.714285714285714,22,2.130611942492318
Zm00001eb040770,3,1,18.666666666666668,20,0.1518943087215828
Zm00001eb040790,7,2,8.222222222222221,30,3.179067691483478
Zm00001eb040860,10,2,5.923076923076923,21,0.2961914853110989
Zm00001eb040900,3,1,13.666666666666666,25,0.3560982306253939
Zm00001eb040920,11,3,7.55,34,0.9621929359539008
Zm00001eb040970,6,1,12.666666666666666,26,0.2682086429248874
Zm00001eb041030,12,3,9.125,46,2.2065053637304746
Zm00001eb041040,7,3,16.09090909090909,75,1.3760651192992783
Zm00001eb041050,12,3,12.894736842105264,60,0.9753830783792474
Zm00001eb041100,13,4,8.142857142857142,28,0.6469817418549678
Zm00001eb041120,12,2,17.8,50,0.2081669528471948
Zm00001eb041130,15,5,5.291666666666667,20,0.6126806723097555
Zm00001eb041140,12,2,10.076923076923077,46,0.1907935285754564
Zm00001eb041150,12,3,9.909090909090908,30,0.1549431750263311
Zm00001eb041160,9,2,18.545454545454547,105,0.3480097293094725
Zm00001eb041170,10,2,15.76923076923077,52,0.8518110637707996
Zm00001eb041200,9,2,8.1,14,0.3082931138915
Zm00001eb041230,13,3,9.277777777777779,33,0.2932227754175389
Zm00001eb041250,14,5,7.470588235294118,22,0.0681617315760357
Zm00001eb041340,4,1,11.5,27,0.6529540330857482
Zm00001eb041360,14,6,8.59375,23,0.4250740022647806
Zm00001eb041370,10,2,10.2,20,0.1842320661746349
Zm00001eb041390,16,9,9.702127659574469,26,0.980364293381472
Zm00001eb041400,15,5,6.08,25,0.852104116944067
Zm00001eb041410,16,11,9.46808510638298,33,3.132182603443175
Zm00001eb041430,9,2,9.444444444444445,16,1.1811355538317414
Zm00001eb041560,8,2,11.0,22,0.2239875001709032
Zm00001eb041600,7,1,7.142857142857143,18,2.11722017651113
Zm00001eb041630,13,4,10.454545454545455,35,0.6242912668814913
Zm00001eb041690,12,2,6.846153846153846,23,1.4658620860793945
Zm00001eb041700,11,4,12.714285714285714,30,1.5124581655841915
Zm00001eb041710,3,1,6.333333333333333,11,1.1329067066368652
Zm00001eb041760,8,2,5.777777777777778,12,0.3976493989965592
Zm00001eb041770,9,2,9.416666666666666,23,0.7038276460421363
Zm00001eb041780,12,3,7.470588235294118,22,0.145628765114708
Zm00001eb041790,11,4,7.55,18,0.4274527848989344
Zm00001eb041800,15,4,8.24,23,0.7105044990905994
Zm00001eb041840,15,6,8.117647058823529,18,0.3721367318074984
Zm00001eb041850,5,1,7.4,16,0.2228283578589239
Zm00001eb041860,11,5,13.0,75,2.1145186887351213
Zm00001eb041880,7,1,6.142857142857143,14,1.0339770531833683
Zm00001eb041910,9,1,8.333333333333334,29,0.4254313487577494
Zm00001eb041970,1,1,3.0,3,0.9006093656561144
Zm00001eb041980,7,3,8.25,17,0.4608944601774554
Zm00001eb041990,6,1,7.833333333333333,16,0.2134834481665556
Zm00001eb042000,8,2,23.444444444444443,123,1.208585300558061
Zm00001eb042020,12,3,10.222222222222221,38,0.3730424037557319
Zm00001eb042030,5,1,5.0,10,0.8336248425522206
Zm00001eb042040,9,3,12.666666666666666,74,0.575722012207068
Zm00001eb042080,12,4,10.263157894736842,24,0.1215635886275896
Zm00001eb042110,11,3,8.722222222222221,22,0.2706938164402016
Zm00001eb042120,5,1,6.6,16,0.1632652640487623
Zm00001eb042150,7,2,9.25,14,0.2854289022971678
Zm00001eb042170,11,2,8.0,19,1.205663077580184
Zm00001eb042190,12,3,8.9375,25,1.2944669858150155
Zm00001eb042220,5,1,13.4,25,0.6069972784764405
Zm00001eb042240,15,5,10.433333333333334,34,0.4344992039189737
Zm00001eb042260,5,1,7.4,21,0.4301144528792211
Zm00001eb042310,2,1,1.5,2,5.489182982019936
Zm00001eb042320,17,4,9.172413793103448,29,0.5127770210586312
Zm00001eb042390,4,1,7.25,18,0.3943246633003268
Zm00001eb042410,14,5,10.576923076923077,38,2.6877797181443737
Zm00001eb042420,5,1,12.8,48,0.21261645137078
Zm00001eb042450,9,1,6.222222222222222,12,1.482779303231661
Zm00001eb042470,3,1,5.333333333333333,13,0.2948903756355838
Zm00001eb042480,10,2,5.333333333333333,11,0.3289259790256261
Zm00001eb042520,8,2,10.8,31,0.1631338720110315
Zm00001eb042550,5,1,9.4,20,1.1324502960236495
Zm00001eb042650,5,1,20.0,80,1.372717683893458
Zm00001eb042670,14,5,9.517241379310345,31,0.3184010056359432
Zm00001eb042700,12,4,11.153846153846153,31,0.3326804136378315
Zm00001eb042710,10,2,11.333333333333334,33,0.1972351059463749
Zm00001eb042730,11,2,9.428571428571429,46,0.8900153517935587
Zm00001eb042740,6,1,8.166666666666666,21,0.8797959010482296
Zm00001eb042750,12,5,10.814814814814815,42,0.8026132377279737
Zm00001eb042760,9,4,6.476190476190476,16,0.5576956749154776
Zm00001eb042800,13,5,10.115384615384615,23,0.596429219400784
Zm00001eb042830,7,2,10.222222222222221,22,0.4979102762999082
Zm00001eb042860,11,2,8.538461538461538,33,0.3079388610912474
Zm00001eb042890,8,2,7.090909090909091,21,1.68162018171768
Zm00001eb042900,9,3,8.666666666666666,16,0.4926053351147396
Zm00001eb042920,6,1,5.666666666666667,9,0.2089923760910571
Zm00001eb042970,3,1,11.0,18,0.2233350032208133
Zm00001eb042980,4,1,10.25,20,0.2540496662344023
Zm00001eb043070,9,3,12.166666666666666,40,0.1676775108214276
Zm00001eb043080,8,1,6.375,15,1.0940610764042615
Zm00001eb043090,11,3,10.090909090909092,28,0.6486088971760369
Zm00001eb043120,3,1,4.0,6,2.067918728062543
Zm00001eb043140,7,1,5.0,10,0.7352190558487905
Zm00001eb043170,6,1,8.5,15,0.7726637093515081
Zm00001eb043240,10,3,7.473684210526316,17,0.165190281239611
Zm00001eb043310,8,1,13.5,78,0.7229521549301761
Zm00001eb043360,13,3,9.38888888888889,36,0.9966596045373752
Zm00001eb043380,7,2,25.77777777777778,125,0.3232716309891837
Zm00001eb043400,12,5,8.4,31,0.8587001374716869
Zm00001eb043430,8,1,6.75,18,0.2042198763093196
Zm00001eb043520,6,2,8.142857142857142,14,1.1199195271584277
Zm00001eb043600,14,6,9.214285714285714,28,6.144978841197134
Zm00001eb043610,15,5,9.06060606060606,52,0.6475000538114902
Zm00001eb043620,5,1,8.0,18,0.2932741703588499
Zm00001eb043630,17,5,10.485714285714286,38,0.6372609139767988
Zm00001eb043640,12,5,12.208333333333334,59,0.2662597358129151
Zm00001eb043680,9,1,18.0,95,1.2011304743231122
Zm00001eb043690,5,1,9.4,29,0.2613569949544816
Zm00001eb043700,7,1,4.285714285714286,11,0.9349107969617
Zm00001eb043720,14,5,8.551724137931034,19,0.329703967156928
Zm00001eb043730,15,3,5.92,27,0.5207295360840268
Zm00001eb043750,5,1,11.2,21,0.7246142278153518
Zm00001eb043760,16,7,11.953488372093023,53,0.8253595711732958
Zm00001eb043800,13,4,8.2,20,1.14249466566334
Zm00001eb043850,6,1,9.5,32,0.4188126694836778
Zm00001eb043900,16,6,13.0,109,1.3874336201302235
Zm00001eb043920,4,1,4.0,7,0.1791418319621795
Zm00001eb043930,11,4,6.421052631578948,19,0.5686618602402499
Zm00001eb043950,17,6,7.275862068965517,27,0.2333736382537673
Zm00001eb044080,13,5,8.0,21,1.395183850816779
Zm00001eb044200,6,1,5.0,16,2.141763886104655
Zm00001eb044210,11,3,10.25,35,0.7207615983068593
Zm00001eb044230,5,1,7.6,15,0.3817478394916487
Zm00001eb044240,7,1,2.5714285714285716,5,0.8237268123072538
Zm00001eb044360,7,1,10.571428571428571,38,0.777607578663552
Zm00001eb044380,5,1,18.2,71,0.2083088402829973
Zm00001eb044500,7,1,8.285714285714286,20,0.8582718761730769
Zm00001eb044550,4,1,9.75,15,0.3600543088950611
Zm00001eb044560,3,1,13.333333333333334,17,0.1065995613350384
Zm00001eb044640,5,1,12.8,33,0.0883170078321071
Zm00001eb044650,13,6,13.93939393939394,55,1.0824950644975406
Zm00001eb044660,13,5,14.545454545454545,69,0.681515033488879
Zm00001eb044700,11,2,6.846153846153846,35,0.5597500865788719
Zm00001eb044730,5,1,5.8,18,1.2887495370370576
Zm00001eb044740,6,1,25.333333333333332,42,0.4970178743653413
Zm00001eb044810,10,2,6.461538461538462,16,1.7699997360966688
Zm00001eb044820,4,1,7.5,13,0.1836432941824001
Zm00001eb044830,8,2,7.555555555555555,24,0.4919913716331243
Zm00001eb044840,5,1,17.0,31,0.5837410767548913
Zm00001eb044850,16,5,9.424242424242424,27,2.4000626553113067
Zm00001eb044860,17,7,9.65,34,0.7449693516734478
Zm00001eb044870,13,4,11.565217391304348,59,0.5513408440835983
Zm00001eb044910,4,2,5.166666666666667,10,0.1387596597004174
Zm00001eb044940,5,1,8.4,20,0.8250287644715206
Zm00001eb044950,4,1,15.75,37,0.4768256001336339
Zm00001eb044960,14,7,8.775,27,0.7509000450985295
Zm00001eb044970,15,4,12.153846153846153,92,1.120432794129786
Zm00001eb045210,3,1,24.0,63,0.3369998409489556
Zm00001eb045250,15,10,9.021739130434783,29,0.134926927743436
Zm00001eb045270,15,8,7.625,33,0.8009113268704263
Zm00001eb045280,3,1,12.333333333333334,17,1.276167826308815
Zm00001eb045350,5,1,11.4,27,0.2644238553817384
Zm00001eb045370,9,3,9.5,23,1.887133904777952
Zm00001eb045380,4,1,12.0,27,0.4567003315804745
Zm00001eb045420,16,5,7.5,23,0.3135225967296623
Zm00001eb045450,8,2,15.833333333333334,74,0.2972424288041461
Zm00001eb045470,18,7,10.918367346938776,54,0.5483116845614554
Zm00001eb045520,5,1,4.8,10,0.466864397619233
Zm00001eb045530,7,2,9.625,32,0.2374305007799111
Zm00001eb045540,5,2,27.333333333333332,61,0.5683831620381232
Zm00001eb045620,5,1,5.0,8,0.1482660319368386
Zm00001eb045630,5,1,8.0,13,1.3087532742596384
Zm00001eb045640,7,1,4.714285714285714,8,0.402789625031067
Zm00001eb045660,15,5,8.666666666666666,30,0.342257872541043
Zm00001eb045680,15,6,8.942857142857143,41,0.2811521264629775
Zm00001eb045690,13,4,10.904761904761905,42,1.6355945761818738
Zm00001eb045730,7,1,7.714285714285714,21,0.8164167906432412
Zm00001eb045780,9,3,8.5625,22,0.5103613890557792
Zm00001eb045790,6,2,9.142857142857142,18,0.558265521460906
Zm00001eb045960,5,1,9.0,22,0.2490775383584135
Zm00001eb046020,14,5,14.827586206896552,54,0.7339234606792178
Zm00001eb046040,8,2,9.375,22,0.8217626450578086
Zm00001eb046100,4,1,13.25,24,0.3597074516734086
Zm00001eb046110,7,2,7.777777777777778,16,0.4603643680960949
Zm00001eb046220,10,2,6.5,18,0.294035810694261
Zm00001eb046260,8,1,9.375,25,0.2922594291715035
Zm00001eb046280,6,1,10.666666666666666,23,0.54390809188795
Zm00001eb046310,6,1,11.333333333333334,20,0.0867338424367935
Zm00001eb046340,9,2,7.8,33,0.4348166516631354
Zm00001eb046370,3,1,5.666666666666667,11,0.369233809665719
Zm00001eb046400,14,6,9.586206896551724,92,3.08590210701902
Zm00001eb046420,10,2,10.363636363636363,43,0.1423373653919995
Zm00001eb046430,9,1,5.222222222222222,12,0.2340684899766519
Zm00001eb046450,6,1,12.0,24,1.6412542170368891
Zm00001eb046510,10,3,5.4,11,0.4990399059194381
Zm00001eb046570,5,1,6.0,12,0.0
Zm00001eb046650,3,1,7.666666666666667,10,0.4953090528193716
Zm00001eb046690,3,1,8.0,10,0.5031038143183425
Zm00001eb046700,10,2,8.214285714285714,31,0.2679643951117388
Zm00001eb046740,8,1,5.5,15,0.422519075805119
Zm00001eb046750,9,3,5.846153846153846,11,1.4849602211732766
Zm00001eb046840,4,1,4.5,9,0.2537521707184859
Zm00001eb046870,13,3,8.25,25,0.7132777540859342
Zm00001eb046960,7,1,6.428571428571429,15,0.2719380232884784
Zm00001eb046980,9,2,14.0,51,0.4640320046279951
Zm00001eb047030,12,4,10.578947368421053,51,0.3266944050428982
Zm00001eb047060,10,3,9.526315789473685,23,0.3320645154974446
Zm00001eb047070,14,4,8.625,41,2.777532885752348
Zm00001eb047170,14,3,13.357142857142858,42,0.2589269009841781
Zm00001eb047260,4,2,3.0,7,0.2675747851168975
Zm00001eb047270,9,2,11.5,22,1.4349206524047304
Zm00001eb047280,7,2,9.9,26,0.5804444149041211
Zm00001eb047450,6,2,6.714285714285714,12,1.0
Zm00001eb047460,6,1,10.666666666666666,37,0.611196210668224
Zm00001eb047490,8,2,12.0,40,0.7506001712824399
Zm00001eb047510,5,1,5.8,10,0.5007715449532331
Zm00001eb047520,9,2,8.454545454545455,18,2.74844359875281
Zm00001eb047560,3,1,8.666666666666666,16,0.4705967535006254
Zm00001eb047580,6,1,8.0,28,0.3516450154380475
Zm00001eb047600,6,1,18.166666666666668,66,1.3219280948873622
Zm00001eb047610,8,2,9.181818181818182,17,0.1949835595588177
Zm00001eb047630,13,3,10.210526315789474,38,0.4036774610288021
Zm00001eb047690,13,3,5.214285714285714,29,1.267720439848169
Zm00001eb047740,13,5,8.642857142857142,25,0.904665078912921
Zm00001eb047750,6,1,7.666666666666667,16,0.4075228564974706
Zm00001eb047760,14,3,12.0,56,0.2501756730421091
Zm00001eb047770,8,1,11.25,32,3.595969924605254
Zm00001eb047820,4,1,9.0,29,1.18914334649455
Zm00001eb047830,12,5,11.666666666666666,44,0.137286897740958
Zm00001eb047840,16,7,6.487179487179487,35,0.6471622197871066
Zm00001eb047880,9,3,9.285714285714286,28,0.5849625007211562
Zm00001eb047890,8,1,6.375,17,0.6876247682847265
Zm00001eb047920,7,1,19.285714285714285,87,0.3647461215804035
Zm00001eb047930,8,2,15.777777777777779,73,0.3406652042387845
Zm00001eb047990,5,1,5.2,14,0.8631298367754212
Zm00001eb048020,11,2,8.2,18,0.2717110451496193
Zm00001eb048090,5,1,5.4,9,0.3177905275780052
Zm00001eb048110,6,1,11.666666666666666,25,0.6259913928588906
Zm00001eb048280,9,2,9.8,22,0.266031412468786
Zm00001eb048290,8,2,7.6,15,0.2059628694772369
Zm00001eb048310,6,1,6.666666666666667,19,0.983595341466562
Zm00001eb048340,9,2,10.909090909090908,22,0.7427912662350274
Zm00001eb048370,10,3,19.785714285714285,50,0.1805997501241958
Zm00001eb048390,3,1,7.333333333333333,15,0.8413588013862794
Zm00001eb048410,13,3,13.95,32,1.2200489322357746
Zm00001eb048420,6,1,7.166666666666667,17,0.1393761009379445
Zm00001eb048440,7,1,6.714285714285714,17,0.5408049684093673
Zm00001eb048550,13,3,11.863636363636363,25,0.2925123385027037
Zm00001eb048600,8,2,9.0,24,0.1521096804970169
Zm00001eb048660,4,1,15.5,47,0.1604788628340054
Zm00001eb048680,5,1,11.2,18,1.8911367730377011
Zm00001eb048780,5,1,7.4,13,0.4532856455042585
Zm00001eb048800,6,1,7.166666666666667,21,0.2160148581688154
Zm00001eb048860,10,3,5.538461538461538,13,0.4454460794086937
Zm00001eb048870,9,2,6.3,16,1.123170386937388
Zm00001eb048920,10,3,9.375,46,0.7288120857364694
Zm00001eb048930,8,4,9.727272727272727,20,0.4580206493095677
Zm00001eb048940,10,2,9.153846153846153,26,1.08542664983923
Zm00001eb048950,7,1,10.857142857142858,24,1.218210877181303
Zm00001eb049010,14,3,8.952380952380953,42,0.4527578833408382
Zm00001eb049040,6,1,8.833333333333334,17,2.548163537033712
Zm00001eb049060,3,1,13.0,15,3.249500208098648
Zm00001eb049080,4,1,8.75,19,0.3829125471039548
Zm00001eb049100,7,1,18.285714285714285,40,1.158762454643888
Zm00001eb049120,4,1,9.25,23,0.3858269620434607
Zm00001eb049150,14,6,7.230769230769231,19,1.0390896488455428
Zm00001eb049190,14,8,8.571428571428571,37,0.3159249800316421
Zm00001eb049240,10,2,9.066666666666666,21,0.1363744093276882
Zm00001eb049250,12,3,8.578947368421053,21,0.4166428396667568
Zm00001eb049290,3,1,8.666666666666666,10,0.1957452901678293
Zm00001eb049310,9,2,7.2727272727272725,14,0.8016510214053636
Zm00001eb049320,9,2,8.545454545454545,18,0.3477888377803604
Zm00001eb049610,5,1,7.0,15,0.3321442288543874
Zm00001eb049660,9,3,12.076923076923077,25,2.318973813170017
Zm00001eb049740,5,1,9.8,20,0.9897221925198652
Zm00001eb049750,5,1,9.8,20,0.5348206332834121
Zm00001eb049770,8,3,11.727272727272727,27,0.4478618714795328
Zm00001eb049780,6,1,6.833333333333333,13,0.3169836889917696
Zm00001eb049810,8,2,8.214285714285714,18,0.3588782332771245
Zm00001eb049840,7,1,8.285714285714286,15,0.1518582655819593
Zm00001eb049850,4,1,13.25,31,0.7421289813868289
Zm00001eb049880,9,2,7.461538461538462,15,1.193099078469935
Zm00001eb049890,5,1,10.4,33,0.2388742524568477
Zm00001eb049910,4,1,7.25,14,0.5650797707043996
Zm00001eb049920,4,1,28.5,77,2.074863025787286
Zm00001eb049930,7,1,8.285714285714286,18,1.1064803936269816
Zm00001eb049960,9,2,9.363636363636363,18,0.3092527625599806
Zm00001eb049980,13,4,13.782608695652174,131,0.6987325044372243
Zm00001eb050040,8,1,7.5,24,0.283843452976229
Zm00001eb050070,13,6,8.16,27,0.8548375634724551
Zm00001eb050100,17,6,7.947368421052632,27,0.2793994783134944
Zm00001eb050110,11,2,6.916666666666667,17,0.4168293906536605
Zm00001eb050130,10,2,9.363636363636363,28,0.8347219282926872
Zm00001eb050140,15,4,10.37037037037037,62,1.1136109909943517
Zm00001eb050230,3,1,7.0,15,0.6202099857911688
Zm00001eb050240,10,4,9.68421052631579,23,0.6773917323009352
Zm00001eb050280,5,1,2.2,7,0.4772830389646172
Zm00001eb050310,14,4,9.538461538461538,41,0.2974891655504228
Zm00001eb050340,4,1,11.75,13,0.1916883006945056
Zm00001eb050370,9,2,14.5,86,0.3167635865616797
Zm00001eb050400,15,4,8.84,48,0.3746624404176807
Zm00001eb050410,10,2,9.416666666666666,37,4.348311364440233
Zm00001eb050460,12,5,9.473684210526315,28,0.3076878098116402
Zm00001eb050470,10,3,7.461538461538462,21,1.6199416558429665
Zm00001eb050510,6,2,6.571428571428571,19,0.586946734425816
Zm00001eb050600,5,1,20.4,65,3.115500870154183
Zm00001eb050610,10,2,9.928571428571429,23,0.2657428331394276
Zm00001eb050650,6,1,11.333333333333334,28,0.4657625363544731
Zm00001eb050660,7,1,13.857142857142858,27,0.1922055736809792
Zm00001eb050680,6,1,7.0,13,0.0986089038661098
Zm00001eb050710,12,4,13.6875,69,1.801483091254316
Zm00001eb050760,6,1,15.0,26,0.1234686237533927
Zm00001eb050790,5,2,6.444444444444445,13,0.2174410874907585
Zm00001eb050840,7,1,11.285714285714286,17,0.8953787880044779
Zm00001eb050860,9,2,14.166666666666666,50,1.040082917955857
Zm00001eb050870,7,1,12.0,40,0.1779687345654864
Zm00001eb050880,8,1,14.125,35,0.3869886429678751
Zm00001eb050890,6,1,9.333333333333334,31,0.7375008629414675
Zm00001eb050910,5,1,9.6,16,0.6710167034446392
Zm00001eb050930,7,1,5.571428571428571,11,0.3472173324444976
Zm00001eb050950,4,2,2.75,5,1.036276464203699
Zm00001eb051020,10,5,14.458333333333334,29,0.3586760592040093
Zm00001eb051040,6,2,14.666666666666666,40,0.2862089744711955
Zm00001eb051050,7,2,10.3,19,0.7946294260005444
Zm00001eb051060,15,2,8.6875,31,0.7129394520753611
Zm00001eb051080,15,4,9.178571428571429,33,0.1786720947440165
Zm00001eb051090,15,6,8.6,29,0.2206834006618227
Zm00001eb051110,10,3,7.777777777777778,27,0.3044720606068178
Zm00001eb051120,12,3,15.578947368421053,45,0.3112783136733654
Zm00001eb051160,9,3,13.6875,29,1.6136213080185855
Zm00001eb051170,8,2,8.166666666666666,15,0.2980960978278016
Zm00001eb051200,13,3,8.722222222222221,21,1.1968851130930338
Zm00001eb051220,10,2,6.454545454545454,14,0.2082517965667717
Zm00001eb051240,7,1,10.714285714285714,25,0.4919381409039017
Zm00001eb051360,10,3,12.357142857142858,37,1.5710790195984337
Zm00001eb051370,10,2,5.3076923076923075,13,1.0472050797694197
Zm00001eb051380,7,2,9.375,22,1.6025987012895064
Zm00001eb051420,9,1,6.777777777777778,19,3.273018494406416
Zm00001eb051470,8,2,10.25,18,0.2782536558340773
Zm00001eb051500,6,1,10.166666666666666,36,0.3286409220673
Zm00001eb051600,7,2,8.3,22,0.2783766202066509
Zm00001eb051620,11,5,18.9,86,0.4802300110311388
Zm00001eb051750,11,4,5.904761904761905,26,0.5838639710645533
Zm00001eb051780,15,6,8.0,49,0.8734861594582102
Zm00001eb051790,15,6,8.580645161290322,62,0.6959359477905495
Zm00001eb051810,6,1,6.166666666666667,8,0.8578222872944422
Zm00001eb051860,7,1,10.142857142857142,28,1.066593428091732
Zm00001eb051870,16,5,8.064516129032258,20,0.2145331897286979
Zm00001eb051900,14,5,7.242424242424242,25,0.4733639346831229
Zm00001eb051910,12,2,6.769230769230769,26,0.3310703657225108
Zm00001eb051930,16,9,6.1875,25,0.2062996002481748
Zm00001eb051980,3,1,7.666666666666667,9,0.2666834469201051
Zm00001eb052020,14,4,8.8,27,0.4106742810776283
Zm00001eb052050,6,1,9.666666666666666,16,0.4854268271702417
Zm00001eb052110,6,1,9.166666666666666,19,1.175754747458826
Zm00001eb052120,7,1,7.428571428571429,14,0.6949705980704455
Zm00001eb052230,15,5,9.92,45,0.4603235663282759
Zm00001eb052250,13,4,12.5,44,0.4584248035878314
Zm00001eb052270,4,1,5.0,9,1.2070494686287363
Zm00001eb052290,5,1,28.0,69,0.2226327226170705
Zm00001eb052300,7,2,3.375,7,1.2163493087001875
Zm00001eb052440,5,1,18.6,43,1.7350157535671336
Zm00001eb052470,6,1,7.333333333333333,18,0.2501255303277667
Zm00001eb052510,9,3,7.2727272727272725,19,0.4797503052951786
Zm00001eb052520,15,3,7.555555555555555,22,0.7742678604904679
Zm00001eb052530,5,1,7.4,17,0.4086783737767417
Zm00001eb052540,7,2,9.5,29,0.3111780938922753
Zm00001eb052590,9,3,7.6,28,0.9932517140760924
Zm00001eb052600,11,3,15.0,46,2.7057853184090996
Zm00001eb052620,9,2,8.909090909090908,51,0.9217188122760384
Zm00001eb052630,16,4,9.692307692307692,40,0.3180736997551019
Zm00001eb052640,8,1,7.0,18,0.2344440540154742
Zm00001eb052690,9,3,12.75,71,0.2808448852463878
Zm00001eb052700,18,12,14.76056338028169,124,0.7783833651710051
Zm00001eb052740,6,1,10.333333333333334,16,0.4210613717243497
Zm00001eb052750,14,3,9.952380952380953,19,0.2249059266585831
Zm00001eb052760,8,2,8.0,51,1.029817149246869
Zm00001eb052790,4,1,7.0,10,0.1797473512350675
Zm00001eb052860,12,3,10.818181818181818,39,0.5449405354799574
Zm00001eb052890,9,2,17.0,80,1.2765706464641848
Zm00001eb052910,6,1,13.333333333333334,46,0.3213424717012806
Zm00001eb052940,4,1,19.5,27,0.3970217484491858
Zm00001eb052950,3,1,7.0,9,0.7340685660701157
Zm00001eb052960,9,3,6.416666666666667,19,0.2067076073074026
Zm00001eb052970,9,2,10.444444444444445,18,0.2415298709855851
Zm00001eb053010,7,1,11.0,20,0.2369825381660282
Zm00001eb053170,6,1,8.666666666666666,12,0.1832512135318695
Zm00001eb053210,6,2,6.666666666666667,19,0.11947666276611
Zm00001eb053220,10,2,12.454545454545455,22,0.5041506678647502
Zm00001eb053230,10,2,9.0,29,0.2686104613054998
Zm00001eb053240,3,1,0.6666666666666666,1,0.8112479315380778
Zm00001eb053320,4,1,8.75,14,1.0067034392781504
Zm00001eb053340,3,1,7.666666666666667,10,0.7015792997481913
Zm00001eb053360,4,1,8.5,18,0.1049317076453361
Zm00001eb053370,4,1,4.25,7,0.3963958520513625
Zm00001eb053470,4,1,8.5,15,0.913752192185394
Zm00001eb053500,7,2,6.6,13,0.8915990105257134
Zm00001eb053530,4,2,9.2,23,0.510164979649932
Zm00001eb053550,15,4,8.26086956521739,22,0.2995516484646555
Zm00001eb053570,8,1,10.875,38,0.7648886913615202
Zm00001eb053580,8,2,6.555555555555555,16,0.7418452763916706
Zm00001eb053620,5,1,5.8,10,0.7233083338141042
Zm00001eb053630,12,5,8.666666666666666,18,0.4334264809166291
Zm00001eb053650,9,3,12.785714285714286,35,0.8468501673689899
Zm00001eb053670,9,2,7.25,17,0.3742068814008076
Zm00001eb053680,9,3,10.153846153846153,37,0.5101327719019926
Zm00001eb053730,3,1,7.0,11,1.0818857590290174
Zm00001eb053750,6,1,5.0,11,0.1656881132857891
Zm00001eb053770,12,6,6.038461538461538,19,0.2563399122765761
Zm00001eb053850,12,3,9.347826086956522,26,0.2275463031601627
Zm00001eb053860,9,2,10.461538461538462,20,1.321374770639718
Zm00001eb053870,4,1,8.75,10,0.5074797276884875
Zm00001eb054050,4,1,10.25,15,0.3922150274229739
Zm00001eb054090,9,2,8.75,24,0.2728439561626828
Zm00001eb054100,12,4,7.863636363636363,23,1.3989056937155306
Zm00001eb054110,9,3,8.38888888888889,17,0.2640831033613622
Zm00001eb054120,8,3,9.090909090909092,32,1.6619768889527955
Zm00001eb054130,4,1,25.75,60,2.1747311611506537
Zm00001eb054140,6,2,9.833333333333334,17,0.6134802658790116
Zm00001eb054150,6,1,15.5,44,0.3003756604750338
Zm00001eb054190,6,1,5.833333333333333,13,0.1174725944579161
Zm00001eb054240,4,1,15.5,24,0.3845519610728543
Zm00001eb054250,13,5,8.793103448275861,44,0.4394075198495842
Zm00001eb054260,17,7,11.195121951219512,35,0.2478409844857726
Zm00001eb054280,14,7,7.684210526315789,31,0.5980673437828011
Zm00001eb054290,13,5,15.37037037037037,74,0.245853503029081
Zm00001eb054400,8,1,9.5,21,0.3979247158762218
Zm00001eb054410,14,5,7.96875,17,0.4440235961363737
Zm00001eb054420,6,2,11.625,27,0.8187003469497762
Zm00001eb054430,5,1,7.4,11,0.6755440534078527
Zm00001eb054470,7,1,11.857142857142858,38,0.2763287494207407
Zm00001eb054480,5,1,12.8,35,0.1515377071773327
Zm00001eb054500,8,2,13.4,51,0.1359087808259923
Zm00001eb054510,8,1,7.875,25,0.7369655941662062
Zm00001eb054680,12,4,7.391304347826087,20,0.2284248690622537
Zm00001eb054690,11,2,5.0,10,0.4771207674605592
Zm00001eb054710,5,1,21.2,40,1.0913028270510006
Zm00001eb054760,8,2,11.75,38,0.3360513693911368
Zm00001eb054800,4,1,9.5,18,1.2632350459819928
Zm00001eb054830,3,1,8.333333333333334,17,0.1512094911330522
Zm00001eb054880,14,5,9.863636363636363,27,0.3601761090234206
Zm00001eb054910,2,1,12.5,22,0.1895478283553696
Zm00001eb054920,8,1,8.875,17,0.8292830807899476
Zm00001eb054980,11,3,8.894736842105264,17,0.421310398856661
Zm00001eb055010,10,3,11.052631578947368,32,0.5937205271099028
Zm00001eb055020,9,1,12.333333333333334,61,0.4336984245395027
Zm00001eb055030,3,1,4.666666666666667,7,0.5587682742787718
Zm00001eb055040,10,2,8.090909090909092,29,0.9069758668902188
Zm00001eb055050,6,1,8.833333333333334,22,0.1503148500839041
Zm00001eb055080,13,6,8.323529411764707,23,0.2709745552942277
Zm00001eb055170,9,2,13.0,70,0.2399172662627196
Zm00001eb055180,3,1,6.666666666666667,16,0.7813669268683301
Zm00001eb055200,6,1,11.166666666666666,43,0.3388047460261164
Zm00001eb055210,5,1,8.4,16,0.370446536300398
Zm00001eb055220,10,4,7.666666666666667,18,0.3452806453495465
Zm00001eb055230,9,2,6.0,14,0.3713401167557449
Zm00001eb055260,13,6,17.321428571428573,61,0.9132731853905696
Zm00001eb055280,11,3,11.476190476190476,70,0.9225462363078076
Zm00001eb055310,13,4,9.727272727272727,32,0.4660807540096849
Zm00001eb055330,4,1,1.5,4,0.1783081551857398
Zm00001eb055360,4,1,11.25,25,0.4197225954201572
Zm00001eb055380,4,1,11.25,25,0.8818597320879035
Zm00001eb055410,7,2,14.0,77,0.561878887608115
Zm00001eb055430,15,6,14.275,71,1.7955005732148592
Zm00001eb055450,16,5,5.551724137931035,17,0.1359729236993624
Zm00001eb055460,15,5,9.793103448275861,38,0.6392598450718836
Zm00001eb055490,2,1,6.5,10,1.0030280240124445
Zm00001eb055540,7,1,9.428571428571429,16,0.4775250028864327
Zm00001eb055620,7,1,10.0,16,0.5000964702734367
Zm00001eb055640,4,1,7.25,9,0.0658153547354057
Zm00001eb055700,7,1,12.142857142857142,24,0.9864750447525356
Zm00001eb055710,10,3,12.133333333333333,41,1.040718519478597
Zm00001eb055750,9,3,13.266666666666667,40,0.65942543181901
Zm00001eb055770,9,4,10.0,25,0.9699666415313164
Zm00001eb055800,6,2,9.571428571428571,20,0.1825242787480452
Zm00001eb055810,9,3,8.75,19,0.4321219056225776
Zm00001eb055830,7,3,10.333333333333334,19,1.3203151318684097
Zm00001eb055840,6,1,6.166666666666667,14,0.3355975694995756
Zm00001eb055860,9,3,7.923076923076923,29,0.2079974362222411
Zm00001eb055900,3,1,9.666666666666666,17,1.4252850036806817
Zm00001eb055910,7,2,8.142857142857142,17,0.6453631121215715
Zm00001eb055950,6,1,4.666666666666667,10,0.5287017436533449
Zm00001eb055970,4,1,8.75,14,0.3955262742649691
Zm00001eb056010,13,4,7.105263157894737,33,1.8309910407018304
Zm00001eb056020,4,1,11.75,21,0.4659903423964575
Zm00001eb056030,9,2,11.0,36,2.0667509747225914
Zm00001eb056050,8,2,5.625,12,0.4707147709997968
Zm00001eb056110,7,1,13.857142857142858,22,1.6112758113176069
Zm00001eb056120,3,1,5.666666666666667,8,0.423998453277475
Zm00001eb056190,14,7,7.529411764705882,42,0.739023648402322
Zm00001eb056210,12,3,4.2,10,0.3321184682904738
Zm00001eb056220,9,3,10.8,25,0.1552431545998596
Zm00001eb056250,8,2,23.75,105,4.874469117916141
Zm00001eb056260,3,1,34.333333333333336,82,0.1741363783505424
Zm00001eb056320,8,2,6.666666666666667,15,0.5345594586178122
Zm00001eb056330,4,1,6.75,14,1.8244151188430555
Zm00001eb056390,4,1,9.75,14,0.6473174306335113
Zm00001eb056400,11,4,7.473684210526316,21,0.8841389705191414
Zm00001eb056430,7,1,3.4285714285714284,6,1.7421094058310778
Zm00001eb056450,10,3,22.76923076923077,114,0.2504097793467328
Zm00001eb056480,3,1,11.666666666666666,19,0.4176652597863198
Zm00001eb056540,6,1,6.333333333333333,15,0.2758298138676335
Zm00001eb056550,5,1,4.2,8,0.1129567704061965
Zm00001eb056740,6,1,16.0,28,0.7128652630431744
Zm00001eb056760,6,2,10.75,20,0.331174163422449
Zm00001eb056780,14,4,8.909090909090908,54,0.672472120045087
Zm00001eb056790,7,1,13.428571428571429,23,0.3305563763584664
Zm00001eb056800,8,2,7.5,24,0.2983787715882945
Zm00001eb056820,11,2,7.416666666666667,25,0.4633617655608499
Zm00001eb056860,7,1,7.714285714285714,22,0.6971374662827278
Zm00001eb056870,1,1,5.0,5,0.6590220551807815
Zm00001eb056880,8,2,12.214285714285714,31,1.2718428001099549
Zm00001eb056890,8,1,9.25,19,0.247566387361497
Zm00001eb056900,10,4,9.1,21,0.96524354085119
Zm00001eb056920,5,2,9.0,13,0.2084307453711797
Zm00001eb056930,15,5,8.64516129032258,23,0.2856385890999786
Zm00001eb056950,9,4,7.470588235294118,20,0.5680493187668377
Zm00001eb056960,7,3,5.769230769230769,15,0.5431668527281194
Zm00001eb056990,7,2,8.11111111111111,15,0.357019812995216
Zm00001eb057010,12,2,7.846153846153846,16,1.098999401360539
Zm00001eb057030,12,4,9.473684210526315,24,0.2433356091623423
Zm00001eb057040,3,1,7.666666666666667,16,0.4890821611775582
Zm00001eb057080,7,1,4.0,9,0.8861965516836694
Zm00001eb057090,14,5,9.066666666666666,29,1.0530997019159627
Zm00001eb057110,7,1,9.571428571428571,20,0.2071155937702328
Zm00001eb057150,2,1,9.0,10,0.4432777259418784
Zm00001eb057160,6,1,6.5,20,0.33120475623619
Zm00001eb057200,12,4,8.7,25,0.484886218704249
Zm00001eb057210,10,3,10.25,48,0.3878940185866778
Zm00001eb057230,14,7,8.054054054054054,28,0.4127320257339861
Zm00001eb057250,8,2,15.222222222222221,67,0.7671576422740071
Zm00001eb057260,6,1,4.166666666666667,7,0.7219630772678759
Zm00001eb057280,7,2,9.3,14,0.5590015616227904
Zm00001eb057300,12,5,11.565217391304348,39,0.7151499132035931
Zm00001eb057350,7,2,7.875,27,2.6450377268483334
Zm00001eb057390,6,1,35.0,156,2.4903288380986814
Zm00001eb057400,6,2,11.333333333333334,27,0.2820641802189625
Zm00001eb057410,5,1,14.2,33,0.1992501030046668
Zm00001eb057420,8,2,12.9,43,0.8285897316036447
Zm00001eb057440,9,2,11.363636363636363,53,0.2791731010878749
Zm00001eb057500,1,2,3.0,3,0.4097021777927267
Zm00001eb057510,4,1,9.25,19,0.0342157153379129
Zm00001eb057530,5,1,7.8,19,0.1801031935462748
Zm00001eb057570,13,4,13.875,43,1.2131752591304648
Zm00001eb057580,12,2,8.142857142857142,25,0.1903272103729752
Zm00001eb057590,14,6,11.62962962962963,36,0.3903438825860587
Zm00001eb057710,13,4,9.0,23,0.2318451895363902
Zm00001eb057750,6,1,6.0,10,1.254994171995627
Zm00001eb057770,10,4,9.25,40,0.3183010693175856
Zm00001eb057790,16,9,11.170212765957446,45,0.2667865406949015
Zm00001eb057810,5,1,22.8,42,0.2739150178171393
Zm00001eb057820,14,4,7.67741935483871,17,0.6094972878963579
Zm00001eb057840,11,3,13.7,54,0.4561477287450122
Zm00001eb057860,6,1,10.666666666666666,23,0.6974735292629323
Zm00001eb057870,7,1,15.0,49,0.6668106134972729
Zm00001eb057910,15,6,8.176470588235293,31,0.1994274765620758
Zm00001eb057920,9,2,7.4,22,1.7244174129437893
Zm00001eb057970,10,2,9.923076923076923,35,0.7779570858736258
Zm00001eb058100,8,2,12.666666666666666,58,0.8693019373685671
Zm00001eb058130,13,3,7.705882352941177,18,0.3648382458605769
Zm00001eb058150,5,2,13.333333333333334,46,2.1009601433161347
Zm00001eb058160,8,1,8.375,17,0.2630344058337938
Zm00001eb058220,5,4,8.857142857142858,13,0.4021845863923876
Zm00001eb058230,10,3,11.076923076923077,25,0.1403992288340742
Zm00001eb058260,14,4,6.0,17,1.7097940568671812
Zm00001eb058270,4,1,5.5,13,0.9919512722363084
Zm00001eb058280,14,3,10.555555555555555,58,0.1693552691898917
Zm00001eb058300,5,1,18.2,55,0.7132345536960831
Zm00001eb058320,9,4,7.15,17,2.4504463553533884
Zm00001eb058360,8,2,7.6,14,0.8897050426556499
Zm00001eb058370,8,2,11.333333333333334,27,0.4021428709491913
Zm00001eb058450,4,1,14.0,28,0.2920338260302805
Zm00001eb058470,9,2,6.647058823529412,23,0.0770549398432011
Zm00001eb058520,5,1,8.4,20,0.6079349490466838
Zm00001eb058550,16,8,9.3,29,1.0780499307697968
Zm00001eb058570,8,2,7.636363636363637,23,0.2855430455668216
Zm00001eb058590,10,3,8.470588235294118,26,0.276388663116813
Zm00001eb058600,12,4,6.444444444444445,20,0.1927790148590105
Zm00001eb058610,3,1,9.0,14,1.0001171164165532
Zm00001eb058620,12,6,15.827586206896552,63,3.4660447912442276
Zm00001eb058630,9,2,8.083333333333334,26,0.946411116155714
Zm00001eb058670,8,2,8.0,18,4.584962500721156
Zm00001eb058700,7,2,7.0,16,0.3593569161591181
Zm00001eb058720,12,3,6.9,24,0.3534712570893424
Zm00001eb058740,5,1,11.8,31,1.0876744636255142
Zm00001eb058750,13,4,10.0,28,0.2151526574681717
Zm00001eb058760,12,4,7.421052631578948,25,0.2022749089262838
Zm00001eb058790,10,3,8.928571428571429,36,0.1562416870294338
Zm00001eb058810,13,2,15.588235294117647,133,0.3004431763392818
Zm00001eb058820,5,2,6.8,9,0.3314511456196193
Zm00001eb058860,9,3,19.444444444444443,54,0.7885929230978224
Zm00001eb058940,17,4,6.642857142857143,21,0.6510849008591472
Zm00001eb058950,10,2,10.0,27,0.2102180481143199
Zm00001eb058970,15,6,10.542857142857143,22,0.8166765189700754
Zm00001eb058980,7,1,6.714285714285714,13,0.3005878949222075
Zm00001eb059030,12,2,10.75,31,0.0265627889258491
Zm00001eb059040,11,2,7.9375,25,0.457765425140564
Zm00001eb059050,8,1,7.0,13,0.7256773983196708
Zm00001eb059070,7,1,7.142857142857143,12,0.1961673142618092
Zm00001eb059090,10,2,7.571428571428571,24,0.6155067758838205
Zm00001eb059100,10,4,6.611111111111111,14,0.1851143296526687
Zm00001eb059140,14,7,9.555555555555555,38,0.7299649517611146
Zm00001eb059150,14,5,20.962962962962962,128,0.3446998516194807
Zm00001eb059160,8,1,7.5,21,0.1805834591904817
Zm00001eb059170,5,1,8.0,17,0.2154373862806338
Zm00001eb059180,4,1,22.5,43,0.2725819929619132
Zm00001eb059190,7,1,6.714285714285714,21,0.3777270869475436
Zm00001eb059210,7,1,6.714285714285714,21,0.2537057610103536
Zm00001eb059220,12,7,15.588235294117647,64,0.8233209048565916
Zm00001eb059230,6,1,10.666666666666666,18,0.1576895186955024
Zm00001eb059240,5,2,6.375,17,0.4212249976258376
Zm00001eb059270,5,1,5.8,11,1.2373751790490275
Zm00001eb059310,10,2,12.909090909090908,44,0.921521652233786
Zm00001eb059360,9,2,6.916666666666667,13,1.0633763110772
Zm00001eb059370,7,2,10.857142857142858,28,0.8224341682884116
Zm00001eb059560,12,4,5.739130434782608,28,0.5185844296332834
Zm00001eb059610,8,2,9.933333333333334,35,0.3197854272851572
Zm00001eb059630,8,1,6.125,15,0.5344471863174193
Zm00001eb059650,5,1,14.0,21,0.487339742678973
Zm00001eb059700,10,2,8.9,25,0.4150374992788437
Zm00001eb059760,14,6,13.129032258064516,72,0.5497678367754572
Zm00001eb059770,3,1,6.333333333333333,12,0.2684640450008765
Zm00001eb059780,14,4,7.461538461538462,17,0.3031050472461352
Zm00001eb059800,14,3,8.681818181818182,26,1.4150374992788437
Zm00001eb059830,11,3,5.9375,27,0.1900268926477906
Zm00001eb059850,8,1,6.875,24,0.3378980047417251
Zm00001eb059860,11,3,9.681818181818182,31,0.4188096826338047
Zm00001eb059920,17,3,7.703703703703703,22,0.6793146414792289
Zm00001eb059930,9,2,6.846153846153846,15,1.565823349012939
Zm00001eb059950,10,2,9.0,20,1.2449941564902645
Zm00001eb059960,10,3,8.176470588235293,24,0.2072595653288985
Zm00001eb059970,13,3,16.352941176470587,109,0.2526200564560839
Zm00001eb060020,6,3,10.538461538461538,21,5.49505198192875
Zm00001eb060050,8,3,12.090909090909092,30,0.210385015852978
Zm00001eb060070,5,1,4.8,9,0.7010229896493223
Zm00001eb060090,6,1,4.833333333333333,10,0.1998559885934584
Zm00001eb060110,13,4,7.3125,20,0.3742332391601767
Zm00001eb060160,5,1,15.0,27,0.5810931327766936
Zm00001eb060170,10,2,12.727272727272727,44,0.6203407868418818
Zm00001eb060200,7,1,8.0,22,0.6164385234327576
Zm00001eb060230,7,1,7.714285714285714,17,0.7766916661858959
Zm00001eb060250,7,2,12.11111111111111,26,0.6913705019854383
Zm00001eb060260,13,5,9.655172413793103,28,0.3643302369932206
Zm00001eb060330,4,1,4.0,7,0.6619397079033933
Zm00001eb060340,5,1,7.2,10,0.1441507906741327
Zm00001eb060390,11,2,10.142857142857142,24,0.8637157656506376
Zm00001eb060410,12,3,6.875,22,0.320920758825669
Zm00001eb060420,11,3,10.533333333333333,25,0.4192524300397459
Zm00001eb060480,12,4,6.666666666666667,25,0.8514781037186574
Zm00001eb060490,7,1,5.428571428571429,10,0.7548780782659912
Zm00001eb060500,12,5,10.357142857142858,21,1.6284972348799434
Zm00001eb060520,8,2,6.545454545454546,15,0.2293103208906895
Zm00001eb060530,11,6,10.3125,57,1.4948770724724527
Zm00001eb060550,7,2,15.5,91,0.1310182391015793
Zm00001eb060560,11,3,6.526315789473684,11,0.7305310532281879
Zm00001eb060580,10,3,6.714285714285714,24,0.7551928370438669
Zm00001eb060590,7,2,9.777777777777779,21,2.034110774083492
Zm00001eb060610,6,2,10.875,20,1.746484177651623
Zm00001eb060630,8,2,8.375,18,0.9366210639177808
Zm00001eb060640,4,1,10.5,13,1.0289442706989655
Zm00001eb060670,6,1,7.5,13,0.1996724380833696
Zm00001eb060680,13,3,8.578947368421053,26,1.422382529819599
Zm00001eb060700,5,1,10.4,22,1.1028701035051056
Zm00001eb060730,10,3,5.25,10,0.6032380360073285
Zm00001eb060760,9,2,11.642857142857142,19,0.2763194032108073
Zm00001eb060780,2,1,13.0,16,0.3310439734230219
Zm00001eb060800,13,4,10.68,26,0.4532977957396479
Zm00001eb060810,6,1,8.833333333333334,19,0.4319795931768402
Zm00001eb060830,13,4,7.64,17,1.966636935469148
Zm00001eb060840,5,1,8.0,16,3.923625749673579
Zm00001eb060930,16,7,7.809523809523809,24,3.018960653656504
Zm00001eb060950,10,3,6.153846153846154,17,0.6828312455428853
Zm00001eb060980,10,3,5.538461538461538,20,1.7690608369076877
Zm00001eb060990,9,3,11.272727272727273,78,0.8301060634560367
Zm00001eb061000,10,2,10.5,34,0.532215001594361
Zm00001eb061030,7,1,8.285714285714286,17,0.888351459060328
Zm00001eb061070,6,4,8.0,20,1.395854050108099
Zm00001eb061150,14,10,7.957446808510638,50,1.20371113726237
Zm00001eb061170,11,2,5.928571428571429,19,0.3412937931869824
Zm00001eb061180,14,5,8.03448275862069,22,0.5899857587221992
Zm00001eb061200,13,4,5.791666666666667,27,0.2575707087190629
Zm00001eb061210,5,1,8.4,15,0.848616866453927
Zm00001eb061280,7,1,6.428571428571429,15,0.6368363348943055
Zm00001eb061310,7,2,7.625,22,0.1705320469855239
Zm00001eb061350,11,3,9.5,37,0.8281344837315849
Zm00001eb061370,5,2,9.222222222222221,13,0.4686875450663265
Zm00001eb061380,10,2,10.181818181818182,29,0.645615648832223
Zm00001eb061390,5,1,7.6,16,0.4110069646041121
Zm00001eb061410,8,3,7.3076923076923075,18,1.621427827865443
Zm00001eb061430,3,1,12.0,19,0.328012738684632
Zm00001eb061440,4,2,13.714285714285714,16,0.6709461091371394
Zm00001eb061460,11,4,4.533333333333333,13,0.8803968475697094
Zm00001eb061470,5,2,6.25,19,0.7586980520827826
Zm00001eb061480,6,1,8.166666666666666,13,0.3627829436945404
Zm00001eb061490,8,2,9.533333333333333,22,0.6856490813655988
Zm00001eb061500,6,1,7.833333333333333,18,0.2597433088481246
Zm00001eb061520,7,1,13.142857142857142,48,0.4662881980881922
Zm00001eb061530,11,2,8.357142857142858,48,0.4162536077906061
Zm00001eb061540,12,4,6.304347826086956,20,1.9999969194628917
Zm00001eb061550,15,6,7.282051282051282,31,0.3366195534327422
Zm00001eb061560,7,2,8.875,19,0.2182362915915638
Zm00001eb061570,8,2,10.083333333333334,41,0.130315794799524
Zm00001eb061610,3,1,4.0,8,0.2368450248661717
Zm00001eb061630,8,2,16.555555555555557,93,0.9660291798510228
Zm00001eb061640,10,2,11.333333333333334,31,0.4810899789236684
Zm00001eb061760,14,6,6.533333333333333,18,0.2626132540258596
Zm00001eb061800,7,1,5.0,9,0.5765137433601369
Zm00001eb061810,14,5,8.73913043478261,35,0.6045034475185218
Zm00001eb061820,15,6,14.483870967741936,36,0.2646559634220853
Zm00001eb061840,5,1,10.8,30,1.308633159170466
Zm00001eb061850,14,5,7.548387096774194,40,0.3459570775429695
Zm00001eb061860,12,5,13.333333333333334,31,0.471551693198885
Zm00001eb061880,12,4,13.526315789473685,90,0.5075887145662165
Zm00001eb061890,8,2,7.75,18,0.4473918477447032
Zm00001eb061910,14,4,19.91304347826087,100,0.5778229642803702
Zm00001eb061920,11,2,5.714285714285714,13,1.5903927011373062
Zm00001eb061940,9,1,6.666666666666667,23,0.7884515653727678
Zm00001eb062010,10,2,9.615384615384615,23,0.2877500805979477
Zm00001eb062040,17,14,13.2375,59,0.4229365920041685
Zm00001eb062050,4,1,9.75,12,0.4553134862898762
Zm00001eb062070,5,2,19.428571428571427,48,0.4381587629381334
Zm00001eb062110,3,1,6.666666666666667,8,0.6410031501967616
Zm00001eb062150,4,1,16.25,48,1.0088391362257665
Zm00001eb062220,4,1,11.75,19,0.4378606332636417
Zm00001eb062250,11,3,14.38888888888889,50,0.3643924078911725
Zm00001eb062310,11,3,10.055555555555555,42,0.1857109624196598
Zm00001eb062330,15,4,10.08,35,0.5105546518893604
Zm00001eb062350,7,2,3.857142857142857,9,0.2665811966802383
Zm00001eb062360,8,2,10.0,27,0.2721453802850075
Zm00001eb062390,6,1,5.166666666666667,8,0.8076859961334841
Zm00001eb062440,8,2,7.222222222222222,15,0.2439520576456783
Zm00001eb062450,6,1,12.166666666666666,33,0.1283214973772
Zm00001eb062480,4,1,6.0,13,0.3568549625397061
Zm00001eb062490,9,3,9.529411764705882,34,0.4731053347123904
Zm00001eb062500,4,1,13.75,34,0.310236891006543
Zm00001eb062510,8,1,11.875,31,0.4165482404232978
Zm00001eb062520,14,4,6.541666666666667,15,0.4511972296737015
Zm00001eb062530,11,4,9.473684210526315,23,0.2265654163894939
Zm00001eb062550,7,2,4.571428571428571,11,0.2005124465828393
Zm00001eb062560,8,2,21.363636363636363,101,0.7490724784287294
Zm00001eb062570,5,1,6.2,13,0.6214881237224976
Zm00001eb062600,6,3,16.5,29,0.2905156099325456
Zm00001eb062620,9,2,8.142857142857142,30,0.28002153467567
Zm00001eb062630,4,1,4.75,14,0.2180110442493785
Zm00001eb062680,16,8,10.387755102040817,54,0.6014774795017922
Zm00001eb062720,7,2,6.777777777777778,16,0.2398008122448099
Zm00001eb062730,6,1,13.833333333333334,34,0.2242786833551586
Zm00001eb062760,13,3,7.4,17,0.2120507765106682
Zm00001eb062830,7,1,11.714285714285714,35,0.4764380439429869
Zm00001eb062840,7,1,7.571428571428571,14,0.7543834422842567
Zm00001eb062850,10,4,8.9,23,0.2574092424621869
Zm00001eb062860,13,5,9.52,25,0.8809743198914728
Zm00001eb062880,14,5,10.346153846153847,32,0.9481101832884864
Zm00001eb062930,8,2,9.11111111111111,20,1.1533760614470283
Zm00001eb063090,4,1,8.5,13,0.3153684834646626
Zm00001eb063100,4,1,8.5,13,0.2259581271713238
Zm00001eb063110,7,1,8.142857142857142,24,0.8029642881234262
Zm00001eb063160,7,1,8.0,32,0.172843763967041
Zm00001eb063210,12,3,8.619047619047619,21,1.647766268112327
Zm00001eb063220,18,8,10.3,59,0.6777366953354853
Zm00001eb063280,6,1,9.5,33,0.1377651667896022
Zm00001eb063290,8,1,5.625,13,0.1938556246816742
Zm00001eb063300,8,1,6.125,15,0.26467259034707
Zm00001eb063310,16,12,11.119402985074627,60,1.3727805434383036
Zm00001eb063360,8,2,13.181818181818182,30,0.7165389795605464
Zm00001eb063370,6,2,12.666666666666666,24,0.6039183134527263
Zm00001eb063380,16,8,15.80952380952381,67,0.6858829079244743
Zm00001eb063390,7,2,10.11111111111111,20,0.2035977210591676
Zm00001eb063430,7,2,7.857142857142857,16,0.3826650032554749
Zm00001eb063450,4,1,7.5,17,0.6044230531508815
Zm00001eb063470,6,1,7.333333333333333,20,0.5950704790726616
Zm00001eb063500,9,3,6.352941176470588,10,0.5319446323221004
Zm00001eb063530,15,5,10.548387096774194,47,0.7315442632670196
Zm00001eb063600,4,1,2.5,6,0.3599905864149175
Zm00001eb063610,4,1,2.5,6,0.3839384113291612
Zm00001eb063620,5,1,10.6,22,0.3824252908009145
Zm00001eb063660,8,1,8.5,13,0.6046651722540083
Zm00001eb063670,4,1,14.0,27,0.2487163423997724
Zm00001eb063680,8,3,7.2727272727272725,18,0.4456779606483481
Zm00001eb063710,9,3,8.428571428571429,28,0.2924023099518442
Zm00001eb063750,7,1,6.142857142857143,14,0.2281063402874641
Zm00001eb063780,14,8,7.542857142857143,19,0.6204470513339186
Zm00001eb063890,14,4,8.294117647058824,58,0.4204808211996846
Zm00001eb063900,12,3,11.277777777777779,34,0.2610403429006571
Zm00001eb063910,12,5,9.55,25,1.7614371903136168
Zm00001eb063930,5,1,3.8,7,0.8017381716319294
Zm00001eb063940,9,1,10.0,26,0.5195198374102461
Zm00001eb063960,13,5,6.785714285714286,21,0.6211121158639565
Zm00001eb063970,15,5,7.4411764705882355,27,0.9302126370001657
Zm00001eb063990,4,1,6.5,10,0.1482757019045333
Zm00001eb064000,8,3,20.25,109,0.5429167122994893
Zm00001eb064010,10,3,27.0,140,0.7931051157907535
Zm00001eb064030,4,1,2.75,5,0.335309885766907
Zm00001eb064080,15,5,8.407407407407407,24,2.5727030257217036
Zm00001eb064090,7,1,6.285714285714286,12,0.4683101516831026
Zm00001eb064100,4,1,7.0,18,0.2469438670355027
Zm00001eb064120,9,2,12.363636363636363,30,0.2623166179692222
Zm00001eb064130,7,2,12.375,34,0.1907046871492367
Zm00001eb064190,3,1,9.0,15,0.4032186933136374
Zm00001eb064340,10,3,8.470588235294118,27,0.2126080080672284
Zm00001eb064350,5,1,6.4,18,0.7527642224011584
Zm00001eb064380,12,3,10.68421052631579,23,0.3164081841944652
Zm00001eb064390,4,1,4.75,10,0.600885790524635
Zm00001eb064400,6,2,5.545454545454546,8,0.2124939182014686
Zm00001eb064420,6,2,7.714285714285714,15,1.3426977591084692
Zm00001eb064440,7,1,3.857142857142857,10,1.1498586207765262
Zm00001eb064450,15,7,10.195121951219512,35,1.0909976227961355
Zm00001eb064480,11,5,12.909090909090908,44,0.8329302558951431
Zm00001eb064510,3,1,6.666666666666667,9,2.362570079384708
Zm00001eb064520,12,4,8.863636363636363,15,0.3078988433877094
Zm00001eb064530,7,2,12.444444444444445,43,1.1660935242661348
Zm00001eb064540,10,3,8.214285714285714,28,0.5878037860232649
Zm00001eb064550,11,4,10.294117647058824,30,0.2982347881927997
Zm00001eb064570,4,1,5.0,11,0.1650560541278445
Zm00001eb064580,8,2,20.4,87,0.2193084556356966
Zm00001eb064590,5,1,9.8,20,0.5632486956719389
Zm00001eb064600,3,1,3.0,4,0.1734536451651098
Zm00001eb064650,11,4,7.64,19,0.2909642566542871
Zm00001eb064680,4,1,3.5,7,0.2458253841225004
Zm00001eb064700,14,4,6.666666666666667,19,0.5981523339136726
Zm00001eb064710,12,3,4.555555555555555,11,0.4015871546154219
Zm00001eb064730,3,1,5.666666666666667,10,0.5363561633110894
Zm00001eb064740,10,2,12.75,41,0.8090678087069624
Zm00001eb064750,8,3,6.583333333333333,16,0.66975345348473
Zm00001eb064770,3,1,7.666666666666667,15,0.1890465261677502
Zm00001eb064780,9,1,9.11111111111111,23,0.9666769994206852
Zm00001eb064820,5,1,7.0,20,0.4722770541617464
Zm00001eb064850,8,2,13.11111111111111,28,0.2580838707543337
Zm00001eb064860,4,1,12.0,21,0.1134942131638048
Zm00001eb064870,8,3,10.785714285714286,32,0.2906749151302674
Zm00001eb064890,13,4,12.695652173913043,93,0.1834849780344705
Zm00001eb064920,7,1,20.714285714285715,93,0.1848063783096197
Zm00001eb064970,7,1,9.714285714285714,39,0.4370999201759161
Zm00001eb064990,3,1,10.0,18,0.1722274921228639
Zm00001eb065000,14,3,9.666666666666666,50,0.8071945312933141
Zm00001eb065090,4,1,12.5,28,0.1659525037598267
Zm00001eb065130,8,2,11.11111111111111,50,0.1015167925242035
Zm00001eb065320,6,1,17.166666666666668,78,0.7228740638822041
Zm00001eb065380,4,1,14.75,41,0.9147113995459972
Zm00001eb065390,6,1,7.5,14,0.203186227116906
Zm00001eb065410,4,1,5.25,12,1.093676713756847
Zm00001eb065420,10,5,19.473684210526315,81,0.2297981945017393
Zm00001eb065520,3,1,28.0,51,0.3608993468482728
Zm00001eb065580,10,3,6.625,15,0.2723541082014064
Zm00001eb065620,8,1,10.125,18,1.5
Zm00001eb065630,12,3,9.368421052631579,24,1.8817888188612677
Zm00001eb065660,7,1,20.571428571428573,87,0.4217839875656446
Zm00001eb065710,6,1,9.0,16,1.1291272775757544
Zm00001eb065720,10,2,10.545454545454545,49,0.2733754905196337
Zm00001eb065730,8,2,8.777777777777779,41,1.3555260574812833
Zm00001eb065740,13,4,9.44,74,0.2777737494049887
Zm00001eb065760,15,6,8.848484848484848,46,0.4316412098455358
Zm00001eb065770,4,1,8.25,17,0.2233713029990755
Zm00001eb065800,8,3,8.857142857142858,18,0.1968501894050491
Zm00001eb065850,7,1,9.714285714285714,21,0.8836869336529369
Zm00001eb065890,9,1,8.222222222222221,24,0.7093626652190759
Zm00001eb065920,5,1,26.2,91,0.4042588957466383
Zm00001eb065930,9,1,7.666666666666667,29,0.3384380718369094
Zm00001eb065940,5,1,10.6,17,0.1417057209851898
Zm00001eb065980,16,5,9.066666666666666,51,0.6609640474436812
Zm00001eb066010,16,7,11.416666666666666,30,0.3761889431098359
Zm00001eb066050,3,1,7.333333333333333,15,1.2412542357553296
Zm00001eb066060,12,3,9.736842105263158,46,0.2719120985373397
Zm00001eb066100,15,4,15.904761904761905,87,0.554077627551649
Zm00001eb066110,11,4,15.066666666666666,36,0.5835425551922816
Zm00001eb066130,15,6,7.764705882352941,34,0.731014615204575
Zm00001eb066140,16,7,8.236842105263158,32,0.4974456265507218
Zm00001eb066150,11,2,11.153846153846153,37,0.6501286337672021
Zm00001eb066180,8,2,6.285714285714286,17,0.282604256465129
Zm00001eb066190,14,8,6.195121951219512,20,0.5243045030300564
Zm00001eb066210,16,6,11.82857142857143,44,0.7838235963591573
Zm00001eb066230,5,2,11.6,28,0.5720743260392355
Zm00001eb066260,2,1,5.5,6,0.1254270069271548
Zm00001eb066290,14,4,7.730769230769231,47,2.4064217937160484
Zm00001eb066330,7,1,10.714285714285714,37,0.4222259535542746
Zm00001eb066370,10,3,14.8,63,0.1220474887687531
Zm00001eb066390,11,3,11.823529411764707,73,0.2753927972950576
Zm00001eb066420,11,4,8.047619047619047,28,0.7419126087522355
Zm00001eb066440,9,3,6.583333333333333,21,0.713269364510762
Zm00001eb066460,5,2,12.666666666666666,31,0.7503917354549864
Zm00001eb066490,14,3,10.055555555555555,40,3.417449933900641
Zm00001eb066500,6,3,6.8,12,1.0370002907218887
Zm00001eb066510,14,3,10.894736842105264,40,0.2829771840382429
Zm00001eb066540,5,1,5.6,12,0.595343333937127
Zm00001eb066560,2,1,6.0,8,0.9905416226772068
Zm00001eb066580,8,2,15.4,43,0.4330977222525511
Zm00001eb066600,6,2,14.166666666666666,52,1.40900080408055
Zm00001eb066610,10,2,7.461538461538462,24,0.1576908272886923
Zm00001eb066620,11,3,11.823529411764707,84,2.108045840144543
Zm00001eb066630,13,3,7.944444444444445,27,0.3820463038842605
Zm00001eb066640,4,1,13.0,31,0.4632231985906543
Zm00001eb066650,11,4,11.31578947368421,66,1.3245058697149017
Zm00001eb066660,3,1,6.0,11,0.2021525401003749
Zm00001eb066780,6,1,15.166666666666666,34,0.2192120941601422
Zm00001eb066790,13,1,6.923076923076923,18,0.5082330573936243
Zm00001eb066810,8,1,8.125,13,0.1567487865722443
Zm00001eb066820,5,1,6.6,14,0.5678178611495213
Zm00001eb066830,11,3,12.421052631578947,79,1.1373261953842413
Zm00001eb066840,8,1,6.25,9,0.2687545941645621
Zm00001eb066850,10,2,11.75,24,0.8266102717594321
Zm00001eb066860,2,1,3.0,4,0.24391655963404
Zm00001eb066870,14,5,10.185185185185185,34,0.4173789265578538
Zm00001eb066880,10,4,22.61111111111111,94,0.9885973295893946
Zm00001eb066890,9,2,7.533333333333333,34,0.4580731210784756
Zm00001eb066900,9,2,7.533333333333333,34,0.4799532580554666
Zm00001eb066910,11,3,10.411764705882353,52,0.4820619709617448
Zm00001eb066920,8,3,9.4,42,0.9928081827972548
Zm00001eb066940,12,4,8.263157894736842,22,0.0360082094542589
Zm00001eb066950,9,2,12.2,28,0.5573678311308395
Zm00001eb066960,9,2,8.5,20,0.5199794082445869
Zm00001eb066980,8,1,7.0,27,0.9013778870464856
Zm00001eb067030,6,1,12.166666666666666,21,0.7406947556461452
Zm00001eb067040,9,2,6.529411764705882,12,0.6919600554776222
Zm00001eb067060,11,4,9.666666666666666,25,0.7369655941662062
Zm00001eb067080,8,2,11.875,27,0.4492503187701434
Zm00001eb067090,5,1,11.2,16,1.1604788332332785
Zm00001eb067130,5,2,11.5,50,0.5296873667656823
Zm00001eb067160,2,1,8.0,8,0.3310635718039592
Zm00001eb067180,7,1,7.857142857142857,13,0.5337609485568483
Zm00001eb067200,10,2,11.384615384615385,31,0.1743821833069815
Zm00001eb067220,4,1,5.75,7,0.2606027844918822
Zm00001eb067230,6,1,8.666666666666666,18,1.179091365510006
Zm00001eb067250,4,1,9.25,18,1.7487461959032349
Zm00001eb067290,7,1,9.571428571428571,16,0.3368167901828018
Zm00001eb067340,7,1,22.0,62,0.1491844454743154
Zm00001eb067350,5,2,4.833333333333333,9,1.291459677423651
Zm00001eb067370,9,1,10.88888888888889,41,0.1635194691564213
Zm00001eb067410,12,4,6.882352941176471,19,0.2483027939337243
Zm00001eb067450,4,1,4.75,8,0.9887620280744992
Zm00001eb067530,8,1,13.25,19,0.2629767019272857
Zm00001eb067550,9,2,5.0,13,0.233472603984395
Zm00001eb067560,14,4,9.736842105263158,52,0.1976236269760568
Zm00001eb067570,10,2,9.0,24,0.2811964019625615
Zm00001eb067580,16,5,6.228571428571429,23,0.1827475083815329
Zm00001eb067590,11,3,13.625,37,1.5883082188088515
Zm00001eb067610,8,1,17.0,42,0.1356663276650382
Zm00001eb067620,11,3,7.0,22,1.060076342743312
Zm00001eb067630,11,3,11.833333333333334,42,1.1501623302908113
Zm00001eb067640,2,1,37.5,67,0.9724292229037694
Zm00001eb067650,2,1,37.5,67,0.2340818511826606
Zm00001eb067660,5,1,9.0,12,0.5718216166734377
Zm00001eb067690,3,1,6.666666666666667,12,0.4116520815083765
Zm00001eb067700,13,4,11.916666666666666,32,0.3370632257519789
Zm00001eb067710,12,3,6.176470588235294,18,0.6776643833764835
Zm00001eb067730,6,3,11.285714285714286,21,0.4150374992788438
Zm00001eb067740,3,1,5.666666666666667,11,0.4557036473750612
Zm00001eb067750,8,2,20.3,133,0.1339818267255076
Zm00001eb067800,5,1,7.4,17,0.5849625007211563
Zm00001eb067810,17,11,7.864406779661017,24,0.2463029625752019
Zm00001eb067900,9,2,8.0,13,0.958417784925414
Zm00001eb067910,6,2,6.666666666666667,11,0.8122861269899027
Zm00001eb067960,12,6,9.81578947368421,19,0.3807497003238484
Zm00001eb068000,6,3,8.0,18,0.6823951418653478
Zm00001eb068040,9,2,9.454545454545455,25,0.1983542657810576
Zm00001eb068100,4,1,12.75,38,0.3867862133527684
Zm00001eb068120,8,2,7.2727272727272725,17,1.2484038711082457
Zm00001eb068130,3,1,7.333333333333333,11,0.3721136122244459
Zm00001eb068160,13,2,7.357142857142857,17,0.2162495129341037
Zm00001eb068170,9,2,11.538461538461538,33,1.2314831772619328
Zm00001eb068270,15,7,8.461538461538462,29,0.6867550857429856
Zm00001eb068280,6,2,16.571428571428573,55,0.4788709429001883
Zm00001eb068290,7,1,6.428571428571429,13,0.5717254134131314
Zm00001eb068380,10,2,5.583333333333333,11,6.193739289654204
Zm00001eb068390,6,1,18.0,44,0.4173490625452948
Zm00001eb068400,14,9,9.55813953488372,28,0.8995409590190538
Zm00001eb068440,12,3,5.0,20,0.7384270983012539
Zm00001eb068460,11,5,10.0,41,0.2671246340817086
Zm00001eb068470,6,1,10.0,23,0.1117352377703056
Zm00001eb068480,6,1,6.833333333333333,19,0.83613696213354
Zm00001eb068510,5,1,8.0,21,1.5
Zm00001eb068540,10,1,9.7,26,0.2190079373792277
Zm00001eb068580,7,2,7.555555555555555,27,0.5230350465348267
Zm00001eb068600,10,3,9.4,42,0.4695540288019477
Zm00001eb068620,15,4,8.875,20,0.2165153904441333
Zm00001eb068630,10,4,9.090909090909092,19,0.313631155208345
Zm00001eb068640,4,1,12.25,18,0.3725530336473188
Zm00001eb068650,5,1,8.2,28,0.5
Zm00001eb068660,7,1,8.285714285714286,14,1.4234968614655308
Zm00001eb068680,7,1,8.571428571428571,17,1.415037499278844
Zm00001eb068710,11,4,8.583333333333334,27,0.2713743709022608
Zm00001eb068750,2,1,11.0,12,0.1699250014423124
Zm00001eb068770,5,2,5.8,12,0.6220011179580367
Zm00001eb068780,7,1,5.285714285714286,12,0.2280173048093847
Zm00001eb068860,9,2,12.1,35,0.5863915927396224
Zm00001eb068880,4,1,11.25,27,0.7898958089738327
Zm00001eb068910,17,8,10.829268292682928,35,0.6023424725519853
Zm00001eb068960,9,2,11.222222222222221,45,0.3803683582037053
Zm00001eb068990,8,3,5.888888888888889,13,1.2505680867069795
Zm00001eb069000,11,3,10.578947368421053,49,0.3982350500594389
Zm00001eb069040,10,2,6.916666666666667,12,1.0600789866675442
Zm00001eb069080,9,2,6.6,18,0.6223391729013161
Zm00001eb069090,12,4,8.125,25,0.4174127597246143
Zm00001eb069100,8,2,10.9,26,2.576664627653778
Zm00001eb069110,11,3,9.25,19,2.9678712472839517
Zm00001eb069120,15,5,8.827586206896552,29,0.2260348831010609
Zm00001eb069200,15,6,9.870967741935484,84,0.103336818979087
Zm00001eb069220,8,2,8.777777777777779,29,0.343721794632033
Zm00001eb069290,12,3,9.285714285714286,30,0.2962543653276208
Zm00001eb069300,7,1,11.857142857142858,31,0.5869521411044368
Zm00001eb069310,9,2,13.333333333333334,57,1.753074220519366
Zm00001eb069320,8,2,16.545454545454547,65,0.6061600702917268
Zm00001eb069330,9,3,11.2,47,2.52771336933807
Zm00001eb069350,11,3,11.105263157894736,30,0.3007029479258343
Zm00001eb069410,9,2,10.11111111111111,26,1.0568838208087543
Zm00001eb069460,6,1,10.5,21,0.3390245044529805
Zm00001eb069500,6,2,13.375,40,0.2763310662285182
Zm00001eb069520,13,4,14.652173913043478,103,1.292261664398488
Zm00001eb069540,3,1,27.333333333333332,42,0.6059657665630896
Zm00001eb069550,8,2,8.1,20,0.7064748682511529
Zm00001eb069580,14,4,6.0,17,0.496774083072917
Zm00001eb069600,9,2,19.7,79,0.4166571464810923
Zm00001eb069630,4,2,8.5,13,0.9763400945890858
Zm00001eb069670,8,1,11.0,46,0.9099717346606788
Zm00001eb069860,7,1,7.142857142857143,16,2.357552004618084
Zm00001eb070040,1,1,6.0,6,0.0
Zm00001eb070050,8,1,14.5,32,0.3503938678588373
Zm00001eb070060,7,2,16.875,66,0.1892828915959334
Zm00001eb070100,6,1,11.833333333333334,41,0.4363833205886404
Zm00001eb070110,5,1,5.6,13,0.3794085910501732
Zm00001eb070150,4,1,8.5,13,0.4264542786067649
Zm00001eb070170,6,2,9.625,19,1.2638462359835383
Zm00001eb070220,8,2,18.25,93,2.1137822771406354
Zm00001eb070230,5,1,8.2,26,0.4923634754400825
Zm00001eb070240,9,1,13.555555555555555,42,0.2397221011808763
Zm00001eb070250,8,2,16.333333333333332,49,0.9611040689201356
Zm00001eb070260,9,2,6.538461538461538,12,0.2573198670947317
Zm00001eb070270,10,3,9.4,20,1.6801399529881318
Zm00001eb070320,10,4,8.352941176470589,31,0.1942461711327755
Zm00001eb070360,7,2,5.555555555555555,10,0.1009586898904991
Zm00001eb070390,7,2,8.714285714285714,21,0.4905036914671642
Zm00001eb070400,1,1,7.0,7,0.7398039063215215
Zm00001eb070410,8,1,7.5,13,0.8820972891861998
Zm00001eb070420,12,2,6.3076923076923075,13,1.8187149603076456
Zm00001eb070460,10,4,10.35,29,0.6963107039981113
Zm00001eb070510,11,5,11.047619047619047,42,0.5292350275676364
Zm00001eb070520,12,5,10.344827586206897,26,2.989078260121655
Zm00001eb070550,12,3,19.555555555555557,98,0.2542853160148285
Zm00001eb070560,13,2,8.157894736842104,30,1.2945565967450132
Zm00001eb070570,14,5,8.416666666666666,34,0.4738078978344962
Zm00001eb070630,7,1,7.428571428571429,17,1.4324132680209871
Zm00001eb070700,10,1,11.8,54,1.7488404431628612
Zm00001eb070730,14,5,9.914285714285715,36,0.7752275618019923
Zm00001eb070750,11,3,7.071428571428571,17,0.5296450526895987
Zm00001eb070790,13,2,7.466666666666667,18,3.089971839757014
Zm00001eb070820,4,1,6.25,10,0.5765547812103365
Zm00001eb070840,14,4,9.5,33,0.2485352447563239
Zm00001eb070860,14,6,10.4,28,0.464636807392579
Zm00001eb070900,15,4,7.851851851851852,28,0.8807918321733446
Zm00001eb070910,6,1,7.0,19,0.5314122582480701
Zm00001eb070920,11,2,10.571428571428571,20,0.1682020437978094
Zm00001eb070950,12,3,11.1875,69,0.1092049876652614
Zm00001eb070960,9,2,11.8,69,0.2994504701909328
Zm00001eb071010,6,1,6.0,9,1.0065051301849108
Zm00001eb071020,3,1,52.333333333333336,139,0.8933612414112843
Zm00001eb071050,13,4,5.866666666666666,27,0.5738427717554154
Zm00001eb071060,15,6,13.4375,60,0.9281543542523776
Zm00001eb071070,5,1,10.2,21,0.7713389138128073
Zm00001eb071080,13,4,10.714285714285714,32,1.4456756857675817
Zm00001eb071090,14,9,9.511627906976743,26,1.0211448407979875
Zm00001eb071100,3,1,10.0,11,0.2472674706194743
Zm00001eb071120,11,3,9.352941176470589,34,0.3232542919924174
Zm00001eb071130,8,3,10.636363636363637,29,0.2905071319125101
Zm00001eb071160,4,1,6.5,14,0.1699250014423123
Zm00001eb071170,6,1,4.333333333333333,7,0.4987602638671229
Zm00001eb071190,7,2,15.333333333333334,65,0.6283355600622663
Zm00001eb071240,11,3,6.5,18,1.0456425902727644
Zm00001eb071280,14,4,9.724137931034482,47,0.1648086656979627
Zm00001eb071290,13,3,8.842105263157896,33,0.577133063384656
Zm00001eb071300,3,1,9.666666666666666,20,0.1707314195080934
Zm00001eb071360,11,3,13.071428571428571,68,1.68339814422974
Zm00001eb071390,8,2,11.75,33,1.0
Zm00001eb071400,11,2,9.0,30,0.2899760196004181
Zm00001eb071460,7,1,14.571428571428571,57,0.2851513843076778
Zm00001eb071470,5,1,6.6,17,0.3119568377463906
Zm00001eb071480,13,5,7.5,19,0.2680386904803398
Zm00001eb071490,13,4,7.5,32,0.463316130909654
Zm00001eb071540,15,6,9.972222222222221,23,0.3687340837045663
Zm00001eb071570,13,5,7.12,20,0.4981579939861346
Zm00001eb071580,5,1,8.2,19,0.5732013812773229
Zm00001eb071590,12,4,8.619047619047619,22,0.2621777570805875
Zm00001eb071600,15,6,6.9714285714285715,19,0.746454760990685
Zm00001eb071650,11,6,8.576923076923077,25,1.6927392579646166
Zm00001eb071700,10,3,13.666666666666666,80,0.5204943520947859
Zm00001eb071710,10,2,9.090909090909092,17,0.6735433340278801
Zm00001eb071720,7,1,16.714285714285715,30,0.1196879214771036
Zm00001eb071750,11,4,10.166666666666666,50,0.370164048921938
Zm00001eb071770,10,2,9.428571428571429,14,0.8390019991598416
Zm00001eb071780,9,3,9.470588235294118,26,0.2765264282489489
Zm00001eb071820,8,3,4.923076923076923,14,0.7042304176701908
Zm00001eb071830,9,2,6.545454545454546,16,0.4916298462820093
Zm00001eb071860,14,4,9.952380952380953,24,0.2368838113512394
Zm00001eb071930,8,1,6.625,16,0.2319876846316689
Zm00001eb071940,4,1,6.25,9,1.2992274404415471
Zm00001eb071960,9,3,8.692307692307692,17,1.168606508706162
Zm00001eb071970,13,4,7.321428571428571,17,1.0985386561365849
Zm00001eb072000,14,9,13.27450980392157,131,0.2597764560484326
Zm00001eb072030,6,2,7.166666666666667,11,0.2014272361714904
Zm00001eb072050,3,1,22.0,62,0.2196300795845741
Zm00001eb072100,12,3,10.736842105263158,42,0.4439923436172386
Zm00001eb072210,10,2,10.153846153846153,33,0.5849625007211563
Zm00001eb072220,4,1,5.0,11,0.4032587971869621
Zm00001eb072230,5,1,5.4,7,3.702187646814961
Zm00001eb072270,12,5,9.26086956521739,28,0.4154722170320414
Zm00001eb072330,14,5,10.387096774193548,26,0.278595451729163
Zm00001eb072350,13,5,7.346153846153846,19,1.3210367896209485
Zm00001eb072360,7,2,8.6,23,0.3893231172266018
Zm00001eb072370,2,1,21.0,22,0.4458979730430679
Zm00001eb072380,11,5,13.153846153846153,44,3.275097188619504
Zm00001eb072390,15,4,8.0,18,0.1759179915369473
Zm00001eb072510,9,2,16.22222222222222,27,0.4948375474473884
Zm00001eb072580,5,1,5.0,11,0.5301890205071074
Zm00001eb072650,11,2,7.230769230769231,36,1.572575995017701
Zm00001eb072660,8,1,5.625,13,0.8190721891768113
Zm00001eb072670,7,2,9.818181818181818,31,0.4776106578938199
Zm00001eb072680,5,1,21.6,44,1.4458914085691148
Zm00001eb072700,13,6,12.75,61,0.3746829203543745
Zm00001eb072710,6,1,8.666666666666666,17,1.8657858627100408
Zm00001eb072720,15,3,7.631578947368421,19,0.1261588042546788
Zm00001eb072750,8,1,11.0,25,0.6833094567724318
Zm00001eb072760,4,1,5.5,11,0.3219280948873623
Zm00001eb072780,8,2,5.181818181818182,11,0.6979254323211427
Zm00001eb072790,3,1,7.0,8,0.3137432597215853
Zm00001eb072840,6,2,7.666666666666667,18,0.2140425148438359
Zm00001eb072850,9,1,8.333333333333334,42,0.6566607616079307
Zm00001eb072870,16,5,11.517241379310345,44,0.8062753098614431
Zm00001eb072880,12,2,9.133333333333333,27,1.039209542071725
Zm00001eb072890,9,2,11.363636363636363,33,0.6992077107816217
Zm00001eb072900,13,5,9.10344827586207,29,0.8941675816344289
Zm00001eb072910,11,2,10.5,32,0.2974691791413696
Zm00001eb072990,12,4,9.791666666666666,47,0.2489936464120252
Zm00001eb073030,7,3,18.5,71,0.7319073388560943
Zm00001eb073040,13,4,6.913043478260869,25,0.9154707387380908
Zm00001eb073090,5,3,9.125,19,0.5446734506081053
Zm00001eb073150,11,4,9.5625,22,0.4747369381667549
Zm00001eb073180,6,1,5.666666666666667,15,0.6454109142014296
Zm00001eb073200,14,4,10.761904761904763,71,0.3737938337878704
Zm00001eb073250,12,5,8.0,17,0.3274315784576442
Zm00001eb073280,5,1,9.2,30,0.7009978477544613
Zm00001eb073290,9,2,7.923076923076923,30,0.6309677021502514
Zm00001eb073300,10,4,10.428571428571429,25,1.0723428587611648
Zm00001eb073330,6,1,16.0,32,1.9475340433083657
Zm00001eb073340,5,2,11.666666666666666,26,0.7591510944266646
Zm00001eb073350,9,3,10.083333333333334,44,0.9132471336017932
Zm00001eb073360,9,2,4.294117647058823,8,0.1841834182149749
Zm00001eb073370,6,2,6.285714285714286,14,0.5026179010986951
Zm00001eb073400,3,1,15.666666666666666,26,0.3352175358681571
Zm00001eb073470,17,5,7.2727272727272725,32,0.5048577242765862
Zm00001eb073480,16,4,9.125,37,2.2950610794378976
Zm00001eb073490,11,4,8.473684210526315,18,0.3574598262865307
Zm00001eb073530,11,3,8.647058823529411,28,1.0594591632881167
Zm00001eb073540,12,4,9.947368421052632,52,0.1536226438688222
Zm00001eb073550,15,4,8.5,20,0.551367957213341
Zm00001eb073580,8,2,9.2,21,0.2982211500743745
Zm00001eb073610,10,2,5.928571428571429,16,1.191946459234709
Zm00001eb073630,6,1,6.333333333333333,17,1.6337891679782623
Zm00001eb073680,9,2,9.6,22,0.486865709645956
Zm00001eb073730,6,1,7.333333333333333,19,0.2027136792279172
Zm00001eb073750,4,1,14.25,24,0.3403074117132921
Zm00001eb073810,10,5,10.347826086956522,34,0.2946124476772115
Zm00001eb073830,4,1,8.75,17,0.363649538709545
Zm00001eb073880,13,3,8.470588235294118,43,1.4523754988382602
Zm00001eb073930,12,4,8.947368421052632,41,0.3022938512982903
Zm00001eb074030,10,2,8.615384615384615,15,1.1268252127004816
Zm00001eb074060,11,3,9.375,38,0.4915821169079449
Zm00001eb074070,7,2,16.5,26,0.1476508658490301
Zm00001eb074080,11,2,8.583333333333334,18,2.050765314905563
Zm00001eb074100,5,1,4.4,8,0.6183985932011554
Zm00001eb074140,3,1,3.6666666666666665,5,0.4589629709116273
Zm00001eb074150,6,1,32.5,164,0.7077682652469145
Zm00001eb074170,6,1,4.0,10,0.5508199455187874
Zm00001eb074210,12,3,6.380952380952381,26,0.4983205706599745
Zm00001eb074220,16,6,11.387096774193548,56,0.1926450779423957
Zm00001eb074240,4,1,7.5,14,1.0032209885441117
Zm00001eb074270,12,5,8.28,22,0.3712211408764265
Zm00001eb074280,5,1,3.8,6,1.2500630570290576
Zm00001eb074310,12,3,10.38888888888889,35,0.3513351390025189
Zm00001eb074340,9,2,4.111111111111111,11,0.2310659750134503
Zm00001eb074350,16,6,9.421052631578947,45,0.5060648962551945
Zm00001eb074360,5,1,8.4,14,0.4848120308725151
Zm00001eb074380,4,1,7.75,22,0.7941747371739952
Zm00001eb074400,6,2,8.428571428571429,17,1.0158690846460563
Zm00001eb074410,3,1,3.6666666666666665,8,0.8670461133211929
Zm00001eb074460,12,5,7.636363636363637,26,0.2146855026179538
Zm00001eb074480,4,1,9.25,18,0.2525836642290444
Zm00001eb074520,11,5,4.526315789473684,12,0.3503828471858043
Zm00001eb074560,3,1,4.666666666666667,6,0.2663100732163954
Zm00001eb074570,1,1,6.0,6,0.638078261820219
Zm00001eb074580,9,2,7.384615384615385,16,0.6599980714652213
Zm00001eb074600,14,5,7.24,13,0.4416624573805947
Zm00001eb074610,8,3,6.833333333333333,13,0.3801578730749304
Zm00001eb074640,8,1,4.875,16,0.8415626659758619
Zm00001eb074710,5,1,6.6,18,0.3314413901710868
Zm00001eb074720,3,2,11.0,25,1.0
Zm00001eb074760,11,4,12.95,40,4.091354953492372
Zm00001eb074840,8,2,9.363636363636363,39,0.8549620487553069
Zm00001eb074850,4,1,15.25,39,1.2616712463240514
Zm00001eb074880,10,3,7.166666666666667,21,1.5347562560542738
Zm00001eb074890,11,5,12.846153846153847,64,0.2061256673162991
Zm00001eb074930,6,1,10.333333333333334,26,0.5961142213460866
Zm00001eb074990,13,2,10.466666666666667,25,0.5547853442146423
Zm00001eb075060,3,1,18.0,20,0.3945551944610165
Zm00001eb075080,3,1,62.333333333333336,166,4.291915525820922
Zm00001eb075100,7,1,11.571428571428571,29,1.838065238250318
Zm00001eb075110,7,1,11.571428571428571,29,2.4005432378518736
Zm00001eb075120,8,2,12.727272727272727,38,0.6830801347202702
Zm00001eb075130,12,2,8.4375,22,0.3721123866334703
Zm00001eb075160,9,2,7.916666666666667,26,0.2367155306326666
Zm00001eb075190,4,1,10.0,16,1.0136630263244073
Zm00001eb075200,6,1,8.5,18,0.3077377177351727
Zm00001eb075210,6,1,10.833333333333334,25,0.1505245151695745
Zm00001eb075250,8,3,7.928571428571429,35,0.4934178077985738
Zm00001eb075300,12,7,10.068965517241379,30,0.4900359238427319
Zm00001eb075310,11,3,6.0625,23,0.2903435067917198
Zm00001eb075320,8,1,14.5,42,0.3354784043558542
Zm00001eb075370,5,2,6.0,11,0.4794172086943762
Zm00001eb075390,11,3,6.368421052631579,11,0.1170875612087128
Zm00001eb075410,9,1,10.777777777777779,22,1.0
Zm00001eb075470,15,11,9.521739130434783,66,0.2789793022674346
Zm00001eb075490,16,7,8.95,39,1.877963713358514
Zm00001eb075540,8,2,5.0,12,2.373661039526171
Zm00001eb075550,10,3,11.2,23,1.008321218128831
Zm00001eb075560,4,1,18.75,33,0.4898519471771839
Zm00001eb075570,9,3,8.625,23,0.8623467704521732
Zm00001eb075630,8,2,20.0,80,0.2749339849217413
Zm00001eb075670,14,5,8.5625,22,2.3390572629430437
Zm00001eb075700,4,1,13.5,38,0.9007598082413968
Zm00001eb075740,7,1,9.857142857142858,24,0.8696938982672839
Zm00001eb075760,5,1,7.2,16,0.3575912201998047
Zm00001eb075800,10,3,13.6875,30,1.2063555591958854
Zm00001eb075810,14,4,9.642857142857142,34,0.9739419541401024
Zm00001eb075850,12,3,4.882352941176471,17,0.5750672572361393
Zm00001eb075900,15,5,7.464285714285714,27,0.5950356963707514
Zm00001eb075910,5,1,7.4,22,0.2169868373360193
Zm00001eb075990,4,2,11.5,31,0.7236323662915884
Zm00001eb076010,9,1,8.777777777777779,27,0.4787286162352505
Zm00001eb076020,6,1,12.166666666666666,29,1.0631003651455857
Zm00001eb076050,13,3,7.3478260869565215,34,0.4177314866410005
Zm00001eb076070,4,2,15.75,33,0.4905465725592206
Zm00001eb076150,9,2,10.0,27,0.5500935046109657
Zm00001eb076160,7,1,10.571428571428571,39,0.2801489436134392
Zm00001eb076470,9,2,6.636363636363637,22,0.6599853740479164
Zm00001eb076540,8,3,10.0625,22,0.243726967022536
Zm00001eb076570,4,1,17.5,50,0.2347244109091243
Zm00001eb076600,2,1,10.0,12,0.4486629113084559
Zm00001eb076610,5,1,10.8,24,0.1632285728720797
Zm00001eb076630,6,1,3.6666666666666665,12,0.8878236167008113
Zm00001eb076690,11,2,6.642857142857143,15,2.415037499278844
Zm00001eb076710,12,3,12.25,66,0.531120179638521
Zm00001eb076730,9,2,10.25,31,0.2537929191580318
Zm00001eb076760,3,1,10.0,18,1.381765034073529
Zm00001eb076780,12,2,8.416666666666666,34,0.1923768236378637
Zm00001eb076800,11,4,8.466666666666667,35,0.221614478453813
Zm00001eb076810,3,1,14.333333333333334,37,0.808946159705928
Zm00001eb076940,2,1,6.5,10,1.6760335504247086
Zm00001eb076990,7,2,5.214285714285714,11,0.8697872553726569
Zm00001eb077030,6,2,6.0,15,0.2866647861651415
Zm00001eb077060,7,1,7.714285714285714,22,1.734915642001931
Zm00001eb077070,5,1,15.4,42,2.1699250014423126
Zm00001eb077080,3,1,7.0,12,0.4194685973712412
Zm00001eb077110,7,1,6.142857142857143,12,0.6081316598108889
Zm00001eb077120,4,1,5.75,11,0.6628527990199239
Zm00001eb077140,10,4,8.0,21,0.3883994769172856
Zm00001eb077180,7,2,7.75,18,0.4682326570218185
Zm00001eb077210,10,2,6.083333333333333,20,0.3059360896091601
Zm00001eb077220,14,4,11.52,80,0.8334406624613541
Zm00001eb077230,10,3,12.461538461538462,45,0.3509379665100143
Zm00001eb077250,7,2,12.142857142857142,31,1.67003197017703
Zm00001eb077390,4,1,9.0,19,0.8362322640664329
Zm00001eb077410,9,2,4.777777777777778,17,0.6024046120526295
Zm00001eb077430,13,2,8.928571428571429,46,0.1926450779423958
Zm00001eb077450,5,1,8.4,22,0.3858379621166149
Zm00001eb077490,13,3,9.444444444444445,44,1.4390253452770896
Zm00001eb077540,13,5,7.869565217391305,22,0.5901182170707988
Zm00001eb077550,10,1,10.2,26,0.4241705279714957
Zm00001eb077630,12,3,9.523809523809524,34,2.249713313090508
Zm00001eb077670,7,1,6.142857142857143,14,0.978164073130947
Zm00001eb077760,6,2,12.857142857142858,24,0.7352296439261379
Zm00001eb077770,3,1,2.6666666666666665,6,0.4903978391645913
Zm00001eb077790,10,2,12.166666666666666,47,0.4577271339001383
Zm00001eb077890,11,4,5.35,22,1.6157775849497644
Zm00001eb077910,8,1,6.5,26,4.211251224080046
Zm00001eb077930,13,6,8.346153846153847,23,1.367188957617253
Zm00001eb077980,6,1,14.666666666666666,38,0.1327159934216478
Zm00001eb078040,8,1,12.75,52,0.396779705286555
Zm00001eb078070,13,4,8.65,31,0.6690582230981484
Zm00001eb078080,4,1,9.5,16,0.4052995474345189
Zm00001eb078100,5,1,16.2,30,0.2788280678073814
Zm00001eb078110,6,1,9.833333333333334,15,0.3322840985548413
Zm00001eb078120,9,2,10.2,21,0.8526239575502026
Zm00001eb078130,9,3,13.2,36,2.478798778819108
Zm00001eb078140,6,2,5.1,13,0.3033758299042379
Zm00001eb078190,10,3,9.454545454545455,27,2.1337122794501404
Zm00001eb078200,11,3,8.529411764705882,21,0.3178304692007297
Zm00001eb078210,2,1,9.5,17,0.2591123217962827
Zm00001eb078220,8,2,10.777777777777779,22,0.4242779812586342
Zm00001eb078290,6,2,4.333333333333333,8,0.481593268561456
Zm00001eb078340,5,1,6.6,13,1.2051940670457322
Zm00001eb078350,9,3,9.25,25,0.0996269076447647
Zm00001eb078390,8,2,19.666666666666668,94,2.6071873340714107
Zm00001eb078460,12,7,9.228571428571428,26,0.4828330536112259
Zm00001eb078480,10,2,8.083333333333334,35,0.9788246413068764
Zm00001eb078490,8,2,6.0,12,0.3358502655189806
Zm00001eb078530,8,2,8.0,45,2.0466637442109303
Zm00001eb078570,5,1,14.0,25,0.6575379801876784
Zm00001eb078600,5,1,9.6,22,0.3268091717754333
Zm00001eb078640,7,2,14.7,53,0.561586913210687
Zm00001eb078650,12,5,4.619047619047619,18,0.4224439326219735
Zm00001eb078680,7,1,7.428571428571429,18,0.9583375326476372
Zm00001eb078770,15,8,8.119047619047619,29,0.2152293158720366
Zm00001eb078780,12,5,15.954545454545455,150,0.5876801107441811
Zm00001eb078800,10,4,7.235294117647059,22,0.4772203102622176
Zm00001eb078850,7,1,12.714285714285714,18,0.2955182459982584
Zm00001eb078880,16,6,8.161290322580646,24,1.37516684268513
Zm00001eb078890,7,2,13.5,55,3.0556336818249643
Zm00001eb079000,3,1,13.0,18,0.5881823608719672
Zm00001eb079080,10,1,9.7,25,0.8428404299730611
Zm00001eb079150,6,1,4.333333333333333,8,0.6751020505518168
Zm00001eb079180,8,1,7.125,19,0.406528196202834
Zm00001eb079200,16,5,11.852941176470589,30,0.4716169505082241
Zm00001eb079220,4,1,6.25,8,1.3276008621484188
Zm00001eb079230,9,3,11.333333333333334,52,0.5317410830061702
Zm00001eb079260,7,3,11.5,29,0.1725710852526358
Zm00001eb079270,7,1,8.714285714285714,20,0.8891767575125257
Zm00001eb079280,4,1,4.75,8,0.3640734156525774
Zm00001eb079290,16,7,9.634146341463415,36,0.6796327743148507
Zm00001eb079300,7,1,7.142857142857143,13,1.5344372916901343
Zm00001eb079310,14,4,11.56,39,0.4327175107865517
Zm00001eb079330,14,6,11.4375,73,0.5671798362701966
Zm00001eb079340,10,2,8.363636363636363,15,0.6255783146026184
Zm00001eb079360,13,4,8.590909090909092,24,0.6275341698593795
Zm00001eb079380,13,6,8.575757575757576,25,1.0646388539142977
Zm00001eb079390,11,2,6.071428571428571,15,0.9605015786073032
Zm00001eb079420,7,1,6.428571428571429,11,1.3161239964731253
Zm00001eb079430,9,3,6.666666666666667,15,1.0946476121712867
Zm00001eb079510,14,8,8.238095238095237,22,0.1799695108250119
Zm00001eb079540,7,2,6.125,16,0.230500192053691
Zm00001eb079610,8,2,6.454545454545454,15,0.537481492951795
Zm00001eb079720,11,3,5.470588235294118,18,0.5902541212450746
Zm00001eb079730,16,6,11.272727272727273,120,7.659843470476138
Zm00001eb079750,4,1,11.25,17,1.0273919389289905
Zm00001eb079760,17,5,8.321428571428571,30,0.4054860498223526
Zm00001eb079790,10,4,4.684210526315789,8,1.2087071908330167
Zm00001eb079820,3,1,10.0,14,0.3658583054207916
Zm00001eb079860,11,2,5.857142857142857,16,2.4237990753711394
Zm00001eb079870,6,2,8.727272727272727,12,0.5959408208385247
Zm00001eb079930,14,4,7.44,45,0.3101439007364484
Zm00001eb079940,9,2,6.5,22,0.1927118194565657
Zm00001eb079980,6,2,8.285714285714286,16,0.3192348580909016
Zm00001eb080070,16,6,6.073170731707317,19,0.385901677354328
Zm00001eb080080,8,1,9.375,14,7.604733029101315
Zm00001eb080090,8,1,4.75,16,0.5758765078678889
Zm00001eb080100,8,1,9.375,14,1.1823334255097715
Zm00001eb080120,4,1,7.5,9,0.4870525920792077
Zm00001eb080130,9,3,8.8125,18,1.0469617273598937
Zm00001eb080140,5,1,23.6,102,0.5030574007872656
Zm00001eb080170,6,1,5.5,9,2.807354922057604
Zm00001eb080230,13,5,7.4375,31,1.6806005252472511
Zm00001eb080280,13,5,8.714285714285714,22,0.3191191870182643
Zm00001eb080320,10,3,9.2,24,0.2761882841731738
Zm00001eb080340,8,2,7.090909090909091,13,1.7042539837040844
Zm00001eb080350,6,1,14.666666666666666,28,0.6914490808156115
Zm00001eb080360,2,2,16.0,29,0.9685482820787696
Zm00001eb080370,5,2,10.285714285714286,39,0.3567498019134377
Zm00001eb080420,4,1,8.0,12,5.124040296840155
Zm00001eb080440,8,1,5.875,30,0.2631911124413391
Zm00001eb080470,12,8,6.230769230769231,22,2.3585366782818724
Zm00001eb080480,12,4,7.72,23,0.3508800604844533
Zm00001eb080500,12,4,8.36,20,3.206487962229492
Zm00001eb080510,15,4,6.863636363636363,19,0.7480943211296773
Zm00001eb080540,12,5,9.291666666666666,22,0.512794691233988
Zm00001eb080560,15,4,10.041666666666666,39,1.3170731410302978
Zm00001eb080570,9,3,12.5,64,0.2737054714736774
Zm00001eb080640,8,1,5.875,13,1.3625700793847082
Zm00001eb080670,7,2,8.75,13,0.7186160236835674
Zm00001eb080680,9,3,7.615384615384615,16,4.1969482410454955
Zm00001eb080700,10,2,7.2727272727272725,15,0.9469598790221776
Zm00001eb080710,6,2,9.571428571428571,13,0.3255230629211947
Zm00001eb080780,16,3,7.105263157894737,23,0.618288782517251
Zm00001eb080790,5,3,13.375,28,0.9192976344972288
Zm00001eb080840,8,2,5.555555555555555,12,0.3973108937317647
Zm00001eb080860,1,1,8.0,8,0.9318803140666346
Zm00001eb080870,10,3,10.5625,29,0.4425419437187204
Zm00001eb080890,5,1,15.0,35,0.7557360198139077
Zm00001eb080910,1,1,5.0,5,0.0
Zm00001eb080920,12,3,8.176470588235293,26,0.2145450407319837
Zm00001eb080940,9,3,16.533333333333335,68,2.4039147122461157
Zm00001eb080960,7,1,6.142857142857143,14,0.9372345589580704
Zm00001eb081030,16,6,11.365853658536585,38,0.5731272743037081
Zm00001eb081060,4,1,5.75,12,0.438675672751559
Zm00001eb081070,8,3,5.6923076923076925,12,0.197301770999247
Zm00001eb081090,6,2,10.0,21,0.2749356272484229
Zm00001eb081110,9,3,6.8,19,0.7591797165988781
Zm00001eb081120,13,4,5.9411764705882355,16,1.6818907329043693
Zm00001eb081130,3,1,5.0,7,0.6644976331772685
Zm00001eb081140,16,7,7.514285714285714,27,0.1321301896923349
Zm00001eb081200,10,4,16.3,63,0.3269658647914985
Zm00001eb081210,4,1,6.5,10,1.2011093596688274
Zm00001eb081220,4,1,14.5,38,1.1252368467948068
Zm00001eb081260,12,3,11.5,52,0.6281520045298447
Zm00001eb081270,15,4,8.4,34,0.3712669336597639
Zm00001eb081310,14,4,12.36,63,0.5994983875894934
Zm00001eb081320,7,1,6.857142857142857,15,0.3883966003019529
Zm00001eb081330,7,1,6.428571428571429,12,0.6116045426187323
Zm00001eb081350,11,4,10.157894736842104,57,0.6813095814917755
Zm00001eb081380,8,3,11.5,22,0.8575679604601725
Zm00001eb081390,13,6,9.025641025641026,74,0.7538094043836213
Zm00001eb081420,11,3,10.8,23,0.7676573799047554
Zm00001eb081430,8,2,9.222222222222221,28,0.8533841800581053
Zm00001eb081440,11,2,6.230769230769231,12,0.9886691596355036
Zm00001eb081450,17,10,7.397058823529412,29,1.343447769088828
Zm00001eb081460,14,4,8.606060606060606,33,0.2825808999474729
Zm00001eb081470,7,2,9.428571428571429,17,0.7983003209494154
Zm00001eb081480,13,4,4.888888888888889,12,1.8593720385224008
Zm00001eb081510,6,1,5.0,11,0.1285289114601947
Zm00001eb081570,4,1,6.0,14,0.7924585314712022
Zm00001eb081580,9,3,10.692307692307692,22,0.2739080108552517
Zm00001eb081590,8,2,3.9,7,1.7441695079731814
Zm00001eb081610,13,4,7.1,18,0.5046396307228255
Zm00001eb081640,4,1,7.75,17,0.6662561772946362
Zm00001eb081660,5,1,7.8,21,0.2510069983493608
Zm00001eb081680,6,1,23.833333333333332,89,0.6755727135904113
Zm00001eb081690,10,3,15.533333333333333,97,1.0642150259807983
Zm00001eb081700,10,2,14.833333333333334,95,0.5327394575983257
Zm00001eb081720,7,2,10.333333333333334,16,1.2294019538647831
Zm00001eb081760,9,2,5.5,13,2.752860939473046
Zm00001eb081770,14,4,5.416666666666667,18,0.0
Zm00001eb081790,4,1,10.25,22,0.144928724767205
Zm00001eb081810,6,3,11.6,25,0.697585125618505
Zm00001eb081900,15,7,10.613636363636363,34,0.5718456457476222
Zm00001eb081930,7,1,7.428571428571429,16,0.4608459523614333
Zm00001eb081990,5,1,11.2,32,1.0
Zm00001eb082050,12,4,6.739130434782608,23,0.4096053267697001
Zm00001eb082070,8,1,8.875,35,0.1978552844931162
Zm00001eb082160,9,3,13.411764705882353,127,0.1948913078696875
Zm00001eb082170,7,1,13.571428571428571,38,0.6700465751846681
Zm00001eb082230,5,1,12.8,24,0.1073784297528824
Zm00001eb082270,7,1,13.142857142857142,28,0.5590170803654901
Zm00001eb082280,12,4,10.3125,48,0.2930063092396329
Zm00001eb082300,10,4,19.333333333333332,215,0.312023101408396
Zm00001eb082390,4,1,22.5,42,0.3923174227787603
Zm00001eb082470,18,8,8.788461538461538,56,0.7927103486342801
Zm00001eb082480,15,6,9.40625,53,1.2232852603046676
Zm00001eb082500,14,6,7.787878787878788,21,0.4526320859614332
Zm00001eb082540,5,1,4.2,8,0.5062430761328037
Zm00001eb082560,9,3,13.846153846153847,36,1.2942778328095408
Zm00001eb082620,7,1,11.142857142857142,28,0.7719410247440597
Zm00001eb082630,6,2,5.428571428571429,10,0.8170921306246939
Zm00001eb082670,5,1,8.2,19,0.4812104896550511
Zm00001eb082680,10,2,7.9,20,0.3863098948737574
Zm00001eb082700,7,1,6.285714285714286,12,0.7716306356293127
Zm00001eb082710,6,2,10.0,39,0.4036513423320362
Zm00001eb082730,15,7,6.204545454545454,15,0.9243107693645228
Zm00001eb082750,8,2,9.0,32,0.2060251526435643
Zm00001eb082790,11,2,13.615384615384615,89,0.964639637660477
Zm00001eb082810,8,1,6.25,12,0.5887690927760937
Zm00001eb082820,14,5,9.62962962962963,66,0.7328742719719604
Zm00001eb082830,5,1,5.6,9,1.062390286547606
Zm00001eb082840,6,1,6.0,11,0.7458803025923408
Zm00001eb082860,7,2,12.7,38,0.2012541953239853
Zm00001eb082890,13,5,9.391304347826088,26,0.5588879383940684
Zm00001eb082960,6,1,21.333333333333332,104,0.393474233446183
Zm00001eb083160,9,2,6.7,17,0.8775402776400665
Zm00001eb083170,7,1,6.142857142857143,13,0.4429721405553803
Zm00001eb083180,13,6,8.393939393939394,18,0.6209855887732193
Zm00001eb083210,10,2,9.0,26,0.2374678044113183
Zm00001eb083250,9,3,5.166666666666667,14,4.799563959014807
Zm00001eb083310,16,8,12.702127659574469,72,1.3532923961383714
Zm00001eb083370,5,1,9.2,15,0.518844427762661
Zm00001eb083380,13,4,11.625,48,1.3219280948873624
Zm00001eb083390,11,2,11.571428571428571,30,1.3174010891817036
Zm00001eb083520,14,5,8.083333333333334,22,0.3477150761024774
Zm00001eb083540,5,1,8.6,23,0.3939700806475643
Zm00001eb083600,5,1,7.2,12,0.2201855803364456
Zm00001eb083630,7,3,7.7,21,0.6942826439588264
Zm00001eb083670,12,3,10.823529411764707,54,0.8656808423167952
Zm00001eb083680,13,5,10.068965517241379,42,0.105665797750557
Zm00001eb083750,10,2,8.0,24,0.2197794818626586
Zm00001eb083770,7,2,9.5,19,0.6456039042577377
Zm00001eb083820,7,2,9.375,24,0.3923174227787603
Zm00001eb083840,9,2,7.416666666666667,16,0.55172267671706
Zm00001eb083870,5,1,4.4,7,2.048073985340168
Zm00001eb083950,9,2,8.363636363636363,15,0.3277184130827587
Zm00001eb084020,15,7,7.161290322580645,19,1.067793013426194
Zm00001eb084070,5,1,5.0,10,1.093811105553101
Zm00001eb084080,5,2,8.0,19,1.4303955458435955
Zm00001eb084110,5,1,6.8,10,0.3983279881877918
Zm00001eb084120,2,2,23.333333333333332,35,0.4195034289163808
Zm00001eb084160,5,1,9.0,13,0.2722192465534157
Zm00001eb084180,7,1,8.285714285714286,16,0.3634206482490746
Zm00001eb084240,5,1,5.0,7,0.7351522297610196
Zm00001eb084250,5,2,6.833333333333333,13,6.8902293247224256
Zm00001eb084260,5,1,9.2,16,1.2692965925317603
Zm00001eb084290,15,8,11.333333333333334,56,0.3399397419885159
Zm00001eb084300,2,1,2.5,3,0.2289299432309645
Zm00001eb084360,5,2,4.25,7,1.0072892040479715
Zm00001eb084410,5,1,6.8,12,0.6168219899611662
Zm00001eb084420,5,1,7.4,11,0.3763817974566062
Zm00001eb084430,17,7,7.560975609756097,38,0.3435155255246185
Zm00001eb084450,7,2,12.7,27,0.4289149511277498
Zm00001eb084530,11,3,8.0,18,0.8921666386585382
Zm00001eb084540,7,2,10.6,29,0.1456689362335647
Zm00001eb084560,16,7,7.756756756756757,21,1.6207378382682336
Zm00001eb084570,9,3,9.23076923076923,28,0.422453173419154
Zm00001eb084590,16,8,7.744186046511628,30,0.2662730375755164
Zm00001eb084630,14,5,7.875,27,0.3137967246224183
Zm00001eb084690,10,3,6.0,27,0.4688906701375298
Zm00001eb084750,11,2,8.076923076923077,35,0.3734390891850307
Zm00001eb084760,3,1,6.0,12,0.4985319185047249
Zm00001eb084770,9,2,12.9,51,0.0870568700032266
Zm00001eb084850,16,8,9.054054054054054,24,1.5956866861761838
Zm00001eb084860,4,1,16.5,32,0.2601698977150183
Zm00001eb084870,6,1,11.833333333333334,14,0.2314017303716717
Zm00001eb084910,10,3,8.1875,22,1.4874847197877132
Zm00001eb084920,8,3,12.0,64,0.3373274571501853
Zm00001eb084990,2,1,41.5,76,0.4273215883160536
Zm00001eb085010,7,2,8.625,23,0.2291177083636291
Zm00001eb085030,14,5,8.68,16,0.1127938654176461
Zm00001eb085040,6,1,8.333333333333334,26,2.584962500721156
Zm00001eb085050,6,1,15.666666666666666,28,0.4136241197246905
Zm00001eb085110,3,1,12.333333333333334,19,0.1174406676232707
Zm00001eb085170,13,2,7.8125,18,0.1537374643512234
Zm00001eb085200,6,1,11.166666666666666,38,0.2723065968133984
Zm00001eb085230,5,1,8.2,15,1.4131055666352688
Zm00001eb085240,14,6,7.903225806451613,17,0.401009573223381
Zm00001eb085270,5,1,8.6,16,2.2324787791833995
Zm00001eb085320,14,5,10.166666666666666,22,0.408720068807029
Zm00001eb085330,6,1,12.5,23,0.7388604590102805
Zm00001eb085350,9,3,9.416666666666666,17,0.4269925602884125
Zm00001eb085400,13,5,6.208333333333333,18,1.4568325115607592
Zm00001eb085410,11,3,9.833333333333334,44,0.1015228651515992
Zm00001eb085420,13,4,7.05,18,0.1980191129762964
Zm00001eb085430,10,1,5.7,20,0.2723705022217478
Zm00001eb085460,9,4,6.529411764705882,18,0.4865120018471127
Zm00001eb085500,6,1,10.333333333333334,28,0.5130911270726418
Zm00001eb085510,5,1,8.4,14,2.316453011970961
Zm00001eb085540,6,1,7.5,19,0.7330139523145331
Zm00001eb085560,11,3,14.0,71,0.6045913074700888
Zm00001eb085570,7,2,15.777777777777779,42,0.1708616900641495
Zm00001eb085590,14,4,10.846153846153847,35,0.6966765018541949
Zm00001eb085610,4,1,7.5,13,1.3886157057321138
Zm00001eb085630,10,2,9.76923076923077,17,2.109628680918297
Zm00001eb085640,12,3,8.235294117647058,28,0.8050797084639895
Zm00001eb085680,9,2,6.666666666666667,9,0.3333989039066715
Zm00001eb085730,3,1,5.333333333333333,11,0.5501346671850755
Zm00001eb086270,5,1,7.8,14,5.8294175236557155
Zm00001eb086280,5,1,10.2,24,0.106915203916512
Zm00001eb086340,5,2,15.0,29,0.2517729086512205
Zm00001eb086370,11,3,7.6923076923076925,12,0.6782468351396692
Zm00001eb086400,10,2,10.833333333333334,76,0.1914551558951088
Zm00001eb086480,9,1,6.0,16,2.685094145167063
Zm00001eb086500,5,1,10.0,25,0.1511256534678508
Zm00001eb086540,9,2,8.6,22,0.7600895981333926
Zm00001eb086560,6,2,12.25,23,0.1357576365104066
Zm00001eb086680,9,2,7.3,22,0.2095063170311672
Zm00001eb086700,8,2,10.461538461538462,38,0.4573663870745553
Zm00001eb086720,3,1,6.666666666666667,9,0.1758191225357501
Zm00001eb086780,5,1,9.6,36,0.3058209874111302
Zm00001eb086830,13,5,7.84,25,0.561573114282582
Zm00001eb086910,4,1,7.75,16,0.1899245109330685
Zm00001eb086990,8,1,9.625,17,1.1347990565175403
Zm00001eb087020,8,2,4.8,13,0.326549816404681
Zm00001eb087040,5,1,22.0,36,0.8154386829761052
Zm00001eb087050,6,1,6.166666666666667,15,0.3398793698527388
Zm00001eb087060,6,1,7.666666666666667,11,0.1575248456317134
Zm00001eb087120,4,1,6.5,18,1.3663222142458158
Zm00001eb087920,7,1,9.0,28,0.3422343532084024
Zm00001eb087970,11,2,7.428571428571429,20,2.82254132587228
Zm00001eb088020,11,4,14.285714285714286,82,2.6027364003032636
Zm00001eb088050,10,2,9.333333333333334,22,0.1758818425228249
Zm00001eb088120,6,1,3.0,10,0.0
Zm00001eb088190,5,1,15.8,23,0.5194425681028695
Zm00001eb088220,12,3,10.307692307692308,37,0.5081890686023169
Zm00001eb088270,7,1,7.0,11,0.1875750993902083
Zm00001eb088280,3,1,21.666666666666668,51,2.849133086334001
Zm00001eb088290,3,1,9.666666666666666,22,0.5446228537984718
Zm00001eb088390,8,1,4.5,10,0.3581405396372462
Zm00001eb088450,6,1,36.833333333333336,139,0.2954558835261713
Zm00001eb088460,10,2,16.46153846153846,112,0.1814947235291412
Zm00001eb088630,10,2,9.0,29,2.6584223415463457
Zm00001eb088640,5,1,30.6,133,8.026062296586197
Zm00001eb088700,7,1,5.857142857142857,14,2.0065448537101567
Zm00001eb088780,3,1,7.333333333333333,10,0.2950567265192413
Zm00001eb088790,7,2,6.428571428571429,17,2.2243454014984017
Zm00001eb088800,14,4,8.333333333333334,27,0.5827803273817369
Zm00001eb088830,9,3,8.416666666666666,33,0.3530507295415956
Zm00001eb088840,14,7,6.794871794871795,32,0.6612275762129604
Zm00001eb088850,15,6,7.264705882352941,19,0.8230165543263003
Zm00001eb088880,4,1,8.5,16,0.4836143792215008
Zm00001eb088910,9,1,10.222222222222221,16,0.2810568921337012
Zm00001eb088950,10,2,13.416666666666666,84,0.6533630636734611
Zm00001eb089010,4,1,4.75,7,0.1060919090374827
Zm00001eb089060,7,1,10.142857142857142,31,0.2792861802674496
Zm00001eb089070,9,1,12.222222222222221,32,0.2438788934067409
Zm00001eb089080,7,2,4.0,8,0.3479960509321543
Zm00001eb089100,2,1,16.5,22,0.7788693043549839
Zm00001eb089380,2,1,15.5,21,0.2172501130078022
Zm00001eb089390,12,2,10.384615384615385,30,0.6840018106518567
Zm00001eb089470,5,1,8.0,12,0.4358890074518708
Zm00001eb089480,6,1,5.0,10,1.1199921993810775
Zm00001eb089490,15,6,11.827586206896552,31,1.2632205937422831
Zm00001eb089560,4,1,6.0,10,0.3627662260096752
Zm00001eb089570,7,1,16.142857142857142,64,0.2232438200279556
Zm00001eb089580,10,3,10.5,38,0.7219307404516406
Zm00001eb089600,12,3,9.31578947368421,33,0.393823775260832
Zm00001eb089620,6,2,9.875,15,0.5897988367141921
Zm00001eb089630,11,2,13.142857142857142,36,1.3360544557759582
Zm00001eb089650,10,3,14.777777777777779,28,0.4124452958672125
Zm00001eb089840,6,1,10.333333333333334,15,0.8701763080946444
Zm00001eb090060,13,4,8.73076923076923,21,0.6313211737459193
Zm00001eb090110,4,1,7.75,18,0.4812252499742616
Zm00001eb090120,11,2,8.538461538461538,18,0.8493156993877168
Zm00001eb090140,13,4,13.576923076923077,36,1.8219280948873624
Zm00001eb090230,2,1,6.0,11,3.0932272317250757
Zm00001eb090260,8,1,7.25,18,3.845488903642923
Zm00001eb090670,9,2,7.5,14,0.2549343518058314
Zm00001eb090730,6,2,12.571428571428571,25,0.3315320023274396
Zm00001eb090840,6,2,13.625,19,0.5373064866659046
Zm00001eb090880,4,1,8.0,17,2.387971513005429
Zm00001eb090890,14,4,5.88,22,0.1704403417017262
Zm00001eb090910,2,1,16.0,26,0.5926901474132589
Zm00001eb090920,7,2,4.428571428571429,13,0.7152746492641618
Zm00001eb090970,11,4,9.076923076923077,28,1.4282951654864342
Zm00001eb090980,5,1,7.8,17,0.4717388573474702
Zm00001eb090990,6,1,5.666666666666667,17,0.2185095589654131
Zm00001eb091000,3,1,4.333333333333333,7,0.4680671371919109
Zm00001eb091060,5,1,16.6,53,0.5173686616237219
Zm00001eb091200,4,1,11.0,18,0.3883151416484875
Zm00001eb091240,4,1,8.75,11,0.404281138578461
Zm00001eb091250,3,1,10.666666666666666,18,1.7941313346500607
Zm00001eb091260,4,1,8.0,13,0.2035601114557557
Zm00001eb091360,7,2,8.75,16,1.4596623797965849
Zm00001eb091420,3,1,26.333333333333332,53,0.4058926937330867
Zm00001eb091540,4,1,16.5,37,0.4950264620416667
Zm00001eb091700,8,2,6.916666666666667,11,1.1113287830909797
Zm00001eb091720,5,2,15.0,29,0.6000796629710579
Zm00001eb091770,10,4,9.555555555555555,23,0.4150374992788438
Zm00001eb091780,9,2,8.5,22,0.1606404686844382
Zm00001eb091870,5,1,9.6,15,0.2496996226688781
Zm00001eb091920,9,2,9.8,25,1.5804815150631717
Zm00001eb091980,15,6,10.914285714285715,81,0.6962428678819116
Zm00001eb092040,4,1,4.25,14,0.6374335376163777
Zm00001eb092070,6,1,5.0,9,0.5498630083909287
Zm00001eb092090,7,2,12.0,31,0.3079747693493358
Zm00001eb092180,8,2,7.8,20,0.6279798087254636
Zm00001eb092220,6,1,10.666666666666666,18,0.5835096047596758
Zm00001eb092240,8,1,20.75,98,0.9184288030816098
Zm00001eb092280,9,2,7.6,18,0.4066589084338913
Zm00001eb092540,6,2,4.125,9,0.291323103079966
Zm00001eb092550,7,2,10.9,20,0.3723439430600427
Zm00001eb092570,4,2,15.428571428571429,28,0.2058097412197262
Zm00001eb092590,4,1,7.25,18,0.4218286355062545
Zm00001eb092610,6,2,15.8,28,0.340452863685302
Zm00001eb092660,15,8,9.05,41,1.115477217419936
Zm00001eb092670,10,3,9.222222222222221,21,0.8966708548492475
Zm00001eb092720,13,5,15.692307692307692,71,0.7304689365047282
Zm00001eb092730,10,2,13.5,63,0.2644626028744615
Zm00001eb092790,15,3,6.05,24,0.7104933828050153
Zm00001eb092870,2,1,4.0,8,0.4466124413923419
Zm00001eb092880,6,1,10.833333333333334,30,0.8371865769518261
Zm00001eb092890,10,3,7.785714285714286,19,0.4372658244141197
Zm00001eb092900,8,3,5.909090909090909,8,0.5327247681026147
Zm00001eb093090,13,3,9.8,58,0.975247925290752
Zm00001eb093120,17,5,11.172413793103448,28,0.3416303201119196
Zm00001eb093130,4,1,24.5,88,1.0412135414347892
Zm00001eb093140,14,6,10.631578947368421,36,1.0492247857585928
Zm00001eb093150,7,2,20.4,36,1.1342388041922749
Zm00001eb093210,7,2,14.9,53,0.6463192956431325
Zm00001eb093260,15,3,6.944444444444445,23,0.1610424009224436
Zm00001eb093270,16,5,9.882352941176471,34,0.2202912504161207
Zm00001eb093280,10,3,9.142857142857142,19,0.1305673537134246
Zm00001eb093290,7,1,8.857142857142858,30,0.2887208937418039
Zm00001eb093320,8,2,6.1,12,0.1736522770510581
Zm00001eb093400,10,2,6.583333333333333,17,0.5399490185220346
Zm00001eb093420,6,1,17.333333333333332,40,0.5465547021957406
Zm00001eb093430,9,2,6.7272727272727275,12,2.2262370184035345
Zm00001eb093440,8,4,8.833333333333334,34,1.649051411676144
Zm00001eb093500,14,6,12.25925925925926,65,1.0255685479729764
Zm00001eb093510,15,8,9.785714285714286,25,0.9300145585758328
Zm00001eb093540,11,3,7.611111111111111,20,0.3592265164533982
Zm00001eb093550,10,3,7.916666666666667,28,1.9708101032081624
Zm00001eb093580,11,5,14.107142857142858,38,2.441135033617745
Zm00001eb093590,4,1,8.5,12,0.3338147644860404
Zm00001eb093610,7,1,6.714285714285714,22,0.3950325329299423
Zm00001eb093630,5,1,6.8,11,1.1607954228948327
Zm00001eb093640,7,1,11.857142857142858,41,0.1621957770524033
Zm00001eb093650,14,5,11.23076923076923,36,0.8191486180519314
Zm00001eb093670,8,2,8.25,24,0.2259171961810722
Zm00001eb093750,12,3,9.05,24,0.3870627266647822
Zm00001eb093770,9,2,12.2,57,0.6720676198193756
Zm00001eb093800,10,2,7.571428571428571,19,0.5307756232099232
Zm00001eb093870,11,3,8.294117647058824,27,0.2534019530167432
Zm00001eb093900,15,4,8.052631578947368,24,0.3696289700474496
Zm00001eb093950,10,2,16.615384615384617,100,0.3360072581410646
Zm00001eb093970,8,2,12.416666666666666,23,0.2697380792532599
Zm00001eb093980,10,2,7.0,15,0.2164068211053938
Zm00001eb094000,11,3,13.23076923076923,78,0.2898111222727469
Zm00001eb094200,17,7,10.642857142857142,65,2.1117089042928794
Zm00001eb094220,7,2,6.363636363636363,9,0.21045080777963
Zm00001eb094240,8,2,8.11111111111111,19,0.6295062508795116
Zm00001eb094310,8,3,8.416666666666666,24,0.5197768978137469
Zm00001eb094340,4,1,13.75,28,0.4645100582381358
Zm00001eb094370,7,1,13.857142857142858,39,0.2471110384430858
Zm00001eb094400,5,1,18.6,32,0.1589000457521357
Zm00001eb094410,11,4,7.0,14,1.579440119422105
Zm00001eb094460,10,2,11.090909090909092,28,0.6631589419971868
Zm00001eb094520,7,1,6.571428571428571,11,0.3256324092607234
Zm00001eb094540,5,1,4.8,11,0.3922930100152449
Zm00001eb094550,10,2,8.0,16,1.3180714002017204
Zm00001eb094560,4,1,11.0,17,1.469047107268844
Zm00001eb094600,11,2,7.857142857142857,23,1.83122344353704
Zm00001eb094610,7,2,7.857142857142857,21,1.207444871539047
Zm00001eb094620,2,1,4.0,5,0.6527428433196832
Zm00001eb094670,5,2,12.0,25,0.331910961632424
Zm00001eb094680,12,4,5.555555555555555,15,0.942220722578014
Zm00001eb094710,10,3,13.0,90,1.0983336763761409
Zm00001eb094730,9,2,11.923076923076923,46,0.7384216171919337
Zm00001eb094740,8,2,12.75,31,1.7400894829705966
Zm00001eb094750,11,4,13.117647058823529,87,0.8514701244950728
Zm00001eb094860,6,2,8.0,14,1.5348659114604066
Zm00001eb094870,11,3,10.055555555555555,26,0.2758581419040765
Zm00001eb094890,9,2,6.0,16,0.5551107263695924
Zm00001eb094910,10,2,8.538461538461538,26,0.3088491205541318
Zm00001eb094940,7,1,8.0,14,0.5074618057889699
Zm00001eb095000,14,6,13.0,74,0.5592571791452944
Zm00001eb095010,7,1,5.428571428571429,26,3.938599455335857
Zm00001eb095030,11,2,11.857142857142858,41,1.1750420787967664
Zm00001eb095070,10,2,9.5,42,0.2116256507842885
Zm00001eb095080,5,1,8.8,14,1.1309211634834804
Zm00001eb095100,8,1,11.625,24,0.8948123769355659
Zm00001eb095110,6,1,8.5,20,1.027787411146761
Zm00001eb095200,9,3,8.4,31,0.6397713855862983
Zm00001eb095230,5,1,13.4,20,0.2938848281384312
Zm00001eb095260,12,3,10.705882352941176,23,0.2684009839023096
Zm00001eb095290,4,1,14.25,20,0.1784860340366925
Zm00001eb095330,11,1,5.2727272727272725,12,0.228299647898006
Zm00001eb095350,7,2,6.625,15,0.2215292767264789
Zm00001eb095530,8,1,12.25,23,0.7490477717347297
Zm00001eb095580,7,1,11.857142857142858,23,0.3219280948873623
Zm00001eb095630,2,1,11.0,13,0.5468628520098504
Zm00001eb095640,4,1,7.5,12,0.5638692222622307
Zm00001eb095690,4,1,11.75,21,0.6792511134350633
Zm00001eb095700,1,2,8.0,8,1.0115141481366887
Zm00001eb095730,4,1,14.75,39,0.3317354777113926
Zm00001eb095750,4,2,9.142857142857142,28,0.6172148013762428
Zm00001eb095770,6,1,6.333333333333333,16,0.3869923319387122
Zm00001eb095830,8,2,5.8,18,4.383295269076525
Zm00001eb095840,14,3,9.904761904761905,27,1.10025192048108
Zm00001eb095890,14,4,6.55,18,1.148799959052463
Zm00001eb095920,9,4,9.411764705882353,23,0.8030546624880216
Zm00001eb096040,7,1,16.428571428571427,44,0.2547443999649187
Zm00001eb096060,8,1,7.5,19,0.308658003703285
Zm00001eb096080,6,1,12.333333333333334,37,0.3024042962684387
Zm00001eb096340,10,2,10.5,31,0.3266098244802732
Zm00001eb096360,7,1,8.714285714285714,19,1.7660872118866218
Zm00001eb096390,5,1,7.6,16,4.101877915984651
Zm00001eb096480,9,2,10.5,35,1.2071654905255795
Zm00001eb096500,2,1,2.0,2,0.3614151154381813
Zm00001eb096510,11,2,11.470588235294118,26,0.3859335135645335
Zm00001eb096520,2,1,4.0,7,0.100858433112511
Zm00001eb096560,8,1,8.625,25,0.3219280948873624
Zm00001eb096590,7,1,5.714285714285714,14,0.453492679452087
Zm00001eb096610,6,2,9.625,16,0.2967112387257944
Zm00001eb096620,11,3,10.411764705882353,33,1.7414968809808302
Zm00001eb096680,11,4,10.157894736842104,53,0.4008598788975377
Zm00001eb096720,7,4,8.5,20,0.9080631768891714
Zm00001eb096820,6,1,13.0,26,0.8237210842002405
Zm00001eb096860,8,2,10.454545454545455,21,0.4505849950101489
Zm00001eb096870,5,1,6.2,10,0.108089234360479
Zm00001eb096890,9,2,13.636363636363637,38,0.2639187711504165
Zm00001eb096900,11,3,12.31578947368421,66,0.3697707230696555
Zm00001eb096920,4,1,8.75,21,0.2063591808747627
Zm00001eb096930,8,2,10.416666666666666,26,0.5653179194176947
Zm00001eb096940,14,5,10.5,42,1.262979052365335
Zm00001eb096950,14,6,9.515151515151516,23,0.8754135660224065
Zm00001eb096980,11,2,6.666666666666667,14,0.361529008229524
Zm00001eb097020,2,1,1.0,1,0.4150374992788437
Zm00001eb097030,14,3,12.678571428571429,33,0.2624036176939296
Zm00001eb097050,7,1,8.857142857142858,19,0.6343172783621035
Zm00001eb097080,7,1,6.428571428571429,13,0.2880524797759699
Zm00001eb097100,9,2,15.25,64,1.8660361129608771
Zm00001eb097160,4,1,11.25,16,0.9977510781420044
Zm00001eb097180,7,1,18.285714285714285,77,0.1649267416672339
Zm00001eb097220,13,4,6.833333333333333,34,0.3517070327907795
Zm00001eb097230,6,1,7.333333333333333,12,0.6444230201141028
Zm00001eb097290,7,1,8.857142857142858,24,0.2158732185041366
Zm00001eb097300,3,1,15.0,23,0.1644443477585662
Zm00001eb097310,9,2,9.9,21,0.4207123647464481
Zm00001eb097340,3,1,10.0,18,0.8172321879286953
Zm00001eb097360,9,4,9.9375,21,0.1089884620973516
Zm00001eb097480,4,1,8.75,13,0.5680079758015708
Zm00001eb097550,2,1,1.5,3,1.6342328500447885
Zm00001eb097690,14,4,6.818181818181818,17,0.4573771942804196
Zm00001eb097710,7,1,7.0,11,0.9741714019286136
Zm00001eb097780,4,1,6.0,9,0.7190108261286982
Zm00001eb097800,2,1,8.0,12,1.2409857843625152
Zm00001eb097930,3,1,6.0,9,0.2984891767829094
Zm00001eb097940,14,3,8.814814814814815,31,0.3647738434245176
Zm00001eb097950,8,3,11.272727272727273,29,1.18375645197701
Zm00001eb097990,11,3,8.076923076923077,20,0.4256384920183381
Zm00001eb098030,6,1,8.333333333333334,22,0.1749500806025918
Zm00001eb098070,13,6,8.228571428571428,33,0.7361650514515445
Zm00001eb098080,4,1,8.0,12,1.4948164097972687
Zm00001eb098120,8,2,5.0,21,0.7369655941662062
Zm00001eb098150,10,3,15.5,119,1.0078256359286308
Zm00001eb098190,4,1,5.5,13,1.438979315056309
Zm00001eb098230,5,2,8.333333333333334,23,0.3306351438689131
Zm00001eb098330,13,4,7.25,12,1.2257660655654945
Zm00001eb098370,13,4,8.35,39,0.7945710123102777
Zm00001eb098390,6,1,34.0,124,0.6374299206152919
Zm00001eb098430,5,1,10.4,26,0.8513203248854253
Zm00001eb098450,4,1,7.0,12,0.1540586802182352
Zm00001eb098490,2,1,8.0,10,0.4136050470231041
Zm00001eb098510,9,2,7.75,15,0.1928569690681531
Zm00001eb098520,15,4,9.157894736842104,51,0.3693234778053166
Zm00001eb098540,13,3,12.833333333333334,81,0.1768381533807995
Zm00001eb098570,13,3,7.7894736842105265,17,0.5742461373239496
Zm00001eb098580,7,2,11.333333333333334,20,0.4106416361476788
Zm00001eb098590,7,2,12.375,17,0.3063101009578203
Zm00001eb098610,5,1,9.4,21,1.0656504380487135
Zm00001eb098640,12,3,6.375,13,0.694445106502465
Zm00001eb098650,6,2,11.222222222222221,29,0.6977812944643236
Zm00001eb098670,15,9,7.92,33,0.8171596141568199
Zm00001eb098700,18,5,7.285714285714286,22,0.9446214285294322
Zm00001eb098710,12,2,6.933333333333334,16,0.7047669251391314
Zm00001eb098730,17,7,4.857142857142857,16,1.0397152173844508
Zm00001eb098760,5,2,8.666666666666666,19,0.9757723622854564
Zm00001eb098850,6,1,7.666666666666667,12,0.6533160989601858
Zm00001eb098860,8,3,5.181818181818182,15,0.5878205420794551
Zm00001eb098880,16,6,9.756756756756756,44,0.3077199524525169
Zm00001eb098900,8,1,9.875,31,0.9542975213813892
Zm00001eb098910,12,5,6.052631578947368,19,0.3296535073068115
Zm00001eb098940,3,1,15.666666666666666,21,0.7350947071074003
Zm00001eb098970,12,4,8.380952380952381,22,0.1594033886787984
Zm00001eb099020,14,7,6.444444444444445,14,1.867629073221858
Zm00001eb099030,11,4,14.571428571428571,53,0.8505895533678375
Zm00001eb099080,6,1,9.666666666666666,24,0.5408256874417665
Zm00001eb099090,8,1,8.125,20,0.3334099551758177
Zm00001eb099240,10,2,14.166666666666666,69,0.3043741957435464
Zm00001eb099250,14,6,8.181818181818182,21,0.4699775415253976
Zm00001eb099300,3,1,19.333333333333332,31,0.2550225097247516
Zm00001eb099320,8,2,6.2,14,0.7570905804841185
Zm00001eb099420,11,2,10.928571428571429,58,2.4341031917861233
Zm00001eb099440,6,2,24.0,72,0.4936869053118492
Zm00001eb099460,6,1,10.666666666666666,34,2.6029553888127004
Zm00001eb099470,7,1,10.714285714285714,45,0.4987140583558571
Zm00001eb099480,5,1,5.8,9,0.2323732013370194
Zm00001eb099490,8,2,7.3,14,0.6356269192562145
Zm00001eb099530,12,4,10.380952380952381,31,0.8452454228358915
Zm00001eb099540,4,1,10.0,31,3.7516886557556575
Zm00001eb099550,4,1,9.5,17,0.7662569841745381
Zm00001eb099570,11,2,6.583333333333333,20,0.7370860212820236
Zm00001eb099580,9,2,16.0,103,0.1836171188217625
Zm00001eb099590,7,1,12.285714285714286,26,0.2975450073578786
Zm00001eb099600,5,1,6.2,14,0.4062014854430969
Zm00001eb099620,12,2,6.266666666666667,15,0.8534890320505473
Zm00001eb099640,9,3,8.923076923076923,21,0.7141981931862832
Zm00001eb099670,9,2,7.181818181818182,21,0.5417212166232673
Zm00001eb099720,5,1,7.2,11,1.1489451077159027
Zm00001eb099810,10,3,7.846153846153846,24,1.1120043525843195
Zm00001eb099820,10,3,8.882352941176471,29,0.5787636850956361
Zm00001eb099850,7,1,6.571428571428571,15,0.3039958219098702
Zm00001eb099900,9,1,7.555555555555555,12,1.69161174430753
Zm00001eb099910,10,3,14.357142857142858,64,2.176472409867661
Zm00001eb099920,12,4,9.095238095238095,30,0.5038790553237626
Zm00001eb099930,12,5,11.5,37,1.3151483865945994
Zm00001eb100000,12,3,10.5,31,0.9956581270416072
Zm00001eb100010,10,3,6.076923076923077,16,0.8479969065549501
Zm00001eb100020,16,7,7.439024390243903,24,2.425662355167145
Zm00001eb100050,18,13,8.412698412698413,44,1.3470436224976552
Zm00001eb100060,17,10,7.0,17,0.5231529583767766
Zm00001eb100100,2,1,2.0,4,0.3139358842231496
Zm00001eb100110,12,3,10.45,33,0.603150385673269
Zm00001eb100130,9,1,6.222222222222222,27,0.7027449406003801
Zm00001eb100140,10,3,5.666666666666667,14,0.8317254419451973
Zm00001eb100180,14,7,8.863636363636363,27,0.5746835567420229
Zm00001eb100190,9,2,19.333333333333332,87,0.3922141250827957
Zm00001eb100210,10,2,6.1,15,0.1520030934450499
Zm00001eb100220,5,1,6.0,12,0.9712679229651986
Zm00001eb100250,9,1,3.2222222222222223,5,0.5897783951678034
Zm00001eb100310,5,1,6.2,11,1.2037836556654795
Zm00001eb100350,12,2,4.846153846153846,13,0.9706242834668346
Zm00001eb100360,15,5,7.216216216216216,12,1.530789226514114
Zm00001eb100380,5,1,9.6,19,1.1559962181812784
Zm00001eb100440,16,7,7.4186046511627906,21,0.3746072214779922
Zm00001eb100450,12,5,10.727272727272727,52,0.6294950126408837
Zm00001eb100460,5,1,3.8,7,0.6720919945670492
Zm00001eb100530,3,1,7.333333333333333,10,0.4224417528231497
Zm00001eb100540,7,1,14.0,39,0.8751746202026829
Zm00001eb100550,7,1,14.0,39,0.2287904405609818
Zm00001eb100600,7,1,24.428571428571427,129,0.338704517048588
Zm00001eb100620,9,2,6.166666666666667,20,1.276942045146077
Zm00001eb100690,13,5,8.545454545454545,14,1.1163902546783355
Zm00001eb100710,16,5,9.882352941176471,40,0.1982109105557484
Zm00001eb100720,14,4,6.217391304347826,19,0.5348805394490705
Zm00001eb100750,17,6,8.422222222222222,42,0.4329294668481851
Zm00001eb100770,5,1,15.0,27,0.4519516842490443
Zm00001eb100800,9,4,7.125,24,0.458539586616714
Zm00001eb100820,12,3,9.181818181818182,33,1.986636583288626
Zm00001eb100840,9,2,10.0,22,1.965273694775668
Zm00001eb100880,5,1,11.0,31,1.1665313692948789
Zm00001eb100890,5,1,5.2,11,0.8144472895354923
Zm00001eb100900,14,4,10.523809523809524,45,0.5605367494107406
Zm00001eb100920,5,1,5.6,12,0.2677720040919183
Zm00001eb100930,4,1,16.5,43,0.8341667801763945
Zm00001eb100940,10,2,8.272727272727273,30,0.6850479299674913
Zm00001eb100950,15,5,6.681818181818182,25,0.8660604703153748
Zm00001eb100960,5,1,6.0,13,0.6179957945948262
Zm00001eb100980,4,1,7.5,14,0.3488076552609469
Zm00001eb101050,2,1,11.0,17,0.4912410575206492
Zm00001eb101080,3,1,4.666666666666667,8,0.2550990561694833
Zm00001eb101100,9,2,11.0,48,0.7741131199561248
Zm00001eb101120,10,3,14.904761904761905,41,0.612739322040682
Zm00001eb101130,8,2,14.777777777777779,61,0.7323500891094857
Zm00001eb101150,13,7,6.458333333333333,15,1.7366031902649264
Zm00001eb101170,7,1,8.714285714285714,17,0.4875249553032186
Zm00001eb101180,10,1,12.8,58,0.6122966868779741
Zm00001eb101200,9,2,8.818181818181818,28,0.2510820300851551
Zm00001eb101270,10,3,13.785714285714286,59,0.3269738095766042
Zm00001eb101280,9,3,14.076923076923077,42,0.4871944006071455
Zm00001eb101410,10,3,7.9411764705882355,16,0.3775499622926085
Zm00001eb101440,6,1,7.166666666666667,13,0.2875458381081881
Zm00001eb101450,12,3,7.9,22,0.4898217839867049
Zm00001eb101470,6,1,4.0,19,0.5056456712807711
Zm00001eb101480,12,3,7.133333333333334,23,0.4796623497887569
Zm00001eb101530,5,1,11.4,21,0.5368484800928546
Zm00001eb101580,13,4,9.833333333333334,25,0.0
Zm00001eb101630,13,3,13.909090909090908,63,0.9967405917778108
Zm00001eb101660,7,2,10.25,39,0.2200934415625561
Zm00001eb101670,10,3,8.944444444444445,23,0.3140568333010965
Zm00001eb101680,15,4,7.222222222222222,19,1.1942330811997208
Zm00001eb101700,12,3,9.944444444444445,31,0.6645321591187313
Zm00001eb101710,16,4,13.620689655172415,67,0.618473759450103
Zm00001eb101770,8,2,10.7,41,1.7936549557771553
Zm00001eb101780,6,1,8.0,18,0.27626623224245
Zm00001eb101800,8,2,3.6666666666666665,19,6.467742857659136
Zm00001eb101840,12,4,13.777777777777779,61,0.4150088256501142
Zm00001eb101860,9,3,9.153846153846153,27,0.8725770306189723
Zm00001eb101880,5,1,15.2,50,0.3054720564712665
Zm00001eb101890,9,3,10.0,19,1.7576728314688053
Zm00001eb101920,11,3,18.36842105263158,76,3.093896109697008
Zm00001eb101930,9,2,8.25,15,1.247503818733596
Zm00001eb101940,10,2,9.833333333333334,50,0.3274898513491535
Zm00001eb101950,7,2,8.125,13,0.394990696640447
Zm00001eb101980,12,3,8.833333333333334,24,0.4806804867488573
Zm00001eb101990,5,1,11.8,22,0.3255219903412063
Zm00001eb102030,4,1,5.0,9,0.8508069244836982
Zm00001eb102050,16,8,13.886363636363637,71,0.320208641302252
Zm00001eb102070,5,1,3.6,7,0.9779736936700012
Zm00001eb102170,10,2,7.416666666666667,15,0.935786407296146
Zm00001eb102200,7,1,19.285714285714285,39,0.4467631244144583
Zm00001eb102210,11,3,9.375,19,0.2200462148457638
Zm00001eb102230,2,1,19.0,30,0.5689259629906153
Zm00001eb102240,3,1,6.0,9,0.5514262629717942
Zm00001eb102250,7,2,8.285714285714286,19,0.3766729994244044
Zm00001eb102260,7,1,9.428571428571429,37,1.712530525032635
Zm00001eb102290,6,1,7.0,26,2.4825746550354992
Zm00001eb102310,10,2,9.384615384615385,24,0.3435945859618461
Zm00001eb102360,6,1,12.0,22,0.4817467584996304
Zm00001eb102380,1,1,5.0,5,0.0895861044177751
Zm00001eb102470,5,1,8.0,13,0.6755956001021102
Zm00001eb102490,6,1,7.833333333333333,21,3.780405805799673
Zm00001eb102500,6,1,9.833333333333334,25,0.3740130015005947
Zm00001eb102520,14,5,9.633333333333333,36,0.3763480174701989
Zm00001eb102530,3,1,11.0,18,0.5076229242458206
Zm00001eb102540,16,7,8.114285714285714,19,1.4198545557798494
Zm00001eb102550,16,8,9.581395348837209,35,0.3925973160899614
Zm00001eb102560,8,2,9.0,24,0.244251075177005
Zm00001eb102640,6,1,7.666666666666667,12,0.976197952394446
Zm00001eb102710,4,1,7.75,12,0.1990803332215075
Zm00001eb102720,8,2,5.181818181818182,9,0.3281017774656956
Zm00001eb102760,7,1,10.142857142857142,38,0.2148201889099513
Zm00001eb102780,7,2,5.571428571428571,10,0.5538126036174001
Zm00001eb102800,11,5,14.210526315789474,77,1.094961002799952
Zm00001eb102830,16,6,9.857142857142858,32,0.4212660157334361
Zm00001eb102840,6,1,10.0,31,0.620980837596848
Zm00001eb102850,15,8,10.13953488372093,23,0.5333826041272918
Zm00001eb102880,3,1,10.333333333333334,18,1.760151611630139
Zm00001eb102920,14,8,9.051282051282051,48,1.4527496973764429
Zm00001eb102930,17,10,8.296296296296296,67,0.3106096721270108
Zm00001eb102970,15,9,8.738095238095237,34,0.4368697360298825
Zm00001eb103040,11,3,9.4,16,0.8582051445298653
Zm00001eb103060,6,1,8.0,30,0.3755018949639015
Zm00001eb103070,6,1,8.0,30,0.452163814913247
Zm00001eb103080,9,2,18.5,83,0.1763825045365524
Zm00001eb103090,8,1,8.25,20,0.5400010785136587
Zm00001eb103110,14,7,8.514285714285714,26,0.5775594860424397
Zm00001eb103160,6,1,7.0,11,0.3345062860628761
Zm00001eb103200,14,5,9.5,30,1.5083631003897429
Zm00001eb103210,8,2,18.3,74,0.5206110503837628
Zm00001eb103220,8,2,10.5,28,0.8749823694458546
Zm00001eb103260,4,1,11.0,29,0.3316157399610617
Zm00001eb103310,13,3,6.866666666666666,18,0.4041696169916154
Zm00001eb103320,12,2,9.466666666666667,31,0.5678361865169858
Zm00001eb103330,10,3,9.0,37,0.766694688348641
Zm00001eb103380,15,4,9.708333333333334,31,1.2422234522484863
Zm00001eb103400,10,2,6.363636363636363,17,0.341942711056968
Zm00001eb103410,11,3,7.722222222222222,21,0.880224693558524
Zm00001eb103490,14,7,10.28888888888889,25,0.2802251175291239
Zm00001eb103500,8,3,7.076923076923077,20,0.2765727484160409
Zm00001eb103510,2,1,9.0,9,0.5063594854353465
Zm00001eb103540,6,1,9.666666666666666,25,0.2908365487814772
Zm00001eb103560,7,1,8.571428571428571,29,0.1872757333786518
Zm00001eb103570,4,1,17.0,27,0.270728840698399
Zm00001eb103610,8,1,11.125,24,0.253217330770277
Zm00001eb103630,9,2,7.2,15,0.3038243115277715
Zm00001eb103740,8,1,12.375,43,0.2543202675663835
Zm00001eb103760,5,1,8.8,18,0.1652089844029263
Zm00001eb103880,8,2,12.818181818181818,49,0.8849476751063357
Zm00001eb103890,4,1,5.75,15,0.2331994484585478
Zm00001eb103960,10,2,10.363636363636363,24,0.4078874897383233
Zm00001eb103980,10,2,10.363636363636363,24,0.7470275313082877
Zm00001eb103990,4,1,11.0,32,0.5620981035582033
Zm00001eb104090,16,6,7.2105263157894735,21,0.7702446742800974
Zm00001eb104130,3,1,9.333333333333334,16,0.5264253312429056
Zm00001eb104190,5,2,10.142857142857142,23,0.4515441827150807
Zm00001eb104210,10,2,11.090909090909092,44,0.5309535332213438
Zm00001eb104220,9,2,10.8,38,0.3319095597795687
Zm00001eb104250,7,1,10.714285714285714,19,1.5092171582096008
Zm00001eb104260,5,1,6.4,18,0.3816555410861365
Zm00001eb104270,6,1,10.166666666666666,31,0.6391452638399879
Zm00001eb104290,7,1,7.714285714285714,24,0.1367528191362915
Zm00001eb104300,7,1,6.285714285714286,22,1.28122929256573
Zm00001eb104380,11,4,13.0,29,0.9442144868350804
Zm00001eb104460,7,2,9.777777777777779,16,0.2054826712847212
Zm00001eb104470,7,1,6.714285714285714,16,1.3285561432384958
Zm00001eb104510,10,2,4.153846153846154,8,0.351928747785458
Zm00001eb104520,4,1,7.0,9,0.2061252999030358
Zm00001eb104590,12,3,12.052631578947368,44,0.7056371426671694
Zm00001eb104610,11,5,8.478260869565217,19,0.6950715526217018
Zm00001eb104630,9,2,9.727272727272727,30,0.2702116577249183
Zm00001eb104660,15,9,11.69811320754717,38,0.2872981249842931
Zm00001eb104670,3,1,7.333333333333333,15,0.5670623403400006
Zm00001eb104680,11,3,5.222222222222222,18,1.1193943279153395
Zm00001eb104690,10,3,19.823529411764707,105,0.2474076258559067
Zm00001eb104710,12,4,10.833333333333334,42,1.0131389932326254
Zm00001eb104740,16,7,8.829268292682928,27,1.5662745330585972
Zm00001eb104750,9,2,10.1,19,0.3938187012905522
Zm00001eb104780,12,5,10.03448275862069,28,0.3870599223482684
Zm00001eb104790,8,1,10.0,21,0.2583890423129971
Zm00001eb104810,5,1,8.0,20,0.4424297003468921
Zm00001eb104830,5,1,15.8,25,0.6617000552665372
Zm00001eb104840,7,2,10.666666666666666,30,0.567720138969506
Zm00001eb104860,7,3,12.823529411764707,29,0.3285356536794969
Zm00001eb104880,7,1,11.571428571428571,19,0.760568158702394
Zm00001eb104900,12,6,7.290322580645161,36,0.1671751978838916
Zm00001eb104950,7,1,7.285714285714286,14,0.5855620586608631
Zm00001eb104960,9,2,7.454545454545454,12,0.2176565515093729
Zm00001eb104970,5,1,8.2,18,0.800587909439047
Zm00001eb104980,3,1,5.0,10,0.7114253687154881
Zm00001eb105020,6,1,7.5,22,0.2871749803013139
Zm00001eb105060,6,2,11.428571428571429,25,0.5305104364406491
Zm00001eb105070,4,2,4.714285714285714,8,0.4675767637052597
Zm00001eb105090,5,1,4.8,8,0.7843846168230876
Zm00001eb105110,4,1,22.75,77,0.778973186556589
Zm00001eb105290,6,1,10.833333333333334,16,0.5430313378051126
Zm00001eb105300,5,1,7.2,16,0.2592160741901961
Zm00001eb105360,11,4,10.25,31,1.009301160846957
Zm00001eb105390,3,1,8.0,11,1.501561859291731
Zm00001eb105420,7,2,10.88888888888889,24,0.1802103387635709
Zm00001eb105540,4,1,8.75,21,0.0583150262775933
Zm00001eb105550,7,1,6.428571428571429,19,0.2571025818286888
Zm00001eb105590,13,4,7.95,20,1.950349682636674
Zm00001eb105610,10,2,11.583333333333334,32,0.6100249995192292
Zm00001eb105680,11,3,4.857142857142857,13,0.3664562418333935
Zm00001eb105710,11,1,6.090909090909091,14,0.155965743966629
Zm00001eb105730,9,1,12.333333333333334,41,0.3219840991759353
Zm00001eb105740,7,2,8.9,22,0.5985378730194274
Zm00001eb105750,8,2,8.333333333333334,20,0.3552140086050346
Zm00001eb105770,4,1,9.25,14,0.3887896813348535
Zm00001eb105780,8,3,22.23076923076923,101,0.5452851216093296
Zm00001eb105790,2,1,6.0,9,0.3604491202931013
Zm00001eb105800,6,1,5.833333333333333,8,0.8561669172509682
Zm00001eb105810,9,3,8.933333333333334,24,0.539164302157542
Zm00001eb105820,11,3,8.3,19,0.664724591516599
Zm00001eb105830,9,2,9.363636363636363,18,0.2076585853816445
Zm00001eb105850,5,2,11.2,35,0.371954808804223
Zm00001eb105880,9,1,7.333333333333333,12,0.3801795807549734
Zm00001eb105890,12,2,4.714285714285714,11,0.4225194582707797
Zm00001eb105960,3,1,5.333333333333333,8,0.6032510942826887
Zm00001eb105970,13,8,9.722222222222221,25,0.3782699448617297
Zm00001eb106020,15,7,11.357142857142858,37,0.7275130082489697
Zm00001eb106040,7,2,15.125,53,0.4002826596892001
Zm00001eb106050,7,1,8.142857142857142,21,0.3113505947092401
Zm00001eb106060,8,2,9.727272727272727,29,0.5945262692974701
Zm00001eb106140,3,1,6.0,10,0.4253770867918901
Zm00001eb106150,9,1,6.666666666666667,13,0.2195560282631855
Zm00001eb106160,9,2,8.555555555555555,19,0.3906106052521369
Zm00001eb106180,7,2,9.1,25,0.2922302732634297
Zm00001eb106230,12,3,9.68421052631579,20,0.3802896352406533
Zm00001eb106250,13,6,10.148148148148149,24,1.6155370921845256
Zm00001eb106290,14,4,7.958333333333333,33,0.5348509788906118
Zm00001eb106300,5,1,4.2,5,3.7380898882632434
Zm00001eb106320,14,3,8.826086956521738,67,0.7943298526608719
Zm00001eb106360,6,1,14.5,28,0.19562130617454
Zm00001eb106370,7,2,5.5,10,0.4614300614106686
Zm00001eb106380,3,1,2.6666666666666665,4,0.7825536984258136
Zm00001eb106410,5,2,9.4,13,0.8057033084878105
Zm00001eb106420,11,5,7.833333333333333,20,1.2953648311380106
Zm00001eb106430,15,9,8.186046511627907,29,0.3235872994003414
Zm00001eb106440,4,1,6.25,10,0.5695479514078136
Zm00001eb106450,9,3,6.916666666666667,21,0.4030608992412767
Zm00001eb106460,5,2,14.285714285714286,33,0.5148392032720124
Zm00001eb106490,8,2,8.11111111111111,16,0.1764815344441122
Zm00001eb106500,9,2,10.6875,24,0.3161222869002999
Zm00001eb106510,7,2,10.0,17,1.8275343447723027
Zm00001eb106530,6,1,5.833333333333333,13,0.3358184314644133
Zm00001eb106580,7,1,7.428571428571429,18,0.2783891837230263
Zm00001eb106650,5,1,10.6,16,1.475321187646924
Zm00001eb106680,15,9,8.72340425531915,22,0.1042173973893061
Zm00001eb106720,10,2,6.0,13,0.2955794070065316
Zm00001eb106740,12,3,6.625,29,0.2002088977639821
Zm00001eb106750,11,3,5.571428571428571,13,1.5934199286742277
Zm00001eb106760,5,1,9.2,15,1.12988028254691
Zm00001eb106770,6,2,5.444444444444445,13,0.3538850878980474
Zm00001eb106810,9,2,12.727272727272727,36,0.2933021342891692
Zm00001eb106830,8,2,3.5,9,0.2322103081355153
Zm00001eb106840,9,3,11.866666666666667,23,0.6543648740148801
Zm00001eb106850,4,1,11.75,25,1.8432605984019963
Zm00001eb106870,4,1,39.25,140,0.5849625007211562
Zm00001eb106890,13,3,7.5,20,0.2448833350279295
Zm00001eb106900,14,5,8.827586206896552,22,0.3659411564701116
Zm00001eb106910,11,3,12.0,44,0.8305906157324805
Zm00001eb106920,4,2,4.0,6,0.6904932898942996
Zm00001eb106940,12,3,9.631578947368421,21,0.3384202477413673
Zm00001eb106950,14,5,13.592592592592593,56,0.8443812122859653
Zm00001eb106990,5,1,8.2,13,0.9894371233148748
Zm00001eb107010,12,2,12.25,51,0.9793169033017692
Zm00001eb107050,12,2,12.1875,44,0.8527916285493587
Zm00001eb107130,16,6,5.71875,14,0.3259458156764491
Zm00001eb107160,7,1,14.571428571428571,56,0.8432948594484915
Zm00001eb107170,10,3,11.4,56,0.1887736282470976
Zm00001eb107180,10,3,4.857142857142857,9,0.2599078178520702
Zm00001eb107210,6,1,7.166666666666667,19,0.3555786814767184
Zm00001eb107220,9,2,7.7,19,0.1928690419375321
Zm00001eb107230,15,6,7.6,26,1.077121490425024
Zm00001eb107270,12,5,8.321428571428571,18,0.768566308222325
Zm00001eb107280,13,6,7.125,21,0.5574189026294306
Zm00001eb107360,9,2,11.0,29,1.0021675044954992
Zm00001eb107400,6,1,16.833333333333332,54,0.4044392422329864
Zm00001eb107420,8,3,9.153846153846153,16,0.8114514619312299
Zm00001eb107450,10,3,6.0,11,4.614709844115208
Zm00001eb107490,8,2,10.444444444444445,31,0.9523394141573804
Zm00001eb107520,4,1,7.75,14,0.158971881191145
Zm00001eb107540,3,1,5.333333333333333,6,0.2693416321868602
Zm00001eb107560,8,1,8.25,32,0.1932388384026768
Zm00001eb107620,8,3,8.083333333333334,15,0.2926883367741608
Zm00001eb107630,9,2,8.214285714285714,28,0.970084728789898
Zm00001eb107640,15,8,8.214285714285714,28,0.4233555125675057
Zm00001eb107670,4,1,9.0,20,0.9860317878092592
Zm00001eb107690,4,1,9.75,28,0.4278903364510374
Zm00001eb107700,8,2,12.88888888888889,53,0.5113419191197768
Zm00001eb107710,5,2,15.166666666666666,25,0.3898342113489207
Zm00001eb107890,6,1,6.166666666666667,18,1.4621091745592032
Zm00001eb107900,5,2,9.8,31,0.4052765994194699
Zm00001eb107910,12,4,10.73913043478261,30,0.403727159755213
Zm00001eb107920,6,1,8.333333333333334,20,0.1275824523106771
Zm00001eb107930,6,1,5.666666666666667,11,0.1701451111451503
Zm00001eb107970,6,1,20.5,75,0.2835250357257889
Zm00001eb107980,14,3,10.25,36,0.1101937001138191
Zm00001eb107990,7,2,6.666666666666667,14,0.7872104963838467
Zm00001eb108030,10,3,10.409090909090908,26,0.3085394934094311
Zm00001eb108040,5,2,7.857142857142857,15,0.7593204120651182
Zm00001eb108100,7,1,12.285714285714286,30,0.545090055007777
Zm00001eb108120,16,7,6.976744186046512,21,0.1473728452702126
Zm00001eb108170,8,1,8.5,24,0.369093866317129
Zm00001eb108240,10,3,8.909090909090908,29,1.2287771574182451
Zm00001eb108270,6,1,7.666666666666667,12,0.5919931665391571
Zm00001eb108280,12,4,8.476190476190476,50,0.8404901663900404
Zm00001eb108300,14,5,12.192307692307692,42,1.0
Zm00001eb108320,10,3,7.6875,14,1.5940803877258432
Zm00001eb108340,15,5,5.741935483870968,19,0.8643856189774726
Zm00001eb108350,8,1,8.625,14,1.0608441715360009
Zm00001eb108360,8,3,10.833333333333334,36,0.9341431368216248
Zm00001eb108390,14,4,9.318181818181818,18,0.7072897924198385
Zm00001eb108410,10,1,11.3,26,0.1726367821948918
Zm00001eb108420,15,5,9.407407407407407,34,0.2785494606161205
Zm00001eb108440,11,5,13.833333333333334,66,0.3171133424599492
Zm00001eb108460,5,1,8.2,20,0.5650489617901867
Zm00001eb108530,5,1,3.4,7,1.1824897467344324
Zm00001eb108570,14,3,9.0,61,0.2411419506093064
Zm00001eb108590,6,1,9.333333333333334,13,0.6870923853456345
Zm00001eb108600,8,2,8.1,20,0.6499590431045456
Zm00001eb108610,16,8,10.92156862745098,58,0.2092250877372984
Zm00001eb108620,14,6,8.064516129032258,52,0.1997291306548185
Zm00001eb108640,8,2,11.25,52,1.012837106953926
Zm00001eb108660,8,2,7.8,18,2.222896130022164
Zm00001eb108690,8,2,8.636363636363637,24,0.3684260727892631
Zm00001eb108730,9,3,11.733333333333333,28,0.2685625942850413
Zm00001eb108760,8,1,7.375,16,0.9122757674369316
Zm00001eb108800,11,3,6.333333333333333,20,1.1929189327737604
Zm00001eb108840,2,1,50.0,99,0.3965680064024349
Zm00001eb108850,8,2,11.4,16,0.7564203940554359
Zm00001eb108910,8,1,5.25,14,0.7005100519688595
Zm00001eb108920,11,3,9.411764705882353,19,0.4703993723802345
Zm00001eb109030,2,1,4.5,8,0.2903387342278821
Zm00001eb109040,8,2,6.3,11,0.3270521955465139
Zm00001eb109110,12,2,6.846153846153846,22,0.604244890531549
Zm00001eb109290,5,1,6.6,12,0.3918436820502425
Zm00001eb109330,6,1,5.166666666666667,10,0.1557544882161189
Zm00001eb109340,6,1,5.166666666666667,10,0.502031841765917
Zm00001eb109360,5,1,7.4,16,0.5990707415055571
Zm00001eb109370,13,5,10.483870967741936,33,0.8209746581846195
Zm00001eb109390,15,6,8.818181818181818,27,3.758215276250074
Zm00001eb109400,17,6,10.945945945945946,70,0.6337640490154587
Zm00001eb109480,9,4,4.9375,17,1.0986920760265395
Zm00001eb109490,11,3,7.733333333333333,18,0.6454836798485655
Zm00001eb109500,13,4,10.933333333333334,41,1.202105396335619
Zm00001eb109520,8,2,14.545454545454545,54,0.5331505454104479
Zm00001eb109570,5,1,8.6,14,0.4442476669205596
Zm00001eb109610,7,1,18.0,80,0.1574297910505268
Zm00001eb109620,10,4,9.3125,24,0.2619045954431105
Zm00001eb109640,14,5,11.580645161290322,42,0.4211502622595696
Zm00001eb109660,14,3,10.105263157894736,50,0.4371574968689166
Zm00001eb109690,9,3,3.8461538461538463,10,0.4262399633507118
Zm00001eb109710,3,1,22.666666666666668,53,0.4067615103167485
Zm00001eb109740,2,1,5.5,8,2.169925001442312
Zm00001eb109770,5,1,5.0,12,0.5053782946562689
Zm00001eb109780,12,2,7.333333333333333,24,0.2449929815748876
Zm00001eb109790,10,4,9.894736842105264,27,0.4438681554158689
Zm00001eb109800,10,3,8.666666666666666,27,0.9760477951136256
Zm00001eb109820,1,1,39.0,39,0.3211709374408534
Zm00001eb109830,3,1,34.666666666666664,96,0.3534168399679352
Zm00001eb109860,6,3,11.555555555555555,18,1.0651495999411835
Zm00001eb109870,13,4,4.9,10,0.4907492813188345
Zm00001eb109880,9,4,4.1875,10,0.5002711147945199
Zm00001eb109890,7,2,7.0,12,0.5627920692673007
Zm00001eb109900,9,3,14.692307692307692,31,0.274660623342062
Zm00001eb109970,11,2,8.066666666666666,19,0.4349446339890267
Zm00001eb110020,17,7,9.3,30,1.6881520459040071
Zm00001eb110040,9,3,6.333333333333333,14,0.8145375464815963
Zm00001eb110050,13,9,6.743589743589744,20,0.7539671132899056
Zm00001eb110060,10,3,6.45,28,0.7793025461610978
Zm00001eb110070,8,1,6.75,17,0.5329618248859229
Zm00001eb110080,13,6,12.766666666666667,74,0.2713123450803833
Zm00001eb110100,9,1,8.0,18,0.3765763614645172
Zm00001eb110130,6,1,4.666666666666667,8,0.7898740751466278
Zm00001eb110140,11,4,9.157894736842104,24,1.2533153414544072
Zm00001eb110160,16,4,15.206896551724139,120,0.1655718342537777
Zm00001eb110240,9,1,5.111111111111111,14,0.4907480711058681
Zm00001eb110270,8,2,11.88888888888889,50,1.015618055312926
Zm00001eb110280,14,5,6.608695652173913,25,0.3541286906592373
Zm00001eb110300,14,4,6.95,19,0.8982961336358495
Zm00001eb110330,7,2,8.5,21,0.3209031418609145
Zm00001eb110340,8,2,7.111111111111111,12,0.5802352046440027
Zm00001eb110350,6,1,10.166666666666666,16,0.4610423001556536
Zm00001eb110370,7,1,13.142857142857142,61,0.6150894728880543
Zm00001eb110390,10,2,9.461538461538462,24,0.605253320073326
Zm00001eb110400,3,1,3.3333333333333335,4,0.7523352677759949
Zm00001eb110450,8,2,7.363636363636363,14,0.9866780684519209
Zm00001eb110520,6,1,12.333333333333334,42,0.3573896733629518
Zm00001eb110530,7,1,9.428571428571429,20,0.2173376272880278
Zm00001eb110540,5,1,12.0,23,0.2886429035910058
Zm00001eb110580,11,5,9.375,34,0.2492513607468014
Zm00001eb110600,9,1,5.222222222222222,17,0.3962011512736975
Zm00001eb110610,9,2,9.444444444444445,29,0.3165481223732215
Zm00001eb110620,17,8,10.621621621621621,51,0.8792470417290418
Zm00001eb110630,17,8,10.767441860465116,51,0.8302761183264633
Zm00001eb110640,9,2,8.9,14,0.5364608102037668
Zm00001eb110650,7,1,8.285714285714286,31,0.224051435928469
Zm00001eb110660,11,2,8.733333333333333,28,0.3335704034204801
Zm00001eb110670,9,5,10.4,31,1.2122489142639552
Zm00001eb110680,10,6,8.8,22,0.4203191396298181
Zm00001eb110710,8,3,9.428571428571429,19,0.3593051480959897
Zm00001eb110720,6,1,9.833333333333334,34,1.2043814748660449
Zm00001eb110740,13,3,5.894736842105263,20,1.0665732310400715
Zm00001eb110760,9,2,9.1,20,0.7792594814280395
Zm00001eb110810,14,5,8.194444444444445,26,0.1576483673365123
Zm00001eb110820,16,4,9.666666666666666,81,0.2783048276462094
Zm00001eb110830,3,1,1.6666666666666667,3,1.1699250014423124
Zm00001eb110880,12,4,8.61111111111111,21,0.7131616072001274
Zm00001eb110890,8,1,6.375,14,0.6479518502517531
Zm00001eb110910,8,1,17.375,65,0.3841534334309942
Zm00001eb110920,5,2,12.333333333333334,30,0.2372944363907312
Zm00001eb110940,7,2,11.7,23,1.0452605987754235
Zm00001eb110980,5,1,12.8,23,0.3665459134564383
Zm00001eb111000,7,1,5.0,11,0.5223528638839745
Zm00001eb111020,4,2,12.857142857142858,20,0.5624620001829428
Zm00001eb111050,5,2,19.3,56,0.9398365294191092
Zm00001eb111070,8,1,7.5,13,0.3806841967472829
Zm00001eb111110,8,4,11.31578947368421,62,2.321295299478751
Zm00001eb111130,7,3,9.076923076923077,22,0.3418786336698847
Zm00001eb111160,6,1,10.833333333333334,24,2.1394817674667035
Zm00001eb111180,13,3,8.705882352941176,39,0.1113539678004592
Zm00001eb111340,11,3,9.642857142857142,33,0.5298632516054363
Zm00001eb111350,4,1,27.75,89,2.2853276023927154
Zm00001eb111390,5,1,11.2,27,0.5852141886580903
Zm00001eb111420,3,1,6.333333333333333,12,0.678335483275971
Zm00001eb111520,10,2,9.727272727272727,27,0.3642023206236467
Zm00001eb111540,6,2,7.285714285714286,19,2.275560988570997
Zm00001eb111550,12,2,6.75,12,2.0
Zm00001eb111590,5,1,18.2,57,0.5179158621944769
Zm00001eb111600,4,1,8.25,14,0.1735638486702629
Zm00001eb111610,8,1,7.5,17,0.8468441874858433
Zm00001eb111620,4,2,7.666666666666667,16,1.7766002194795232
Zm00001eb111650,13,5,7.888888888888889,29,0.9797247300993958
Zm00001eb111660,13,5,7.888888888888889,29,0.2991007408514442
Zm00001eb111690,9,2,8.4,21,0.855104856492672
Zm00001eb111720,9,2,11.0,36,0.2290492458173019
Zm00001eb111730,9,2,7.7272727272727275,22,1.8008913122151766
Zm00001eb111760,15,4,15.045454545454545,109,0.2209402115810064
Zm00001eb111780,13,4,11.4,47,0.4795965586115869
Zm00001eb111790,13,4,11.4,47,0.7355375275034519
Zm00001eb111860,6,1,10.166666666666666,19,0.6400299463790793
Zm00001eb111990,3,1,10.666666666666666,13,0.2471561079501568
Zm00001eb112030,7,1,7.857142857142857,23,0.5504084652924127
Zm00001eb112040,6,2,7.7,21,0.6020647070598653
Zm00001eb112120,6,1,7.5,11,1.1375035237499351
Zm00001eb112150,10,2,8.846153846153847,20,0.9712933859678894
Zm00001eb112170,4,1,11.0,14,0.4226194787897138
Zm00001eb112210,13,4,8.32,17,0.7430394132811518
Zm00001eb112220,11,2,10.833333333333334,27,0.3849137407503466
Zm00001eb112260,9,2,7.1,18,0.1291888765088496
Zm00001eb112330,6,1,9.166666666666666,22,1.0803642729328822
Zm00001eb112360,12,3,14.266666666666667,61,0.6668778710577924
Zm00001eb112380,3,1,11.0,20,0.1873516070228877
Zm00001eb112430,7,1,9.571428571428571,26,0.4132550707536264
Zm00001eb112480,3,1,7.333333333333333,9,0.9601721471344464
Zm00001eb112550,9,3,8.785714285714286,24,0.3961805997922865
Zm00001eb112560,11,2,6.5,12,0.5929370600758666
Zm00001eb112590,17,7,7.926829268292683,31,1.0994127726652942
Zm00001eb112600,5,1,10.2,27,0.4556779817629937
Zm00001eb112660,9,1,6.111111111111111,12,0.6325531431462271
Zm00001eb112690,9,3,8.5,43,1.7727806501379355
Zm00001eb112700,4,1,16.0,53,0.470531439280502
Zm00001eb112760,6,1,9.833333333333334,24,0.4511673842553491
Zm00001eb112810,7,1,10.142857142857142,26,3.700439718141092
Zm00001eb112820,4,1,2.75,5,1.5208321633014406
Zm00001eb112830,8,1,10.375,24,0.5141262505048758
Zm00001eb112900,5,1,6.2,12,0.6701076868345114
Zm00001eb112930,15,5,9.2,39,0.4387241876987045
Zm00001eb112950,11,3,13.923076923076923,42,0.880086288430503
Zm00001eb113010,11,4,9.0,16,0.2003552267606923
Zm00001eb113030,5,1,14.8,41,0.2382720445474782
Zm00001eb113050,9,3,7.166666666666667,17,0.5003684558973212
Zm00001eb113110,9,2,7.6,20,0.7369655941662062
Zm00001eb113140,6,1,20.833333333333332,103,0.2593643174962381
Zm00001eb113170,11,4,6.5,12,1.2207843586477407
Zm00001eb113190,17,6,8.11111111111111,30,2.295630770180288
Zm00001eb113200,4,1,18.0,53,0.6204980037197597
Zm00001eb113210,10,2,9.7,44,2.4217903208203815
Zm00001eb113240,12,5,7.296296296296297,25,0.5533712513311015
Zm00001eb113290,10,3,12.4,38,0.1555746441931574
Zm00001eb113350,14,3,11.45,51,0.6613762879991171
Zm00001eb113380,11,4,8.173913043478262,30,0.8445271974922453
Zm00001eb113470,4,1,11.5,35,0.1783790867493133
Zm00001eb113490,14,2,5.8125,18,0.6352643501476735
Zm00001eb113550,13,3,7.476190476190476,23,0.4110016493875429
Zm00001eb113580,9,2,14.272727272727273,28,0.6365210317174361
Zm00001eb113600,3,1,17.666666666666668,29,0.3162871025434766
Zm00001eb113690,4,1,6.25,12,0.2312154323211343
Zm00001eb113710,10,2,5.5,17,0.3624697743717297
Zm00001eb113730,5,1,2.6,7,0.3271421792786865
Zm00001eb113740,6,1,8.833333333333334,18,0.3614868191710823
Zm00001eb113780,16,8,11.024390243902438,50,0.3395344929555673
Zm00001eb113790,9,3,6.4,13,0.7124618695985827
Zm00001eb113800,4,1,10.5,14,0.836212670985748
Zm00001eb113870,11,4,5.571428571428571,22,1.3575153674016966
Zm00001eb113900,8,2,9.4,23,0.7650672700525759
Zm00001eb113950,6,1,8.333333333333334,17,0.3465730559112328
Zm00001eb113970,8,2,9.2,16,1.5413913208860852
Zm00001eb113980,14,7,9.658536585365853,27,1.0
Zm00001eb114020,11,3,8.25,21,1.9604916958415604
Zm00001eb114030,9,1,11.444444444444445,25,0.605037266427969
Zm00001eb114060,11,2,8.0,32,1.7053405784733535
Zm00001eb114080,7,2,7.2,15,1.3325753390868709
Zm00001eb114140,14,4,9.0,31,0.483522288588534
Zm00001eb114150,5,1,17.0,60,1.6322526794887953
Zm00001eb114200,11,3,10.055555555555555,18,0.5799601324062514
Zm00001eb114270,10,2,16.0,54,1.4214195901161115
Zm00001eb114280,12,7,9.928571428571429,31,0.3075376584778813
Zm00001eb114320,6,1,6.0,11,0.2001198001069895
Zm00001eb114370,5,1,10.4,19,0.8850417591755106
Zm00001eb114380,12,3,33.5,193,1.1110127500174982
Zm00001eb114390,12,3,33.5,193,0.8279117747953262
Zm00001eb114430,14,9,11.020833333333334,92,0.9937857892150718
Zm00001eb114480,7,1,6.142857142857143,15,0.4574732781256693
Zm00001eb114690,8,1,5.625,16,0.5799356683891947
Zm00001eb114770,5,1,15.4,28,0.63286645314887
Zm00001eb114780,11,3,9.0,21,0.269845608147077
Zm00001eb114860,13,3,7.375,15,1.2260305892102406
Zm00001eb114960,7,2,5.0,9,1.0331397495886632
Zm00001eb115000,17,12,8.476190476190476,22,0.3218646139446396
Zm00001eb115010,12,5,8.193548387096774,23,0.8566387422408618
Zm00001eb115090,16,5,7.696969696969697,29,2.133364639693523
Zm00001eb115110,15,10,9.235294117647058,31,0.5521151078454098
Zm00001eb115200,5,1,9.4,16,0.5224821341353778
Zm00001eb115230,14,4,12.409090909090908,63,0.4382665477198406
Zm00001eb115300,14,4,8.047619047619047,28,0.2973125585343524
Zm00001eb115340,16,3,8.05,37,0.6161286984628894
Zm00001eb115680,3,1,26.333333333333332,69,0.5378564115659502
Zm00001eb115740,8,3,8.4,25,1.9725016023424464
Zm00001eb115750,13,5,7.0,19,0.5519756141681292
Zm00001eb115800,4,1,6.0,10,0.2619975788001452
Zm00001eb115870,14,5,8.566666666666666,39,0.7226449115071507
Zm00001eb115900,6,1,4.5,13,0.5969787343016452
Zm00001eb115950,5,1,9.0,17,0.0627654410419294
Zm00001eb115970,6,2,7.333333333333333,10,0.8348137522064147
Zm00001eb115990,10,2,6.615384615384615,15,0.4703061497161296
Zm00001eb116020,3,1,5.333333333333333,7,0.1806692500792376
Zm00001eb116240,11,2,8.916666666666666,29,0.2216249971202576
Zm00001eb116250,11,2,8.916666666666666,29,0.6911904159480677
Zm00001eb116270,3,1,10.0,13,0.146523703693801
Zm00001eb116340,10,2,7.25,17,0.6668043319867718
Zm00001eb116370,6,1,6.833333333333333,17,0.5140898015990086
Zm00001eb116400,13,10,12.738095238095237,56,0.1907969416530414
Zm00001eb116410,9,2,9.7,52,0.828941229506098
Zm00001eb116440,7,2,8.916666666666666,27,0.2459343679809865
Zm00001eb116470,14,12,11.285714285714286,26,0.8693853587636281
Zm00001eb116480,6,1,10.5,20,0.2825941123949567
Zm00001eb116510,8,2,7.4,15,0.8855920889275676
Zm00001eb116570,12,2,10.294117647058824,59,1.4054667305329027
Zm00001eb116580,12,5,7.304347826086956,24,0.1261864194649626
Zm00001eb116590,13,8,8.333333333333334,24,0.3512482542096744
Zm00001eb116610,7,1,8.714285714285714,25,5.921867711540993
Zm00001eb116620,2,1,17.0,33,0.7269469286078215
Zm00001eb116640,7,1,4.0,7,0.689176248870937
Zm00001eb116650,17,10,6.327868852459017,21,1.5104492375972056
Zm00001eb116670,16,5,11.969696969696969,35,1.893811154545966
Zm00001eb116770,7,2,11.571428571428571,28,0.4983718315793268
Zm00001eb116780,5,1,8.2,18,1.8045361443615673
Zm00001eb116800,15,10,9.88,55,0.3446437696890249
Zm00001eb116850,5,1,9.2,17,0.1059381213326313
Zm00001eb116880,13,3,7.117647058823529,23,0.3983238350812366
Zm00001eb116910,13,3,22.444444444444443,139,0.4558009067290943
Zm00001eb116920,8,4,10.5,19,0.4119550669536792
Zm00001eb116930,10,4,6.466666666666667,20,0.1580738632351288
Zm00001eb116950,6,1,12.333333333333334,43,0.5172910976301476
Zm00001eb117040,14,4,8.095238095238095,27,0.7648692046671636
Zm00001eb117050,10,3,9.0,22,0.3962045480436528
Zm00001eb117060,11,4,8.75,22,0.3771441347042001
Zm00001eb117070,9,1,7.555555555555555,12,0.3863476590708385
Zm00001eb117090,4,1,6.75,10,0.747077051718616
Zm00001eb117100,13,4,8.615384615384615,23,0.6029154848555239
Zm00001eb117130,13,4,5.857142857142857,16,0.4511149547220077
Zm00001eb117140,9,2,5.833333333333333,14,0.1654749026186384
Zm00001eb117170,10,2,8.909090909090908,29,0.3399398656432427
Zm00001eb117180,10,2,9.545454545454545,28,0.8558400402985848
Zm00001eb117190,5,1,19.2,49,0.3625740152451724
Zm00001eb117210,6,1,10.0,22,0.0927810586966791
Zm00001eb117230,6,1,16.833333333333332,47,0.3024477381260438
Zm00001eb117240,15,5,10.933333333333334,46,1.3742703707666355
Zm00001eb117290,10,1,14.8,77,1.2762705115143895
Zm00001eb117350,3,1,12.0,27,0.6613603950924556
Zm00001eb117370,9,3,9.076923076923077,17,0.9835866212763674
Zm00001eb117380,10,4,3.5625,15,0.8446334045438583
Zm00001eb117430,16,7,7.513513513513513,25,0.2306907787116068
Zm00001eb117460,5,2,12.833333333333334,16,0.4848911559239841
Zm00001eb117470,6,1,11.5,19,0.7982572317590049
Zm00001eb117510,14,6,16.08823529411765,67,0.6215942843922653
Zm00001eb117520,11,2,8.0,29,0.1329354159021173
Zm00001eb117540,4,1,7.25,12,2.5089073181500545
Zm00001eb117550,13,3,8.857142857142858,22,0.289506617194985
Zm00001eb117590,10,4,12.055555555555555,27,0.2710463509453994
Zm00001eb117610,9,4,13.235294117647058,44,0.5027977257665264
Zm00001eb117640,10,2,10.6,21,0.3469023312190642
Zm00001eb117670,11,4,7.125,27,0.5301169953945625
Zm00001eb117720,4,1,12.75,20,0.6370869220204121
Zm00001eb117800,15,7,7.9743589743589745,36,4.370358864513657
Zm00001eb117810,13,4,10.944444444444445,39,0.5452787992486742
Zm00001eb117850,6,1,10.333333333333334,25,0.3782689121283722
Zm00001eb117890,8,1,11.125,30,1.1872617546608668
Zm00001eb117900,4,1,9.0,11,0.3600601693701655
Zm00001eb117930,6,2,5.6,14,0.2096806036146122
Zm00001eb117970,4,1,7.75,11,0.5423780962369364
Zm00001eb118010,11,2,7.416666666666667,22,0.4745156785057667
Zm00001eb118020,10,3,9.846153846153847,23,0.8944533372731329
Zm00001eb118030,15,8,6.512820512820513,16,0.2572655546458537
Zm00001eb118060,15,6,10.37037037037037,84,6.844102747597538
Zm00001eb118070,13,5,8.357142857142858,19,1.9021762024452853
Zm00001eb118100,16,7,8.710526315789474,46,0.1153656543038258
Zm00001eb118200,11,3,8.857142857142858,27,0.1151372354680756
Zm00001eb118210,9,2,9.222222222222221,25,0.5163171169626597
Zm00001eb118220,3,1,19.0,39,0.1095434168872855
Zm00001eb118230,6,2,8.0,14,1.674888861528334
Zm00001eb118240,6,2,8.0,14,0.3344040214840981
Zm00001eb118250,12,6,7.612903225806452,38,0.7755425325704816
Zm00001eb118290,6,1,22.666666666666668,58,0.7200422199641294
Zm00001eb118340,10,2,12.454545454545455,23,0.3722210493577333
Zm00001eb118370,5,1,8.2,13,0.4390605288146522
Zm00001eb118740,11,4,10.0,30,0.8616523252243443
Zm00001eb118820,12,4,8.85,21,0.6214268363285131
Zm00001eb118830,3,1,20.0,27,0.236410853265188
Zm00001eb118860,5,1,11.4,19,0.4245346624882168
Zm00001eb118870,8,2,6.857142857142857,12,0.1388065668391049
Zm00001eb118880,16,5,9.964285714285714,31,0.3964845513076982
Zm00001eb118900,6,2,9.125,16,0.0933929386474278
Zm00001eb118910,3,1,25.0,66,0.5527102080796804
Zm00001eb118920,3,1,5.333333333333333,8,0.4197942298081345
Zm00001eb118940,6,1,16.666666666666668,63,0.2150480830298391
Zm00001eb118980,8,2,9.4,18,0.439993974244686
Zm00001eb118990,5,1,9.6,18,0.2978604458125184
Zm00001eb119000,5,1,9.6,18,0.2476544832410216
Zm00001eb119010,10,3,7.411764705882353,17,0.5853819904344604
Zm00001eb119030,12,4,8.375,26,0.3656020690797821
Zm00001eb119040,9,2,5.75,14,4.014261939264066
Zm00001eb119050,10,2,7.7272727272727275,22,5.628472329089116
Zm00001eb119060,12,2,7.076923076923077,19,0.3337125392662399
Zm00001eb119070,3,1,10.666666666666666,13,0.483623267671631
Zm00001eb119100,3,1,5.0,8,0.9599162574528668
Zm00001eb119130,10,3,9.0625,29,0.1904891512571162
Zm00001eb119140,5,1,8.6,15,0.1195439267744337
Zm00001eb119150,12,5,7.928571428571429,19,0.1066517704006077
Zm00001eb119220,4,1,8.75,11,1.167500113509728
Zm00001eb119240,4,1,3.75,7,0.3215805443270316
Zm00001eb119250,10,3,10.076923076923077,31,0.713600261642454
Zm00001eb119260,12,3,7.6875,20,0.2878749839856006
Zm00001eb119270,10,2,14.083333333333334,42,1.011153279244467
Zm00001eb119280,9,2,8.666666666666666,22,2.270442855585463
Zm00001eb119290,10,2,6.0,14,0.9162934008517228
Zm00001eb119310,12,2,6.8,24,1.136222751766706
Zm00001eb119320,10,3,8.176470588235293,19,0.4583811727029017
Zm00001eb119330,10,3,8.176470588235293,19,0.1889064822701227
Zm00001eb119340,9,1,10.11111111111111,39,0.4150374992788437
Zm00001eb119390,8,2,6.111111111111111,12,1.4640004024571784
Zm00001eb119400,8,3,11.153846153846153,26,0.4561833396763284
Zm00001eb119410,7,3,8.6,22,0.3990344563644928
Zm00001eb119430,9,5,13.5,29,0.5789675049568649
Zm00001eb119450,5,1,5.2,14,0.5811122891062415
Zm00001eb119480,5,1,4.8,14,0.1419160965658635
Zm00001eb119500,3,1,4.333333333333333,8,0.6783012510438035
Zm00001eb119510,6,1,6.166666666666667,17,0.1581931765986512
Zm00001eb119590,8,1,7.375,12,0.5764139089387483
Zm00001eb119610,4,1,5.0,11,3.10431193737168
Zm00001eb119630,10,2,7.769230769230769,17,0.5495666705887831
Zm00001eb119650,12,5,5.884615384615385,14,0.7003344350173153
Zm00001eb119660,3,1,20.666666666666668,50,0.8454373692687803
Zm00001eb119690,7,1,8.0,14,0.265069463020967
Zm00001eb119710,11,2,7.333333333333333,19,0.698165391312544
Zm00001eb119770,12,6,11.466666666666667,63,0.6556107257530974
Zm00001eb119780,2,1,9.0,16,0.6717438424880577
Zm00001eb119790,8,2,11.909090909090908,26,0.5103577884517468
Zm00001eb119830,6,1,13.166666666666666,26,0.3743324811507582
Zm00001eb119880,6,1,5.666666666666667,8,0.2177082080364445
Zm00001eb119890,7,2,7.111111111111111,12,0.3915782657543069
Zm00001eb119900,11,2,4.642857142857143,13,0.9347643541942732
Zm00001eb119920,16,5,7.392857142857143,27,1.6254138534782396
Zm00001eb119940,16,8,12.35897435897436,32,1.1894332367662206
Zm00001eb119970,4,1,4.5,12,0.3070452101040414
Zm00001eb119980,10,2,8.666666666666666,24,0.3513795309066797
Zm00001eb119990,6,1,10.166666666666666,24,0.6560933661049991
Zm00001eb120010,8,1,9.125,30,1.032123809733089
Zm00001eb120030,11,3,5.4375,11,0.7487297468768983
Zm00001eb120060,9,2,6.0,18,1.2834362425653056
Zm00001eb120230,4,2,10.571428571428571,15,0.6544590601381868
Zm00001eb120240,10,2,15.0,41,0.8920161031124073
Zm00001eb120250,3,1,5.333333333333333,9,0.9392058738363884
Zm00001eb120320,11,2,5.571428571428571,14,0.1774492450812709
Zm00001eb120330,8,1,11.125,32,0.2632924457576956
Zm00001eb120350,8,3,12.785714285714286,37,0.4358621123347042
Zm00001eb120360,8,2,14.222222222222221,61,1.1361767680233772
Zm00001eb120370,6,2,11.428571428571429,43,0.4069060814615862
Zm00001eb120380,10,3,10.875,36,0.9894881546096116
Zm00001eb120390,6,2,8.636363636363637,17,0.3327660434812163
Zm00001eb120410,11,2,9.923076923076923,23,0.1417138205699534
Zm00001eb120430,13,5,16.291666666666668,58,0.5559467477276252
Zm00001eb120450,4,1,5.0,10,0.4038071087588427
Zm00001eb120460,12,5,9.285714285714286,26,1.399202085613506
Zm00001eb120470,9,2,8.833333333333334,19,0.4889799260920087
Zm00001eb120520,8,2,9.090909090909092,21,5.260527550223219
Zm00001eb120590,7,2,6.25,22,1.1349946115383067
Zm00001eb120630,10,4,10.0,26,1.4216664341251155
Zm00001eb120740,10,2,15.727272727272727,115,0.2561271686822567
Zm00001eb120750,11,3,17.470588235294116,49,0.3777329310225646
Zm00001eb120760,7,1,5.857142857142857,13,0.5469396429290571
Zm00001eb120810,15,3,9.952380952380953,45,0.9338596838596758
Zm00001eb120820,12,3,7.9,21,0.1625213487914171
Zm00001eb120830,5,1,5.0,10,0.3125064071629677
Zm00001eb120840,6,1,13.5,40,0.8589831066704094
Zm00001eb120860,3,1,2.0,5,0.0878620431616934
Zm00001eb120890,10,3,13.533333333333333,52,0.5553139274064267
Zm00001eb120900,5,1,3.8,8,0.8079877638459462
Zm00001eb120970,15,5,15.09375,146,0.7197650669038641
Zm00001eb120980,2,1,8.5,9,0.5660287488903423
Zm00001eb120990,12,4,14.227272727272727,45,0.6780719051126377
Zm00001eb121000,13,5,13.727272727272727,73,0.7709215456012312
Zm00001eb121010,6,2,7.333333333333333,19,0.3054636682633587
Zm00001eb121020,10,4,19.789473684210527,96,0.46221248756336
Zm00001eb121040,5,1,14.8,44,0.4140651842288917
Zm00001eb121070,11,5,10.130434782608695,45,0.3507363608275367
Zm00001eb121080,11,3,9.357142857142858,19,0.901865276461582
Zm00001eb121090,12,3,11.214285714285714,65,0.5582877778229784
Zm00001eb121110,3,1,6.333333333333333,11,0.2829090155725674
Zm00001eb121120,7,2,7.818181818181818,22,0.5949901076459274
Zm00001eb121140,6,1,5.666666666666667,11,0.3933919388116267
Zm00001eb121180,6,1,5.333333333333333,22,0.4328620380728171
Zm00001eb121200,10,2,10.923076923076923,47,0.6684689655273107
Zm00001eb121210,10,3,9.214285714285714,20,0.7836575584589106
Zm00001eb121240,10,3,12.266666666666667,26,2.1816090509007613
Zm00001eb121270,11,3,10.733333333333333,32,0.7441680934789
Zm00001eb121290,10,2,7.857142857142857,20,1.4529915679202687
Zm00001eb121300,6,1,4.833333333333333,10,0.6925237941318785
Zm00001eb121310,15,6,6.742857142857143,23,0.6862555354343929
Zm00001eb121410,13,3,13.0,93,0.5382059727992716
Zm00001eb121420,12,3,7.4,17,0.4040237681674069
Zm00001eb121460,3,1,13.666666666666666,20,2.6260480427773976
Zm00001eb121470,13,4,9.608695652173912,48,0.17312669397959
Zm00001eb121480,2,1,11.0,14,0.122748985374213
Zm00001eb121500,10,2,11.5,41,1.5088652486471117
Zm00001eb121510,10,2,9.333333333333334,24,0.6514774852152457
Zm00001eb121520,14,7,9.357142857142858,26,0.3298862663387549
Zm00001eb121540,11,3,10.941176470588236,31,0.2200168437576172
Zm00001eb121560,11,3,9.352941176470589,55,1.8589815325535928
Zm00001eb121570,11,5,10.181818181818182,22,0.1862971958727944
Zm00001eb121580,10,2,5.0,10,1.1494825429426256
Zm00001eb121590,8,2,12.1,24,0.2124393244772822
Zm00001eb121600,7,2,5.25,16,0.6700505558376002
Zm00001eb121610,8,2,38.6,169,1.0546097909328378
Zm00001eb121770,17,7,8.0,25,8.411206466523483
Zm00001eb121780,6,3,9.125,31,0.0501114990606745
Zm00001eb121810,13,4,9.285714285714286,19,0.161979771767911
Zm00001eb121900,13,5,7.384615384615385,18,0.4187232070606357
Zm00001eb121910,7,1,9.571428571428571,25,0.7748989801409203
Zm00001eb121920,9,3,11.2,24,0.2641015328568467
Zm00001eb121970,7,2,8.0,19,0.5090136474878579
Zm00001eb121990,9,4,10.529411764705882,25,1.0064976254920317
Zm00001eb122030,10,6,6.954545454545454,23,1.0161983696989485
Zm00001eb122050,7,2,7.0,20,1.0527581621870616
Zm00001eb122060,16,4,9.347826086956522,21,0.903973584440072
Zm00001eb122110,2,1,1.5,2,0.4208920806072196
Zm00001eb122120,4,1,7.25,13,0.8353610242597522
Zm00001eb122140,17,5,8.03125,24,0.1657372044788788
Zm00001eb122160,5,1,16.2,49,0.5877388466049617
Zm00001eb122170,9,2,12.615384615384615,44,0.6209953521289634
Zm00001eb122190,7,1,8.857142857142858,18,1.0660494326918422
Zm00001eb122200,12,5,7.875,39,0.1892872543670484
Zm00001eb122210,8,2,8.0,19,0.6420056806344848
Zm00001eb122220,3,1,25.0,47,0.6618162902004532
Zm00001eb122230,16,9,7.229166666666667,30,5.0858020370427734
Zm00001eb122240,5,1,10.0,21,6.267009574635345
Zm00001eb122270,6,4,9.25,15,0.4929773386128095
Zm00001eb122290,7,1,3.7142857142857144,9,0.3396767806413583
Zm00001eb122300,13,3,9.411764705882353,42,0.4081501585241878
Zm00001eb122320,8,2,17.90909090909091,56,0.3358472315752019
Zm00001eb122330,8,2,17.90909090909091,56,0.3278755202949005
Zm00001eb122340,12,3,14.058823529411764,65,1.107309364962454
Zm00001eb122350,5,1,9.6,18,1.2909947432016315
Zm00001eb122360,5,1,8.6,17,1.6294752965498251
Zm00001eb122370,5,1,8.6,17,0.2165993192682825
Zm00001eb122410,13,6,8.833333333333334,43,0.2074148460815972
Zm00001eb122440,5,1,7.0,20,0.4389570646823887
Zm00001eb122450,17,5,9.67741935483871,51,3.169925001442312
Zm00001eb122460,17,5,9.67741935483871,51,0.8940421957146816
Zm00001eb122470,6,2,9.11111111111111,21,0.7841751678650443
Zm00001eb122500,3,1,36.0,59,0.9467126513750962
Zm00001eb122530,9,2,9.076923076923077,28,0.1812850396923541
Zm00001eb122570,11,3,10.153846153846153,31,1.2616132449823272
Zm00001eb122600,5,1,10.0,32,0.161912012775875
Zm00001eb122610,6,2,8.090909090909092,17,0.8692798486118981
Zm00001eb122620,13,6,9.064516129032258,36,1.1028994033465114
Zm00001eb122630,4,1,10.75,29,0.9744586684895528
Zm00001eb122660,14,4,13.875,56,1.005425734541093
Zm00001eb122670,10,2,6.7,24,0.4217442730017625
Zm00001eb122680,8,1,10.875,44,0.2386533780049732
Zm00001eb122690,7,1,6.428571428571429,10,0.1618130337449416
Zm00001eb122720,9,1,6.777777777777778,12,0.2745507822894399
Zm00001eb122730,4,1,6.0,15,0.8565053917786777
Zm00001eb122740,5,3,10.454545454545455,17,0.755135643342509
Zm00001eb122750,8,1,12.75,38,0.9025140170535826
Zm00001eb122780,9,2,7.083333333333333,17,0.4624541812434333
Zm00001eb122820,12,4,4.526315789473684,12,0.4321993988948566
Zm00001eb122840,4,1,5.75,10,0.7252593710072616
Zm00001eb122880,8,1,12.375,38,0.1227994917264946
Zm00001eb122890,5,1,29.6,93,0.3680887472714016
Zm00001eb122900,5,1,29.6,93,0.4907590987971171
Zm00001eb122910,13,5,7.0,15,0.449703804296497
Zm00001eb122950,8,1,14.5,49,0.5578023213030602
Zm00001eb122960,4,1,5.75,8,1.141117789676702
Zm00001eb122970,15,6,10.657142857142857,60,0.6989373392898686
Zm00001eb122980,7,1,7.428571428571429,13,0.6424405310386786
Zm00001eb122990,15,5,8.903225806451612,26,0.1986227174913516
Zm00001eb123000,14,7,8.826086956521738,24,0.2078140153849264
Zm00001eb123110,10,3,8.625,25,0.5849625007211563
Zm00001eb123140,15,4,6.04,21,2.141523523937463
Zm00001eb123150,3,1,10.333333333333334,19,0.3743130754456363
Zm00001eb123160,4,1,12.5,23,0.2203474823292415
Zm00001eb123170,1,1,12.0,12,0.2900305007167237
Zm00001eb123190,13,5,9.464285714285714,52,0.1668445149469735
Zm00001eb123220,7,2,6.75,14,0.8823302877480825
Zm00001eb123240,5,1,5.2,11,0.6217771031879624
Zm00001eb123260,4,1,6.25,10,0.7748186330503364
Zm00001eb123270,4,2,5.0,8,0.7131252905927322
Zm00001eb123280,15,11,10.88679245283019,38,0.5496134374843569
Zm00001eb123330,9,2,6.0,15,1.3200471017287478
Zm00001eb123340,4,1,7.0,17,0.4983069828932834
Zm00001eb123360,10,4,8.833333333333334,23,0.2619803351847171
Zm00001eb123410,8,1,7.5,20,0.3399915475185823
Zm00001eb123430,10,3,6.352941176470588,9,0.4156954127103819
Zm00001eb123460,11,4,8.047619047619047,29,0.1307180595116408
Zm00001eb123520,7,1,9.857142857142858,23,1.584780494736141
Zm00001eb123540,7,2,10.9,32,0.309500187571794
Zm00001eb123570,5,1,4.8,11,0.5036892561611915
Zm00001eb123630,12,3,11.764705882352942,39,0.320479956676001
Zm00001eb123670,12,3,7.9375,19,3.017655926968664
Zm00001eb123710,6,1,6.5,14,0.5539399796263321
Zm00001eb123730,7,1,22.857142857142858,96,2.3725541679573303
Zm00001eb123750,7,1,22.857142857142858,96,1.2900757653821966
Zm00001eb123770,5,2,6.5,15,1.2980602746604837
Zm00001eb123800,4,1,33.0,88,0.4150374992788438
Zm00001eb123820,4,1,33.0,88,0.8744691179161409
Zm00001eb123830,7,2,6.875,33,1.8289804055233752
Zm00001eb123870,6,1,7.833333333333333,12,3.841302253980942
Zm00001eb124060,17,7,8.055555555555555,39,1.6308631704000276
Zm00001eb124070,5,1,3.8,8,0.3326001932700173
Zm00001eb124080,7,2,7.875,18,1.9791596384806471
Zm00001eb124100,10,2,12.384615384615385,71,0.4359796033969701
Zm00001eb124110,17,9,8.659090909090908,29,1.6743501141711676
Zm00001eb124120,11,3,11.647058823529411,64,0.9823401692288808
Zm00001eb124170,14,5,9.84375,64,0.4797498978128591
Zm00001eb124200,12,2,6.083333333333333,25,0.648251609870018
Zm00001eb124210,6,1,14.833333333333334,30,0.4160209038318624
Zm00001eb124270,6,1,11.5,22,2.7846082064081075
Zm00001eb124290,5,1,9.4,15,0.4841249028541464
Zm00001eb124300,2,1,6.0,10,0.3243703613441538
Zm00001eb124370,16,8,10.279069767441861,44,1.4752717250431109
Zm00001eb124380,6,1,8.833333333333334,22,6.042344396265304
Zm00001eb124410,9,2,16.083333333333332,89,0.7810582143842995
Zm00001eb124420,15,6,7.8,31,0.4533948769292219
Zm00001eb124450,9,2,9.0,21,0.1901410888450939
Zm00001eb124480,6,1,6.333333333333333,23,0.1848708858905839
Zm00001eb124530,8,2,6.0,12,0.3447470444233229
Zm00001eb124550,9,2,14.0,46,3.879022555235311
Zm00001eb124620,8,1,6.75,15,1.5572229387939438
Zm00001eb124630,5,1,13.6,23,0.4500895747884549
Zm00001eb124670,8,4,11.166666666666666,31,0.6381056353203831
Zm00001eb124730,6,1,8.333333333333334,20,0.1867772360217557
Zm00001eb124740,13,4,7.461538461538462,15,1.6514077450093212
Zm00001eb124750,5,1,6.2,11,0.1632850056942352
Zm00001eb124780,14,5,11.875,49,0.8214573876512956
Zm00001eb124790,15,3,7.105263157894737,29,1.8743673512608847
Zm00001eb124800,4,1,13.5,33,1.581084130096366
Zm00001eb124810,4,1,30.75,72,0.1375714211317123
Zm00001eb124820,5,1,13.2,26,1.5612146556842708
Zm00001eb124830,9,2,9.083333333333334,54,0.7415529857317986
Zm00001eb124840,6,1,6.5,16,1.3948625140179065
Zm00001eb124880,12,3,15.176470588235293,92,2.1670121514022656
Zm00001eb124900,11,3,14.235294117647058,67,1.524873569690412
Zm00001eb124920,16,5,7.27027027027027,24,0.4920970956051272
Zm00001eb124940,6,1,7.166666666666667,16,1.6251659111506278
Zm00001eb124950,9,2,5.8,11,0.8885787173315769
Zm00001eb124960,3,1,8.0,15,2.625989768981211
Zm00001eb125000,15,5,7.794117647058823,23,8.591776715650267
Zm00001eb125010,14,5,9.8,42,0.2930472744878474
Zm00001eb125030,9,2,6.166666666666667,11,1.2564283248043917
Zm00001eb125050,6,2,18.166666666666668,27,0.968629722901862
Zm00001eb125060,5,1,7.6,13,0.660583761686217
Zm00001eb125140,8,3,6.333333333333333,15,0.1089069433928946
Zm00001eb125150,6,2,11.857142857142858,19,1.1638492750616505
Zm00001eb125200,4,1,8.25,14,0.4652824200191274
Zm00001eb125210,9,2,9.5,21,0.6511195315012804
Zm00001eb125240,10,2,7.833333333333333,27,0.7663678226979185
Zm00001eb125300,7,1,5.0,11,0.4742201638711202
Zm00001eb125330,12,4,14.925925925925926,26,0.3195608194096858
Zm00001eb125340,16,8,10.075,27,0.4709039194310512
Zm00001eb125350,11,3,15.153846153846153,89,0.484631070183745
Zm00001eb125390,8,1,11.875,32,0.7274490992476564
Zm00001eb125410,8,1,8.25,13,0.6837342520005251
Zm00001eb125460,5,1,8.4,17,0.2370241702032494
Zm00001eb125470,12,3,8.066666666666666,17,2.1308236866900856
Zm00001eb125540,4,1,6.25,8,0.7177960056730208
Zm00001eb125630,7,2,13.88888888888889,45,0.5804826881585475
Zm00001eb125670,5,1,7.0,15,0.2437406413807891
Zm00001eb125700,5,1,7.4,16,0.5276133422485805
Zm00001eb125730,10,3,8.5,28,0.7360463966964511
Zm00001eb125780,12,3,4.8,11,0.2572865864148791
Zm00001eb125790,6,1,10.0,34,1.2370391973008492
Zm00001eb125810,11,4,14.476190476190476,62,0.694255932443345
Zm00001eb125820,6,2,5.857142857142857,12,0.7339495746566878
Zm00001eb125830,7,1,10.142857142857142,23,1.2230977564783507
Zm00001eb125860,12,3,8.25,18,0.4203748919242997
Zm00001eb125880,16,6,7.3428571428571425,21,0.7192678835940431
Zm00001eb125930,3,1,7.0,13,0.3357264342593
Zm00001eb125980,4,1,10.25,17,0.5636310397438673
Zm00001eb126070,8,2,7.5625,19,0.5221234160399806
Zm00001eb126140,7,2,11.666666666666666,46,0.3594146729454521
Zm00001eb126150,7,1,5.142857142857143,9,1.3643493362348047
Zm00001eb126160,10,2,8.75,21,1.463063611749621
Zm00001eb126230,9,3,7.0,10,0.1741450377423625
Zm00001eb126250,16,7,6.125,17,0.391244857789555
Zm00001eb126270,6,2,6.666666666666667,22,0.4515815046311749
Zm00001eb126280,15,4,7.84,20,3.0669278733673955
Zm00001eb126330,15,6,8.894736842105264,27,0.7990184955653404
Zm00001eb126340,9,2,8.818181818181818,33,0.547406854368972
Zm00001eb126360,5,1,11.8,19,0.0960176265656941
Zm00001eb126370,7,2,8.88888888888889,21,0.419549600105285
Zm00001eb126400,13,2,6.466666666666667,16,1.103410992025378
Zm00001eb126500,13,2,6.785714285714286,15,0.1648502767406301
Zm00001eb126610,11,7,6.8108108108108105,25,0.934192361024098
Zm00001eb126640,9,3,10.823529411764707,25,0.4406710638494034
Zm00001eb126670,6,1,12.0,25,0.4226544386041494
Zm00001eb126680,10,2,7.333333333333333,15,1.18244918248953
Zm00001eb126690,8,1,10.625,22,0.2052796369071068
Zm00001eb126770,9,2,6.0,17,0.2386392470205702
Zm00001eb126780,13,5,10.78125,34,0.5496937177772608
Zm00001eb126790,5,1,7.0,13,0.3550938508531051
Zm00001eb126830,8,2,10.181818181818182,33,0.5427783474235818
Zm00001eb126880,4,1,2.25,5,0.5377694907310938
Zm00001eb126900,6,1,4.166666666666667,22,0.6354440980895208
Zm00001eb126920,5,1,18.0,48,0.8898008580204539
Zm00001eb126930,5,1,18.0,48,0.4312498016412451
Zm00001eb126950,7,1,8.0,28,0.50732968013979
Zm00001eb126960,10,2,9.933333333333334,28,1.359136460449595
Zm00001eb126980,8,3,15.636363636363637,76,0.444273431472829
Zm00001eb127000,8,1,7.75,15,0.271578474756093
Zm00001eb127020,7,1,13.428571428571429,41,0.232529375802576
Zm00001eb127030,5,1,9.8,29,0.3305416643317685
Zm00001eb127040,1,1,0.0,0,2.234150098274424
Zm00001eb127080,13,5,10.206896551724139,36,4.905409656999161
Zm00001eb127090,5,1,6.4,17,1.1568297507195575
Zm00001eb127110,8,1,11.0,23,0.1258195044661146
Zm00001eb127130,6,1,7.833333333333333,18,0.4499652102234708
Zm00001eb127150,10,2,5.833333333333333,18,0.500143982871333
Zm00001eb127160,12,4,9.31578947368421,24,0.3745818620420147
Zm00001eb127200,8,2,8.0,23,0.1920637175977513
Zm00001eb127210,8,4,14.523809523809524,33,0.8951242822151457
Zm00001eb127230,4,1,4.0,9,0.3194534247531648
Zm00001eb127240,7,2,4.666666666666667,15,2.5530997019159627
Zm00001eb127280,4,1,14.5,17,0.5539298505576875
Zm00001eb127290,12,3,11.777777777777779,27,1.5019973157242772
Zm00001eb127300,12,5,8.909090909090908,24,1.4722404733737244
Zm00001eb127350,4,1,9.5,13,0.5849625007211563
Zm00001eb127450,2,1,4.5,9,0.2056953597247662
Zm00001eb127550,9,2,5.230769230769231,19,0.2876339452901054
Zm00001eb127570,8,1,5.125,14,0.3740729439166809
Zm00001eb127580,9,3,10.0,26,0.1362067177088768
Zm00001eb127680,11,2,7.857142857142857,17,0.2270847453967985
Zm00001eb127710,7,2,5.555555555555555,14,0.885665210846444
Zm00001eb127750,9,4,9.4,25,0.6726526457573087
Zm00001eb127770,18,12,10.234375,76,1.417770393022816
Zm00001eb127790,3,1,7.666666666666667,13,0.1955888262638227
Zm00001eb127810,9,3,6.7,20,5.7068223615513975
Zm00001eb127820,13,3,9.294117647058824,32,0.792481250360578
Zm00001eb127840,3,1,8.333333333333334,17,0.418434750848298
Zm00001eb127850,8,2,12.333333333333334,36,0.3223435993434634
Zm00001eb127860,13,8,9.30952380952381,27,0.5104656772885767
Zm00001eb127870,8,2,7.7,23,0.8852618621973701
Zm00001eb127880,12,6,8.380952380952381,25,1.1075845989294817
Zm00001eb127900,12,5,11.074074074074074,107,0.5188864607658605
Zm00001eb127920,3,1,11.0,23,0.8263559815050717
Zm00001eb127930,4,1,8.25,15,1.2400471486401834
Zm00001eb127970,7,2,6.375,16,0.1012334901915636
Zm00001eb127990,14,5,9.692307692307692,34,0.2064411322944277
Zm00001eb128010,11,3,5.769230769230769,15,0.6487108766013454
Zm00001eb128020,12,3,7.444444444444445,33,0.1162009574820438
Zm00001eb128040,2,1,5.0,8,0.6785399871496905
Zm00001eb128130,7,1,9.714285714285714,26,0.3503405764299245
Zm00001eb128150,6,1,19.833333333333332,46,0.440169228995822
Zm00001eb128190,8,2,9.76923076923077,22,0.4547461257829015
Zm00001eb128220,4,1,7.75,12,0.17069618004433
Zm00001eb128250,2,1,9.5,18,0.7309101462804417
Zm00001eb128290,15,5,8.821428571428571,27,0.3546338986611876
Zm00001eb128300,4,1,6.5,15,0.8473780692105409
Zm00001eb128310,13,3,11.272727272727273,35,0.2602820885072878
Zm00001eb128320,4,1,9.75,12,0.4852531829746367
Zm00001eb128340,9,1,9.666666666666666,35,1.2889477005991063
Zm00001eb128490,8,1,5.0,19,0.5041269981050891
Zm00001eb128590,13,6,7.36,25,0.6469207730714108
Zm00001eb128620,7,3,10.666666666666666,26,0.4742311005690079
Zm00001eb128670,5,1,4.8,9,0.2197892909911299
Zm00001eb128720,5,1,7.6,16,0.3542916138808892
Zm00001eb128730,8,2,8.0,27,0.1722377616466111
Zm00001eb128780,13,5,10.23076923076923,39,1.121548269971844
Zm00001eb128810,10,2,7.846153846153846,20,0.343683616546311
Zm00001eb128860,5,1,3.2,7,0.6789867119861427
Zm00001eb128880,6,2,6.166666666666667,14,1.2692531173955428
Zm00001eb128910,7,1,9.571428571428571,16,0.3271085075665081
Zm00001eb128960,7,1,8.285714285714286,17,0.2396420675726753
Zm00001eb128970,17,9,17.49019607843137,104,0.8720485013402973
Zm00001eb128990,7,1,8.571428571428571,23,0.7054515261426134
Zm00001eb129000,5,1,5.4,12,1.750311600402953
Zm00001eb129050,12,4,12.6,46,0.4147835745513337
Zm00001eb129100,10,2,12.0,31,0.6509363989479787
Zm00001eb129320,8,2,4.9,14,0.1051292452856527
Zm00001eb129330,7,1,7.428571428571429,11,0.8895536639142094
Zm00001eb129360,5,1,11.6,34,0.5690385390163665
Zm00001eb129370,2,1,21.0,21,0.8765123588887004
Zm00001eb129420,12,4,9.176470588235293,40,0.6812721187253078
Zm00001eb129480,4,1,6.75,9,0.8115565854445557
Zm00001eb129490,4,1,3.0,6,0.3952946602386903
Zm00001eb129510,2,1,2.0,3,0.4377342253733865
Zm00001eb129520,10,3,9.545454545454545,24,0.9737049619979524
Zm00001eb129550,6,2,13.75,60,2.8021375363567436
Zm00001eb129560,11,4,12.235294117647058,60,1.8646107060092
Zm00001eb129570,16,5,11.689655172413794,79,0.7324903807129514
Zm00001eb129580,6,1,7.833333333333333,37,1.4565126202644776
Zm00001eb129690,7,1,9.428571428571429,32,0.3647845992761651
Zm00001eb129740,4,1,10.75,14,1.3284813707264236
Zm00001eb129790,5,1,14.2,28,0.3958093802604521
Zm00001eb129820,4,1,7.0,19,0.3697563311559953
Zm00001eb129860,5,1,6.4,18,0.259501073045511
Zm00001eb130060,13,3,5.5,13,0.501490353827795
Zm00001eb130200,4,2,5.166666666666667,11,2.321928094887362
Zm00001eb130210,10,3,13.714285714285714,53,0.3151121206921408
Zm00001eb130260,4,1,8.0,17,0.3602065315247618
Zm00001eb130280,9,3,7.153846153846154,20,1.8686963505220675
Zm00001eb130330,13,3,11.944444444444445,58,0.8077928309672506
Zm00001eb130390,14,4,8.65,28,0.7719571875539575
Zm00001eb130400,3,1,5.333333333333333,9,0.5104766259028725
Zm00001eb130410,15,8,6.5,22,0.7554264289935265
Zm00001eb130430,7,1,7.142857142857143,19,1.2012650696350693
Zm00001eb130470,10,3,7.142857142857143,27,0.5551840335724231
Zm00001eb130500,3,1,4.666666666666667,8,0.5112258695905737
Zm00001eb130550,5,1,8.2,28,1.3734715393699486
Zm00001eb130570,6,1,13.666666666666666,48,0.6293755664175663
Zm00001eb130610,2,1,4.5,8,0.7501512608720794
Zm00001eb130620,5,2,12.428571428571429,31,0.4836275924329161
Zm00001eb130640,9,2,10.3,28,0.3516432606620138
Zm00001eb130650,4,1,7.75,12,0.4053023234130221
Zm00001eb130730,4,1,7.75,15,0.3388373374484426
Zm00001eb130820,10,2,7.714285714285714,17,0.6631095299899143
Zm00001eb130870,7,2,6.0,11,0.2249324610053934
Zm00001eb131020,2,1,8.0,12,1.3652696625033869
Zm00001eb131060,6,1,3.6666666666666665,14,0.3554404673016851
Zm00001eb131070,3,1,13.666666666666666,28,0.0987005898052167
Zm00001eb131080,5,1,9.8,17,0.5288048540023321
Zm00001eb131090,7,1,10.0,17,0.1460284011109022
Zm00001eb131130,12,6,9.909090909090908,28,0.5706820629339756
Zm00001eb131140,10,2,11.727272727272727,40,1.386422907783632
Zm00001eb131150,4,1,11.5,24,0.5497051021938331
Zm00001eb131160,8,3,10.466666666666667,20,0.17527489280366
Zm00001eb131170,6,2,9.333333333333334,19,0.3806218106581696
Zm00001eb131280,4,1,6.75,19,0.1343201553153792
Zm00001eb131290,12,3,7.944444444444445,17,1.070389327891398
Zm00001eb131310,6,3,5.25,13,0.4433619465467778
Zm00001eb131360,6,1,6.833333333333333,15,0.4437491704684336
Zm00001eb131410,12,2,8.266666666666667,27,1.6166713604484944
Zm00001eb131420,9,2,8.5,21,0.1236715269659714
Zm00001eb131430,3,1,9.666666666666666,18,0.3358573891632587
Zm00001eb131470,2,1,3.0,5,0.7892946929260516
Zm00001eb131490,12,4,13.125,28,0.8479969065549499
Zm00001eb131510,13,3,11.8,68,0.5294388978527873
Zm00001eb131520,8,3,13.777777777777779,30,0.1716138939445912
Zm00001eb131540,8,3,12.0,44,0.5633659777422596
Zm00001eb131600,6,1,7.5,14,0.1562687580107402
Zm00001eb131620,9,2,10.083333333333334,23,0.8631465363357481
Zm00001eb131690,7,1,4.428571428571429,8,0.4793783621335217
Zm00001eb131710,7,2,9.5,20,1.42392676882428
Zm00001eb131750,12,6,5.379310344827586,19,3.788584570573915
Zm00001eb131770,6,1,4.833333333333333,12,0.1510172632201691
Zm00001eb131870,3,1,9.0,16,1.5376186477009948
Zm00001eb132380,5,1,8.0,13,0.9199155880454862
Zm00001eb132400,5,1,12.8,27,0.5630638004408773
Zm00001eb132640,8,1,7.875,17,1.5973003313429397
Zm00001eb133230,5,1,3.0,5,1.4368638617320222
Zm00001eb133330,4,1,22.5,60,1.156688846217328
Zm00001eb133420,7,1,9.857142857142858,19,0.2006952243677631
Zm00001eb133430,9,3,11.071428571428571,39,0.8117620946061841
Zm00001eb133580,8,1,9.625,21,0.6004235216863613
Zm00001eb134100,5,1,10.2,19,0.7763364114282498
Zm00001eb134110,9,3,8.533333333333333,24,0.1823936409508742
Zm00001eb134120,7,1,11.714285714285714,39,1.604131297471533
Zm00001eb134130,14,3,7.7,37,0.3465532794592231
Zm00001eb134140,8,2,7.9,20,0.9670679465275968
Zm00001eb134330,5,2,8.7,23,0.1818743924695542
Zm00001eb134340,4,1,23.25,64,0.1590184228539831
Zm00001eb134390,6,2,10.285714285714286,31,0.2165284125171663
Zm00001eb134400,14,4,7.35,21,1.423826816460715
Zm00001eb134470,13,3,8.96,32,0.5700007514970529
Zm00001eb134480,10,2,10.0,46,2.3960202526520855
Zm00001eb134520,5,2,10.285714285714286,20,0.2480961480338746
Zm00001eb134530,5,1,7.0,16,0.12317025988782
Zm00001eb134670,10,2,9.538461538461538,29,5.1718406331008575
Zm00001eb134690,8,1,8.75,27,0.1174610610377041
Zm00001eb134700,4,1,8.5,15,0.1967073617316364
Zm00001eb134710,5,2,12.25,36,0.5716343814132807
Zm00001eb134780,4,1,26.75,93,0.1875527841120653
Zm00001eb134820,14,4,10.541666666666666,21,0.7857594061718088
Zm00001eb134850,4,1,9.0,17,0.2816003735270275
Zm00001eb134870,4,1,10.25,35,0.8392827682875397
Zm00001eb134890,11,2,8.466666666666667,18,1.3211437673423598
Zm00001eb134910,13,4,6.7894736842105265,17,0.5909273473404763
Zm00001eb134970,5,1,7.0,13,0.7908693044601158
Zm00001eb135050,10,2,8.5,31,0.7463006827988378
Zm00001eb135190,12,3,6.5,19,0.4162262200776335
Zm00001eb135200,2,1,17.0,20,0.5860168000281258
Zm00001eb135250,14,9,12.767441860465116,59,1.1663016953786756
Zm00001eb135290,8,2,11.0,22,0.6268588765889685
Zm00001eb135460,4,1,7.25,13,1.1740809024172152
Zm00001eb135500,6,1,8.0,17,0.1268877964294761
Zm00001eb135520,7,1,11.571428571428571,35,0.5365512603744481
Zm00001eb135530,4,1,6.5,8,1.514158545517
Zm00001eb135540,4,1,6.75,9,0.3775881026889834
Zm00001eb135570,14,4,7.1,29,0.4722701706291112
Zm00001eb135590,4,2,12.25,32,0.3761609401820081
Zm00001eb135710,4,2,11.5,25,1.303135049835213
Zm00001eb135720,15,2,8.875,24,0.8589422390160186
Zm00001eb135800,12,3,11.181818181818182,51,0.230791532705638
Zm00001eb135810,10,3,6.368421052631579,18,0.6581828309432148
Zm00001eb135860,12,5,8.5625,32,0.5398487612656837
Zm00001eb135900,1,1,30.0,30,0.5979168783668232
Zm00001eb135910,11,2,12.071428571428571,32,0.4962597783822283
Zm00001eb135920,6,1,10.333333333333334,15,0.4818806531087992
Zm00001eb135930,6,1,10.333333333333334,15,0.7719048109718839
Zm00001eb135960,9,2,6.3,18,0.1558118523060304
Zm00001eb135980,13,4,14.416666666666666,56,0.9858430162495352
Zm00001eb136010,10,3,8.411764705882353,21,0.5117904808137247
Zm00001eb136040,5,1,15.2,25,0.4169196612599966
Zm00001eb136130,6,1,8.5,19,0.1485145990267505
Zm00001eb136200,7,2,9.285714285714286,24,0.4011468936435522
Zm00001eb136220,3,1,5.333333333333333,8,0.9749375012019272
Zm00001eb136250,11,2,13.166666666666666,67,0.1849214461878295
Zm00001eb136280,13,5,7.166666666666667,17,0.2912823782048013
Zm00001eb136300,13,4,6.529411764705882,18,0.8133511388699065
Zm00001eb136330,7,1,7.428571428571429,15,1.0103370265475071
Zm00001eb136340,15,10,10.166666666666666,73,1.6844326849183493
Zm00001eb136350,11,4,9.4,30,0.6688630473272618
Zm00001eb136360,7,1,16.285714285714285,80,0.4817494234565268
Zm00001eb136370,5,2,9.2,20,2.321928094887362
Zm00001eb136380,10,2,7.0625,26,0.599765731763818
Zm00001eb136390,14,7,6.1923076923076925,16,1.1535945137596733
Zm00001eb136450,4,1,8.75,14,0.1699044530118736
Zm00001eb136490,8,3,7.25,14,0.7466838324536966
Zm00001eb136500,10,3,20.61111111111111,87,1.504756831549101
Zm00001eb136610,11,3,10.227272727272727,48,0.531618599608118
Zm00001eb136620,9,3,12.076923076923077,23,0.0641643768433211
Zm00001eb136630,9,3,9.461538461538462,24,0.1746014263357417
Zm00001eb136710,3,1,8.666666666666666,14,0.6152237131637511
Zm00001eb136720,8,1,8.25,30,0.3799391527755799
Zm00001eb136750,10,2,5.916666666666667,13,0.4234118642661338
Zm00001eb136840,2,2,1.5,3,2.364860223732568
Zm00001eb136860,11,3,14.466666666666667,35,0.1672908267930341
Zm00001eb136900,5,2,4.4,8,0.2585755445178578
Zm00001eb136920,16,8,11.794871794871796,106,0.4038975531572682
Zm00001eb136940,15,8,9.673913043478262,40,0.1315590143130594
Zm00001eb136960,3,2,7.333333333333333,18,0.2017002075924524
Zm00001eb136980,5,1,10.0,21,0.4105440217150388
Zm00001eb137000,5,1,9.8,13,0.2690181410634454
Zm00001eb137010,7,1,8.571428571428571,18,0.1733743571303264
Zm00001eb137020,6,1,6.166666666666667,11,0.5488774863510834
Zm00001eb137030,6,1,8.0,14,0.4710907925887403
Zm00001eb137170,4,2,9.5,13,0.1845371607161741
Zm00001eb137180,9,2,8.272727272727273,20,0.2045629963351078
Zm00001eb137200,17,5,10.407407407407407,29,0.2158928134119488
Zm00001eb137290,5,2,6.555555555555555,13,0.1871795380120157
Zm00001eb137500,5,2,6.5,12,1.3015485109095373
Zm00001eb137510,7,1,18.285714285714285,80,0.9534452978042594
Zm00001eb137530,13,5,9.076923076923077,29,1.3854666963340705
Zm00001eb137550,3,1,12.0,23,0.1567729335176393
Zm00001eb137570,11,4,8.65,16,1.4383518344536357
Zm00001eb137580,5,1,9.6,18,0.6636055238991986
Zm00001eb137590,6,2,11.454545454545455,17,0.8391832127135228
Zm00001eb137610,10,3,6.466666666666667,15,0.8471987316926098
Zm00001eb137620,4,1,3.75,6,0.452269432466
Zm00001eb137700,7,2,11.125,17,0.6394711261184021
Zm00001eb137710,13,3,4.388888888888889,12,0.6052841771208305
Zm00001eb137720,7,2,7.875,19,0.3294538322200182
Zm00001eb137740,16,3,7.391304347826087,21,0.3586519511051489
Zm00001eb137760,13,4,7.826086956521739,20,0.2517915024298555
Zm00001eb137780,10,4,7.470588235294118,23,1.3030268132356029
Zm00001eb137800,7,1,8.428571428571429,16,0.190732546564606
Zm00001eb137810,10,2,7.923076923076923,17,0.4451201029214475
Zm00001eb137820,3,1,19.333333333333332,29,0.7304121948363299
Zm00001eb137840,5,1,20.2,75,0.2011366778116716
Zm00001eb137850,5,1,11.0,20,0.9407770022421093
Zm00001eb137860,6,2,9.142857142857142,17,0.4428234436249194
Zm00001eb137870,12,3,11.272727272727273,43,0.4648111261998222
Zm00001eb137880,3,1,12.666666666666666,23,0.5610656435747134
Zm00001eb137900,7,1,14.0,34,0.3360743807131423
Zm00001eb137920,10,3,29.09090909090909,129,1.1050413159062096
Zm00001eb137990,10,2,7.2,14,0.2639606553535369
Zm00001eb138030,1,1,6.0,6,0.4228987355754584
Zm00001eb138040,9,3,10.916666666666666,34,0.2073435324165004
Zm00001eb138050,5,1,8.2,16,0.4594698562493705
Zm00001eb138100,13,4,6.2631578947368425,21,0.5004789116593843
Zm00001eb138110,6,1,9.666666666666666,27,0.4070034470586336
Zm00001eb138120,6,1,25.333333333333332,90,0.5849457941204224
Zm00001eb138130,8,3,13.866666666666667,32,0.0
Zm00001eb138200,5,1,12.2,32,0.2980963087710123
Zm00001eb138230,7,1,7.857142857142857,16,0.0884970064696249
Zm00001eb138270,5,1,11.8,31,0.5979328667914552
Zm00001eb138290,5,1,5.0,14,0.655921786672617
Zm00001eb138300,9,4,6.9411764705882355,13,5.46654790281919
Zm00001eb138330,17,5,6.848484848484849,21,0.5484293684252591
Zm00001eb138370,6,2,6.857142857142857,18,0.308345705976855
Zm00001eb138390,10,1,10.8,34,1.2590654961214738
Zm00001eb138410,5,1,7.4,13,0.1564068318872639
Zm00001eb138420,3,1,7.666666666666667,11,0.7444592368985857
Zm00001eb138450,3,1,7.0,10,0.1722119561366756
Zm00001eb138460,10,2,7.8,19,0.6267562148210034
Zm00001eb138480,15,5,10.054054054054054,33,1.0444414324775642
Zm00001eb138490,9,2,9.0,35,0.6918777046376682
Zm00001eb138500,5,1,10.8,26,0.5965855913516301
Zm00001eb138510,7,2,6.142857142857143,18,1.0913002335245778
Zm00001eb138530,16,7,16.236842105263158,107,0.2344652536370229
Zm00001eb138550,5,1,21.6,62,2.373671713337864
Zm00001eb138590,15,4,13.68,69,0.1519904608121607
Zm00001eb138630,9,3,11.631578947368421,25,0.2442298606228308
Zm00001eb138650,10,3,10.0,19,0.1432064061097711
Zm00001eb138670,8,2,6.083333333333333,17,0.3820518734026915
Zm00001eb138680,9,2,9.2,19,0.2739855781687134
Zm00001eb138690,14,7,15.357142857142858,82,0.4253740934734204
Zm00001eb138700,16,5,8.8,60,0.627976223400295
Zm00001eb138710,1,1,0.0,0,0.6707200936678993
Zm00001eb138730,15,6,10.484848484848484,65,0.1534761970736322
Zm00001eb138820,4,1,11.0,23,1.8905675088431528
Zm00001eb138840,3,1,2.0,3,0.6871977573907491
Zm00001eb138890,5,1,7.8,18,1.2302663046437503
Zm00001eb138900,8,1,3.625,7,0.2892586251420853
Zm00001eb138940,8,3,11.0,31,0.3296235054502317
Zm00001eb139060,7,1,9.857142857142858,27,0.1729257641661695
Zm00001eb139070,5,1,8.2,24,1.0961494370565863
Zm00001eb139090,11,3,9.5,37,1.0639477380044482
Zm00001eb139110,16,5,10.757575757575758,37,0.9986091562266136
Zm00001eb139130,12,2,7.166666666666667,17,0.3108369132697871
Zm00001eb139140,15,4,8.478260869565217,33,0.1926551436263035
Zm00001eb139160,6,2,8.625,21,0.2374141849586365
Zm00001eb139170,6,1,7.666666666666667,22,5.104285801160737
Zm00001eb139180,7,2,8.5,22,0.1998547970612375
Zm00001eb139250,4,1,9.75,18,0.5465619977332521
Zm00001eb139270,7,1,9.714285714285714,25,0.1701644498794912
Zm00001eb139380,4,1,8.75,20,0.792533502183298
Zm00001eb139400,9,4,8.833333333333334,30,0.1665510043785427
Zm00001eb139410,5,1,12.0,23,0.5642866126069566
Zm00001eb139460,2,1,3.5,4,0.3999540113395176
Zm00001eb139480,4,1,8.5,19,0.3052221823166934
Zm00001eb139520,11,3,7.4375,17,0.510471247206197
Zm00001eb139640,8,1,6.5,19,1.2512501702645915
Zm00001eb139650,12,4,9.5,31,0.3829234996502866
Zm00001eb139660,5,1,17.2,30,0.5520802207933005
Zm00001eb139700,6,1,6.666666666666667,19,0.4525415140072849
Zm00001eb139770,9,1,7.888888888888889,25,0.4829415495448138
Zm00001eb139780,8,1,9.0,20,0.8690102287862407
Zm00001eb139790,3,1,4.0,7,0.5223795592001943
Zm00001eb139830,9,3,10.846153846153847,19,0.4552576865560304
Zm00001eb139840,7,2,12.142857142857142,48,0.3435405489754983
Zm00001eb139850,3,1,7.666666666666667,19,0.4548286529312474
Zm00001eb139860,4,1,7.75,11,0.1128268266329755
Zm00001eb139880,8,2,6.4,12,0.4777449463440872
Zm00001eb139890,9,2,11.454545454545455,26,0.5333558244621195
Zm00001eb139900,11,5,18.8,80,0.4290493208070092
Zm00001eb139920,3,1,9.666666666666666,12,1.5859077190530773
Zm00001eb139930,2,2,1.5,3,0.7996918161654335
Zm00001eb139970,6,1,15.333333333333334,71,1.2630344058337937
Zm00001eb139990,3,1,7.0,8,0.1877524922469361
Zm00001eb140040,5,2,9.666666666666666,16,0.7934076278385037
Zm00001eb140050,4,1,5.25,7,0.2002452636333762
Zm00001eb140070,4,1,14.0,46,0.2449660573779856
Zm00001eb140100,5,1,18.2,64,0.1065669423783733
Zm00001eb140160,5,1,9.6,16,0.4042580298581558
Zm00001eb140180,3,1,6.0,7,0.233758971764061
Zm00001eb140250,16,5,5.310344827586207,22,1.6517585930428595
Zm00001eb140260,10,2,9.333333333333334,20,0.488024688288758
Zm00001eb140320,5,1,7.8,18,0.7892604380786766
Zm00001eb140330,16,8,8.885714285714286,29,0.5224794954618004
Zm00001eb140360,13,3,9.9,22,0.3239666437818568
Zm00001eb140370,10,2,15.615384615384615,103,0.2434563933438404
Zm00001eb140390,8,1,12.25,32,0.2978966741932877
Zm00001eb140400,10,4,8.722222222222221,20,0.6863359775083616
Zm00001eb140410,8,1,5.625,20,0.5387096078091576
Zm00001eb140430,11,3,9.4,25,0.7149648069965051
Zm00001eb140440,10,3,7.818181818181818,26,1.2237830363777404
Zm00001eb140450,9,3,11.0,25,0.3224253595409361
Zm00001eb140460,9,2,8.0,21,0.9433583328525624
Zm00001eb140470,5,1,10.6,21,0.4610814529229664
Zm00001eb140480,11,3,8.3125,18,0.3468201297752335
Zm00001eb140490,11,4,11.0,63,0.42727900341489
Zm00001eb140530,11,3,8.625,22,1.6645556142361375
Zm00001eb140540,10,2,7.928571428571429,17,0.1063991982561955
Zm00001eb140550,10,2,7.928571428571429,17,0.8925413501340316
Zm00001eb140580,5,1,8.2,15,0.8536240456730223
Zm00001eb140590,10,3,4.666666666666667,10,0.4725818010341063
Zm00001eb140600,16,6,10.666666666666666,83,0.8035472926188266
Zm00001eb140620,8,1,9.375,34,0.6848733402065825
Zm00001eb140630,2,1,28.5,50,0.275962982489664
Zm00001eb140640,13,4,10.136363636363637,24,0.419340763513586
Zm00001eb140660,5,1,5.4,9,0.2513232098917001
Zm00001eb140680,8,2,5.555555555555555,12,0.6125545618218117
Zm00001eb140690,5,1,7.8,14,0.8317011389403226
Zm00001eb140700,7,1,19.142857142857142,74,0.6577893215161584
Zm00001eb140730,5,1,12.4,32,0.1816242948891644
Zm00001eb140740,11,2,9.5,34,0.7775237339223096
Zm00001eb140880,14,3,6.5625,23,0.7627864115650291
Zm00001eb140910,7,2,7.6,12,1.2883537001171348
Zm00001eb140930,3,2,9.666666666666666,21,0.6648260163010231
Zm00001eb140940,6,2,18.181818181818183,40,1.8983678312577716
Zm00001eb140970,8,2,7.545454545454546,22,0.1121079318463171
Zm00001eb140980,12,3,8.294117647058824,37,1.101316774441789
Zm00001eb141010,10,2,6.0,12,2.344009321568789
Zm00001eb141020,8,1,6.625,23,0.4409223121939092
Zm00001eb141060,12,6,7.193548387096774,24,2.2894438642739985
Zm00001eb141120,6,1,3.8333333333333335,9,0.905159866862584
Zm00001eb141130,12,1,5.166666666666667,12,0.5104470467416845
Zm00001eb141160,4,1,8.25,17,0.7688817154160894
Zm00001eb141220,9,2,18.153846153846153,147,0.7164348222669521
Zm00001eb141230,6,1,11.5,27,0.2437019610220107
Zm00001eb141260,4,1,12.5,21,1.9541306263013976
Zm00001eb141270,5,1,12.6,41,0.7425659740090808
Zm00001eb141290,4,1,8.75,12,1.5641511182413816
Zm00001eb141310,5,1,31.0,68,0.1320940795242738
Zm00001eb141420,9,2,8.416666666666666,33,0.1042137057193524
Zm00001eb141430,11,3,9.777777777777779,21,1.3285913711682726
Zm00001eb141480,13,3,7.5,31,0.3679391069218891
Zm00001eb141500,8,1,9.375,21,1.8198969826042404
Zm00001eb141510,4,1,8.75,11,0.7058022093852152
Zm00001eb141530,11,3,6.833333333333333,28,0.9510110454722444
Zm00001eb141540,8,2,7.0,13,0.9107916173323752
Zm00001eb141550,6,1,5.0,9,0.5492517100222651
Zm00001eb141560,10,2,16.6,60,0.4518294545234879
Zm00001eb141600,3,1,6.333333333333333,11,2.639410284743533
Zm00001eb141710,3,1,9.333333333333334,12,0.8737162969980806
Zm00001eb141870,12,4,11.45,41,0.254749664712299
Zm00001eb141890,9,1,11.333333333333334,37,0.5486602256610107
Zm00001eb141910,7,2,10.375,30,3.3362410335191304
Zm00001eb141920,16,5,5.714285714285714,15,0.1875231238659139
Zm00001eb141930,5,1,24.6,95,0.273309094854817
Zm00001eb141940,9,3,8.714285714285714,19,0.1158646470407801
Zm00001eb141980,12,3,9.647058823529411,76,0.9093058883378844
Zm00001eb141990,9,2,8.727272727272727,18,0.1702438716768898
Zm00001eb142010,5,1,18.0,33,0.1515003595133005
Zm00001eb142030,13,4,8.3,39,0.8908275316733785
Zm00001eb142060,4,1,7.0,13,0.5497678367754573
Zm00001eb142090,7,2,9.222222222222221,28,4.193794182013538
Zm00001eb142130,9,1,8.0,24,0.8362126709857478
Zm00001eb142150,9,1,8.0,24,1.326244692540651
Zm00001eb142160,8,2,5.0,12,2.9280031333205407
Zm00001eb142170,14,4,9.222222222222221,31,0.6909838657118212
Zm00001eb142180,6,1,11.666666666666666,23,0.1558117009098272
Zm00001eb142190,11,3,7.045454545454546,22,0.2884834433940985
Zm00001eb142200,12,4,10.551724137931034,50,0.4948162706228104
Zm00001eb142220,14,6,11.054054054054054,50,0.3962215973446104
Zm00001eb142250,7,2,9.909090909090908,20,0.8708929961932068
Zm00001eb142340,7,1,6.285714285714286,14,3.4391116342577015
Zm00001eb142350,7,1,10.0,19,0.9812536112149136
Zm00001eb142360,10,4,7.0,18,0.8289088363420977
Zm00001eb142400,4,1,7.25,18,0.2896786245114532
Zm00001eb142420,10,3,16.214285714285715,61,0.3601290994776065
Zm00001eb142440,14,3,9.047619047619047,22,0.1914477408471758
Zm00001eb142450,6,1,5.666666666666667,14,2.449927946472346
Zm00001eb142460,11,4,13.272727272727273,86,0.8683263426732583
Zm00001eb142530,6,1,11.333333333333334,25,0.2782278681919806
Zm00001eb142540,13,4,8.791666666666666,45,0.1643729537818814
Zm00001eb142560,7,1,8.571428571428571,14,0.3339244939975622
Zm00001eb142580,9,2,10.636363636363637,24,0.9377838418255904
Zm00001eb142600,9,2,9.076923076923077,31,0.726600982407733
Zm00001eb142610,4,1,21.75,66,1.0026853097305897
Zm00001eb142620,12,2,10.823529411764707,33,0.8314321764189893
Zm00001eb142630,17,12,16.311475409836067,101,0.6046512917421378
Zm00001eb142640,7,2,8.625,17,0.414538441496188
Zm00001eb142710,13,6,9.205882352941176,19,0.8559499843078026
Zm00001eb142720,8,2,9.0,16,0.3295848149278824
Zm00001eb142730,8,3,16.153846153846153,37,0.5139956844381869
Zm00001eb142740,14,3,7.7368421052631575,20,0.2517476342464259
Zm00001eb142750,4,1,4.5,13,0.5244369016364111
Zm00001eb142770,6,1,8.5,20,0.1018441796059513
Zm00001eb142790,7,1,15.0,70,0.3416785045284586
Zm00001eb142810,13,4,5.142857142857143,11,0.2104260150590842
Zm00001eb142830,5,1,14.2,49,0.2618199676682193
Zm00001eb142850,7,1,8.0,23,0.5699893157397037
Zm00001eb142940,14,4,7.4,30,0.5380685311297134
Zm00001eb142950,11,3,10.181818181818182,37,0.1396500401400893
Zm00001eb142980,7,1,24.142857142857142,128,0.2697273545060492
Zm00001eb143050,6,1,8.833333333333334,18,0.1677924002550813
Zm00001eb143060,13,3,11.041666666666666,61,0.8158779143234631
Zm00001eb143090,10,1,6.3,16,0.8991221114952211
Zm00001eb143110,10,2,7.25,16,0.4621813657416442
Zm00001eb143140,5,1,9.8,34,1.0914277901897245
Zm00001eb143150,6,1,10.333333333333334,21,0.5505436402866403
Zm00001eb143180,6,1,8.166666666666666,23,0.4789141109474016
Zm00001eb143210,7,1,8.142857142857142,24,0.3920267618086898
Zm00001eb143240,9,3,12.538461538461538,33,0.2079614231594297
Zm00001eb143260,5,1,6.6,10,0.1424801174932806
Zm00001eb143300,16,7,9.875,73,0.3098531873970689
Zm00001eb143310,7,2,9.625,19,0.1610917636569995
Zm00001eb143320,6,1,5.666666666666667,12,0.2105841812216982
Zm00001eb143330,4,1,9.75,19,0.6950459028938448
Zm00001eb143340,15,7,8.054054054054054,18,0.5239318218361922
Zm00001eb143350,11,3,9.538461538461538,26,0.2651271353639305
Zm00001eb143360,15,7,12.897435897435898,66,5.021251815595675
Zm00001eb143370,5,1,8.2,13,0.3602459539700078
Zm00001eb143390,12,3,6.705882352941177,20,0.672284786440264
Zm00001eb143410,4,1,10.75,16,1.6940122068500665
Zm00001eb143430,12,3,9.285714285714286,23,0.1230423181396176
Zm00001eb143440,15,5,5.678571428571429,14,0.4686654440608965
Zm00001eb143460,11,2,10.416666666666666,65,0.6210031938458507
Zm00001eb143500,13,5,6.538461538461538,14,0.6894525450278701
Zm00001eb143510,10,3,11.0,47,0.5640884447914816
Zm00001eb143540,13,6,6.166666666666667,26,1.825458086246599
Zm00001eb143560,8,2,4.3,10,1.760400996933522
Zm00001eb143620,15,5,9.08108108108108,29,0.6982133315952258
Zm00001eb143700,3,1,6.333333333333333,14,0.1456412974276403
Zm00001eb143720,7,1,12.0,41,1.6616505295251032
Zm00001eb143880,6,1,6.5,12,0.2069730289966709
Zm00001eb143890,4,1,15.0,26,0.7564717329820887
Zm00001eb143960,8,2,4.111111111111111,13,1.3820849991604034
Zm00001eb143980,8,2,5.363636363636363,13,0.5436046181848947
Zm00001eb144000,9,2,4.916666666666667,11,0.2943971714344691
Zm00001eb144010,8,2,8.777777777777779,17,0.5164211890296249
Zm00001eb144120,11,3,11.705882352941176,24,0.5899820598230204
Zm00001eb144170,9,3,9.571428571428571,34,0.8341667801763945
Zm00001eb144180,9,3,9.571428571428571,34,0.4150374992788438
Zm00001eb144210,4,1,18.25,41,0.2131572311117361
Zm00001eb144220,12,4,16.869565217391305,56,0.2047953807127517
Zm00001eb144250,8,3,5.923076923076923,10,0.2807055442467543
Zm00001eb144260,14,9,10.477272727272727,40,0.3199080063329331
Zm00001eb144280,15,7,7.365853658536586,23,0.2074864403437439
Zm00001eb144300,7,2,8.25,25,0.265111408211034
Zm00001eb144310,4,1,16.0,21,0.4167507510416823
Zm00001eb144320,9,2,9.5,21,1.0133226468504926
Zm00001eb144330,4,1,9.0,18,0.3301890985315486
Zm00001eb144350,14,7,9.305555555555555,48,0.8306541921566994
Zm00001eb144360,6,1,13.166666666666666,32,0.4231573401910299
Zm00001eb144400,9,2,9.3,27,1.0780184462873428
Zm00001eb144430,9,2,6.0,14,0.2158514841531799
Zm00001eb144440,5,1,12.0,18,0.2403357803129528
Zm00001eb144480,5,1,9.4,16,0.4701199072955053
Zm00001eb144530,15,4,7.703703703703703,33,0.3573821348459274
Zm00001eb144560,14,7,11.842105263157896,43,0.5825065638262003
Zm00001eb144570,12,4,7.823529411764706,26,1.4938726496896049
Zm00001eb144580,9,3,11.31578947368421,26,0.3260434336691891
Zm00001eb144590,12,3,8.823529411764707,27,1.2888922640474314
Zm00001eb144600,10,3,9.411764705882353,19,0.2256550360264495
Zm00001eb144620,7,1,17.0,48,0.4150374992788437
Zm00001eb144630,7,2,6.5,11,0.6821902099141999
Zm00001eb144650,9,1,10.0,21,0.5335849294052806
Zm00001eb144680,10,3,6.416666666666667,18,0.2862209732610109
Zm00001eb144720,12,2,7.466666666666667,24,0.8785131421895089
Zm00001eb144730,3,1,7.0,11,0.167594497460978
Zm00001eb144760,5,1,4.4,10,0.0671779997788481
Zm00001eb144770,11,2,8.5,21,0.1431360464544512
Zm00001eb144810,5,1,9.0,18,4.070319591212963
Zm00001eb144840,7,2,9.666666666666666,20,0.2285730274013835
Zm00001eb144890,5,2,11.714285714285714,30,0.31980327632766
Zm00001eb144900,15,6,7.585365853658536,22,0.4094876172639832
Zm00001eb144960,10,4,7.888888888888889,16,1.7513623634350124
Zm00001eb145030,14,6,7.59375,31,0.8236251913351915
Zm00001eb145040,14,6,7.59375,31,0.4383408652541066
Zm00001eb145050,8,1,10.375,30,0.622384200118217
Zm00001eb145080,11,4,9.45,24,0.8319644819207909
Zm00001eb145200,4,1,12.0,30,4.251538766995965
Zm00001eb145210,16,7,10.162162162162161,32,0.1269523805943193
Zm00001eb145240,8,2,6.714285714285714,16,0.2196153114591116
Zm00001eb145270,7,2,8.125,12,0.8356066665815716
Zm00001eb145310,8,2,9.222222222222221,25,0.5118740639313302
Zm00001eb145340,11,4,14.6,75,0.3044482430663509
Zm00001eb145390,5,1,11.2,19,0.330711283055466
Zm00001eb145400,7,1,9.714285714285714,22,0.402439932256585
Zm00001eb145420,7,1,7.285714285714286,13,0.5421966911792769
Zm00001eb145430,11,5,10.481481481481481,36,0.4883349374919677
Zm00001eb145440,7,1,11.285714285714286,34,0.200013748862086
Zm00001eb145490,9,3,12.166666666666666,58,0.5778540263656495
Zm00001eb145500,7,3,15.909090909090908,37,0.2466941271240248
Zm00001eb145520,11,4,7.142857142857143,13,0.3391337518489091
Zm00001eb145530,8,2,9.4,20,0.1461160179360441
Zm00001eb145540,13,6,9.285714285714286,44,0.8400646532569158
Zm00001eb145570,12,2,13.533333333333333,56,1.0530856411831822
Zm00001eb145580,11,3,14.764705882352942,42,0.1336213003799128
Zm00001eb145640,9,2,5.5,13,0.3499486295442662
Zm00001eb145660,7,1,14.571428571428571,39,0.8065903579515414
Zm00001eb145680,14,7,7.34375,43,1.1137526190719405
Zm00001eb145750,8,3,9.0,19,0.6978167044916793
Zm00001eb145810,10,2,7.8,14,0.9904879473045832
Zm00001eb145860,12,5,12.424242424242424,29,1.1003121891909935
Zm00001eb145870,10,6,13.9,42,1.503368463919868
Zm00001eb145890,16,8,8.133333333333333,18,0.5748635212679998
Zm00001eb145960,15,4,8.75,32,3.212001887598994
Zm00001eb146080,15,6,11.0,62,0.5924690217491179
Zm00001eb146130,3,1,5.666666666666667,13,1.6922520352116603
Zm00001eb146180,7,1,7.428571428571429,22,0.274652616076509
Zm00001eb146190,8,1,8.625,18,0.2669872500466628
Zm00001eb146220,12,3,6.904761904761905,28,2.450661409009565
Zm00001eb146280,6,1,6.333333333333333,13,0.2853581970726029
Zm00001eb146310,16,8,9.926829268292684,49,0.4138913064653813
Zm00001eb146390,12,2,9.3125,66,1.1335413504051106
Zm00001eb146400,9,2,12.928571428571429,34,0.2711564821915693
Zm00001eb146420,12,3,13.470588235294118,39,0.2788216680541248
Zm00001eb146430,7,1,11.0,19,0.1715702287496074
Zm00001eb146490,8,1,6.75,16,0.4392682987317958
Zm00001eb146500,3,1,11.333333333333334,25,0.1947918849730705
Zm00001eb146510,6,2,11.5,31,0.1805446668189804
Zm00001eb146520,4,1,4.0,6,0.5094156238912185
Zm00001eb146530,4,1,7.5,17,0.837089848509746
Zm00001eb146560,7,1,10.285714285714286,14,0.2644003198194175
Zm00001eb146600,5,1,7.0,13,0.2492810117899768
Zm00001eb146650,6,2,8.833333333333334,15,0.3930839848525137
Zm00001eb146690,8,3,5.416666666666667,19,0.3904224378395003
Zm00001eb146700,7,1,9.714285714285714,25,0.5452960848439976
Zm00001eb146730,8,4,12.428571428571429,28,0.5075711624851559
Zm00001eb146750,16,7,7.647058823529412,25,0.2189581316175673
Zm00001eb146760,5,1,11.2,33,0.2195522695692364
Zm00001eb146770,4,1,3.75,6,0.7588764826588086
Zm00001eb146780,11,3,8.538461538461538,35,0.7173130310629173
Zm00001eb146800,6,2,12.142857142857142,35,0.9625115239983616
Zm00001eb146810,6,2,5.0,10,1.1229632740824185
Zm00001eb146830,8,2,10.0,24,0.8340595567302591
Zm00001eb146840,13,3,7.0,20,1.5243711666744209
Zm00001eb146860,10,2,7.181818181818182,24,0.7872062517355738
Zm00001eb146880,7,1,7.0,12,0.5919982783655314
Zm00001eb146890,7,2,10.125,17,0.3494853643061579
Zm00001eb146910,6,1,8.166666666666666,15,0.7074132837640073
Zm00001eb146920,11,2,15.416666666666666,60,1.2039013427113514
Zm00001eb146930,15,8,10.613636363636363,58,0.2772463536171027
Zm00001eb146960,5,1,14.8,24,0.5830515495419943
Zm00001eb146990,7,2,8.25,19,0.6237297153779928
Zm00001eb147060,8,1,7.625,17,0.612279307417854
Zm00001eb147090,14,5,6.708333333333333,30,0.7524589813839352
Zm00001eb147110,13,4,12.64,58,0.7851741666713048
Zm00001eb147150,10,2,10.428571428571429,25,0.1255308820838591
Zm00001eb147170,3,1,12.333333333333334,15,0.3129281941813439
Zm00001eb147220,3,1,10.666666666666666,15,3.078329195780485
Zm00001eb147240,14,5,7.892857142857143,37,2.321928094887362
Zm00001eb147250,4,1,12.75,44,1.612402544400378
Zm00001eb147260,8,1,5.0,15,0.5695917660207216
Zm00001eb147290,14,5,15.73913043478261,32,0.6798293563153656
Zm00001eb147320,3,1,10.0,12,0.1722332377573004
Zm00001eb147330,7,1,7.142857142857143,15,0.168971629358594
Zm00001eb147350,7,1,18.571428571428573,67,1.616591374490763
Zm00001eb147370,5,1,26.2,104,0.7565097353967131
Zm00001eb147390,4,1,27.25,41,0.8512811056061302
Zm00001eb147400,2,1,19.0,19,0.9615366488258624
Zm00001eb147460,6,1,4.833333333333333,13,0.2680805470156585
Zm00001eb147480,7,1,12.428571428571429,27,0.2901026132758516
Zm00001eb147490,15,7,9.122448979591837,28,0.4408926718368787
Zm00001eb147510,4,1,6.0,15,0.4574027316573246
Zm00001eb147520,16,6,6.766666666666667,19,0.8036027871964967
Zm00001eb147530,10,4,14.368421052631579,29,0.4706243952040335
Zm00001eb147540,4,1,8.25,21,1.0
Zm00001eb147610,4,1,7.25,9,0.6363348204010768
Zm00001eb147650,8,1,5.875,17,1.35531990644841
Zm00001eb147720,6,1,11.5,19,0.2008681736417939
Zm00001eb147750,7,2,7.1,12,0.0788910031491347
Zm00001eb147760,6,1,16.166666666666668,36,0.5479701587915172
Zm00001eb147780,5,1,9.0,12,0.2067255905909685
Zm00001eb147810,4,1,9.75,20,0.1921722362988625
Zm00001eb147850,5,1,12.0,19,0.327053759471066
Zm00001eb147860,7,1,6.0,17,0.7899336648899711
Zm00001eb147890,8,2,5.0,16,0.4354004227409128
Zm00001eb147900,9,3,11.363636363636363,64,0.3378069136628832
Zm00001eb147910,6,1,8.333333333333334,21,0.4837564174477471
Zm00001eb147920,13,4,8.666666666666666,25,2.11494746375729
Zm00001eb147930,5,2,7.0,11,1.0626209579023265
Zm00001eb147970,5,1,8.8,20,0.2486450065911047
Zm00001eb147980,12,4,11.157894736842104,26,0.4559083433292756
Zm00001eb147990,13,5,7.619047619047619,24,1.4089508099005026
Zm00001eb148040,11,3,11.357142857142858,32,0.6336818228027947
Zm00001eb148070,14,6,7.448275862068965,18,0.2700134486552932
Zm00001eb148100,9,1,6.333333333333333,17,0.621664751227211
Zm00001eb148110,4,1,12.0,29,0.2041521357432406
Zm00001eb148120,5,1,11.8,23,0.4826991834791312
Zm00001eb148130,6,2,13.142857142857142,37,0.1985412536484884
Zm00001eb148210,11,3,10.5625,63,0.9769862837702884
Zm00001eb148220,6,1,7.0,20,0.6474444452353914
Zm00001eb148290,12,4,7.666666666666667,30,0.1074372109729644
Zm00001eb148300,17,5,5.0,27,0.2439235896834861
Zm00001eb148310,11,3,9.555555555555555,22,0.7597717616573033
Zm00001eb148320,11,3,8.944444444444445,18,0.759836781766058
Zm00001eb148380,5,2,8.666666666666666,13,1.3822019229810112
Zm00001eb148400,10,3,8.307692307692308,34,0.6221836893740873
Zm00001eb148430,2,1,5.0,10,0.15815059639037
Zm00001eb148530,8,2,12.4,78,0.6829248741361108
Zm00001eb148550,4,1,3.0,7,0.7835202963619469
Zm00001eb148570,6,1,6.166666666666667,20,1.473766290052932
Zm00001eb148580,5,1,4.4,6,0.5689252044174884
Zm00001eb148600,5,1,7.0,19,1.4463791283065284
Zm00001eb148610,13,6,6.838709677419355,17,0.2017228144810446
Zm00001eb148620,11,3,9.875,28,0.5079246809106458
Zm00001eb148630,13,5,15.142857142857142,86,0.4812564127635464
Zm00001eb148640,4,1,6.25,10,0.7005315300123919
Zm00001eb148690,5,1,7.2,23,0.1605586982007845
Zm00001eb148720,7,1,6.571428571428571,13,0.7726913614533877
Zm00001eb148750,7,1,6.571428571428571,14,0.3648803327729635
Zm00001eb148780,9,3,30.583333333333332,100,0.6253986989974228
Zm00001eb148790,12,3,6.5,16,1.373288204062203
Zm00001eb148810,8,2,11.0,56,1.3513390566042898
Zm00001eb148820,6,1,6.0,11,0.1444408208911467
Zm00001eb148880,6,1,12.0,23,0.7200394693499963
Zm00001eb148920,8,2,6.916666666666667,11,0.6203886555759556
Zm00001eb148930,8,2,8.75,26,0.3267582348962448
Zm00001eb149000,11,3,9.375,24,0.3971968290929927
Zm00001eb149010,9,2,11.5,19,0.4796712062829859
Zm00001eb149030,14,5,5.6,15,1.3153119565267577
Zm00001eb149080,6,2,8.727272727272727,17,1.8246437294441376
Zm00001eb149170,5,2,14.285714285714286,31,0.3351742704739907
Zm00001eb149250,6,2,5.375,10,2.7169402859388896
Zm00001eb149340,4,1,14.25,36,0.5790483193789552
Zm00001eb149400,4,1,9.5,14,0.8246043029215977
Zm00001eb149420,12,3,12.4375,64,0.7648288161124739
Zm00001eb149430,8,2,6.3,10,0.2020661020976822
Zm00001eb149450,6,1,9.833333333333334,20,0.5418472409204231
Zm00001eb149500,7,1,6.142857142857143,12,0.6081788675313686
Zm00001eb149510,13,4,8.761904761904763,17,0.3537463216729206
Zm00001eb149520,11,4,9.347826086956522,19,0.2379351664971171
Zm00001eb149540,8,1,8.625,23,0.1669809708630721
Zm00001eb149550,6,1,6.0,11,0.5374991423165323
Zm00001eb149570,5,1,5.6,8,0.6005914331615448
Zm00001eb149610,6,1,4.166666666666667,15,0.3163140914072726
Zm00001eb149630,10,4,6.470588235294118,15,0.6784406873920366
Zm00001eb149640,14,3,5.380952380952381,19,0.1061075242492562
Zm00001eb149650,3,1,17.666666666666668,37,1.0872226104902556
Zm00001eb149670,9,2,9.636363636363637,27,0.989589717608176
Zm00001eb149720,16,5,8.133333333333333,18,0.3395310096959291
Zm00001eb149730,16,7,7.5625,40,0.2362382716751849
Zm00001eb149740,14,5,6.5,23,0.9736642327920134
Zm00001eb149750,10,3,5.846153846153846,24,0.5837333091785258
Zm00001eb149760,8,2,5.2727272727272725,15,0.6789302066276581
Zm00001eb149810,9,3,5.214285714285714,15,0.9641338829915628
Zm00001eb149830,14,7,13.46875,43,0.6830578728037614
Zm00001eb149840,13,5,11.130434782608695,38,0.9137722725049284
Zm00001eb149860,4,1,12.5,16,0.1900801984487291
Zm00001eb149900,12,2,9.5,21,0.2600973580360887
Zm00001eb149940,4,1,12.75,37,0.1764061739803993
Zm00001eb150040,3,1,10.0,24,0.1460415352063331
Zm00001eb150090,15,3,6.45,31,0.3266363228037491
Zm00001eb150100,9,3,14.473684210526315,61,1.2026600359064596
Zm00001eb150110,3,1,8.333333333333334,12,0.5778696985040769
Zm00001eb150130,12,3,8.578947368421053,50,0.1974344740301279
Zm00001eb150140,14,4,9.857142857142858,28,0.2346810261014059
Zm00001eb150150,8,3,7.454545454545454,15,0.4692548805748406
Zm00001eb150170,5,1,6.2,10,0.6143135427168811
Zm00001eb150260,6,1,4.833333333333333,8,1.0350783143887743
Zm00001eb150290,7,1,12.571428571428571,42,0.3111305006608261
Zm00001eb150320,13,5,14.071428571428571,42,0.517753665078098
Zm00001eb150360,11,2,8.333333333333334,15,1.1715420712754092
Zm00001eb150400,6,1,11.166666666666666,36,0.6042377212937888
Zm00001eb150440,9,4,10.176470588235293,16,1.14121980890324
Zm00001eb150460,10,2,7.583333333333333,14,0.6689409095541619
Zm00001eb150470,4,1,10.0,11,0.4554765426799772
Zm00001eb150500,11,5,10.125,31,0.2893608197357332
Zm00001eb150510,3,1,17.666666666666668,35,0.2416999837043048
Zm00001eb150530,3,1,6.333333333333333,9,0.1396028573885153
Zm00001eb150540,15,8,8.659090909090908,36,0.478609677755727
Zm00001eb150550,5,1,6.6,11,1.5683768586335636
Zm00001eb150560,14,6,10.457142857142857,33,1.709823548074974
Zm00001eb150610,6,1,8.333333333333334,13,0.6296104710995511
Zm00001eb150620,14,6,7.84375,26,0.5497125548861771
Zm00001eb150630,10,3,9.590909090909092,29,0.3302942522758151
Zm00001eb150640,12,3,12.75,84,0.1678202725857695
Zm00001eb150680,7,1,9.142857142857142,15,0.5232146569359698
Zm00001eb150710,10,3,9.235294117647058,20,0.8707717044420834
Zm00001eb150730,9,2,5.8,12,0.1516672218806775
Zm00001eb150740,14,4,7.5,27,0.518616362938843
Zm00001eb150750,3,1,5.0,11,0.9129581023505272
Zm00001eb150770,8,2,5.3,10,0.8841714176545968
Zm00001eb150790,5,1,5.0,6,0.6423425663816965
Zm00001eb150810,9,1,5.888888888888889,24,0.2943793035852572
Zm00001eb150820,12,3,7.8125,22,1.0
Zm00001eb150840,12,3,12.35,58,0.3117338683590517
Zm00001eb150880,7,1,11.142857142857142,25,0.20850091920025
Zm00001eb150960,13,4,10.454545454545455,47,0.3558913777021346
Zm00001eb151100,6,3,14.777777777777779,45,1.312587706931383
Zm00001eb151110,4,1,5.0,7,0.2814267002695961
Zm00001eb151120,8,2,11.454545454545455,30,0.8416251663253631
Zm00001eb151140,6,1,7.833333333333333,11,0.4516839176449879
Zm00001eb151160,9,2,10.916666666666666,39,0.6905364069326858
Zm00001eb151170,13,5,5.833333333333333,29,2.68022355271644
Zm00001eb151190,5,1,10.2,17,0.384317651729278
Zm00001eb151240,11,3,7.391304347826087,12,1.5772617635186017
Zm00001eb151280,9,3,12.583333333333334,36,0.5791010938454318
Zm00001eb151300,8,2,5.9,12,0.7164031521234343
Zm00001eb151310,5,1,19.0,58,1.1941141403698674
Zm00001eb151350,6,1,8.166666666666666,15,0.15200309344505
Zm00001eb151380,3,1,7.0,9,0.5049673041215278
Zm00001eb151400,11,3,9.833333333333334,53,0.6466103491563356
Zm00001eb151440,9,3,10.4,26,0.1713169973677067
Zm00001eb151500,10,2,9.454545454545455,25,1.0772965413715316
Zm00001eb151510,10,4,8.894736842105264,28,1.1191216057232465
Zm00001eb151540,1,1,31.0,31,0.3658762456775206
Zm00001eb151550,7,1,12.142857142857142,51,0.96329467319393
Zm00001eb151570,13,5,9.153846153846153,27,1.3339685416424134
Zm00001eb151710,5,1,2.2,6,0.4015892013586439
Zm00001eb151720,10,2,9.692307692307692,25,0.2452834829056204
Zm00001eb151740,6,2,13.444444444444445,28,4.532121081455581
Zm00001eb151770,11,2,3.5,12,1.1207515690739074
Zm00001eb151860,4,1,9.75,27,1.025035483548446
Zm00001eb151870,2,1,11.5,14,0.2328006019013652
Zm00001eb151900,5,1,4.2,7,0.3566711156373087
Zm00001eb151970,6,1,11.5,30,0.3289747620630774
Zm00001eb152000,8,1,7.625,18,0.6361088668710495
Zm00001eb152020,11,2,7.416666666666667,22,2.70577946422828
Zm00001eb152080,8,2,8.444444444444445,15,0.4176355971799687
Zm00001eb152090,14,3,9.15,36,1.873410188582468
Zm00001eb152100,9,2,11.454545454545455,51,0.4533934543837567
Zm00001eb152110,10,2,12.142857142857142,31,1.2081343728579952
Zm00001eb152120,5,2,10.75,22,1.055490548948429
Zm00001eb152180,10,4,8.157894736842104,21,0.2524404355454204
Zm00001eb152190,12,3,7.25,17,0.9629031796902584
Zm00001eb152250,4,1,23.0,54,0.5300024395177612
Zm00001eb152340,4,1,14.0,37,2.1511438552869246
Zm00001eb152470,6,1,16.333333333333332,47,1.584962500721156
Zm00001eb152480,12,3,12.357142857142858,88,1.3163695387217509
Zm00001eb152490,3,1,3.6666666666666665,5,0.3128827240871858
Zm00001eb152500,8,1,9.0,17,0.0705290609212596
Zm00001eb152510,8,1,5.75,15,0.8208006196059844
Zm00001eb152570,9,3,13.23076923076923,66,0.6385943839333001
Zm00001eb152600,6,1,12.666666666666666,49,0.1668037739300805
Zm00001eb152680,8,2,10.0,27,1.6605308060975434
Zm00001eb152750,8,2,11.875,36,0.690466990399779
Zm00001eb152790,3,1,11.666666666666666,25,1.1589272710092506
Zm00001eb152810,6,1,7.5,22,0.5457646466177252
Zm00001eb152830,7,1,5.714285714285714,8,0.2709349148046178
Zm00001eb152880,6,1,8.166666666666666,15,3.2600986809988988
Zm00001eb152900,15,4,10.571428571428571,22,0.5727697753295038
Zm00001eb152920,11,3,8.8125,23,1.3202634738252803
Zm00001eb152950,5,1,8.6,16,0.8966187318692296
Zm00001eb152990,5,1,15.8,46,0.4175418528608658
Zm00001eb153010,7,2,11.625,23,0.4357326702128875
Zm00001eb153020,13,7,7.454545454545454,24,0.8589877408552843
Zm00001eb153030,6,1,7.666666666666667,18,1.3572832933735084
Zm00001eb153040,8,2,3.8333333333333335,7,0.9621584989342729
Zm00001eb153070,17,9,9.617021276595745,35,0.5677013836013299
Zm00001eb153090,8,2,5.9,14,0.680522980617295
Zm00001eb153100,8,1,8.5,16,0.1240203629464703
Zm00001eb153130,9,2,5.25,17,0.7479883203303053
Zm00001eb153170,2,1,14.5,20,0.539300329188983
Zm00001eb153180,13,4,7.523809523809524,48,0.1030486166737879
Zm00001eb153320,7,2,11.583333333333334,26,0.465601748531007
Zm00001eb153330,9,2,9.272727272727273,25,0.4137842663234409
Zm00001eb153340,7,2,9.625,23,0.1661218441969361
Zm00001eb153350,11,5,5.7272727272727275,25,1.2854022188622485
Zm00001eb153360,12,4,12.45,41,0.368065176796422
Zm00001eb153460,7,2,7.0,32,0.53886202242968
Zm00001eb153470,7,2,7.0,32,0.9757404033051044
Zm00001eb153480,8,2,8.2,17,0.5533942931007018
Zm00001eb153500,5,1,8.0,10,0.3084439337744014
Zm00001eb153520,8,1,11.25,33,0.713104290606136
Zm00001eb153580,5,1,9.2,19,0.4608894307080875
Zm00001eb153590,6,2,7.285714285714286,15,0.1884467066601116
Zm00001eb153610,14,6,10.205882352941176,25,0.6283819892201051
Zm00001eb153620,13,4,9.181818181818182,31,0.2018049135525456
Zm00001eb153630,6,1,13.0,25,0.9325225297823956
Zm00001eb153700,8,1,8.5,19,1.1056110643001251
Zm00001eb153710,9,4,17.785714285714285,62,0.6861955830509546
Zm00001eb153730,11,2,10.083333333333334,21,1.5341829947922154
Zm00001eb153750,12,3,6.4375,12,0.5615762949785038
Zm00001eb153760,7,2,14.857142857142858,70,1.4429339147573184
Zm00001eb153770,12,3,11.285714285714286,37,0.3054102052967154
Zm00001eb153780,14,6,9.875,36,0.2207815711626951
Zm00001eb153800,14,4,15.347826086956522,70,0.3365479753737207
Zm00001eb153830,10,3,8.6875,27,0.8820323815868593
Zm00001eb153940,14,4,9.05,23,0.1242148517341285
Zm00001eb153970,10,2,9.5,46,0.8504757163020337
Zm00001eb153980,15,3,8.45,46,0.1066752328739035
Zm00001eb154000,9,4,5.0625,12,0.9945238361194572
Zm00001eb154010,13,4,12.391304347826088,29,0.2990820459402131
Zm00001eb154040,10,2,6.5,19,2.148500723404708
Zm00001eb154060,4,1,13.75,44,0.4463584405845109
Zm00001eb154070,13,4,10.875,42,0.5266672167257813
Zm00001eb154100,9,3,7.357142857142857,15,0.1747672372890585
Zm00001eb154130,7,1,9.571428571428571,18,0.3165420304418166
Zm00001eb154140,8,2,11.333333333333334,35,0.6129030813871745
Zm00001eb154170,9,2,6.8,28,0.5983213216217984
Zm00001eb154190,11,3,15.555555555555555,65,5.81820771826906
Zm00001eb154220,14,4,9.75,70,0.1708092522454097
Zm00001eb154230,12,5,8.827586206896552,34,1.0067653744151277
Zm00001eb154260,8,2,7.2,25,0.4641058075929202
Zm00001eb154280,7,1,6.0,13,0.5020603971092269
Zm00001eb154350,15,5,10.466666666666667,31,0.800460776961959
Zm00001eb154360,9,2,5.555555555555555,12,0.4841411072563573
Zm00001eb154380,4,2,2.0,4,1.0467004187170128
Zm00001eb154420,6,1,7.0,21,0.1877062644207032
Zm00001eb154440,17,8,10.346153846153847,73,0.5289037810281955
Zm00001eb154460,3,1,4.0,6,0.7026931162448711
Zm00001eb154480,8,2,9.1,36,0.65535994085433
Zm00001eb154490,3,1,8.0,13,0.1641096535298082
Zm00001eb154510,13,3,10.047619047619047,41,0.4496094319937618
Zm00001eb154520,6,2,9.571428571428571,17,1.1807426293884091
Zm00001eb154530,3,1,5.666666666666667,8,0.529934545861341
Zm00001eb154550,3,1,9.0,18,0.4467866680727092
Zm00001eb154560,12,4,4.6875,9,0.7566180528402977
Zm00001eb154570,4,1,8.5,13,0.6528695877487342
Zm00001eb154580,11,4,11.833333333333334,21,0.9747636888541448
Zm00001eb154610,3,1,7.0,11,1.115569352212323
Zm00001eb154650,15,6,8.131578947368421,32,1.3685480654183015
Zm00001eb154670,8,1,10.25,18,1.4071538413496856
Zm00001eb154690,4,1,8.0,21,0.2209562645813746
Zm00001eb154730,3,1,9.666666666666666,15,0.5304368416452934
Zm00001eb154790,3,1,11.0,24,0.524329638145022
Zm00001eb154820,10,2,14.153846153846153,28,0.5153417380354748
Zm00001eb154830,15,4,11.0,105,1.7164427202148445
Zm00001eb154840,13,3,7.052631578947368,21,0.2954558835261713
Zm00001eb154850,7,2,7.111111111111111,14,1.8230741018893464
Zm00001eb154860,6,2,6.555555555555555,16,0.6450482049593942
Zm00001eb154950,6,1,9.0,15,0.2535378183867047
Zm00001eb155060,14,5,9.333333333333334,55,0.2308800184722755
Zm00001eb155140,5,1,5.0,13,1.2998477680536535
Zm00001eb155150,14,7,7.102564102564102,17,0.2663926527414144
Zm00001eb155270,5,1,9.6,16,0.1664695032542484
Zm00001eb155300,2,1,6.0,6,1.355133852819536
Zm00001eb155310,4,1,8.5,17,0.1586063784928095
Zm00001eb155320,12,4,9.75,73,0.5526862271251466
Zm00001eb155340,14,5,6.0,17,2.215432578182585
Zm00001eb155350,14,5,6.0,17,0.2932835463792665
Zm00001eb155360,9,3,6.090909090909091,22,0.6907880734414457
Zm00001eb155390,11,3,12.91304347826087,37,0.9712425077622076
Zm00001eb155410,14,3,8.916666666666666,23,0.3540854579808712
Zm00001eb155420,13,4,6.36,29,0.6164984674200045
Zm00001eb155530,3,1,7.333333333333333,13,0.1770262229976514
Zm00001eb155550,7,2,5.625,13,0.4894315239887044
Zm00001eb155560,7,1,14.142857142857142,32,0.7654872209457703
Zm00001eb155580,8,2,7.733333333333333,16,0.4368249923395341
Zm00001eb155590,5,1,6.4,15,0.4282321564312194
Zm00001eb155600,17,7,9.61111111111111,34,0.5291320287340833
Zm00001eb155620,10,4,12.15,24,1.556122013365015
Zm00001eb155640,4,1,9.5,19,1.956803319680912
Zm00001eb155650,6,1,8.333333333333334,23,0.2765721461737712
Zm00001eb155660,13,3,7.666666666666667,23,0.3274281325066092
Zm00001eb155720,8,1,6.125,14,0.3526891454726181
Zm00001eb155730,14,2,6.9375,33,0.3106333572720539
Zm00001eb155750,5,1,17.4,26,0.7396450597926597
Zm00001eb155870,11,4,16.047619047619047,72,0.7509615152105893
Zm00001eb155910,8,2,4.9,12,0.6681061708903573
Zm00001eb155920,11,2,7.571428571428571,16,0.4794981035448915
Zm00001eb155940,10,3,13.066666666666666,33,0.6633199914825263
Zm00001eb155950,6,1,7.166666666666667,16,0.5240634022562606
Zm00001eb155980,5,1,10.4,17,0.161798144677796
Zm00001eb155990,5,1,7.8,16,0.1807866429942654
Zm00001eb156000,8,3,8.818181818181818,16,0.23082623101357
Zm00001eb156010,12,3,11.555555555555555,90,0.4096693943068664
Zm00001eb156020,12,4,7.666666666666667,30,0.2043251206917129
Zm00001eb156030,5,2,13.444444444444445,18,0.4638287201483031
Zm00001eb156040,14,4,8.041666666666666,14,0.479128671323844
Zm00001eb156060,14,4,7.44,30,0.4275603941589334
Zm00001eb156070,4,2,8.75,22,0.654000384043923
Zm00001eb156080,17,11,8.546875,31,0.5317276380566739
Zm00001eb156100,17,12,8.521739130434783,31,2.0377104198065163
Zm00001eb156130,3,1,6.0,12,2.0089282682374563
Zm00001eb156150,13,4,8.875,22,1.4304268803706583
Zm00001eb156200,13,4,7.9523809523809526,30,0.7437642427460801
Zm00001eb156210,9,2,7.181818181818182,15,0.4612779127882586
Zm00001eb156220,5,1,27.8,115,0.1315219251683714
Zm00001eb156230,6,1,16.0,40,0.3536369546147006
Zm00001eb156310,10,3,12.8125,63,0.6818092521044226
Zm00001eb156330,3,2,11.0,14,0.2416854762757558
Zm00001eb156350,4,1,10.5,18,0.6674628495769174
Zm00001eb156460,6,2,7.25,15,0.4861477974445517
Zm00001eb156500,7,2,13.0,35,0.7198163692558236
Zm00001eb156520,4,1,2.25,7,1.0766450326384815
Zm00001eb156560,15,6,7.536585365853658,38,0.8454168763466539
Zm00001eb156570,1,1,13.0,13,1.0335098075692235
Zm00001eb156580,1,1,13.0,13,0.1626964954534401
Zm00001eb156610,13,3,12.722222222222221,53,0.4013939342183895
Zm00001eb156620,5,1,6.8,13,0.4290542255755619
Zm00001eb156640,6,2,10.0,15,0.3197459673684052
Zm00001eb156650,11,3,13.055555555555555,59,0.7683482050761307
Zm00001eb156680,12,4,8.625,36,1.0358588079463162
Zm00001eb156700,5,1,4.2,6,0.2491359409858185
Zm00001eb156710,17,7,7.826086956521739,49,0.5286532800248002
Zm00001eb156720,5,1,6.8,21,3.9855931571336263
Zm00001eb156760,6,3,6.0,18,0.355540350359393
Zm00001eb156770,8,2,6.555555555555555,13,0.9242771499046042
Zm00001eb156790,13,6,13.071428571428571,70,1.1014198336947243
Zm00001eb156800,10,1,4.9,13,2.356397039821456
Zm00001eb156810,4,1,18.0,42,1.000957905311418
Zm00001eb156820,3,2,10.75,14,0.9174838199954384
Zm00001eb156830,3,1,1.6666666666666667,3,0.545103832874484
Zm00001eb156870,9,3,11.333333333333334,35,0.5508549013231276
Zm00001eb156880,13,5,8.827586206896552,35,1.655351828612554
Zm00001eb156890,5,1,11.4,18,0.8590005381220609
Zm00001eb156910,6,1,16.333333333333332,60,0.6387787524395029
Zm00001eb157010,6,1,5.5,11,1.1025082279079024
Zm00001eb157040,7,1,14.428571428571429,32,0.2585241576443292
Zm00001eb157060,14,9,9.030303030303031,30,1.337664958552485
Zm00001eb157070,4,1,8.5,11,0.4786190544058464
Zm00001eb157080,6,1,4.833333333333333,18,0.2814665409601017
Zm00001eb157100,9,2,7.818181818181818,22,0.8417441491472407
Zm00001eb157120,4,1,7.0,8,0.5335704853321727
Zm00001eb157130,8,2,8.0,16,0.6064452850687242
Zm00001eb157150,6,1,6.833333333333333,16,0.617886150119184
Zm00001eb157160,13,4,10.055555555555555,45,0.5307683432732219
Zm00001eb157170,6,1,10.0,22,1.1831592273145517
Zm00001eb157180,10,2,10.25,26,0.6447533085974926
Zm00001eb157270,6,1,10.0,32,0.5308753346232185
Zm00001eb157280,4,1,8.25,12,0.9555343920196704
Zm00001eb157310,13,2,11.642857142857142,50,0.534980131136407
Zm00001eb157340,7,1,15.428571428571429,39,0.733305438473865
Zm00001eb157350,5,1,9.0,14,0.3458512209561796
Zm00001eb157380,14,6,5.064516129032258,15,0.4854541023694083
Zm00001eb157460,6,1,7.666666666666667,17,0.3774437510817343
Zm00001eb157470,5,1,4.0,10,0.1654371891848352
Zm00001eb157530,4,2,9.0,11,0.4050807595195566
Zm00001eb157540,16,6,9.387096774193548,41,0.1888121527352354
Zm00001eb157570,5,1,13.0,25,0.6341055659732755
Zm00001eb157580,7,1,14.142857142857142,44,0.535530314126668
Zm00001eb157590,4,1,7.0,10,0.5991265139527269
Zm00001eb157610,5,2,13.0,26,1.9649433763941755
Zm00001eb157640,13,5,7.846153846153846,29,0.2431324890144734
Zm00001eb157650,6,1,7.666666666666667,16,0.3697187105401696
Zm00001eb157660,6,1,16.0,57,0.2130696264274555
Zm00001eb157700,11,3,7.055555555555555,16,2.855429763366492
Zm00001eb157720,5,1,10.2,17,0.4927485995403545
Zm00001eb157740,5,1,17.2,39,0.3513816416496199
Zm00001eb157790,14,5,7.291666666666667,17,0.7222629270811688
Zm00001eb157810,10,1,8.2,30,0.7318398309157165
Zm00001eb157820,5,1,5.2,12,0.9227884351682492
Zm00001eb157850,7,2,7.111111111111111,13,0.0790343117222319
Zm00001eb157860,13,5,7.863636363636363,28,0.8801342701502977
Zm00001eb157880,14,3,9.666666666666666,46,1.9278723474276904
Zm00001eb157890,12,3,8.666666666666666,28,0.6225118187978025
Zm00001eb157900,10,2,8.538461538461538,23,0.5515065175180143
Zm00001eb157980,14,5,8.346153846153847,24,1.7788419850011994
Zm00001eb158000,10,2,10.727272727272727,31,0.5895725497751598
Zm00001eb158090,4,1,3.0,6,0.4896661967421646
Zm00001eb158170,7,1,9.857142857142858,27,0.8201541712479455
Zm00001eb158190,6,1,4.833333333333333,10,0.1964985001607194
Zm00001eb158200,6,1,8.833333333333334,16,0.51540447981482
Zm00001eb158210,4,1,7.5,14,0.6637814435268518
Zm00001eb158220,9,4,6.666666666666667,13,1.4625959658677388
Zm00001eb158260,12,4,8.058823529411764,22,1.9037650020358912
Zm00001eb158270,3,1,10.0,21,1.4310099095453286
Zm00001eb158290,10,2,5.769230769230769,18,0.6011632054399023
Zm00001eb158300,15,5,9.206896551724139,37,0.9601685530454842
Zm00001eb158320,5,1,10.8,15,2.6275978514484186
Zm00001eb158370,10,3,15.333333333333334,46,0.4597611569517464
Zm00001eb158480,9,4,10.133333333333333,21,0.2450629250716288
Zm00001eb158490,9,3,8.5,28,1.4058098555910852
Zm00001eb158500,11,3,10.533333333333333,23,0.4540527529645151
Zm00001eb158530,11,3,11.923076923076923,42,0.585690569038553
Zm00001eb158630,9,3,20.5,100,0.9030778939024984
Zm00001eb158640,11,4,8.928571428571429,27,1.7977047829542765
Zm00001eb158710,6,1,5.166666666666667,14,0.340079166326495
Zm00001eb158740,10,3,12.461538461538462,61,0.9237530658698034
Zm00001eb158750,10,3,8.133333333333333,16,0.2133063287026807
Zm00001eb158770,5,1,7.4,15,0.429212013703489
Zm00001eb158800,13,4,9.083333333333334,26,0.8494009670999717
Zm00001eb158810,12,4,6.190476190476191,22,0.1873024296702601
Zm00001eb158820,5,1,5.2,11,0.6466840680242941
Zm00001eb158830,4,1,4.75,8,0.1287731709102974
Zm00001eb158840,5,2,7.625,20,0.1935107716415956
Zm00001eb158860,11,3,8.2,19,0.5984405347869313
Zm00001eb158870,11,2,7.916666666666667,18,0.9054216096967278
Zm00001eb158970,6,1,8.166666666666666,20,1.1377695675088382
Zm00001eb159000,6,1,8.833333333333334,24,0.6157452575266091
Zm00001eb159010,12,2,9.692307692307692,31,0.6581473203561622
Zm00001eb159030,7,2,4.142857142857143,11,0.7395075712151506
Zm00001eb159080,5,1,15.2,30,0.2103833387947842
Zm00001eb159090,4,1,6.0,14,1.226251684974003
Zm00001eb159120,6,1,3.6666666666666665,6,1.7237622119179332
Zm00001eb159140,11,3,7.823529411764706,26,0.5475701130226773
Zm00001eb159150,7,1,8.0,15,0.3564284544192419
Zm00001eb159180,9,1,15.666666666666666,58,2.108230660571692
Zm00001eb159200,14,3,10.736842105263158,31,0.2480885921736025
Zm00001eb159210,10,2,9.363636363636363,28,0.8137918557860264
Zm00001eb159250,6,1,5.5,12,0.534067663475133
Zm00001eb159270,16,5,8.806451612903226,21,0.222392421336448
Zm00001eb159280,12,3,4.785714285714286,16,0.658818485661015
Zm00001eb159320,6,1,5.333333333333333,10,1.304448698983206
Zm00001eb159350,11,3,7.5,29,0.609163220987129
Zm00001eb159380,4,1,9.75,16,0.8066493849843391
Zm00001eb159390,12,3,7.473684210526316,27,0.0989696888059544
Zm00001eb159400,7,1,10.142857142857142,24,0.5502857109967614
Zm00001eb159410,11,1,9.636363636363637,29,0.5716400978537751
Zm00001eb159440,5,1,8.4,20,0.471006403272454
Zm00001eb159450,12,4,7.903225806451613,22,1.6115935724607104
Zm00001eb159520,11,2,6.818181818181818,16,0.3925051810710971
Zm00001eb159550,13,4,8.454545454545455,16,0.435516123644428
Zm00001eb159570,6,2,10.285714285714286,25,0.3904182682943435
Zm00001eb159580,8,2,12.333333333333334,31,0.9415299686457465
Zm00001eb159610,8,2,5.875,11,0.2763026447113331
Zm00001eb159620,7,3,9.636363636363637,45,0.3446593637780946
Zm00001eb159630,10,3,13.647058823529411,107,0.4198358120763401
Zm00001eb159680,13,4,14.434782608695652,72,0.5577386087099679
Zm00001eb159690,13,4,14.434782608695652,72,0.497748777209847
Zm00001eb159720,12,3,10.411764705882353,32,0.6864927004751248
Zm00001eb159730,5,1,11.4,18,0.5249918149554929
Zm00001eb159750,6,1,9.166666666666666,21,0.1544614255698629
Zm00001eb159810,10,2,8.545454545454545,25,0.3735996605167918
Zm00001eb159820,12,6,7.967741935483871,20,0.2175949303216903
Zm00001eb159830,8,3,11.818181818181818,32,0.5192366369216018
Zm00001eb159840,6,2,9.142857142857142,28,0.4373437105597368
Zm00001eb159850,16,9,6.7924528301886795,15,0.6356627837706019
Zm00001eb159870,15,8,10.25,36,4.014269904334744
Zm00001eb159890,7,3,12.6,44,0.1596356929697451
Zm00001eb159910,10,3,7.071428571428571,17,2.7863047382423773
Zm00001eb159940,10,2,13.090909090909092,26,1.2285922130054727
Zm00001eb159960,2,1,7.0,10,0.5077428712409637
Zm00001eb159970,17,9,13.36,67,0.2514060852663125
Zm00001eb159980,9,1,10.0,30,0.4559269743356247
Zm00001eb160040,8,1,6.375,18,0.5552004637027645
Zm00001eb160070,5,1,9.4,17,0.7508833525647196
Zm00001eb160080,14,4,7.451612903225806,19,0.675971984150061
Zm00001eb160100,7,1,10.285714285714286,21,0.610034448534016
Zm00001eb160160,6,1,8.0,16,0.1001824829610193
Zm00001eb160190,13,3,6.388888888888889,18,0.8256928847098183
Zm00001eb160210,5,1,10.6,23,0.4269477180742513
Zm00001eb160220,11,3,10.294117647058824,55,0.2934334331422428
Zm00001eb160250,6,1,6.333333333333333,11,1.1280489872444692
Zm00001eb160260,7,1,7.285714285714286,16,0.2638331003510885
Zm00001eb160340,6,2,14.0,50,0.1292133856398786
Zm00001eb160360,14,3,6.8,17,0.8611675015094374
Zm00001eb160380,7,1,7.285714285714286,20,0.820365196002916
Zm00001eb160390,14,5,7.777777777777778,26,0.3170151451664022
Zm00001eb160460,5,1,8.0,17,0.199815836078042
Zm00001eb160470,6,1,15.166666666666666,31,0.2327138633011768
Zm00001eb160480,10,3,8.571428571428571,28,0.6549789399236933
Zm00001eb160530,14,3,9.041666666666666,26,0.793932337148502
Zm00001eb160550,12,3,7.277777777777778,20,0.1199359672977694
Zm00001eb160590,13,5,9.454545454545455,52,0.2418520040022552
Zm00001eb160600,5,1,8.4,17,0.1475697465091767
Zm00001eb160610,11,4,5.666666666666667,29,0.2296638796274687
Zm00001eb160620,6,1,16.0,28,0.0973768773738655
Zm00001eb160640,6,1,10.0,16,1.9357849740192012
Zm00001eb160680,9,2,7.916666666666667,14,0.5562876662252926
Zm00001eb160700,11,2,10.266666666666667,23,0.4171116397782908
Zm00001eb160740,3,1,13.333333333333334,24,0.2663768786761614
Zm00001eb160750,5,1,4.0,5,0.5046571841829303
Zm00001eb160770,5,1,13.4,39,0.2515121720038504
Zm00001eb160780,3,1,23.666666666666668,60,0.636982221989774
Zm00001eb160790,7,1,6.714285714285714,14,0.1536740867173759
Zm00001eb160810,6,1,12.166666666666666,31,0.1355587466490246
Zm00001eb161000,5,1,8.0,16,0.515518234065247
Zm00001eb161040,5,1,3.4,8,0.267010637631863
Zm00001eb161050,12,3,11.0,38,0.4911055434496952
Zm00001eb161120,7,1,9.142857142857142,20,4.278460461133001
Zm00001eb161220,8,2,8.555555555555555,30,0.1498698637244077
Zm00001eb161250,7,2,6.714285714285714,13,0.6556616996847864
Zm00001eb161310,9,2,8.75,21,0.3204915084430966
Zm00001eb161320,14,4,11.333333333333334,31,0.2290231107255111
Zm00001eb161390,11,3,5.428571428571429,15,2.8359192513782303
Zm00001eb161420,4,1,10.25,18,0.3107777591263876
Zm00001eb161460,8,1,9.0,26,0.3202407061084558
Zm00001eb161470,15,6,11.461538461538462,94,0.7548468489129263
Zm00001eb161480,9,2,9.88888888888889,30,1.0337914834866362
Zm00001eb161500,7,2,12.555555555555555,26,0.5627825995006269
Zm00001eb161510,3,1,20.666666666666668,48,0.2842895723083812
Zm00001eb161520,12,2,7.466666666666667,38,0.7856482002957896
Zm00001eb161530,8,1,9.25,38,1.094610341200719
Zm00001eb161560,8,2,5.0,12,1.652346943666982
Zm00001eb161610,15,6,8.783783783783784,17,1.1691707204350468
Zm00001eb161660,5,1,10.4,16,0.6427488176743735
Zm00001eb161670,8,1,10.0,26,0.3219280948873623
Zm00001eb161690,9,2,10.785714285714286,21,0.1415751432782457
Zm00001eb161700,4,1,9.5,19,0.5415186637766335
Zm00001eb161710,14,4,9.16,34,0.1742299227925294
Zm00001eb161720,12,5,6.67741935483871,21,0.7416064395623182
Zm00001eb161780,9,1,7.111111111111111,15,0.7208050890982429
Zm00001eb161790,7,2,9.0,16,0.980708527043042
Zm00001eb161810,9,2,6.2727272727272725,18,0.3673355982997721
Zm00001eb161820,5,1,9.8,19,0.3181882267043395
Zm00001eb161850,5,1,9.0,17,0.3731462486774496
Zm00001eb161860,3,1,8.666666666666666,13,0.3181721681567728
Zm00001eb161870,2,1,15.5,23,0.3840574666557659
Zm00001eb161920,8,3,9.5,17,0.5478829813782312
Zm00001eb161950,8,2,8.153846153846153,28,0.2730871603049755
Zm00001eb161970,6,1,7.0,11,0.3346263753259916
Zm00001eb162010,10,5,9.458333333333334,52,0.3579800440652401
Zm00001eb162060,10,3,9.3125,29,0.4013627747301869
Zm00001eb162070,9,1,6.555555555555555,20,1.146517887474964
Zm00001eb162090,7,3,9.444444444444445,31,0.2947398185229588
Zm00001eb162150,7,2,7.555555555555555,14,0.8719820588062871
Zm00001eb162180,3,1,7.0,10,0.2052118529882953
Zm00001eb162210,12,4,9.238095238095237,42,0.5719589612802252
Zm00001eb162220,8,1,5.75,11,0.6964259995812918
Zm00001eb162230,7,1,7.285714285714286,18,0.3190318269456593
Zm00001eb162240,6,1,10.666666666666666,19,0.1466874785497098
Zm00001eb162250,7,3,13.076923076923077,26,0.3897845150981102
Zm00001eb162270,4,1,14.75,33,0.2074439353581207
Zm00001eb162300,3,1,3.0,6,0.1992255706574506
Zm00001eb162310,12,4,5.9523809523809526,15,0.3906963838940298
Zm00001eb162330,5,1,29.4,60,0.2653683107521515
Zm00001eb162360,9,2,5.066666666666666,10,1.1090621290130949
Zm00001eb162400,5,1,3.8,11,0.2443528849854591
Zm00001eb162410,3,1,3.3333333333333335,7,0.2529943827214799
Zm00001eb162420,9,2,7.166666666666667,16,0.2406253219217239
Zm00001eb162430,9,1,6.444444444444445,17,1.168985004957353
Zm00001eb162470,4,1,5.25,7,5.640192072047812
Zm00001eb162530,4,1,7.5,22,0.2443663199803503
Zm00001eb162550,13,5,7.368421052631579,19,0.3688214845729
Zm00001eb162560,8,2,11.866666666666667,17,0.6025941520224444
Zm00001eb162570,8,3,6.090909090909091,18,0.745975472609949
Zm00001eb162620,17,8,9.76086956521739,32,0.4012435452479415
Zm00001eb162630,4,1,9.25,22,1.5232562958044655
Zm00001eb162700,3,1,9.0,11,0.4223608872610443
Zm00001eb162710,18,6,8.023255813953488,33,0.8074817841062082
Zm00001eb162720,4,1,3.25,6,0.9797519239231638
Zm00001eb162740,6,1,15.0,38,0.5498160408299965
Zm00001eb162770,10,2,9.916666666666666,22,5.865378266231502
Zm00001eb162790,4,2,7.142857142857143,10,0.2483743865194224
Zm00001eb162830,14,8,10.125,24,0.3308889668617119
Zm00001eb162880,3,1,13.0,20,0.8533567415965667
Zm00001eb162960,9,1,5.333333333333333,12,0.8796655131190176
Zm00001eb163050,11,2,6.166666666666667,20,0.9145810539867948
Zm00001eb163070,7,2,10.454545454545455,17,0.3139681223846778
Zm00001eb163100,4,1,4.25,7,0.5335268092340167
Zm00001eb163140,6,1,12.833333333333334,29,0.1999695467778414
Zm00001eb163150,1,1,8.0,8,0.1883502143292968
Zm00001eb163160,8,1,3.5,10,0.4117049549572853
Zm00001eb163180,11,3,9.1875,19,6.276609016672246
Zm00001eb163190,13,4,11.541666666666666,68,0.5552987191645034
Zm00001eb163210,10,2,6.384615384615385,22,0.3535392998037301
Zm00001eb163220,5,1,3.2,8,0.4574693253115443
Zm00001eb163260,8,2,3.5,9,0.3259238706645371
Zm00001eb163280,12,5,14.375,190,0.389309882339678
Zm00001eb163290,5,1,6.2,16,1.2913952525794017
Zm00001eb163300,9,3,9.153846153846153,42,0.4977380811512528
Zm00001eb163310,15,8,11.26086956521739,36,0.6483457614363746
Zm00001eb163320,2,1,8.0,12,0.7135967336035153
Zm00001eb163330,13,4,7.590909090909091,19,0.2687408189249425
Zm00001eb163370,7,3,6.111111111111111,15,0.6146918403957786
Zm00001eb163400,5,1,5.6,8,0.7328180681448465
Zm00001eb163440,8,1,9.75,31,2.804776766510467
Zm00001eb163460,4,1,11.0,15,1.694937623879041
Zm00001eb163470,4,1,8.0,10,0.8463351977272489
Zm00001eb163510,15,3,7.555555555555555,22,1.453265528617764
Zm00001eb163520,16,4,7.695652173913044,22,0.225563413606212
Zm00001eb163530,4,1,8.25,15,0.6067155664261936
Zm00001eb163540,10,2,7.6,17,0.576686503916906
Zm00001eb163550,3,1,9.666666666666666,17,0.2537229993511563
Zm00001eb163600,6,1,4.833333333333333,9,1.2495161609669905
Zm00001eb163630,2,1,4.0,7,0.6148145882629276
Zm00001eb163680,10,1,8.6,27,1.235333720556347
Zm00001eb163690,5,1,12.4,20,0.5433884414360654
Zm00001eb163700,13,3,6.454545454545454,24,0.0928225513249045
Zm00001eb163710,13,3,12.277777777777779,74,0.2472209939211752
Zm00001eb163720,13,8,10.289473684210526,28,0.5589513755439113
Zm00001eb163730,13,5,8.11111111111111,24,1.1328182158721731
Zm00001eb163790,11,2,5.923076923076923,16,0.6996253885273619
Zm00001eb163840,14,2,7.9411764705882355,18,1.2082427212019924
Zm00001eb163880,2,1,4.5,5,0.6758762403104377
Zm00001eb163890,11,4,10.052631578947368,33,0.6234366485357918
Zm00001eb163920,11,5,11.35,40,0.7900041851881133
Zm00001eb163950,12,1,13.916666666666666,57,0.6369286751333485
Zm00001eb163980,6,2,4.428571428571429,10,0.4880295383367427
Zm00001eb164020,4,1,7.0,12,0.3987132122462665
Zm00001eb164030,12,3,15.235294117647058,101,0.2242561029633571
Zm00001eb164040,9,2,6.3,13,0.7196677443468059
Zm00001eb164050,13,5,11.115384615384615,50,0.8414877147146258
Zm00001eb164070,12,3,14.125,50,1.1519608505187422
Zm00001eb164130,8,1,8.75,21,0.6179991520524073
Zm00001eb164210,7,1,8.428571428571429,19,0.4945272974499479
Zm00001eb164230,5,1,5.8,14,0.524202903559439
Zm00001eb164300,9,2,7.818181818181818,20,0.4518384260111742
Zm00001eb164350,3,1,3.6666666666666665,5,0.7817244231885351
Zm00001eb164380,5,1,6.8,11,1.2851855921534283
Zm00001eb164490,10,3,9.25,38,1.4644557641775742
Zm00001eb164530,3,1,8.666666666666666,22,0.4147010965523791
Zm00001eb164560,16,9,10.76595744680851,41,3.0196186931187348
Zm00001eb164570,7,1,27.571428571428573,106,0.904486741304176
Zm00001eb164590,8,2,7.818181818181818,15,0.1463189513871853
Zm00001eb164610,15,7,9.62962962962963,26,0.5739801180597437
Zm00001eb164620,9,4,14.0,44,1.2772439362063512
Zm00001eb164660,9,2,12.727272727272727,25,0.2505686274747924
Zm00001eb164720,6,1,11.5,35,0.5288499131926213
Zm00001eb164750,5,1,6.2,15,2.698574456477604
Zm00001eb164780,11,6,14.958333333333334,47,0.8046056848057092
Zm00001eb164790,11,7,14.074074074074074,47,0.6717534621993829
Zm00001eb164860,12,6,10.208333333333334,27,0.8828166982878982
Zm00001eb165000,2,2,10.5,19,0.8310126891506905
Zm00001eb165060,3,1,7.0,17,0.2580126946705244
Zm00001eb165190,7,2,15.1,83,1.5195125784910313
Zm00001eb165200,7,2,15.1,83,0.7400773873045617
Zm00001eb165210,8,1,13.25,32,0.6257879439392913
Zm00001eb165250,13,7,7.029411764705882,18,0.6084816302715419
Zm00001eb165260,12,4,24.666666666666668,93,0.5542137441027435
Zm00001eb165270,12,4,24.666666666666668,93,0.7075187496394219
Zm00001eb165360,15,5,7.413793103448276,22,1.0620609681322517
Zm00001eb165370,10,2,12.545454545454545,37,0.2004664361245245
Zm00001eb165400,6,2,9.0,14,0.4928783031873119
Zm00001eb165410,8,2,8.75,30,1.1603382438599827
Zm00001eb165420,3,1,10.0,16,0.2771846706381323
Zm00001eb165430,9,3,4.266666666666667,10,1.187081224657225
Zm00001eb165440,6,1,15.333333333333334,51,0.4034595536140987
Zm00001eb165450,6,1,15.333333333333334,51,0.8821298689244998
Zm00001eb165460,6,1,11.333333333333334,17,0.4514015815353454
Zm00001eb165470,3,1,8.666666666666666,19,0.0995356735509144
Zm00001eb165480,4,1,13.25,17,1.455549198982226
Zm00001eb165490,6,1,7.5,16,0.9504187330394264
Zm00001eb165570,11,4,5.428571428571429,18,0.81155491058689
Zm00001eb165580,8,1,7.5,28,0.4442775029705795
Zm00001eb165590,7,2,6.5,11,0.2538975847111896
Zm00001eb165630,10,4,7.133333333333334,15,0.905559778347061
Zm00001eb165690,8,2,8.909090909090908,16,2.1699250014423126
Zm00001eb165700,6,2,10.0,18,0.3011936097612692
Zm00001eb165710,8,3,9.307692307692308,19,0.9997175868840608
Zm00001eb165750,4,1,6.75,10,0.4989201979903122
Zm00001eb165770,9,2,17.0,53,0.808659274207619
Zm00001eb165810,8,2,6.181818181818182,17,1.7339499225330726
Zm00001eb165860,16,8,8.76923076923077,41,0.6130422360719803
Zm00001eb165870,11,2,6.642857142857143,17,0.3622035232386482
Zm00001eb165880,10,2,6.538461538461538,21,0.218671426774791
Zm00001eb165890,9,2,9.727272727272727,49,0.3681594919119498
Zm00001eb165900,13,3,14.157894736842104,76,0.2370794454991685
Zm00001eb165910,6,1,18.166666666666668,60,1.9279884265395333
Zm00001eb165950,12,4,8.125,31,1.0067319616316408
Zm00001eb165970,3,1,21.0,43,0.5878580830317166
Zm00001eb166120,3,1,17.0,35,0.4487064605555823
Zm00001eb166150,6,1,9.166666666666666,25,0.4777417391182118
Zm00001eb166180,14,6,7.689655172413793,17,0.6322802821004492
Zm00001eb166190,7,1,6.0,14,0.4241702529669223
Zm00001eb166200,17,15,10.793478260869565,57,2.860006063964864
Zm00001eb166210,17,13,8.67142857142857,35,1.32721439355353
Zm00001eb166240,14,5,7.0,17,0.5450641827753878
Zm00001eb166260,10,3,5.578947368421052,12,0.4456014787014279
Zm00001eb166390,4,1,5.0,13,0.7886036029543527
Zm00001eb166450,9,2,11.3,36,0.7399482278349907
Zm00001eb166460,12,4,10.523809523809524,37,0.2342378806743731
Zm00001eb166490,8,2,8.3,18,0.2760769701771354
Zm00001eb166540,8,2,8.8,20,0.3936850257658408
Zm00001eb166550,10,3,12.0,45,0.5808471209176986
Zm00001eb166560,7,2,20.5,72,1.7219541083767549
Zm00001eb166700,7,2,6.888888888888889,23,0.2498751497861363
Zm00001eb166710,7,2,6.888888888888889,23,0.1252479194009447
Zm00001eb166740,15,6,10.90625,91,3.2385016614500657
Zm00001eb166750,13,5,7.043478260869565,17,3.3181239417985484
Zm00001eb166760,6,1,26.5,138,0.5857120662202169
Zm00001eb166790,8,2,8.0,14,0.2893799644508989
Zm00001eb166810,11,3,10.8,20,0.34083604815843
Zm00001eb166820,5,1,6.6,11,0.5776679653717903
Zm00001eb166830,8,3,10.416666666666666,35,1.632689882959291
Zm00001eb166870,11,4,7.375,25,0.4962841742271049
Zm00001eb166980,9,2,8.545454545454545,18,0.6274509721930409
Zm00001eb166990,4,1,9.25,19,0.221437098341075
Zm00001eb167140,12,3,5.928571428571429,22,0.5516923537831484
Zm00001eb167150,11,4,6.294117647058823,15,0.2071263992946192
Zm00001eb167160,6,1,13.166666666666666,51,0.45896440686493
Zm00001eb167230,5,1,9.6,16,0.6600823114567342
Zm00001eb167240,4,1,10.25,21,1.0858893968128305
Zm00001eb167250,10,2,11.1,57,0.3527049261363393
Zm00001eb167260,11,4,11.380952380952381,47,0.4484167924949983
Zm00001eb167290,5,2,9.333333333333334,17,0.1953084697736775
Zm00001eb167300,10,3,9.333333333333334,26,0.3925458216586908
Zm00001eb167320,7,1,10.142857142857142,40,0.1689367664799509
Zm00001eb167360,11,2,10.384615384615385,49,0.3391184356260427
Zm00001eb167370,9,2,12.416666666666666,24,0.2750194463383146
Zm00001eb167380,11,2,8.8,27,2.2985755857739263
Zm00001eb167410,3,1,4.333333333333333,6,0.3337373971769957
Zm00001eb167510,3,1,8.333333333333334,19,1.1343255323107526
Zm00001eb167520,6,1,11.0,26,0.1884200868531747
Zm00001eb167580,6,2,12.777777777777779,23,0.8328900141647417
Zm00001eb167670,4,1,14.75,33,0.3716713997495109
Zm00001eb167690,4,1,7.75,21,1.410569057125605
Zm00001eb167720,12,2,9.823529411764707,22,2.531621459937
Zm00001eb167740,7,1,11.428571428571429,40,0.2649681823360241
Zm00001eb167750,7,1,16.142857142857142,40,0.2784550451930437
Zm00001eb167770,9,1,3.7777777777777777,8,0.461416193368323
Zm00001eb167780,7,2,14.625,31,0.8650947257909348
Zm00001eb167790,4,1,6.25,10,0.2470046602708649
Zm00001eb167820,3,1,9.666666666666666,14,0.2521903104081738
Zm00001eb167840,8,2,7.363636363636363,22,0.6153478877089343
Zm00001eb168050,9,2,6.833333333333333,22,1.940909380635105
Zm00001eb168070,4,1,13.0,25,0.5849625007211563
Zm00001eb168090,5,1,11.6,25,0.4495519465380168
Zm00001eb168100,11,4,7.086956521739131,17,0.1263341354289838
Zm00001eb168120,6,1,15.333333333333334,45,0.8576786633232163
Zm00001eb168170,4,1,9.0,24,2.3280171658486557
Zm00001eb168220,6,1,7.333333333333333,10,0.4365946987068499
Zm00001eb168260,6,3,7.9,22,0.7150913592018354
Zm00001eb168290,4,1,12.0,24,2.957522612064802
Zm00001eb168350,15,7,8.435897435897436,29,3.856970546647055
Zm00001eb168430,13,3,9.772727272727273,39,0.7741294117263258
Zm00001eb168450,3,1,8.0,12,0.2326960930148466
Zm00001eb168470,7,2,10.125,23,0.1803927650371612
Zm00001eb168480,14,3,7.4,14,0.3063991213339326
Zm00001eb168510,6,1,12.166666666666666,19,0.7771161865574914
Zm00001eb168520,13,4,7.32,20,1.657365695123426
Zm00001eb168560,8,3,7.545454545454546,15,1.0676723848660838
Zm00001eb168590,10,2,5.230769230769231,13,1.5003757684917105
Zm00001eb168670,3,1,22.666666666666668,59,0.1341211136170009
Zm00001eb168730,7,2,13.25,28,0.1677505895698539
Zm00001eb168740,10,3,12.285714285714286,73,0.6098576861085854
Zm00001eb168760,14,4,9.318181818181818,38,0.4583087449245979
Zm00001eb168790,4,1,7.0,19,0.5177686936627486
Zm00001eb168890,13,4,7.730769230769231,23,0.5482382869636031
Zm00001eb168910,9,2,13.272727272727273,41,0.1631622995246637
Zm00001eb168920,14,6,11.575757575757576,43,0.1552301562888009
Zm00001eb168930,9,3,6.181818181818182,23,1.27415858366239
Zm00001eb168950,8,2,11.0,30,0.7594896846709003
Zm00001eb169020,7,2,8.7,26,1.100691866772021
Zm00001eb169050,3,1,7.0,11,0.1487999872205841
Zm00001eb169130,15,5,8.0,23,0.152786506874166
Zm00001eb169140,5,1,7.2,16,1.0723422571585015
Zm00001eb169160,10,3,4.0,9,0.5028554604384584
Zm00001eb169190,9,3,11.307692307692308,52,0.1808959504278202
Zm00001eb169240,5,1,6.0,11,0.522981822754901
Zm00001eb169280,9,4,10.8,29,0.94396956232786
Zm00001eb169310,6,1,6.666666666666667,13,0.1737083784198113
Zm00001eb169330,16,10,11.457627118644067,70,0.6801238434625885
Zm00001eb169350,13,6,8.606060606060606,21,1.1169992803168125
Zm00001eb169360,6,1,5.166666666666667,8,0.16066498894987
Zm00001eb169370,7,1,6.428571428571429,27,1.239753614683437
Zm00001eb169380,8,1,6.75,12,1.167676629583838
Zm00001eb169410,7,1,15.428571428571429,29,0.6135118155354949
Zm00001eb169420,11,3,9.8125,20,0.4348162222043895
Zm00001eb169450,14,4,6.909090909090909,17,0.6628561559875054
Zm00001eb169460,15,6,6.388888888888889,27,0.7740968193837986
Zm00001eb169490,16,7,8.071428571428571,46,0.1786713223496927
Zm00001eb169510,10,3,6.083333333333333,20,2.1316788909135425
Zm00001eb169520,8,2,13.333333333333334,63,0.7708325479833501
Zm00001eb169540,6,1,13.5,31,0.4622639445212906
Zm00001eb169570,8,2,11.375,43,0.6360519562356799
Zm00001eb169580,14,4,8.758620689655173,27,0.4087922063231667
Zm00001eb169590,14,6,9.45,38,1.0280733785281055
Zm00001eb169600,16,5,7.379310344827586,30,4.158498158549295
Zm00001eb169610,5,1,17.8,42,0.382017376090342
Zm00001eb169620,12,3,10.277777777777779,50,0.2809708055678643
Zm00001eb169630,8,1,7.75,17,0.598115385777495
Zm00001eb169640,4,1,30.75,95,0.3363710392048367
Zm00001eb169670,10,3,18.11764705882353,57,0.6079108234809883
Zm00001eb169710,6,2,4.75,9,0.2006070448290348
Zm00001eb169720,6,3,10.375,17,0.6560455987826386
Zm00001eb169740,5,2,14.2,47,0.3946940829893109
Zm00001eb169800,9,2,10.2,22,0.2336030899688301
Zm00001eb169810,6,1,8.833333333333334,23,0.6273147461594292
Zm00001eb169850,7,1,8.857142857142858,14,0.8268229808888852
Zm00001eb169930,5,1,5.8,10,1.2871774443038726
Zm00001eb169940,14,7,10.567567567567568,43,0.3134883384980795
Zm00001eb169970,11,2,10.25,33,0.2931340129095858
Zm00001eb169990,7,2,9.0,25,0.2024943589802215
Zm00001eb170000,8,2,3.4,11,1.278629602654296
Zm00001eb170020,12,4,8.318181818181818,23,0.2766780472826866
Zm00001eb170040,12,4,14.72,51,0.4765782568674526
Zm00001eb170050,9,2,5.4,14,1.4707121489337451
Zm00001eb170080,9,2,6.8,14,0.503949609277451
Zm00001eb170140,7,2,11.666666666666666,38,0.6788178453491589
Zm00001eb170180,10,2,10.76923076923077,25,3.0703211685337664
Zm00001eb170220,10,3,6.4375,14,1.1833911653358111
Zm00001eb170240,13,4,8.173913043478262,22,0.4048377600354709
Zm00001eb170300,11,3,7.619047619047619,18,1.776532228887493
Zm00001eb170330,10,3,10.38888888888889,20,0.556159662864991
Zm00001eb170350,7,1,6.714285714285714,10,0.2953255536493823
Zm00001eb170360,8,2,4.777777777777778,16,0.3565802123441912
Zm00001eb170400,4,1,12.0,30,1.3001603636110324
Zm00001eb170440,6,3,3.7142857142857144,8,0.8111678921684549
Zm00001eb170510,16,4,6.478260869565218,19,3.430641215160767
Zm00001eb170520,14,3,7.3478260869565215,21,0.8126374016446798
Zm00001eb170530,4,1,5.25,9,0.6424440449036407
Zm00001eb170540,5,1,8.6,15,0.2783475329048377
Zm00001eb170550,8,2,12.333333333333334,48,0.1158330733030193
Zm00001eb170590,9,3,7.928571428571429,24,0.5622278390765535
Zm00001eb170630,6,2,8.875,15,0.8870499361507833
Zm00001eb170730,2,1,14.5,16,0.5944247739575151
Zm00001eb170740,7,4,6.333333333333333,10,0.5551159160177462
Zm00001eb170760,10,2,6.916666666666667,14,0.365138554860828
Zm00001eb170770,4,1,13.5,26,0.8725551862899917
Zm00001eb170800,5,1,4.0,8,1.6362714309111934
Zm00001eb170810,13,5,8.958333333333334,24,0.2329942638695673
Zm00001eb170900,7,1,10.571428571428571,31,0.3118177715793052
Zm00001eb170920,12,5,8.461538461538462,20,0.4951876121685674
Zm00001eb170950,6,1,6.5,12,0.9173824342572706
Zm00001eb171010,8,2,12.727272727272727,29,0.1378889836906194
Zm00001eb171020,7,2,6.6,12,0.4852773606861302
Zm00001eb171030,13,4,10.633333333333333,30,0.4285849169018788
Zm00001eb171040,12,4,7.956521739130435,21,0.4006876285116393
Zm00001eb171050,10,2,10.818181818181818,26,0.5023139280420378
Zm00001eb171060,8,2,5.375,12,1.3555947259251575
Zm00001eb171070,10,3,16.25,100,0.5849625007211562
Zm00001eb171090,7,2,8.222222222222221,15,0.2605730494034702
Zm00001eb171130,8,1,17.0,88,0.5832270690583206
Zm00001eb171140,7,1,8.285714285714286,14,0.3596167278301833
Zm00001eb171160,7,2,11.75,23,2.727920454563199
Zm00001eb171190,2,2,4.333333333333333,5,0.508792307848612
Zm00001eb171200,14,7,10.228571428571428,40,0.5587154127222962
Zm00001eb171230,5,2,10.142857142857142,20,0.757723445648508
Zm00001eb171240,9,1,7.777777777777778,23,0.5234701565431722
Zm00001eb171340,9,2,13.454545454545455,45,0.6487668268995306
Zm00001eb171400,13,3,7.722222222222222,23,0.313795162397672
Zm00001eb171440,9,1,9.11111111111111,27,0.1544237882264176
Zm00001eb171490,1,1,26.0,26,0.8367573631469704
Zm00001eb171700,6,2,7.4,19,0.2825146404666779
Zm00001eb171750,7,1,11.428571428571429,27,0.3129193968527595
Zm00001eb171760,6,1,12.166666666666666,29,2.2531132238022074
Zm00001eb171790,16,4,8.26923076923077,24,0.2590367890172614
Zm00001eb171810,7,1,13.571428571428571,20,0.1960987332244835
Zm00001eb171820,5,1,8.2,10,0.5448296664233373
Zm00001eb171990,7,1,7.857142857142857,19,0.1520597516161977
Zm00001eb172020,12,2,6.3076923076923075,18,0.1983738093281145
Zm00001eb172040,5,1,7.8,13,0.0817076781426632
Zm00001eb172070,9,2,10.777777777777779,55,0.1709256208570909
Zm00001eb172090,12,5,10.652173913043478,26,0.2145077889359117
Zm00001eb172100,15,8,9.5,26,0.2905756526058223
Zm00001eb172110,12,6,9.741935483870968,30,0.0960206114829012
Zm00001eb172120,4,1,27.75,99,0.5225958832729273
Zm00001eb172150,7,2,10.75,20,5.653132639013307
Zm00001eb172170,8,2,8.142857142857142,18,0.4954487306569466
Zm00001eb172200,14,4,9.0,27,0.1289398242243457
Zm00001eb172260,8,2,10.181818181818182,22,4.502500340529183
Zm00001eb172280,8,2,7.9,44,0.2523893839579625
Zm00001eb172290,13,4,8.409090909090908,32,0.2772834741010408
Zm00001eb172300,12,4,7.346153846153846,25,0.2087477476066168
Zm00001eb172390,15,7,7.472222222222222,19,0.5710714094675945
Zm00001eb172410,14,5,8.681818181818182,29,0.277525351691349
Zm00001eb172420,10,5,10.4,33,0.3236764964952639
Zm00001eb172450,8,4,8.8,35,0.4894563943417382
Zm00001eb172500,10,3,12.0,31,1.9723848104599409
Zm00001eb172520,12,3,12.705882352941176,62,0.2994483659326536
Zm00001eb172550,8,3,6.545454545454546,14,1.2344282138653724
Zm00001eb172560,6,1,7.833333333333333,30,0.5371449040274491
Zm00001eb172590,17,10,9.872340425531915,32,0.5269831578809062
Zm00001eb172610,3,2,27.75,83,1.0415248936453516
Zm00001eb172640,4,1,6.5,19,0.4315355999635566
Zm00001eb172650,14,4,7.809523809523809,26,0.1850339538374918
Zm00001eb172680,10,2,8.933333333333334,28,0.4080570535804809
Zm00001eb172700,5,1,5.6,10,0.3143961039730687
Zm00001eb172770,5,2,6.666666666666667,15,1.0273505150769828
Zm00001eb172780,10,2,8.076923076923077,14,0.308819492858361
Zm00001eb172800,5,1,7.6,13,0.5849625007211562
Zm00001eb172860,9,2,7.6923076923076925,16,2.3863276524257726
Zm00001eb172890,11,4,7.9375,33,0.730839403868518
Zm00001eb172900,7,2,11.923076923076923,34,0.1605488030212857
Zm00001eb172910,7,1,3.7142857142857144,9,1.1609490514286402
Zm00001eb172940,7,2,6.875,26,1.1916730081923177
Zm00001eb172950,11,4,8.842105263157896,22,1.0361074160136226
Zm00001eb172970,13,5,8.227272727272727,21,0.3349539138999653
Zm00001eb173070,7,2,11.88888888888889,25,0.212927415742743
Zm00001eb173100,12,8,13.257142857142858,35,1.1474507958992484
Zm00001eb173130,2,2,4.666666666666667,6,0.4361483363625891
Zm00001eb173150,4,2,6.25,11,0.4152848412567767
Zm00001eb173170,8,2,5.444444444444445,14,0.8908346466878716
Zm00001eb173180,4,1,20.5,63,0.3611145023262708
Zm00001eb173190,7,2,18.5,61,0.2458541311652719
Zm00001eb173200,12,3,7.5,19,2.2431029525221886
Zm00001eb173220,10,5,11.333333333333334,64,0.3850881303323022
Zm00001eb173230,8,2,11.538461538461538,34,0.3959781507031299
Zm00001eb173240,5,1,9.2,14,0.7505430557959409
Zm00001eb173270,12,3,9.05,38,0.278625960917484
Zm00001eb173280,3,1,14.666666666666666,31,1.1975100030520534
Zm00001eb173330,10,3,6.0,16,1.0545453599329315
Zm00001eb173360,7,1,7.0,12,0.9159484489902692
Zm00001eb173380,12,2,10.5,55,0.2457494746651249
Zm00001eb173390,8,1,7.5,19,1.078947889200958
Zm00001eb173410,15,6,10.314285714285715,65,0.54045146090639
Zm00001eb173440,5,2,8.1,17,0.3236082125445095
Zm00001eb173470,8,1,8.25,16,0.3567626880803994
Zm00001eb173480,9,2,12.25,37,0.4971431690199801
Zm00001eb173490,11,2,7.0,11,0.2871079869891664
Zm00001eb173500,9,3,10.0,37,6.81627353642508
Zm00001eb173510,9,4,8.470588235294118,17,1.3943170004251086
Zm00001eb173520,9,3,10.0,37,0.2715035101908722
Zm00001eb173560,4,1,7.5,17,0.0978125958227822
Zm00001eb173570,7,1,8.285714285714286,20,1.1915347873539108
Zm00001eb173630,4,1,6.75,12,1.222392421336448
Zm00001eb173640,12,3,9.529411764705882,29,0.7365012799087369
Zm00001eb173650,4,2,7.0,14,0.2156371169133961
Zm00001eb173660,4,1,10.5,21,0.4264785410750105
Zm00001eb173820,13,5,4.6,19,0.5402025985166766
Zm00001eb173840,10,2,6.0,18,0.7532188962427955
Zm00001eb173930,9,2,8.818181818181818,31,0.9065854137188508
Zm00001eb173940,13,3,9.470588235294118,32,0.3195327647691156
Zm00001eb173990,12,4,10.15,42,0.7874319189381559
Zm00001eb174000,7,1,6.714285714285714,13,1.142815125125252
Zm00001eb174030,3,1,12.333333333333334,29,0.1999068288313061
Zm00001eb174070,9,1,10.777777777777779,24,0.0
Zm00001eb174090,9,4,13.466666666666667,54,0.3678473754290066
Zm00001eb174100,10,2,9.285714285714286,25,0.4464404433937782
Zm00001eb174120,8,2,9.375,27,0.4974557709449301
Zm00001eb174130,7,1,11.571428571428571,19,0.758453290374077
Zm00001eb174160,6,2,15.333333333333334,41,0.4146854762432909
Zm00001eb174170,10,2,7.0,14,0.4080016590173495
Zm00001eb174190,13,2,8.8125,26,1.377627253273331
Zm00001eb174200,13,2,8.8125,26,0.946546692604771
Zm00001eb174210,5,1,10.8,20,0.7394654363544404
Zm00001eb174300,7,1,10.571428571428571,28,0.3693276920295025
Zm00001eb174310,2,1,2.5,5,0.3895745083135301
Zm00001eb174330,7,2,13.090909090909092,59,0.2998131806935489
Zm00001eb174370,7,2,8.7,19,0.3946166580587676
Zm00001eb174420,8,2,8.6,18,0.8311636135773859
Zm00001eb174460,7,1,5.142857142857143,11,0.1539726141218691
Zm00001eb174480,7,1,5.142857142857143,11,0.2035135735406554
Zm00001eb174590,11,2,10.0,31,0.1472697128676921
Zm00001eb174640,4,2,8.8,12,0.3948460864919363
Zm00001eb174650,5,1,5.4,14,1.3890430642006673
Zm00001eb174670,17,9,8.666666666666666,59,0.3337747614284486
Zm00001eb174710,10,2,7.3,19,0.7089524874707642
Zm00001eb174730,12,5,5.84,22,0.3926035568174008
Zm00001eb174750,11,2,9.416666666666666,23,1.806558799078108
Zm00001eb174760,9,2,9.88888888888889,34,0.4967743630050858
Zm00001eb174860,4,1,7.25,19,1.5061001621986472
Zm00001eb174900,8,2,8.4,15,0.23016296283383
Zm00001eb174970,1,1,1.0,1,0.8220274282661002
Zm00001eb174980,5,1,15.0,48,0.6267038471181211
Zm00001eb174990,7,2,7.222222222222222,21,0.3271468296678442
Zm00001eb175060,5,1,11.8,36,0.3701068239173073
Zm00001eb175070,6,1,6.333333333333333,17,0.3692175869133062
Zm00001eb175180,6,1,15.833333333333334,66,1.1405726759486243
Zm00001eb175200,8,2,7.6,14,0.1794386733662459
Zm00001eb175220,13,3,10.631578947368421,82,0.1022910844813002
Zm00001eb175230,7,1,8.428571428571429,23,0.4215718976638111
Zm00001eb175240,8,2,8.4,23,0.3858547707348491
Zm00001eb175250,6,1,4.5,11,0.4466723417540376
Zm00001eb175270,13,4,6.176470588235294,15,0.5480649834509287
Zm00001eb175380,9,2,6.181818181818182,19,2.379621158312373
Zm00001eb175430,8,1,15.75,44,1.1323036640773672
Zm00001eb175450,7,3,9.466666666666667,31,0.9297743002678416
Zm00001eb175460,2,1,13.0,15,1.6399506166259108
Zm00001eb175470,3,1,19.0,35,0.1518515138614807
Zm00001eb175830,4,1,18.75,49,1.0192038992627075
Zm00001eb175840,2,1,8.0,12,0.2370347893536635
Zm00001eb175940,7,1,8.0,18,0.9262214057930712
Zm00001eb175950,4,1,5.0,7,0.7741539377800823
Zm00001eb175990,10,2,9.0,21,2.40490320052585
Zm00001eb176030,8,1,13.125,72,0.5193645646744506
Zm00001eb176040,7,1,11.0,46,0.473690095654296
Zm00001eb176050,7,2,20.75,60,0.5458808172455341
Zm00001eb176070,6,1,7.666666666666667,20,0.204293534899874
Zm00001eb176160,13,3,8.454545454545455,21,0.3426425511728224
Zm00001eb176170,6,2,8.666666666666666,24,0.3562247441500907
Zm00001eb176190,6,1,3.1666666666666665,7,1.5124484848442143
Zm00001eb176200,13,2,6.705882352941177,25,1.4856749222380623
Zm00001eb176210,4,1,6.0,10,0.1341542510897025
Zm00001eb176260,4,1,7.5,14,0.1153059865988126
Zm00001eb176440,1,1,14.0,14,0.1364991730328574
Zm00001eb176470,13,6,7.827586206896552,16,0.7229175495661968
Zm00001eb176590,10,2,7.083333333333333,35,0.7786118494697857
Zm00001eb176650,12,2,8.214285714285714,18,0.6077903545240084
Zm00001eb176670,5,1,14.8,28,0.6959282162277705
Zm00001eb176750,4,1,6.75,13,0.5343758809374837
Zm00001eb176930,2,1,4.5,5,0.9246771294699924
Zm00001eb177060,12,2,10.176470588235293,27,0.5650542211035664
Zm00001eb177090,10,2,10.833333333333334,25,2.128131651316662
Zm00001eb177110,2,1,31.5,53,1.7649708084387987
Zm00001eb177150,7,2,6.857142857142857,12,0.2514839444395795
Zm00001eb177180,13,3,6.823529411764706,12,0.4223050286353742
Zm00001eb177230,4,1,5.0,14,0.8190648424961663
Zm00001eb177290,8,1,11.625,26,1.3476769295061788
Zm00001eb177330,6,1,13.833333333333334,31,0.1389550841299993
Zm00001eb177480,4,1,6.75,9,0.3290886248359825
Zm00001eb177520,5,1,4.4,6,0.7478213094481699
Zm00001eb177560,3,1,7.666666666666667,15,0.2466358595669427
Zm00001eb177580,17,5,6.827586206896552,24,0.5152181082166034
Zm00001eb177630,13,4,7.842105263157895,45,0.3998265471327991
Zm00001eb177670,8,2,8.444444444444445,31,0.2339269227813156
Zm00001eb177690,4,1,12.0,25,0.7355403228321374
Zm00001eb177740,12,7,5.03125,13,0.8149014849304732
Zm00001eb177820,5,1,6.6,9,0.3959638953896396
Zm00001eb177880,8,1,9.5,21,0.3072562562975373
Zm00001eb177920,11,2,7.818181818181818,25,0.560118628138073
Zm00001eb178010,13,3,8.3125,42,0.2588386693935331
Zm00001eb178130,4,1,5.75,11,1.1852981027795155
Zm00001eb178160,13,3,9.263157894736842,31,0.3048001909456469
Zm00001eb178190,5,1,6.6,14,0.078002512001273
Zm00001eb178210,4,1,6.75,16,0.7683142897151801
Zm00001eb178240,4,1,5.75,7,0.3848126562759558
Zm00001eb178280,10,2,14.75,52,0.1412765538534529
Zm00001eb178290,12,5,8.5,27,0.763493938134519
Zm00001eb178320,3,1,10.666666666666666,15,0.2134185035609869
Zm00001eb178340,10,1,11.3,19,0.6772364214862542
Zm00001eb178350,6,1,6.0,12,0.1801793496578392
Zm00001eb178360,3,1,10.666666666666666,27,0.8666447052221383
Zm00001eb178370,5,1,8.0,11,0.1545534263460291
Zm00001eb178470,8,2,4.769230769230769,18,0.4837257979651553
Zm00001eb178550,14,4,8.35,16,0.3905189751743396
Zm00001eb178560,7,1,9.857142857142858,24,1.1013523928009372
Zm00001eb178580,8,1,10.625,19,0.2974744543358827
Zm00001eb178620,6,1,9.0,21,0.2960779310172545
Zm00001eb178670,9,2,6.7,19,0.7670109506872764
Zm00001eb178690,4,1,11.0,18,0.5341490682358998
Zm00001eb178700,1,1,6.0,6,0.3125814703317863
Zm00001eb178740,16,5,9.633333333333333,74,3.29656050684834
Zm00001eb178750,3,1,4.333333333333333,9,0.691142513890202
Zm00001eb178770,7,2,20.75,64,0.817876261972694
Zm00001eb178810,15,6,7.375,25,0.8795350059270165
Zm00001eb178820,10,4,7.823529411764706,20,0.2772636274826826
Zm00001eb178840,5,1,5.0,9,1.18522836688486
Zm00001eb178900,4,2,8.0,15,1.411915272144541
Zm00001eb178930,10,2,9.166666666666666,24,0.4087512962860222
Zm00001eb178940,6,1,6.166666666666667,13,0.8366846513115067
Zm00001eb178980,11,3,6.777777777777778,22,1.212213196988582
Zm00001eb178990,14,5,8.45,38,0.8979833457838651
Zm00001eb179010,6,1,8.333333333333334,22,0.1948180758501408
Zm00001eb179020,6,2,8.454545454545455,27,0.1195903648747006
Zm00001eb179030,10,2,6.545454545454546,17,2.066699562708599
Zm00001eb179040,5,2,11.11111111111111,18,0.2651860605862843
Zm00001eb179070,5,1,8.4,18,5.273457016297651
Zm00001eb179080,8,2,7.818181818181818,22,0.7911345695992734
Zm00001eb179090,2,1,11.0,12,0.1483936436033333
Zm00001eb179160,7,1,8.285714285714286,22,0.2794507605113621
Zm00001eb179190,7,1,13.857142857142858,26,0.2234926534346947
Zm00001eb179200,12,2,7.357142857142857,20,1.5532460283724048
Zm00001eb179210,10,2,15.416666666666666,83,0.4358881624094117
Zm00001eb179260,5,1,4.6,10,0.8080075312560182
Zm00001eb179280,7,2,11.222222222222221,31,0.5637998597574568
Zm00001eb179290,8,2,6.125,12,1.2261276635515863
Zm00001eb179310,9,1,7.888888888888889,18,0.1133645520640105
Zm00001eb179440,6,1,13.666666666666666,19,0.9951037943465316
Zm00001eb179510,8,2,6.6,15,0.6871926742007992
Zm00001eb179530,4,2,12.2,17,0.2569931425232581
Zm00001eb179540,3,1,7.333333333333333,11,0.3391814895796776
Zm00001eb179550,3,1,7.333333333333333,11,0.2565300166198379
Zm00001eb179600,6,1,29.0,136,0.3513814875746204
Zm00001eb179660,8,2,8.9,19,0.1714561332932449
Zm00001eb179680,9,2,13.333333333333334,36,0.0795487747051315
Zm00001eb179730,10,4,9.352941176470589,36,0.25927040317214
Zm00001eb179780,8,2,14.333333333333334,56,1.851389122948378
Zm00001eb179820,7,1,7.428571428571429,25,0.4553899964664709
Zm00001eb179870,3,1,2.3333333333333335,3,0.5868924117785697
Zm00001eb180150,7,1,11.142857142857142,27,1.874266153572105
Zm00001eb180450,3,1,6.666666666666667,10,0.3356876617763234
Zm00001eb180470,9,1,7.555555555555555,22,0.5058092596668827
Zm00001eb180480,6,1,11.5,29,0.3718367535846225
Zm00001eb180540,10,2,7.0,13,0.08402058869991
Zm00001eb180890,6,1,9.666666666666666,28,0.5639129188588176
Zm00001eb180900,9,3,4.2727272727272725,9,0.750931269743474
Zm00001eb180950,5,1,14.0,34,0.3213450700093976
Zm00001eb181420,7,2,9.555555555555555,30,0.7429546121935938
Zm00001eb181690,12,3,8.375,23,1.8938417680420832
Zm00001eb181760,7,2,12.25,33,0.7205648955080322
Zm00001eb181880,9,2,12.2,28,0.1829173646774849
Zm00001eb181940,7,1,6.142857142857143,12,0.2246252485824175
Zm00001eb181980,5,1,6.0,15,1.9003636076961996
Zm00001eb182010,2,1,0.5,1,0.6031116296597808
Zm00001eb182260,4,1,17.75,43,0.944899145397636
Zm00001eb182290,4,1,8.5,15,0.2526470639615087
Zm00001eb182310,7,2,8.3,15,0.3176929842041691
Zm00001eb182380,7,1,10.285714285714286,28,0.3873643001171807
Zm00001eb182460,5,1,6.6,13,0.2769856049012165
Zm00001eb182550,9,1,14.444444444444445,41,0.4048928474312308
Zm00001eb182610,7,2,9.0,38,1.0166941084876158
Zm00001eb182620,14,7,8.545454545454545,31,1.1201013940154056
Zm00001eb182690,5,1,17.8,37,0.385805381107605
Zm00001eb182770,7,1,7.0,22,0.9364978625657004
Zm00001eb182780,7,3,7.764705882352941,15,0.4833244047228942
Zm00001eb182800,7,2,11.2,23,0.9879080166284864
Zm00001eb182810,4,1,10.25,16,1.6889433468824755
Zm00001eb182820,2,1,7.0,9,0.3276784578296848
Zm00001eb182830,10,1,8.2,20,0.608077911351434
Zm00001eb182940,4,1,14.0,22,0.2102165106990673
Zm00001eb182980,5,1,13.8,31,0.7620991279725204
Zm00001eb183100,5,1,16.2,57,0.4077256862903461
Zm00001eb183160,4,1,14.25,39,0.3999592935293194
Zm00001eb183170,5,1,4.6,10,0.2840838970805907
Zm00001eb183190,5,1,7.4,13,0.6012165742860995
Zm00001eb183200,9,2,8.923076923076923,19,1.4121582552739342
Zm00001eb183210,16,7,7.1395348837209305,23,0.768208758149944
Zm00001eb183220,11,4,8.047619047619047,24,0.3044189004120246
Zm00001eb183270,16,7,13.571428571428571,54,1.842707162386903
Zm00001eb183290,1,1,18.0,18,1.2778740143571197
Zm00001eb183320,2,1,17.0,27,0.8131989490404552
Zm00001eb183340,6,1,7.666666666666667,20,0.5923483909144339
Zm00001eb183370,9,3,5.25,14,0.23510743678174
Zm00001eb183390,5,1,11.8,40,0.6335013403299098
Zm00001eb183400,8,2,15.11111111111111,39,0.9189831649437588
Zm00001eb183430,6,1,7.333333333333333,14,0.3155151090883618
Zm00001eb183490,6,1,4.5,8,0.2956843341755147
Zm00001eb183530,4,1,11.75,17,0.2768967574572117
Zm00001eb183560,13,5,5.413793103448276,12,0.5161336459481242
Zm00001eb183580,4,1,4.25,6,0.1447553941833519
Zm00001eb183610,5,1,8.4,16,0.2368501522903651
Zm00001eb183710,14,4,9.892857142857142,54,0.3671092928635677
Zm00001eb183720,12,4,8.818181818181818,19,3.5489626584709892
Zm00001eb183770,11,2,8.133333333333333,31,0.2303793825086769
Zm00001eb183780,4,1,4.25,8,0.0771877011199887
Zm00001eb183830,7,1,5.428571428571429,10,0.4135460054128961
Zm00001eb183860,8,2,10.0,45,0.791895858373355
Zm00001eb183880,10,2,11.636363636363637,29,0.4289484575433956
Zm00001eb184000,13,3,11.857142857142858,41,0.5219498510982733
Zm00001eb184010,12,6,8.782608695652174,32,0.5275726975768056
Zm00001eb184040,7,1,8.857142857142858,17,0.6036990633027419
Zm00001eb184070,9,3,15.666666666666666,58,0.4087945142714542
Zm00001eb184080,9,2,8.090909090909092,16,1.6418679502969162
Zm00001eb184090,7,1,7.857142857142857,20,1.5642383036576302
Zm00001eb184100,12,3,7.7894736842105265,22,0.6781636947103341
Zm00001eb184110,16,6,7.40625,25,0.3428341579246945
Zm00001eb184240,4,1,3.75,12,0.5087450409857498
Zm00001eb184320,11,3,11.05,31,0.3167201243940536
Zm00001eb184340,4,1,6.25,9,1.0702815210852086
Zm00001eb184420,12,5,12.565217391304348,52,0.4236761224524227
Zm00001eb184450,16,6,16.451612903225808,72,0.2530303831309782
Zm00001eb184470,16,5,14.0,70,0.632041330309529
Zm00001eb184480,7,1,7.0,15,0.4584139047967386
Zm00001eb184510,10,2,5.125,14,0.3702883194403956
Zm00001eb184520,9,3,8.125,18,0.2943346898657009
Zm00001eb184540,17,6,8.424242424242424,38,0.2980273587630908
Zm00001eb184620,4,1,5.0,6,0.3386581038127569
Zm00001eb184630,6,1,11.666666666666666,63,0.3809508402868505
Zm00001eb184640,5,2,9.6,17,3.973183561344064
Zm00001eb184710,12,8,7.205882352941177,20,0.7985472763855371
Zm00001eb184790,5,1,24.2,91,0.8465476899178802
Zm00001eb184840,6,1,8.833333333333334,20,0.9133370866628082
Zm00001eb184850,4,1,7.0,12,0.1314242352580209
Zm00001eb184920,10,3,7.769230769230769,30,0.8510228416158504
Zm00001eb184970,4,1,13.25,25,0.5653245212528506
Zm00001eb185020,5,1,5.2,13,0.6439874047797882
Zm00001eb185040,10,2,4.333333333333333,16,1.1629168561490992
Zm00001eb185070,3,1,7.666666666666667,14,0.1821431703745507
Zm00001eb185100,12,4,6.166666666666667,19,0.5911096757624942
Zm00001eb185160,11,3,11.785714285714286,26,0.8917601481809734
Zm00001eb185220,6,1,12.166666666666666,35,1.3130545185531428
Zm00001eb185240,8,2,7.111111111111111,13,2.61882843729993
Zm00001eb185250,10,3,11.75,51,0.6742089429439115
Zm00001eb185260,11,2,10.846153846153847,23,0.5222622237743413
Zm00001eb185290,5,1,5.6,15,0.5172982174480217
Zm00001eb185300,6,1,11.333333333333334,22,1.907458704141502
Zm00001eb185310,13,4,8.08,20,0.5219629566073668
Zm00001eb185350,10,2,10.923076923076923,49,0.4430877274611373
Zm00001eb185390,10,3,5.214285714285714,15,0.317098187517062
Zm00001eb185400,9,3,9.0,23,1.8584386003646471
Zm00001eb185470,9,4,11.055555555555555,29,0.7729076426811726
Zm00001eb185530,10,2,17.615384615384617,62,0.8193307858531997
Zm00001eb185540,6,1,18.166666666666668,62,0.1788858690139342
Zm00001eb185570,5,1,4.8,10,0.3725052791483235
Zm00001eb185590,9,2,5.636363636363637,17,1.110367372380232
Zm00001eb185640,10,2,9.25,34,0.2908804416385063
Zm00001eb185660,8,1,6.375,15,0.8905099375536883
Zm00001eb185670,4,1,9.25,14,0.8822190746398859
Zm00001eb185680,10,2,10.538461538461538,32,0.6375689881474063
Zm00001eb185690,5,2,9.333333333333334,20,0.612684014193276
Zm00001eb185700,7,2,13.833333333333334,30,0.2231694206439097
Zm00001eb185780,6,3,21.545454545454547,75,0.4325922464705666
Zm00001eb185800,3,1,2.3333333333333335,4,0.8639284540761395
Zm00001eb185930,12,3,10.55,31,0.0950836981666933
Zm00001eb185950,15,5,9.689655172413794,37,0.3477378931142659
Zm00001eb185960,4,1,6.5,12,0.4387282434937685
Zm00001eb185980,14,5,11.11111111111111,66,3.075538948334035
Zm00001eb186100,8,2,8.363636363636363,17,0.1250699383128908
Zm00001eb186120,12,2,9.571428571428571,22,0.1143620066282125
Zm00001eb186150,5,1,12.4,27,0.9634608244283868
Zm00001eb186170,6,1,14.833333333333334,39,0.3409066921666945
Zm00001eb186190,2,1,15.0,17,1.584962500721156
Zm00001eb186220,10,3,10.0,46,0.530196674532504
Zm00001eb186240,13,7,12.264705882352942,83,0.1014859612793029
Zm00001eb186250,10,3,6.117647058823529,16,0.3098208702458698
Zm00001eb186290,5,1,12.6,46,0.4708016853848577
Zm00001eb186300,10,2,11.0,28,0.6356301985361728
Zm00001eb186310,3,1,12.666666666666666,26,0.956612727620872
Zm00001eb186330,11,3,8.285714285714286,23,0.3264788017579725
Zm00001eb186370,11,3,7.823529411764706,23,1.271781945141943
Zm00001eb186380,15,5,12.03225806451613,68,0.6814647064528178
Zm00001eb186420,8,2,11.125,26,1.120393016553643
Zm00001eb186450,2,1,10.0,12,0.6038834022061207
Zm00001eb186550,5,1,5.8,9,1.1053592628421705
Zm00001eb186560,11,3,9.941176470588236,34,5.058958597232358
Zm00001eb186570,12,4,10.92,66,1.6976458900115816
Zm00001eb186590,10,2,9.6,32,1.0
Zm00001eb186600,6,1,10.0,18,0.7494838022484815
Zm00001eb186610,9,3,5.25,14,1.1806165061177727
Zm00001eb186660,13,4,5.95,23,0.7690907138928657
Zm00001eb186770,4,2,7.25,14,0.7331280430466544
Zm00001eb186880,6,2,6.111111111111111,9,1.7814556835926862
Zm00001eb186900,6,2,10.5,25,0.8794540113386954
Zm00001eb186920,8,1,7.25,22,0.2859357559871117
Zm00001eb186940,13,5,7.107142857142857,21,1.2542232382723977
Zm00001eb186990,5,1,8.2,14,0.6739616517101535
Zm00001eb187010,14,4,7.260869565217392,20,0.3797449488080691
Zm00001eb187030,5,1,8.8,30,0.6275359959056608
Zm00001eb187040,10,4,8.3125,26,0.5043394286113937
Zm00001eb187050,10,3,8.692307692307692,38,0.2232093231967201
Zm00001eb187070,12,2,10.083333333333334,39,0.2713023329909211
Zm00001eb187110,7,2,5.75,9,0.3278572491747238
Zm00001eb187150,10,3,10.25,35,0.9245457481399888
Zm00001eb187170,3,1,5.666666666666667,14,0.5980724434306818
Zm00001eb187190,6,1,7.833333333333333,13,0.5145731728297582
Zm00001eb187240,10,2,8.5,27,0.3952041324728391
Zm00001eb187250,2,1,4.5,8,0.5556257927798625
Zm00001eb187260,6,1,6.833333333333333,19,0.4095396290661244
Zm00001eb187340,9,3,17.76923076923077,57,0.7913248391942783
Zm00001eb187390,4,1,7.25,13,1.6147322244896205
Zm00001eb187410,13,5,8.851851851851851,33,2.183268767119842
Zm00001eb187430,12,2,7.153846153846154,19,2.882886281000415
Zm00001eb187440,8,2,13.11111111111111,37,1.8303068180649704
Zm00001eb187450,17,10,8.018867924528301,31,1.0228866766118216
Zm00001eb187460,11,4,8.45,16,1.2579036687668563
Zm00001eb187570,4,1,7.75,18,0.5933450854958268
Zm00001eb187580,10,2,8.363636363636363,24,0.3869938241615149
Zm00001eb187590,12,3,6.2,23,0.3088896450751462
Zm00001eb187610,6,1,7.833333333333333,13,2.1605682657154937
Zm00001eb187620,7,1,11.0,33,0.7040377118340261
Zm00001eb187630,10,2,10.083333333333334,24,0.6644385694607547
Zm00001eb187650,5,1,7.6,24,3.1995806998879877
Zm00001eb187660,13,4,8.75,19,0.2994465915709948
Zm00001eb187670,14,3,6.1875,14,0.7382107945686535
Zm00001eb187680,5,1,13.8,36,1.5555978796779346
Zm00001eb187690,7,1,5.714285714285714,14,0.2670903260008467
Zm00001eb187730,13,5,8.321428571428571,25,0.6666941656139193
Zm00001eb187750,4,1,9.0,13,0.6893353475493978
Zm00001eb187810,6,1,8.5,23,0.3928778479014927
Zm00001eb187820,10,2,14.2,32,1.549767836775457
Zm00001eb187880,13,7,11.088235294117647,33,0.9125635334700284
Zm00001eb187890,8,1,7.75,24,0.6768542525417633
Zm00001eb187900,13,3,9.0,22,0.3583396958248269
Zm00001eb187910,7,2,8.666666666666666,27,0.5255264943055894
Zm00001eb187950,9,3,7.055555555555555,21,0.072724328439806
Zm00001eb187970,9,5,6.777777777777778,23,0.4947275014646127
Zm00001eb187980,9,5,6.777777777777778,23,0.689574925904496
Zm00001eb188060,10,2,8.818181818181818,24,0.256987110634895
Zm00001eb188070,11,2,10.357142857142858,26,1.9911838562298307
Zm00001eb188120,4,1,7.0,11,0.6326455021234078
Zm00001eb188160,3,1,12.666666666666666,19,0.2134451181354216
Zm00001eb188190,13,4,11.037037037037036,89,0.1933150601405855
Zm00001eb188220,12,2,7.375,24,1.4724519253963853
Zm00001eb188240,9,2,4.0,14,0.6225590710872526
Zm00001eb188280,7,1,6.857142857142857,21,0.2718263141702551
Zm00001eb188310,9,2,7.833333333333333,13,0.4166687127615563
Zm00001eb188340,14,4,8.407407407407407,21,0.8660602814025711
Zm00001eb188360,12,3,19.533333333333335,82,0.4020954706143465
Zm00001eb188370,4,1,4.25,9,0.6116328481753074
Zm00001eb188380,8,2,6.333333333333333,14,1.3304087364452513
Zm00001eb188460,15,6,16.80952380952381,82,0.8073549220576041
Zm00001eb188520,9,2,11.583333333333334,45,0.3475833638874651
Zm00001eb188580,6,1,12.333333333333334,38,0.4696449807113539
Zm00001eb188600,9,2,11.3,37,0.5482476164585111
Zm00001eb188680,9,1,8.555555555555555,25,0.5066344014222047
Zm00001eb188700,10,2,7.363636363636363,17,1.0846697497840116
Zm00001eb188720,15,4,10.26923076923077,65,1.0330979792602375
Zm00001eb188770,10,3,9.210526315789474,23,1.0740736544319909
Zm00001eb188800,13,4,9.304347826086957,38,0.5629412140459681
Zm00001eb188900,7,1,11.428571428571429,25,0.5200569240751514
Zm00001eb188950,9,3,10.76923076923077,34,0.3630697098398729
Zm00001eb188960,4,1,6.75,11,0.5118225255058321
Zm00001eb189000,14,2,7.625,19,0.8523154726241687
Zm00001eb189060,7,1,15.714285714285714,32,0.5535154863014861
Zm00001eb189070,10,2,8.818181818181818,18,0.2708841873952067
Zm00001eb189080,4,1,14.25,25,0.4626170781774599
Zm00001eb189140,7,1,11.0,39,0.2931058963394149
Zm00001eb189150,16,10,9.678571428571429,29,0.373426540311895
Zm00001eb189170,4,1,8.25,11,0.6907473168113208
Zm00001eb189210,17,3,8.277777777777779,37,0.1963983976971561
Zm00001eb189220,4,1,6.5,10,0.4792561984154301
Zm00001eb189260,11,2,9.846153846153847,29,0.393470474971488
Zm00001eb189300,10,3,4.0,12,0.5295794108024363
Zm00001eb189350,8,2,12.25,64,1.2768402053588244
Zm00001eb189370,4,2,14.0,19,0.8229341415766085
Zm00001eb189390,9,2,9.454545454545455,19,0.5802072885202165
Zm00001eb189410,12,3,7.75,22,1.5381917519962645
Zm00001eb189420,6,2,8.571428571428571,14,0.3285361073369869
Zm00001eb189430,11,4,17.72222222222222,59,1.4661833756229234
Zm00001eb189440,8,3,7.176470588235294,15,1.052658334470426
Zm00001eb189450,12,2,8.2,20,1.1444464211492036
Zm00001eb189470,5,1,5.0,9,1.3902021597530947
Zm00001eb189500,9,2,13.3,86,0.7369655941662062
Zm00001eb189530,5,1,7.0,14,0.3716398218400296
Zm00001eb189550,15,8,8.659090909090908,30,2.841302253980942
Zm00001eb189830,9,4,8.521739130434783,24,0.4321214046023593
Zm00001eb189840,12,4,5.5,18,1.1134915437755504
Zm00001eb189850,13,4,5.777777777777778,16,0.3157394661310505
Zm00001eb189870,5,1,10.0,25,0.1547805144449926
Zm00001eb189890,3,1,8.666666666666666,15,0.3478681711758793
Zm00001eb189900,8,1,10.25,15,1.2984806884566844
Zm00001eb189910,5,1,8.0,12,0.6844696408555961
Zm00001eb189920,10,3,6.111111111111111,13,1.1688021058653468
Zm00001eb189950,9,2,8.454545454545455,23,1.0203171055018494
Zm00001eb189970,7,2,12.3,29,0.5756617137695881
Zm00001eb189980,8,2,6.2727272727272725,14,0.3792555831545284
Zm00001eb190090,3,1,2.6666666666666665,5,5.022294868465201
Zm00001eb190120,4,1,14.0,24,0.3042293013042783
Zm00001eb190130,6,1,11.333333333333334,37,0.5513998453792389
Zm00001eb190140,11,3,10.105263157894736,23,0.7566491337734187
Zm00001eb190150,7,2,5.714285714285714,14,1.8920395483311665
Zm00001eb190160,10,2,8.181818181818182,21,1.171738906476979
Zm00001eb190180,12,4,8.470588235294118,21,0.8755650671185443
Zm00001eb190190,7,1,8.142857142857142,17,0.4958190526647184
Zm00001eb190260,9,3,5.714285714285714,10,0.190894364934565
Zm00001eb190270,11,7,9.743589743589743,38,1.0513325843933776
Zm00001eb190280,15,5,8.823529411764707,29,0.3914251346776058
Zm00001eb190310,14,6,10.310344827586206,60,1.4255806125186277
Zm00001eb190330,14,6,10.310344827586206,60,0.3501324573189619
Zm00001eb190340,14,8,8.114285714285714,26,0.5328369505967742
Zm00001eb190350,11,3,5.5,17,0.5010774032787847
Zm00001eb190360,11,4,10.208333333333334,46,0.2964261418991504
Zm00001eb190390,4,2,15.833333333333334,52,0.4556981487692009
Zm00001eb190410,12,3,14.133333333333333,50,0.6797598034351293
Zm00001eb190430,10,2,7.076923076923077,16,0.7331064897939639
Zm00001eb190550,6,1,9.666666666666666,20,0.1293120475765992
Zm00001eb190560,8,1,9.5,17,0.8796543034567106
Zm00001eb190610,5,1,6.0,13,0.1257305769609726
Zm00001eb190630,5,1,6.8,10,0.191871392504155
Zm00001eb190700,13,4,8.782608695652174,21,0.362634178253753
Zm00001eb190740,5,1,11.2,25,0.2080246126366926
Zm00001eb190810,9,3,5.461538461538462,13,0.3284608802217391
Zm00001eb190840,5,2,7.75,16,0.7681572530742427
Zm00001eb190850,9,2,8.181818181818182,23,0.222392421336448
Zm00001eb190870,11,3,10.333333333333334,31,0.2692360144595869
Zm00001eb190880,3,1,30.666666666666668,65,0.1891181092337892
Zm00001eb190910,13,3,5.722222222222222,21,0.1645395760991118
Zm00001eb190920,12,3,4.142857142857143,12,0.1926745991583876
Zm00001eb190930,14,3,8.842105263157896,34,0.223330963597204
Zm00001eb191000,6,1,12.833333333333334,50,0.3564000841492051
Zm00001eb191060,8,2,9.166666666666666,21,0.0763913987530059
Zm00001eb191070,6,1,5.833333333333333,8,0.2963207829444965
Zm00001eb191080,8,2,8.928571428571429,20,0.1446699392566028
Zm00001eb191110,7,2,7.555555555555555,24,0.6043757191853903
Zm00001eb191130,11,4,6.0,12,0.4488967280665583
Zm00001eb191180,4,1,3.5,6,0.5950888537859798
Zm00001eb191230,11,3,6.722222222222222,30,0.3247602221030692
Zm00001eb191240,10,3,5.769230769230769,12,0.4819650466760886
Zm00001eb191260,6,1,5.166666666666667,13,0.2127184479552587
Zm00001eb191270,7,2,6.875,17,0.4741512010396299
Zm00001eb191340,5,2,12.857142857142858,24,0.7955318285526488
Zm00001eb191350,14,5,9.387096774193548,23,0.1516236517909333
Zm00001eb191370,5,1,8.8,14,0.2543251962720104
Zm00001eb191420,8,3,10.692307692307692,29,0.4972762709794114
Zm00001eb191430,12,3,7.888888888888889,44,0.9628153162686428
Zm00001eb191440,8,2,4.5,9,1.1640802765204925
Zm00001eb191530,4,1,17.5,58,0.4435488958585976
Zm00001eb191550,3,1,5.0,8,0.3410349467874771
Zm00001eb191560,3,1,5.0,8,0.6602023849753416
Zm00001eb191610,12,3,5.625,20,0.9873719457456654
Zm00001eb191640,12,4,5.352941176470588,12,1.345401076256663
Zm00001eb191700,11,2,9.76923076923077,32,0.5734363714591522
Zm00001eb191710,6,1,3.3333333333333335,10,0.7299787486708086
Zm00001eb191720,7,2,7.666666666666667,20,0.117317157961895
Zm00001eb191890,7,1,13.0,42,0.5383477904192879
Zm00001eb191920,10,1,8.7,35,0.4540795804005132
Zm00001eb191930,14,4,6.32,17,0.4672248111736498
Zm00001eb191980,13,4,10.217391304347826,31,0.33636130764252
Zm00001eb191990,6,1,13.333333333333334,25,1.634937821787766
Zm00001eb192000,6,2,8.5,17,0.3319453372190769
Zm00001eb192060,3,1,7.333333333333333,11,0.332283655593846
Zm00001eb192070,5,2,6.5,12,0.447452998058411
Zm00001eb192090,7,1,6.142857142857143,19,0.2907497966469735
Zm00001eb192110,14,4,5.739130434782608,17,0.1646153542542844
Zm00001eb192120,7,1,6.857142857142857,15,0.4989720529076099
Zm00001eb192140,7,1,4.0,8,0.2105510303273223
Zm00001eb192150,4,1,4.75,7,0.4509266390790514
Zm00001eb192180,14,5,6.366666666666666,13,3.887373709738707
Zm00001eb192200,15,6,9.068965517241379,42,0.9316279154845808
Zm00001eb192230,15,8,10.844444444444445,38,0.8835540355783059
Zm00001eb192250,10,3,10.923076923076923,22,0.1428578572842329
Zm00001eb192270,5,1,4.4,9,0.3947165070301709
Zm00001eb192310,10,2,6.461538461538462,17,0.3182605838888162
Zm00001eb192320,5,1,4.2,8,0.5593573017042125
Zm00001eb192400,9,2,8.8,22,0.9941044601871252
Zm00001eb192410,11,3,16.625,58,0.5583968903267524
Zm00001eb192440,8,2,11.9,26,0.6070096107738223
Zm00001eb192460,9,2,8.727272727272727,24,0.8107353730894847
Zm00001eb192480,8,1,9.375,34,0.6054748152799122
Zm00001eb192560,3,1,4.333333333333333,7,0.7489533465645314
Zm00001eb192580,4,1,12.5,22,0.6487512775850099
Zm00001eb192600,6,2,9.5,21,0.6240606083045914
Zm00001eb192630,5,1,8.4,13,0.4704981902424728
Zm00001eb192640,11,3,10.466666666666667,30,0.3101775477376102
Zm00001eb192660,11,3,10.466666666666667,30,0.6296863626677048
Zm00001eb192670,8,3,5.0,18,0.6236497034539179
Zm00001eb192720,16,7,13.972972972972974,109,1.6903655920735214
Zm00001eb192850,13,3,8.555555555555555,17,0.6968619245324564
Zm00001eb192900,8,2,10.444444444444445,35,0.1004812991672414
Zm00001eb192940,9,2,8.0,22,2.481314616757221
Zm00001eb193030,3,1,7.0,13,0.249193640035381
Zm00001eb193060,8,2,7.444444444444445,13,0.5849625007211562
Zm00001eb193090,6,1,7.5,13,0.6797619509803975
Zm00001eb193120,10,1,4.9,17,1.462287481741117
Zm00001eb193140,6,1,17.833333333333332,79,0.2291516137695453
Zm00001eb193170,15,5,7.032258064516129,22,0.1795052365632422
Zm00001eb193190,12,4,7.2,21,0.2637739549786975
Zm00001eb193230,14,8,11.846153846153847,68,1.476885360676511
Zm00001eb193240,5,1,8.4,20,0.1887634970925401
Zm00001eb193260,5,2,12.222222222222221,28,0.5820608053014158
Zm00001eb193270,6,1,12.0,25,0.8966439522809372
Zm00001eb193300,5,1,6.2,10,0.7419992624879744
Zm00001eb193360,7,3,7.384615384615385,26,0.8335007991522166
Zm00001eb193370,9,2,4.4,11,0.9998287384178638
Zm00001eb193380,11,3,10.058823529411764,32,0.445803940727301
Zm00001eb193480,16,7,10.030303030303031,45,0.2258099057884808
Zm00001eb193490,7,1,5.0,10,0.4636545213979093
Zm00001eb193520,6,1,7.833333333333333,16,0.2723633006202789
Zm00001eb193570,11,2,10.384615384615385,52,0.6665677570874632
Zm00001eb193590,10,2,11.692307692307692,47,0.4087220418977255
Zm00001eb193640,9,2,9.9,16,0.927414028160805
Zm00001eb193650,9,2,9.9,16,0.1502863834026334
Zm00001eb193660,16,6,7.666666666666667,40,0.1750004871375679
Zm00001eb193670,11,6,7.806451612903226,38,0.7295362702945835
Zm00001eb193690,7,1,10.857142857142858,33,0.5272376857043649
Zm00001eb193740,11,3,15.294117647058824,85,0.777607578663552
Zm00001eb193760,2,1,15.0,19,0.616486679055278
Zm00001eb193810,6,1,5.5,19,0.5882896261873038
Zm00001eb193820,11,3,6.647058823529412,14,0.2665104805945423
Zm00001eb193830,7,2,8.7,18,1.2021155200839286
Zm00001eb193840,12,4,6.2105263157894735,21,0.1102283936719777
Zm00001eb193850,12,3,6.133333333333334,13,0.1803064385188245
Zm00001eb193860,6,1,19.0,61,1.0561641159855224
Zm00001eb193870,6,1,7.166666666666667,24,3.228818690495881
Zm00001eb193910,4,1,7.5,12,0.6830639358227357
Zm00001eb193940,1,1,11.0,11,0.9499481532161292
Zm00001eb193970,9,3,10.857142857142858,41,0.8461042224496108
Zm00001eb194020,12,4,6.2,18,1.9374161534791208
Zm00001eb194040,7,2,7.0,14,1.1804663681307324
Zm00001eb194070,9,3,8.2,30,1.351743205379479
Zm00001eb194080,10,4,8.631578947368421,26,0.772574466604288
Zm00001eb194100,8,2,9.88888888888889,21,0.7388642020256946
Zm00001eb194120,15,5,11.5,54,0.3048748413935583
Zm00001eb194130,7,1,9.857142857142858,34,0.1714044421242343
Zm00001eb194140,7,1,8.714285714285714,43,0.3279498503013065
Zm00001eb194150,8,2,7.9,16,0.6066692464387617
Zm00001eb194160,5,2,14.666666666666666,33,1.1241100003659923
Zm00001eb194200,8,1,8.5,34,0.6423042506445893
Zm00001eb194210,14,4,10.076923076923077,23,0.5649059409173799
Zm00001eb194220,7,3,9.076923076923077,17,0.3818425072472373
Zm00001eb194270,15,6,7.323529411764706,18,0.6978992607631702
Zm00001eb194330,12,4,11.38888888888889,37,0.3683501614646742
Zm00001eb194340,2,1,12.5,22,0.4876679031718758
Zm00001eb194350,8,2,6.0,12,0.604932275798164
Zm00001eb194440,9,2,15.727272727272727,38,0.3181895495580265
Zm00001eb194450,6,1,15.166666666666666,53,0.4445013092944097
Zm00001eb194500,14,5,7.090909090909091,23,0.6880437775392438
Zm00001eb194550,4,1,6.75,12,0.3711035463037043
Zm00001eb194640,16,5,10.878787878787879,41,2.886343218204433
Zm00001eb194690,3,1,12.333333333333334,26,0.2477093101809213
Zm00001eb194700,4,1,19.25,31,1.0355742129256085
Zm00001eb194730,9,3,4.142857142857143,9,0.2604139876479005
Zm00001eb194760,7,1,6.0,19,0.4849882083271433
Zm00001eb194780,3,1,9.0,15,0.2469914044996397
Zm00001eb194800,6,1,3.3333333333333335,8,0.6568455009406529
Zm00001eb194870,5,1,18.0,51,0.3865105688970777
Zm00001eb195000,5,1,7.8,20,0.1039147586116104
Zm00001eb195170,3,1,10.666666666666666,14,0.8532371888877227
Zm00001eb195220,2,1,8.5,10,0.4313959235902548
Zm00001eb195230,6,1,8.833333333333334,16,0.3946017602872398
Zm00001eb195270,12,6,9.766666666666667,27,0.58825123489231
Zm00001eb195380,11,3,9.823529411764707,26,0.3786113393329268
Zm00001eb195390,11,2,7.785714285714286,23,0.1618831058837568
Zm00001eb195450,16,4,12.464285714285714,71,0.3633798616998739
Zm00001eb195460,13,3,9.904761904761905,37,2.0638162316842714
Zm00001eb195470,6,1,5.5,8,0.3471578315116688
Zm00001eb195510,6,1,12.166666666666666,19,0.2292258302243787
Zm00001eb195530,4,1,8.5,15,1.5745317607149023
Zm00001eb195550,11,3,13.428571428571429,43,0.7827495452779387
Zm00001eb195560,11,3,12.5,60,0.999265436776797
Zm00001eb195620,9,1,6.666666666666667,11,0.4848851590446469
Zm00001eb195640,9,3,11.0,50,0.2971224357235472
Zm00001eb195690,7,1,9.571428571428571,35,3.2295782013084553
Zm00001eb195700,3,1,6.333333333333333,19,0.8156822085298164
Zm00001eb195740,7,2,5.0,8,3.405992359675837
Zm00001eb195760,15,6,8.685714285714285,29,1.5226174633873464
Zm00001eb195770,7,1,11.428571428571429,29,0.9789698447089432
Zm00001eb195780,5,1,10.4,20,0.1928529819157109
Zm00001eb195830,5,1,5.4,6,1.011666251915312
Zm00001eb195840,8,2,7.0,14,0.2607342117708054
Zm00001eb195860,10,2,7.916666666666667,17,0.1994548855651491
Zm00001eb195910,13,3,10.38888888888889,68,0.4245041073416257
Zm00001eb195960,8,1,7.25,21,0.9555909268475064
Zm00001eb195970,10,3,7.142857142857143,22,0.4506724628556851
Zm00001eb196030,9,2,9.818181818181818,28,0.251385412793788
Zm00001eb196060,10,3,7.4,17,0.2039610713961034
Zm00001eb196090,12,3,8.625,25,2.976152218003038
Zm00001eb196170,13,5,9.958333333333334,47,1.0339219595862443
Zm00001eb196180,7,2,8.0,24,0.3889283183980337
Zm00001eb196200,4,1,4.25,12,1.220871870678366
Zm00001eb196240,5,1,3.6,10,1.4311328179030676
Zm00001eb196270,11,4,9.0,31,0.2705193734257731
Zm00001eb196310,13,3,15.4,120,0.8041922161987826
Zm00001eb196320,12,5,8.807692307692308,23,1.453361971963383
Zm00001eb196380,10,2,6.916666666666667,17,0.2601357347161551
Zm00001eb196390,7,1,9.571428571428571,28,0.3008455429900654
Zm00001eb196530,18,9,9.837209302325581,34,0.1775542774801087
Zm00001eb196540,12,4,7.611111111111111,25,1.0136109991738909
Zm00001eb196550,9,2,15.88888888888889,52,1.2942625533803138
Zm00001eb196560,15,7,8.277777777777779,32,1.0941290325739197
Zm00001eb196590,13,5,9.095238095238095,24,0.2998225536059206
Zm00001eb196600,13,5,12.966666666666667,65,1.1122403498643385
Zm00001eb196630,10,2,7.076923076923077,22,0.2846572175335892
Zm00001eb196640,13,4,10.0,27,0.3007319569121189
Zm00001eb196650,14,8,6.451612903225806,19,0.4167084297641173
Zm00001eb196670,7,2,7.846153846153846,16,0.8180533727907724
Zm00001eb196870,16,8,7.9772727272727275,20,0.9450462453673052
Zm00001eb196880,8,1,5.875,10,0.6913962826859903
Zm00001eb196920,6,3,6.636363636363637,14,1.0584094343794477
Zm00001eb196930,12,4,13.352941176470589,74,0.5314509716164116
Zm00001eb196970,8,2,22.166666666666668,50,0.7744820140023869
Zm00001eb196980,6,1,10.0,34,0.4679318521380706
Zm00001eb197030,8,1,9.375,41,0.9770278622776224
Zm00001eb197040,12,6,7.571428571428571,23,0.7773638676460607
Zm00001eb197070,5,1,7.4,15,0.3403792444164692
Zm00001eb197150,7,1,15.285714285714286,27,0.1207903546920244
Zm00001eb197170,10,1,6.3,12,0.7458502562991302
Zm00001eb197180,8,1,7.125,15,0.3709692393086173
Zm00001eb197300,4,1,9.25,16,1.4078005835942793
Zm00001eb197320,4,1,3.5,7,0.7596017352442663
Zm00001eb197410,8,2,9.8,39,0.3189708982806646
Zm00001eb197480,13,3,5.9,16,1.0089403759698954
Zm00001eb197570,9,2,8.166666666666666,35,0.5849625007211562
Zm00001eb197630,10,2,4.2727272727272725,11,0.6366231425440293
Zm00001eb197640,11,3,7.125,29,0.2980626305986289
Zm00001eb197650,10,2,5.615384615384615,13,0.8479969065549499
Zm00001eb197750,6,1,6.166666666666667,11,1.1774983602756737
Zm00001eb197780,13,4,20.31578947368421,141,1.2892706991812912
Zm00001eb197810,12,3,11.9375,34,0.4205621174048064
Zm00001eb197890,5,1,12.0,31,0.3478766974601356
Zm00001eb197910,8,2,8.88888888888889,25,0.3390554075458759
Zm00001eb197940,6,1,14.333333333333334,33,0.93483787798233
Zm00001eb197960,4,1,10.75,23,0.5604337605491219
Zm00001eb198020,6,2,9.88888888888889,17,8.249264465623032
Zm00001eb198030,6,1,5.833333333333333,10,1.352434793158678
Zm00001eb198120,10,3,6.3125,13,1.6077425695213046
Zm00001eb198220,8,1,6.0,18,1.4086177179782844
Zm00001eb198240,4,1,21.25,78,0.8821129991197704
Zm00001eb198300,5,2,5.285714285714286,15,0.4592037183426885
Zm00001eb198310,8,2,7.090909090909091,26,0.4532922197512521
Zm00001eb198350,4,1,12.5,29,0.108767845885133
Zm00001eb198420,9,2,13.8,62,0.2197036497054967
Zm00001eb198430,8,2,9.846153846153847,25,0.3571530936886007
Zm00001eb198450,6,1,10.166666666666666,18,0.0682634529204312
Zm00001eb198460,11,3,13.588235294117647,50,0.5108193811646542
Zm00001eb198470,7,2,8.875,21,0.0591793951840624
Zm00001eb198540,11,2,6.7272727272727275,16,0.3095804485767202
Zm00001eb198560,9,2,8.666666666666666,44,0.2267663295441051
Zm00001eb198580,12,9,7.886363636363637,28,0.3755519384209989
Zm00001eb198620,4,1,9.75,13,0.7710714775422829
Zm00001eb198690,6,1,4.166666666666667,10,0.4851373484297478
Zm00001eb198710,6,1,13.0,22,0.1414816304209407
Zm00001eb198730,6,2,8.545454545454545,28,0.1478382596688122
Zm00001eb198740,1,1,16.0,16,0.6082399997120616
Zm00001eb198810,11,2,7.785714285714286,18,0.3474945707450794
Zm00001eb198820,3,1,11.333333333333334,22,0.1764710351148773
Zm00001eb198840,10,4,10.8,27,1.1242998178654404
Zm00001eb198850,9,2,9.181818181818182,20,0.3795247191140762
Zm00001eb198900,6,2,7.285714285714286,23,1.4519530629100477
Zm00001eb198910,18,8,8.9,37,0.6280745098322728
Zm00001eb198950,15,8,6.9,16,1.0005845872375336
Zm00001eb198960,6,1,16.666666666666668,29,0.4990865092983284
Zm00001eb199020,7,1,4.428571428571429,10,0.5305147166987798
Zm00001eb199080,3,1,8.0,19,0.8681325218443412
Zm00001eb199090,13,2,12.529411764705882,33,0.5491946632163344
Zm00001eb199110,7,1,8.142857142857142,21,1.1353779771313337
Zm00001eb199150,4,1,9.75,19,0.8764219827910875
Zm00001eb199160,9,4,7.6875,11,0.4967715052261832
Zm00001eb199170,1,1,7.0,7,0.0
Zm00001eb199190,9,1,7.555555555555555,26,0.7738226328747015
Zm00001eb199230,9,2,7.8,16,0.607877040634003
Zm00001eb199240,6,1,3.6666666666666665,7,1.2265263776765574
Zm00001eb199330,11,4,14.15,128,0.2877997781002845
Zm00001eb199360,14,4,7.0,17,0.4992630152514777
Zm00001eb199410,11,5,12.590909090909092,106,0.2588770913336145
Zm00001eb199500,8,1,12.375,41,0.5793474207894815
Zm00001eb199520,6,1,11.333333333333334,49,1.0558109652988892
Zm00001eb199530,12,4,7.476190476190476,16,0.8483104838246812
Zm00001eb199540,8,1,10.375,28,0.3009700157293794
Zm00001eb199560,6,1,4.666666666666667,13,0.2247473632601392
Zm00001eb199570,4,1,8.75,19,0.5394473739636606
Zm00001eb199590,9,3,9.533333333333333,20,0.3077078517711081
Zm00001eb199660,9,2,16.583333333333332,97,0.6926001310330834
Zm00001eb199670,6,1,8.5,31,0.6579660573995809
Zm00001eb199730,8,2,9.11111111111111,20,0.2640240826984075
Zm00001eb199800,4,1,8.75,15,0.1767600706064347
Zm00001eb199940,7,1,12.428571428571429,25,0.695931465976535
Zm00001eb199950,7,2,5.25,9,0.4448497899660429
Zm00001eb199960,15,6,10.81578947368421,47,0.3237206970327768
Zm00001eb199970,5,1,10.6,19,0.4631866280752797
Zm00001eb200010,7,2,7.125,12,0.1746415638921172
Zm00001eb200080,3,1,11.666666666666666,15,0.1927649132091073
Zm00001eb200130,8,2,12.083333333333334,41,0.2691909798986551
Zm00001eb200140,5,1,6.8,10,0.8314485298663925
Zm00001eb200150,10,2,8.916666666666666,31,0.0969272186909287
Zm00001eb200230,9,4,15.333333333333334,83,0.6003571725015637
Zm00001eb200250,10,5,14.222222222222221,83,0.6103639771443075
Zm00001eb200260,18,10,9.048387096774194,26,0.5919577997364471
Zm00001eb200350,3,1,7.333333333333333,11,1.8030082479613996
Zm00001eb200370,10,2,8.090909090909092,19,0.8199492328976262
Zm00001eb200390,6,2,7.916666666666667,16,1.1966843117782866
Zm00001eb200430,5,1,15.4,36,0.6193410502927473
Zm00001eb200440,4,1,3.75,8,0.2883487217373063
Zm00001eb200450,4,1,3.75,8,0.6743577843299562
Zm00001eb200500,15,7,7.121951219512195,22,1.290512670711404
Zm00001eb200510,14,5,7.833333333333333,39,0.7054795592824866
Zm00001eb200520,5,1,6.6,13,0.9342592087547728
Zm00001eb200530,11,2,10.636363636363637,25,2.9687794132464016
Zm00001eb200570,3,1,5.0,9,2.5443205162238103
Zm00001eb200590,2,1,2.0,4,0.6680328870210147
Zm00001eb200630,8,3,8.416666666666666,30,0.8062892251386179
Zm00001eb200650,9,2,5.3,14,0.7786138488983085
Zm00001eb200680,7,2,9.125,34,0.3637370842905055
Zm00001eb200700,10,3,9.294117647058824,20,0.6424320634587686
Zm00001eb200720,15,9,11.702127659574469,40,1.51380006513584
Zm00001eb200830,5,1,8.0,27,1.1996089710786957
Zm00001eb200880,7,1,6.142857142857143,9,0.343840982535942
Zm00001eb200910,10,2,11.23076923076923,22,0.585172422233395
Zm00001eb200940,5,1,11.2,19,0.4704563929640036
Zm00001eb201000,8,2,8.0,17,0.4150374992788437
Zm00001eb201010,8,1,10.0,48,0.6669884276183083
Zm00001eb201090,6,1,11.833333333333334,28,0.6563297340143681
Zm00001eb201100,6,1,12.333333333333334,38,2.4027887702139505
Zm00001eb201110,9,2,9.545454545454545,28,0.2831793453008456
Zm00001eb201220,10,3,7.642857142857143,20,0.0638223447229168
Zm00001eb201230,5,1,7.8,12,0.2499749480591525
Zm00001eb201260,10,2,4.428571428571429,12,0.2003215037418618
Zm00001eb201290,3,1,13.666666666666666,31,0.4157889681565769
Zm00001eb201330,9,6,7.526315789473684,15,0.2637019252426053
Zm00001eb201340,8,1,14.125,43,0.5395223680492
Zm00001eb201350,7,1,7.857142857142857,20,1.0565025165356494
Zm00001eb201410,13,2,11.5,27,0.4317867425050035
Zm00001eb201440,10,2,7.928571428571429,21,0.6314023902190794
Zm00001eb201450,15,5,9.612903225806452,43,1.0331729853122278
Zm00001eb201460,8,1,6.375,17,0.415037499278844
Zm00001eb201570,8,1,9.875,21,0.202323951356168
Zm00001eb201580,9,2,9.666666666666666,29,0.2512211677813912
Zm00001eb201730,8,1,12.5,34,0.7137652297956582
Zm00001eb201850,5,1,2.6,5,1.247773372986318
Zm00001eb201880,7,1,8.0,14,0.5267608788853863
Zm00001eb201890,2,1,9.5,10,1.1099776704537394
Zm00001eb201910,3,1,6.0,8,0.3269228821910162
Zm00001eb201920,11,3,13.0625,39,0.4565912072158742
Zm00001eb202020,12,2,6.875,16,0.7469130309654917
Zm00001eb202040,13,4,14.08695652173913,39,0.2473516413388684
Zm00001eb202120,5,1,8.8,14,0.1920637103721646
Zm00001eb202140,9,2,8.692307692307692,25,0.1484944368959257
Zm00001eb202240,2,1,4.5,8,0.9918200192405886
Zm00001eb202350,10,2,8.615384615384615,23,0.4716229315080816
Zm00001eb202360,7,1,9.285714285714286,23,0.3660694647735155
Zm00001eb202430,5,1,7.6,13,4.652278381651467
Zm00001eb202450,5,2,6.2,10,0.9135588049529172
Zm00001eb202480,5,1,9.4,18,1.2765484276955033
Zm00001eb202490,12,2,8.0,18,0.3672392294101861
Zm00001eb202500,9,1,7.555555555555555,20,1.6588971434477808
Zm00001eb202510,15,7,10.864864864864865,29,0.8795206300350706
Zm00001eb202570,14,3,12.956521739130435,96,1.6650262072670723
Zm00001eb202590,11,6,11.409090909090908,23,0.3705162215461083
Zm00001eb202650,3,1,7.666666666666667,9,0.8269803143492759
Zm00001eb202690,13,6,9.48,53,0.2766306415262622
Zm00001eb202750,6,1,12.166666666666666,27,0.8967745612662867
Zm00001eb202760,10,4,11.791666666666666,48,0.2686879562520106
Zm00001eb202790,5,1,14.2,28,0.9876421195865652
Zm00001eb202830,4,2,7.0,12,0.4370020068157784
Zm00001eb202910,5,2,6.166666666666667,13,0.7133495567949366
Zm00001eb202940,3,1,4.0,9,0.5931738909419276
Zm00001eb202960,3,1,11.0,16,0.2370829095446493
Zm00001eb203110,7,1,8.571428571428571,16,0.4486191676873994
Zm00001eb203140,5,1,13.4,62,0.5386663229505501
Zm00001eb203230,4,1,7.25,11,1.1721307715305087
Zm00001eb203320,5,1,7.2,10,0.5181713818201789
Zm00001eb203340,7,2,11.166666666666666,46,1.045557553605463
Zm00001eb203380,7,2,10.428571428571429,55,1.4588795136550283
Zm00001eb203460,4,1,7.0,11,0.6569512181134946
Zm00001eb203600,4,1,11.75,18,0.3261444752344464
Zm00001eb203660,7,2,6.75,12,0.8257728832509164
Zm00001eb203770,7,1,8.857142857142858,21,0.325572853710064
Zm00001eb203810,9,2,6.2727272727272725,17,0.7732276529226959
Zm00001eb203870,5,2,5.8,11,0.4417998849555409
Zm00001eb203920,6,3,3.5833333333333335,11,1.2590351459992035
Zm00001eb203950,8,2,9.0,21,0.447078794533324
Zm00001eb203960,9,2,8.5,23,0.1094655918893088
Zm00001eb203990,2,1,7.0,10,0.2315672148612388
Zm00001eb204000,5,1,16.6,26,0.8650785656011948
Zm00001eb204010,10,2,7.545454545454546,21,0.7379112890862497
Zm00001eb204020,15,5,9.222222222222221,31,0.5054447805628245
Zm00001eb204030,2,1,3.0,4,0.4593134708307586
Zm00001eb204050,7,1,8.714285714285714,14,0.4766370569919567
Zm00001eb204150,9,2,14.076923076923077,54,2.5747877283937086
Zm00001eb204160,5,1,10.2,24,1.6571736740954464
Zm00001eb204190,4,1,2.5,4,0.2707177363623111
Zm00001eb204250,5,1,14.0,26,0.8390359525563189
Zm00001eb204260,9,2,6.2,22,0.5560655600028152
Zm00001eb204300,5,1,8.2,12,0.2668249975574487
Zm00001eb204310,7,2,10.444444444444445,28,0.5873576083007739
Zm00001eb204320,13,8,9.341463414634147,33,0.5865937369583426
Zm00001eb204360,3,2,27.6,56,0.3220439889106772
Zm00001eb204410,5,1,13.2,38,0.7414526231857761
Zm00001eb204430,9,1,10.333333333333334,42,0.9195156855032828
Zm00001eb204570,12,4,6.368421052631579,25,0.1696039802244698
Zm00001eb204590,8,3,7.75,17,0.4156549345687075
Zm00001eb204600,7,1,10.285714285714286,27,0.7695848760098655
Zm00001eb204620,15,9,8.06,28,1.652805360999802
Zm00001eb204630,12,3,11.333333333333334,33,1.2699802027414513
Zm00001eb204640,5,2,7.428571428571429,11,0.3152738140958053
Zm00001eb204650,11,3,9.157894736842104,29,2.982265650982437
Zm00001eb204660,11,3,11.5,55,0.1815001765409513
Zm00001eb204700,2,1,23.5,45,0.2989237668769879
Zm00001eb204790,6,1,13.666666666666666,22,0.0
Zm00001eb204830,5,1,6.6,14,0.7238641813289567
Zm00001eb204850,6,1,8.833333333333334,22,0.3044407619681107
Zm00001eb204890,5,1,10.2,17,0.4106011551015446
Zm00001eb204900,16,10,7.547169811320755,28,0.3050895290376677
Zm00001eb204950,6,1,5.0,11,0.4286835920743101
Zm00001eb204960,15,6,7.852941176470588,32,1.938089278275646
Zm00001eb204970,4,1,8.0,11,0.2527870788532615
Zm00001eb204990,8,2,9.9,25,0.3262646205109009
Zm00001eb205010,8,2,7.4,11,0.1315577744754489
Zm00001eb205030,3,1,7.666666666666667,9,1.1556719641774156
Zm00001eb205040,7,1,8.0,25,0.0995356735509143
Zm00001eb205050,5,1,7.0,15,0.4390864950216229
Zm00001eb205090,12,3,4.8,23,0.9834366181364124
Zm00001eb205110,6,1,7.0,22,1.3171291398376486
Zm00001eb205190,7,2,6.5,24,0.2343045956749659
Zm00001eb205200,11,3,13.529411764705882,30,1.8479567670911925
Zm00001eb205410,5,1,6.8,25,1.1823205289551784
Zm00001eb205450,7,1,10.428571428571429,34,0.2583525651530527
Zm00001eb205470,7,2,14.5,73,0.1980176082670941
Zm00001eb205480,11,3,9.125,28,0.600808359117599
Zm00001eb205490,8,3,14.615384615384615,51,0.5288091808560802
Zm00001eb205540,16,6,7.925925925925926,31,0.1447991637863808
Zm00001eb205550,9,4,8.80952380952381,23,0.4339234177419508
Zm00001eb205560,3,1,16.333333333333332,24,0.666154964704051
Zm00001eb205570,9,2,9.7,28,0.4468696139786068
Zm00001eb205580,4,1,17.75,28,0.4615425588177681
Zm00001eb205600,14,4,8.304347826086957,24,0.4670125888941582
Zm00001eb205610,5,1,8.2,15,0.3195572377941912
Zm00001eb205690,15,5,8.928571428571429,52,0.5575723684381736
Zm00001eb205700,8,1,14.125,52,0.8984380777205473
Zm00001eb205750,6,2,6.7,21,1.5572874173394835
Zm00001eb205760,2,1,9.5,11,0.4216553126894073
Zm00001eb205770,14,3,9.25,39,0.2313668301523393
Zm00001eb205780,14,3,8.826086956521738,46,0.1472795361824002
Zm00001eb205820,9,2,7.909090909090909,15,0.1480860508356204
Zm00001eb205830,11,3,6.666666666666667,12,0.2724112462223563
Zm00001eb205840,14,6,11.125,44,0.4547418977684724
Zm00001eb205850,3,1,7.666666666666667,10,0.5157107756620501
Zm00001eb205890,10,3,8.842105263157896,50,0.4055386051107313
Zm00001eb205910,11,3,7.285714285714286,12,0.7545196580176645
Zm00001eb205920,12,4,7.7,24,0.4726934487467922
Zm00001eb205930,2,1,7.0,9,0.379962766232312
Zm00001eb205960,11,3,7.714285714285714,31,0.4989357326977862
Zm00001eb205990,9,4,10.333333333333334,20,0.1380968928117463
Zm00001eb206020,13,3,8.944444444444445,35,1.3625700793847082
Zm00001eb206040,14,5,6.9655172413793105,17,0.2781658792210877
Zm00001eb206050,8,1,10.0,25,0.7960803868612613
Zm00001eb206070,6,1,8.666666666666666,18,0.2681033203123482
Zm00001eb206090,13,4,6.304347826086956,14,1.7973835517526964
Zm00001eb206100,5,1,3.4,7,0.1026777902797857
Zm00001eb206120,7,1,8.714285714285714,15,0.3193527214481521
Zm00001eb206150,8,2,10.777777777777779,64,0.9389471147105992
Zm00001eb206220,3,1,8.666666666666666,17,0.2646581490279377
Zm00001eb206240,4,1,7.75,13,0.4112577764362342
Zm00001eb206260,6,1,10.666666666666666,17,1.84799690655495
Zm00001eb206300,10,2,6.75,15,0.879143306871764
Zm00001eb206320,9,2,10.461538461538462,28,1.20135955299995
Zm00001eb206330,16,11,10.017543859649123,28,0.6314325125493625
Zm00001eb206340,15,8,12.465116279069768,62,4.770224067597758
Zm00001eb206350,7,1,6.714285714285714,13,0.6543559358040555
Zm00001eb206360,5,2,18.7,45,0.202042317766576
Zm00001eb206370,11,3,8.076923076923077,15,0.3325023508831882
Zm00001eb206380,10,2,11.461538461538462,33,0.2648431199340162
Zm00001eb206400,8,3,6.666666666666667,31,0.306195427759726
Zm00001eb206420,3,1,32.333333333333336,80,3.4567251609054344
Zm00001eb206440,7,1,8.0,12,0.8413742961406233
Zm00001eb206470,7,1,7.857142857142857,14,0.9185895639178444
Zm00001eb206480,13,4,7.2272727272727275,25,1.3978200271609564
Zm00001eb206490,7,2,14.636363636363637,39,0.5610418328392962
Zm00001eb206500,8,2,6.2,11,0.2689982099193324
Zm00001eb206510,13,5,11.903225806451612,26,1.19641624966114
Zm00001eb206520,9,3,13.066666666666666,32,0.2316729234765753
Zm00001eb206560,3,1,10.333333333333334,23,1.9642890739459709
Zm00001eb206580,13,6,9.8,38,0.1324502960236496
Zm00001eb206590,4,2,12.166666666666666,23,1.8283021204177936
Zm00001eb206600,10,4,13.727272727272727,39,0.2461605872693976
Zm00001eb206650,3,1,5.333333333333333,10,0.2001797368721738
Zm00001eb206660,5,1,14.2,22,0.6605525337122123
Zm00001eb206670,8,2,10.454545454545455,22,0.7635385299096422
Zm00001eb206730,9,2,14.5,46,0.4524619752964871
Zm00001eb206740,9,2,7.083333333333333,22,0.1331840644783968
Zm00001eb206750,4,1,4.0,7,0.9865361730168378
Zm00001eb206760,15,4,8.366666666666667,35,0.4173894557732976
Zm00001eb206770,10,2,10.833333333333334,37,2.1650154151466685
Zm00001eb206780,15,10,10.245283018867925,62,0.9117931369245662
Zm00001eb206790,8,2,4.9,12,0.5251750107367485
Zm00001eb206800,14,5,12.625,35,0.4207831601601096
Zm00001eb206810,12,5,10.870967741935484,38,2.1123703880449263
Zm00001eb206840,12,5,12.033333333333333,55,3.2664124386929902
Zm00001eb206870,13,4,8.8,27,0.2444603646078909
Zm00001eb206880,8,1,15.75,39,0.6132793513099133
Zm00001eb206900,13,6,9.0,37,0.1599477138075752
Zm00001eb206910,10,4,10.88888888888889,68,0.6136932201832646
Zm00001eb206940,5,1,5.4,8,0.6255979307971158
Zm00001eb207010,14,5,10.2,25,0.4752912963923257
Zm00001eb207050,5,1,10.6,20,0.7311262615467876
Zm00001eb207080,15,4,9.833333333333334,55,0.3003492995005155
Zm00001eb207090,15,3,8.363636363636363,39,0.1254610643143544
Zm00001eb207110,5,1,11.0,19,3.5443205162238103
Zm00001eb207120,13,5,9.931034482758621,30,0.3995937945636499
Zm00001eb207130,4,1,5.75,8,0.7949039835381072
Zm00001eb207240,6,1,11.833333333333334,19,3.551275396101819
Zm00001eb207280,6,1,8.666666666666666,18,1.2418271403342052
Zm00001eb207290,11,3,8.529411764705882,21,0.4741223498144505
Zm00001eb207300,6,1,6.833333333333333,12,0.2864304841476229
Zm00001eb207310,3,1,5.666666666666667,9,2.0763445059435415
Zm00001eb207370,11,3,8.31578947368421,22,0.4008440572134499
Zm00001eb207380,4,1,14.25,35,0.5347379466377145
Zm00001eb207390,8,2,10.2,25,0.1229933890399043
Zm00001eb207410,13,3,11.043478260869565,32,0.6155939988370022
Zm00001eb207420,5,2,7.8,16,0.5132413659521265
Zm00001eb207430,6,2,12.285714285714286,19,0.3772079921713028
Zm00001eb207450,12,3,10.38888888888889,36,0.6176875860967028
Zm00001eb207490,6,1,3.1666666666666665,7,0.2351514995407751
Zm00001eb207520,3,1,6.666666666666667,9,1.0738285384194706
Zm00001eb207530,7,2,11.4,32,0.3267984197547263
Zm00001eb207540,4,1,7.0,16,0.1927701407255588
Zm00001eb207550,9,2,12.666666666666666,48,0.5248254905417578
Zm00001eb207640,8,2,11.545454545454545,29,0.5634872199107633
Zm00001eb207660,8,3,4.083333333333333,12,1.813242338745792
Zm00001eb207670,14,6,7.303030303030303,18,0.7324542991073127
Zm00001eb207690,4,1,7.75,19,0.4511837871214548
Zm00001eb207720,13,5,8.826086956521738,21,0.3397109328709435
Zm00001eb207750,11,3,19.333333333333332,70,0.6109627161454331
Zm00001eb207760,5,1,8.4,13,0.3796936024033634
Zm00001eb207790,9,2,7.818181818181818,18,0.5779647702796018
Zm00001eb207830,7,2,8.0,15,2.2277820192700566
Zm00001eb207860,6,1,7.0,11,2.5760015467225252
Zm00001eb207890,10,3,7.5,17,0.6799439002501163
Zm00001eb207920,11,3,12.384615384615385,39,0.4344159968691024
Zm00001eb207950,8,2,8.0,22,0.4997977357302388
Zm00001eb207960,4,1,6.25,11,0.9121691038267276
Zm00001eb207970,14,6,8.275862068965518,39,1.5419181381578786
Zm00001eb208010,9,3,9.333333333333334,23,0.0877698216983969
Zm00001eb208030,8,2,9.538461538461538,33,0.1714044224237198
Zm00001eb208040,16,8,9.311111111111112,25,0.8863502485745036
Zm00001eb208060,11,2,16.266666666666666,95,0.2383567597833316
Zm00001eb208070,11,2,22.0,95,0.4805206962818042
Zm00001eb208090,3,1,8.333333333333334,15,0.6495563514125197
Zm00001eb208140,9,2,10.545454545454545,30,1.3963309348483033
Zm00001eb208150,13,5,13.695652173913043,71,0.7860964658312017
Zm00001eb208200,7,2,11.2,20,0.9108615291633224
Zm00001eb208220,5,2,15.0,70,0.4942774104766414
Zm00001eb208240,4,1,1.5,4,0.3250532045319882
Zm00001eb208250,9,1,8.666666666666666,16,0.2367163803582849
Zm00001eb208320,7,2,10.125,21,0.4733855423661646
Zm00001eb208380,16,4,6.923076923076923,18,1.0833621245936953
Zm00001eb208390,6,2,5.666666666666667,13,0.4101689586312653
Zm00001eb208400,8,3,5.333333333333333,13,4.37029881285103
Zm00001eb208430,10,3,9.5,22,0.2028324705062742
Zm00001eb208480,12,4,11.1,90,1.262511841742959
Zm00001eb208490,5,2,4.666666666666667,14,0.5755588833930241
Zm00001eb208500,6,2,5.7272727272727275,14,0.4279448257091814
Zm00001eb208520,5,1,10.8,16,0.2655774738617004
Zm00001eb208530,12,3,10.11111111111111,27,0.0803803349312705
Zm00001eb208540,7,1,6.0,15,0.8398514118858306
Zm00001eb208580,17,9,12.75,64,0.2414712706373852
Zm00001eb208600,14,4,10.826086956521738,39,1.106915203916512
Zm00001eb208690,7,1,9.0,23,0.5973044206937261
Zm00001eb208700,7,1,8.428571428571429,20,1.1032349515159203
Zm00001eb208710,14,5,14.222222222222221,90,0.2627179394260978
Zm00001eb208760,14,4,7.04,18,0.6714802417400195
Zm00001eb208780,7,2,10.636363636363637,37,0.4944750353317548
Zm00001eb208790,6,2,10.0,34,0.3963594316679473
Zm00001eb208820,10,2,7.5,25,0.3437581947842534
Zm00001eb208830,5,1,12.4,24,0.3066006340034319
Zm00001eb208840,4,1,15.5,51,0.3727731927805854
Zm00001eb208880,3,1,6.333333333333333,8,0.4176062754271092
Zm00001eb208900,14,3,18.27777777777778,131,0.4055531641465972
Zm00001eb208910,9,2,13.090909090909092,23,0.53173324696517
Zm00001eb208920,7,2,6.333333333333333,16,0.5502026785563207
Zm00001eb208940,6,1,6.833333333333333,19,0.2289397587616903
Zm00001eb208970,9,3,14.6,85,0.1914487402752166
Zm00001eb209000,3,1,23.333333333333332,46,0.1962346878704028
Zm00001eb209010,8,2,12.0,46,0.5492222647448743
Zm00001eb209030,3,1,14.0,25,0.4213472470434461
Zm00001eb209040,12,3,9.470588235294118,31,0.4436973307890309
Zm00001eb209070,6,1,19.666666666666668,54,0.4301786654889648
Zm00001eb209100,9,1,6.111111111111111,22,0.379724742597531
Zm00001eb209140,13,3,16.0,68,0.7958179578625385
Zm00001eb209150,4,2,6.8,12,0.3191321700356938
Zm00001eb209170,4,1,3.75,7,0.9390282113189996
Zm00001eb209190,4,1,12.5,32,1.0785683832420347
Zm00001eb209200,13,5,9.035714285714286,22,0.5585048567038217
Zm00001eb209210,13,3,7.578947368421052,18,0.3870259103088375
Zm00001eb209220,15,8,7.945945945945946,25,0.3875126080334743
Zm00001eb209230,8,4,13.789473684210526,32,0.2187063457071835
Zm00001eb209240,5,1,15.6,26,0.7014039723975959
Zm00001eb209250,1,1,9.0,9,1.631697839913339
Zm00001eb209280,8,2,7.0,19,1.1396917481355116
Zm00001eb209300,11,2,5.0,12,0.5914320285749052
Zm00001eb209330,7,2,10.333333333333334,23,1.7314194402680358
Zm00001eb209360,8,2,8.5,19,0.3667797424893366
Zm00001eb209390,8,2,6.8,12,0.3560692335321309
Zm00001eb209420,14,5,10.222222222222221,79,0.1903040635622602
Zm00001eb209440,12,3,6.684210526315789,21,0.3300934536461982
Zm00001eb209450,6,1,9.5,32,0.5233326907478629
Zm00001eb209480,16,9,9.10204081632653,20,0.1476591333420672
Zm00001eb209490,15,6,10.0,30,0.319536527025167
Zm00001eb209550,10,2,6.846153846153846,14,0.1534042616107268
Zm00001eb209560,5,1,4.8,11,8.035208127678581
Zm00001eb209570,12,3,10.933333333333334,34,1.0891908096293197
Zm00001eb209610,6,1,8.333333333333334,20,0.2444925423956931
Zm00001eb209640,4,1,10.25,20,2.177430156486251
Zm00001eb209740,11,4,8.6875,21,0.406046048086001
Zm00001eb209780,8,3,7.7,18,0.1838385046821057
Zm00001eb209880,12,4,7.6521739130434785,18,0.7849508886018621
Zm00001eb209920,3,1,7.666666666666667,15,0.222392421336448
Zm00001eb210000,10,3,10.176470588235293,37,0.4140589136024947
Zm00001eb210280,7,1,7.285714285714286,21,0.792383029688235
Zm00001eb210290,8,1,24.75,120,0.9832887207246525
Zm00001eb210350,6,1,32.5,122,0.6458642332356956
Zm00001eb210370,1,1,2.0,2,0.1869963536002628
Zm00001eb210380,6,1,9.333333333333334,16,0.4623376195677778
Zm00001eb210390,8,1,8.75,18,1.5475570761935649
Zm00001eb210410,12,2,8.923076923076923,23,0.2827362197683727
Zm00001eb210420,5,1,9.2,23,0.4737153068160825
Zm00001eb210440,7,2,23.77777777777778,113,0.376113677610948
Zm00001eb210460,9,2,9.692307692307692,31,0.6365025136923884
Zm00001eb210490,5,1,7.2,10,1.7288234692982565
Zm00001eb210540,10,3,27.642857142857142,133,1.2364077170131451
Zm00001eb210570,4,1,5.0,10,0.3283254279477109
Zm00001eb210590,2,1,5.0,6,0.81689823624126
Zm00001eb210600,2,2,10.0,22,0.8810919126172813
Zm00001eb210610,6,2,4.833333333333333,7,0.3298506348763527
Zm00001eb210620,7,2,5.0,14,0.5118460355721015
Zm00001eb210630,6,2,4.833333333333333,7,0.5117935428951805
Zm00001eb210680,4,1,13.5,22,0.5134997404429666
Zm00001eb210690,7,2,8.9,16,0.281245636978709
Zm00001eb210750,14,4,7.3,20,0.4950581500116258
Zm00001eb210760,7,3,22.545454545454547,112,0.6356553531231002
Zm00001eb210770,10,5,15.095238095238095,44,0.5853628770394228
Zm00001eb210780,5,1,12.0,22,0.5816493775326629
Zm00001eb210790,14,5,6.428571428571429,15,0.1300541164248967
Zm00001eb210800,6,1,12.333333333333334,27,0.2312609723364034
Zm00001eb210830,10,5,9.357142857142858,41,0.1421746789792835
Zm00001eb210840,4,1,9.0,22,0.1395199850555754
Zm00001eb210850,8,2,7.777777777777778,20,0.707018072085995
Zm00001eb210860,7,2,10.875,25,0.2428907187431004
Zm00001eb210890,9,2,14.23076923076923,54,0.9240241049369708
Zm00001eb210930,8,2,12.5,20,0.2786484822803726
Zm00001eb210940,13,5,7.033333333333333,19,0.2893648136792686
Zm00001eb210950,12,2,10.25,47,0.9705288329031124
Zm00001eb210980,5,1,4.8,14,0.5184178006954047
Zm00001eb211030,16,10,8.418181818181818,38,0.9496475254713832
Zm00001eb211040,15,4,7.6,28,0.4512658908474366
Zm00001eb211050,10,2,9.0,27,0.6551753936149959
Zm00001eb211070,7,1,7.428571428571429,26,0.6533048086843415
Zm00001eb211130,5,1,5.2,8,0.4677719134534062
Zm00001eb211190,8,1,7.125,14,0.3837336491998093
Zm00001eb211220,8,1,8.25,26,0.7591635252398071
Zm00001eb211260,9,2,11.181818181818182,22,0.9342010684529732
Zm00001eb211300,11,2,14.416666666666666,60,0.6226590257206357
Zm00001eb211330,9,1,10.333333333333334,29,0.210462398374138
Zm00001eb211350,14,3,8.318181818181818,33,0.1715860965754668
Zm00001eb211370,6,1,17.166666666666668,62,0.5970196651487012
Zm00001eb211400,4,1,12.25,36,1.1549952830982324
Zm00001eb211460,10,4,9.095238095238095,34,0.6349830614182511
Zm00001eb211470,12,4,10.869565217391305,36,0.3388467065123403
Zm00001eb211480,4,1,10.25,16,0.3825004911215541
Zm00001eb211500,13,3,7.578947368421052,61,1.7493496295190838
Zm00001eb211510,10,3,11.357142857142858,44,1.7542675858333323
Zm00001eb211520,4,1,12.75,39,0.6850633386109863
Zm00001eb211530,7,1,6.857142857142857,12,2.676795677792421
Zm00001eb211600,10,2,6.363636363636363,14,0.717721962602448
Zm00001eb211620,10,2,6.2727272727272725,16,0.5404738909089213
Zm00001eb211640,16,7,7.53125,37,0.6808614893314782
Zm00001eb211650,13,3,8.65,30,1.02175793016477
Zm00001eb211660,6,2,6.571428571428571,13,0.590527492695009
Zm00001eb211680,4,1,23.25,64,0.6642499707963747
Zm00001eb211690,12,6,11.258064516129032,80,0.345084298219267
Zm00001eb211730,11,2,7.9375,21,0.4048679727119113
Zm00001eb211740,9,4,9.3125,31,0.4794743212172586
Zm00001eb211760,13,4,14.958333333333334,98,0.9531324783519536
Zm00001eb211770,13,4,6.0,29,0.6481959509021405
Zm00001eb211780,8,2,9.6,25,0.2866060630297314
Zm00001eb211790,8,2,10.545454545454545,25,0.248526558066751
Zm00001eb211860,14,5,6.043478260869565,19,0.9803918358885412
Zm00001eb211870,13,4,9.4,50,0.4537312873393757
Zm00001eb211900,6,2,8.0,13,0.7720774320952233
Zm00001eb211910,5,1,9.6,24,0.7392332987859471
Zm00001eb211960,8,1,9.125,37,0.9448816415466724
Zm00001eb211970,6,2,8.571428571428571,19,1.188225838724993
Zm00001eb211980,5,1,11.0,17,1.4505407296226545
Zm00001eb212010,11,4,9.647058823529411,28,0.7412947865407205
Zm00001eb212030,8,3,13.076923076923077,31,0.1349085862384192
Zm00001eb212040,8,3,13.076923076923077,31,0.2295950742957992
Zm00001eb212060,12,5,8.8,27,0.4119630405977074
Zm00001eb212120,11,5,14.4,42,0.8720476604548201
Zm00001eb212130,17,6,8.25,28,0.6483039866712514
Zm00001eb212150,13,4,12.04,43,0.4975172070600189
Zm00001eb212160,4,1,5.25,12,0.5180086978498015
Zm00001eb212170,5,2,8.2,13,0.1058757391247154
Zm00001eb212180,5,2,8.2,13,0.3478344401408018
Zm00001eb212200,3,1,11.666666666666666,21,0.2694555119950436
Zm00001eb212230,6,1,6.833333333333333,13,1.167335024215307
Zm00001eb212260,7,3,7.2727272727272725,18,4.262259416722247
Zm00001eb212270,8,3,7.8125,29,0.6631809492311427
Zm00001eb212310,13,6,10.517241379310345,28,0.4941135770743097
Zm00001eb212330,5,1,7.2,16,0.4131254565025701
Zm00001eb212340,7,2,7.375,19,1.5031603303978274
Zm00001eb212360,14,8,11.547619047619047,90,0.6491357422467223
Zm00001eb212370,10,3,11.882352941176471,47,0.4386951995319764
Zm00001eb212380,14,7,10.0,44,1.4657038054197016
Zm00001eb212400,6,1,4.333333333333333,9,0.2095922209758606
Zm00001eb212410,4,1,8.0,18,0.3941561266307435
Zm00001eb212420,4,1,8.0,18,0.9133834710751408
Zm00001eb212430,12,2,9.23076923076923,17,1.2438367686258598
Zm00001eb212440,10,2,9.25,31,0.320835208385767
Zm00001eb212460,9,5,6.857142857142857,13,0.3291704149178381
Zm00001eb212470,16,4,10.08,67,0.1759073364648802
Zm00001eb212500,7,1,6.714285714285714,13,0.6570069776760781
Zm00001eb212520,17,13,8.8,49,1.1733187510158098
Zm00001eb212530,18,14,9.08,49,0.638505188016553
Zm00001eb212550,10,3,6.75,17,0.6789256567748165
Zm00001eb212590,14,3,8.375,24,1.254616306094785
Zm00001eb212610,12,3,7.888888888888889,31,0.5364639169938259
Zm00001eb212630,7,3,6.0,14,0.5046105978092504
Zm00001eb212640,9,3,9.8,34,0.1369027005680417
Zm00001eb212650,14,3,14.666666666666666,70,2.0
Zm00001eb212660,10,3,10.6875,28,0.3791135236024034
Zm00001eb212700,10,2,14.0,90,0.235332411260062
Zm00001eb212710,12,4,11.48,29,0.8987102192671186
Zm00001eb212720,7,1,7.714285714285714,23,0.3096094656173284
Zm00001eb212740,4,1,6.75,11,0.1024083926798061
Zm00001eb212770,12,3,8.526315789473685,47,0.5570752907524855
Zm00001eb212800,3,1,2.3333333333333335,4,1.022514351835002
Zm00001eb212890,4,1,23.5,33,0.6184238052839495
Zm00001eb212900,12,4,8.130434782608695,21,0.1424686941576551
Zm00001eb212930,11,11,8.152173913043478,25,0.2139618821131616
Zm00001eb212940,15,10,10.064516129032258,32,0.4947176812297752
Zm00001eb212950,9,2,11.384615384615385,71,0.174927038161414
Zm00001eb212960,5,1,8.6,25,0.1594541014050653
Zm00001eb212980,8,3,6.6923076923076925,15,0.7453435115471658
Zm00001eb213000,8,2,10.416666666666666,31,0.2711529224776964
Zm00001eb213010,10,3,8.642857142857142,25,0.4742606254878094
Zm00001eb213020,4,1,2.0,4,0.373004053135466
Zm00001eb213080,7,1,8.857142857142858,21,0.1459875581992347
Zm00001eb213110,13,3,9.578947368421053,30,0.913812036415559
Zm00001eb213120,7,3,10.88888888888889,41,0.8601273437280816
Zm00001eb213140,8,3,9.266666666666667,16,0.4907519851721754
Zm00001eb213150,12,2,7.375,20,0.2180666701283269
Zm00001eb213170,14,6,10.625,32,0.6957562585279444
Zm00001eb213180,15,9,10.49090909090909,64,0.6769378414584244
Zm00001eb213230,10,2,9.090909090909092,22,1.177686584124025
Zm00001eb213240,1,1,9.0,9,1.0959516416011978
Zm00001eb213250,8,2,10.9,22,0.8688266287755229
Zm00001eb213260,10,2,15.153846153846153,45,0.3588275191102447
Zm00001eb213280,13,2,6.75,17,0.8685333506362793
Zm00001eb213310,2,1,16.5,21,9.155730367158888
Zm00001eb213360,7,1,8.714285714285714,20,0.4150374992788438
Zm00001eb213370,7,1,8.714285714285714,20,0.8057173560411737
Zm00001eb213420,14,5,12.689655172413794,56,0.4358900889330997
Zm00001eb213430,10,3,12.823529411764707,82,0.6276355950224931
Zm00001eb213480,5,1,21.6,62,0.4965745891806674
Zm00001eb213500,7,1,11.857142857142858,23,0.483832008940155
Zm00001eb213510,13,2,9.294117647058824,57,0.6679570288206055
Zm00001eb213540,15,4,10.041666666666666,34,1.3348213574939958
Zm00001eb213550,13,4,11.222222222222221,42,0.5274934706200948
Zm00001eb213570,12,3,11.0625,59,0.4858037288735278
Zm00001eb213600,15,5,7.96969696969697,29,0.9457320550768492
Zm00001eb213620,11,2,8.0,21,1.2233195514627702
Zm00001eb213630,4,1,3.5,8,0.1863167611194639
Zm00001eb213640,12,5,7.458333333333333,23,1.7363117198326563
Zm00001eb213670,16,8,8.833333333333334,52,0.1112483265454217
Zm00001eb213710,14,4,6.833333333333333,30,0.9826357367009942
Zm00001eb213720,15,7,7.647058823529412,33,0.7338245889630854
Zm00001eb213730,7,1,5.142857142857143,12,1.137356368074577
Zm00001eb213760,11,2,14.75,49,0.3146088172558442
Zm00001eb213770,9,2,6.7,14,0.6819032444355128
Zm00001eb213780,6,2,10.666666666666666,23,0.4299528845010103
Zm00001eb213830,12,5,8.555555555555555,33,1.6656200496828757
Zm00001eb213890,4,1,7.5,11,0.8933962650378401
Zm00001eb213900,1,1,17.0,17,1.730904967766084
Zm00001eb213910,5,1,6.0,13,2.5012213776204675
Zm00001eb213920,15,5,15.379310344827585,97,0.7446957388530645
Zm00001eb213930,3,1,4.0,6,0.7520212526687943
Zm00001eb213960,8,1,6.375,18,2.4259937032063723
Zm00001eb213970,7,1,9.0,22,0.6208071908157283
Zm00001eb213980,9,2,5.0,10,1.0416376274280403
Zm00001eb213990,17,6,8.25,37,0.3789137845530412
Zm00001eb214010,6,2,3.8181818181818183,10,0.5849625007211563
Zm00001eb214020,6,2,3.8181818181818183,10,0.6512449579055707
Zm00001eb214070,3,1,23.333333333333332,63,0.213321840491419
Zm00001eb214080,15,8,8.486486486486486,41,0.5311612480826663
Zm00001eb214090,9,2,10.6,19,0.3769928813949574
Zm00001eb214110,5,1,7.4,14,0.4920084923796042
Zm00001eb214120,6,1,14.666666666666666,27,0.3157167596953221
Zm00001eb214130,12,7,5.882352941176471,15,0.2308702176060103
Zm00001eb214170,9,2,6.555555555555555,19,1.1666666666666667
Zm00001eb214190,11,3,8.470588235294118,17,0.6381021350780232
Zm00001eb214200,9,3,8.1,30,1.0
Zm00001eb214210,5,1,10.8,27,0.2566908414716805
Zm00001eb214230,14,5,8.625,38,0.4974927362321636
Zm00001eb214250,14,4,8.666666666666666,48,1.0014953458490226
Zm00001eb214260,6,2,4.666666666666667,10,0.6729906163301821
Zm00001eb214280,9,2,9.125,26,2.807354922057604
Zm00001eb214290,11,3,8.882352941176471,19,0.1972630247857136
Zm00001eb214300,10,2,13.571428571428571,55,0.4615694831878226
Zm00001eb214320,13,5,14.074074074074074,76,0.6233589184811816
Zm00001eb214330,4,1,14.25,20,0.4942975118295584
Zm00001eb214420,16,7,11.32258064516129,70,3.686951356317111
Zm00001eb214440,5,1,7.2,13,0.9172846950856576
Zm00001eb214490,12,3,5.933333333333334,13,0.9534452978042592
Zm00001eb214500,16,6,7.107142857142857,19,1.2944487346968616
Zm00001eb214520,14,8,11.057142857142857,31,0.2906227286704144
Zm00001eb214530,9,3,12.882352941176471,76,0.6245788830866098
Zm00001eb214540,13,4,11.727272727272727,34,0.2677819363474806
Zm00001eb214560,10,4,6.7368421052631575,21,0.4598039188609302
Zm00001eb214630,6,2,10.0,21,0.1645058483778985
Zm00001eb214650,7,2,10.222222222222221,21,0.2040889017585366
Zm00001eb214660,10,1,4.4,9,0.4040588624131131
Zm00001eb214670,8,1,5.375,13,0.270951126719257
Zm00001eb214780,15,8,8.282608695652174,39,1.185425832035849
Zm00001eb214790,8,2,7.3,12,1.5268081211734064
Zm00001eb214800,5,1,9.8,27,0.6634524474852728
Zm00001eb214840,5,2,7.222222222222222,14,0.2230993411571536
Zm00001eb214860,11,3,8.266666666666667,26,0.4711741238606271
Zm00001eb214870,6,1,6.0,11,1.7597483815599944
Zm00001eb214900,14,9,7.153846153846154,33,0.3236601897996459
Zm00001eb214910,8,2,7.333333333333333,11,0.2329153059624656
Zm00001eb214920,2,1,16.5,22,0.2021676687497811
Zm00001eb214930,6,1,10.333333333333334,22,0.1287405480209861
Zm00001eb214980,11,3,8.526315789473685,31,2.706735678812768
Zm00001eb214990,5,1,16.6,71,0.2847826785806618
Zm00001eb215010,6,1,7.666666666666667,20,0.2578686571246613
Zm00001eb215030,12,4,11.35,54,0.9266002972324237
Zm00001eb215040,10,3,9.666666666666666,45,0.8437633638774571
Zm00001eb215070,10,2,9.384615384615385,20,0.2566617505449375
Zm00001eb215080,10,2,9.384615384615385,20,0.2748823265783869
Zm00001eb215090,5,2,8.88888888888889,14,3.3257738891813857
Zm00001eb215120,15,6,9.0,34,0.9361928848041172
Zm00001eb215150,12,3,7.842105263157895,34,2.023706496522653
Zm00001eb215180,7,1,4.428571428571429,14,0.4540593768288221
Zm00001eb215210,12,4,5.944444444444445,17,0.5955079072077846
Zm00001eb215220,10,3,7.583333333333333,42,0.6926418508191092
Zm00001eb215270,7,1,6.142857142857143,13,0.7077309442759692
Zm00001eb215310,15,5,10.258064516129032,28,0.1570213212166813
Zm00001eb215350,16,4,5.130434782608695,16,0.631517202916897
Zm00001eb215370,14,6,8.290322580645162,35,0.9247034667940704
Zm00001eb215380,16,8,6.87037037037037,31,0.3421998154880492
Zm00001eb215410,4,1,9.0,11,0.9820904027221974
Zm00001eb215420,6,1,10.166666666666666,23,0.2171551480062802
Zm00001eb215440,11,3,8.5,20,0.3459271299558258
Zm00001eb215450,8,1,8.625,25,0.2813604651166559
Zm00001eb215460,8,2,10.25,26,0.9832944873787642
Zm00001eb215470,9,3,9.428571428571429,21,0.4622290498023276
Zm00001eb215480,7,2,7.222222222222222,17,0.6488251152311216
Zm00001eb215510,13,3,10.5,66,0.4325356525246103
Zm00001eb215550,10,1,8.3,36,0.4503321732219487
Zm00001eb215560,7,2,7.583333333333333,20,0.5926060409719642
Zm00001eb215620,4,1,4.5,6,0.2383772396997599
Zm00001eb215640,2,1,7.0,7,3.1761952109678404
Zm00001eb215650,5,1,11.2,18,0.16398533835638
Zm00001eb215660,9,3,10.727272727272727,21,0.8661050175559356
Zm00001eb215670,10,2,8.428571428571429,19,0.367810952099845
Zm00001eb215680,16,6,8.46875,23,0.7442387769600971
Zm00001eb215710,6,1,16.0,42,0.3270178229702128
Zm00001eb215740,5,2,8.0,31,0.1404879228127589
Zm00001eb215750,7,1,14.428571428571429,24,0.5727820050280926
Zm00001eb215780,6,1,5.666666666666667,13,0.5455407369982715
Zm00001eb215790,6,2,4.5,11,0.6034221724925025
Zm00001eb215800,12,5,14.88888888888889,47,2.4725001006586815
Zm00001eb215810,12,5,14.88888888888889,47,1.0694815760725225
Zm00001eb215850,15,5,9.0,39,0.8062304773661638
Zm00001eb215860,14,3,8.666666666666666,23,1.9175378398080272
Zm00001eb215880,4,1,7.5,14,1.123580163242695
Zm00001eb215990,8,2,11.4,39,0.2957970310426392
Zm00001eb216000,7,2,23.75,77,1.3215406860933423
Zm00001eb216040,6,1,11.166666666666666,19,0.3914085941651139
Zm00001eb216070,3,1,13.333333333333334,20,0.5536819030799767
Zm00001eb216120,12,3,13.647058823529411,74,0.3367477112819974
Zm00001eb216140,8,1,8.625,24,0.4037054286016962
Zm00001eb216150,13,6,8.352941176470589,29,0.9299234620045188
Zm00001eb216180,4,1,7.25,12,0.4233422504845392
Zm00001eb216190,5,1,6.2,15,1.684002434489443
Zm00001eb216220,4,1,11.75,27,0.4035855083657804
Zm00001eb216230,5,1,7.6,16,0.3538605184703319
Zm00001eb216260,15,5,7.2592592592592595,20,0.1149157104156674
Zm00001eb216280,15,5,7.2592592592592595,20,2.0874628412503395
Zm00001eb216290,16,7,8.175,33,0.2796221940519111
Zm00001eb216320,11,4,11.80952380952381,69,0.3486372756166908
Zm00001eb216330,9,3,9.647058823529411,29,1.5407944739898995
Zm00001eb216410,14,6,9.909090909090908,35,0.1547516430821594
Zm00001eb216450,6,1,10.0,24,1.2477234229238712
Zm00001eb216460,8,2,6.444444444444445,20,2.242837356799314
Zm00001eb216500,6,1,7.666666666666667,17,0.3254263597864011
Zm00001eb216510,7,2,10.375,37,0.210985272436656
Zm00001eb216520,14,6,8.08,21,0.2661685230007155
Zm00001eb216540,6,1,9.166666666666666,16,1.1919146423874225
Zm00001eb216550,10,2,7.733333333333333,40,0.1394767795262941
Zm00001eb216590,10,2,11.545454545454545,34,1.345560209694768
Zm00001eb216600,6,1,9.5,18,1.2143971617847324
Zm00001eb216610,12,5,9.137931034482758,18,0.2200590207103163
Zm00001eb216620,10,4,10.058823529411764,27,0.2313714270522656
Zm00001eb216690,5,1,7.8,13,0.5209751738456648
Zm00001eb216720,12,3,8.5,18,0.4551920832872511
Zm00001eb216780,7,2,5.714285714285714,21,0.5789211435526327
Zm00001eb216800,4,1,35.25,125,0.3465511485272271
Zm00001eb216820,4,1,14.0,33,3.778272583056125
Zm00001eb216910,14,7,8.348837209302326,35,0.3074931591766931
Zm00001eb216920,2,1,7.0,10,0.3806282964517543
Zm00001eb216950,10,3,15.058823529411764,85,1.207870028352335
Zm00001eb216960,10,3,15.058823529411764,85,0.7691048851451248
Zm00001eb216980,13,3,6.65,19,0.6669487054036941
Zm00001eb216990,5,1,8.4,19,0.4302726054789276
Zm00001eb217010,8,1,7.625,17,1.6819887304794088
Zm00001eb217020,4,1,5.5,7,1.3666814956330369
Zm00001eb217080,12,4,10.571428571428571,37,0.7907132223074035
Zm00001eb217120,4,1,17.5,29,0.4457864590115084
Zm00001eb217170,10,3,7.230769230769231,17,0.7031593529530851
Zm00001eb217180,6,1,11.0,38,0.1643138676341898
Zm00001eb217190,15,13,7.730769230769231,43,0.8644944842061685
Zm00001eb217200,14,5,6.838709677419355,21,1.1017802394200502
Zm00001eb217210,17,8,10.291666666666666,50,0.7999364644297629
Zm00001eb217220,9,2,7.6,14,0.9143855245884256
Zm00001eb217230,8,3,18.785714285714285,73,0.5500035810292739
Zm00001eb217240,10,3,6.066666666666666,15,0.65156744655695
Zm00001eb217270,13,4,6.8,42,0.5238178262643405
Zm00001eb217290,11,4,7.375,37,1.0203622389992693
Zm00001eb217310,9,4,11.076923076923077,35,0.5435242435782237
Zm00001eb217320,5,1,6.6,19,0.2330599394616168
Zm00001eb217340,8,2,10.153846153846153,26,0.2607527220949868
Zm00001eb217350,8,1,8.125,18,1.1560434701336555
Zm00001eb217360,11,3,9.6,28,0.3398331522481835
Zm00001eb217380,12,4,10.736842105263158,49,2.131189081629628
Zm00001eb217390,12,3,12.055555555555555,35,0.6720222564517817
Zm00001eb217400,8,2,11.2,21,1.2254804742813763
Zm00001eb217410,9,3,9.5,21,0.7614200192838755
Zm00001eb217420,6,1,8.0,14,1.2796208793294244
Zm00001eb217440,8,2,15.333333333333334,44,0.4866062925169435
Zm00001eb217450,5,1,12.4,41,0.3514458300358385
Zm00001eb217500,14,5,7.114285714285714,41,0.061707518422288
Zm00001eb217540,2,1,11.5,12,0.9837232089457344
Zm00001eb217550,4,1,15.5,42,3.4214637684382767
Zm00001eb217590,12,5,9.608695652173912,27,0.5889756417351312
Zm00001eb217610,14,5,8.777777777777779,28,1.449585502688717
Zm00001eb217830,9,2,6.0,12,0.5849625007211563
Zm00001eb217840,5,1,6.0,14,0.2595358206172034
Zm00001eb217860,9,1,8.555555555555555,27,0.5587261863701257
Zm00001eb217870,11,3,17.25,80,1.9921841011020387
Zm00001eb217880,8,2,10.4,19,0.2876592343265196
Zm00001eb217900,2,1,1.5,2,0.2266384843779915
Zm00001eb217930,8,2,11.272727272727273,46,0.7064067585087765
Zm00001eb217960,2,1,4.5,6,0.6866760970705053
Zm00001eb217970,6,1,10.166666666666666,38,1.0955490713475426
Zm00001eb217990,11,4,9.736842105263158,30,0.8887064713891071
Zm00001eb218000,9,2,7.7,24,0.9046689928118588
Zm00001eb218080,5,1,13.8,28,2.225725580145406
Zm00001eb218090,7,2,14.0,45,0.3520176272363138
Zm00001eb218160,5,1,15.6,59,2.030111500136099
Zm00001eb218170,11,3,9.666666666666666,43,0.3839258193895011
Zm00001eb218190,3,1,8.666666666666666,23,0.2410752761398854
Zm00001eb218250,8,2,10.777777777777779,54,0.9138619351634968
Zm00001eb218300,14,6,10.242424242424242,31,0.3125673961436357
Zm00001eb218400,15,10,8.73076923076923,28,0.5236294219234481
Zm00001eb218410,12,4,11.142857142857142,41,0.3019390067618867
Zm00001eb218420,6,1,13.833333333333334,38,0.6130200538789625
Zm00001eb218430,15,4,13.391304347826088,62,4.922605828419197
Zm00001eb218440,7,1,7.714285714285714,16,0.982132084070291
Zm00001eb218450,14,5,10.23076923076923,36,0.2852569562167926
Zm00001eb218460,17,7,8.589285714285714,29,0.4039873500557487
Zm00001eb218470,13,6,14.28,52,0.4492748659923886
Zm00001eb218490,6,1,19.0,54,0.7845504423328107
Zm00001eb218510,9,2,7.538461538461538,26,0.1928515417924502
Zm00001eb218530,10,1,5.9,23,0.1135754263918225
Zm00001eb218560,14,3,7.95,19,0.895253523682037
Zm00001eb218590,16,4,9.310344827586206,83,0.5660430073096664
Zm00001eb218680,15,4,7.52,27,0.3007164653826519
Zm00001eb218690,8,2,8.88888888888889,18,0.3876660163447429
Zm00001eb218730,11,2,9.642857142857142,27,0.5275762782992741
Zm00001eb218740,3,1,5.0,9,0.1952648790587013
Zm00001eb218750,13,3,5.809523809523809,14,0.8001142315304677
Zm00001eb218770,11,2,6.461538461538462,23,1.4610555761952937
Zm00001eb218820,5,2,4.333333333333333,14,0.6633707797280083
Zm00001eb218840,8,2,8.454545454545455,17,0.2201054803998617
Zm00001eb218850,5,1,7.8,18,0.5467219841996005
Zm00001eb218860,17,5,10.6875,27,0.837490371959183
Zm00001eb218880,13,4,11.173913043478262,47,0.3249854248180927
Zm00001eb218890,5,1,11.6,27,0.2970053515072081
Zm00001eb218920,4,1,12.5,19,0.9357753722771252
Zm00001eb218980,7,1,7.0,20,0.6730263631387682
Zm00001eb219040,12,3,6.368421052631579,18,0.7523287648443278
Zm00001eb219070,4,1,14.75,47,1.4552327440625292
Zm00001eb219090,3,1,5.0,9,0.7491977107175679
Zm00001eb219160,10,2,10.181818181818182,21,0.940274369402327
Zm00001eb219190,5,2,9.428571428571429,21,0.6360139939864144
Zm00001eb219200,13,3,7.15,16,0.4471886552668761
Zm00001eb219230,13,4,9.05,25,0.2598047728310952
Zm00001eb219260,5,1,11.6,29,0.74350677738246
Zm00001eb219270,9,2,9.384615384615385,23,0.2145269492037546
Zm00001eb219300,5,1,11.0,21,0.3713217372410839
Zm00001eb219310,7,1,9.142857142857142,16,0.3147856826908617
Zm00001eb219320,6,2,7.25,13,0.3145550556846197
Zm00001eb219360,6,1,7.0,17,0.5610775136933643
Zm00001eb219390,13,3,11.19047619047619,60,0.1788907207110557
Zm00001eb219490,12,3,12.9,72,0.296208345121901
Zm00001eb219500,7,3,11.0,23,0.4459076927990889
Zm00001eb219510,5,1,7.0,11,0.6408872585266555
Zm00001eb219520,5,2,12.285714285714286,24,0.9522433195336576
Zm00001eb219530,14,4,7.12,17,0.5819779041871243
Zm00001eb219540,10,2,9.666666666666666,29,0.5115761900642218
Zm00001eb219570,8,2,5.7,11,0.487523678340211
Zm00001eb219580,9,4,8.1,54,1.0236694148114012
Zm00001eb219660,17,11,6.766666666666667,32,1.0420786718602124
Zm00001eb219680,17,12,6.779411764705882,32,0.3482531047786451
Zm00001eb219690,10,2,9.076923076923077,15,0.4298584241995031
Zm00001eb219700,7,2,8.363636363636363,18,0.4801234398934724
Zm00001eb219710,3,1,11.333333333333334,23,3.4475591742221723
Zm00001eb219720,5,1,8.4,16,0.3594269576735382
Zm00001eb219750,8,1,5.375,12,0.3368101550438704
Zm00001eb219770,7,1,6.285714285714286,18,2.248329093001014
Zm00001eb219780,16,5,10.423076923076923,36,0.1520030934450501
Zm00001eb219790,8,1,6.625,14,0.9474086072915776
Zm00001eb219850,9,3,9.777777777777779,20,0.4173335882791328
Zm00001eb219860,9,3,9.777777777777779,20,1.0616786680120245
Zm00001eb219880,7,2,9.9,19,0.2773088269148636
Zm00001eb219910,7,2,9.9,19,0.6573285412768012
Zm00001eb219950,6,1,6.5,14,1.4900975015862874
Zm00001eb219960,12,5,8.96551724137931,25,0.2101027825409293
Zm00001eb219970,15,6,6.914285714285715,24,0.8000902648157897
Zm00001eb219990,2,1,6.0,10,0.415838624201155
Zm00001eb220000,9,3,10.0,48,0.4799165011664609
Zm00001eb220020,6,1,6.166666666666667,10,0.1537841155625515
Zm00001eb220030,8,2,8.166666666666666,15,1.2600259548994808
Zm00001eb220040,11,4,6.75,30,0.2886261197365347
Zm00001eb220050,16,7,8.710526315789474,43,0.7471452991609029
Zm00001eb220120,5,1,6.2,14,0.2753890216180355
Zm00001eb220140,3,1,8.0,15,0.131979862986115
Zm00001eb220220,7,1,10.571428571428571,18,0.3139212536513597
Zm00001eb220240,16,5,6.787878787878788,15,0.63385771707464
Zm00001eb220250,4,1,10.25,17,0.3911536364362113
Zm00001eb220340,4,1,16.25,32,0.2889016904545314
Zm00001eb220360,5,1,7.0,15,0.2818371490567227
Zm00001eb220370,9,2,13.545454545454545,47,0.5852624609049296
Zm00001eb220380,3,1,3.0,7,0.5421289427861294
Zm00001eb220390,10,2,12.583333333333334,32,0.5997450136717838
Zm00001eb220400,13,4,9.1,26,0.2230890022941209
Zm00001eb220420,7,1,9.285714285714286,18,0.3942087362731311
Zm00001eb220460,7,2,3.75,10,0.9167000764231236
Zm00001eb220500,13,5,5.357142857142857,12,1.3215538562752054
Zm00001eb220530,7,1,10.142857142857142,17,1.743769980127551
Zm00001eb220550,11,2,6.083333333333333,22,1.3646133807786345
Zm00001eb220590,9,1,8.222222222222221,27,0.7415664553722822
Zm00001eb220600,4,1,5.0,9,0.2482320813813855
Zm00001eb220630,8,2,7.166666666666667,16,0.2598509173762987
Zm00001eb220670,5,1,13.8,24,0.6268951471175012
Zm00001eb220680,5,1,10.0,22,1.115477217419936
Zm00001eb220740,6,2,11.142857142857142,32,2.1623391873330577
Zm00001eb220750,9,1,7.777777777777778,17,0.4172150531045016
Zm00001eb220760,9,2,10.333333333333334,26,1.823986149123478
Zm00001eb220770,9,2,10.333333333333334,26,0.1986690022173166
Zm00001eb220790,7,1,18.142857142857142,70,1.4075317979221285
Zm00001eb220800,14,8,8.578947368421053,26,0.5068103549887502
Zm00001eb220820,6,1,9.666666666666666,20,0.7047735635074267
Zm00001eb220870,7,2,17.125,44,0.477653135758702
Zm00001eb220880,2,1,7.0,7,0.3623365598523561
Zm00001eb220900,8,2,10.666666666666666,25,0.4150800024452133
Zm00001eb220910,12,4,9.608695652173912,25,0.5396788128513225
Zm00001eb220920,9,3,10.666666666666666,26,0.5329649262313965
Zm00001eb220940,14,7,8.743589743589743,35,1.185779045656752
Zm00001eb220970,4,1,6.25,10,0.3461518265186136
Zm00001eb220980,6,1,7.833333333333333,15,0.3902619756395633
Zm00001eb221090,10,3,7.0,21,2.321928094887362
Zm00001eb221100,7,1,10.0,38,0.1831190721531215
Zm00001eb221110,7,3,9.8,18,0.6384216486791646
Zm00001eb221150,6,2,6.555555555555555,12,0.6997324522306939
Zm00001eb221160,6,1,7.833333333333333,19,0.3013412782043722
Zm00001eb221170,11,2,7.3076923076923075,30,1.6713772525386297
Zm00001eb221190,8,2,5.666666666666667,11,0.3038485264500197
Zm00001eb221260,10,3,8.714285714285714,35,1.0710414651532614
Zm00001eb221270,6,2,4.666666666666667,10,1.058551396616667
Zm00001eb221310,8,1,10.5,21,0.1607242299783806
Zm00001eb221340,7,1,11.142857142857142,40,0.3362633233061778
Zm00001eb221350,7,1,11.142857142857142,40,0.5145731728297582
Zm00001eb221360,8,2,6.916666666666667,14,0.1378685570706167
Zm00001eb221410,7,1,12.0,41,0.4036777076517714
Zm00001eb221430,7,1,6.857142857142857,16,6.785031146925597
Zm00001eb221460,8,2,8.333333333333334,19,0.2218033257378073
Zm00001eb221480,5,1,4.2,5,0.2693507876342216
Zm00001eb221490,11,2,4.545454545454546,16,1.0510985106311226
Zm00001eb221500,10,2,7.846153846153846,32,0.4083384538522853
Zm00001eb221560,9,2,9.545454545454545,28,0.7616605907081233
Zm00001eb221580,6,1,10.5,28,0.8778166347407346
Zm00001eb221600,8,3,18.727272727272727,43,0.4226894909844597
Zm00001eb221610,5,1,12.0,29,0.407119412696261
Zm00001eb221620,6,1,5.833333333333333,8,0.2901094844002871
Zm00001eb221670,11,3,7.2631578947368425,26,4.532333072222502
Zm00001eb221680,11,2,8.076923076923077,31,0.5691524024114792
Zm00001eb221690,7,1,6.285714285714286,12,0.2355708525941555
Zm00001eb221780,5,2,11.555555555555555,18,0.9555596293470826
Zm00001eb221790,4,1,8.5,17,1.0137614600773377
Zm00001eb221900,6,2,5.7,10,0.2552546289719585
Zm00001eb221920,7,2,15.9,31,0.6244753021032047
Zm00001eb221970,14,5,10.64516129032258,34,0.8019226431422923
Zm00001eb221980,9,1,10.222222222222221,18,0.6990081450921113
Zm00001eb222030,9,3,9.545454545454545,43,1.2418345005275262
Zm00001eb222040,6,1,5.833333333333333,10,1.1886186546174933
Zm00001eb222060,12,3,8.526315789473685,31,0.4950938745723523
Zm00001eb222160,6,1,10.833333333333334,37,0.4853479929779488
Zm00001eb222210,13,2,6.533333333333333,18,0.2566240753642077
Zm00001eb222240,7,2,9.9,39,0.2010647875739345
Zm00001eb222250,4,1,5.5,16,0.5365122696904054
Zm00001eb222280,13,7,9.944444444444445,36,0.3582226282388672
Zm00001eb222290,6,1,8.333333333333334,19,0.9169770037423411
Zm00001eb222300,6,2,10.0,24,0.1267802118906277
Zm00001eb222320,8,3,8.76923076923077,23,0.2149271546588448
Zm00001eb222340,10,2,12.166666666666666,39,0.7609897222864839
Zm00001eb222430,10,2,5.833333333333333,15,0.6971930051373034
Zm00001eb222460,5,1,8.8,19,0.1051528024393706
Zm00001eb222500,9,2,8.818181818181818,30,6.24719270799516
Zm00001eb222510,11,2,7.3076923076923075,20,0.7156844780443048
Zm00001eb222540,11,2,5.928571428571429,11,0.923998453277475
Zm00001eb222560,4,1,6.0,10,2.067719828412818
Zm00001eb222570,15,5,8.551724137931034,22,0.680085468667772
Zm00001eb222590,15,6,9.526315789473685,35,0.3698545027093238
Zm00001eb222610,7,2,11.375,19,0.7578353807321404
Zm00001eb222640,10,2,13.153846153846153,31,0.501975082491138
Zm00001eb222650,8,2,13.6,40,0.3505818552577356
Zm00001eb222690,12,4,11.909090909090908,27,0.5167067324898451
Zm00001eb222730,9,3,18.2,46,0.4150374992788438
Zm00001eb222820,5,1,6.6,11,0.9318712462351332
Zm00001eb222840,4,1,6.5,10,1.975059395802542
Zm00001eb222850,5,1,12.0,49,1.1234548667729094
Zm00001eb222930,6,1,4.333333333333333,8,0.6715601775409517
Zm00001eb222960,17,6,9.41025641025641,49,0.8030084284574025
Zm00001eb223040,10,3,6.933333333333334,24,0.4327361391748331
Zm00001eb223060,5,1,19.2,46,0.5854181715400772
Zm00001eb223100,9,2,11.538461538461538,37,0.1616653138230506
Zm00001eb223160,4,1,18.25,24,0.475869385817919
Zm00001eb223190,17,10,8.649122807017545,32,0.9765974178230784
Zm00001eb223200,5,2,9.714285714285714,17,0.5375445322839305
Zm00001eb223210,12,4,5.809523809523809,11,0.4846305265846616
Zm00001eb223220,2,1,7.0,11,0.3548647217638765
Zm00001eb223240,5,1,14.0,27,1.4384602066662224
Zm00001eb223290,11,2,14.6,44,1.5599585861219225
Zm00001eb223300,5,1,9.4,17,1.2032612417860524
Zm00001eb223530,10,2,9.214285714285714,27,0.6235168793487791
Zm00001eb223550,6,1,8.166666666666666,13,1.2221101930401284
Zm00001eb223560,8,1,7.375,23,0.4167320361107532
Zm00001eb223590,10,2,5.866666666666666,14,0.7297158093186487
Zm00001eb223620,11,2,10.153846153846153,42,0.3278544791369524
Zm00001eb223670,5,1,8.0,14,2.0282227034212745
Zm00001eb223680,5,1,9.6,20,0.2933310507031784
Zm00001eb223850,8,2,9.181818181818182,25,0.4065765115949579
Zm00001eb223890,6,1,4.833333333333333,12,0.4924050204404955
Zm00001eb224000,13,3,5.235294117647059,16,0.2268705249725487
Zm00001eb224040,7,1,10.714285714285714,18,0.7205440733464646
Zm00001eb224050,6,2,8.25,17,0.2728765156221868
Zm00001eb224060,4,1,11.25,20,0.7969105617475184
Zm00001eb224110,8,1,7.75,13,0.1579132107910618
Zm00001eb224130,11,2,7.466666666666667,19,4.902073579310743
Zm00001eb224160,5,1,3.6,5,0.8502098820320347
Zm00001eb224170,15,3,7.315789473684211,17,0.3281386870754209
Zm00001eb224220,9,1,11.333333333333334,41,0.2057320455287078
Zm00001eb224230,12,3,6.578947368421052,13,0.6346195711062728
Zm00001eb224260,14,6,9.805555555555555,46,2.274066905946392
Zm00001eb224440,5,1,11.4,23,0.2064630797706606
Zm00001eb224490,8,1,8.875,21,0.1850897261942564
Zm00001eb224570,12,4,11.142857142857142,33,0.4733768282116927
Zm00001eb224700,11,2,7.529411764705882,15,1.7245609065188283
Zm00001eb224740,5,1,6.4,17,0.8851645699367778
Zm00001eb224800,4,1,5.25,13,0.5212183891488205
Zm00001eb224850,7,2,6.375,14,0.2677917226471612
Zm00001eb224900,5,1,6.0,11,0.2781705629246178
Zm00001eb224910,4,1,3.75,7,0.3688276990992484
Zm00001eb224940,5,1,11.2,17,0.6061994135756218
Zm00001eb224950,4,1,4.25,11,0.1141144283896158
Zm00001eb224960,11,2,8.857142857142858,17,0.5238187381207559
Zm00001eb224990,10,2,7.4,44,1.4600510725799647
Zm00001eb225000,6,1,15.5,31,0.1928443089928206
Zm00001eb225030,2,1,2.5,5,0.1519145523165972
Zm00001eb225050,8,1,4.625,11,0.1520030934450501
Zm00001eb225060,7,4,8.2,17,0.1822276404801668
Zm00001eb225090,4,1,8.25,16,1.0299794017608654
Zm00001eb225110,7,3,9.9,20,1.3119490338258053
Zm00001eb225120,13,2,14.529411764705882,103,0.4270314190449831
Zm00001eb225130,15,3,11.782608695652174,103,0.6520860421185178
Zm00001eb225150,5,1,7.4,11,0.4073042396131652
Zm00001eb225160,7,1,5.285714285714286,10,0.5153345219229668
Zm00001eb225230,7,1,8.0,27,0.8192063241727577
Zm00001eb225320,8,1,3.875,11,1.0860756306952477
Zm00001eb225360,5,1,7.0,9,0.1974258882982549
Zm00001eb225390,6,1,5.833333333333333,13,1.2065673914889212
Zm00001eb225410,10,4,11.411764705882353,43,0.3715735705167662
Zm00001eb225440,14,3,9.5,17,1.133045452728095
Zm00001eb225460,10,2,8.785714285714286,28,3.252839577062469
Zm00001eb225470,13,4,8.28,34,0.7812356174821282
Zm00001eb225520,12,2,10.642857142857142,19,1.0972733978481255
Zm00001eb225570,4,2,8.4,20,0.2796266164971946
Zm00001eb225670,6,1,10.5,16,0.2849902866458584
Zm00001eb225700,7,1,8.285714285714286,22,0.1133964796580629
Zm00001eb225760,6,2,10.5,28,0.4619333762313157
Zm00001eb225770,14,3,6.45,32,0.1725405997589122
Zm00001eb225790,8,2,7.6,18,0.4217273233728285
Zm00001eb225820,10,2,9.2,23,2.11072014578666
Zm00001eb225830,10,2,7.083333333333333,26,0.6038996299963318
Zm00001eb225840,3,1,39.333333333333336,75,0.197156819108439
Zm00001eb225920,4,1,7.0,9,0.8902405189045596
Zm00001eb225950,8,1,7.625,15,0.876510982767966
Zm00001eb226000,10,2,8.533333333333333,29,0.2233546676283691
Zm00001eb226010,12,4,7.24,51,1.042467751334505
Zm00001eb226030,13,4,10.458333333333334,49,0.1430385195024704
Zm00001eb226150,4,1,8.0,12,0.7154585531991741
Zm00001eb226240,9,2,13.133333333333333,25,0.1236911729373945
Zm00001eb226260,8,1,11.875,35,0.59489508958968
Zm00001eb226300,13,2,10.714285714285714,22,1.4636578287631867
Zm00001eb226320,8,2,6.8,14,0.3308169532753004
Zm00001eb226360,4,1,8.25,17,2.874469117916141
Zm00001eb226380,8,2,20.4,86,0.4363307496697248
Zm00001eb226390,6,1,12.833333333333334,48,0.4846403307340008
Zm00001eb226400,12,7,11.26923076923077,44,0.4521940210650644
Zm00001eb226430,12,4,6.304347826086956,12,0.2754055671809539
Zm00001eb226440,9,2,11.2,50,0.7724925394984637
Zm00001eb226470,9,1,12.666666666666666,31,1.5183217021636646
Zm00001eb226490,7,1,13.285714285714286,36,0.701307876538091
Zm00001eb226530,7,1,10.142857142857142,21,0.6613857366574905
Zm00001eb226590,11,3,7.2105263157894735,14,1.1573391550199024
Zm00001eb226650,7,1,8.0,24,0.347271814657584
Zm00001eb226680,7,2,10.875,30,2.8380073903876495
Zm00001eb226710,7,1,5.142857142857143,12,0.2721875898890609
Zm00001eb226760,3,1,6.0,13,2.073102996837653
Zm00001eb226770,8,1,8.5,28,0.2826682731803238
Zm00001eb226780,7,2,5.4,12,0.5734276412728151
Zm00001eb226800,14,5,8.925925925925926,38,0.5005359396007095
Zm00001eb226810,13,4,12.476190476190476,56,0.3978251332968578
Zm00001eb226820,10,4,12.277777777777779,67,0.9330276010599656
Zm00001eb226840,9,3,8.642857142857142,16,0.4228298076065747
Zm00001eb226850,3,1,4.0,8,0.3903004684112201
Zm00001eb226870,3,2,9.0,11,0.1883357341045586
Zm00001eb226900,15,7,7.638888888888889,27,0.2967972703058796
Zm00001eb226920,11,5,8.88888888888889,19,0.1099753287455485
Zm00001eb226930,12,3,10.052631578947368,26,0.4102728035900535
Zm00001eb227000,7,3,15.0,65,0.8482558697922751
Zm00001eb227020,9,2,3.5454545454545454,10,0.7906087117953597
Zm00001eb227030,9,2,12.1,39,0.7199320343823568
Zm00001eb227040,10,4,10.666666666666666,35,0.2020831686917947
Zm00001eb227070,10,2,12.0,30,1.5177940754443526
Zm00001eb227080,9,2,3.7777777777777777,13,0.8520007010965399
Zm00001eb227090,11,2,16.176470588235293,53,0.5609189169739663
Zm00001eb227100,9,2,12.5,32,0.3577843282056153
Zm00001eb227130,5,2,5.4,12,0.451775100364322
Zm00001eb227160,5,1,21.8,64,0.8074633394577342
Zm00001eb227180,4,1,8.25,11,0.2701781142535228
Zm00001eb227200,15,5,8.724137931034482,24,0.6853823249314926
Zm00001eb227220,6,2,20.142857142857142,81,0.4974457244415195
Zm00001eb227230,5,1,8.2,34,0.486654438080701
Zm00001eb227310,3,1,6.0,7,0.2576895651462077
Zm00001eb227320,14,5,8.291666666666666,32,0.1721161237432137
Zm00001eb227340,8,3,11.23076923076923,30,0.6179383720705204
Zm00001eb227350,9,2,9.6,20,0.2343608649050797
Zm00001eb227400,3,1,5.0,9,0.8429474339831389
Zm00001eb227430,3,1,5.333333333333333,11,0.3727624570710111
Zm00001eb227460,7,2,7.5,16,0.4375311582073207
Zm00001eb227470,13,3,9.529411764705882,22,5.704675145891617
Zm00001eb227480,6,1,9.166666666666666,31,0.2533273883897521
Zm00001eb227540,4,1,7.25,11,1.5414485633738444
Zm00001eb227610,8,1,13.375,32,0.7979323331766933
Zm00001eb227640,11,4,12.409090909090908,44,1.4305604031508494
Zm00001eb227660,8,2,5.0,9,0.1702429503522786
Zm00001eb227690,17,9,11.901960784313726,58,0.8401137733480274
Zm00001eb227700,9,2,11.181818181818182,21,0.4394505322816371
Zm00001eb227710,8,4,7.352941176470588,21,0.513328729434319
Zm00001eb227720,12,3,13.333333333333334,91,0.3454543980722924
Zm00001eb227730,9,2,4.1,15,0.3600692264698371
Zm00001eb227760,11,4,8.411764705882353,18,0.8796928425401105
Zm00001eb227770,16,7,8.194444444444445,35,0.1944178440664654
Zm00001eb227780,16,7,8.194444444444445,35,0.3932942783812042
Zm00001eb227790,9,1,10.555555555555555,49,0.0734376254792384
Zm00001eb227810,6,1,7.666666666666667,15,0.810230931740455
Zm00001eb227820,11,2,9.461538461538462,28,1.1000288460497116
Zm00001eb227910,5,1,22.6,90,0.6035781788885032
Zm00001eb227930,13,6,8.470588235294118,37,0.1441876434792824
Zm00001eb227940,6,2,11.375,31,0.2476945759261771
Zm00001eb227950,6,2,9.0,20,0.2677153588497183
Zm00001eb227980,10,3,7.666666666666667,20,0.1295860537637877
Zm00001eb227990,6,2,33.25,187,0.7524340884813722
Zm00001eb228000,9,2,12.6,47,0.2626273588938494
Zm00001eb228040,4,1,4.5,8,0.4506996971728618
Zm00001eb228050,1,1,22.0,22,0.1549007508717825
Zm00001eb228090,8,3,6.916666666666667,15,0.3168384366540766
Zm00001eb228100,6,2,8.142857142857142,29,0.4276177517447424
Zm00001eb228120,15,8,9.055555555555555,21,0.3215440651457238
Zm00001eb228140,11,4,8.157894736842104,21,0.2492278381037165
Zm00001eb228160,6,1,25.666666666666668,103,0.9575047711589894
Zm00001eb228170,4,1,9.25,14,0.3362078473361417
Zm00001eb228180,8,2,13.222222222222221,54,0.2223870780281762
Zm00001eb228190,6,1,8.833333333333334,21,0.1164519640588205
Zm00001eb228230,8,3,7.352941176470588,17,0.2789023558006318
Zm00001eb228300,6,1,8.333333333333334,20,0.1695540162494996
Zm00001eb228330,5,1,5.0,7,0.2290869032718107
Zm00001eb228370,12,3,5.5,11,1.8969729828922657
Zm00001eb228570,14,5,8.411764705882353,23,0.3000653898466372
Zm00001eb228580,14,5,6.190476190476191,14,0.3363617054093615
Zm00001eb228660,8,2,11.88888888888889,30,0.2220953244608828
Zm00001eb228700,10,1,7.2,20,1.0675239941970085
Zm00001eb228780,6,1,10.5,16,0.2784428718367854
Zm00001eb228790,5,1,6.4,15,0.2138152047908595
Zm00001eb228900,7,2,13.333333333333334,34,4.73197952041672
Zm00001eb228910,6,1,4.0,9,0.5021419655806064
Zm00001eb228930,4,1,10.75,17,1.264041678790134
Zm00001eb228940,9,2,8.333333333333334,33,0.1082585500313459
Zm00001eb228960,8,1,8.25,18,0.2227516903626291
Zm00001eb229000,14,5,9.071428571428571,35,0.2219971896503869
Zm00001eb229070,4,1,9.75,19,0.5646919516060147
Zm00001eb229100,7,1,6.0,13,1.3908754486048538
Zm00001eb229170,4,1,11.0,14,0.1565775513303918
Zm00001eb229200,4,1,10.0,24,0.5826804748538001
Zm00001eb229250,7,1,6.0,22,1.000252138993034
Zm00001eb229260,4,1,8.75,13,0.1878435331289362
Zm00001eb229290,11,3,11.842105263157896,53,0.6598800955969439
Zm00001eb229310,11,3,11.842105263157896,53,0.2094506694444717
Zm00001eb229400,5,2,8.0,18,0.8353602519062171
Zm00001eb229450,6,1,9.333333333333334,17,0.2972850439454644
Zm00001eb229460,13,3,11.277777777777779,28,0.787818881245373
Zm00001eb229500,5,1,14.0,29,0.0316679153660835
Zm00001eb229510,5,1,14.0,29,0.3983319691428575
Zm00001eb229520,6,1,7.166666666666667,13,0.2293573094209448
Zm00001eb229530,12,4,11.105263157894736,24,0.2981530204920428
Zm00001eb229540,6,1,8.666666666666666,23,0.33804596990496
Zm00001eb229550,8,1,18.75,102,0.1987584750123353
Zm00001eb229580,9,2,7.909090909090909,33,0.7441095317811584
Zm00001eb229600,4,1,10.0,25,0.3240073723488385
Zm00001eb229610,5,1,9.6,17,0.1868561534866271
Zm00001eb229620,11,2,8.0,18,0.177089831713292
Zm00001eb229640,16,8,9.055555555555555,43,0.278910125572592
Zm00001eb229660,6,1,8.5,13,0.6336995129999419
Zm00001eb229670,10,4,13.777777777777779,72,0.5349434580779457
Zm00001eb229690,8,1,7.125,13,0.2177487229147575
Zm00001eb229790,4,1,4.0,8,0.4821282838157757
Zm00001eb229800,10,3,8.642857142857142,30,0.3032015622020342
Zm00001eb229830,4,1,13.0,25,0.1811207301801921
Zm00001eb229870,6,1,5.166666666666667,10,1.3699519386672705
Zm00001eb229880,17,7,8.621621621621621,30,0.3955426800494149
Zm00001eb229900,13,6,8.25925925925926,22,0.175193260836983
Zm00001eb229910,14,6,9.617647058823529,22,3.4770981551934375
Zm00001eb229930,14,4,5.380952380952381,20,0.1980820946701903
Zm00001eb229950,12,4,6.681818181818182,28,0.3542021515312178
Zm00001eb229990,8,1,8.25,26,0.1366232816949
Zm00001eb230040,8,2,5.0,11,0.0970968208770788
Zm00001eb230060,4,1,7.75,16,1.2623747885768353
Zm00001eb230070,11,4,7.153846153846154,23,3.04290090170141
Zm00001eb230090,15,8,16.025641025641026,164,0.0
Zm00001eb230110,5,1,12.6,27,0.3080020437433052
Zm00001eb230130,3,1,6.0,9,0.6187557988227287
Zm00001eb230210,9,3,8.214285714285714,13,5.964719981401205
Zm00001eb230240,3,1,12.333333333333334,21,1.0130831055907767
Zm00001eb230270,2,1,17.0,21,0.6632642896515047
Zm00001eb230280,4,1,6.25,13,0.3591058973321629
Zm00001eb230300,11,4,13.65,50,0.3938239971014484
Zm00001eb230410,15,5,6.75,22,1.7029943015719151
Zm00001eb230440,7,4,7.769230769230769,29,1.6670526397826118
Zm00001eb230470,11,3,10.625,36,0.2784992948450906
Zm00001eb230480,11,3,10.625,36,0.5742153375533043
Zm00001eb230490,6,1,11.0,23,1.8961338518316233
Zm00001eb230510,4,1,12.75,15,0.3045906254328735
Zm00001eb230540,8,2,10.333333333333334,37,0.1912319136743799
Zm00001eb230750,13,5,7.038461538461538,14,0.2384519099036093
Zm00001eb230760,14,8,8.863636363636363,28,0.503135232824507
Zm00001eb230780,9,2,9.11111111111111,23,0.6198532923075488
Zm00001eb230800,6,1,5.166666666666667,9,1.0344052041962335
Zm00001eb230870,10,2,10.583333333333334,44,0.4044354253404035
Zm00001eb230890,15,5,6.76,28,0.1993088082234066
Zm00001eb230910,13,3,10.428571428571429,32,0.1974936336545809
Zm00001eb230920,6,1,5.333333333333333,11,0.5233041849466082
Zm00001eb230940,11,3,6.0,21,0.3396940094986198
Zm00001eb230950,4,1,20.75,68,0.3578128107534205
Zm00001eb231030,3,1,8.666666666666666,11,0.5387750601513966
Zm00001eb231060,3,1,7.666666666666667,12,0.2069103998123298
Zm00001eb231070,4,1,7.5,12,0.1250912575427112
Zm00001eb231080,12,4,5.782608695652174,19,1.9619232801694704
Zm00001eb231100,6,2,6.0,12,0.3896368892787101
Zm00001eb231110,16,6,8.909090909090908,22,0.8418358734302424
Zm00001eb231120,5,1,11.8,21,0.9859871038292723
Zm00001eb231150,5,1,5.8,16,0.064448707726842
Zm00001eb231170,13,4,9.285714285714286,31,0.2104071764860263
Zm00001eb231230,8,2,7.3,16,0.3505373901600293
Zm00001eb231250,11,3,10.705882352941176,25,0.2716445930858386
Zm00001eb231280,3,2,10.666666666666666,15,0.5271094032246421
Zm00001eb231290,6,2,17.0,34,0.5862352913890951
Zm00001eb231310,8,2,6.888888888888889,13,0.2577916915588339
Zm00001eb231360,5,1,5.6,11,0.3027112878777092
Zm00001eb231430,4,2,8.5,17,0.1537222535701088
Zm00001eb231460,6,1,14.666666666666666,45,0.185297875730363
Zm00001eb231490,11,5,7.884615384615385,20,0.0809762187057817
Zm00001eb231510,11,2,6.857142857142857,20,0.3538051282879009
Zm00001eb231550,5,1,7.0,16,0.676592798805825
Zm00001eb231570,8,3,11.714285714285714,38,0.3385867560501201
Zm00001eb231610,13,3,9.25,28,0.6456310614225209
Zm00001eb231640,4,1,4.25,12,0.5935001239539459
Zm00001eb231720,5,1,12.4,22,0.4329865144601702
Zm00001eb231770,6,1,8.0,13,0.4201448527716501
Zm00001eb231800,5,1,8.2,22,0.0444570821440107
Zm00001eb231820,5,1,9.4,14,0.339808124644485
Zm00001eb231850,4,1,10.25,14,0.2044917468481975
Zm00001eb231890,12,6,7.606060606060606,23,4.266984728574814
Zm00001eb231900,3,1,7.0,9,0.2861569638655404
Zm00001eb231910,4,1,12.5,16,0.7901712360114518
Zm00001eb232000,15,9,7.365853658536586,30,1.326448662840375
Zm00001eb232010,3,1,17.666666666666668,32,0.4922687270032472
Zm00001eb232020,5,2,2.8333333333333335,7,0.1754057680410975
Zm00001eb232030,5,1,5.2,11,0.3935490323157972
Zm00001eb232050,6,1,11.666666666666666,23,0.2150340202996832
Zm00001eb232100,7,1,17.0,83,0.6734918123157813
Zm00001eb232110,9,4,7.65,33,5.282995602799781
Zm00001eb232220,7,1,7.285714285714286,25,0.1275617139464025
Zm00001eb232230,11,2,7.3076923076923075,21,0.2508107611725839
Zm00001eb232240,6,1,5.666666666666667,10,0.1937597458209081
Zm00001eb232250,10,3,10.444444444444445,28,0.4383353044268139
Zm00001eb232260,5,1,11.2,21,0.1558105779033909
Zm00001eb232290,10,3,9.461538461538462,18,0.1738491219824117
Zm00001eb232340,4,1,10.5,26,0.6019303138395623
Zm00001eb232360,4,1,4.0,8,0.1678311707047558
Zm00001eb232400,6,1,11.833333333333334,32,0.3447112564356204
Zm00001eb232420,6,1,11.166666666666666,30,0.9531707716176054
Zm00001eb232430,4,1,11.75,16,0.2826998687253396
Zm00001eb232450,10,3,11.428571428571429,33,0.434679690995025
Zm00001eb232490,7,1,7.285714285714286,15,0.2292105192296274
Zm00001eb232520,3,1,8.0,18,0.2360532650158233
Zm00001eb232560,5,1,26.0,85,0.6055551270334438
Zm00001eb232580,9,3,9.25,29,1.7044031338988717
Zm00001eb232600,6,1,6.5,17,0.8505704158041827
Zm00001eb232610,10,1,15.0,39,0.3574293634375725
Zm00001eb232640,10,4,4.928571428571429,15,0.3139487307030354
Zm00001eb232700,6,1,7.333333333333333,12,0.5785811583699447
Zm00001eb232710,9,2,8.083333333333334,20,0.4525948058280356
Zm00001eb232730,5,2,11.4,25,1.568608418171356
Zm00001eb232780,4,1,14.0,25,0.8681249562783714
Zm00001eb232860,4,1,12.5,15,0.3035268902831365
Zm00001eb232940,7,2,13.11111111111111,39,0.6868741874210001
Zm00001eb232950,8,1,7.625,15,0.9741164366507662
Zm00001eb232960,16,8,7.471698113207547,21,0.3093182636768485
Zm00001eb232970,7,2,7.714285714285714,19,0.3054249211140956
Zm00001eb232990,8,4,15.266666666666667,46,0.476414066027638
Zm00001eb233060,14,3,8.55,21,0.3519500350620141
Zm00001eb233070,10,4,11.090909090909092,27,0.142457551395583
Zm00001eb233080,9,3,11.1875,39,0.4753128263230776
Zm00001eb233140,14,3,10.5,87,1.0405443570369677
Zm00001eb233170,7,2,8.0,19,0.1346241966797454
Zm00001eb233190,5,2,6.0,14,2.365595276786266
Zm00001eb233250,15,6,14.13888888888889,69,0.9004065896252825
Zm00001eb233280,3,1,6.666666666666667,16,1.7673111397285464
Zm00001eb233300,5,1,22.8,67,1.281541011786543
Zm00001eb233320,10,3,12.666666666666666,42,0.2102200406025539
Zm00001eb233350,6,1,7.666666666666667,16,0.3932002605114448
Zm00001eb233410,9,3,5.5,19,0.8229231765198732
Zm00001eb233440,2,1,12.0,15,0.5281282649389047
Zm00001eb233450,6,1,3.8333333333333335,8,0.3162861905525318
Zm00001eb233490,7,2,8.75,19,0.2277475675522204
Zm00001eb233520,7,1,15.142857142857142,27,0.1767738048082581
Zm00001eb233540,10,3,7.5,24,0.5483053160852445
Zm00001eb233580,5,3,14.571428571428571,32,0.7106929332179296
Zm00001eb233610,12,6,10.161290322580646,28,0.7143190733511415
Zm00001eb233630,10,2,10.857142857142858,39,0.8155343217527565
Zm00001eb233720,12,2,9.857142857142858,54,0.2276490508300692
Zm00001eb233730,5,1,9.2,22,0.2072592156736561
Zm00001eb233770,6,1,14.333333333333334,39,0.1232242507016698
Zm00001eb233790,7,2,11.272727272727273,35,0.2072326925467522
Zm00001eb233800,16,4,6.464285714285714,19,0.97711798952953
Zm00001eb233810,13,3,5.944444444444445,25,5.201895435076378
Zm00001eb233830,4,1,4.75,8,0.2157081262369616
Zm00001eb233840,12,2,11.6,25,1.7574178153425215
Zm00001eb233850,15,7,9.852941176470589,25,0.4600056924789619
Zm00001eb233910,4,1,7.75,12,0.1384565867298868
Zm00001eb234030,5,1,6.0,12,0.0842531091971369
Zm00001eb234060,3,1,9.333333333333334,10,0.1495456728713453
Zm00001eb234090,8,2,12.454545454545455,36,0.2541927741725511
Zm00001eb234120,12,4,9.75,30,0.2224594538791046
Zm00001eb234150,12,5,7.166666666666667,19,0.2249194619568864
Zm00001eb234160,8,2,7.8,21,0.4031700607433764
Zm00001eb234170,5,1,12.2,20,0.9003347174889168
Zm00001eb234190,5,1,15.6,30,1.2599610158106078
Zm00001eb234260,7,2,19.75,39,0.4220346890466275
Zm00001eb234390,6,1,13.166666666666666,25,0.2290450265265202
Zm00001eb234450,13,4,6.1875,14,2.8229947183387023
Zm00001eb234470,8,1,8.375,23,0.2068309841857071
Zm00001eb234610,8,1,11.875,46,0.5312863715691711
Zm00001eb234690,6,1,9.333333333333334,27,0.9080286835793114
Zm00001eb234780,7,1,6.428571428571429,11,2.617708977926587
Zm00001eb234860,5,2,9.142857142857142,16,0.2578324417536893
Zm00001eb234970,11,4,8.727272727272727,27,1.3866972031869969
Zm00001eb235400,3,1,4.0,7,0.2753623412623643
Zm00001eb235420,12,4,5.411764705882353,17,0.5454395635834771
Zm00001eb235460,5,1,5.6,12,0.3119843480194521
Zm00001eb235510,11,3,13.35,54,0.5595675977049531
Zm00001eb235710,8,2,12.7,49,0.7882357896265021
Zm00001eb235940,7,2,18.444444444444443,105,1.4213128778013029
Zm00001eb236320,6,1,10.833333333333334,25,0.1482104457676958
Zm00001eb236500,6,1,5.333333333333333,11,0.4210114686112646
Zm00001eb236550,6,1,6.333333333333333,12,2.065283544627986
Zm00001eb236610,12,3,8.95,21,0.5849625007211562
Zm00001eb236640,5,1,10.8,32,0.4241890685214119
Zm00001eb236830,4,1,17.0,22,0.6356467547631058
Zm00001eb236840,11,2,9.538461538461538,30,0.6226976560438162
Zm00001eb236850,8,3,12.272727272727273,33,0.9244873417517956
Zm00001eb236990,8,2,11.090909090909092,27,0.1598533289546078
Zm00001eb237100,7,2,7.5,13,0.6125213856524011
Zm00001eb237160,15,7,10.25,44,0.2460750287928155
Zm00001eb237190,9,2,8.785714285714286,24,0.2229368216230119
Zm00001eb237200,2,1,9.5,11,0.1998813758630375
Zm00001eb237240,4,1,11.75,30,0.7479015892418646
Zm00001eb237270,12,4,10.947368421052632,42,0.2647402631724287
Zm00001eb237290,4,1,10.75,19,3.7600150584244862
Zm00001eb237310,10,2,8.76923076923077,26,0.2391176446686899
Zm00001eb237390,6,1,13.833333333333334,42,0.1086104979316693
Zm00001eb237460,3,1,13.333333333333334,16,0.4955478936751554
Zm00001eb237500,11,2,8.307692307692308,17,0.9081220068597352
Zm00001eb237510,6,1,7.166666666666667,16,0.2402103342115018
Zm00001eb237520,9,2,9.583333333333334,22,0.994726454093604
Zm00001eb237530,5,1,6.4,12,1.2901549004432484
Zm00001eb237570,12,3,9.9,31,0.5167347375165776
Zm00001eb237640,8,1,7.75,17,0.2247312709860814
Zm00001eb237750,12,3,7.125,22,0.469206486677834
Zm00001eb237810,12,3,4.411764705882353,14,0.4001861398278243
Zm00001eb237880,5,1,7.2,24,1.222392421336448
Zm00001eb237910,9,3,9.5,27,0.5195176549891636
Zm00001eb237960,2,1,4.5,6,1.0654508626409005
Zm00001eb238000,13,5,9.357142857142858,48,0.33672976668307
Zm00001eb238050,13,2,7.538461538461538,20,0.726068058206468
Zm00001eb238060,5,1,9.0,23,2.0003668671096957
Zm00001eb238080,8,2,10.333333333333334,22,0.1757141603069984
Zm00001eb238120,11,3,11.38888888888889,62,2.0262344636500553
Zm00001eb238140,4,1,8.25,16,0.7199672344836364
Zm00001eb238170,7,2,6.375,15,0.0970067066792128
Zm00001eb238210,8,1,7.875,17,1.280938799170938
Zm00001eb238230,11,3,9.4,35,0.4908620945708551
Zm00001eb238280,5,1,8.8,12,1.1662876695434354
Zm00001eb238300,8,1,5.625,11,0.5617897364986995
Zm00001eb238320,12,3,9.333333333333334,19,0.5166731283096202
Zm00001eb238350,2,1,4.0,7,0.7683432965825547
Zm00001eb238370,4,1,9.75,19,0.1989565850320812
Zm00001eb238380,5,1,3.6,6,1.1239637567217928
Zm00001eb238390,3,1,5.0,9,0.834267090393924
Zm00001eb238450,5,1,4.2,12,0.0995356735509143
Zm00001eb238460,4,1,5.25,10,0.6428539404498015
Zm00001eb238610,4,1,8.75,14,0.2437887166497495
Zm00001eb238620,9,2,8.333333333333334,22,0.4968377386490978
Zm00001eb238670,6,2,10.7,24,0.4968253298820646
Zm00001eb238780,5,2,19.5,46,0.6428444580861042
Zm00001eb238820,12,6,10.5,32,0.2133253784360102
Zm00001eb238890,3,1,3.0,7,0.3716357504417346
Zm00001eb238900,13,3,10.333333333333334,24,0.4420412957983566
Zm00001eb238910,13,3,7.086956521739131,13,0.5218415608547698
Zm00001eb238930,8,1,10.75,49,0.0759355161244789
Zm00001eb239020,17,6,8.789473684210526,19,0.7911203137235259
Zm00001eb239050,9,2,6.444444444444445,17,0.1677019821728794
Zm00001eb239090,9,2,11.166666666666666,24,0.4003213178091559
Zm00001eb239130,15,4,6.88,18,0.4774555086143168
Zm00001eb239370,10,1,5.0,17,0.6315056159485629
Zm00001eb239380,10,3,11.25,56,0.5916709699564094
Zm00001eb239390,3,1,29.666666666666668,54,2.945157449249715
Zm00001eb239430,8,2,5.4,16,0.963488948544908
Zm00001eb239490,16,7,11.325,29,1.441356262548832
Zm00001eb239500,7,1,6.0,13,1.1659425600750402
Zm00001eb239510,4,1,9.25,13,0.6388696526719482
Zm00001eb239520,14,8,9.538461538461538,26,0.4247743184497168
Zm00001eb239530,13,3,8.777777777777779,47,0.1338992432094567
Zm00001eb239550,7,2,7.1,15,0.9509315554230356
Zm00001eb239600,7,2,6.0,19,0.3116483695526374
Zm00001eb239620,11,3,11.0,34,1.109856904143724
Zm00001eb239670,12,3,7.470588235294118,18,0.2913156754148883
Zm00001eb239690,15,7,10.473684210526315,51,0.5340409333955444
Zm00001eb239740,3,1,7.333333333333333,10,0.2681617686391781
Zm00001eb239750,6,1,7.333333333333333,12,0.6433483821696792
Zm00001eb239770,9,2,8.416666666666666,21,0.4887840966493085
Zm00001eb239810,9,2,14.636363636363637,30,1.6903443342480775
Zm00001eb239880,7,1,6.571428571428571,25,2.874469117916141
Zm00001eb239910,8,2,5.3,11,0.3137801000175946
Zm00001eb239920,15,5,8.0,26,1.0553013437099767
Zm00001eb239990,8,1,7.875,30,0.4354267950715613
Zm00001eb240020,8,2,10.181818181818182,21,0.2145867113583745
Zm00001eb240050,6,1,9.0,36,0.1575412769864799
Zm00001eb240090,12,4,6.909090909090909,17,0.3571037537373505
Zm00001eb240100,12,2,7.153846153846154,13,0.8595162596365415
Zm00001eb240120,13,6,12.352941176470589,61,0.4176754043371419
Zm00001eb240130,12,2,6.214285714285714,26,0.1792481808850512
Zm00001eb240160,13,8,11.605263157894736,33,0.3529461254508383
Zm00001eb240190,6,2,5.5,10,0.1217253696234561
Zm00001eb240340,7,2,7.444444444444445,13,1.136759008233414
Zm00001eb240400,10,3,7.555555555555555,28,0.2331752140557574
Zm00001eb240410,12,4,7.714285714285714,14,0.1283958968895929
Zm00001eb240430,9,2,5.2,14,0.2117642192272692
Zm00001eb240440,3,1,10.0,17,0.2324488791864514
Zm00001eb240620,10,3,12.636363636363637,37,0.3367535253962837
Zm00001eb240660,4,1,10.5,14,0.3106608108057977
Zm00001eb240670,8,2,9.3,21,1.7307642714902556
Zm00001eb240680,2,1,20.5,24,0.4300274155338895
Zm00001eb240700,8,1,10.0,24,0.2212669512503736
Zm00001eb240720,5,1,8.2,20,0.65350261283646
Zm00001eb240730,5,1,12.2,25,0.5331345903888494
Zm00001eb240750,11,4,16.5,101,1.2196279157785384
Zm00001eb240760,12,3,10.0625,23,0.9250939271367558
Zm00001eb240810,9,2,6.888888888888889,27,0.2878121705617733
Zm00001eb240900,11,2,13.857142857142858,47,1.966411053588226
Zm00001eb240940,7,2,5.363636363636363,13,0.2021057876728031
Zm00001eb240970,10,4,8.529411764705882,23,0.7800003077279252
Zm00001eb241000,5,1,7.0,13,0.1320948019465933
Zm00001eb241040,8,2,8.7,44,0.3064814299278355
Zm00001eb241060,5,1,8.8,21,0.434308191376822
Zm00001eb241130,6,1,12.166666666666666,22,0.1529640184786373
Zm00001eb241190,9,2,5.6,12,0.1606167684169206
Zm00001eb241400,13,4,7.434782608695652,57,0.6627401982059767
Zm00001eb241420,7,1,6.428571428571429,16,0.7109989056981856
Zm00001eb241510,7,2,9.090909090909092,21,0.6086045808718225
Zm00001eb241520,4,1,10.5,25,1.074862726921618
Zm00001eb241550,6,1,6.166666666666667,14,0.1504124002934525
Zm00001eb241570,4,2,34.6,126,0.8061857660004558
Zm00001eb241600,13,3,10.294117647058824,24,0.5523271677331221
Zm00001eb241620,14,7,11.027027027027026,24,0.4954686532204655
Zm00001eb241630,4,1,9.5,19,0.6976530125766133
Zm00001eb241660,11,5,8.76,18,0.5148210576403919
Zm00001eb241690,5,1,7.4,14,0.1492699832642366
Zm00001eb241710,7,2,8.545454545454545,16,2.8013173744207216
Zm00001eb241730,8,3,9.5,35,2.921662711837807
Zm00001eb241760,4,1,4.5,8,0.9826851671596988
Zm00001eb241770,11,4,9.666666666666666,37,0.2663745368739058
Zm00001eb241780,15,5,15.344827586206897,55,1.1217349940669252
Zm00001eb241790,13,4,6.384615384615385,26,0.8501940967281868
Zm00001eb241800,9,2,10.1,20,0.411879220773009
Zm00001eb241810,7,3,16.705882352941178,42,0.1731860472769416
Zm00001eb241840,7,2,9.4,28,0.6803482815818466
Zm00001eb241870,12,5,9.5,28,0.8334665830737784
Zm00001eb241880,13,5,5.04,13,1.064796091457131
Zm00001eb241900,8,1,8.0,25,0.5882466632732453
Zm00001eb241910,6,2,12.444444444444445,18,0.2857547281383403
Zm00001eb241920,4,1,8.0,13,0.6105617000589872
Zm00001eb241930,5,1,4.8,10,0.9664237296576156
Zm00001eb241950,6,3,8.166666666666666,12,0.2564079633926784
Zm00001eb241970,7,2,12.0,34,0.2095884456206356
Zm00001eb242030,11,4,8.055555555555555,21,0.2509890792895856
Zm00001eb242080,11,4,12.80952380952381,34,0.4147099996669643
Zm00001eb242090,6,2,4.0,8,0.4402396714573757
Zm00001eb242100,9,4,12.466666666666667,41,0.2743177431990228
Zm00001eb242150,6,1,11.166666666666666,19,1.1088632316933686
Zm00001eb242230,3,1,9.666666666666666,14,0.2004917745278857
Zm00001eb242260,5,1,13.6,24,0.3823122789291631
Zm00001eb242280,9,1,7.555555555555555,21,0.6672676169168845
Zm00001eb242300,4,1,8.0,19,1.3777426881558024
Zm00001eb242320,10,4,5.157894736842105,23,1.4628833861842103
Zm00001eb242340,10,3,8.285714285714286,24,0.3637573680850473
Zm00001eb242350,8,2,7.9,19,0.6842927536876553
Zm00001eb242360,12,10,18.195652173913043,120,0.2916874195848165
Zm00001eb242380,5,1,14.2,22,0.2344403674747453
Zm00001eb242420,13,4,13.925925925925926,87,0.7108021324160108
Zm00001eb242460,7,3,5.181818181818182,9,0.7661484846862887
Zm00001eb242470,9,2,10.583333333333334,24,1.9558727101334457
Zm00001eb242480,5,3,8.25,13,0.4984122356938448
Zm00001eb242570,11,2,9.133333333333333,26,1.262593548410339
Zm00001eb242580,15,4,8.0,16,0.7986969330743229
Zm00001eb242630,13,5,7.068965517241379,23,0.1584324079531333
Zm00001eb242680,5,1,8.8,19,0.3290502405895834
Zm00001eb242690,5,1,4.8,14,0.2714923677158033
Zm00001eb242720,6,1,6.833333333333333,16,0.782989267022024
Zm00001eb242730,9,2,10.6,35,0.3921647097311238
Zm00001eb242740,5,1,6.0,14,0.5345702558185641
Zm00001eb242750,13,2,13.875,65,0.7303689748705141
Zm00001eb242760,15,7,7.666666666666667,35,0.746073870303931
Zm00001eb242790,10,3,10.333333333333334,20,0.2138045688182643
Zm00001eb242800,11,6,14.758620689655173,71,1.6257074357281918
Zm00001eb242810,12,3,7.7,33,0.4304469860542964
Zm00001eb242880,5,1,10.2,40,1.0842347506969527
Zm00001eb242900,5,1,7.8,15,0.7405863602263704
Zm00001eb242920,5,1,11.2,26,0.8397930715941067
Zm00001eb242940,5,2,5.0,8,0.9687656733606655
Zm00001eb242950,8,2,5.0,23,1.320976065466929
Zm00001eb243000,10,4,9.5,48,1.114019493079447
Zm00001eb243010,9,3,5.857142857142857,14,0.2540667283013799
Zm00001eb243040,8,3,11.357142857142858,21,0.5512598352294904
Zm00001eb243050,7,1,8.142857142857142,32,0.4109060148245987
Zm00001eb243060,9,2,10.555555555555555,32,0.1577253513245899
Zm00001eb243070,8,1,14.375,42,0.4150374992788437
Zm00001eb243130,12,5,10.238095238095237,38,0.9793196149026974
Zm00001eb243140,13,4,7.181818181818182,19,0.2761055860243979
Zm00001eb243170,11,2,8.846153846153847,26,1.407306060300218
Zm00001eb243180,18,7,9.217391304347826,31,0.2848820190671288
Zm00001eb243190,13,4,10.375,47,1.0077331686525113
Zm00001eb243200,11,2,5.384615384615385,18,0.7921425574383296
Zm00001eb243260,10,2,10.545454545454545,43,0.6160725468045173
Zm00001eb243290,7,2,7.25,22,1.0310837622339255
Zm00001eb243310,9,3,4.066666666666666,11,1.0648917950559675
Zm00001eb243350,8,1,8.75,14,0.5156887476515427
Zm00001eb243360,6,1,6.166666666666667,17,0.3219722839596495
Zm00001eb243380,6,2,21.666666666666668,73,0.2672338806621385
Zm00001eb243400,6,1,8.833333333333334,30,0.1118316851765597
Zm00001eb243410,16,5,8.0,59,1.2223955354467482
Zm00001eb243510,5,1,6.4,10,0.1978190288448027
Zm00001eb243530,12,3,6.368421052631579,17,0.8231502870689937
Zm00001eb243560,9,2,6.933333333333334,23,0.5092441269822393
Zm00001eb243570,8,1,12.875,53,0.5514698802957574
Zm00001eb243590,12,5,10.304347826086957,35,0.3180271428497388
Zm00001eb243610,8,3,8.2,20,0.3575944653202005
Zm00001eb243700,5,2,10.4,15,0.7368147853634205
Zm00001eb243730,11,4,11.19047619047619,32,0.0
Zm00001eb243740,6,1,10.5,48,0.5348867110255585
Zm00001eb243830,8,1,15.125,51,0.2593153597907267
Zm00001eb243840,16,6,7.818181818181818,21,0.7038885733154977
Zm00001eb243880,6,1,7.333333333333333,23,0.6224886859160091
Zm00001eb243890,3,1,5.0,7,0.3041829277133409
Zm00001eb243930,11,4,7.470588235294118,23,0.3350251539552524
Zm00001eb243950,6,2,7.9,14,0.6880559936852597
Zm00001eb243960,8,1,13.75,34,1.0
Zm00001eb243970,10,3,7.333333333333333,12,2.40268412192251
Zm00001eb244010,12,7,8.193548387096774,37,2.7892662946592957
Zm00001eb244020,12,8,10.340909090909092,57,0.5311008021978232
Zm00001eb244030,13,6,12.379310344827585,122,0.1433641751711774
Zm00001eb244050,7,1,6.285714285714286,11,0.8130906535447361
Zm00001eb244070,7,1,7.714285714285714,16,0.4914232400946076
Zm00001eb244080,1,1,32.0,32,0.4154774233026136
Zm00001eb244090,11,4,11.434782608695652,29,1.8468996979699444
Zm00001eb244100,7,2,17.444444444444443,71,0.6364705331527323
Zm00001eb244110,17,5,10.7,60,0.1206969389287177
Zm00001eb244130,8,1,9.125,23,0.1642947975465669
Zm00001eb244170,3,1,8.0,14,0.2451893772081035
Zm00001eb244180,3,1,8.0,14,0.1696058223601968
Zm00001eb244190,10,2,20.5,110,0.4761217917021582
Zm00001eb244220,4,1,19.75,27,0.1912386128628544
Zm00001eb244240,7,1,15.142857142857142,65,0.3913022902997617
Zm00001eb244380,3,1,10.0,19,0.6155794508832357
Zm00001eb244390,13,5,8.333333333333334,21,0.4493444617266441
Zm00001eb244410,10,4,8.0,15,2.1686157799887336
Zm00001eb244420,7,2,9.909090909090908,70,0.3464359595341311
Zm00001eb244460,11,4,5.095238095238095,11,0.84886552166724
Zm00001eb244510,4,1,8.0,13,0.5365641310369703
Zm00001eb244520,1,1,8.0,8,0.6032872622001706
Zm00001eb244530,8,2,14.11111111111111,44,0.2469573395169153
Zm00001eb244540,5,1,11.0,17,0.1345334320984114
Zm00001eb244550,11,3,6.666666666666667,14,0.3150532653474286
Zm00001eb244560,14,7,16.363636363636363,82,0.8324378804566721
Zm00001eb244570,13,6,9.485714285714286,26,2.196944129714994
Zm00001eb244590,14,7,10.238095238095237,26,0.5725258188301084
Zm00001eb244610,11,4,11.157894736842104,90,1.915907160728261
Zm00001eb244620,7,3,17.545454545454547,111,0.5095863539552379
Zm00001eb244640,7,1,6.857142857142857,15,0.9333022349434968
Zm00001eb244650,16,4,10.592592592592593,39,0.3890203555686096
Zm00001eb244680,12,5,10.625,43,0.2671578851413836
Zm00001eb244700,6,1,7.5,21,3.044627356691762
Zm00001eb244710,6,1,7.5,21,4.664957555122799
Zm00001eb244720,10,3,9.214285714285714,17,0.4824393195280084
Zm00001eb244760,6,1,9.0,19,0.3572852706915386
Zm00001eb244770,15,6,9.178571428571429,32,0.1427345745284104
Zm00001eb244780,9,1,11.444444444444445,30,0.3464394316279136
Zm00001eb244790,7,2,6.857142857142857,17,1.1933001306947677
Zm00001eb244810,7,1,6.714285714285714,20,1.5918838664867812
Zm00001eb244830,13,3,9.0,38,1.281287588064524
Zm00001eb244840,10,3,6.466666666666667,18,0.115092196569124
Zm00001eb244860,11,3,7.111111111111111,18,0.3023229182540615
Zm00001eb244890,3,1,5.666666666666667,11,0.5463269497836777
Zm00001eb244910,8,4,6.142857142857143,11,1.8116432306257544
Zm00001eb244930,4,1,10.75,20,0.9115689625329818
Zm00001eb244960,7,2,7.2727272727272725,21,0.2883999687058878
Zm00001eb244980,9,2,6.9,15,0.3241495308368367
Zm00001eb244990,5,1,9.6,22,0.5319847735895302
Zm00001eb245000,9,2,10.8,38,0.8306595286990839
Zm00001eb245030,9,3,13.411764705882353,41,1.150983360427985
Zm00001eb245060,9,2,10.0,54,0.743388854343381
Zm00001eb245170,9,3,6.6923076923076925,25,0.4138122066066813
Zm00001eb245180,12,3,7.9375,45,0.6624325827916153
Zm00001eb245220,8,2,5.333333333333333,11,0.2007654872375129
Zm00001eb245230,7,1,7.285714285714286,16,0.4239935203566943
Zm00001eb245240,6,1,20.166666666666668,43,0.5584543381997115
Zm00001eb245250,9,3,7.357142857142857,16,0.6956235564146874
Zm00001eb245280,6,1,9.666666666666666,24,0.3719985820562971
Zm00001eb245320,4,1,8.75,20,1.6010468516367262
Zm00001eb245340,9,2,12.928571428571429,46,0.1599595956086335
Zm00001eb245360,9,2,10.0,37,0.5570587976396327
Zm00001eb245410,14,8,8.657894736842104,86,0.2160579855871018
Zm00001eb245460,7,2,16.0,53,0.6830074998557688
Zm00001eb245490,6,1,6.166666666666667,15,0.7511077041005253
Zm00001eb245520,7,1,5.0,16,0.8570540723429926
Zm00001eb245550,4,1,13.0,18,0.7194087060258717
Zm00001eb245560,7,1,6.285714285714286,12,0.2944982892273484
Zm00001eb245580,4,2,5.333333333333333,8,0.2463690836328632
Zm00001eb245590,9,3,6.333333333333333,17,0.5798976560277487
Zm00001eb245640,3,1,9.666666666666666,24,0.664799818379776
Zm00001eb245650,7,2,9.615384615384615,34,0.4527159194575293
Zm00001eb245670,12,3,4.0,12,7.907831599957724
Zm00001eb245680,8,1,5.625,13,0.2522344273303798
Zm00001eb245690,12,4,9.0,34,0.3315558703298332
Zm00001eb245700,15,12,7.754716981132075,33,6.612513931731591
Zm00001eb245720,11,2,8.666666666666666,17,1.0995356735509143
Zm00001eb245760,10,2,6.5,23,0.5264939925878092
Zm00001eb245770,4,1,10.0,16,1.8011855800672505
Zm00001eb245840,12,2,8.083333333333334,16,0.404063193490936
Zm00001eb245910,4,1,20.25,67,0.4547570187080283
Zm00001eb245920,16,11,9.508196721311476,34,0.2296920087290462
Zm00001eb245940,2,1,8.5,16,1.7648699812621669
Zm00001eb245950,10,4,7.0476190476190474,18,0.0823784599270627
Zm00001eb246010,16,10,11.76086956521739,82,0.6709246116061907
Zm00001eb246020,13,5,5.964285714285714,28,0.4620482413963548
Zm00001eb246040,16,8,6.9523809523809526,30,1.303975425524479
Zm00001eb246060,6,1,8.833333333333334,12,0.7250366505509892
Zm00001eb246070,5,1,6.0,9,0.2481117408045907
Zm00001eb246080,4,1,5.25,10,0.5390055637498747
Zm00001eb246090,13,3,7.428571428571429,15,0.097740291767688
Zm00001eb246120,3,1,16.0,41,0.2460825310869685
Zm00001eb246140,12,4,7.619047619047619,26,1.4549372270236698
Zm00001eb246150,15,4,8.91304347826087,27,0.1426980511387027
Zm00001eb246190,6,1,9.5,18,1.6903204539762056
Zm00001eb246210,14,3,7.869565217391305,15,0.1708512412749638
Zm00001eb246250,3,2,12.0,22,1.3974262640949666
Zm00001eb246270,8,2,11.181818181818182,31,0.4752083191236524
Zm00001eb246280,5,1,28.8,100,1.06838953126329
Zm00001eb246360,13,5,8.028571428571428,19,0.4886713101761102
Zm00001eb246370,10,1,6.2,15,0.577452791748469
Zm00001eb246390,11,2,9.846153846153847,39,0.5587751566812421
Zm00001eb246410,3,1,12.333333333333334,22,0.1070294667398071
Zm00001eb246440,5,1,7.0,21,0.2395873792970078
Zm00001eb246460,9,2,8.25,16,1.3052487964141466
Zm00001eb246490,5,1,13.8,30,0.3982306270050285
Zm00001eb246530,15,8,7.125,25,0.4564250945459618
Zm00001eb246550,9,2,7.25,28,0.5959502407936546
Zm00001eb246560,11,6,7.344827586206897,19,0.3184818113525031
Zm00001eb246580,12,3,6.294117647058823,31,0.4941178684014458
Zm00001eb246590,13,4,10.75,33,1.7071235902064674
Zm00001eb246600,15,7,8.025,31,0.2186541642347751
Zm00001eb246620,10,4,12.91304347826087,35,0.1733275099778465
Zm00001eb246630,6,2,11.444444444444445,33,0.3929400141747014
Zm00001eb246650,6,2,4.0,13,0.3015637082718637
Zm00001eb246660,9,1,7.888888888888889,20,0.3909643142569849
Zm00001eb246710,13,4,10.0,33,0.2983031307494374
Zm00001eb246720,3,1,12.666666666666666,19,0.4979608121454036
Zm00001eb246730,11,2,7.0,16,0.6546328560852933
Zm00001eb246740,6,1,7.5,12,0.7136382600201979
Zm00001eb246760,3,1,8.666666666666666,21,0.1973644529449914
Zm00001eb246770,14,4,10.043478260869565,51,0.5170256501009698
Zm00001eb246820,13,3,12.619047619047619,38,0.2184180162517313
Zm00001eb246860,11,2,10.066666666666666,27,0.2436927272963291
Zm00001eb246870,5,1,5.2,14,0.1703712990456521
Zm00001eb246950,10,4,11.0,40,2.504335014914727
Zm00001eb246980,11,3,11.857142857142858,59,4.2428565238961635
Zm00001eb246990,9,3,7.545454545454546,14,0.1519718348917174
Zm00001eb247000,9,2,9.083333333333334,31,0.4835379762497515
Zm00001eb247020,6,1,7.166666666666667,17,0.2630344058337938
Zm00001eb247040,5,1,6.4,9,0.104619667811219
Zm00001eb247050,4,1,12.25,22,1.1999885197649949
Zm00001eb247060,5,1,6.8,18,0.3852785362882069
Zm00001eb247070,6,2,12.142857142857142,44,0.4504583657241681
Zm00001eb247110,8,2,12.777777777777779,36,0.5878945976772014
Zm00001eb247150,13,4,6.590909090909091,24,1.0925590998872572
Zm00001eb247160,3,1,4.333333333333333,7,0.6056266666190042
Zm00001eb247180,4,1,5.25,9,0.4602899625945431
Zm00001eb247210,6,1,3.5,9,0.1506509892777685
Zm00001eb247320,9,2,8.083333333333334,17,0.9329708019566
Zm00001eb247330,16,8,9.5,46,0.8512270330638873
Zm00001eb247350,11,3,8.941176470588236,21,0.3143904982271289
Zm00001eb247370,6,1,10.833333333333334,51,0.2630344058337938
Zm00001eb247430,3,1,8.0,11,1.6786146908165205
Zm00001eb247540,6,2,7.0,18,0.8626794447198801
Zm00001eb247570,9,2,7.545454545454546,17,0.779776171381506
Zm00001eb247580,16,7,9.5,21,0.9218729968217432
Zm00001eb247630,6,1,11.333333333333334,19,0.2185688479650826
Zm00001eb247710,15,5,8.25,51,0.452704815414976
Zm00001eb247720,11,5,7.391304347826087,18,0.4482348455591915
Zm00001eb247750,16,6,9.131578947368421,22,1.164271569187586
Zm00001eb247760,11,3,10.538461538461538,27,1.5429685528989725
Zm00001eb247800,6,1,14.5,24,0.3962028930375744
Zm00001eb247830,7,2,10.333333333333334,28,0.6812850396923541
Zm00001eb247860,12,3,10.2,23,0.3341353705394089
Zm00001eb247890,7,2,7.714285714285714,18,0.9098346688650856
Zm00001eb248040,4,1,5.25,10,0.1308549540036001
Zm00001eb248160,6,3,18.545454545454547,63,0.7281102702347311
Zm00001eb248170,10,3,7.6923076923076925,16,1.2332956317210038
Zm00001eb248240,5,1,8.6,14,0.2914293448160576
Zm00001eb248270,12,2,9.95,23,0.6550728551844738
Zm00001eb248280,8,2,9.692307692307692,23,0.7285523502052419
Zm00001eb248290,13,4,10.608695652173912,47,0.3117100736237749
Zm00001eb248330,9,2,10.4,19,0.2117692593603306
Zm00001eb248350,12,8,7.108108108108108,20,0.5072257805553781
Zm00001eb248360,9,2,11.090909090909092,46,0.7486773157862231
Zm00001eb248370,12,4,7.9375,18,0.670196326391594
Zm00001eb248380,13,4,5.9,22,0.2122288045881422
Zm00001eb248440,10,4,6.75,19,0.7241148183360246
Zm00001eb248460,6,1,6.666666666666667,12,0.8115695989230467
Zm00001eb248510,8,1,4.875,10,0.6760471537355629
Zm00001eb248520,11,2,6.454545454545454,18,0.7163445965645774
Zm00001eb248530,16,6,6.793103448275862,20,1.525804722718637
Zm00001eb248540,16,6,6.793103448275862,20,1.1462499516093936
Zm00001eb248600,6,1,4.833333333333333,15,0.6833254998817201
Zm00001eb248610,10,3,6.076923076923077,14,2.589909074077491
Zm00001eb248620,9,2,12.454545454545455,58,1.9044850095532568
Zm00001eb248630,10,4,9.4375,30,0.3828488219190685
Zm00001eb248640,8,1,7.75,25,0.5001441974173906
Zm00001eb248650,12,2,11.125,68,0.1403872902853565
Zm00001eb248690,9,2,5.909090909090909,12,2.416976631949617
Zm00001eb248700,5,1,13.8,32,0.2004344646754421
Zm00001eb248730,14,2,3.2666666666666666,6,0.1743627818901823
Zm00001eb248750,5,1,8.0,18,1.3812291669060872
Zm00001eb248780,10,3,5.214285714285714,13,0.4943221230585382
Zm00001eb248800,12,3,11.785714285714286,37,0.8415656274269441
Zm00001eb248870,10,5,8.529411764705882,44,1.9674570090403571
Zm00001eb248880,14,7,6.055555555555555,28,0.5523004219439763
Zm00001eb248900,4,1,8.5,17,0.7557745865797587
Zm00001eb248930,13,3,15.352941176470589,68,0.6227550909111402
Zm00001eb248940,7,2,10.9,28,1.3481350279830704
Zm00001eb248950,17,8,8.0,32,0.1223895576675923
Zm00001eb248960,10,2,13.416666666666666,64,0.8573318065445497
Zm00001eb249020,8,2,27.4,94,2.127412605477977
Zm00001eb249060,10,2,9.166666666666666,36,0.5861515447841479
Zm00001eb249090,8,2,6.5,25,1.955715690095186
Zm00001eb249100,3,1,17.333333333333332,35,0.2488598144561506
Zm00001eb249130,4,1,8.25,22,0.3152688830850251
Zm00001eb249150,14,6,6.962962962962963,20,0.5668551619293449
Zm00001eb249160,12,3,15.473684210526315,95,0.3215894007943977
Zm00001eb249190,3,1,7.0,14,0.6719772006086806
Zm00001eb249230,12,4,6.55,18,0.3490489332985876
Zm00001eb249240,7,1,16.142857142857142,65,0.3272971997080869
Zm00001eb249250,4,1,6.25,10,2.3246096849547473
Zm00001eb249260,13,4,8.777777777777779,21,0.7395995991825084
Zm00001eb249290,5,1,6.2,10,0.9202587003271782
Zm00001eb249330,12,3,9.941176470588236,41,0.2975262608271699
Zm00001eb249340,6,1,10.5,25,0.2036715145027858
Zm00001eb249360,6,2,13.375,29,0.5013593055398741
Zm00001eb249380,15,10,7.833333333333333,19,0.2405697403277128
Zm00001eb249390,8,2,8.916666666666666,32,0.2236309335010445
Zm00001eb249400,11,2,10.142857142857142,26,0.814576688928467
Zm00001eb249420,5,1,4.0,8,0.5689610971031526
Zm00001eb249430,11,4,8.263157894736842,24,0.3456190307275681
Zm00001eb249440,8,1,6.375,23,0.8340946481426456
Zm00001eb249470,4,2,15.5,28,1.3219280948873622
Zm00001eb249490,7,1,9.571428571428571,25,0.5234843147952231
Zm00001eb249520,12,4,8.047619047619047,22,5.620609317050785
Zm00001eb249550,15,6,9.45945945945946,83,2.8281222823553938
Zm00001eb249570,8,2,7.25,15,0.3643372528043358
Zm00001eb249680,7,2,2.7142857142857144,7,0.3224891030758198
Zm00001eb249690,6,2,30.0,122,0.2263259813836672
Zm00001eb249700,9,3,10.0,24,0.2638434482478876
Zm00001eb249730,10,2,7.083333333333333,20,0.4348659940303749
Zm00001eb249800,5,1,10.8,22,1.7083889694909118
Zm00001eb249830,3,1,15.0,18,0.8852091644899808
Zm00001eb249940,12,4,8.647058823529411,22,1.0425989110160916
Zm00001eb249960,15,8,9.05,51,0.6099378300490864
Zm00001eb249970,15,8,10.157894736842104,51,0.6445278002264002
Zm00001eb249990,5,1,9.8,16,0.4863793498548169
Zm00001eb250030,10,1,10.2,27,0.7092041745409875
Zm00001eb250050,15,6,5.823529411764706,20,0.5116582260652414
Zm00001eb250070,13,3,8.363636363636363,21,1.2487579449741362
Zm00001eb250110,4,1,9.0,15,1.6624764305589512
Zm00001eb250120,12,4,8.05,31,0.6065536599623305
Zm00001eb250150,16,8,11.88,55,0.8869125417997639
Zm00001eb250210,14,5,8.208333333333334,28,1.1637150494640234
Zm00001eb250220,13,5,5.3478260869565215,21,0.7068754391578574
Zm00001eb250230,2,1,9.5,15,0.9223829241871552
Zm00001eb250310,4,1,4.75,11,0.1794268254541544
Zm00001eb250330,11,4,8.869565217391305,22,0.7846427213710877
Zm00001eb250370,9,3,11.411764705882353,27,0.9533159714806596
Zm00001eb250380,5,1,5.6,11,0.2523273823976126
Zm00001eb250470,10,3,14.277777777777779,58,2.6272257781656494
Zm00001eb250560,7,1,13.428571428571429,43,0.6222819713398209
Zm00001eb250590,5,1,18.0,27,0.2722270611191763
Zm00001eb250610,14,3,9.363636363636363,50,0.262349878126774
Zm00001eb250630,12,4,8.8,22,0.8824806540877037
Zm00001eb250640,12,4,8.238095238095237,33,0.4085325276235628
Zm00001eb250660,12,3,7.444444444444445,31,0.6552876121902864
Zm00001eb250700,11,5,8.222222222222221,24,0.9830222426967862
Zm00001eb250750,14,6,9.387096774193548,60,0.471268199646769
Zm00001eb250760,6,1,6.5,11,0.3447745973746766
Zm00001eb250770,10,3,4.857142857142857,12,0.6253602960122022
Zm00001eb250790,8,1,7.5,17,0.6031057622135013
Zm00001eb250800,7,1,7.857142857142857,18,0.4190920264261186
Zm00001eb250910,5,1,5.0,11,0.3886371652799364
Zm00001eb250940,16,11,9.120689655172415,38,0.6499990705756293
Zm00001eb250950,2,1,10.5,12,0.3227026139087945
Zm00001eb250960,2,1,10.0,15,1.96300568874139
Zm00001eb250990,16,11,5.92,20,1.014723422263392
Zm00001eb251020,6,1,8.0,18,0.6990747674100984
Zm00001eb251030,5,1,3.4,6,0.3668348137052034
Zm00001eb251050,5,1,12.2,20,0.1380741851583628
Zm00001eb251060,4,1,15.75,27,0.3650003815971674
Zm00001eb251070,17,9,10.448275862068966,53,0.4885073086860172
Zm00001eb251090,5,1,7.6,16,0.6623806561039001
Zm00001eb251130,12,2,6.5,15,0.9182135208401412
Zm00001eb251170,12,3,6.375,16,1.794193423535915
Zm00001eb251190,5,1,2.6,5,0.3808950542255631
Zm00001eb251230,12,4,6.944444444444445,20,0.6193567986478713
Zm00001eb251250,5,1,8.6,20,0.8267649063293374
Zm00001eb251300,5,1,10.8,19,0.4894730756285939
Zm00001eb251360,9,3,7.588235294117647,26,1.8018479694064908
Zm00001eb251370,14,4,9.363636363636363,51,0.6859163936960877
Zm00001eb251380,10,4,11.421052631578947,70,0.5816837454974167
Zm00001eb251390,6,2,7.777777777777778,19,1.7369655941662063
Zm00001eb251400,12,2,7.333333333333333,26,0.3774520794439717
Zm00001eb251410,5,2,8.6,16,0.1398573377886562
Zm00001eb251420,11,5,11.0,37,0.2828584208226986
Zm00001eb251520,7,1,5.714285714285714,10,0.1463868177558202
Zm00001eb251540,12,5,12.11111111111111,58,1.101314583257509
Zm00001eb251550,6,1,13.666666666666666,38,2.14460430850643
Zm00001eb251610,6,1,8.833333333333334,14,0.6496752583419726
Zm00001eb251630,8,1,10.625,33,0.3114945141375872
Zm00001eb251670,4,1,30.5,89,0.2460324693583277
Zm00001eb251680,5,1,5.6,14,1.3758462521128303
Zm00001eb251690,6,1,11.5,22,0.8039136299276946
Zm00001eb251860,4,1,5.75,8,0.6510604999212973
Zm00001eb251870,3,1,14.333333333333334,21,0.7014851228014962
Zm00001eb251890,9,2,4.111111111111111,12,0.5907200860373018
Zm00001eb251900,9,2,4.111111111111111,12,0.6710357100688426
Zm00001eb251920,4,1,5.5,8,0.4298163463909651
Zm00001eb251950,11,5,14.782608695652174,111,0.6085863856837864
Zm00001eb251980,12,5,7.190476190476191,25,0.4159538835715989
Zm00001eb251990,12,4,9.833333333333334,23,0.5040969912371502
Zm00001eb252000,14,5,11.6,40,0.9281250957449786
Zm00001eb252010,9,2,18.90909090909091,60,0.2046164762360304
Zm00001eb252030,18,9,9.297872340425531,29,0.2943842733475647
Zm00001eb252040,7,2,5.0,15,0.4553608639931207
Zm00001eb252050,6,2,10.857142857142858,25,0.456629597891234
Zm00001eb252060,9,2,7.6,21,0.6831698938800362
Zm00001eb252100,8,1,5.625,17,0.7089830815182738
Zm00001eb252170,8,2,7.5,21,0.4728392956150336
Zm00001eb252180,8,1,7.0,22,0.7543430469397415
Zm00001eb252190,5,1,10.8,21,0.5303844577523824
Zm00001eb252200,6,2,4.222222222222222,8,1.340382775409774
Zm00001eb252210,9,2,7.666666666666667,17,0.142718859617008
Zm00001eb252220,2,1,4.5,6,0.7971861002076008
Zm00001eb252240,12,4,8.666666666666666,38,0.4117871398690153
Zm00001eb252250,8,2,15.454545454545455,28,0.260012680467004
Zm00001eb252260,6,1,11.333333333333334,35,0.4070160914512417
Zm00001eb252300,7,1,7.0,13,1.123992557315988
Zm00001eb252330,9,2,11.307692307692308,38,0.2606073195965238
Zm00001eb252380,15,3,9.105263157894736,69,1.3841398138990035
Zm00001eb252390,15,5,9.321428571428571,25,1.2801079191927354
Zm00001eb252400,2,1,3.5,6,0.2139913756297547
Zm00001eb252410,5,1,8.8,13,0.480790502339689
Zm00001eb252420,5,1,4.4,7,0.2562146782089204
Zm00001eb252440,3,1,9.666666666666666,15,0.2251487602246232
Zm00001eb252480,10,3,10.615384615384615,29,1.2312296556674327
Zm00001eb252490,10,3,14.5,44,0.4621672105561442
Zm00001eb252510,6,2,7.571428571428571,20,0.1476262323496875
Zm00001eb252530,12,2,8.6,33,0.5757641446113976
Zm00001eb252540,11,5,9.04,33,0.9068824072813008
Zm00001eb252550,5,1,9.8,22,1.1636921321455622
Zm00001eb252580,7,1,13.285714285714286,43,1.1588263198154956
Zm00001eb252620,3,1,19.666666666666668,47,0.1875316625571491
Zm00001eb252640,6,1,9.166666666666666,20,0.7167857435825765
Zm00001eb252680,10,2,5.7272727272727275,12,0.1670863581375401
Zm00001eb252720,12,4,8.952380952380953,41,0.5242954108284426
Zm00001eb252760,12,3,4.533333333333333,15,0.4294920998323029
Zm00001eb252770,8,1,5.375,9,2.8062735753061334
Zm00001eb252780,8,2,8.555555555555555,18,0.2265897286515736
Zm00001eb252800,12,3,7.888888888888889,41,0.6795312450582348
Zm00001eb252840,15,4,15.041666666666666,72,0.9819365536777566
Zm00001eb252870,12,4,8.703703703703704,25,0.2118528640071919
Zm00001eb252920,10,4,9.25,21,1.386703387231173
Zm00001eb252930,11,3,11.857142857142858,42,0.2970066276053353
Zm00001eb252940,10,3,12.0625,29,0.5898324069079448
Zm00001eb252950,8,2,10.272727272727273,22,1.0219619046829267
Zm00001eb253040,5,1,7.2,11,1.1197329673476948
Zm00001eb253050,4,1,9.75,12,0.2813899173766615
Zm00001eb253080,4,1,8.0,20,0.3693970630195114
Zm00001eb253110,13,4,13.95,82,1.7621669054876925
Zm00001eb253120,11,4,10.625,40,0.5502762275839601
Zm00001eb253130,7,2,23.0,75,0.6249654075125728
Zm00001eb253140,10,3,6.2,13,0.1175732815546423
Zm00001eb253150,14,3,7.294117647058823,30,0.3727356146953152
Zm00001eb253200,3,1,7.0,11,0.1696606472665148
Zm00001eb253230,4,1,41.75,134,0.9398728244788702
Zm00001eb253240,13,4,12.55,34,1.514873671697026
Zm00001eb253250,14,5,10.633333333333333,34,0.2994395578710027
Zm00001eb253270,5,1,7.0,20,1.4974495641535672
Zm00001eb253350,7,1,8.714285714285714,27,0.6391545081156689
Zm00001eb253370,4,1,8.0,11,0.0849625007211562
Zm00001eb253380,3,1,4.333333333333333,8,0.6082958735761627
Zm00001eb253410,6,1,25.833333333333332,129,0.3963541253630004
Zm00001eb253450,10,3,8.533333333333333,23,1.282899883374922
Zm00001eb253470,4,1,7.25,19,0.3111258899912472
Zm00001eb253480,6,1,5.833333333333333,13,1.7506228790591678
Zm00001eb253500,15,4,8.962962962962964,26,0.4721488066846482
Zm00001eb253510,5,1,6.4,13,1.2899678341945977
Zm00001eb253530,5,1,13.8,30,0.2922168784876177
Zm00001eb253580,1,1,20.0,20,1.7461476083100922
Zm00001eb253620,6,1,7.333333333333333,25,0.4256578264009363
Zm00001eb253680,8,2,6.7272727272727275,14,0.470418963765928
Zm00001eb253690,10,2,10.76923076923077,32,0.470107439616073
Zm00001eb253720,7,1,7.142857142857143,17,1.5849625007211563
Zm00001eb253740,12,2,9.125,23,0.3881439806977981
Zm00001eb253750,11,4,15.35,41,0.7820266067936966
Zm00001eb253760,10,3,7.0,26,0.7842431470898108
Zm00001eb253770,6,1,8.5,16,0.7222823889421177
Zm00001eb253780,7,2,7.0,15,1.3269150248951531
Zm00001eb253790,8,1,7.125,15,6.728888426231227
Zm00001eb253800,10,1,8.7,21,0.4772683037830779
Zm00001eb253810,8,1,7.125,15,0.2312292240859116
Zm00001eb253820,17,5,11.058823529411764,45,0.2790956036063911
Zm00001eb253830,4,1,8.5,19,0.2426944626067534
Zm00001eb253850,12,4,8.333333333333334,30,0.6021144543933318
Zm00001eb253860,6,2,8.25,13,0.3980989838084061
Zm00001eb253890,14,4,8.523809523809524,74,0.4427029944694907
Zm00001eb253910,12,3,8.176470588235293,29,0.6623786908990108
Zm00001eb253920,12,4,8.476190476190476,32,0.3881443619886189
Zm00001eb253960,10,4,8.4,24,0.619737737622046
Zm00001eb253970,6,2,11.727272727272727,32,0.3790985337439493
Zm00001eb253980,10,3,8.533333333333333,17,0.3982626933553039
Zm00001eb253990,4,2,13.2,28,0.4257016196390378
Zm00001eb254030,6,1,8.166666666666666,23,0.2025172661678029
Zm00001eb254050,10,2,10.916666666666666,39,0.2506185447127521
Zm00001eb254060,10,3,6.5625,26,0.1314750112777616
Zm00001eb254070,5,1,4.6,11,1.0
Zm00001eb254090,4,1,6.5,16,0.3010461643083942
Zm00001eb254100,11,1,7.7272727272727275,25,0.6935013396377546
Zm00001eb254120,9,2,7.909090909090909,16,0.7685717219413596
Zm00001eb254130,12,5,12.10344827586207,44,0.7540215158467903
Zm00001eb254150,15,5,8.310344827586206,24,0.8119404270880366
Zm00001eb254160,13,2,14.133333333333333,37,0.5678803586630109
Zm00001eb254250,12,4,7.333333333333333,19,0.6557578474754722
Zm00001eb254270,12,4,6.04,19,0.1868195414502334
Zm00001eb254280,4,1,17.0,33,0.4495503657602269
Zm00001eb254290,2,1,22.5,36,0.6468420630291037
Zm00001eb254300,9,3,7.4,37,0.4405272636503273
Zm00001eb254350,13,6,9.4,57,0.996100130363886
Zm00001eb254360,9,2,5.818181818181818,15,0.716698472001284
Zm00001eb254390,10,2,9.857142857142858,34,0.445716027318655
Zm00001eb254410,7,2,15.8,38,0.2535597474361092
Zm00001eb254430,9,1,12.88888888888889,53,2.123447285864542
Zm00001eb254440,7,2,11.25,23,1.5849625007211563
Zm00001eb254450,7,2,11.25,23,0.26180847366958
Zm00001eb254480,10,3,8.470588235294118,30,1.0594192965290845
Zm00001eb254490,7,1,3.0,6,0.6231275604303379
Zm00001eb254510,10,1,8.1,20,0.0799394521948664
Zm00001eb254530,3,1,7.0,17,0.2273196026220938
Zm00001eb254540,12,3,8.833333333333334,25,0.5520497192651532
Zm00001eb254560,14,3,7.55,28,1.6957000255207129
Zm00001eb254570,14,3,8.157894736842104,22,0.4264124029333842
Zm00001eb254920,15,5,8.096774193548388,39,1.339763415208614
Zm00001eb254930,14,5,9.941176470588236,29,1.278923370441612
Zm00001eb254940,13,5,9.423076923076923,26,1.281628147980287
Zm00001eb254950,3,1,12.666666666666666,24,0.4972673318287759
Zm00001eb254990,7,2,15.625,52,1.0026712313266737
Zm00001eb255050,8,2,8.0,27,0.5835705633978877
Zm00001eb255090,7,2,10.222222222222221,28,0.1608929460049207
Zm00001eb255120,10,2,10.0,25,0.1851688850764805
Zm00001eb255150,7,1,14.714285714285714,56,0.5849625007211563
Zm00001eb255160,10,3,4.333333333333333,16,0.4023684478391739
Zm00001eb255190,10,3,10.25,47,0.7659594978152371
Zm00001eb255200,8,2,9.875,17,1.1532324160489813
Zm00001eb255210,13,2,10.470588235294118,37,1.3465102892854663
Zm00001eb255230,4,1,6.0,18,0.7178367253529679
Zm00001eb255240,10,3,9.0625,22,0.8281759205277012
Zm00001eb255270,9,2,8.0,25,0.3625700793847081
Zm00001eb255290,6,2,9.9,45,0.6439124236100894
Zm00001eb255310,15,7,7.583333333333333,19,0.3743649098081114
Zm00001eb255320,4,1,19.75,67,0.3010186074927486
Zm00001eb255340,12,3,6.944444444444445,19,0.7027539226319354
Zm00001eb255410,7,1,6.285714285714286,17,0.5504835073466219
Zm00001eb255430,4,1,2.5,4,0.409207742533156
Zm00001eb255470,5,1,6.0,12,0.3219280948873623
Zm00001eb255510,7,1,14.285714285714286,34,0.4462641812056047
Zm00001eb255520,4,1,6.5,8,0.7878089992169867
Zm00001eb255530,4,1,12.0,21,0.9005211127249731
Zm00001eb255540,6,1,5.333333333333333,12,0.4997656744211545
Zm00001eb255560,7,4,8.2,25,0.3242196456417785
Zm00001eb255570,9,2,8.6,24,0.4220026441392644
Zm00001eb255580,3,1,14.0,27,0.8737204322029156
Zm00001eb255590,14,4,12.153846153846153,59,0.629401173360834
Zm00001eb255600,5,1,6.8,14,0.7359726661395353
Zm00001eb255610,9,4,6.095238095238095,17,0.6257607505807745
Zm00001eb255650,5,1,7.6,14,0.3368570974755325
Zm00001eb255670,5,2,6.8,15,0.2845663636751649
Zm00001eb255690,12,4,10.333333333333334,38,0.1331652660426375
Zm00001eb255700,4,1,15.25,41,0.1931882804938343
Zm00001eb255730,12,2,7.461538461538462,32,0.3490857497778628
Zm00001eb255760,6,1,17.166666666666668,47,0.6956102823471478
Zm00001eb255780,6,1,7.666666666666667,16,1.5849625007211563
Zm00001eb255830,14,4,7.222222222222222,23,0.3593334926146441
Zm00001eb255850,9,3,8.928571428571429,19,0.2811400515925675
Zm00001eb255880,9,1,9.666666666666666,47,1.11345120526055
Zm00001eb255960,13,3,7.0588235294117645,20,0.2080954553887198
Zm00001eb255980,10,4,12.631578947368421,82,1.331691086568744
Zm00001eb255990,2,1,15.5,26,0.2358685364499434
Zm00001eb256010,3,1,6.0,15,0.543744551550462
Zm00001eb256070,4,1,9.5,24,0.7352937278743304
Zm00001eb256090,4,1,9.0,17,0.5066560140795292
Zm00001eb256110,8,2,7.111111111111111,13,0.6500792551744256
Zm00001eb256120,10,2,6.7272727272727275,16,2.5631536510802904
Zm00001eb256150,10,2,8.266666666666667,40,0.0668058653160351
Zm00001eb256170,13,2,8.1875,25,0.1443927563603924
Zm00001eb256180,5,1,7.6,13,1.3152229434735674
Zm00001eb256190,3,1,4.666666666666667,9,0.6178288047071127
Zm00001eb256230,14,7,7.394736842105263,26,1.1030934929641034
Zm00001eb256240,13,6,9.342105263157896,41,0.2886928275074558
Zm00001eb256260,11,3,13.214285714285714,54,1.2712814790857172
Zm00001eb256270,10,2,7.333333333333333,30,0.1500903353714637
Zm00001eb256330,11,5,7.678571428571429,25,0.8711455420605058
Zm00001eb256350,12,5,10.0,38,0.606009546273483
Zm00001eb256360,11,4,9.904761904761905,24,0.3762408086846063
Zm00001eb256400,7,1,5.428571428571429,20,2.0163695818602423
Zm00001eb256420,5,1,6.0,15,0.7702314626133288
Zm00001eb256430,4,1,7.5,16,0.1920440283755601
Zm00001eb256460,17,10,7.930232558139535,39,1.4087320083345194
Zm00001eb256490,1,1,1.0,1,0.2940695656443745
Zm00001eb256520,4,2,8.428571428571429,20,0.3833200970273147
Zm00001eb256530,9,2,7.3,14,1.7715332773348975
Zm00001eb256540,7,3,8.222222222222221,16,0.254934437930248
Zm00001eb256550,12,3,10.764705882352942,24,0.3900582108660395
Zm00001eb256560,15,4,8.454545454545455,51,0.2457731168688664
Zm00001eb256570,8,2,9.6,37,0.7665903480111419
Zm00001eb256600,15,5,10.5,51,0.2077323674502768
Zm00001eb256650,7,1,8.0,15,0.5242133515555519
Zm00001eb256660,9,2,6.846153846153846,23,1.6922463348259098
Zm00001eb256700,12,4,7.428571428571429,18,0.2619838899963996
Zm00001eb256740,5,1,8.6,17,0.329900659617402
Zm00001eb256880,5,2,8.0,15,0.1722414073529471
Zm00001eb256890,5,1,7.0,12,0.5176724622106794
Zm00001eb256900,9,4,8.210526315789474,24,2.635588573791124
Zm00001eb256920,6,2,16.88888888888889,54,0.5537950483033647
Zm00001eb256950,8,2,11.0,40,0.4153895197874378
Zm00001eb256990,6,1,8.166666666666666,14,1.2333407017424274
Zm00001eb257000,11,3,7.35,22,0.2762569546941715
Zm00001eb257010,15,6,11.475,29,0.2667934971871737
Zm00001eb257030,6,1,7.0,12,1.081586744788301
Zm00001eb257040,4,1,20.5,61,1.0
Zm00001eb257050,5,1,4.4,9,0.4815945673321048
Zm00001eb257070,3,1,13.0,24,0.7839696036718328
Zm00001eb257110,4,1,6.0,10,0.1549390009440018
Zm00001eb257120,16,5,12.785714285714286,60,0.4343879594869221
Zm00001eb257130,7,2,7.25,19,0.4283609702887947
Zm00001eb257160,6,1,11.166666666666666,25,0.1938318404371581
Zm00001eb257170,2,1,9.0,13,0.1280663117716169
Zm00001eb257250,5,1,8.6,29,0.3657933068380433
Zm00001eb257310,10,2,13.272727272727273,33,0.8874667221826132
Zm00001eb257330,5,1,6.4,21,0.1916670435865061
Zm00001eb257360,16,4,6.037037037037037,22,0.1552812102964141
Zm00001eb257390,11,5,10.12,26,0.5703989656892928
Zm00001eb257400,16,8,7.491525423728813,22,0.9238575708277368
Zm00001eb257410,7,2,6.4,13,0.1919055076783977
Zm00001eb257420,7,2,6.571428571428571,12,0.4652698094843897
Zm00001eb257430,12,3,8.625,20,0.4257051924163582
Zm00001eb257440,7,2,8.0,35,0.5930066122657975
Zm00001eb257450,7,1,4.428571428571429,10,0.192333420065343
Zm00001eb257480,4,1,13.0,36,0.293518082180334
Zm00001eb257500,7,2,11.428571428571429,23,0.3518078147923354
Zm00001eb257510,5,1,5.0,12,0.2107303373959484
Zm00001eb257520,10,2,10.166666666666666,20,0.8640352717234533
Zm00001eb257570,9,2,5.75,15,0.6266744182006075
Zm00001eb257590,7,1,13.142857142857142,59,0.5173253152921328
Zm00001eb257630,7,2,6.7272727272727275,15,0.3017705263837187
Zm00001eb257640,7,2,6.875,20,0.2598623566260453
Zm00001eb257650,13,4,11.791666666666666,51,0.2818479980178061
Zm00001eb257660,8,3,18.916666666666668,81,0.1500420526188025
Zm00001eb257670,13,3,18.272727272727273,85,0.242090610519008
Zm00001eb257680,6,2,8.11111111111111,24,0.1692827506153833
Zm00001eb257720,11,3,8.5,13,0.1090827386516449
Zm00001eb257750,6,1,16.833333333333332,37,0.5849625007211562
Zm00001eb257770,8,3,15.461538461538462,36,0.2801731210465741
Zm00001eb257780,10,4,4.476190476190476,11,0.7799500009615415
Zm00001eb257810,4,1,14.25,20,0.7439831013538617
Zm00001eb257860,9,1,6.888888888888889,19,0.3472418570583364
Zm00001eb257880,14,5,9.32,59,0.5562231266177364
Zm00001eb257890,9,3,13.642857142857142,68,0.1527216512683816
Zm00001eb257900,13,4,5.15,9,0.9730672900756908
Zm00001eb257920,14,8,8.447368421052632,24,1.226364619448168
Zm00001eb257940,12,4,7.96,22,4.591923740178222
Zm00001eb257950,13,6,10.56,63,1.3467779019478152
Zm00001eb257960,8,2,8.583333333333334,15,0.1860382319427245
Zm00001eb257970,11,3,6.7894736842105265,20,0.7549241780028951
Zm00001eb257980,10,2,7.333333333333333,16,1.160030458899762
Zm00001eb258000,14,4,8.076923076923077,24,1.1487405510961792
Zm00001eb258010,11,3,6.75,13,0.6827290196344301
Zm00001eb258050,13,6,8.03225806451613,29,0.530573411586009
Zm00001eb258070,16,7,8.767441860465116,32,0.1662637703417354
Zm00001eb258090,5,1,9.2,18,0.5684653481348144
Zm00001eb258100,6,1,6.666666666666667,10,0.8721368938407276
Zm00001eb258130,6,2,7.428571428571429,19,0.44746113802451
Zm00001eb258150,8,2,12.88888888888889,35,3.5126828096297507
Zm00001eb258170,4,1,4.75,8,0.2792035684435286
Zm00001eb258200,5,1,10.6,15,0.2637959287546209
Zm00001eb258220,6,1,15.333333333333334,42,0.790235603347142
Zm00001eb258240,3,1,9.0,14,0.3551531199977895
Zm00001eb258270,12,4,6.421052631578948,21,0.3515233315998806
Zm00001eb258280,4,1,9.0,13,0.1209033915898355
Zm00001eb258290,10,3,18.823529411764707,100,0.424578796494131
Zm00001eb258330,13,4,9.038461538461538,34,0.3319067008204278
Zm00001eb258350,13,3,7.0,20,6.242817627946372
Zm00001eb258360,12,4,16.333333333333332,85,0.6293528031533602
Zm00001eb258380,7,3,8.916666666666666,21,0.1586132150946235
Zm00001eb258440,11,2,13.083333333333334,33,1.5262017696532852
Zm00001eb258450,10,2,7.928571428571429,38,0.5478221489894247
Zm00001eb258460,13,6,12.225806451612904,33,0.4578823518282388
Zm00001eb258480,10,4,7.294117647058823,16,0.3259376194982957
Zm00001eb258510,9,2,7.545454545454546,24,0.2347426416506101
Zm00001eb258570,6,1,5.833333333333333,10,0.191248292323043
Zm00001eb258590,8,3,8.785714285714286,18,0.5162172891210846
Zm00001eb258600,4,1,8.0,15,0.1528921030293216
Zm00001eb258610,10,2,19.272727272727273,124,1.2118798894627132
Zm00001eb258660,10,3,11.176470588235293,23,0.1846128038082952
Zm00001eb258670,13,3,7.529411764705882,26,0.3475379913137429
Zm00001eb258680,7,2,6.571428571428571,22,0.6689420185459733
Zm00001eb258740,10,4,10.533333333333333,25,0.2963624781236978
Zm00001eb258750,15,8,10.976744186046512,32,0.5018263614016729
Zm00001eb258770,3,1,4.0,9,0.3720085893907591
Zm00001eb258790,10,3,9.333333333333334,24,0.384543409971843
Zm00001eb258800,8,2,9.7,18,0.2466165884809304
Zm00001eb258820,11,4,6.608695652173913,21,1.7888976138186072
Zm00001eb258830,6,1,7.333333333333333,15,1.5795866047097982
Zm00001eb258850,14,4,7.2727272727272725,25,1.4184535319055198
Zm00001eb258860,4,1,13.25,29,0.6664847214189958
Zm00001eb258870,5,1,5.2,18,0.3558895177233456
Zm00001eb258880,9,1,7.666666666666667,14,0.7598577163743134
Zm00001eb258890,13,3,14.666666666666666,76,0.2391246452858172
Zm00001eb258900,4,1,12.25,24,0.2552918014669221
Zm00001eb258940,8,1,8.125,18,0.4972684681687525
Zm00001eb258950,12,4,11.958333333333334,36,0.5481482465042138
Zm00001eb258960,10,3,9.2,23,0.5839171290944718
Zm00001eb258980,3,1,7.666666666666667,14,0.6989204351295721
Zm00001eb259000,10,2,6.583333333333333,19,0.5844469610928711
Zm00001eb259040,7,1,8.857142857142858,20,0.4031345794419056
Zm00001eb259070,9,2,8.5,19,0.1918181535837582
Zm00001eb259100,5,1,13.2,30,0.8984996589569407
Zm00001eb259110,15,10,8.42,27,0.3382758454528429
Zm00001eb259120,5,1,5.6,17,0.6853348758557166
Zm00001eb259130,12,3,5.066666666666666,12,0.725724461601657
Zm00001eb259140,8,1,8.375,20,0.539208520210394
Zm00001eb259210,5,2,8.166666666666666,13,0.2339419914201692
Zm00001eb259220,11,2,6.428571428571429,14,0.527862430956888
Zm00001eb259230,7,1,16.285714285714285,68,0.5629288198301065
Zm00001eb259300,7,1,6.571428571428571,15,0.6375841275261238
Zm00001eb259310,12,3,18.166666666666668,91,0.3254573058562198
Zm00001eb259320,6,2,5.875,9,0.1787611421727265
Zm00001eb259330,9,3,5.333333333333333,9,0.4210633710342721
Zm00001eb259340,5,1,11.2,41,0.2110886888819783
Zm00001eb259350,8,2,11.1,19,0.5835142039255408
Zm00001eb259360,9,3,6.416666666666667,20,0.6838786537341038
Zm00001eb259370,4,1,20.5,58,0.3393370559446446
Zm00001eb259390,4,1,26.5,80,0.3933294749718958
Zm00001eb259410,7,2,9.285714285714286,24,0.6754530584043307
Zm00001eb259420,6,1,4.333333333333333,9,0.2241902854685653
Zm00001eb259440,6,1,4.333333333333333,9,0.3929431519693547
Zm00001eb259450,7,1,17.142857142857142,80,0.0912724862802649
Zm00001eb259470,11,4,8.117647058823529,27,0.0941934461080596
Zm00001eb259490,5,1,8.0,19,0.5313469697742599
Zm00001eb259570,8,2,2.6666666666666665,7,0.2985104469259844
Zm00001eb259580,4,1,15.25,20,0.6604424776869332
Zm00001eb259650,12,5,9.608695652173912,32,0.4792260690851797
Zm00001eb259890,11,4,7.095238095238095,28,0.5140980721616024
Zm00001eb259940,16,8,8.125,30,0.3410369178350669
Zm00001eb259950,8,2,10.125,35,0.2651616989910842
Zm00001eb259960,7,1,13.571428571428571,24,0.6208023623067968
Zm00001eb259970,4,1,7.0,12,0.0
Zm00001eb260010,5,1,8.8,22,1.3109789839595134
Zm00001eb260050,14,5,7.173913043478261,31,0.5632619075267519
Zm00001eb260060,14,5,7.173913043478261,31,0.1803874934513773
Zm00001eb260070,7,2,6.888888888888889,17,1.6374299206152918
Zm00001eb260090,6,2,12.428571428571429,36,0.7671172605577038
Zm00001eb260100,10,3,12.5,36,0.1490815333877643
Zm00001eb260130,12,4,11.178571428571429,35,1.2030453085350994
Zm00001eb260140,7,2,5.7272727272727275,12,2.1916735817821715
Zm00001eb260150,9,2,10.384615384615385,19,0.1992124048385299
Zm00001eb260160,16,9,9.067796610169491,43,0.721357501936604
Zm00001eb260200,7,1,9.428571428571429,18,0.4957140852114174
Zm00001eb260220,14,3,8.368421052631579,26,3.2635212623959875
Zm00001eb260230,9,2,5.636363636363637,11,0.1522113150601758
Zm00001eb260240,9,2,5.636363636363637,11,0.4892810162450272
Zm00001eb260280,5,1,5.4,9,1.7278543996514348
Zm00001eb260290,5,1,2.4,4,1.8744691179161408
Zm00001eb260310,5,1,8.8,27,1.191071872186347
Zm00001eb260320,13,5,8.833333333333334,55,0.5032195653680639
Zm00001eb260350,8,2,7.363636363636363,18,0.7113634137518124
Zm00001eb260360,15,5,6.6923076923076925,15,0.1835719716007396
Zm00001eb260370,13,5,6.16,29,0.2334939332074288
Zm00001eb260380,13,4,8.681818181818182,30,0.4601758972111985
Zm00001eb260390,13,4,8.681818181818182,30,0.591116424526492
Zm00001eb260410,6,1,5.666666666666667,22,0.2316894506494999
Zm00001eb260420,7,1,5.571428571428571,14,0.4021009125007735
Zm00001eb260450,5,1,21.2,69,0.4365886898592655
Zm00001eb260460,14,10,10.936170212765957,44,0.1429281844897098
Zm00001eb260470,12,5,10.85,56,0.1752908597490825
Zm00001eb260480,5,1,11.4,21,0.5031546275800659
Zm00001eb260560,17,8,8.092592592592593,27,0.9404694865604002
Zm00001eb260580,3,1,10.0,13,0.1979024174453502
Zm00001eb260600,2,1,11.0,13,0.31838790821019
Zm00001eb260630,9,2,9.545454545454545,23,1.7369655941662063
Zm00001eb260700,8,2,11.2,20,0.7567288489876361
Zm00001eb260710,6,2,10.833333333333334,18,0.6039791310091231
Zm00001eb260730,5,1,6.8,18,0.3619998113264093
Zm00001eb260770,4,1,7.0,11,0.3210284658117674
Zm00001eb260790,8,1,5.5,12,0.321902374735077
Zm00001eb260800,17,6,9.962962962962964,36,0.5506464406739491
Zm00001eb260810,13,6,7.407407407407407,36,1.2067186146818023
Zm00001eb260820,6,1,9.0,17,0.3551982779635727
Zm00001eb260870,11,3,10.0,26,0.2364872979489275
Zm00001eb260880,11,3,13.1875,39,0.2005111642222539
Zm00001eb260910,2,1,7.0,11,0.5676845092893205
Zm00001eb260920,11,4,9.8,24,0.7072533098331145
Zm00001eb260930,12,3,11.166666666666666,62,0.7342004663575695
Zm00001eb260950,13,6,8.862068965517242,29,0.3133532878637612
Zm00001eb260960,9,2,6.181818181818182,18,0.3025182187202796
Zm00001eb260970,14,5,8.2,28,0.2436018377121857
Zm00001eb260990,4,1,8.5,10,0.84764587895943
Zm00001eb261130,11,3,14.384615384615385,59,0.5650173906984268
Zm00001eb261170,11,4,17.73913043478261,49,0.4761358245450051
Zm00001eb261190,12,4,14.7,141,0.5591318497379584
Zm00001eb261200,2,1,14.0,21,1.8459654281409168
Zm00001eb261230,7,1,4.857142857142857,9,0.6180063147656564
Zm00001eb261240,17,11,12.254901960784315,68,1.4365629777119444
Zm00001eb261260,10,3,16.142857142857142,42,0.7522787377604921
Zm00001eb261270,5,1,11.6,23,0.5069329052493983
Zm00001eb261300,7,3,11.076923076923077,20,0.3214022906486426
Zm00001eb261380,8,2,6.090909090909091,21,0.8402295996019509
Zm00001eb261430,13,7,10.54054054054054,31,0.2295474090668856
Zm00001eb261440,9,4,9.333333333333334,51,1.1175574597834146
Zm00001eb261480,8,3,9.125,19,0.877242409911295
Zm00001eb261490,2,1,7.5,9,0.4637111354316125
Zm00001eb261500,5,1,10.8,20,0.6615999762338486
Zm00001eb261510,13,4,10.863636363636363,25,1.2267740592939986
Zm00001eb261520,13,3,13.055555555555555,73,0.2629409788297875
Zm00001eb261530,1,1,34.0,34,0.1860843184503413
Zm00001eb261540,11,2,12.181818181818182,70,0.3064142471939741
Zm00001eb261550,14,3,10.533333333333333,70,0.4147245205832213
Zm00001eb261560,6,1,7.166666666666667,17,0.4362474818184876
Zm00001eb261570,13,5,8.148148148148149,24,2.5663468225538093
Zm00001eb261620,7,1,8.857142857142858,22,1.2354210355779425
Zm00001eb261670,4,1,6.0,10,0.5121267004061579
Zm00001eb261680,8,2,12.363636363636363,56,0.7319208538193931
Zm00001eb261700,13,4,13.807692307692308,78,0.3116231568497268
Zm00001eb261740,9,1,6.111111111111111,17,0.1043413909587376
Zm00001eb261810,6,1,6.666666666666667,13,0.1872966333625499
Zm00001eb261820,7,2,5.75,10,0.4453216045356923
Zm00001eb261830,14,3,8.285714285714286,28,0.6057504850065101
Zm00001eb261840,8,2,13.875,64,0.3030135063101414
Zm00001eb261900,7,3,8.444444444444445,18,0.9334333868584392
Zm00001eb261910,10,3,7.5,22,0.527600992254201
Zm00001eb261920,5,1,10.2,21,1.042201564073308
Zm00001eb263000,8,1,9.25,26,0.2685767118661812
Zm00001eb264080,6,1,8.666666666666666,15,3.036342958636486
Zm00001eb264110,11,4,8.823529411764707,42,0.5895022722227092
Zm00001eb264130,6,2,9.714285714285714,19,0.9369543687759574
Zm00001eb264170,10,2,5.928571428571429,11,1.3419383171099573
Zm00001eb264250,4,1,13.5,27,1.040863472450947
Zm00001eb264300,3,1,10.333333333333334,13,0.1382234006730113
Zm00001eb264310,12,3,8.470588235294118,18,0.8764645991074842
Zm00001eb264360,5,1,12.6,37,0.3527051583415115
Zm00001eb264410,4,1,15.25,36,0.4026978748096922
Zm00001eb264470,5,2,11.88888888888889,21,0.8226546254969511
Zm00001eb264480,7,1,10.142857142857142,36,0.2076262272169881
Zm00001eb264510,6,1,3.3333333333333335,7,0.3833858397538342
Zm00001eb264550,4,1,8.25,10,0.6521224773193698
Zm00001eb264580,10,2,6.818181818181818,23,0.2307158174490367
Zm00001eb264620,8,1,13.625,44,0.4551172179490992
Zm00001eb264650,12,3,10.235294117647058,39,1.4306343543298623
Zm00001eb264660,9,2,5.4,17,0.6182700553752711
Zm00001eb264670,12,3,9.055555555555555,25,0.3879169815949747
Zm00001eb264680,10,3,11.5,20,1.4565368914981391
Zm00001eb264720,14,4,9.32,43,0.9234345338992648
Zm00001eb264730,6,1,7.833333333333333,35,0.3657957979405705
Zm00001eb264750,17,5,8.657142857142857,34,0.3892160971448049
Zm00001eb264770,14,3,9.090909090909092,32,0.0
Zm00001eb264840,9,4,6.1875,11,0.904486576625857
Zm00001eb264870,6,1,10.5,20,2.582047640816417
Zm00001eb264930,13,3,15.666666666666666,42,0.6493256777028654
Zm00001eb264980,10,3,12.733333333333333,25,0.7664920188094341
Zm00001eb265010,4,1,7.0,9,0.3384704115469944
Zm00001eb265030,11,3,10.176470588235293,31,1.3219280948873622
Zm00001eb265040,11,6,10.518518518518519,42,0.6592179531981308
Zm00001eb265080,7,3,7.6923076923076925,18,0.8786920733482279
Zm00001eb265150,10,1,9.3,22,0.6493656296390651
Zm00001eb265250,5,1,10.2,25,0.2803782224731704
Zm00001eb265270,15,5,9.696969696969697,61,0.5264384718758557
Zm00001eb265390,5,1,15.4,22,0.905689461045669
Zm00001eb265430,8,2,6.5,14,0.129296200546748
Zm00001eb265440,5,1,7.8,13,0.6774288287306457
Zm00001eb265500,12,4,10.352941176470589,68,0.2537540651168048
Zm00001eb265510,16,5,6.758620689655173,25,0.7276137423075505
Zm00001eb265520,9,2,8.833333333333334,29,1.2518544866658925
Zm00001eb265610,16,7,9.340909090909092,28,0.3132811226603179
Zm00001eb265650,2,2,5.5,6,0.4485764568545456
Zm00001eb265670,5,1,8.8,31,0.1703150501635997
Zm00001eb265810,8,2,18.444444444444443,75,0.1291100003372456
Zm00001eb265830,12,4,5.7727272727272725,24,0.6605713150973725
Zm00001eb265900,5,2,22.88888888888889,41,0.9357196853182502
Zm00001eb265980,6,1,27.666666666666668,146,0.6123309285294214
Zm00001eb265990,17,9,10.743589743589743,69,0.1666498694094514
Zm00001eb266120,4,1,9.5,12,2.4865164761998653
Zm00001eb266160,14,7,12.323529411764707,43,0.48423500963787
Zm00001eb266190,5,1,13.6,38,0.6222418745188516
Zm00001eb266240,8,2,11.9,35,0.8724733473888113
Zm00001eb266250,11,4,9.590909090909092,31,0.3188460222196729
Zm00001eb266260,2,1,4.0,6,0.5972329410691355
Zm00001eb266280,6,2,6.5,24,3.253498647622443
Zm00001eb266290,15,7,7.906976744186046,23,1.0229130374257926
Zm00001eb266300,3,1,8.666666666666666,24,0.3699530883642659
Zm00001eb266320,11,3,13.5,51,0.9344116583724236
Zm00001eb266330,5,1,7.4,15,1.3695407365453809
Zm00001eb266340,5,1,6.2,24,1.4596719795277255
Zm00001eb266400,8,4,7.777777777777778,17,0.2301042245625865
Zm00001eb266430,8,4,10.8,30,0.4721648570287231
Zm00001eb266490,12,3,13.0,52,0.352373898583985
Zm00001eb266530,14,3,9.956521739130435,53,0.9068905956085184
Zm00001eb266560,4,1,10.75,17,0.0932032410792683
Zm00001eb266570,16,7,10.61111111111111,103,0.1423391020301878
Zm00001eb266600,9,1,4.777777777777778,19,0.2163625737144291
Zm00001eb266690,15,7,8.483870967741936,38,1.0963181049291413
Zm00001eb266700,13,5,9.607142857142858,46,2.065606770784675
Zm00001eb266720,10,2,7.75,30,2.112581183455953
Zm00001eb266750,4,1,11.25,25,0.2401137733656705
Zm00001eb266760,9,3,8.5,25,0.6244699443295435
Zm00001eb266800,7,1,9.428571428571429,28,0.26758446325761
Zm00001eb266810,6,3,19.4,38,1.9308649915654608
Zm00001eb266860,12,2,8.071428571428571,26,0.1440371511964426
Zm00001eb266870,3,1,14.0,28,2.160650104744973
Zm00001eb266910,8,1,14.25,87,0.1500133160312035
Zm00001eb266960,5,1,5.0,10,2.0988543915435787
Zm00001eb266970,6,1,8.0,21,1.0395283641866375
Zm00001eb266980,6,1,7.5,12,0.3237241861468353
Zm00001eb267020,3,1,8.666666666666666,16,2.720131892488996
Zm00001eb267050,16,6,9.583333333333334,23,0.8437706071176946
Zm00001eb267070,13,4,5.590909090909091,17,0.4049548957436361
Zm00001eb267110,3,1,6.333333333333333,9,0.223669128655648
Zm00001eb267140,2,1,14.0,15,0.3714482534642713
Zm00001eb267290,5,1,14.0,32,0.3926273467215047
Zm00001eb267350,8,4,9.375,19,0.1601736372045655
Zm00001eb267380,8,2,13.75,23,0.5559995649629145
Zm00001eb267390,4,1,4.5,9,0.2890864574663982
Zm00001eb267410,6,1,13.0,44,1.1016468676769653
Zm00001eb267430,11,2,9.0,15,0.2189962858082106
Zm00001eb267460,3,1,6.333333333333333,17,0.3083118126472718
Zm00001eb267470,7,1,8.142857142857142,25,0.4181287554752899
Zm00001eb267480,7,1,16.0,58,1.0170584481929943
Zm00001eb267550,12,3,4.764705882352941,34,0.4288594357361995
Zm00001eb267620,7,1,17.714285714285715,65,0.1498708218804727
Zm00001eb267640,12,4,10.962962962962964,33,1.1964013227190098
Zm00001eb267700,8,1,9.0,12,0.2070435772747832
Zm00001eb267710,4,1,11.0,26,0.286355984671666
Zm00001eb268320,4,1,8.25,14,0.665290989070632
Zm00001eb268360,9,2,15.923076923076923,67,0.3424486805472705
Zm00001eb268390,8,1,15.125,29,0.2663106222740263
Zm00001eb268420,12,5,8.74074074074074,23,0.2076394857388371
Zm00001eb268500,8,1,7.75,23,1.4279187905755764
Zm00001eb268550,9,1,9.222222222222221,25,0.3633771815896858
Zm00001eb268610,9,2,6.583333333333333,17,0.1345546385252754
Zm00001eb268640,7,2,11.0,44,0.4072746952813625
Zm00001eb268660,5,1,7.6,26,0.2175704770253866
Zm00001eb268690,11,4,11.333333333333334,89,0.1653198645565129
Zm00001eb268740,10,3,9.538461538461538,20,1.272868027183077
Zm00001eb268750,11,3,8.714285714285714,22,0.2197497902217221
Zm00001eb268790,5,1,11.8,18,0.249004585274222
Zm00001eb268830,4,1,31.75,85,0.3916057300539285
Zm00001eb268840,4,1,31.75,85,0.4286170092603829
Zm00001eb268950,6,1,9.0,22,2.526151670414677
Zm00001eb268960,6,1,9.0,22,0.5234160143127694
Zm00001eb269050,7,1,5.857142857142857,14,0.6340368182676082
Zm00001eb269130,13,3,7.25,28,0.0
Zm00001eb269140,6,1,5.333333333333333,14,0.3681898693302388
Zm00001eb269160,5,2,6.125,11,0.2073897465037027
Zm00001eb269180,2,1,13.5,17,0.0857733668177634
Zm00001eb269190,2,1,6.5,8,0.0421952977730202
Zm00001eb269220,3,1,9.0,17,1.1239637567217926
Zm00001eb269290,7,2,8.0,17,1.6628572233975307
Zm00001eb269300,7,1,9.571428571428571,23,0.6091837516618337
Zm00001eb269310,8,2,12.5,70,0.132002437216692
Zm00001eb269400,13,6,9.310344827586206,28,0.6524285707436287
Zm00001eb269420,10,1,8.4,16,0.4313091087181082
Zm00001eb269430,9,2,12.8,34,0.6495235275941375
Zm00001eb269440,15,7,8.323529411764707,45,0.2908036605207236
Zm00001eb269450,13,6,8.89655172413793,45,0.2497242969782502
Zm00001eb269470,3,2,5.333333333333333,9,0.4518427142067985
Zm00001eb269490,11,2,8.25,19,0.7293811687520227
Zm00001eb269500,4,1,9.5,29,0.6390954705268166
Zm00001eb269510,6,3,8.76923076923077,18,0.6972823671609758
Zm00001eb269520,8,2,16.555555555555557,77,1.243658934598928
Zm00001eb269550,3,1,15.0,37,0.8125763280758751
Zm00001eb269610,13,3,7.05,32,0.1322092434135569
Zm00001eb269620,4,1,9.0,17,0.7474055627281087
Zm00001eb269630,16,11,9.657142857142857,30,0.6456069675778991
Zm00001eb269650,11,2,6.7272727272727275,14,0.2952236587816715
Zm00001eb269700,14,5,7.48,19,0.5059834351137328
Zm00001eb269710,7,2,10.0,30,0.0
Zm00001eb269720,12,4,8.590909090909092,21,0.2044608162443982
Zm00001eb269730,14,6,10.615384615384615,78,2.194293905175555
Zm00001eb269820,10,3,8.8125,21,0.2826656355183166
Zm00001eb269830,2,1,14.0,23,0.2045480610751201
Zm00001eb270040,8,3,7.857142857142857,22,0.5422799599459714
Zm00001eb270080,7,2,9.875,16,0.6422177455511507
Zm00001eb270110,5,1,7.2,17,0.2277861008420479
Zm00001eb270150,13,5,9.67741935483871,49,0.9837071367123869
Zm00001eb270230,6,1,6.5,10,0.683477449627779
Zm00001eb270270,13,4,9.272727272727273,23,1.0435661038123327
Zm00001eb270300,7,1,10.0,25,0.8819932522286505
Zm00001eb270370,11,2,12.384615384615385,87,0.2134946956180396
Zm00001eb270380,11,3,8.5,17,0.6003131746426965
Zm00001eb270390,7,1,8.285714285714286,35,0.1726205161954477
Zm00001eb270400,9,3,11.333333333333334,27,0.8873424007035255
Zm00001eb270420,4,2,9.142857142857142,19,1.602793361122402
Zm00001eb270460,6,1,4.5,8,0.8755876471665953
Zm00001eb270470,4,1,13.5,27,0.333824310198515
Zm00001eb270540,7,1,7.571428571428571,18,0.4755067191896737
Zm00001eb270550,9,2,11.666666666666666,40,2.0853914912306446
Zm00001eb270570,13,3,13.35,78,0.8334460346728495
Zm00001eb270630,5,1,2.4,4,0.5497153769685102
Zm00001eb270650,3,1,18.666666666666668,43,0.6968758644576895
Zm00001eb270660,3,1,18.666666666666668,43,1.6004847540553095
Zm00001eb270810,6,2,10.571428571428571,17,0.910995104952684
Zm00001eb270850,8,1,6.0,14,0.5849625007211562
Zm00001eb270920,10,1,6.0,15,0.81637749239055
Zm00001eb270930,8,1,12.125,35,0.6938351020955502
Zm00001eb270940,7,1,13.428571428571429,21,0.6458567037188337
Zm00001eb270950,4,1,5.75,12,0.42424277228731
Zm00001eb270990,9,2,10.0,53,0.8117654656680351
Zm00001eb271010,6,2,10.857142857142858,20,0.4287255127025346
Zm00001eb271080,11,1,5.909090909090909,12,0.6167220364376573
Zm00001eb271190,16,6,7.0606060606060606,17,0.7903618511442989
Zm00001eb271200,12,4,11.26923076923077,26,0.708689878637463
Zm00001eb271220,3,1,5.333333333333333,10,0.2611210234246192
Zm00001eb271310,7,2,13.2,24,1.4026247925135953
Zm00001eb271420,7,2,4.636363636363637,16,0.9532493447811112
Zm00001eb271440,17,8,10.156862745098039,43,0.2344862501367605
Zm00001eb271480,15,5,11.464285714285714,32,0.3058165894075256
Zm00001eb271490,7,2,7.4,26,0.4312890894146413
Zm00001eb271500,9,2,13.428571428571429,48,0.2101684976149084
Zm00001eb271530,2,1,4.0,4,1.0049585656356634
Zm00001eb271550,6,1,9.666666666666666,21,0.4822304213696886
Zm00001eb271590,10,2,11.25,53,0.1329894363000125
Zm00001eb271600,10,2,6.416666666666667,14,0.5033879499267189
Zm00001eb271660,9,1,5.777777777777778,13,0.245426279663927
Zm00001eb271700,5,1,8.8,17,0.2957758771517202
Zm00001eb271720,12,3,7.7368421052631575,17,3.153916632500788
Zm00001eb271730,10,2,8.785714285714286,17,4.251265411557269
Zm00001eb271750,8,3,7.444444444444445,35,0.3609030103642292
Zm00001eb271760,10,2,8.363636363636363,31,0.209516227969547
Zm00001eb271770,12,4,7.5,21,0.8724484791790741
Zm00001eb271860,14,6,10.705882352941176,95,0.473057581892613
Zm00001eb271880,10,4,10.409090909090908,19,0.2207668990877559
Zm00001eb272000,7,2,20.5,62,0.5309315504718801
Zm00001eb272020,3,1,4.666666666666667,11,1.358690339117607
Zm00001eb272040,7,1,7.857142857142857,31,1.032670386730971
Zm00001eb272090,14,4,7.0,23,2.1043156501738745
Zm00001eb272100,4,1,13.75,31,0.1388920388031263
Zm00001eb272150,7,2,7.25,18,0.8756480613762718
Zm00001eb272160,3,1,7.333333333333333,20,0.2046259026955066
Zm00001eb272170,3,1,5.333333333333333,8,0.30031985474447
Zm00001eb272180,7,1,11.571428571428571,24,0.7887774045139856
Zm00001eb272280,4,1,45.0,109,0.9106069849986176
Zm00001eb272300,12,3,8.31578947368421,49,1.273418018525032
Zm00001eb272420,13,4,15.55,87,0.5057668761268236
Zm00001eb272480,3,1,16.333333333333332,24,0.3219280948873623
Zm00001eb272520,3,2,9.333333333333334,18,0.1389319400249614
Zm00001eb272540,14,4,10.0,61,0.4470581968780389
Zm00001eb272550,17,5,13.5,138,1.198058698740218
Zm00001eb272600,5,2,7.875,17,0.5876229710232793
Zm00001eb272610,7,1,8.571428571428571,16,0.5089609539986312
Zm00001eb272620,11,3,9.642857142857142,23,5.046122761935214
Zm00001eb272640,5,2,8.444444444444445,18,0.5333438660300718
Zm00001eb272650,10,3,6.923076923076923,13,0.206381128053484
Zm00001eb272660,5,1,6.0,12,0.4915401413164652
Zm00001eb272720,9,2,7.2,14,1.1380566758363455
Zm00001eb272780,9,2,11.0,16,0.8198105395457658
Zm00001eb272820,4,1,8.5,16,0.5385578914090169
Zm00001eb272850,9,3,8.538461538461538,21,0.7783455145812618
Zm00001eb272880,3,1,11.333333333333334,17,0.188619944547167
Zm00001eb272930,11,4,10.25925925925926,26,0.5792430668220908
Zm00001eb272940,8,2,13.833333333333334,57,0.5118428947709973
Zm00001eb272950,12,3,6.666666666666667,13,1.5648483051808355
Zm00001eb272980,8,1,12.25,24,0.5550833491497131
Zm00001eb273000,15,7,11.54054054054054,30,0.2673622367129362
Zm00001eb273010,4,1,11.0,20,0.3822678921601471
Zm00001eb273020,5,2,5.25,9,0.4656948495980324
Zm00001eb273050,3,1,4.333333333333333,8,0.4080577735576709
Zm00001eb273070,5,2,28.375,62,1.1993723642977987
Zm00001eb273090,12,3,11.470588235294118,75,1.031052675766466
Zm00001eb273100,10,4,10.333333333333334,21,0.2909599445581319
Zm00001eb273180,4,1,8.5,16,0.7060823935926895
Zm00001eb273230,16,7,6.566666666666666,31,0.1404062618470675
Zm00001eb273240,8,2,9.5,15,0.5888570225500067
Zm00001eb273260,6,2,5.75,9,0.2456529792309723
Zm00001eb273300,14,4,19.93103448275862,58,0.2994961602689073
Zm00001eb273360,7,3,17.454545454545453,77,2.5309075212339662
Zm00001eb273370,17,9,7.311111111111111,23,0.4373437745792308
Zm00001eb273380,17,4,10.37037037037037,28,1.1823458081176594
Zm00001eb273390,12,5,13.318181818181818,68,0.3513477459647034
Zm00001eb273430,6,1,12.666666666666666,41,0.4130094719973731
Zm00001eb273440,11,2,8.466666666666667,24,0.5414146256134749
Zm00001eb273460,5,1,10.8,20,0.1358206041935339
Zm00001eb273480,10,4,9.0,19,0.7125995531565384
Zm00001eb273490,11,2,9.375,22,0.5510041947061696
Zm00001eb273530,15,6,9.382352941176471,23,0.950928750955851
Zm00001eb273540,7,3,8.555555555555555,38,0.3938674102098198
Zm00001eb273590,7,1,11.571428571428571,48,0.321446246183773
Zm00001eb273620,4,1,7.25,17,0.2108985417749787
Zm00001eb273640,6,2,5.75,11,0.1726188053501035
Zm00001eb273650,8,2,8.0,39,0.4983679184044024
Zm00001eb273840,6,1,10.5,34,0.2145083197319801
Zm00001eb273900,13,4,9.210526315789474,42,0.5391202636999401
Zm00001eb273940,13,6,6.518518518518518,34,0.949804394267285
Zm00001eb273950,10,4,7.4,19,1.4022110049739205
Zm00001eb274010,15,5,9.24,41,1.132139677736148
Zm00001eb274030,5,1,6.4,14,0.9795242300859068
Zm00001eb274050,14,5,10.4,35,0.3345846199628109
Zm00001eb274080,16,5,11.055555555555555,39,1.070389327891398
Zm00001eb274090,6,1,9.333333333333334,16,0.2193929508920963
Zm00001eb274110,3,2,7.333333333333333,9,0.2842907663476337
Zm00001eb274180,7,1,14.142857142857142,24,0.1181121129058914
Zm00001eb274210,6,1,12.666666666666666,42,0.3138332742079412
Zm00001eb274250,13,3,5.823529411764706,19,2.415037499278844
Zm00001eb274260,16,5,5.655172413793103,25,1.428497299624266
Zm00001eb274290,4,1,7.5,23,0.2328903492073226
Zm00001eb274300,6,1,10.333333333333334,22,1.5973356525747229
Zm00001eb274330,6,1,5.5,16,0.0
Zm00001eb274340,2,1,4.5,5,0.3067687179946934
Zm00001eb274400,8,1,17.75,38,0.3816657088932737
Zm00001eb274630,4,1,12.5,22,0.3640507190022067
Zm00001eb274740,12,3,11.0,31,0.6857074417351354
Zm00001eb274760,15,5,9.125,35,0.6185969815105274
Zm00001eb274770,3,1,7.333333333333333,14,1.180045069863436
Zm00001eb274850,7,1,4.857142857142857,14,1.7468618469234127
Zm00001eb274880,6,2,19.142857142857142,59,1.236042220203362
Zm00001eb274890,11,2,6.583333333333333,22,1.7834059433359677
Zm00001eb274910,6,1,11.5,42,0.8754700305244854
Zm00001eb274950,14,6,10.192307692307692,49,0.3317617391997581
Zm00001eb274960,13,4,6.315789473684211,16,0.5557102509218086
Zm00001eb274970,7,1,8.857142857142858,20,0.1431518814052072
Zm00001eb274980,9,3,10.25,21,1.4972843654432249
Zm00001eb275000,4,1,5.25,8,0.4989638580602142
Zm00001eb275010,6,2,9.0,17,0.7032882657031239
Zm00001eb275040,6,1,8.5,21,1.2168792082921598
Zm00001eb275080,9,4,14.833333333333334,60,0.6085054663835613
Zm00001eb275090,11,3,12.5,45,0.3782574272428104
Zm00001eb275120,13,4,9.105263157894736,43,0.7851925050673004
Zm00001eb275130,15,7,10.15,57,0.7065862431741184
Zm00001eb275140,4,1,8.0,15,1.0609228481840645
Zm00001eb275150,8,3,7.3,17,0.1715786441571313
Zm00001eb275160,11,1,5.636363636363637,10,1.5734260087292562
Zm00001eb275180,7,2,8.666666666666666,18,1.7322194247509843
Zm00001eb275200,5,1,13.0,31,0.8561211045289926
Zm00001eb275220,8,1,8.5,14,0.2254906135454809
Zm00001eb275230,11,3,10.277777777777779,31,0.1566725997797646
Zm00001eb275240,9,3,12.25,92,0.1928959786093662
Zm00001eb275260,6,1,8.166666666666666,12,0.4731263716739646
Zm00001eb275380,7,2,5.625,14,0.4169024830499487
Zm00001eb275390,12,4,9.954545454545455,35,0.2010392883941148
Zm00001eb275400,8,4,15.133333333333333,37,1.3796094073421277
Zm00001eb275420,7,1,11.571428571428571,29,2.070255324958748
Zm00001eb275490,12,5,12.580645161290322,54,0.89468025540245
Zm00001eb275520,6,1,10.666666666666666,22,0.3414259427043637
Zm00001eb275530,4,1,11.25,30,0.8499258730741492
Zm00001eb275540,6,1,6.666666666666667,9,0.8162276183160869
Zm00001eb275620,3,1,5.666666666666667,7,0.1688420624781938
Zm00001eb275630,9,2,9.25,23,0.4832274298175948
Zm00001eb275640,6,2,6.666666666666667,18,0.5725145219795863
Zm00001eb275650,13,3,12.5,67,0.9878699431388744
Zm00001eb275660,5,1,12.6,20,2.231010661847251
Zm00001eb275670,13,5,9.11111111111111,30,1.0641877627138094
Zm00001eb275680,3,1,6.0,11,0.3920502032637836
Zm00001eb275690,14,6,7.057142857142857,33,0.186962452290298
Zm00001eb275710,7,2,6.428571428571429,18,0.5714210524655194
Zm00001eb275720,10,3,7.0,16,1.042203158147199
Zm00001eb275740,6,1,10.166666666666666,15,0.6996885153856695
Zm00001eb275810,6,1,8.0,12,0.6247323076050743
Zm00001eb275820,12,2,9.866666666666667,24,0.5835973181576777
Zm00001eb276150,15,8,8.340909090909092,36,0.8042931002742781
Zm00001eb276170,13,3,10.65,21,0.2739313279901093
Zm00001eb276190,12,2,6.928571428571429,23,0.3931368373871123
Zm00001eb276200,7,1,6.857142857142857,12,2.043094338981655
Zm00001eb276250,8,1,3.375,6,1.2043511950719212
Zm00001eb276270,4,1,17.0,26,0.5503093042892222
Zm00001eb276280,10,5,7.7407407407407405,20,0.6215909772188253
Zm00001eb276570,8,1,9.875,39,0.3632000170482409
Zm00001eb276580,7,1,15.571428571428571,54,1.1996065910114464
Zm00001eb276700,11,2,9.571428571428571,20,0.5849625007211563
Zm00001eb276740,10,2,5.461538461538462,28,0.6374299206152918
Zm00001eb276760,7,3,5.5,17,0.2888153113107751
Zm00001eb276800,15,3,6.611111111111111,23,1.3437628338742162
Zm00001eb276820,9,3,12.833333333333334,56,6.451211111832329
Zm00001eb276830,15,7,8.627906976744185,40,0.3386584862791545
Zm00001eb276840,11,5,11.827586206896552,86,1.1209778225654488
Zm00001eb276850,11,5,6.333333333333333,14,1.3497390392396422
Zm00001eb276870,9,2,5.363636363636363,10,0.3552885940631948
Zm00001eb276980,10,3,19.846153846153847,34,1.2269288457056804
Zm00001eb276990,9,2,6.818181818181818,24,1.3278927846218385
Zm00001eb277040,14,9,9.23404255319149,26,8.078029750952073
Zm00001eb277050,15,11,15.11111111111111,125,0.7867749243071359
Zm00001eb277060,6,2,13.285714285714286,21,2.2044854438824264
Zm00001eb277070,8,3,6.411764705882353,16,1.2082868633529824
Zm00001eb277110,5,1,9.4,18,1.1216567149911552
Zm00001eb277250,13,4,14.083333333333334,41,0.6086356210054548
Zm00001eb277260,11,3,5.352941176470588,17,0.8410987746721574
Zm00001eb277280,12,4,9.181818181818182,30,1.148723536208902
Zm00001eb277300,8,1,10.625,26,1.6198345832828691
Zm00001eb277320,13,2,11.941176470588236,22,0.3770226345691043
Zm00001eb277330,10,2,11.153846153846153,20,0.5106967076901827
Zm00001eb277350,8,1,5.625,15,1.486477206212432
Zm00001eb277370,6,1,5.166666666666667,9,0.7703906891112806
Zm00001eb277380,9,2,10.916666666666666,36,0.1466650566255435
Zm00001eb277390,4,1,3.5,6,0.4163830938420349
Zm00001eb277400,4,2,14.571428571428571,56,0.9868089761492694
Zm00001eb277420,6,1,6.0,14,0.2283728775631355
Zm00001eb277450,12,4,10.375,23,0.1350820439865512
Zm00001eb277460,10,2,9.416666666666666,19,1.91812274238229
Zm00001eb277480,14,9,19.61904761904762,121,0.5757331714794459
Zm00001eb277490,3,1,9.333333333333334,13,0.1966465188217188
Zm00001eb277530,13,7,6.65625,24,0.4425769769459462
Zm00001eb277540,3,1,5.666666666666667,10,0.3966400901244267
Zm00001eb277560,7,2,6.538461538461538,10,1.1368370990455696
Zm00001eb277570,6,2,8.444444444444445,18,0.6082645467879014
Zm00001eb277610,5,1,13.6,36,1.8162880468276117
Zm00001eb277700,5,1,6.6,9,0.1716153845162675
Zm00001eb277710,13,3,10.8,21,0.8575875342557082
Zm00001eb277780,15,6,5.625,14,1.229288552255244
Zm00001eb277790,10,2,8.333333333333334,18,0.5816787966354013
Zm00001eb277820,8,1,7.125,20,0.5678992411671262
Zm00001eb277830,12,5,4.4,15,1.133530815710987
Zm00001eb277840,14,4,7.9523809523809526,28,0.6205223897790131
Zm00001eb277850,3,1,10.333333333333334,27,1.0568511632722766
Zm00001eb277870,7,1,6.571428571428571,13,0.6970748860515573
Zm00001eb278050,4,1,6.5,10,0.5701294820958753
Zm00001eb278070,13,2,8.666666666666666,35,0.3797960459599929
Zm00001eb278110,9,3,8.846153846153847,31,0.1266693183911517
Zm00001eb278120,7,2,5.222222222222222,12,1.2705167536080084
Zm00001eb278150,10,3,9.0,17,0.7244869411036913
Zm00001eb278160,11,4,3.1875,7,2.966410371413528
Zm00001eb278170,10,3,9.666666666666666,60,0.5
Zm00001eb278230,6,1,7.166666666666667,15,1.0925491803621927
Zm00001eb278260,10,2,11.214285714285714,28,0.6830679504516629
Zm00001eb278300,7,1,10.857142857142858,15,0.1702861428833548
Zm00001eb278330,9,2,9.181818181818182,24,2.557995453120887
Zm00001eb278450,15,8,9.942857142857143,35,0.3148344513816749
Zm00001eb278460,11,4,7.25,18,1.111152974570504
Zm00001eb278470,10,2,7.923076923076923,19,1.023423982369507
Zm00001eb278480,14,7,14.348837209302326,60,0.2956281940287189
Zm00001eb278570,11,2,7.9375,16,0.454178091128652
Zm00001eb278590,5,1,3.4,5,0.2586961629167617
Zm00001eb278600,7,2,10.818181818181818,19,0.5058482839670061
Zm00001eb278610,13,5,6.6,19,0.2034976409742061
Zm00001eb278620,8,2,11.7,22,0.5087174014697484
Zm00001eb278640,3,1,15.333333333333334,40,1.3023881640203243
Zm00001eb278650,4,1,10.25,21,0.2681258645016542
Zm00001eb278680,4,1,11.5,25,0.695392422499474
Zm00001eb278700,8,3,6.153846153846154,18,0.8038767473594447
Zm00001eb278740,8,1,15.25,47,0.0993922866653183
Zm00001eb278760,4,1,23.75,70,0.5772397002717355
Zm00001eb278770,11,3,7.785714285714286,19,0.5653207767517064
Zm00001eb278840,13,2,11.0,53,0.8444489557922856
Zm00001eb278880,14,4,7.888888888888889,50,1.3526440045318973
Zm00001eb278930,9,3,6.666666666666667,15,1.3785111799071776
Zm00001eb278940,3,1,13.333333333333334,21,0.7395589028793929
Zm00001eb278980,4,1,6.0,8,0.6315172029168968
Zm00001eb278990,8,2,11.88888888888889,36,0.27090378668721
Zm00001eb279010,8,1,8.25,16,0.4639248234529327
Zm00001eb279020,15,6,9.162162162162161,19,0.2824579734394373
Zm00001eb279060,5,1,8.2,15,0.2215017278076281
Zm00001eb279100,10,3,7.785714285714286,20,0.551158317503177
Zm00001eb279120,5,1,14.4,34,0.7146438192862785
Zm00001eb279150,14,5,7.761904761904762,24,2.2994968425040656
Zm00001eb279160,11,4,9.0,26,0.4046976591396192
Zm00001eb279210,13,5,7.379310344827586,24,0.9741820464474674
Zm00001eb279230,10,2,12.272727272727273,56,0.8230472024153098
Zm00001eb279250,5,1,15.8,34,0.6237695907646
Zm00001eb279260,8,1,5.5,25,0.3494919786594616
Zm00001eb279270,4,2,11.571428571428571,18,0.6377764326797337
Zm00001eb279300,13,6,6.739130434782608,19,1.0455833093333569
Zm00001eb279320,13,5,6.25,17,0.5774933115601695
Zm00001eb279370,11,4,5.095238095238095,19,1.265822037288174
Zm00001eb279490,7,1,5.714285714285714,12,0.666845310046331
Zm00001eb279570,13,4,8.105263157894736,33,0.7360824178420046
Zm00001eb279580,2,1,2.0,3,0.2179638248468947
Zm00001eb279650,1,1,25.0,25,0.2194165901245638
Zm00001eb279680,17,14,8.596774193548388,65,0.7039874186087407
Zm00001eb279710,15,4,13.32,66,1.0806533757637933
Zm00001eb279720,6,1,6.166666666666667,21,0.5404070436668429
Zm00001eb279750,14,5,12.333333333333334,56,0.8663498785155315
Zm00001eb279780,10,1,8.6,17,0.3826297898587122
Zm00001eb279790,5,1,15.4,29,0.536655127295873
Zm00001eb279830,13,6,7.4411764705882355,21,0.2720033884086621
Zm00001eb279860,5,2,9.2,24,0.3390359525563189
Zm00001eb279890,11,2,5.7272727272727275,17,1.0822792062138566
Zm00001eb279900,10,2,9.818181818181818,35,0.2015754366520255
Zm00001eb279980,10,2,21.0,156,0.3092414657184675
Zm00001eb280020,5,1,7.2,21,0.1875792055725998
Zm00001eb280080,12,4,6.565217391304348,19,0.4531315846471804
Zm00001eb280090,7,1,9.0,29,0.4505146398119528
Zm00001eb280100,7,1,8.285714285714286,15,0.290238737539165
Zm00001eb280120,5,2,6.0,21,0.6405104193410279
Zm00001eb280200,10,2,8.615384615384615,20,0.957023661715729
Zm00001eb280220,6,1,12.666666666666666,36,0.8663078928507311
Zm00001eb280280,10,4,24.166666666666668,64,0.1309602513082064
Zm00001eb280290,7,1,9.428571428571429,20,1.2842999656005971
Zm00001eb280310,10,2,12.785714285714286,27,0.5711345636805548
Zm00001eb280460,9,2,7.3,15,0.1521600336155003
Zm00001eb280520,16,7,8.263157894736842,23,1.099271922171517
Zm00001eb280540,12,3,5.444444444444445,10,0.0965160259604459
Zm00001eb280560,4,1,9.5,19,0.1109954585116183
Zm00001eb280580,10,2,8.5,17,0.2862582359021796
Zm00001eb280600,8,2,7.5,17,0.3517298461718585
Zm00001eb280640,6,1,6.166666666666667,10,0.3550182726246608
Zm00001eb280650,8,1,10.75,28,0.3027088301506429
Zm00001eb280680,5,1,5.8,14,0.4124039944731
Zm00001eb280730,8,1,10.75,23,0.956748501952427
Zm00001eb280780,10,2,4.7,13,0.2148019051211619
Zm00001eb280840,8,2,11.4,42,0.5675739398705038
Zm00001eb280900,7,2,6.285714285714286,8,0.3963735835617484
Zm00001eb280910,4,1,10.0,23,0.4933025174035166
Zm00001eb280920,16,8,9.707317073170731,48,2.0139181773360835
Zm00001eb280970,9,3,6.5,18,0.3630068491655677
Zm00001eb280980,9,3,5.916666666666667,17,0.8423472052442046
Zm00001eb281010,8,1,8.75,20,0.683255945591819
Zm00001eb281080,4,1,9.0,15,0.6109727116873465
Zm00001eb281100,10,3,7.076923076923077,18,0.8441521921230792
Zm00001eb281130,6,1,5.5,9,0.3081530678733898
Zm00001eb281190,12,3,7.470588235294118,18,1.7872673288676515
Zm00001eb281200,11,3,7.666666666666667,17,0.2999730959205054
Zm00001eb281210,12,3,11.0625,25,1.1670759370189203
Zm00001eb281230,8,2,9.636363636363637,38,0.2841898000247544
Zm00001eb281290,15,5,7.413793103448276,24,0.3223821773492484
Zm00001eb281300,5,1,8.6,22,0.6678432974585508
Zm00001eb281370,10,4,8.285714285714286,20,1.216291066427653
Zm00001eb281480,5,1,5.4,11,0.3201589770731655
Zm00001eb281490,9,2,5.666666666666667,12,0.590603350288226
Zm00001eb281500,18,7,8.378378378378379,25,0.4161980185472832
Zm00001eb281660,7,2,6.25,12,0.5162418360028407
Zm00001eb281700,7,1,8.857142857142858,20,0.2788440512084848
Zm00001eb281720,6,1,5.166666666666667,12,0.5966471972179672
Zm00001eb281730,4,1,14.5,28,0.4348113196814151
Zm00001eb281790,17,9,6.56,21,3.6447942775807673
Zm00001eb281810,5,1,9.2,16,0.2785804909801807
Zm00001eb281840,7,1,7.285714285714286,21,0.7320499931706009
Zm00001eb281880,12,2,11.692307692307692,36,0.5954506382369547
Zm00001eb281890,10,2,9.75,21,0.6947752743531629
Zm00001eb281960,14,4,7.590909090909091,25,0.2628001974884539
Zm00001eb282030,5,1,8.0,12,0.3741115383699669
Zm00001eb282040,5,1,6.6,12,0.3081418435743521
Zm00001eb282060,4,1,8.0,22,1.0885948016795035
Zm00001eb282080,7,1,7.714285714285714,16,0.4175176447278689
Zm00001eb282100,9,4,13.875,54,0.5239985631131328
Zm00001eb282230,9,3,10.75,52,0.3838092966820795
Zm00001eb282320,10,2,9.454545454545455,30,0.3535095171890544
Zm00001eb282360,6,1,10.833333333333334,30,0.2833578009878515
Zm00001eb282440,9,2,6.230769230769231,11,0.2114549652938281
Zm00001eb282450,7,1,4.714285714285714,14,0.4160032864745981
Zm00001eb282460,9,3,10.916666666666666,21,0.1990835906131551
Zm00001eb282510,5,1,6.0,16,0.2085475408723148
Zm00001eb282590,4,1,6.0,9,0.2125849927582377
Zm00001eb282820,7,1,8.428571428571429,17,0.1536551068961395
Zm00001eb282830,14,6,7.5,32,2.1757788767954658
Zm00001eb282840,13,4,7.473684210526316,15,1.526224096850189
Zm00001eb282850,14,5,5.6,19,0.7061629940053462
Zm00001eb282860,16,6,10.435897435897436,28,0.2601518973006727
Zm00001eb282870,13,4,7.421052631578948,28,0.8274060215835506
Zm00001eb282890,8,1,7.0,15,0.3285592207182947
Zm00001eb282900,3,1,2.3333333333333335,4,0.1957135902569989
Zm00001eb282910,13,6,9.615384615384615,33,0.3219280948873623
Zm00001eb282930,4,2,7.0,12,0.2960585770355846
Zm00001eb282950,9,2,5.6,22,0.6005191117644942
Zm00001eb282960,6,1,6.833333333333333,11,0.3390695810894217
Zm00001eb282970,14,6,8.428571428571429,29,0.8809612559823916
Zm00001eb282990,2,1,17.0,21,0.3041744307946074
Zm00001eb283000,12,3,9.875,78,0.162524473981299
Zm00001eb283060,15,5,8.028571428571428,26,1.197585433539885
Zm00001eb283070,9,2,13.692307692307692,37,2.142049072616002
Zm00001eb283080,8,1,9.25,17,0.3718610092385185
Zm00001eb283090,9,1,11.0,59,0.3484915035340816
Zm00001eb283110,11,3,10.176470588235293,36,0.1859031462200921
Zm00001eb283130,5,2,14.625,48,0.8491012943416044
Zm00001eb283160,10,2,9.833333333333334,23,0.6314941652416386
Zm00001eb283200,4,1,11.75,17,2.450992666714413
Zm00001eb283260,14,3,6.052631578947368,19,1.9543052684177284
Zm00001eb283280,3,1,7.0,18,0.749405092946023
Zm00001eb283310,3,1,17.333333333333332,31,0.6733028501314069
Zm00001eb283380,8,3,11.285714285714286,33,0.9910044753156128
Zm00001eb283420,2,1,7.0,9,2.0532904455927965
Zm00001eb283430,10,2,17.181818181818183,68,1.0750177689505531
Zm00001eb283450,11,2,9.090909090909092,21,1.1605000974619124
Zm00001eb283460,13,3,5.684210526315789,14,1.618763858819806
Zm00001eb283480,17,6,6.548387096774194,26,5.6542435825011115
Zm00001eb283490,5,1,15.0,26,0.3888174441649931
Zm00001eb283510,13,3,8.263157894736842,35,2.164209366797786
Zm00001eb283520,14,4,9.954545454545455,40,0.9224919300111256
Zm00001eb283560,10,3,8.235294117647058,26,2.452884515172431
Zm00001eb283570,6,1,11.0,15,0.5511551124625559
Zm00001eb283590,7,1,13.142857142857142,27,1.3409761535406295
Zm00001eb283720,10,2,8.5,15,4.111818648248251
Zm00001eb283750,6,1,11.833333333333334,41,0.8608112102374336
Zm00001eb283780,12,3,11.333333333333334,44,0.6316905059092927
Zm00001eb283800,6,1,9.0,20,0.7760469763012351
Zm00001eb283890,8,2,8.2,20,0.6047177032293702
Zm00001eb283950,5,1,7.6,17,0.6875128876795651
Zm00001eb283960,15,4,10.083333333333334,24,0.2748474425132322
Zm00001eb284000,5,1,6.0,13,0.2962065240294887
Zm00001eb284050,3,1,29.333333333333332,59,3.972692654004265
Zm00001eb284070,7,1,5.857142857142857,14,0.7117588458498503
Zm00001eb284090,13,3,6.571428571428571,16,1.7059266129613209
Zm00001eb284110,7,1,7.571428571428571,30,0.6128233516816742
Zm00001eb284120,8,1,8.0,27,0.3119993222953819
Zm00001eb284130,7,2,7.0,12,0.0544477840223765
Zm00001eb284160,14,3,8.647058823529411,35,0.1508273656722585
Zm00001eb284170,10,4,7.631578947368421,16,0.8127562586857667
Zm00001eb284260,9,2,7.9,16,0.1498440708601284
Zm00001eb284290,10,4,15.736842105263158,57,0.5996850124157995
Zm00001eb284320,4,1,9.25,14,0.3054683171405248
Zm00001eb284330,9,3,7.5,29,0.2667088548476729
Zm00001eb284350,6,1,10.666666666666666,17,0.4755794793358951
Zm00001eb284360,6,1,13.5,51,0.869511824201161
Zm00001eb284370,5,1,5.8,11,0.0
Zm00001eb284380,13,4,6.9,23,0.6935247660219471
Zm00001eb284450,10,2,8.818181818181818,24,0.2110108877472068
Zm00001eb284460,4,1,11.5,20,0.6153695568033409
Zm00001eb284520,12,3,10.0,26,0.8749801753060346
Zm00001eb284640,2,1,7.0,9,0.912029078840848
Zm00001eb284690,10,2,12.583333333333334,56,2.356846519333201
Zm00001eb284700,12,3,7.8125,18,0.1540104934537358
Zm00001eb284750,4,1,16.5,24,1.5355614955912953
Zm00001eb284870,6,1,10.833333333333334,26,0.2495091765187629
Zm00001eb284890,7,2,7.888888888888889,11,0.2746270781099249
Zm00001eb284900,7,2,5.111111111111111,10,3.3146928165527214
Zm00001eb285010,3,1,6.666666666666667,11,0.2733329610599682
Zm00001eb285040,4,1,8.25,15,0.1788810237330775
Zm00001eb285070,12,3,10.38888888888889,51,0.9202669044102804
Zm00001eb285080,9,3,6.533333333333333,37,0.2007445352556532
Zm00001eb285090,4,1,5.0,8,0.1073731549599518
Zm00001eb285140,8,1,5.625,12,0.2630896203913219
Zm00001eb285190,8,3,9.454545454545455,17,0.387835191401385
Zm00001eb285310,8,2,13.272727272727273,32,0.3219280948873624
Zm00001eb285330,7,2,6.0,12,0.7073515867977535
Zm00001eb285340,5,1,6.8,12,0.5282857166614985
Zm00001eb285390,9,2,9.0,23,0.8301440125344964
Zm00001eb285400,3,1,18.0,23,0.3059475847377568
Zm00001eb285450,8,3,10.944444444444445,37,0.1785517387033732
Zm00001eb285460,11,3,12.941176470588236,26,0.7666840037000332
Zm00001eb285470,11,1,6.181818181818182,13,1.5224738293944575
Zm00001eb285500,17,6,7.333333333333333,25,1.489561315312701
Zm00001eb285520,10,2,7.538461538461538,28,0.6938108157300032
Zm00001eb285530,8,1,5.125,16,0.5706017562555181
Zm00001eb285600,4,1,17.5,35,0.2821749750753136
Zm00001eb285610,5,1,6.8,13,0.2652696684112265
Zm00001eb285640,3,1,5.666666666666667,8,1.1616907436883106
Zm00001eb285660,11,3,13.666666666666666,68,0.4964844905382738
Zm00001eb285670,4,1,14.5,25,0.9105120758284226
Zm00001eb285690,15,5,7.724137931034483,19,0.3308753340620292
Zm00001eb285730,7,2,4.875,10,0.5145731728297582
Zm00001eb285800,3,1,5.666666666666667,8,0.3767943646193877
Zm00001eb285830,11,2,4.071428571428571,20,2.9208039053823387
Zm00001eb285890,6,1,7.833333333333333,13,2.7139103579385404
Zm00001eb285930,5,1,9.6,18,0.5226724897439256
Zm00001eb285950,4,1,7.75,14,0.4825509478844555
Zm00001eb285960,7,2,11.25,25,0.7943452264508576
Zm00001eb286090,5,1,9.0,18,0.4987766772345514
Zm00001eb286290,3,1,7.333333333333333,9,0.1901075142695394
Zm00001eb286300,14,6,7.84,35,5.145661369733209
Zm00001eb286310,8,1,8.875,22,0.2058594763630394
Zm00001eb286320,7,1,20.571428571428573,72,0.380349080370578
Zm00001eb286340,10,2,8.538461538461538,17,0.311185990685768
Zm00001eb286350,9,3,9.133333333333333,25,0.182837463009365
Zm00001eb286370,12,4,7.5,30,0.1186444964986189
Zm00001eb286400,11,2,6.866666666666666,42,0.2655149635800674
Zm00001eb286470,14,9,7.829787234042553,25,0.2862974706776175
Zm00001eb286490,10,2,5.909090909090909,17,0.593100914447536
Zm00001eb286540,11,4,9.588235294117647,35,1.543958534501923
Zm00001eb286550,2,1,3.0,6,1.6410182086104927
Zm00001eb286610,9,3,6.083333333333333,9,1.0009381869306495
Zm00001eb286650,11,5,11.272727272727273,37,0.3827574665700716
Zm00001eb286660,6,1,4.166666666666667,18,0.3773460069556262
Zm00001eb286730,11,4,12.5,29,0.3541897319837132
Zm00001eb286750,12,4,6.75,17,0.7097276629522135
Zm00001eb286760,13,3,9.764705882352942,33,0.6216833435729319
Zm00001eb286770,13,7,5.3,16,0.5370273466717375
Zm00001eb286780,7,2,7.0,18,0.2711701457030037
Zm00001eb286800,13,5,5.782608695652174,17,1.4582512619513317
Zm00001eb286820,9,3,7.454545454545454,16,0.1120676063945695
Zm00001eb286860,4,1,7.25,16,0.9371648867340936
Zm00001eb286890,12,4,7.636363636363637,24,0.224371396836829
Zm00001eb286900,6,1,4.166666666666667,8,0.5288462706760868
Zm00001eb286910,13,4,8.35,23,1.300912431667901
Zm00001eb286920,17,6,5.888888888888889,14,1.5172793519670094
Zm00001eb286940,13,3,12.105263157894736,75,0.4957873079247049
Zm00001eb286950,12,4,12.368421052631579,66,0.533922232347522
Zm00001eb286980,8,2,10.4,21,0.5549260989160767
Zm00001eb286990,9,3,10.76923076923077,30,0.8993222826023277
Zm00001eb287050,5,1,5.2,18,2.7236258675145057
Zm00001eb287080,9,2,10.1,28,0.4137773920811347
Zm00001eb287090,16,6,5.7894736842105265,18,0.2875843760981574
Zm00001eb287100,9,2,10.9,19,0.7159325103919898
Zm00001eb287150,3,1,11.0,18,0.5883908045450738
Zm00001eb287240,11,2,9.333333333333334,30,0.4389875912001195
Zm00001eb287250,2,1,18.5,24,0.4871513872479705
Zm00001eb287260,4,1,5.25,11,0.2386415782098742
Zm00001eb287280,4,1,10.25,18,0.214224488323259
Zm00001eb287290,8,2,6.5,12,0.3707394587511639
Zm00001eb287310,3,1,8.0,16,0.7724881528739715
Zm00001eb287400,4,1,6.75,12,0.3496395165388119
Zm00001eb287440,4,1,12.5,17,0.3221315881486185
Zm00001eb287450,9,2,7.4,18,0.3929276071078094
Zm00001eb287460,6,1,10.833333333333334,35,0.2903057939951168
Zm00001eb287520,2,1,9.5,10,0.431516813532692
Zm00001eb287610,8,2,8.333333333333334,23,0.1989658952979157
Zm00001eb287650,8,1,12.75,63,0.6123525810477308
Zm00001eb287680,14,2,7.117647058823529,15,0.5179177451323906
Zm00001eb287740,11,2,6.714285714285714,15,0.520753476525506
Zm00001eb287790,6,2,11.444444444444445,14,1.1544391298562402
Zm00001eb287810,4,1,15.75,31,1.3219280948873624
Zm00001eb287830,10,1,7.7,24,0.487844336677352
Zm00001eb287860,5,1,10.2,32,0.2306073936119621
Zm00001eb287870,4,1,10.5,25,0.1568921807374156
Zm00001eb287890,5,1,5.6,10,0.1857788348514363
Zm00001eb287910,9,2,4.9,13,0.556982591284305
Zm00001eb287920,1,1,9.0,9,0.5230004070997867
Zm00001eb287940,5,1,4.8,7,0.3689483401451205
Zm00001eb287980,5,2,7.0,17,1.0636965692052889
Zm00001eb288060,6,1,14.333333333333334,27,0.2341777254120477
Zm00001eb288070,9,3,11.5,63,0.1397641281978034
Zm00001eb288080,6,1,10.0,15,0.9869728494157772
Zm00001eb288100,6,1,11.833333333333334,27,2.1426567129541834
Zm00001eb288120,3,2,8.0,13,0.2571822739526341
Zm00001eb288130,9,3,7.769230769230769,13,0.3251043600243759
Zm00001eb288150,10,3,8.642857142857142,24,0.7391110417876778
Zm00001eb288190,10,3,8.5,19,0.9800480693360368
Zm00001eb288240,4,2,8.333333333333334,18,0.3688491112706138
Zm00001eb288250,3,1,13.333333333333334,28,0.4115945244892212
Zm00001eb288280,7,2,9.9,25,0.2758007974499795
Zm00001eb288310,5,1,4.2,10,1.4126544887221364
Zm00001eb288320,15,7,6.948717948717949,22,0.4159758378145284
Zm00001eb288340,12,5,11.692307692307692,44,0.5299118598288723
Zm00001eb288350,11,2,8.846153846153847,24,1.0574154969744236
Zm00001eb288370,13,3,10.761904761904763,32,0.7445814678231343
Zm00001eb288390,8,1,11.125,54,0.4318835559760635
Zm00001eb288400,12,4,5.9523809523809526,13,0.2108932452092988
Zm00001eb288410,12,3,9.238095238095237,28,0.7405738796376333
Zm00001eb288420,11,3,7.8125,18,0.3830970981427091
Zm00001eb288430,16,4,9.166666666666666,34,0.6713978249335845
Zm00001eb288500,3,1,11.0,15,2.7965051041496283
Zm00001eb288520,6,2,8.333333333333334,22,1.5575323721559085
Zm00001eb288540,16,10,6.931818181818182,28,0.2383569939942464
Zm00001eb288560,12,4,6.5,29,0.4828634621620828
Zm00001eb288580,9,2,6.222222222222222,15,0.3565230413039533
Zm00001eb288640,4,1,8.0,15,0.2488013845395589
Zm00001eb288670,4,1,10.75,17,0.2434313139643881
Zm00001eb288690,3,1,16.333333333333332,32,1.8889305890378016
Zm00001eb288700,9,1,13.333333333333334,59,0.7175805315062134
Zm00001eb288720,5,1,8.2,12,1.0214910576287195
Zm00001eb288740,8,1,6.75,17,5.06196760679504
Zm00001eb288770,10,2,13.615384615384615,65,0.2962903095064217
Zm00001eb288790,13,5,11.541666666666666,31,1.008605638935894
Zm00001eb288800,10,2,7.6923076923076925,20,0.840622960365681
Zm00001eb288820,3,1,39.0,92,4.722089875647964
Zm00001eb288870,8,2,6.8,22,0.9606925977166744
Zm00001eb288890,7,2,8.25,16,1.678369203987876
Zm00001eb288900,5,1,10.0,16,0.7131713223734286
Zm00001eb288920,7,1,5.142857142857143,10,0.4301664071213441
Zm00001eb288980,6,1,5.833333333333333,18,0.546445757010661
Zm00001eb289000,11,3,8.470588235294118,37,1.42997543895667
Zm00001eb289010,8,1,7.125,18,0.4863924938772022
Zm00001eb289020,5,1,13.4,35,0.2929213162659322
Zm00001eb289050,9,3,7.384615384615385,17,0.914998125877634
Zm00001eb289060,8,2,8.11111111111111,13,1.8205413540241375
Zm00001eb289120,8,1,10.125,17,0.1030934929641034
Zm00001eb289160,4,1,6.0,15,0.7996811236500957
Zm00001eb289180,4,1,5.75,11,0.3993094435565036
Zm00001eb289190,15,8,8.688524590163935,19,0.865995321246859
Zm00001eb289200,10,2,10.2,29,0.4345753318273976
Zm00001eb289230,6,1,9.666666666666666,18,0.3251906654570058
Zm00001eb289270,14,6,10.485714285714286,29,2.643108048314899
Zm00001eb289300,6,2,6.0,16,1.2510212037962103
Zm00001eb289310,17,8,7.840909090909091,34,0.2046107319453588
Zm00001eb289320,16,8,8.181818181818182,34,0.8396452293692328
Zm00001eb289380,12,2,6.071428571428571,14,0.9634095802745704
Zm00001eb289390,10,2,13.0,28,0.6476817356743269
Zm00001eb289400,11,3,7.9375,21,0.2714046861772816
Zm00001eb289430,16,5,9.75,51,0.7400404010098632
Zm00001eb289450,14,5,8.625,62,0.4716997333373731
Zm00001eb289460,9,3,7.666666666666667,23,1.04231914749759
Zm00001eb289470,5,2,8.2,21,0.795409421310575
Zm00001eb289490,13,5,8.666666666666666,20,0.2643418249125923
Zm00001eb289500,15,4,7.791666666666667,39,0.4150374992788438
Zm00001eb289520,4,1,3.5,5,0.1744153743223652
Zm00001eb289550,5,1,7.8,16,0.1487167292741882
Zm00001eb289570,17,6,6.589743589743589,19,0.5160183990700855
Zm00001eb289590,9,4,7.888888888888889,29,0.2360772107942063
Zm00001eb289600,13,1,12.846153846153847,123,0.1556755189501702
Zm00001eb289680,7,1,6.285714285714286,17,0.1571823702309182
Zm00001eb289710,9,2,12.272727272727273,38,0.0950900484000241
Zm00001eb289730,9,2,10.2,40,0.1046444071618415
Zm00001eb289740,6,2,6.1,11,0.4619516034482925
Zm00001eb289760,6,1,5.5,12,0.210453649368675
Zm00001eb289770,8,1,6.125,21,0.8087760437406192
Zm00001eb289790,12,2,7.333333333333333,13,3.8057173560411734
Zm00001eb289800,17,8,6.318181818181818,20,0.7347404318933637
Zm00001eb289810,7,2,10.8,27,0.7213363345772636
Zm00001eb289820,13,3,8.866666666666667,46,0.4741570732569564
Zm00001eb289860,10,3,7.3125,24,0.678100630868766
Zm00001eb289870,6,2,6.571428571428571,14,0.8022147938465247
Zm00001eb289880,6,1,8.666666666666666,26,0.133400059162182
Zm00001eb289900,16,7,7.714285714285714,30,0.4796937801503938
Zm00001eb289910,15,6,7.566666666666666,21,0.2558474349247187
Zm00001eb289920,9,2,8.083333333333334,45,0.3760567545196394
Zm00001eb289940,8,2,7.125,23,1.719611687446353
Zm00001eb289950,9,3,9.0625,20,0.9902540443011104
Zm00001eb289960,6,1,10.0,21,0.936944013747247
Zm00001eb289990,4,1,11.0,18,0.4833615910508186
Zm00001eb290050,14,4,11.380952380952381,49,0.7109716798207193
Zm00001eb290120,9,2,6.75,15,0.2930793921176008
Zm00001eb290190,11,4,7.181818181818182,14,0.341842368792884
Zm00001eb290220,9,1,17.0,42,0.5989696888059544
Zm00001eb290290,10,3,8.545454545454545,20,0.972575131514676
Zm00001eb290300,4,1,17.25,44,1.734161991356617
Zm00001eb290310,4,1,17.25,44,1.1465671033266531
Zm00001eb290320,5,1,2.8,6,0.2119551591237407
Zm00001eb290350,4,1,31.0,83,0.6153210542622825
Zm00001eb290360,14,6,8.228571428571428,27,0.2798331903615923
Zm00001eb290480,8,2,6.0,10,0.5085628102783075
Zm00001eb290510,9,2,8.583333333333334,23,0.755595513564967
Zm00001eb290530,7,1,5.0,9,0.7125011745833115
Zm00001eb290590,12,2,14.928571428571429,71,0.5245325809322582
Zm00001eb290630,8,2,7.9,26,0.7594889832114573
Zm00001eb290650,7,1,8.0,22,0.5673807833795911
Zm00001eb290670,5,1,6.2,11,0.5980404658744517
Zm00001eb290700,10,3,9.625,21,1.8933346351590905
Zm00001eb290720,6,1,7.666666666666667,11,0.2610499425860129
Zm00001eb290750,6,2,8.833333333333334,28,0.7493778388784267
Zm00001eb290760,15,4,11.375,49,0.6303288825910347
Zm00001eb290780,4,1,8.25,12,0.3415301357307573
Zm00001eb290920,10,4,9.5,24,0.1930959154047716
Zm00001eb290940,14,6,6.935483870967742,36,1.6016664989069844
Zm00001eb290980,6,1,9.0,20,0.2861816843202367
Zm00001eb291070,5,1,10.0,20,0.600118101482982
Zm00001eb291100,13,4,10.227272727272727,58,0.227790447749595
Zm00001eb291130,14,7,15.057142857142857,126,1.611865032747583
Zm00001eb291140,5,1,7.0,16,0.2641092443867497
Zm00001eb291150,10,2,11.5,25,0.2652962960943927
Zm00001eb291160,14,4,12.608695652173912,50,0.8612336578276191
Zm00001eb291170,9,2,8.1,22,0.2494528059747892
Zm00001eb291210,13,3,6.777777777777778,22,0.7921069682626962
Zm00001eb291250,6,1,4.666666666666667,13,0.6225880673057328
Zm00001eb291270,5,1,6.4,13,0.4299214544162392
Zm00001eb291290,4,1,8.5,26,0.4282174364383715
Zm00001eb291320,3,2,9.4,15,0.2690090214792294
Zm00001eb291340,9,2,7.454545454545454,17,0.2357161469144233
Zm00001eb291350,3,1,5.666666666666667,12,0.8173144879600643
Zm00001eb291360,10,4,8.526315789473685,25,0.1675975599513214
Zm00001eb291370,7,1,8.142857142857142,25,1.7297158093186489
Zm00001eb291380,7,2,8.2,15,1.2030754084406527
Zm00001eb291400,9,2,7.0,18,1.4571384642444836
Zm00001eb291420,8,1,11.25,40,0.5686779115381051
Zm00001eb291450,15,6,8.03448275862069,24,1.01213229802126
Zm00001eb291460,12,4,9.681818181818182,20,0.3546483182835254
Zm00001eb291470,7,1,7.0,22,0.4719810618500767
Zm00001eb291480,4,1,26.0,67,1.4202533272432905
Zm00001eb291530,7,1,12.142857142857142,24,0.3338993586473358
Zm00001eb291540,10,2,7.166666666666667,18,1.2618625687998726
Zm00001eb291630,5,1,6.4,14,1.156636930037979
Zm00001eb291660,4,1,6.25,12,0.5938715917455053
Zm00001eb291670,5,1,7.2,22,0.2452202861428
Zm00001eb291710,13,2,7.473684210526316,22,0.4864772062124324
Zm00001eb291720,8,2,15.875,59,0.5683524276955755
Zm00001eb291730,13,5,14.222222222222221,88,0.857988171986477
Zm00001eb291800,4,1,8.0,12,0.349000869715521
Zm00001eb291810,4,1,13.5,21,0.2812861432133764
Zm00001eb291820,5,2,7.333333333333333,27,0.3505465837392578
Zm00001eb291870,8,1,9.875,22,0.4221637476617315
Zm00001eb291900,7,2,7.222222222222222,15,0.6687191545424732
Zm00001eb291920,7,2,7.222222222222222,15,0.555268557588657
Zm00001eb291930,13,3,13.0,60,1.2008240862456208
Zm00001eb291950,3,1,3.6666666666666665,7,1.7648059228958406
Zm00001eb291960,13,5,10.36,32,0.4368373719570109
Zm00001eb291970,9,2,8.666666666666666,16,0.707301162193123
Zm00001eb292010,11,2,4.333333333333333,9,0.5888040776086799
Zm00001eb292040,10,2,8.846153846153847,19,0.5960599701625686
Zm00001eb292050,6,1,9.666666666666666,32,0.2132759867073398
Zm00001eb292100,15,7,9.24,46,0.1842649403773825
Zm00001eb292200,4,1,3.75,9,1.3081923200470271
Zm00001eb292230,3,1,10.666666666666666,20,0.3320953939447301
Zm00001eb292260,6,1,3.6666666666666665,9,2.5274938011602077
Zm00001eb292270,10,3,10.277777777777779,30,0.7635178212670571
Zm00001eb292290,14,6,8.91304347826087,28,0.1954761932973983
Zm00001eb292310,1,1,8.0,8,0.5822078701236116
Zm00001eb292320,8,1,10.625,40,0.3133830416296957
Zm00001eb292340,10,2,7.357142857142857,15,0.347166103531426
Zm00001eb292370,6,1,6.5,15,0.1225529432330045
Zm00001eb292380,6,1,6.166666666666667,16,0.328613148509661
Zm00001eb292400,7,3,7.375,18,2.0
Zm00001eb292420,6,2,7.5,24,0.1897747637038632
Zm00001eb292430,14,4,9.045454545454545,58,0.374720412871237
Zm00001eb292440,6,1,9.666666666666666,33,0.339945488116903
Zm00001eb292450,2,1,5.5,6,0.2353525861895759
Zm00001eb292460,10,2,14.3,50,0.5017796877499384
Zm00001eb292480,9,2,13.23076923076923,36,0.9061956913741258
Zm00001eb292510,9,2,5.7,12,0.3187538578371076
Zm00001eb292520,6,3,12.88888888888889,35,0.3321692174207722
Zm00001eb292530,13,3,7.0,27,0.1695016713206136
Zm00001eb292540,6,1,6.333333333333333,9,0.1205387292519434
Zm00001eb292620,4,1,14.25,21,1.0095628224862765
Zm00001eb292650,2,1,6.5,11,0.629068613336545
Zm00001eb292690,14,4,8.16,21,0.2092916888254993
Zm00001eb292700,6,1,6.0,17,0.5335897111312806
Zm00001eb292710,6,1,7.5,14,0.2806749069354046
Zm00001eb292720,4,1,5.0,9,0.8073549220576041
Zm00001eb292740,8,2,24.6,103,1.374375727141165
Zm00001eb292760,5,1,5.4,12,0.334346033294542
Zm00001eb292770,14,6,11.96551724137931,40,0.2830714457695378
Zm00001eb292780,13,6,10.575757575757576,40,0.5664735130466976
Zm00001eb292840,7,1,9.142857142857142,22,0.7547633676763844
Zm00001eb292850,12,3,8.117647058823529,28,1.1773547395419948
Zm00001eb292920,16,6,7.405405405405405,28,0.9644388624930472
Zm00001eb292930,9,2,8.222222222222221,25,0.4531564195102366
Zm00001eb292950,9,2,10.0,43,1.6307564571531392
Zm00001eb292980,5,1,8.8,13,0.4213931496481948
Zm00001eb293020,3,1,42.666666666666664,116,0.802361441824286
Zm00001eb293030,11,2,23.875,124,0.1595340242772729
Zm00001eb293040,3,1,12.666666666666666,36,0.509393491364495
Zm00001eb293070,5,1,9.8,18,0.2117208216905221
Zm00001eb293080,1,1,5.0,5,0.0849625007211561
Zm00001eb293110,5,2,3.4,7,0.3865715294451996
Zm00001eb293120,4,1,5.75,10,0.5657586014584485
Zm00001eb293130,14,3,11.904761904761905,48,0.8371987701899825
Zm00001eb293150,15,5,8.52,62,0.7637917674163034
Zm00001eb293160,15,4,6.0,21,0.4626098212151318
Zm00001eb293170,8,1,6.75,22,1.182628253978009
Zm00001eb293190,14,7,8.382352941176471,42,0.4809468913905642
Zm00001eb293220,7,2,6.285714285714286,24,1.1408615922552163
Zm00001eb293240,4,1,4.5,10,0.7493918952015698
Zm00001eb293250,6,1,11.0,35,1.0231710200047035
Zm00001eb293260,16,4,8.875,26,0.3205843704964691
Zm00001eb293270,16,5,7.785714285714286,57,0.4150374992788437
Zm00001eb293310,17,8,10.325,29,0.6907570487405483
Zm00001eb293320,8,2,9.333333333333334,23,1.139648792208933
Zm00001eb293340,6,1,22.166666666666668,33,0.4846595722678125
Zm00001eb293350,7,2,22.25,33,0.2907498122602103
Zm00001eb293360,4,1,14.0,34,0.3881557207230992
Zm00001eb293370,10,2,4.75,16,0.5475701956219451
Zm00001eb293420,4,1,6.5,12,0.4217439425384752
Zm00001eb293430,4,1,12.0,28,0.4815558785511044
Zm00001eb293440,11,4,6.2631578947368425,22,1.3394324870335483
Zm00001eb293450,14,4,12.722222222222221,58,0.2274104961030725
Zm00001eb293460,13,5,5.3076923076923075,11,0.8984631486599616
Zm00001eb293470,16,6,7.181818181818182,24,0.6094330106641238
Zm00001eb293480,16,8,8.865384615384615,40,1.2407106977134823
Zm00001eb293510,13,5,12.16,80,0.6403733585017511
Zm00001eb293530,12,4,9.210526315789474,28,0.323655235143662
Zm00001eb293540,3,1,17.0,32,0.2596566259886648
Zm00001eb293550,3,2,10.25,31,0.1898072351235446
Zm00001eb293560,10,3,5.538461538461538,12,0.1193254646184544
Zm00001eb293570,15,5,8.8125,33,0.943889467736394
Zm00001eb293600,11,3,5.8125,21,1.725300467414659
Zm00001eb293610,12,2,9.071428571428571,47,1.1528503522120188
Zm00001eb293660,14,5,10.0,53,0.366074733426761
Zm00001eb293670,8,1,6.5,11,0.6853503888030293
Zm00001eb293710,11,3,6.0,20,0.3746359439407032
Zm00001eb293750,13,4,6.32,24,0.2904671794828333
Zm00001eb293760,12,5,11.62962962962963,39,0.2949428450052059
Zm00001eb293770,11,2,9.4,24,0.6400657670182778
Zm00001eb293780,9,2,11.363636363636363,42,2.297409328116864
Zm00001eb293800,12,4,8.208333333333334,20,0.3695223235244221
Zm00001eb293810,6,1,6.666666666666667,18,0.3951783510561353
Zm00001eb293820,4,1,11.75,27,0.3240396595548544
Zm00001eb293830,6,2,11.222222222222221,29,0.5457254544894453
Zm00001eb293970,8,2,8.3,15,0.7940945417421268
Zm00001eb294040,3,1,21.0,57,1.0861815296509183
Zm00001eb294050,3,1,6.666666666666667,13,0.3950311113991006
Zm00001eb294080,7,2,7.222222222222222,16,0.1688198984885568
Zm00001eb294110,5,1,11.0,22,0.5839076036035341
Zm00001eb294160,8,2,10.727272727272727,19,0.2624823080034784
Zm00001eb294170,8,2,10.727272727272727,19,0.4004450291664377
Zm00001eb294180,6,1,8.666666666666666,18,0.5177526261596327
Zm00001eb294190,5,1,10.4,22,0.6103318021408808
Zm00001eb294200,12,5,14.217391304347826,93,0.3080418910070595
Zm00001eb294220,6,1,5.833333333333333,13,1.1805722456418208
Zm00001eb294260,15,4,10.26923076923077,23,1.8336774521140105
Zm00001eb294270,15,4,10.26923076923077,23,1.8650683469731708
Zm00001eb294280,16,6,10.257142857142858,50,0.4181623299581877
Zm00001eb294290,9,2,33.69230769230769,164,0.7173263227488686
Zm00001eb294350,5,1,6.4,14,0.9822650013923802
Zm00001eb294360,9,2,10.5,33,0.5883765389636368
Zm00001eb294370,6,2,15.333333333333334,42,0.5898050853658123
Zm00001eb294390,15,7,9.583333333333334,34,1.2585312921552267
Zm00001eb294400,14,5,7.5,30,0.1423785311848554
Zm00001eb294430,10,3,10.38888888888889,40,1.120691468615008
Zm00001eb294440,12,3,16.333333333333332,67,0.4250215878514659
Zm00001eb294480,3,1,2.6666666666666665,4,0.4694852833012202
Zm00001eb294500,13,3,12.38888888888889,83,1.0623328320484768
Zm00001eb294520,5,1,7.8,22,1.2371900088766927
Zm00001eb294550,5,1,6.8,9,0.4390357484427531
Zm00001eb294560,12,3,4.444444444444445,12,1.0577779206658953
Zm00001eb294570,9,3,11.266666666666667,45,0.4090153284215921
Zm00001eb294580,9,3,7.25,17,0.4037282146568487
Zm00001eb294590,6,2,7.142857142857143,10,0.7835428117710631
Zm00001eb294600,8,2,10.3,20,0.4925264530193006
Zm00001eb294620,4,1,7.25,12,0.582155934548446
Zm00001eb294700,10,3,7.714285714285714,23,0.2807992000659045
Zm00001eb294720,11,4,8.92,27,0.7301029498185608
Zm00001eb294740,5,1,8.8,26,0.3242783946062683
Zm00001eb294780,4,1,7.5,17,0.4885759624603947
Zm00001eb294790,7,1,6.142857142857143,11,0.2920096730751785
Zm00001eb294800,10,1,14.3,23,0.2595213361083026
Zm00001eb294810,10,3,10.1875,20,0.3697396732096879
Zm00001eb294830,14,5,7.92,21,0.3992179901700421
Zm00001eb294840,5,1,2.8,5,1.9571131471015697
Zm00001eb294850,8,2,3.875,8,0.3994175103548192
Zm00001eb294900,9,3,5.5625,10,0.6218491931721063
Zm00001eb294910,2,1,3.0,5,0.6825658887463517
Zm00001eb294920,5,1,5.2,12,0.2522259413894815
Zm00001eb294930,8,2,6.0,18,0.3537239959159903
Zm00001eb294940,13,6,9.961538461538462,64,1.2441012802321556
Zm00001eb294980,7,2,18.22222222222222,32,0.2604211508902421
Zm00001eb295010,16,6,8.210526315789474,48,0.6079678412894328
Zm00001eb295030,14,5,9.862068965517242,38,0.262591917627652
Zm00001eb295060,11,2,8.666666666666666,31,0.64237992838035
Zm00001eb295070,12,3,7.222222222222222,18,0.2128650110980506
Zm00001eb295080,13,5,8.0,21,0.2714493739731614
Zm00001eb295090,8,2,20.0,41,0.4600146545606247
Zm00001eb295100,8,2,11.11111111111111,21,0.4698436593055821
Zm00001eb295120,11,3,9.444444444444445,26,0.6072053819117462
Zm00001eb295130,6,1,26.333333333333332,83,0.5875203203559561
Zm00001eb295170,9,3,19.307692307692307,88,0.6971939826827965
Zm00001eb295180,15,7,8.333333333333334,53,0.4971131616908943
Zm00001eb295250,3,2,5.0,7,1.8955695540434552
Zm00001eb295310,4,1,8.5,25,0.4459357481176254
Zm00001eb295350,3,1,12.666666666666666,18,0.3580854227927418
Zm00001eb295380,7,2,10.5,44,0.5877171370488182
Zm00001eb295460,10,3,6.333333333333333,17,0.6146686557623539
Zm00001eb295470,12,4,6.142857142857143,12,0.2971062206531754
Zm00001eb295480,7,2,10.125,18,0.1816635107635284
Zm00001eb295490,8,1,7.25,12,0.1049478368552627
Zm00001eb295590,13,6,8.921052631578947,23,0.3402076286351238
Zm00001eb295600,14,4,8.5,33,0.2657950763762569
Zm00001eb295610,7,1,5.0,8,0.1488662650556191
Zm00001eb295630,16,4,6.565217391304348,15,0.2825790404170678
Zm00001eb295670,10,2,6.3,21,1.163979058017076
Zm00001eb295690,9,2,15.909090909090908,46,0.5028132650641203
Zm00001eb295740,13,3,6.470588235294118,16,0.7043879528015506
Zm00001eb295770,2,1,14.0,20,4.626188044939444
Zm00001eb295790,8,2,7.25,18,0.969897444654372
Zm00001eb295800,13,3,8.411764705882353,21,1.0010117884274816
Zm00001eb295810,6,1,6.833333333333333,13,0.6269841330134842
Zm00001eb295820,11,4,8.125,23,0.2874012584404994
Zm00001eb295860,16,5,8.777777777777779,34,0.8540748579926709
Zm00001eb295870,7,1,4.0,15,0.3300065767894053
Zm00001eb295900,15,3,12.444444444444445,86,0.5090721542543234
Zm00001eb295940,8,1,6.5,18,0.1797881138267754
Zm00001eb295950,9,2,6.0,20,0.235111789016935
Zm00001eb295960,7,1,4.428571428571429,12,0.9797645965343234
Zm00001eb295980,6,1,3.6666666666666665,10,0.4502321632245427
Zm00001eb296010,10,2,13.375,66,0.9582307152511174
Zm00001eb296050,8,2,5.888888888888889,13,0.7224344523872372
Zm00001eb296060,7,1,12.571428571428571,25,0.1866837153281483
Zm00001eb296070,2,1,15.0,26,0.2528923177346897
Zm00001eb296080,7,1,15.142857142857142,65,0.9783642653157216
Zm00001eb296100,6,1,10.5,15,0.1716891870271545
Zm00001eb296120,4,1,6.0,13,0.3213420425050889
Zm00001eb296130,11,4,8.708333333333334,14,0.3219280948873623
Zm00001eb296150,10,2,6.545454545454546,15,0.5614189464803011
Zm00001eb296160,13,3,10.368421052631579,41,0.1958339877632806
Zm00001eb296170,10,2,10.333333333333334,21,2.105784285641493
Zm00001eb296180,7,2,7.444444444444445,17,0.562129524664343
Zm00001eb296200,3,1,3.6666666666666665,6,0.3964295160696935
Zm00001eb296220,5,1,7.4,12,0.5922469023636607
Zm00001eb296230,15,3,7.090909090909091,21,0.203961152663487
Zm00001eb296270,8,1,10.875,25,1.0651077496286048
Zm00001eb296280,10,2,9.083333333333334,25,0.3543519375292137
Zm00001eb296300,9,3,11.384615384615385,49,0.7096502347684329
Zm00001eb296310,10,5,15.148148148148149,114,0.347242171902814
Zm00001eb296320,8,2,16.88888888888889,46,0.445696168622528
Zm00001eb296340,14,4,9.0,27,0.3121571889324137
Zm00001eb296350,6,1,14.5,50,0.7391052881271364
Zm00001eb296410,6,1,10.166666666666666,20,0.4195586510311368
Zm00001eb296420,6,1,7.166666666666667,25,0.3453936301805149
Zm00001eb296430,13,4,10.222222222222221,41,0.4804814584727389
Zm00001eb296450,10,4,3.9444444444444446,7,0.368547490425444
Zm00001eb296460,10,3,15.235294117647058,126,0.7412111713540687
Zm00001eb296480,5,1,7.4,19,0.705823441555163
Zm00001eb296510,12,3,8.529411764705882,21,0.9895740409524144
Zm00001eb296520,7,3,20.0,127,0.4758165067797503
Zm00001eb296550,11,3,6.357142857142857,13,0.5854779060206645
Zm00001eb296560,11,4,5.894736842105263,21,1.4762554248229391
Zm00001eb296600,5,3,14.2,60,0.3513458459631233
Zm00001eb296610,11,3,8.5,26,0.7685353656881264
Zm00001eb296620,13,5,11.28,71,1.5058879822350255
Zm00001eb296630,13,4,9.25,31,0.7189265417951299
Zm00001eb296640,12,5,14.608695652173912,35,1.111196210668224
Zm00001eb296650,14,5,7.6521739130434785,30,0.9130048140145004
Zm00001eb296670,16,6,9.142857142857142,29,0.5165207651268596
Zm00001eb296680,12,5,7.64,25,0.1158257735057638
Zm00001eb296690,16,6,7.03125,25,0.2730589019760971
Zm00001eb296700,12,4,10.0,42,0.2747200580644338
Zm00001eb296710,12,2,6.8125,21,1.130586952992159
Zm00001eb296730,4,2,7.5,15,0.7509775004326936
Zm00001eb296750,10,4,18.476190476190474,99,0.4390981550117249
Zm00001eb296760,10,2,15.23076923076923,57,0.6186939124520058
Zm00001eb296790,9,3,15.466666666666667,30,0.2256400209205526
Zm00001eb296820,10,3,6.3125,20,5.39229722856198
Zm00001eb296850,9,2,5.2,13,0.9031372387182756
Zm00001eb296870,11,5,12.125,62,0.3686641765463607
Zm00001eb296990,15,5,11.178571428571429,38,1.2599006375091857
Zm00001eb297040,12,7,8.966666666666667,24,0.598698324480095
Zm00001eb297100,7,1,9.857142857142858,23,3.4310327407777974
Zm00001eb297110,14,6,12.96774193548387,49,0.6330651400665566
Zm00001eb297120,13,4,5.44,15,1.511494372906541
Zm00001eb297150,7,1,9.0,29,0.4878226038122418
Zm00001eb297160,4,1,10.0,16,0.4225356073710944
Zm00001eb297170,1,1,4.0,4,0.5542260000137316
Zm00001eb297180,5,2,5.8,12,0.4991749455813039
Zm00001eb297190,9,2,10.4,36,1.005785329983688
Zm00001eb297200,10,2,17.25,101,0.8256209651495372
Zm00001eb297240,7,2,9.181818181818182,15,0.5896507006726036
Zm00001eb297280,7,1,6.714285714285714,30,0.3614007662013879
Zm00001eb297310,7,1,9.285714285714286,23,0.2844127191418565
Zm00001eb297320,7,2,6.0,16,0.8639977902130904
Zm00001eb297330,17,5,9.297297297297296,22,0.597614774291073
Zm00001eb297340,8,2,7.25,16,0.5880501597034367
Zm00001eb297410,16,8,10.473684210526315,34,1.1297278777386912
Zm00001eb297420,11,3,12.333333333333334,40,0.7338562393125455
Zm00001eb297430,14,2,10.928571428571429,28,0.9512165883033862
Zm00001eb297460,11,3,9.466666666666667,21,0.5468390703488105
Zm00001eb297490,9,2,20.8,93,0.6681118412697272
Zm00001eb297500,4,1,10.0,18,0.4088723499600152
Zm00001eb297510,9,2,11.6,26,0.6105326182892186
Zm00001eb297540,11,3,10.588235294117647,41,0.9240938985443876
Zm00001eb297550,14,5,11.5,70,0.4357344238912936
Zm00001eb297580,9,2,11.333333333333334,40,1.37922787416284
Zm00001eb297590,9,3,5.909090909090909,15,0.2571419372114207
Zm00001eb297610,12,5,10.307692307692308,69,0.2468026885325815
Zm00001eb297620,11,4,7.857142857142857,23,0.4596216393789646
Zm00001eb297640,5,1,12.6,18,0.1622680685458956
Zm00001eb297770,4,1,6.75,11,0.3508911966728834
Zm00001eb297810,9,2,6.444444444444445,15,0.5918716031005309
Zm00001eb297840,3,1,4.666666666666667,8,0.8137978677089474
Zm00001eb297880,9,1,6.333333333333333,17,0.0609143795236069
Zm00001eb298010,6,1,13.333333333333334,22,0.331529801727278
Zm00001eb298090,7,2,14.625,41,0.8958430918246468
Zm00001eb298130,6,1,13.333333333333334,34,0.3389685409136693
Zm00001eb298140,9,2,9.333333333333334,51,0.8590435063816958
Zm00001eb298150,6,2,9.625,31,0.2261751980589007
Zm00001eb298180,6,1,13.0,18,0.3803401213369575
Zm00001eb298280,11,3,6.3125,17,0.6559167722535911
Zm00001eb298290,5,2,8.0,15,0.2651152332913174
Zm00001eb298320,7,1,6.428571428571429,17,1.6893243082623348
Zm00001eb298330,15,8,7.27027027027027,31,1.2189422084939034
Zm00001eb298340,10,4,10.235294117647058,70,0.5593249597568858
Zm00001eb298350,12,3,4.421052631578948,12,0.1903179631442264
Zm00001eb298410,6,1,11.666666666666666,34,0.1833655725386268
Zm00001eb298420,6,3,8.125,23,0.6105750839582342
Zm00001eb298440,4,1,7.0,9,0.3992004653072492
Zm00001eb298470,6,1,6.0,14,0.8941307044551001
Zm00001eb298480,3,1,9.0,19,1.41872744634337
Zm00001eb298490,14,6,8.272727272727273,18,0.8399164831038967
Zm00001eb298500,10,3,13.588235294117647,38,1.4584772741594272
Zm00001eb298510,4,1,15.5,31,1.4323982604652523
Zm00001eb298560,8,1,8.25,25,0.6464880402656996
Zm00001eb298570,11,3,9.095238095238095,68,0.250352440762088
Zm00001eb298600,13,4,9.476190476190476,45,0.2692563532481757
Zm00001eb298610,5,1,11.2,20,0.3586477282803581
Zm00001eb298620,4,1,8.25,24,1.0472761724233102
Zm00001eb298660,11,6,14.0,53,0.1321748084139608
Zm00001eb298670,4,1,11.25,33,0.2361618149388322
Zm00001eb298780,9,1,12.444444444444445,31,0.7420091014240918
Zm00001eb298800,9,3,6.0,13,0.0
Zm00001eb298810,4,1,9.25,30,1.0951340729540828
Zm00001eb298820,10,3,10.238095238095237,26,1.1447533085974924
Zm00001eb298860,3,1,4.0,11,0.6513165104411297
Zm00001eb298940,5,1,11.0,18,0.4500702354739435
Zm00001eb298950,7,2,10.142857142857142,27,0.4836543954509597
Zm00001eb298970,5,1,8.6,12,1.5074968224556673
Zm00001eb298990,6,2,11.714285714285714,19,0.7471316906658715
Zm00001eb299000,16,7,8.5,56,1.504637166811209
Zm00001eb299010,16,7,8.5,56,0.8306710089891923
Zm00001eb299040,9,2,12.538461538461538,59,0.9197090845299984
Zm00001eb299090,9,3,5.923076923076923,15,0.8522637524014113
Zm00001eb299100,8,1,7.875,20,0.8474078394601697
Zm00001eb299130,5,1,7.8,18,0.7405743496815191
Zm00001eb299190,11,3,13.066666666666666,51,0.6263869861777827
Zm00001eb299230,15,6,14.0,132,0.1268122854576922
Zm00001eb299240,4,1,1.5,3,1.8060792319612329
Zm00001eb299250,9,1,5.888888888888889,11,0.5798376470195385
Zm00001eb299280,15,3,9.05,59,1.0745411104372469
Zm00001eb299310,8,2,8.777777777777779,26,0.4940590029145159
Zm00001eb299340,10,3,8.80952380952381,30,1.0657832131837457
Zm00001eb299370,10,3,8.6875,15,1.4443357952579166
Zm00001eb299480,11,5,14.666666666666666,61,0.1910687975526245
Zm00001eb299510,15,3,14.153846153846153,43,0.5542105132064055
Zm00001eb299520,11,3,9.0,20,0.5507582024219801
Zm00001eb299530,13,6,10.5625,62,0.3328781709973583
Zm00001eb299540,5,1,8.0,22,0.3264863036818073
Zm00001eb299550,15,9,8.62,31,0.3565553742935986
Zm00001eb299750,2,1,26.0,36,0.4174156763358664
Zm00001eb299760,13,3,8.826086956521738,37,0.1161082074163559
Zm00001eb299770,10,3,8.272727272727273,37,1.0142845760983854
Zm00001eb299790,4,1,10.25,18,0.1933534756740368
Zm00001eb299880,4,1,10.75,26,1.0235717473492416
Zm00001eb299920,4,1,7.0,10,1.0382643276798154
Zm00001eb299940,8,2,7.2,15,1.4519106285230396
Zm00001eb299960,14,6,10.862068965517242,41,0.6372298746836232
Zm00001eb299980,10,3,11.944444444444445,31,0.754216989085363
Zm00001eb299990,9,2,8.545454545454545,18,0.3548629709906239
Zm00001eb300000,8,2,11.461538461538462,25,0.1454801662971885
Zm00001eb300010,8,2,5.3,9,0.3388494053993736
Zm00001eb300040,7,2,8.625,12,0.787583169684841
Zm00001eb300060,15,12,8.473684210526315,23,0.6171186015297426
Zm00001eb300080,10,2,12.818181818181818,77,0.5191257352695999
Zm00001eb300090,7,3,17.846153846153847,120,0.5220181938773643
Zm00001eb300100,13,4,9.130434782608695,27,0.816727607174034
Zm00001eb300130,14,4,8.125,23,0.1894377207742407
Zm00001eb300170,14,6,6.388888888888889,23,0.3069152570804766
Zm00001eb300240,7,1,9.142857142857142,35,0.7160459410723518
Zm00001eb300250,15,4,15.2,97,0.3541154324265477
Zm00001eb300260,13,2,11.4375,65,0.2151573503208955
Zm00001eb300280,8,4,9.235294117647058,40,0.3442294190979704
Zm00001eb300290,8,2,8.454545454545455,16,1.69340192254453
Zm00001eb300310,6,1,6.666666666666667,14,1.4539858925589448
Zm00001eb300320,10,3,6.714285714285714,11,0.2945503987723265
Zm00001eb300350,4,1,10.75,24,0.3599420401115314
Zm00001eb300360,9,2,7.923076923076923,18,0.5147437600207552
Zm00001eb300400,4,1,12.25,16,0.7461680364350045
Zm00001eb300410,10,2,15.181818181818182,46,0.2025346650938039
Zm00001eb300480,12,4,7.722222222222222,34,0.4342738909020193
Zm00001eb300490,13,5,6.956521739130435,24,1.2854645223238914
Zm00001eb300550,8,2,12.7,34,7.528424532265601
Zm00001eb300560,10,4,6.761904761904762,16,0.5814117014198827
Zm00001eb300580,15,7,10.724137931034482,30,3.1445477162153344
Zm00001eb300590,10,3,4.571428571428571,9,1.4158459582750014
Zm00001eb300620,11,5,5.380952380952381,32,1.1315699692834436
Zm00001eb300630,9,2,5.666666666666667,14,1.5790810424234154
Zm00001eb300640,10,3,6.235294117647059,13,0.8066734505228693
Zm00001eb300670,14,4,11.181818181818182,35,1.3908937858250654
Zm00001eb300680,8,2,7.0,25,0.1414939248624918
Zm00001eb300690,4,1,12.75,23,0.9880432910710156
Zm00001eb300700,14,5,8.666666666666666,23,0.4181203054428559
Zm00001eb300720,14,6,9.794117647058824,52,0.7667084772477444
Zm00001eb300730,14,6,9.794117647058824,52,0.1880374025149519
Zm00001eb300740,17,9,8.279069767441861,77,0.7297077662053302
Zm00001eb300750,17,10,9.844444444444445,77,0.2548938628109874
Zm00001eb300770,11,5,10.68,25,0.9924130717640216
Zm00001eb300780,11,5,10.375,24,0.1067736584003452
Zm00001eb300870,15,12,10.1,103,0.2721186212637766
Zm00001eb300880,6,2,10.285714285714286,15,0.5248239238971494
Zm00001eb300890,6,3,8.11111111111111,16,0.2003728930816808
Zm00001eb300920,5,1,10.6,17,0.2646422619802172
Zm00001eb300930,12,2,14.666666666666666,122,0.4970850822089744
Zm00001eb300950,9,3,12.090909090909092,33,0.4385655454984319
Zm00001eb300960,5,2,6.4,10,0.3515252272860813
Zm00001eb300970,5,2,6.4,9,0.2126663174308301
Zm00001eb300990,5,1,18.6,43,0.2170683879211105
Zm00001eb301000,6,1,10.5,21,0.2354597859157637
Zm00001eb301010,5,1,6.2,14,0.156195050822154
Zm00001eb301020,8,1,15.0,37,0.2953493182690494
Zm00001eb301030,8,3,8.083333333333334,30,0.3375835046347235
Zm00001eb301040,11,2,7.833333333333333,21,0.3006664457282751
Zm00001eb301050,13,3,7.333333333333333,18,0.2748524080591822
Zm00001eb301070,6,2,5.5,13,0.3230695970677883
Zm00001eb301100,13,4,8.91304347826087,25,0.724973024288182
Zm00001eb301160,8,1,11.375,23,1.1882830251936845
Zm00001eb301210,8,2,14.555555555555555,65,0.52456935602532
Zm00001eb301240,15,11,8.50909090909091,42,0.3603458715586121
Zm00001eb301280,6,1,5.833333333333333,12,0.4867139017740072
Zm00001eb301300,4,1,4.75,8,0.3356138886594109
Zm00001eb301310,1,1,8.0,8,0.1714007752917503
Zm00001eb301330,5,1,6.4,10,0.296647051047738
Zm00001eb301380,5,2,6.142857142857143,13,1.166735858340605
Zm00001eb301420,6,1,8.166666666666666,17,0.1714491095409998
Zm00001eb301430,9,4,26.05263157894737,86,0.289895629793479
Zm00001eb301440,13,5,7.0,17,0.4981064618281004
Zm00001eb301490,11,3,6.684210526315789,17,1.0070573262468183
Zm00001eb301500,12,3,5.888888888888889,21,1.1342786568789092
Zm00001eb301520,11,3,10.428571428571429,21,0.2271258245138679
Zm00001eb301540,10,3,15.882352941176471,100,0.5590056832039141
Zm00001eb301580,5,1,11.0,19,0.5658021210109632
Zm00001eb301590,9,2,21.90909090909091,107,0.89768522084007
Zm00001eb301720,7,2,9.75,26,0.3527695903130512
Zm00001eb301730,8,2,11.2,36,0.2398643971282675
Zm00001eb301750,8,2,7.777777777777778,21,0.2093252297240703
Zm00001eb302140,14,5,7.0,24,0.6071033181512464
Zm00001eb302190,10,3,8.714285714285714,32,0.2927889226808923
Zm00001eb302210,4,1,5.25,8,0.2282357102855322
Zm00001eb302250,4,1,7.25,17,0.5402880215637987
Zm00001eb302270,14,5,7.518518518518518,35,1.5305225542231309
Zm00001eb302280,13,3,6.166666666666667,22,0.2408303302506883
Zm00001eb302300,9,1,8.777777777777779,31,1.3891329045975036
Zm00001eb302310,7,2,10.153846153846153,17,0.5586806849907836
Zm00001eb302320,14,4,11.136363636363637,74,0.4609299299391493
Zm00001eb302330,10,3,6.642857142857143,15,0.3435546436785912
Zm00001eb302350,12,2,7.846153846153846,30,0.7181873538619378
Zm00001eb302360,6,1,11.5,21,0.4833303543449098
Zm00001eb302370,5,1,7.8,13,0.4010556895052457
Zm00001eb302400,9,2,9.11111111111111,42,0.6827452920438061
Zm00001eb302580,2,1,26.5,40,0.166782241394455
Zm00001eb302600,2,1,4.0,5,0.5305147166987798
Zm00001eb302640,4,1,5.75,7,0.0730661056555855
Zm00001eb302660,8,1,4.375,10,0.5789885313887354
Zm00001eb302670,7,1,6.571428571428571,12,0.1601336015321569
Zm00001eb302680,16,7,7.738095238095238,22,0.7358995345873537
Zm00001eb302700,4,1,26.25,68,0.2955038680522736
Zm00001eb302760,12,6,7.75,27,0.5642067598474102
Zm00001eb302780,6,1,9.0,24,0.707518749639422
Zm00001eb302800,3,1,5.333333333333333,10,0.3370592112658394
Zm00001eb302810,6,1,4.833333333333333,8,0.1417997104614485
Zm00001eb302890,6,1,11.333333333333334,16,1.0134609538926425
Zm00001eb302900,9,2,5.2,8,0.4707859862786847
Zm00001eb302910,5,1,7.6,20,0.6431885606349856
Zm00001eb302930,8,2,13.727272727272727,33,0.4719480269662632
Zm00001eb302940,13,3,5.875,20,0.3888004903663564
Zm00001eb302950,12,2,8.666666666666666,30,0.4207108599705848
Zm00001eb302980,6,2,13.818181818181818,20,0.1309049345718669
Zm00001eb303010,5,1,19.2,46,0.8970141199881567
Zm00001eb303030,11,3,7.823529411764706,24,0.2720304750635414
Zm00001eb303040,11,2,8.857142857142858,33,0.289546181089667
Zm00001eb303060,9,2,10.454545454545455,44,0.7546328730000961
Zm00001eb303080,11,3,8.941176470588236,27,0.1819906080204322
Zm00001eb303110,8,1,7.375,18,0.2014546042515318
Zm00001eb303190,9,3,7.230769230769231,16,0.3761421143633168
Zm00001eb303200,5,1,7.0,22,0.2865946538756846
Zm00001eb303210,6,1,4.833333333333333,13,0.543194444116597
Zm00001eb303220,7,2,5.888888888888889,12,0.3139606662469894
Zm00001eb303240,4,1,8.5,12,0.1750089108744915
Zm00001eb303280,8,1,8.625,17,0.2988682907263165
Zm00001eb303290,4,1,9.25,12,0.5917766497046173
Zm00001eb303360,5,1,14.2,34,0.1662220848214294
Zm00001eb303370,6,1,4.166666666666667,10,0.584793226526939
Zm00001eb303380,8,3,6.142857142857143,13,0.4254857209290044
Zm00001eb303400,8,3,6.142857142857143,13,0.8639385857556511
Zm00001eb303420,7,2,11.222222222222221,20,0.2038939841729755
Zm00001eb303500,14,5,10.0,31,0.229174601876268
Zm00001eb303510,9,2,6.363636363636363,24,0.8416878212627211
Zm00001eb303620,11,6,4.0,11,0.7991695446436884
Zm00001eb303630,15,9,10.851063829787234,53,0.0
Zm00001eb303680,5,1,7.2,10,0.2350928157715973
Zm00001eb303690,17,8,8.404761904761905,27,0.516555568916179
Zm00001eb303700,8,2,9.5,26,0.326103850379182
Zm00001eb303720,7,2,7.714285714285714,14,0.2141949013767153
Zm00001eb303730,9,2,9.1,33,0.6586695778353882
Zm00001eb303740,6,1,5.833333333333333,8,0.5467385650064367
Zm00001eb303750,12,3,5.545454545454546,20,0.7407086983201354
Zm00001eb303760,10,3,6.0,18,1.2928530198886867
Zm00001eb303780,3,1,4.333333333333333,6,1.6194584560015146
Zm00001eb303790,12,6,14.64516129032258,50,1.6704669553030371
Zm00001eb303800,13,4,10.52,67,2.191877159703692
Zm00001eb303810,5,1,13.4,42,1.0055065305080806
Zm00001eb303850,14,6,13.82857142857143,42,0.2415399023359771
Zm00001eb303910,8,1,6.625,22,0.136274916833331
Zm00001eb303990,13,4,11.565217391304348,52,0.7185139173891792
Zm00001eb304040,14,6,8.75,76,0.6090451691528521
Zm00001eb304070,5,1,8.8,13,0.6780719051126374
Zm00001eb304080,7,2,6.25,11,0.4428884312760822
Zm00001eb304110,7,2,13.3,29,0.3581433484695269
Zm00001eb304130,6,2,6.875,18,0.3684827970831031
Zm00001eb304160,5,2,5.571428571428571,8,0.2844546951952512
Zm00001eb304250,6,2,7.0,16,0.3358406476614218
Zm00001eb304260,5,1,5.8,13,0.8143899683758031
Zm00001eb304280,11,3,6.125,15,0.3950783025110355
Zm00001eb304290,7,2,15.307692307692308,44,0.2214215899303305
Zm00001eb304360,9,2,14.909090909090908,53,0.5639862452618686
Zm00001eb304410,8,1,5.875,10,0.2781750387665585
Zm00001eb304420,3,1,8.0,14,0.9475325801058644
Zm00001eb304430,9,1,7.222222222222222,23,0.2411083006503189
Zm00001eb304490,11,2,9.307692307692308,29,2.3025627700204314
Zm00001eb304500,8,2,7.125,18,0.8653054720562202
Zm00001eb304530,15,6,6.92,21,0.3240053013365574
Zm00001eb304540,9,3,6.8,14,0.9245858636353552
Zm00001eb304550,14,5,12.379310344827585,35,0.2084392023690793
Zm00001eb304560,8,1,12.75,30,0.6705623810189986
Zm00001eb304590,9,3,9.785714285714286,22,1.625442728385846
Zm00001eb304610,7,2,6.0,16,1.0461172620017307
Zm00001eb304620,4,1,5.0,14,0.5839055428052218
Zm00001eb304630,8,2,25.692307692307693,128,0.6331993963895077
Zm00001eb304650,14,4,7.7894736842105265,38,1.402419288939737
Zm00001eb304710,16,8,10.923076923076923,43,0.4523158021302184
Zm00001eb304720,15,8,8.857142857142858,24,0.6374299206152919
Zm00001eb304740,6,2,5.3,9,0.4657869164767358
Zm00001eb304750,14,6,11.36111111111111,117,0.778294303633979
Zm00001eb304760,8,1,7.75,22,1.4140870999333546
Zm00001eb304770,11,2,10.461538461538462,27,0.2134097083408614
Zm00001eb304860,17,3,6.423076923076923,23,0.1621021224226013
Zm00001eb304890,13,5,11.333333333333334,58,1.4209896563168138
Zm00001eb304920,1,1,13.0,13,1.9178002835697856
Zm00001eb304930,11,3,10.0,31,0.4291428078709108
Zm00001eb304980,4,1,6.25,10,0.9550234733046304
Zm00001eb304990,4,1,6.0,13,0.1781890891802986
Zm00001eb305060,2,1,34.0,57,0.7022103254959338
Zm00001eb305170,5,1,11.4,22,0.8585595618357225
Zm00001eb305180,7,1,8.428571428571429,20,0.4306077160492317
Zm00001eb305190,13,5,9.225806451612904,20,1.1481810988512278
Zm00001eb305290,7,2,7.111111111111111,24,3.0731283414533177
Zm00001eb305300,11,3,6.0,23,1.361415915680713
Zm00001eb305320,13,4,9.0,30,1.5016683177221295
Zm00001eb305330,7,1,8.0,24,1.1323855017807332
Zm00001eb305380,9,3,14.052631578947368,47,0.5563461113565744
Zm00001eb305390,8,3,13.941176470588236,68,0.546802208523069
Zm00001eb305410,6,2,11.714285714285714,34,0.3142673153733329
Zm00001eb305460,16,8,11.822222222222223,61,0.5373606184296493
Zm00001eb305470,6,1,10.5,18,1.0382698148715797
Zm00001eb305490,8,1,8.875,17,0.2984991354119747
Zm00001eb305500,6,1,9.833333333333334,43,1.2075200838041635
Zm00001eb305570,7,1,11.0,24,0.606187651689174
Zm00001eb305620,10,2,10.23076923076923,47,1.1866112889293214
Zm00001eb305640,11,6,7.34375,49,0.1836170329960988
Zm00001eb305660,13,3,6.4,31,0.7083054780993032
Zm00001eb305710,13,2,8.8125,18,0.1542864642780516
Zm00001eb305750,10,1,7.7,15,0.415576682589557
Zm00001eb305760,3,1,6.333333333333333,12,0.3977195631358693
Zm00001eb305840,11,4,6.578947368421052,23,0.5172253904951145
Zm00001eb305950,2,1,5.0,5,0.1979922654915436
Zm00001eb305960,5,1,10.8,16,0.2618816742560332
Zm00001eb305980,8,2,7.888888888888889,21,0.7931568569324174
Zm00001eb306000,6,2,4.666666666666667,14,0.1379402189988099
Zm00001eb306020,8,1,10.125,22,0.3593626253160419
Zm00001eb306040,1,1,12.0,12,0.6589978244915348
Zm00001eb306210,8,3,5.923076923076923,11,0.9591339551331288
Zm00001eb306220,4,1,8.25,13,0.490681040054242
Zm00001eb306260,6,1,4.5,12,0.2963592942282568
Zm00001eb306280,12,4,6.739130434782608,12,0.2824878025116942
Zm00001eb306290,5,1,7.2,12,0.3235962338962933
Zm00001eb306350,6,1,5.833333333333333,10,0.4738601150485386
Zm00001eb306370,3,1,17.333333333333332,35,0.1742858512798286
Zm00001eb306400,8,1,6.375,15,2.00952364483199
Zm00001eb306410,9,2,8.222222222222221,18,0.6989502632620818
Zm00001eb306530,10,2,8.818181818181818,22,0.1808519345434174
Zm00001eb306550,6,2,12.375,39,0.8464380615545227
Zm00001eb306610,6,1,4.833333333333333,14,0.3204281978595361
Zm00001eb306640,9,1,5.888888888888889,14,1.3967745612662867
Zm00001eb306650,4,1,10.5,24,0.3285619122570598
Zm00001eb306680,9,1,8.555555555555555,17,0.2384382523854578
Zm00001eb306700,8,2,4.666666666666667,13,1.6085048992293631
Zm00001eb306760,9,2,10.6,29,0.4753958827480293
Zm00001eb306790,11,3,9.6,20,1.5265048806719426
Zm00001eb306800,7,1,13.714285714285714,50,0.8008960022506145
Zm00001eb306870,2,1,11.0,17,0.6971147986474523
Zm00001eb306930,4,1,12.0,14,0.2855801274207578
Zm00001eb307010,7,2,9.444444444444445,20,0.3369828843995549
Zm00001eb307070,17,11,13.321428571428571,76,0.1349525904632929
Zm00001eb307290,6,1,8.166666666666666,20,0.4286064080124312
Zm00001eb307310,1,1,7.0,7,0.6245136088744978
Zm00001eb307360,6,1,7.0,16,0.2304733772577102
Zm00001eb307400,4,1,9.5,19,0.4344720506728207
Zm00001eb307410,6,1,9.166666666666666,19,0.1249721302586774
Zm00001eb307440,10,3,6.933333333333334,22,1.2500708695586935
Zm00001eb307460,9,2,7.7272727272727275,22,1.2871779179226468
Zm00001eb307480,6,1,7.166666666666667,13,0.7018840914605438
Zm00001eb307520,5,2,13.555555555555555,29,0.416042106069745
Zm00001eb307540,6,1,16.666666666666668,65,0.8479969065549501
Zm00001eb307550,8,1,11.75,23,0.903677461028802
Zm00001eb307650,6,1,6.0,12,0.5843631220145877
Zm00001eb307860,12,2,11.071428571428571,19,0.1611734696152919
Zm00001eb308220,3,1,4.333333333333333,10,0.2541983748830394
Zm00001eb308490,6,1,9.166666666666666,14,0.7004397181410922
Zm00001eb308660,4,1,5.0,8,0.3181896153463375
Zm00001eb308670,14,7,10.0,29,0.7517031187642143
Zm00001eb308690,6,1,8.0,24,0.228536242373207
Zm00001eb308720,7,1,5.714285714285714,18,0.2544569248147058
Zm00001eb308980,12,4,9.333333333333334,21,0.3546587159405417
Zm00001eb308990,12,4,9.5,22,0.2016095733504899
Zm00001eb309010,9,1,8.222222222222221,31,0.4490436985395094
Zm00001eb309040,11,2,15.083333333333334,93,1.2834187325706632
Zm00001eb309080,4,1,5.75,8,0.4187907656689578
Zm00001eb309200,7,1,5.857142857142857,11,1.497460464802156
Zm00001eb309210,5,1,13.2,30,0.1605418639449238
Zm00001eb309300,10,2,6.166666666666667,15,0.2175658181482622
Zm00001eb309340,4,1,8.25,15,1.096302895476969
Zm00001eb309350,4,1,10.0,16,1.639227204288907
Zm00001eb309420,6,1,5.5,17,0.8110190851168438
Zm00001eb309450,5,1,5.0,13,0.2073327392901355
Zm00001eb309480,13,3,5.066666666666666,16,1.1361908025725684
Zm00001eb309540,12,3,8.166666666666666,32,0.586573993935075
Zm00001eb309580,18,9,7.9361702127659575,60,0.6271135162180487
Zm00001eb309590,13,5,9.5,26,0.7123879126944326
Zm00001eb309600,5,1,13.0,30,0.2850452634919297
Zm00001eb309610,8,1,11.0,32,0.3176382638240442
Zm00001eb309620,8,1,10.0,22,0.4035212223675337
Zm00001eb309740,2,1,3.5,5,3.192556615912737
Zm00001eb309830,4,1,12.25,32,0.4729136558117405
Zm00001eb309900,6,2,9.6,22,0.1882270332239005
Zm00001eb310270,17,10,8.25,51,0.839444069186491
Zm00001eb310290,5,2,11.444444444444445,24,0.2330186749205965
Zm00001eb310330,7,1,8.714285714285714,17,1.7727840991263806
Zm00001eb310370,12,3,7.25,17,0.453482423251108
Zm00001eb310430,13,6,8.914285714285715,21,0.9439700945553778
Zm00001eb310440,5,1,4.6,7,0.9269039402570864
Zm00001eb310450,15,12,8.672413793103448,30,0.5986463196833817
Zm00001eb310490,6,2,8.571428571428571,16,0.8172605673681778
Zm00001eb310520,9,2,11.9,28,0.3713403636707001
Zm00001eb310550,3,1,8.666666666666666,17,0.2369871099745062
Zm00001eb310560,7,2,9.777777777777779,25,0.7115097107811034
Zm00001eb310570,5,1,6.8,17,0.5866371324134101
Zm00001eb310770,7,2,7.444444444444445,18,0.4600429469561829
Zm00001eb310810,9,4,9.31578947368421,61,0.1648560957800884
Zm00001eb310820,12,3,10.555555555555555,31,0.5362327564403638
Zm00001eb310830,5,1,8.4,15,0.2408557411929684
Zm00001eb310840,4,2,7.2,11,0.3320043446853924
Zm00001eb310870,6,1,5.833333333333333,16,1.0903003524717745
Zm00001eb310900,5,1,9.0,14,1.372561850668449
Zm00001eb310930,5,1,9.0,15,0.3383331544071799
Zm00001eb310960,6,2,7.142857142857143,21,0.3412399216870895
Zm00001eb310980,13,4,9.761904761904763,68,1.2691736607281294
Zm00001eb310990,4,1,8.75,14,0.8691368249208296
Zm00001eb311000,4,1,8.75,14,0.4280648972523231
Zm00001eb311010,7,1,7.571428571428571,14,1.471843867551044
Zm00001eb311020,7,1,9.285714285714286,13,0.3647509117282248
Zm00001eb311060,5,1,14.6,22,2.656267439878493
Zm00001eb311090,12,3,8.764705882352942,59,0.4934890744123009
Zm00001eb311100,9,2,7.5,28,2.6899159532050043
Zm00001eb311150,5,2,7.2,12,0.2767283791862067
Zm00001eb311160,15,6,7.777777777777778,22,0.9835260918627488
Zm00001eb311180,12,3,8.4,22,0.2764984518397156
Zm00001eb311240,17,6,6.357142857142857,18,0.957453240766507
Zm00001eb311250,14,3,7.526315789473684,35,1.5880870916486205
Zm00001eb311260,13,5,7.0,26,0.4556188234059069
Zm00001eb311280,15,4,8.115384615384615,22,0.777100750770912
Zm00001eb311320,13,5,6.875,14,0.4721147886282973
Zm00001eb311380,5,1,4.6,13,0.1406255379643594
Zm00001eb311400,4,1,5.0,10,0.6250350052553678
Zm00001eb311420,14,3,15.35,61,0.2452967228362824
Zm00001eb311430,2,1,21.0,22,0.7288616043389541
Zm00001eb311440,7,2,10.666666666666666,25,0.733357407931234
Zm00001eb311460,5,1,7.2,16,0.2031806933896827
Zm00001eb311470,5,1,21.6,90,0.460154383373966
Zm00001eb311490,12,5,8.416666666666666,37,0.1294259455668577
Zm00001eb311500,9,3,5.076923076923077,10,0.656954021345866
Zm00001eb311560,5,1,6.6,10,0.3047929520191997
Zm00001eb311610,12,5,9.954545454545455,61,1.7329890753701338
Zm00001eb311650,10,4,11.434782608695652,32,0.3096368295670117
Zm00001eb311660,15,5,7.46875,19,0.2264560279898126
Zm00001eb311680,14,6,7.057142857142857,17,0.2098221546145363
Zm00001eb311700,11,4,12.705882352941176,26,0.4654539861689841
Zm00001eb311740,4,1,15.75,41,2.061184603888072
Zm00001eb311780,2,1,7.5,8,1.890908823086212
Zm00001eb311790,5,2,4.333333333333333,7,0.2317774374970051
Zm00001eb311800,7,3,5.909090909090909,11,0.4565364225685297
Zm00001eb311850,6,1,19.166666666666668,35,0.6084782738227229
Zm00001eb311860,10,4,6.75,11,0.2514513614632379
Zm00001eb311900,7,2,4.333333333333333,10,0.6465608311735309
Zm00001eb311910,7,2,10.181818181818182,43,0.4887645581009153
Zm00001eb311920,5,1,7.2,22,0.7539511355790218
Zm00001eb311940,12,2,7.642857142857143,29,0.5380264589186152
Zm00001eb311950,12,3,5.5,15,0.1885645062882245
Zm00001eb312000,4,1,8.25,16,0.9503329965156964
Zm00001eb312010,8,1,9.125,23,1.5886579878323013
Zm00001eb312020,14,5,11.461538461538462,38,0.3438649470402484
Zm00001eb312040,6,1,6.166666666666667,12,0.4705003120598963
Zm00001eb312080,13,7,7.242424242424242,28,0.2566939347682704
Zm00001eb312090,13,3,9.444444444444445,33,4.753583668194599
Zm00001eb312100,2,1,11.0,16,0.7077884138587496
Zm00001eb312110,13,4,6.518518518518518,29,0.5430172705551979
Zm00001eb312170,13,8,8.263157894736842,23,0.3649538773292746
Zm00001eb312180,9,2,8.083333333333334,14,0.3141069109751803
Zm00001eb312190,8,1,17.0,58,1.2871582841103346
Zm00001eb312210,11,3,8.294117647058824,25,0.3557235608815756
Zm00001eb312220,6,1,23.666666666666668,117,1.3192842990715712
Zm00001eb312230,14,6,9.0,30,0.7480317259055206
Zm00001eb312250,11,3,9.11111111111111,22,0.1154772174199359
Zm00001eb312260,8,2,6.2727272727272725,11,0.3999366252039301
Zm00001eb312300,3,1,11.0,18,0.4000829706835833
Zm00001eb312330,7,2,5.666666666666667,13,0.6639884800772323
Zm00001eb312390,14,3,9.0,29,0.1414097333672767
Zm00001eb312410,6,1,9.333333333333334,21,0.4312482381250325
Zm00001eb312440,13,3,7.352941176470588,21,0.7067607822335475
Zm00001eb312450,10,2,14.818181818181818,50,0.5100323102399011
Zm00001eb312560,8,1,10.875,20,0.2225946077414394
Zm00001eb312590,6,1,11.333333333333334,21,0.4528940946303909
Zm00001eb312700,5,1,14.0,48,0.3913660365961581
Zm00001eb312820,5,1,9.6,18,0.1810427502333526
Zm00001eb312850,12,3,10.764705882352942,49,0.7340900076685097
Zm00001eb312860,14,4,5.739130434782608,14,0.4854268271702417
Zm00001eb312890,5,1,10.4,17,2.055134715827598
Zm00001eb312910,9,3,5.363636363636363,14,0.4040744432486166
Zm00001eb312940,6,2,16.4,49,0.2917218326327573
Zm00001eb312980,10,2,8.083333333333334,25,0.4140614195944561
Zm00001eb312990,8,1,6.0,12,0.9293280500372246
Zm00001eb313000,13,6,8.413793103448276,24,0.2503676364387053
Zm00001eb313010,7,2,7.285714285714286,13,0.636179908832408
Zm00001eb313030,13,3,8.25,37,0.9000964525535832
Zm00001eb313280,8,2,6.583333333333333,12,0.3169663195009022
Zm00001eb313320,17,14,9.91891891891892,41,0.4176067183839929
Zm00001eb313360,6,1,20.166666666666668,76,0.4150374992788437
Zm00001eb313370,6,1,13.333333333333334,18,0.2812799421880672
Zm00001eb313430,15,4,8.461538461538462,32,0.8197567010604786
Zm00001eb313440,9,1,35.111111111111114,189,1.389494526168951
Zm00001eb313460,17,13,10.797101449275363,61,0.2817583422036934
Zm00001eb313490,13,9,12.72340425531915,62,0.9999022165897912
Zm00001eb313500,16,7,9.272727272727273,39,0.4750304128357551
Zm00001eb313510,15,5,8.615384615384615,66,0.2214579426109297
Zm00001eb313530,13,5,8.652173913043478,26,0.6612811377168277
Zm00001eb313700,7,1,7.571428571428571,11,1.1753973970169267
Zm00001eb313730,7,1,10.142857142857142,28,2.037622053485914
Zm00001eb313820,12,3,6.066666666666666,17,0.1225656852220292
Zm00001eb313850,7,1,9.0,21,0.3820534217723063
Zm00001eb313890,17,10,9.086206896551724,37,0.4415909520802537
Zm00001eb313900,8,1,4.875,11,0.6036107647111806
Zm00001eb313920,10,2,5.5,15,1.0457332874674627
Zm00001eb313930,5,1,5.8,13,1.7017322768032457
Zm00001eb313950,11,5,8.714285714285714,32,0.9943239023656538
Zm00001eb313960,5,1,7.4,14,0.173653738252793
Zm00001eb313970,13,5,7.5,29,0.3711366082755797
Zm00001eb313980,15,7,6.878048780487805,22,0.6327505335804715
Zm00001eb314000,6,1,9.666666666666666,27,1.0170018359844617
Zm00001eb314010,14,3,8.708333333333334,43,0.3905818298149455
Zm00001eb314020,15,5,8.67741935483871,48,0.2082904344741031
Zm00001eb314040,16,7,9.974358974358974,32,0.378775365459726
Zm00001eb314050,5,1,11.4,22,0.4997339369004958
Zm00001eb314060,5,2,18.428571428571427,48,0.0931094043914814
Zm00001eb314080,9,2,9.4,21,0.2742330993921782
Zm00001eb314090,13,5,7.892857142857143,27,1.042834146897063
Zm00001eb314110,8,1,7.25,12,0.6002301745697373
Zm00001eb314160,11,3,16.466666666666665,60,0.7288112782104473
Zm00001eb314170,15,4,8.16,23,2.4048807671227883
Zm00001eb314180,12,8,7.65625,47,2.232348415631069
Zm00001eb314220,14,7,9.142857142857142,26,0.4321430616299254
Zm00001eb314240,6,1,30.5,122,0.2829097760971554
Zm00001eb314260,6,1,4.833333333333333,9,0.2703202730986734
Zm00001eb314270,7,2,21.444444444444443,115,0.328655587009304
Zm00001eb314300,8,2,11.222222222222221,33,0.2046862280825264
Zm00001eb314310,9,3,10.944444444444445,56,2.4431740986809545
Zm00001eb314320,9,2,6.833333333333333,11,0.9444843438056282
Zm00001eb314340,2,1,9.5,12,0.6606929244824523
Zm00001eb314430,6,1,8.0,18,0.2959058958346546
Zm00001eb314500,12,2,6.571428571428571,14,0.3739313817478136
Zm00001eb314510,4,1,7.75,17,2.206203569539683
Zm00001eb314590,13,4,9.25,46,0.6703826265387935
Zm00001eb314600,4,1,13.75,35,0.2662902037186202
Zm00001eb314610,9,2,10.0,51,0.7933550556124924
Zm00001eb314620,9,3,7.642857142857143,21,0.4138403744573179
Zm00001eb314630,10,2,12.384615384615385,42,0.275000883362373
Zm00001eb314670,4,1,7.75,20,0.8010576379253239
Zm00001eb314680,8,3,8.0,21,0.9167962736567216
Zm00001eb314690,14,5,7.9,23,0.3781470431613301
Zm00001eb314700,7,2,7.571428571428571,18,1.0670094505572
Zm00001eb314710,6,2,12.571428571428571,44,0.2171784980576472
Zm00001eb314720,10,2,15.083333333333334,46,0.6727123145300681
Zm00001eb314820,4,1,8.0,12,0.2293871882423692
Zm00001eb314830,6,1,8.333333333333334,13,1.0171193360442825
Zm00001eb314860,15,7,8.764705882352942,29,0.5444365583442177
Zm00001eb314880,10,2,9.846153846153847,31,1.6801724491733636
Zm00001eb314900,13,4,7.666666666666667,25,0.2312709600980978
Zm00001eb315000,9,3,5.428571428571429,11,0.5907529761911147
Zm00001eb315020,11,4,6.785714285714286,16,0.1853497793107868
Zm00001eb315050,6,1,6.166666666666667,13,1.3892472588739022
Zm00001eb315060,8,2,6.0,11,1.1130569880861727
Zm00001eb315100,3,1,8.666666666666666,10,0.8101164545756524
Zm00001eb315130,8,2,13.0,25,0.4626168736802268
Zm00001eb315140,10,2,9.181818181818182,37,1.3602807265466583
Zm00001eb315150,11,3,11.421052631578947,37,0.5883979761085919
Zm00001eb315160,8,3,4.333333333333333,10,3.297966396801843
Zm00001eb315170,13,5,8.48,28,0.2067414212285309
Zm00001eb315200,3,1,6.333333333333333,10,1.0677130883548798
Zm00001eb315240,13,3,6.6,19,0.5880695587016657
Zm00001eb315290,14,4,11.391304347826088,118,1.0286706092278033
Zm00001eb315300,17,5,5.181818181818182,14,1.740797473778816
Zm00001eb315320,9,2,11.636363636363637,49,0.1855477176825692
Zm00001eb315340,11,3,10.058823529411764,27,0.4286870526648655
Zm00001eb315350,11,3,10.058823529411764,27,0.2175621762390281
Zm00001eb315410,4,1,12.0,23,0.3741140420958412
Zm00001eb315420,9,1,8.777777777777779,19,0.8533705041345773
Zm00001eb315430,9,2,10.9,51,0.6366029305062433
Zm00001eb315470,11,3,6.428571428571429,17,0.1518699501405108
Zm00001eb315530,5,2,7.0,18,0.3897321050068016
Zm00001eb315600,5,1,9.0,17,1.1006336626335635
Zm00001eb315610,10,4,7.466666666666667,22,0.4581318382604993
Zm00001eb315620,10,1,5.7,16,0.2449887715201959
Zm00001eb315650,5,2,12.285714285714286,30,0.5557619690655836
Zm00001eb315660,3,1,20.333333333333332,44,0.3305451892150336
Zm00001eb315750,14,5,6.814814814814815,30,0.1495790568869514
Zm00001eb315760,16,6,9.571428571428571,43,0.3144306139452971
Zm00001eb315770,8,2,7.75,15,0.3565274070635343
Zm00001eb315780,12,3,8.933333333333334,20,0.266983800329425
Zm00001eb315790,4,1,9.0,18,3.111530640090358
Zm00001eb315830,6,1,5.166666666666667,9,1.0
Zm00001eb315850,3,1,18.0,26,1.3404731486464063
Zm00001eb315860,5,2,4.4,7,0.4605926561291447
Zm00001eb315880,15,7,6.777777777777778,16,0.1578740646860487
Zm00001eb315900,12,3,8.823529411764707,52,0.3328066585398901
Zm00001eb315920,14,4,6.590909090909091,25,0.4168855796175149
Zm00001eb315940,7,1,11.142857142857142,37,0.3479233034203068
Zm00001eb315950,9,2,16.5,93,0.2846114130977462
Zm00001eb315990,5,1,13.0,30,1.3210799468296657
Zm00001eb316060,13,3,9.285714285714286,34,0.3878136072676555
Zm00001eb316070,10,2,8.384615384615385,25,2.2198412049582203
Zm00001eb316100,10,2,6.4,13,0.5989874409461272
Zm00001eb316120,15,4,10.05,20,0.3091244138093573
Zm00001eb316170,7,2,14.625,35,1.8744691179161408
Zm00001eb316180,8,2,12.625,28,1.6824720047600992
Zm00001eb316210,8,2,14.11111111111111,71,0.7188091216679435
Zm00001eb316240,14,4,11.481481481481481,113,0.2388510527644155
Zm00001eb316280,3,1,11.333333333333334,18,0.5908247309205935
Zm00001eb316300,5,1,5.2,11,0.2649626840972002
Zm00001eb316320,8,3,10.3,45,1.236473949256052
Zm00001eb316340,7,1,9.857142857142858,20,0.6439771131451747
Zm00001eb316350,5,1,20.0,68,0.6264583077233082
Zm00001eb316460,7,1,6.714285714285714,11,0.3934445241329134
Zm00001eb316500,8,4,10.833333333333334,62,0.3055306711344403
Zm00001eb316510,11,4,8.6,20,0.9313855539096187
Zm00001eb316520,8,1,8.75,21,2.6021960080079567
Zm00001eb316530,4,1,7.5,14,0.6370548761450523
Zm00001eb316540,8,3,8.727272727272727,19,0.3854866828409541
Zm00001eb316570,14,4,9.833333333333334,61,0.3092597993252123
Zm00001eb316580,11,4,9.705882352941176,23,0.5090135526626147
Zm00001eb316590,16,7,7.733333333333333,41,1.3933574162419369
Zm00001eb316700,10,2,9.153846153846153,44,0.9404019945980951
Zm00001eb316800,14,5,6.5,19,0.1664953538301566
Zm00001eb316810,7,2,11.428571428571429,38,0.1938223777327801
Zm00001eb316820,16,8,7.9772727272727275,79,5.637429920615292
Zm00001eb316840,6,1,7.5,15,0.3031183415239738
Zm00001eb316850,9,1,3.0,7,0.9699847050302784
Zm00001eb316870,12,3,5.55,18,0.2240472558972919
Zm00001eb316880,10,3,11.444444444444445,50,1.4960456335157042
Zm00001eb316910,11,2,6.833333333333333,11,0.8036287612287998
Zm00001eb316940,6,2,3.2857142857142856,8,1.7807198541673548
Zm00001eb316950,15,9,6.166666666666667,22,1.2457485611851602
Zm00001eb316960,7,2,7.083333333333333,11,0.3745079997294027
Zm00001eb316990,6,3,9.875,26,0.325764130940263
Zm00001eb317010,13,7,14.3,69,0.8199223225708471
Zm00001eb317020,10,3,9.066666666666666,20,0.411941615747199
Zm00001eb317030,17,9,10.333333333333334,48,0.5661883103078892
Zm00001eb317050,11,3,6.4375,12,0.2083874766850546
Zm00001eb317060,4,1,7.5,13,0.4186499517090453
Zm00001eb317100,12,3,8.764705882352942,40,0.224318379907799
Zm00001eb317160,15,5,6.967741935483871,23,0.8069169914625812
Zm00001eb317180,11,4,11.909090909090908,97,0.2507575047077833
Zm00001eb317210,6,1,7.5,16,0.8572847392831953
Zm00001eb317350,11,3,7.9411764705882355,29,0.4461864110990566
Zm00001eb317380,5,1,7.0,18,0.6134375085839606
Zm00001eb317410,5,1,8.0,13,0.7066848360630338
Zm00001eb317420,5,1,14.4,30,0.5477625682179403
Zm00001eb317430,11,4,10.791666666666666,48,0.4770862241645383
Zm00001eb317450,9,2,21.75,106,0.1852711219292298
Zm00001eb317490,4,1,6.25,9,0.5207817181351485
Zm00001eb317510,7,1,7.857142857142857,18,0.7683922045878034
Zm00001eb317530,16,5,7.0606060606060606,19,4.545034798767551
Zm00001eb317540,14,4,10.15,22,0.9604606941131936
Zm00001eb317590,14,3,10.173913043478262,30,0.4765690399691152
Zm00001eb317630,8,2,8.0,23,0.6051981417478988
Zm00001eb317680,10,2,11.916666666666666,39,0.2111520406447986
Zm00001eb317690,7,1,7.714285714285714,24,1.197716461560328
Zm00001eb317720,7,1,7.285714285714286,18,0.2414380275293624
Zm00001eb317730,8,1,7.25,19,0.5390554643895425
Zm00001eb317760,9,2,7.454545454545454,19,0.8299150929501384
Zm00001eb317790,9,3,7.733333333333333,21,1.0197451135519602
Zm00001eb317800,7,2,8.555555555555555,18,0.3557343574873419
Zm00001eb317810,10,3,10.117647058823529,50,0.2283614578026984
Zm00001eb317820,17,12,7.484848484848484,27,1.8188504250309117
Zm00001eb317830,14,4,9.666666666666666,77,1.5538373765708355
Zm00001eb317850,12,2,7.466666666666667,25,1.1959769430829017
Zm00001eb317890,4,1,6.0,13,0.5679818404625616
Zm00001eb317910,15,4,6.64,17,0.4780277792603206
Zm00001eb317920,12,2,9.214285714285714,24,0.205569645096922
Zm00001eb317930,6,1,17.166666666666668,41,0.7988281924903421
Zm00001eb317940,6,3,7.142857142857143,20,2.3806948039416813
Zm00001eb318030,4,1,6.5,11,1.7574991462187286
Zm00001eb318070,13,3,9.363636363636363,25,0.6155455264469315
Zm00001eb318080,3,1,13.666666666666666,25,0.779330566268687
Zm00001eb318090,3,1,5.666666666666667,9,0.5540154886994779
Zm00001eb318100,11,2,9.583333333333334,24,0.9391259678997552
Zm00001eb318150,6,2,17.555555555555557,56,0.5866442232356172
Zm00001eb318160,11,2,9.0,19,0.1548541768180879
Zm00001eb318180,7,2,4.555555555555555,11,0.5447580739696015
Zm00001eb318200,5,1,9.2,14,0.2003383209176391
Zm00001eb318230,8,3,13.090909090909092,23,0.1869620830848724
Zm00001eb318240,5,1,7.8,14,0.3665923428584355
Zm00001eb318290,2,1,15.5,18,0.764223696675223
Zm00001eb318350,7,2,7.4,21,0.7305055727665403
Zm00001eb318370,10,2,8.583333333333334,21,0.4843371746643251
Zm00001eb318400,14,3,9.105263157894736,22,0.0889208169767932
Zm00001eb318410,6,1,6.333333333333333,15,0.3287828871000551
Zm00001eb318480,4,1,8.75,11,0.6202932022264607
Zm00001eb318500,5,1,19.4,88,0.9581861406627992
Zm00001eb318520,5,1,13.4,36,0.4036774610288021
Zm00001eb318540,10,3,12.153846153846153,46,0.3148408447802285
Zm00001eb318560,16,7,11.689655172413794,43,0.4055475946457144
Zm00001eb318570,12,3,5.285714285714286,15,1.293741532990046
Zm00001eb318610,8,1,6.25,14,0.1387458034226122
Zm00001eb318630,5,1,9.2,28,0.2884479089538112
Zm00001eb318710,12,4,11.333333333333334,32,0.2903515533454691
Zm00001eb318720,6,1,5.666666666666667,11,0.0747799842220496
Zm00001eb318740,10,3,10.421052631578947,37,0.0335570979292684
Zm00001eb318760,5,1,16.0,42,0.6574239127339977
Zm00001eb318770,5,1,16.0,42,0.2548446595656995
Zm00001eb318780,15,4,8.652173913043478,22,0.5697326126257831
Zm00001eb318820,4,1,6.25,17,0.5312330173580018
Zm00001eb318870,7,2,10.666666666666666,34,0.2932151983288042
Zm00001eb318890,6,2,6.428571428571429,12,0.6081144394721903
Zm00001eb318900,9,4,9.882352941176471,50,2.6022130406576727
Zm00001eb318910,15,6,12.225806451612904,57,0.5919643672210754
Zm00001eb318990,12,4,14.277777777777779,82,0.3026377011452517
Zm00001eb319000,11,3,7.0,16,0.5750367596663782
Zm00001eb319010,18,6,8.090909090909092,21,0.2189758534496524
Zm00001eb319020,18,7,8.08108108108108,21,1.1138181070410158
Zm00001eb319050,5,1,9.8,28,0.3565548881638768
Zm00001eb319060,5,1,8.4,13,1.002959181300877
Zm00001eb319090,6,1,7.666666666666667,15,0.4590028616890634
Zm00001eb319110,12,3,8.285714285714286,23,0.376651813543306
Zm00001eb319140,11,3,13.0625,47,0.3156805382047734
Zm00001eb319150,8,2,18.1,46,0.316933725137194
Zm00001eb319210,7,2,7.375,18,0.1359902388137536
Zm00001eb319220,15,7,9.794117647058824,43,1.789721377307708
Zm00001eb319230,6,1,6.666666666666667,16,0.071553261025034
Zm00001eb319240,13,5,10.666666666666666,32,0.5131198260277012
Zm00001eb319250,8,1,7.75,20,0.8950537096011546
Zm00001eb319260,13,2,8.133333333333333,19,2.6288016213813123
Zm00001eb319270,10,2,7.214285714285714,24,0.4881009614685672
Zm00001eb319280,10,3,7.0,20,1.9167649862150504
Zm00001eb319350,9,2,12.333333333333334,40,0.332234983363893
Zm00001eb319390,16,4,12.73913043478261,97,0.3459989314416457
Zm00001eb319460,12,2,10.4375,39,0.5158731742678777
Zm00001eb319500,10,3,8.357142857142858,21,0.3784462248939164
Zm00001eb319510,7,1,9.285714285714286,21,0.2980689925791662
Zm00001eb319520,13,6,4.896551724137931,22,2.0253651587448034
Zm00001eb319560,9,4,10.571428571428571,46,0.6676217972708025
Zm00001eb319590,4,1,12.0,25,0.1579333473519293
Zm00001eb319620,4,1,10.5,15,0.3025992051166918
Zm00001eb319630,4,1,10.5,15,0.4001263740426402
Zm00001eb319680,15,6,10.727272727272727,28,0.2591936655351349
Zm00001eb319700,4,1,13.0,27,0.810520073842363
Zm00001eb319710,7,1,8.714285714285714,38,0.3665173586841344
Zm00001eb319720,12,3,13.294117647058824,102,0.1652298408099054
Zm00001eb319730,4,2,3.142857142857143,4,0.3282312859746779
Zm00001eb319760,5,1,6.6,12,0.2829437660560948
Zm00001eb319770,6,1,9.833333333333334,30,0.2832015177067062
Zm00001eb319780,11,4,14.947368421052632,108,0.755608456192665
Zm00001eb319790,6,1,6.166666666666667,8,0.2620094062421994
Zm00001eb319820,17,8,7.795454545454546,41,1.0584569293787645
Zm00001eb319850,7,1,9.428571428571429,18,0.7772267210435531
Zm00001eb319940,13,2,7.2,20,8.218471768320292
Zm00001eb319960,4,1,8.25,14,0.5567527223781512
Zm00001eb319970,10,2,4.3076923076923075,13,0.3190311738235273
Zm00001eb319980,10,3,9.357142857142858,22,0.7681256375872495
Zm00001eb319990,7,1,3.5714285714285716,9,0.2165402503112997
Zm00001eb320050,6,1,25.333333333333332,131,0.7228648820058325
Zm00001eb320130,7,2,7.8,16,0.5821049492273251
Zm00001eb320180,9,5,8.045454545454545,26,0.2685325334946256
Zm00001eb320190,6,1,11.0,18,0.8236958258149341
Zm00001eb320200,5,2,6.333333333333333,10,0.2629890714402919
Zm00001eb320240,16,7,10.4,32,1.0700269797981838
Zm00001eb320270,6,1,9.833333333333334,22,0.0659391038903808
Zm00001eb320280,7,2,8.444444444444445,15,0.2804851421175331
Zm00001eb320300,6,2,12.5,31,0.3668050548780308
Zm00001eb320310,4,1,4.0,11,0.2091687857335653
Zm00001eb320350,7,2,6.333333333333333,11,1.0054185107145923
Zm00001eb320360,10,2,11.818181818181818,51,0.4253686684077594
Zm00001eb320430,14,5,14.272727272727273,116,0.5357415887343279
Zm00001eb320450,17,10,6.533333333333333,21,0.2629860031981881
Zm00001eb320460,14,2,8.823529411764707,22,0.1546634829232076
Zm00001eb320470,14,4,7.208333333333333,18,0.3921602322252057
Zm00001eb320480,10,2,12.25,68,0.8993879504121007
Zm00001eb320490,7,2,7.666666666666667,12,0.1471595565939391
Zm00001eb320510,11,5,6.2,14,0.1262743239002842
Zm00001eb320530,8,3,9.941176470588236,22,1.5115567565332124
Zm00001eb320540,14,4,8.72,29,0.3338202935733215
Zm00001eb320550,5,1,7.4,11,0.3753853330749067
Zm00001eb320580,6,1,15.5,77,0.4012487297341852
Zm00001eb320590,12,3,18.375,112,0.1819840557336882
Zm00001eb320600,11,3,8.285714285714286,24,0.2142313011771195
Zm00001eb320640,9,2,6.470588235294118,22,0.6596821356316972
Zm00001eb320650,7,2,12.428571428571429,48,0.4617414401096065
Zm00001eb320660,17,9,8.333333333333334,23,0.3540787392444374
Zm00001eb320670,8,2,8.5,21,0.2821891473086295
Zm00001eb320680,4,1,2.75,5,0.3688518046322873
Zm00001eb320730,6,1,3.5,6,1.970122126604796
Zm00001eb320750,8,3,6.0,11,0.1941143672059235
Zm00001eb320760,8,2,10.166666666666666,21,1.823833247230184
Zm00001eb320790,6,1,18.0,38,0.3685520009356657
Zm00001eb320800,13,3,8.052631578947368,29,0.1782289598315288
Zm00001eb320890,12,2,7.75,20,0.1469560628446915
Zm00001eb320900,13,3,9.941176470588236,74,0.6971962908750554
Zm00001eb320950,8,2,9.1,19,0.1471079350542979
Zm00001eb320970,8,1,8.125,15,1.1149018999374856
Zm00001eb320980,6,1,9.166666666666666,16,0.0921692225362263
Zm00001eb321060,13,5,7.518518518518518,20,1.444903379138222
Zm00001eb321110,7,1,14.857142857142858,45,0.778832699887294
Zm00001eb321170,15,4,9.793103448275861,36,0.9199921390905496
Zm00001eb321250,14,5,5.173913043478261,27,0.2504165879749253
Zm00001eb321320,7,2,6.7,16,0.1731515107537702
Zm00001eb321340,3,1,33.666666666666664,55,0.2227088306273908
Zm00001eb321350,15,3,10.0,21,0.2239949487984212
Zm00001eb321360,14,8,7.170731707317073,36,0.3716087622627526
Zm00001eb321370,10,2,6.3076923076923075,12,5.237795504979011
Zm00001eb321390,4,1,7.5,21,0.593678153901895
Zm00001eb321400,8,1,7.125,16,0.3891042708254685
Zm00001eb321420,6,2,8.0,11,0.4437704071396798
Zm00001eb321670,5,1,11.2,22,0.1592454591360811
Zm00001eb321680,7,1,3.2857142857142856,5,0.4083917562574891
Zm00001eb321710,11,3,11.473684210526315,28,0.378310778461131
Zm00001eb321720,4,1,12.75,21,0.2237331524510676
Zm00001eb321740,10,2,7.909090909090909,29,0.4515105348450107
Zm00001eb321770,12,5,8.272727272727273,57,0.2678367343732414
Zm00001eb321780,9,3,7.5,19,0.4256457041384169
Zm00001eb321790,2,1,10.0,19,0.3864575691470962
Zm00001eb321820,15,7,8.764705882352942,39,5.538359460521053
Zm00001eb321830,8,2,12.555555555555555,54,2.8791186994354807
Zm00001eb321870,7,1,5.571428571428571,16,0.2432349150315237
Zm00001eb321890,13,5,10.416666666666666,46,0.3114830338338609
Zm00001eb321910,10,2,9.333333333333334,69,0.1911551894835456
Zm00001eb322130,3,1,8.333333333333334,13,1.2125328052432949
Zm00001eb322150,5,1,8.0,13,0.3994626908860635
Zm00001eb322160,7,1,9.285714285714286,37,0.3140653992698519
Zm00001eb322180,9,2,8.7,20,0.971814776341136
Zm00001eb322190,10,3,12.5,36,1.070820600083249
Zm00001eb322210,10,2,12.363636363636363,36,0.2476864415003578
Zm00001eb322270,4,1,14.75,37,0.927932920404998
Zm00001eb322290,15,4,8.652173913043478,24,0.5178317315190122
Zm00001eb322320,3,1,15.666666666666666,28,0.5610291209639998
Zm00001eb322370,9,1,5.111111111111111,24,0.1706611753825137
Zm00001eb322390,5,1,9.2,23,0.3290665871763191
Zm00001eb322400,4,1,6.75,10,0.4214869787009355
Zm00001eb322430,12,5,5.176470588235294,11,0.2627259685125752
Zm00001eb322440,12,2,5.785714285714286,13,0.3498669867452278
Zm00001eb322450,14,5,12.59375,69,1.2797668654812435
Zm00001eb322480,14,4,7.619047619047619,17,0.4347813290064928
Zm00001eb322510,8,1,7.75,14,0.5605456150865413
Zm00001eb322530,8,1,6.625,20,0.1133890629855074
Zm00001eb322560,6,1,8.166666666666666,33,0.2704210338427693
Zm00001eb322570,7,1,5.428571428571429,10,0.3411246208884971
Zm00001eb322580,2,1,10.0,12,0.2706422463953145
Zm00001eb322620,5,1,14.6,29,0.1898564846577452
Zm00001eb322690,6,1,8.5,22,1.8505518401323824
Zm00001eb322710,15,6,7.793103448275862,30,1.9117447016569211
Zm00001eb322720,11,2,8.384615384615385,16,0.1561465184264182
Zm00001eb322740,10,3,6.6,24,3.2876900802735585
Zm00001eb322790,16,11,8.142857142857142,24,0.4710510219507442
Zm00001eb322850,7,1,8.0,32,0.2341269546732582
Zm00001eb322860,14,3,9.125,25,0.4022856075851914
Zm00001eb322910,9,4,23.11764705882353,85,0.6524959434118826
Zm00001eb322940,15,5,5.533333333333333,11,0.1302550544778911
Zm00001eb322950,10,3,12.333333333333334,46,0.3049357221357254
Zm00001eb322970,3,1,24.666666666666668,37,0.3746608641185564
Zm00001eb323060,13,4,8.130434782608695,21,6.880603904088242
Zm00001eb323070,15,6,7.846153846153846,24,0.3125998455149066
Zm00001eb323100,9,2,9.11111111111111,20,0.657740845336921
Zm00001eb323110,13,6,8.942857142857143,37,0.1466434688086282
Zm00001eb323120,12,2,13.0,37,1.576816581005628
Zm00001eb323140,10,3,9.9375,28,0.2442591280310719
Zm00001eb323160,6,1,8.333333333333334,12,0.5804820237218405
Zm00001eb323220,16,5,7.67741935483871,19,1.0884388810420396
Zm00001eb323230,10,2,8.5,25,0.6311092141620355
Zm00001eb323280,11,2,7.25,18,0.3271487942237908
Zm00001eb323300,7,1,4.714285714285714,9,0.9991245915591852
Zm00001eb323310,6,1,24.0,71,0.8539517948328711
Zm00001eb323340,8,2,9.0,52,0.8709269874250753
Zm00001eb323400,14,6,9.0,73,0.1926450779423958
Zm00001eb323410,13,5,7.333333333333333,20,0.4243889850845584
Zm00001eb323420,9,1,10.444444444444445,24,0.9482415736645056
Zm00001eb323450,3,1,2.6666666666666665,5,3.0178006775712705
Zm00001eb323460,10,5,9.31578947368421,43,0.0615973868061077
Zm00001eb323470,12,2,6.2,24,0.719470164564829
Zm00001eb323490,9,2,12.454545454545455,41,0.6015199753564787
Zm00001eb323510,4,1,12.0,29,0.2716042020643093
Zm00001eb323520,5,1,13.6,30,0.1920271168177326
Zm00001eb323530,12,3,7.9375,28,0.5075014782935938
Zm00001eb323550,10,2,8.461538461538462,33,0.2563156299054779
Zm00001eb323570,5,1,4.8,11,0.4452219065564293
Zm00001eb323580,5,1,11.2,27,0.1079760614740169
Zm00001eb323590,9,4,9.933333333333334,16,0.802401673606806
Zm00001eb323620,15,3,8.571428571428571,30,0.227805721047541
Zm00001eb323630,12,3,10.38888888888889,33,0.6384110411971006
Zm00001eb323640,10,3,8.785714285714286,26,0.8636327987641641
Zm00001eb323660,5,1,20.0,65,0.3998805713273818
Zm00001eb323700,7,2,4.7,10,0.2785648676759872
Zm00001eb323730,4,1,5.25,10,0.8032166470998215
Zm00001eb323770,13,5,8.961538461538462,43,0.4394557351139437
Zm00001eb323780,5,1,10.4,30,0.5904364476072024
Zm00001eb323790,6,2,8.5,33,0.2511015281394648
Zm00001eb323840,8,2,10.727272727272727,18,0.3603923301080798
Zm00001eb323860,13,4,7.76,50,0.5364239861344079
Zm00001eb323880,5,2,3.0,8,0.2035488495382299
Zm00001eb323920,13,4,6.619047619047619,16,1.1097577491901995
Zm00001eb323940,9,3,10.75,20,0.1078429198731826
Zm00001eb323960,4,1,4.75,9,1.6944136431371533
Zm00001eb323970,4,2,15.25,35,2.2172460640951415
Zm00001eb324080,10,3,8.333333333333334,23,0.3343323647397006
Zm00001eb324090,13,3,7.55,16,0.3424393290514217
Zm00001eb324100,9,2,11.333333333333334,22,0.1089157811870515
Zm00001eb324150,5,1,5.4,8,1.76455731714405
Zm00001eb324160,9,2,11.636363636363637,21,0.5955279498510929
Zm00001eb324180,7,2,7.285714285714286,29,1.068564031754917
Zm00001eb324220,8,3,14.923076923076923,41,0.8655193592542122
Zm00001eb324230,9,2,12.0,80,1.8723985825320495
Zm00001eb324240,10,1,7.7,38,0.1710851359747047
Zm00001eb324250,11,3,6.647058823529412,18,0.2860446888047357
Zm00001eb324260,5,1,7.4,18,0.3976438471903138
Zm00001eb324270,14,5,9.32258064516129,41,0.26775183117488
Zm00001eb324300,10,2,6.0,18,0.4399541751749518
Zm00001eb324310,9,2,15.0,42,0.6350301366612839
Zm00001eb324400,9,2,10.23076923076923,28,1.31996166562468
Zm00001eb324410,8,2,8.777777777777779,30,0.9244635498608628
Zm00001eb324430,10,3,8.083333333333334,20,0.360215396320375
Zm00001eb324490,3,1,8.333333333333334,9,0.8918835799362427
Zm00001eb324500,11,4,23.136363636363637,131,0.5144891424498789
Zm00001eb324510,12,4,8.666666666666666,25,0.1895379625971765
Zm00001eb324540,9,2,15.23076923076923,76,0.1642718200994952
Zm00001eb324570,12,4,5.375,17,0.6804044503144774
Zm00001eb324580,13,4,6.25,21,1.2801079191927354
Zm00001eb324640,13,4,7.111111111111111,19,0.3296017332129315
Zm00001eb324650,11,2,5.733333333333333,11,5.380821783940931
Zm00001eb324670,11,3,14.380952380952381,49,0.3427811370016043
Zm00001eb324690,8,2,9.8,19,0.3954840487765492
Zm00001eb324710,10,3,7.368421052631579,23,0.4821359709381611
Zm00001eb324720,16,9,12.038461538461538,70,0.6124177184837593
Zm00001eb324730,4,1,12.75,18,0.5253636155763373
Zm00001eb324740,15,6,9.657894736842104,31,0.3522059394072948
Zm00001eb324750,15,6,9.657894736842104,31,0.5065503934973725
Zm00001eb324760,4,1,4.5,12,1.7280462238195078
Zm00001eb324850,8,1,6.125,21,0.16471871615437
Zm00001eb324900,16,8,10.0,62,0.6074589743820551
Zm00001eb324930,5,2,6.333333333333333,13,0.1730228987017391
Zm00001eb325020,2,1,10.5,15,0.3355538112986987
Zm00001eb325060,9,3,18.125,54,0.2606925426239994
Zm00001eb325080,14,3,7.7368421052631575,23,0.1770774587749997
Zm00001eb325090,5,1,5.0,12,0.856385096739687
Zm00001eb325100,8,2,7.6,14,0.5054350951116164
Zm00001eb325120,14,3,12.631578947368421,57,1.59521491760471
Zm00001eb325150,3,1,2.0,4,0.4595022547858789
Zm00001eb325180,13,7,8.846153846153847,30,1.4629997092781115
Zm00001eb325220,11,3,7.714285714285714,20,0.1443950600925891
Zm00001eb325230,10,4,7.222222222222222,15,0.4245533653313226
Zm00001eb325270,11,3,9.882352941176471,41,0.1425193621757955
Zm00001eb325330,15,5,8.37037037037037,24,2.120944811619266
Zm00001eb325340,7,1,7.0,14,0.5357995599687223
Zm00001eb325360,11,2,4.909090909090909,11,0.2621481801133304
Zm00001eb325370,6,1,5.5,8,1.5139906913887904
Zm00001eb325410,13,6,9.153846153846153,22,0.441275613359525
Zm00001eb325420,7,1,7.428571428571429,12,0.2144460723642732
Zm00001eb325430,5,1,13.0,32,0.2887945589880924
Zm00001eb325480,9,1,14.777777777777779,55,0.3675107339488398
Zm00001eb325500,8,1,5.625,19,0.5349588372023453
Zm00001eb325550,5,1,8.8,12,1.0618675659993024
Zm00001eb325570,8,1,8.75,17,1.3758461236931585
Zm00001eb325580,1,1,7.0,7,0.7580742868379512
Zm00001eb325590,9,2,13.153846153846153,38,0.3376791999438842
Zm00001eb325800,6,1,6.0,11,0.1418656584148268
Zm00001eb325810,12,3,12.181818181818182,45,0.4494623987619457
Zm00001eb325880,15,6,8.222222222222221,72,0.20726688891482
Zm00001eb325890,15,6,8.222222222222221,72,0.6111962106682239
Zm00001eb325970,11,5,9.19047619047619,27,1.9398302929603952
Zm00001eb326000,7,2,7.5,29,0.6278356846257712
Zm00001eb326020,7,1,7.571428571428571,27,0.3473931188332412
Zm00001eb326040,8,3,12.0,26,0.5849625007211563
Zm00001eb326080,13,4,12.76,45,0.2278255581392244
Zm00001eb326090,6,1,6.0,10,0.5515240451648818
Zm00001eb326130,14,6,10.964285714285714,40,0.2584389157311034
Zm00001eb326170,6,1,9.166666666666666,13,0.9095954160390262
Zm00001eb326180,7,2,9.714285714285714,30,0.3810520334639685
Zm00001eb326190,10,2,5.454545454545454,26,4.424026282506098
Zm00001eb326210,2,1,4.0,7,0.7030605793108581
Zm00001eb326230,1,1,3.0,3,0.103439145054267
Zm00001eb326290,13,4,8.4,28,0.6484176602409302
Zm00001eb326320,11,4,8.105263157894736,34,0.4344166404855066
Zm00001eb326330,13,4,13.041666666666666,70,0.8825085475073905
Zm00001eb326340,10,2,10.0,54,3.1591844464003564
Zm00001eb326350,14,7,9.0,28,0.7685353656881264
Zm00001eb326360,8,3,9.384615384615385,23,0.1255685524052627
Zm00001eb326450,9,1,6.777777777777778,14,2.5814228928976832
Zm00001eb326460,10,2,17.454545454545453,113,0.9267533460513598
Zm00001eb326490,6,1,15.666666666666666,30,0.5540938554019543
Zm00001eb326500,2,1,8.0,10,0.0
Zm00001eb326510,4,1,7.75,16,0.2998404602816478
Zm00001eb326530,11,3,6.105263157894737,14,0.674947530227458
Zm00001eb326540,9,1,6.444444444444445,12,1.2077891446558464
Zm00001eb326590,8,1,9.25,17,1.1871180736152216
Zm00001eb326610,5,1,10.4,23,0.2984489468476178
Zm00001eb326620,3,1,34.333333333333336,93,0.3047576699195715
Zm00001eb326630,16,5,10.612903225806452,32,0.2540120050579142
Zm00001eb326640,4,1,9.5,15,0.3881881149232039
Zm00001eb326670,10,2,7.333333333333333,24,0.4079808347794407
Zm00001eb326680,9,3,12.529411764705882,20,0.5829975853193506
Zm00001eb326710,9,2,22.7,121,0.7696835275059762
Zm00001eb326760,9,2,7.444444444444445,16,1.657528647251458
Zm00001eb326780,13,3,9.047619047619047,28,0.6846562583468334
Zm00001eb326810,14,3,6.8,19,1.1352883652625845
Zm00001eb326820,1,1,2.0,2,0.206298410045963
Zm00001eb326830,16,9,9.479166666666666,29,0.6889942097123439
Zm00001eb326840,9,4,8.5,30,1.3225667914405228
Zm00001eb326850,9,2,8.545454545454545,21,1.6902188457981184
Zm00001eb326860,9,3,10.2,30,0.6152331103029793
Zm00001eb326870,4,1,11.25,24,0.3803398806884878
Zm00001eb326880,2,1,9.0,17,0.1862384660711672
Zm00001eb326890,6,1,6.166666666666667,14,1.233842508479627
Zm00001eb326900,10,3,8.9375,33,0.4731984436607336
Zm00001eb326920,6,2,8.571428571428571,18,0.3042804851218941
Zm00001eb326950,3,1,13.0,22,0.8062351203360701
Zm00001eb326960,5,1,10.8,27,0.1479668521673353
Zm00001eb326990,12,5,11.304347826086957,55,1.129350310482779
Zm00001eb327000,4,1,10.25,25,0.4897737898685776
Zm00001eb327030,9,2,11.333333333333334,54,0.715753908663919
Zm00001eb327120,6,1,9.333333333333334,22,0.6765943945729607
Zm00001eb327130,8,1,5.375,10,0.7088978098418997
Zm00001eb327140,6,3,8.727272727272727,17,0.2645114269816392
Zm00001eb327150,7,1,6.142857142857143,12,0.7534949281702812
Zm00001eb327160,5,1,16.2,58,0.6280687474734538
Zm00001eb327190,14,5,16.035714285714285,92,1.2443923777579928
Zm00001eb327220,8,1,11.125,19,0.544738746215443
Zm00001eb327250,8,2,23.7,134,0.5930583106635253
Zm00001eb327260,6,1,13.5,64,0.6108444419984782
Zm00001eb327290,6,1,10.5,18,0.5174933581943685
Zm00001eb327310,13,3,7.882352941176471,15,0.6722086380254303
Zm00001eb327390,5,1,13.2,37,0.5763932905730063
Zm00001eb327410,13,3,11.476190476190476,31,0.8220396037877936
Zm00001eb327420,14,5,15.444444444444445,97,0.2854628253102634
Zm00001eb327480,9,2,8.666666666666666,29,0.7521645433577359
Zm00001eb327510,8,2,9.222222222222221,27,0.1465747675157049
Zm00001eb327550,14,3,8.142857142857142,32,2.046093553690896
Zm00001eb327560,13,5,9.333333333333334,62,3.908555604580617
Zm00001eb327580,7,1,6.142857142857143,10,0.7358641566783731
Zm00001eb327620,14,5,8.961538461538462,25,0.3180819732229618
Zm00001eb327640,5,1,8.8,18,0.1882843442382566
Zm00001eb327670,7,3,7.0,12,0.5665580028041922
Zm00001eb327690,13,8,8.264705882352942,40,0.6931681581601908
Zm00001eb327700,15,5,9.862068965517242,43,2.214800085848053
Zm00001eb327710,6,1,19.166666666666668,67,0.2572811194206718
Zm00001eb327760,8,1,28.75,167,0.1411205365915433
Zm00001eb327780,16,5,8.114285714285714,22,0.2886286365072247
Zm00001eb327790,11,2,8.181818181818182,18,0.6242057565895346
Zm00001eb327800,13,2,10.31578947368421,31,0.4067379236960707
Zm00001eb327810,13,4,6.4,24,0.7508687403479112
Zm00001eb327820,13,5,10.96,31,0.9925981413254206
Zm00001eb327830,15,4,10.833333333333334,70,0.8038548481649462
Zm00001eb327840,3,1,9.0,14,0.2525236040691082
Zm00001eb327870,5,2,7.6,15,0.1636129638560818
Zm00001eb327900,8,2,8.76923076923077,22,0.8513732196390388
Zm00001eb327920,14,5,7.333333333333333,19,0.5101671196010263
Zm00001eb327950,8,2,11.7,57,0.5227328567633108
Zm00001eb327960,6,1,16.333333333333332,57,0.2981612694855989
Zm00001eb327970,12,3,9.923076923076923,23,0.3901493280726287
Zm00001eb327980,3,1,8.333333333333334,11,0.116098402593038
Zm00001eb327990,10,1,6.7,24,0.3271037402223207
Zm00001eb328000,13,5,9.347826086956522,38,0.2017604464181382
Zm00001eb328010,7,1,20.428571428571427,47,0.509398410335518
Zm00001eb328020,13,2,13.533333333333333,47,2.28319697220729
Zm00001eb328050,15,5,10.933333333333334,31,0.1519894634906649
Zm00001eb328070,5,1,10.6,22,0.768073623426748
Zm00001eb328080,10,3,14.8,31,0.2704662284217229
Zm00001eb328090,4,1,29.0,54,0.5550326201439499
Zm00001eb328250,15,7,7.0,29,0.3147737246914633
Zm00001eb328310,11,4,7.0,14,1.0917627182861382
Zm00001eb328320,7,2,4.75,7,0.5509675998119702
Zm00001eb328340,16,6,7.2,20,0.482664582850278
Zm00001eb328350,3,1,21.666666666666668,61,0.3665143249409115
Zm00001eb328370,3,1,7.0,13,0.3408792945616837
Zm00001eb328390,6,1,8.5,28,0.1679093396871112
Zm00001eb328420,8,2,11.333333333333334,30,0.9313636811195712
Zm00001eb328430,6,1,14.0,32,1.912932992221228
Zm00001eb328440,11,2,5.75,18,0.3907598885374591
Zm00001eb328460,13,5,8.565217391304348,56,0.6653089074665355
Zm00001eb328480,5,1,5.6,12,0.2346899662541178
Zm00001eb328490,9,2,5.7272727272727275,27,0.2302588692057509
Zm00001eb328500,7,1,9.285714285714286,16,1.055261301180056
Zm00001eb328520,12,3,11.142857142857142,22,0.3724737563630242
Zm00001eb328530,6,2,7.428571428571429,14,0.3116037720788834
Zm00001eb328540,6,1,6.833333333333333,11,0.2988826124995061
Zm00001eb328560,15,5,5.72,22,1.3400450838549118
Zm00001eb328580,15,5,8.733333333333333,28,0.3465905816946357
Zm00001eb328590,4,1,7.5,12,0.6603367296573341
Zm00001eb328630,10,3,6.722222222222222,26,0.6544696137118361
Zm00001eb328640,5,1,10.2,17,0.5894494128682172
Zm00001eb328650,8,2,10.1,18,0.6021277864913399
Zm00001eb328690,7,2,9.5,25,0.5742570861404134
Zm00001eb328710,5,2,5.0,9,0.3126819932157182
Zm00001eb328730,13,6,7.28,21,0.3684464575921413
Zm00001eb328740,13,4,6.181818181818182,15,1.1938148960754655
Zm00001eb328760,9,2,11.3,28,0.7298544187889082
Zm00001eb328920,7,1,12.571428571428571,28,0.2672970391819081
Zm00001eb328950,11,2,7.8,23,0.2412619364379782
Zm00001eb328970,9,2,7.636363636363637,20,0.4660070445297635
Zm00001eb328980,7,2,5.222222222222222,15,0.9316270102150216
Zm00001eb329040,9,4,7.235294117647059,26,0.8035233671219167
Zm00001eb329070,12,3,9.842105263157896,45,0.3013087319595376
Zm00001eb329080,13,4,11.041666666666666,44,0.7107739457817344
Zm00001eb329090,8,2,5.9,16,0.1756953028988413
Zm00001eb329130,6,1,7.666666666666667,18,0.1412623358586094
Zm00001eb329150,9,2,6.384615384615385,14,0.2471984038291652
Zm00001eb329190,11,4,6.052631578947368,17,0.1482759784726948
Zm00001eb329200,7,1,16.714285714285715,87,0.6612320149096761
Zm00001eb329210,7,1,16.714285714285715,87,0.298202280827441
Zm00001eb329280,6,1,10.333333333333334,17,1.1779378549292527
Zm00001eb329290,7,1,15.571428571428571,59,0.475489717281896
Zm00001eb329360,10,3,9.588235294117647,29,0.6196891039742835
Zm00001eb329390,2,1,3.0,5,0.5661792707873504
Zm00001eb329400,2,1,3.0,5,0.1603176726056217
Zm00001eb329410,7,2,10.0,26,0.455328423749596
Zm00001eb329420,9,2,8.4,24,0.3721449167902921
Zm00001eb329490,6,1,13.833333333333334,34,0.344476396634484
Zm00001eb329550,12,3,14.444444444444445,48,0.4312705257671231
Zm00001eb329570,13,3,10.055555555555555,33,0.2694689930116628
Zm00001eb329580,11,3,7.375,21,0.8240735012771209
Zm00001eb329590,10,4,11.88888888888889,28,0.1808704742499428
Zm00001eb329620,12,4,17.25,76,0.812575223328847
Zm00001eb329630,9,2,6.916666666666667,26,0.0969196448483003
Zm00001eb329660,8,2,7.555555555555555,23,1.6918344203065243
Zm00001eb329680,7,1,4.857142857142857,10,0.1597031757660046
Zm00001eb329690,9,3,6.857142857142857,21,0.2868429721251661
Zm00001eb329710,9,2,4.545454545454546,11,0.1400347505613464
Zm00001eb329730,8,2,12.272727272727273,22,1.4953768316726328
Zm00001eb329760,9,2,9.7,28,0.2631523587102474
Zm00001eb329770,11,2,16.866666666666667,111,0.7020511543598658
Zm00001eb329780,16,8,11.488372093023257,88,0.8532127270812939
Zm00001eb329790,3,1,5.333333333333333,8,1.0254836705557258
Zm00001eb329840,9,1,8.333333333333334,30,0.4703285389022383
Zm00001eb329850,6,2,8.285714285714286,15,0.5472562139740446
Zm00001eb329860,10,2,9.916666666666666,30,0.3064013843404062
Zm00001eb329900,14,4,10.227272727272727,29,0.4458568344046345
Zm00001eb329910,11,4,6.65,22,0.2061226350899661
Zm00001eb329970,13,2,7.25,16,1.0490981758604874
Zm00001eb330010,11,3,11.95,75,1.3907981754493626
Zm00001eb330020,12,5,10.333333333333334,29,0.3055100084444452
Zm00001eb330030,4,1,7.25,18,1.348921332777582
Zm00001eb330040,13,4,5.75,13,0.2069969368636674
Zm00001eb330070,8,2,16.0,102,0.8230438080176848
Zm00001eb330080,4,1,9.25,18,0.1983213848515793
Zm00001eb330150,10,2,8.461538461538462,24,0.5968792118372328
Zm00001eb330160,9,3,6.588235294117647,22,0.7357782188636455
Zm00001eb330190,7,1,12.428571428571429,29,0.3717166578669987
Zm00001eb330260,3,1,12.333333333333334,22,0.1803147099440612
Zm00001eb330300,7,1,4.857142857142857,18,1.1696444767993928
Zm00001eb330310,7,1,7.714285714285714,28,0.5627641642581048
Zm00001eb330320,5,1,11.6,24,0.183345517204634
Zm00001eb330340,5,1,8.8,14,0.8950955870620505
Zm00001eb330380,11,3,12.222222222222221,42,0.3128551900267311
Zm00001eb330440,3,2,10.8,18,0.7067187227949059
Zm00001eb330450,12,6,8.32258064516129,27,0.8376126264711766
Zm00001eb330460,3,1,11.666666666666666,16,0.4657369578919572
Zm00001eb330470,8,1,5.75,11,0.2182000425297774
Zm00001eb330480,11,4,15.0625,39,0.3041201785461542
Zm00001eb330540,11,3,10.0,54,0.8755706462048519
Zm00001eb330550,10,3,9.615384615384615,20,0.5638392169003541
Zm00001eb330590,8,2,8.875,23,0.6681209776627728
Zm00001eb330600,11,3,10.944444444444445,19,0.1702995510461129
Zm00001eb330610,11,2,6.916666666666667,34,0.8464258330267564
Zm00001eb330650,15,9,11.914893617021276,62,0.4925639480328764
Zm00001eb330680,6,3,12.3,32,1.0116582464607382
Zm00001eb330690,5,1,21.2,80,0.5176661715349786
Zm00001eb330700,4,1,4.75,14,0.827547237860393
Zm00001eb330730,12,4,6.9411764705882355,20,0.3127612196499104
Zm00001eb330740,11,4,13.473684210526315,42,0.3409776348556277
Zm00001eb330750,8,1,8.625,36,0.915891788585635
Zm00001eb330760,10,2,6.666666666666667,14,0.6633236207888037
Zm00001eb330790,7,1,7.142857142857143,13,0.2174717708523679
Zm00001eb330800,12,3,9.904761904761905,27,1.1689616130290763
Zm00001eb330820,8,2,7.923076923076923,18,1.0025163730876516
Zm00001eb330840,8,1,6.625,22,0.7785891236613158
Zm00001eb330910,7,2,6.857142857142857,13,2.0439144156007165
Zm00001eb330920,11,3,11.5,37,0.6159548629625876
Zm00001eb331000,8,3,14.75,27,0.3496910944451197
Zm00001eb331090,4,1,21.5,44,0.6091909125418302
Zm00001eb331140,6,1,8.0,13,0.5999687139486977
Zm00001eb331160,1,1,7.0,7,0.7638456857082095
Zm00001eb331170,9,2,6.545454545454546,17,0.3852697391609629
Zm00001eb331210,7,2,10.9,32,0.6235441973175203
Zm00001eb331240,5,1,5.6,12,1.5024256760568666
Zm00001eb331260,3,1,5.333333333333333,8,0.5670965385558717
Zm00001eb331340,9,1,11.333333333333334,26,0.4690117128874891
Zm00001eb331360,6,1,5.166666666666667,11,0.6245028460130451
Zm00001eb331400,4,1,8.5,13,1.1955448430986049
Zm00001eb331410,6,1,9.666666666666666,26,0.6687713035613814
Zm00001eb331450,8,2,10.181818181818182,25,1.0685224899998635
Zm00001eb331460,11,4,8.375,20,0.556156235288102
Zm00001eb331470,7,3,8.333333333333334,15,0.1999164666616016
Zm00001eb331500,7,1,6.714285714285714,15,0.1822203139557521
Zm00001eb331540,7,2,10.777777777777779,24,0.4484214829868875
Zm00001eb331600,6,1,17.166666666666668,46,0.3706040427534016
Zm00001eb331630,3,1,7.666666666666667,15,0.9983624220139272
Zm00001eb331680,6,1,11.666666666666666,23,0.5305147166987796
Zm00001eb331700,7,2,14.625,32,0.7041882905396148
Zm00001eb331730,15,7,8.76086956521739,32,1.218448034667695
Zm00001eb331740,3,1,12.666666666666666,22,0.4959980207365069
Zm00001eb331760,15,4,9.153846153846153,37,0.6583694153773273
Zm00001eb331780,7,2,4.9,13,0.3689738496186028
Zm00001eb331790,7,1,8.0,15,0.3265547188671454
Zm00001eb331800,5,2,10.0,21,2.1587233328910767
Zm00001eb331960,5,1,10.6,20,0.6447574318245762
Zm00001eb331970,3,1,24.0,50,0.4160694009168502
Zm00001eb332000,5,1,5.4,10,1.87278095057102
Zm00001eb332010,5,1,10.8,40,0.9437426666645046
Zm00001eb332030,3,1,24.666666666666668,56,1.603123968931074
Zm00001eb332190,5,1,9.0,22,0.2203882192654453
Zm00001eb332200,9,2,6.0,12,1.2391921361391989
Zm00001eb332210,6,2,8.857142857142858,12,0.9288721711872132
Zm00001eb332230,15,8,11.634615384615385,58,0.78377958673978
Zm00001eb332260,14,5,9.777777777777779,37,0.6361067431916262
Zm00001eb332300,12,2,11.307692307692308,38,1.0333313126862471
Zm00001eb332330,8,2,13.0,55,2.0489064837511664
Zm00001eb332340,6,2,7.777777777777778,21,0.6430806912383504
Zm00001eb332380,5,2,7.9,24,0.3579471604887274
Zm00001eb332430,13,4,7.9523809523809526,27,0.9679194705929915
Zm00001eb332450,12,2,8.5,30,0.4403205560544453
Zm00001eb332480,12,3,10.0,49,1.7723661803690711
Zm00001eb332500,4,1,10.5,17,0.1960177295240908
Zm00001eb332540,3,1,13.666666666666666,17,0.4747015317904407
Zm00001eb332560,3,1,8.0,16,0.2712855847494291
Zm00001eb332570,14,8,7.533333333333333,21,2.473931188332412
Zm00001eb332580,5,1,15.6,53,0.1834544640107967
Zm00001eb332610,12,3,8.666666666666666,30,0.2273271217518953
Zm00001eb332630,8,1,9.25,32,0.5311456171299355
Zm00001eb332640,13,3,7.1875,17,0.3505092443926356
Zm00001eb332650,13,5,9.037037037037036,36,0.224008639961341
Zm00001eb332660,4,1,7.25,13,0.4152483257910111
Zm00001eb332690,6,1,6.0,11,0.3644675910108876
Zm00001eb332700,5,2,10.0,16,0.7308679991616023
Zm00001eb332710,4,1,5.0,10,0.3069632344954586
Zm00001eb332720,9,1,9.666666666666666,13,0.6228106406016034
Zm00001eb332790,13,4,8.9,26,1.1277642216920596
Zm00001eb332810,16,6,9.114285714285714,29,0.6391527643456599
Zm00001eb332830,13,3,7.631578947368421,17,0.8715274206823012
Zm00001eb332870,12,3,11.117647058823529,41,1.2776963492732447
Zm00001eb332910,12,4,8.666666666666666,40,0.2668125725770731
Zm00001eb332930,5,1,10.2,19,0.7064800700850704
Zm00001eb332960,13,3,8.5,18,0.5551432450296089
Zm00001eb332990,7,1,8.142857142857142,18,1.341057677877328
Zm00001eb333010,16,8,9.024390243902438,35,0.3796524438666565
Zm00001eb333050,12,3,8.133333333333333,49,0.7165045454791771
Zm00001eb333100,11,3,6.588235294117647,32,0.3260684914853585
Zm00001eb333130,5,1,5.6,15,0.3824871623907892
Zm00001eb333150,7,2,10.818181818181818,32,0.6077043313359202
Zm00001eb333170,5,1,11.6,24,1.552590365017576
Zm00001eb333200,3,1,12.0,18,0.6258726180907047
Zm00001eb333260,11,3,6.833333333333333,28,1.1853193301395537
Zm00001eb333270,6,1,9.666666666666666,30,0.2071453825966931
Zm00001eb333280,4,1,11.0,30,0.2983124931162746
Zm00001eb333300,12,3,5.764705882352941,24,1.2009922480519335
Zm00001eb333330,3,1,18.0,42,0.575881005590366
Zm00001eb333350,4,2,7.5,17,0.9432021375709758
Zm00001eb333360,5,1,6.6,16,0.528623361972519
Zm00001eb333380,3,1,6.666666666666667,11,0.5107196863188752
Zm00001eb333400,6,1,11.166666666666666,27,0.2420152683176349
Zm00001eb333410,6,1,6.666666666666667,13,0.7087540718427375
Zm00001eb333440,4,2,7.875,21,0.8427925933813954
Zm00001eb333460,7,2,11.0,20,0.1893209989258246
Zm00001eb333490,10,3,14.125,35,0.9612179057648664
Zm00001eb333500,4,1,7.5,12,0.6571988108183489
Zm00001eb333520,9,1,6.888888888888889,20,0.3186468382053593
Zm00001eb333540,12,2,7.142857142857143,16,0.5283591214999431
Zm00001eb333570,13,8,12.585365853658537,64,0.3711841992085252
Zm00001eb333580,4,1,9.25,18,0.4445654463905867
Zm00001eb333590,9,2,12.285714285714286,35,0.6464402242331104
Zm00001eb333620,14,5,7.92,34,0.8662144306171022
Zm00001eb333640,6,1,9.333333333333334,19,0.8169527106615351
Zm00001eb333730,2,1,4.5,6,0.2981523063126273
Zm00001eb333750,10,3,6.083333333333333,25,0.4532795125647426
Zm00001eb333760,12,5,11.64,52,0.3182729041693256
Zm00001eb333780,5,1,7.2,21,1.9972778455590088
Zm00001eb333890,8,4,7.285714285714286,25,0.2654476012999838
Zm00001eb333940,9,4,6.277777777777778,28,0.6766177269807866
Zm00001eb333950,5,1,7.4,20,0.4612142051821388
Zm00001eb333970,11,3,7.571428571428571,19,0.5934595716349933
Zm00001eb333980,13,3,9.041666666666666,28,0.8803849540226508
Zm00001eb333990,10,3,10.692307692307692,50,0.5439286445102388
Zm00001eb334050,4,1,10.5,15,0.1300727211994933
Zm00001eb334060,8,2,8.625,24,0.3607948273526271
Zm00001eb334070,11,3,8.928571428571429,21,0.1700535975637993
Zm00001eb334080,11,3,14.166666666666666,26,0.1740279368528592
Zm00001eb334090,6,1,19.166666666666668,61,1.0952475727769142
Zm00001eb334100,5,1,11.2,33,0.6520766965796931
Zm00001eb334110,9,2,9.1,24,0.2261453496027249
Zm00001eb334120,7,1,4.571428571428571,13,0.4930248731339302
Zm00001eb334130,6,3,3.75,9,0.1312943162229031
Zm00001eb334140,16,9,7.5,13,1.426763608824191
Zm00001eb334150,6,1,8.166666666666666,26,0.9090508944736392
Zm00001eb334160,9,2,17.818181818181817,92,1.1460241173711072
Zm00001eb334210,8,1,17.875,64,0.3426546948338704
Zm00001eb334220,12,5,7.903225806451613,25,0.1678000552964125
Zm00001eb334240,5,1,11.8,37,0.2622736718441072
Zm00001eb334270,9,1,7.777777777777778,19,0.4452893095056272
Zm00001eb334320,9,2,9.0,23,0.1139755507218166
Zm00001eb334330,5,1,9.0,23,0.3366822588444792
Zm00001eb334360,7,1,8.285714285714286,19,1.1584540193201025
Zm00001eb334370,9,3,15.88888888888889,97,1.6260578493745088
Zm00001eb334410,4,1,9.5,12,0.387596256039339
Zm00001eb334420,11,2,11.6,43,0.6554624783429561
Zm00001eb334430,8,1,10.375,35,0.3024831318182482
Zm00001eb334440,8,1,9.125,26,0.9086263796861777
Zm00001eb334480,5,1,7.8,13,0.2939617027660908
Zm00001eb334490,5,1,7.8,13,0.5960834901572115
Zm00001eb334540,14,3,6.8,47,0.6150416599624263
Zm00001eb334600,13,6,8.53125,31,0.4108904210067419
Zm00001eb334620,10,3,7.733333333333333,15,1.5067501197956688
Zm00001eb334650,14,6,11.333333333333334,27,2.052088511148454
Zm00001eb334740,13,4,5.409090909090909,12,0.2913020047646801
Zm00001eb334770,11,3,11.444444444444445,32,1.1183126175316451
Zm00001eb334780,7,1,9.142857142857142,25,1.5468061851290211
Zm00001eb334790,11,4,7.944444444444445,14,0.25071385994778
Zm00001eb334840,6,1,5.833333333333333,12,0.1676897559945452
Zm00001eb334860,5,1,8.2,13,0.8478286450379541
Zm00001eb334910,6,1,7.666666666666667,17,0.7761013479390687
Zm00001eb334920,6,1,9.666666666666666,36,0.540295589841752
Zm00001eb334940,15,5,7.62962962962963,23,0.8482383370654799
Zm00001eb334950,2,1,4.0,4,1.1693701365544875
Zm00001eb335020,2,1,5.5,10,4.153627288852774
Zm00001eb335030,4,1,12.5,16,4.0
Zm00001eb335060,5,1,7.8,27,0.581360045734425
Zm00001eb335070,15,9,8.162790697674419,40,0.4059167129247405
Zm00001eb335080,7,1,7.142857142857143,22,0.5879968761830009
Zm00001eb335130,9,3,11.533333333333333,45,0.7952915364835421
Zm00001eb335140,15,5,11.791666666666666,44,0.5127619239496589
Zm00001eb335200,7,2,12.8,56,0.2167239133537795
Zm00001eb335220,4,1,4.0,8,0.2112353349789714
Zm00001eb335230,4,1,13.0,24,0.9037677142740792
Zm00001eb335300,6,1,11.333333333333334,49,0.3154745693574241
Zm00001eb335330,5,1,6.0,8,0.5852095037147111
Zm00001eb335340,9,2,12.7,37,0.4210961573238974
Zm00001eb335350,4,1,8.5,14,0.4054426063518109
Zm00001eb335390,9,2,6.2,13,0.8940813042140637
Zm00001eb335430,2,1,7.0,7,2.8623124739561256
Zm00001eb335440,9,2,9.416666666666666,25,0.5180779453849316
Zm00001eb335460,17,8,7.934782608695652,35,0.222392421336448
Zm00001eb335470,14,5,13.848484848484848,43,0.8681143650975972
Zm00001eb335560,5,1,5.8,12,0.8252496089531568
Zm00001eb335570,4,1,10.0,16,0.7266462950094195
Zm00001eb335590,16,8,9.707317073170731,22,0.3628833481439806
Zm00001eb335600,3,1,9.0,9,2.248452506373996
Zm00001eb335610,11,3,9.4,19,3.007436835848513
Zm00001eb335620,5,1,31.0,121,0.1776339596236622
Zm00001eb335640,10,2,8.846153846153847,19,0.1905228952971637
Zm00001eb335670,3,1,13.0,17,0.9375382645171656
Zm00001eb335680,3,1,11.666666666666666,22,1.172571014319578
Zm00001eb335690,10,2,9.076923076923077,21,0.1686774695215365
Zm00001eb335710,9,2,11.333333333333334,35,0.289925395410396
Zm00001eb335740,10,2,4.615384615384615,10,0.3224162654322655
Zm00001eb335790,9,2,10.454545454545455,35,0.3213012357396602
Zm00001eb335800,6,1,10.166666666666666,26,0.3028487556045939
Zm00001eb335810,6,1,6.666666666666667,10,0.2823315328612441
Zm00001eb335820,2,1,10.5,11,0.2899028855089003
Zm00001eb335850,5,1,7.8,21,0.1138418090413246
Zm00001eb335870,14,8,9.622222222222222,27,0.3479336345178924
Zm00001eb335900,8,2,4.636363636363637,10,0.2039976679997841
Zm00001eb335910,7,1,6.0,10,2.1478126094618135
Zm00001eb335980,11,4,6.421052631578948,26,2.2599469757177753
Zm00001eb335990,7,2,8.5,26,0.8665528513090858
Zm00001eb336010,16,7,7.205128205128205,22,1.5563652796283485
Zm00001eb336020,6,1,4.333333333333333,12,1.2531903569152634
Zm00001eb336030,14,4,10.75,62,1.379171050156206
Zm00001eb336070,14,4,7.32,26,0.1304360784848133
Zm00001eb336080,10,4,13.91304347826087,149,0.9382647237329704
Zm00001eb336090,7,1,7.428571428571429,17,1.748778732054836
Zm00001eb336170,15,5,11.612903225806452,36,0.9015803792327614
Zm00001eb336290,2,1,7.0,10,0.3625700793847083
Zm00001eb336310,14,4,9.84,23,0.5501685191365537
Zm00001eb336410,10,3,6.6,11,0.1960723509413974
Zm00001eb336420,4,1,7.25,17,1.002981463531437
Zm00001eb336460,13,7,9.81578947368421,23,0.3389715271026002
Zm00001eb336470,8,2,8.909090909090908,21,0.4654531343402621
Zm00001eb336490,16,10,8.20754716981132,28,1.2215827725658888
Zm00001eb336530,6,1,3.3333333333333335,7,0.3143227733696531
Zm00001eb336580,16,11,6.428571428571429,20,0.2181724511119936
Zm00001eb336590,11,5,4.8,14,0.3283064031959534
Zm00001eb336650,13,5,8.285714285714286,53,0.7558880147513188
Zm00001eb336670,5,1,8.4,21,1.5875927505994614
Zm00001eb336700,6,1,11.0,30,0.7401160879228048
Zm00001eb336730,5,2,6.666666666666667,15,1.2034591652787592
Zm00001eb336740,11,3,11.4375,43,1.140166719581534
Zm00001eb336760,13,3,14.5,60,0.3588659484369904
Zm00001eb336790,3,1,10.333333333333334,13,0.3196973520605064
Zm00001eb336800,12,4,8.470588235294118,57,0.5010807100255135
Zm00001eb336810,9,1,6.444444444444445,13,0.5135176961794012
Zm00001eb336820,13,5,9.76,52,0.2524259886467138
Zm00001eb336840,6,2,13.0,23,0.202481538785846
Zm00001eb336850,11,2,10.785714285714286,30,0.5438947786670337
Zm00001eb336870,10,2,11.538461538461538,27,0.247174115365583
Zm00001eb336890,8,3,5.7272727272727275,18,0.1412704979255285
Zm00001eb336920,5,1,6.8,26,0.3897613291705828
Zm00001eb336930,11,3,9.1875,25,0.4412027403897107
Zm00001eb336950,6,1,6.833333333333333,16,0.2440167587442387
Zm00001eb336960,4,1,6.0,12,0.3749049622420931
Zm00001eb336990,11,5,11.88,40,0.462596837849737
Zm00001eb337010,13,3,9.727272727272727,45,0.2712087785460038
Zm00001eb337060,8,2,14.1,74,0.6879631238687534
Zm00001eb337110,11,3,9.294117647058824,24,1.0182065231064823
Zm00001eb337140,16,8,9.86,28,0.4394701822230524
Zm00001eb337150,3,1,10.333333333333334,20,1.4777786542731668
Zm00001eb337180,11,3,10.5,27,0.8517335538834289
Zm00001eb337190,13,3,8.842105263157896,17,0.6403178977443778
Zm00001eb337240,10,4,10.95,25,0.1532042917606717
Zm00001eb337250,14,5,8.916666666666666,24,0.3115107477022905
Zm00001eb337270,8,2,14.909090909090908,71,0.5849625007211562
Zm00001eb337340,12,4,6.55,22,0.4527982109781037
Zm00001eb337350,12,4,7.083333333333333,22,0.6006409872058011
Zm00001eb337390,9,1,13.11111111111111,29,0.6709864131845853
Zm00001eb337410,13,5,11.28,32,0.6183291778950446
Zm00001eb337450,12,2,13.416666666666666,25,0.4783875601420207
Zm00001eb337510,14,3,8.157894736842104,16,1.515912546045041
Zm00001eb337520,16,6,7.324324324324325,29,0.3641809768453434
Zm00001eb337540,7,1,6.285714285714286,8,1.1473465232901996
Zm00001eb337550,5,1,18.8,48,0.6347880703835967
Zm00001eb337600,12,3,11.5,30,0.2135097182774819
Zm00001eb337610,9,1,10.222222222222221,18,0.4466978924623968
Zm00001eb337650,4,2,10.2,19,0.5944053397551299
Zm00001eb337680,10,1,9.8,19,2.807354922057604
Zm00001eb337720,5,1,30.2,87,2.196052113488774
Zm00001eb337780,5,1,4.8,12,5.754887502163468
Zm00001eb337810,12,4,8.4375,33,0.1044436600097474
Zm00001eb337820,3,1,14.666666666666666,22,0.6377496171133523
Zm00001eb337840,6,1,9.166666666666666,25,0.3054970438989553
Zm00001eb337860,4,1,15.25,44,1.0418201756946268
Zm00001eb337890,9,3,8.4375,19,0.8737743432756393
Zm00001eb337900,5,2,7.75,11,0.5612518996346828
Zm00001eb337950,4,1,7.25,13,0.7851989091869411
Zm00001eb337970,5,1,13.0,41,0.240574475304687
Zm00001eb338010,7,1,11.857142857142858,49,0.4258430483769192
Zm00001eb338030,6,1,10.0,29,1.458604561879734
Zm00001eb338070,5,2,7.428571428571429,13,0.7504911394638122
Zm00001eb338150,10,2,7.866666666666666,23,0.7369655941662062
Zm00001eb338160,4,1,13.5,24,1.347670446127029
Zm00001eb338170,5,1,20.2,86,0.7645040289735922
Zm00001eb338180,3,1,15.666666666666666,24,0.4807911225986114
Zm00001eb338190,7,1,9.285714285714286,18,0.1627268873900804
Zm00001eb338240,9,5,10.384615384615385,27,0.7321185839390938
Zm00001eb338260,13,5,11.04,39,0.1559010197730061
Zm00001eb338290,11,2,6.4,15,0.3826985460968734
Zm00001eb338300,8,2,10.615384615384615,28,0.2265278257902867
Zm00001eb338310,2,1,7.5,8,0.1610769818926975
Zm00001eb338340,2,1,13.5,21,0.6399498133347485
Zm00001eb338360,3,1,19.0,34,0.5474877953024935
Zm00001eb338370,9,3,9.384615384615385,21,0.2891986038232502
Zm00001eb338420,7,1,8.428571428571429,28,0.5599018032811476
Zm00001eb338510,6,1,7.0,11,0.5936916049500096
Zm00001eb338570,3,1,6.333333333333333,7,0.3267650793337263
Zm00001eb338610,6,1,10.666666666666666,23,0.4465306104260266
Zm00001eb338620,15,6,9.548387096774194,29,0.5883558626352318
Zm00001eb338660,6,1,6.333333333333333,8,0.2080788888181329
Zm00001eb338670,5,1,3.0,11,0.159043925995433
Zm00001eb338740,4,1,12.5,18,3.272713458579841
Zm00001eb338770,9,2,13.181818181818182,29,0.209913456117777
Zm00001eb338780,10,4,9.6875,28,1.1824076309961962
Zm00001eb338800,12,3,8.2,19,0.6110548204100902
Zm00001eb338860,7,1,6.714285714285714,20,0.6884698313907337
Zm00001eb338890,7,1,10.285714285714286,18,0.3766082654594856
Zm00001eb338910,11,3,12.0,76,0.7711887427884802
Zm00001eb338920,10,2,15.23076923076923,76,1.299326339055522
Zm00001eb338940,5,1,18.4,21,0.5408327710170331
Zm00001eb338990,10,4,16.789473684210527,47,0.9802265051931592
Zm00001eb339010,11,3,10.625,52,0.2180349793157638
Zm00001eb339040,5,2,6.333333333333333,11,1.6097745732459787
Zm00001eb339070,4,1,8.25,10,0.6033641532325081
Zm00001eb339100,9,2,6.6,22,0.3609968141578766
Zm00001eb339150,5,1,8.8,16,1.2027666148797904
Zm00001eb339270,2,1,8.0,9,0.0909572197409211
Zm00001eb339310,9,2,9.363636363636363,32,0.5587739025686999
Zm00001eb339340,13,5,5.863636363636363,24,0.4456795123746014
Zm00001eb339380,1,1,9.0,9,1.2256192064903684
Zm00001eb339410,5,1,8.2,20,0.6597471466110675
Zm00001eb339420,10,5,8.6,31,1.708408839662669
Zm00001eb339460,5,1,9.6,13,0.2340231198460609
Zm00001eb339480,9,2,6.583333333333333,15,0.4292392654600405
Zm00001eb339490,10,2,10.76923076923077,51,0.3848886519949568
Zm00001eb339500,10,2,17.583333333333332,99,0.5247424882809927
Zm00001eb339700,8,1,10.75,28,0.2363642206253776
Zm00001eb339710,6,2,6.444444444444445,14,0.3355384286971492
Zm00001eb339720,13,4,8.523809523809524,30,0.5734279969724961
Zm00001eb339810,4,1,11.0,20,1.0315704338283476
Zm00001eb339850,6,1,9.5,17,0.3815740093554785
Zm00001eb339860,4,1,12.0,31,0.1895055108451875
Zm00001eb339870,3,1,4.666666666666667,6,0.3724563474725659
Zm00001eb339890,8,1,9.0,19,0.2803787542546385
Zm00001eb339900,4,1,6.25,11,0.3797361208782977
Zm00001eb339940,5,1,5.2,10,0.8744691179161409
Zm00001eb339950,3,1,10.666666666666666,12,1.365965054966229
Zm00001eb339970,9,4,10.5,22,0.6712533458529576
Zm00001eb339990,8,1,13.0,62,0.9800530322688048
Zm00001eb340000,16,5,9.03125,32,0.8958556755821436
Zm00001eb340140,3,1,6.666666666666667,13,0.9577613068053584
Zm00001eb340160,13,5,8.384615384615385,32,0.4629311898052026
Zm00001eb340190,13,3,12.68421052631579,61,1.069928853849177
Zm00001eb340260,9,3,7.142857142857143,23,0.4255132948964534
Zm00001eb340270,6,1,10.0,21,1.088012421301751
Zm00001eb340280,8,2,6.461538461538462,17,1.9169904079506173
Zm00001eb340350,7,2,3.909090909090909,16,0.1055357144624264
Zm00001eb340410,8,3,8.3,24,1.3294268803941465
Zm00001eb340430,7,1,5.142857142857143,11,0.6780719051126377
Zm00001eb340450,12,3,9.9,39,0.4960722919559608
Zm00001eb340500,4,1,8.25,14,0.4332145929176262
Zm00001eb340520,13,4,11.666666666666666,36,0.1588565197831873
Zm00001eb340550,6,1,7.0,12,0.7259521288617355
Zm00001eb340570,11,5,12.681818181818182,74,1.690915286283845
Zm00001eb340580,9,2,13.636363636363637,74,0.3030222451595519
Zm00001eb340650,13,6,9.25,28,0.5018359742664426
Zm00001eb340670,4,1,8.0,13,0.8511239337800084
Zm00001eb340750,8,2,5.769230769230769,16,1.0866474776720028
Zm00001eb340760,8,2,12.666666666666666,28,0.6694973074658058
Zm00001eb340780,11,2,9.833333333333334,44,0.2237975982673349
Zm00001eb340790,14,4,13.0,41,0.3179351290038845
Zm00001eb341080,8,1,13.5,25,0.8792080199071829
Zm00001eb341250,3,1,17.666666666666668,31,0.4170394292987631
Zm00001eb341540,5,1,7.2,11,0.3263720163661212
Zm00001eb341940,11,2,4.384615384615385,16,0.2309460039435449
Zm00001eb341960,5,1,17.8,32,0.2494399036215639
Zm00001eb341970,7,1,6.428571428571429,14,0.1438001313506369
Zm00001eb342110,7,1,14.285714285714286,44,1.417179588998655
Zm00001eb342150,13,3,5.761904761904762,16,1.066557448278788
Zm00001eb342190,8,1,7.75,15,0.4241497646946689
Zm00001eb342240,5,1,27.4,73,0.93670931796703
Zm00001eb342270,12,3,9.833333333333334,36,2.694475937953326
Zm00001eb342290,13,6,11.0,30,0.4018667238018634
Zm00001eb342310,9,3,8.5,16,0.3374045712031012
Zm00001eb342340,8,3,11.538461538461538,50,0.862278783644338
Zm00001eb342350,8,1,15.125,41,0.5132111270613143
Zm00001eb342360,4,1,9.75,28,0.2671237649923201
Zm00001eb342370,14,4,12.818181818181818,134,0.0
Zm00001eb342390,14,4,12.818181818181818,134,0.7254532664866499
Zm00001eb342430,9,4,14.857142857142858,67,0.2318264039770745
Zm00001eb342490,8,4,8.636363636363637,23,0.1918582266982638
Zm00001eb342540,7,1,6.285714285714286,10,1.294452156260043
Zm00001eb342550,4,1,7.5,23,0.6233786955617624
Zm00001eb342590,5,1,9.6,26,0.4366676652743084
Zm00001eb342620,11,3,8.333333333333334,59,0.2163538803353897
Zm00001eb342640,6,1,9.0,17,0.1903643645828095
Zm00001eb342660,6,1,9.0,17,0.5407654563480034
Zm00001eb342710,5,1,8.6,22,0.2283252363216412
Zm00001eb342730,16,8,7.961538461538462,28,0.1720070904068593
Zm00001eb342850,6,1,8.666666666666666,14,1.0328034603418956
Zm00001eb342910,3,1,12.0,24,0.6615767322510723
Zm00001eb342930,5,1,8.8,18,0.2081556432692949
Zm00001eb342960,7,1,13.428571428571429,42,0.1662892112829912
Zm00001eb342970,6,1,26.833333333333332,93,0.1586605336235065
Zm00001eb343010,10,4,5.85,13,0.4852911551327877
Zm00001eb343100,3,1,5.0,10,0.3035738735665346
Zm00001eb343110,4,1,11.5,23,0.2342110090310404
Zm00001eb343200,7,1,9.0,25,0.3221291881824217
Zm00001eb343240,9,1,7.0,14,0.377883334945348
Zm00001eb343290,6,1,11.833333333333334,29,0.3428919988599038
Zm00001eb343350,7,1,5.142857142857143,11,0.2325090472463223
Zm00001eb343390,6,4,8.5,21,0.727243978366943
Zm00001eb343440,10,2,8.8,23,0.9361181123440908
Zm00001eb343460,4,1,12.0,18,0.2626853532389162
Zm00001eb343490,5,1,17.6,55,0.3008398327752004
Zm00001eb343530,4,1,9.75,24,0.925037942318778
Zm00001eb343570,9,2,6.6,12,0.4023102442795004
Zm00001eb343590,9,2,7.5,15,0.2700126167058211
Zm00001eb343760,7,1,9.857142857142858,21,2.0
Zm00001eb343770,4,1,6.5,11,0.2958202350827127
Zm00001eb343900,12,5,7.777777777777778,22,0.0606749195069684
Zm00001eb343930,8,2,3.7777777777777777,13,0.3738669018744954
Zm00001eb343950,7,2,9.25,25,0.4447155044289214
Zm00001eb343960,5,1,12.2,22,0.246639967583125
Zm00001eb344010,8,2,15.777777777777779,71,2.1013574895699976
Zm00001eb344070,7,3,13.8,39,0.2489682476167309
Zm00001eb344100,5,1,9.8,16,0.7504558947050677
Zm00001eb344140,4,1,17.25,30,2.367599299510597
Zm00001eb344210,3,1,4.333333333333333,9,0.222791980908299
Zm00001eb344300,8,3,9.416666666666666,36,0.2922718195321595
Zm00001eb344340,4,1,6.25,14,0.3058167421135189
Zm00001eb344390,9,2,8.0,15,0.974299069284304
Zm00001eb344400,5,1,7.6,14,0.3638003204381506
Zm00001eb344420,5,1,17.6,60,0.6320053874431576
Zm00001eb344480,9,4,12.25,67,3.321928094887362
Zm00001eb344500,4,1,16.25,36,0.4617280974734308
Zm00001eb344530,4,1,13.5,38,0.7964699025423778
Zm00001eb344710,10,2,7.818181818181818,19,0.4328120054720157
Zm00001eb344730,8,1,7.125,36,0.7690566900201423
Zm00001eb344750,4,1,6.5,15,0.2072509630549076
Zm00001eb344770,3,1,5.666666666666667,6,0.3135292056255343
Zm00001eb344790,3,1,5.666666666666667,6,0.1295104098056539
Zm00001eb344820,12,4,12.31578947368421,62,0.1919573475815254
Zm00001eb344890,4,1,3.75,8,0.4604570926752767
Zm00001eb344910,2,1,5.0,7,0.6863459920380822
Zm00001eb344950,9,2,7.636363636363637,19,0.3634908385967993
Zm00001eb344960,9,3,6.5,15,0.2290315530972002
Zm00001eb344970,7,2,10.222222222222221,23,0.67093217849571
Zm00001eb345060,10,4,9.25,22,1.4369409412408354
Zm00001eb345070,2,1,6.5,10,0.1469748596890981
Zm00001eb345230,11,2,6.6,13,0.2520352540804801
Zm00001eb345250,6,1,6.666666666666667,17,0.1558548962671487
Zm00001eb345260,4,1,3.75,7,0.5828359713433142
Zm00001eb345270,11,4,8.807692307692308,38,0.6006738964482791
Zm00001eb345370,8,3,11.083333333333334,42,1.5025003405291837
Zm00001eb345510,11,3,8.8,24,0.3755853584691109
Zm00001eb345530,10,2,9.363636363636363,25,0.9075125975624236
Zm00001eb345540,5,1,9.0,13,0.262236940048458
Zm00001eb345550,4,2,11.75,27,1.318684946867858
Zm00001eb345570,9,2,11.214285714285714,30,0.7750163178004394
Zm00001eb345580,5,2,22.1,38,2.2873589808089703
Zm00001eb345610,12,2,6.611111111111111,16,0.1551641332050798
Zm00001eb345750,13,3,8.866666666666667,25,0.577013479872306
Zm00001eb345770,15,5,7.607142857142857,26,0.8732340304588524
Zm00001eb345880,5,1,7.6,18,0.5978591632015336
Zm00001eb345900,4,1,9.25,13,0.2826056712615816
Zm00001eb345910,6,2,9.142857142857142,21,3.1890390688074604
Zm00001eb345950,7,1,6.714285714285714,15,1.0565016455818892
Zm00001eb345980,12,4,7.583333333333333,24,3.0517753505237306
Zm00001eb346120,8,3,10.25,18,0.1382982590680826
Zm00001eb346250,2,1,7.0,13,0.654171834094959
Zm00001eb346400,4,1,11.0,16,0.2045155052434313
Zm00001eb346420,10,2,12.153846153846153,21,0.8436307189405643
Zm00001eb346450,9,2,5.7272727272727275,14,1.146981652017718
Zm00001eb346550,5,1,22.6,70,0.2160613358835443
Zm00001eb346570,8,1,10.75,34,0.6433382393196413
Zm00001eb346590,8,2,7.7,17,0.4518505247161964
Zm00001eb346620,10,2,7.846153846153846,14,0.5595756702573674
Zm00001eb346660,13,5,6.68,33,0.2499184166130943
Zm00001eb346710,8,1,11.125,26,0.5849625007211563
Zm00001eb346750,16,6,9.024390243902438,29,0.8076718819756593
Zm00001eb346790,11,2,8.5,22,0.1836672297780553
Zm00001eb346800,4,1,10.0,13,0.1161329895872976
Zm00001eb346810,3,1,8.0,14,0.282817818154142
Zm00001eb346860,10,1,5.8,14,1.006245112438284
Zm00001eb346870,8,2,6.5,18,0.3471122623587664
Zm00001eb346880,6,2,12.4,26,0.4051176055414698
Zm00001eb346890,5,1,7.8,15,0.4391749808904326
Zm00001eb346910,7,1,18.285714285714285,80,0.8679575763355681
Zm00001eb346920,3,2,1.6666666666666667,2,1.022045564500777
Zm00001eb347000,7,1,7.285714285714286,19,0.2789543979364986
Zm00001eb347020,10,2,9.692307692307692,25,0.8001715186936362
Zm00001eb347040,4,2,3.4285714285714284,6,1.2363702659862126
Zm00001eb347060,6,2,5.833333333333333,8,0.9910042256309632
Zm00001eb347090,3,1,7.0,13,0.4639025226662062
Zm00001eb347100,3,1,8.666666666666666,17,1.47150770826409
Zm00001eb347110,7,1,8.857142857142858,20,0.1806869414448016
Zm00001eb347150,8,2,6.7272727272727275,26,0.1559932556966644
Zm00001eb347190,10,3,7.75,19,0.5766430320466536
Zm00001eb347200,7,1,11.571428571428571,33,0.6593818651722662
Zm00001eb347310,3,1,5.333333333333333,9,0.4342012577869658
Zm00001eb347320,5,1,4.2,10,0.7127089603159309
Zm00001eb347340,11,6,11.296296296296296,43,0.3286131716013937
Zm00001eb347420,7,2,8.25,35,0.4254649828493756
Zm00001eb347430,4,1,5.25,10,0.2543866686073228
Zm00001eb347450,4,1,11.25,16,0.2387562278010903
Zm00001eb347530,6,1,4.5,12,0.9582193045145666
Zm00001eb347600,12,4,9.272727272727273,42,0.2622241572825406
Zm00001eb347620,10,4,10.695652173913043,62,0.3153907107350061
Zm00001eb347630,11,3,5.428571428571429,22,0.6254096750842145
Zm00001eb347640,8,3,12.909090909090908,46,0.5100234669985764
Zm00001eb347660,15,4,8.44,27,1.89164518199981
Zm00001eb347670,9,2,4.454545454545454,9,0.2076672819747116
Zm00001eb347680,4,1,4.0,6,0.5428903588205756
Zm00001eb347710,6,1,9.333333333333334,24,0.5168697514841266
Zm00001eb347720,7,1,6.428571428571429,19,0.9482276000456806
Zm00001eb347770,13,3,11.5,34,0.9643826793362712
Zm00001eb347800,7,1,14.571428571428571,59,1.0865461402604977
Zm00001eb347850,6,1,5.166666666666667,10,0.412667798105805
Zm00001eb347960,5,1,6.0,10,0.0516685272021911
Zm00001eb348240,5,1,14.8,37,0.1972494808599844
Zm00001eb348270,9,2,14.642857142857142,65,1.0119122765452897
Zm00001eb348290,12,4,11.5,51,1.049043792762148
Zm00001eb348330,7,1,14.428571428571429,80,2.5025003405291835
Zm00001eb348450,7,3,11.333333333333334,26,0.3748563975847588
Zm00001eb348520,2,1,3.5,4,0.92949786032382
Zm00001eb348530,8,1,6.875,26,0.4207323565312937
Zm00001eb348550,3,1,39.666666666666664,86,0.6001991063558944
Zm00001eb348580,4,1,6.5,10,0.7594091883995251
Zm00001eb348600,7,1,8.142857142857142,18,0.4257197706667754
Zm00001eb348620,6,2,10.555555555555555,34,0.4868110650701887
Zm00001eb348650,3,1,19.666666666666668,27,0.1904401650015606
Zm00001eb348730,7,2,6.125,16,0.4602283802615505
Zm00001eb348760,7,1,19.142857142857142,45,0.8991513828359194
Zm00001eb348770,5,2,7.8,14,1.005087579099051
Zm00001eb348780,4,1,10.0,28,0.6251723734999817
Zm00001eb348810,7,2,17.375,37,0.4603483272689713
Zm00001eb348820,6,2,4.714285714285714,7,0.478409599715697
Zm00001eb348850,10,2,8.166666666666666,24,0.7813029648342633
Zm00001eb348870,8,1,5.75,14,0.1315141002400498
Zm00001eb348890,13,4,11.947368421052632,65,0.1806251946153829
Zm00001eb348980,4,1,7.25,13,0.3470699630096986
Zm00001eb349010,14,4,8.777777777777779,25,0.2986465257697854
Zm00001eb349030,13,5,8.428571428571429,33,0.4874679200301864
Zm00001eb349040,11,3,8.428571428571429,20,0.6164520500742102
Zm00001eb349050,5,1,3.6,5,0.2311781810732889
Zm00001eb349060,10,2,11.7,26,0.8719671382463655
Zm00001eb349080,5,1,15.2,53,0.2554453460542873
Zm00001eb349090,9,2,11.0,29,0.2892176344731866
Zm00001eb349110,12,4,6.933333333333334,16,0.5352390452182976
Zm00001eb349120,7,1,8.571428571428571,18,0.7828021860785705
Zm00001eb349130,9,3,6.785714285714286,16,0.3209194272103652
Zm00001eb349140,9,3,6.785714285714286,16,0.4473542818607094
Zm00001eb349160,3,1,11.0,13,0.2915639920996069
Zm00001eb349170,7,3,11.818181818181818,63,0.3611447932438542
Zm00001eb349320,6,1,12.166666666666666,29,1.3617434630370628
Zm00001eb349360,6,1,7.0,20,0.9125744323170808
Zm00001eb349390,10,3,11.25,55,0.3719791746052029
Zm00001eb349410,10,2,9.25,29,0.3640875276041575
Zm00001eb349450,7,2,6.875,23,0.5361492780015197
Zm00001eb349480,4,2,15.571428571428571,25,0.2019825053063161
Zm00001eb349490,11,3,5.5625,11,0.7536764059422235
Zm00001eb349520,8,2,10.090909090909092,28,0.5274488426245861
Zm00001eb349710,6,1,16.5,34,0.3636599192762154
Zm00001eb349760,4,1,13.0,17,0.9233503290817688
Zm00001eb349770,4,1,12.0,18,0.2065324453310925
Zm00001eb349780,4,1,6.0,16,0.2111979943266891
Zm00001eb349800,5,1,4.8,12,0.5196839789030387
Zm00001eb349830,9,2,7.5,18,0.0842093865091986
Zm00001eb349840,6,2,22.142857142857142,53,0.4436397597305144
Zm00001eb349860,13,3,7.444444444444445,15,0.4347413398445175
Zm00001eb349880,8,3,4.454545454545454,14,0.3505321666473135
Zm00001eb349910,7,1,9.285714285714286,39,0.2921153746784807
Zm00001eb350050,9,2,9.166666666666666,24,0.1838862299858443
Zm00001eb350090,6,1,11.0,18,0.644483038686037
Zm00001eb350100,10,3,12.476190476190476,53,0.8911627642999146
Zm00001eb350110,8,1,7.625,14,0.4150374992788438
Zm00001eb350120,9,2,14.9,32,1.1665436429112497
Zm00001eb350150,7,2,7.6,18,0.5720180206687806
Zm00001eb350170,8,3,10.9,50,0.4431062099861922
Zm00001eb350240,6,1,3.8333333333333335,7,0.2361052819720642
Zm00001eb350300,8,2,17.333333333333332,65,0.4845612262911357
Zm00001eb350430,7,2,13.25,21,0.3840209550147145
Zm00001eb350460,7,1,13.571428571428571,30,0.6365871378058757
Zm00001eb350470,5,1,8.2,11,2.0316640359414584
Zm00001eb350530,9,1,9.444444444444445,36,2.011183906514227
Zm00001eb350620,9,1,10.555555555555555,27,0.815251212866235
Zm00001eb350630,14,6,12.214285714285714,55,0.196256890073762
Zm00001eb350650,7,2,12.583333333333334,41,0.2889890490904925
Zm00001eb350660,9,1,7.444444444444445,18,0.4386294181267517
Zm00001eb350700,5,1,7.4,12,0.6343281553898866
Zm00001eb350710,5,1,7.4,15,0.287612356715223
Zm00001eb350760,2,1,6.0,11,0.3305545225827453
Zm00001eb350770,5,1,6.2,11,0.8417008349995386
Zm00001eb350800,11,3,8.6,26,0.5797417773323915
Zm00001eb350820,5,1,8.0,19,0.2924812503605781
Zm00001eb350860,15,6,6.75,18,0.7018387305144012
Zm00001eb350870,9,1,9.222222222222221,28,0.2225192318423046
Zm00001eb350910,11,2,8.928571428571429,35,0.472823074317605
Zm00001eb351010,8,1,8.125,18,0.3479907189719004
Zm00001eb351020,8,1,8.625,17,1.1191276346976593
Zm00001eb351030,12,5,5.72,17,0.8965612976371212
Zm00001eb351050,14,4,9.52,92,0.7771608354537382
Zm00001eb351080,9,1,6.888888888888889,17,0.5504384899854684
Zm00001eb351090,15,7,8.13888888888889,30,0.3578056147482513
Zm00001eb351270,7,1,7.428571428571429,15,0.2667170604094471
Zm00001eb351280,4,1,16.75,44,0.4182173673402184
Zm00001eb351330,14,3,11.764705882352942,71,0.2194929189753109
Zm00001eb351340,6,1,7.0,17,0.7674170348513856
Zm00001eb351390,2,1,7.0,9,0.3236227116981298
Zm00001eb351400,7,2,6.0,17,0.7070348797785357
Zm00001eb351410,10,3,6.928571428571429,24,0.2423715566018614
Zm00001eb351430,5,1,9.8,27,0.8857428785585215
Zm00001eb351490,14,5,8.958333333333334,31,0.8847080701537564
Zm00001eb351570,13,3,9.25,35,0.3868557542752166
Zm00001eb351630,14,5,6.896551724137931,18,0.1413950833958063
Zm00001eb351640,6,1,3.6666666666666665,8,2.5493589578129603
Zm00001eb351700,8,2,7.0,29,1.6413990967021388
Zm00001eb351780,13,5,6.642857142857143,20,0.2168669488781104
Zm00001eb351790,16,5,6.685714285714286,21,0.730625238271548
Zm00001eb351800,16,5,6.685714285714286,21,0.9377894259773224
Zm00001eb351830,2,1,9.0,14,0.2449643151779394
Zm00001eb351840,2,1,9.0,14,1.0343758809374837
Zm00001eb351870,6,2,7.2,15,1.3109053897692713
Zm00001eb351910,5,1,3.0,6,0.4366163433346173
Zm00001eb351930,11,2,7.75,42,0.1330126821352318
Zm00001eb351960,15,8,6.431818181818182,18,0.6963953668915179
Zm00001eb351970,10,2,9.285714285714286,32,0.2373156726833042
Zm00001eb351980,12,5,8.655172413793103,34,0.5689520396479596
Zm00001eb352040,4,1,6.25,12,0.2758925412667097
Zm00001eb352130,4,1,13.5,28,0.4142289773660051
Zm00001eb352140,7,2,6.571428571428571,10,0.5075429263150729
Zm00001eb352200,8,2,7.2727272727272725,17,2.7183174275228867
Zm00001eb352250,6,1,14.0,39,0.1510965137268565
Zm00001eb352260,12,5,8.28,42,0.3317527768797106
Zm00001eb352310,3,1,8.0,15,0.4130468926721873
Zm00001eb352350,6,1,14.666666666666666,38,0.2171932793680906
Zm00001eb352360,13,4,13.391304347826088,70,0.5284679455130082
Zm00001eb352370,13,5,12.833333333333334,70,1.162975047474852
Zm00001eb352380,6,1,14.5,62,1.450086024521959
Zm00001eb352390,5,2,12.0,23,0.3893620364451406
Zm00001eb352450,7,2,11.8,26,0.7053415313949735
Zm00001eb352470,8,2,7.333333333333333,25,0.864404163216586
Zm00001eb352500,4,1,9.5,14,0.6587879950349138
Zm00001eb352580,8,1,15.125,75,0.1752443093955474
Zm00001eb352590,8,2,15.090909090909092,33,2.0443941193584534
Zm00001eb352680,6,2,6.666666666666667,16,2.51945643977043
Zm00001eb352700,13,3,6.6875,18,1.3681462499726351
Zm00001eb352710,15,7,8.34375,35,4.3211334617633375
Zm00001eb352720,6,1,11.333333333333334,47,1.30301733716933
Zm00001eb352760,6,2,11.5,26,1.3639723194348692
Zm00001eb352780,6,2,11.5,26,0.8532141242789378
Zm00001eb352790,4,1,2.0,3,0.5121313918941651
Zm00001eb352860,8,2,11.333333333333334,27,0.446703577968426
Zm00001eb352910,4,1,9.25,21,0.4583630977498782
Zm00001eb352940,4,1,7.75,11,0.3720897540688436
Zm00001eb352970,11,2,6.076923076923077,16,0.5849625007211562
Zm00001eb352990,3,1,11.333333333333334,20,0.5549681001669046
Zm00001eb353030,11,3,14.722222222222221,66,0.375369467979643
Zm00001eb353050,4,1,8.0,22,0.6157730760972195
Zm00001eb353070,13,3,7.238095238095238,18,0.8115408809677759
Zm00001eb353080,9,3,6.5,13,1.283104802553501
Zm00001eb353120,5,1,12.4,31,0.8846519011245402
Zm00001eb353140,5,1,8.0,21,0.8570842978892864
Zm00001eb353170,11,3,9.266666666666667,40,0.7484592196199754
Zm00001eb353270,3,1,11.0,23,2.059642668766932
Zm00001eb353320,9,3,9.076923076923077,31,0.2930671281029928
Zm00001eb353330,4,1,16.0,31,0.4694647945877579
Zm00001eb353340,15,10,8.135135135135135,34,0.2992872249762398
Zm00001eb353450,5,1,11.0,25,0.3243524727470755
Zm00001eb353460,6,1,10.0,30,1.1030846027168986
Zm00001eb353500,11,3,7.285714285714286,21,0.9331069145578018
Zm00001eb353510,5,1,10.8,19,0.261749434760542
Zm00001eb353530,8,3,7.583333333333333,11,1.7465200056400585
Zm00001eb353550,10,2,11.307692307692308,29,0.7793480279334727
Zm00001eb353560,6,1,14.166666666666666,31,0.1810306114190548
Zm00001eb353580,14,4,5.863636363636363,11,0.6655879117756087
Zm00001eb353590,15,3,8.15,33,0.2495206082821957
Zm00001eb353600,10,4,8.38888888888889,25,1.8409828440784235
Zm00001eb353610,7,1,8.142857142857142,19,0.8151737156950843
Zm00001eb353640,7,2,5.75,12,2.932313192488426
Zm00001eb353650,6,1,9.666666666666666,20,0.2761168911308211
Zm00001eb353660,13,4,8.75,29,1.294476680136763
Zm00001eb353670,11,2,8.428571428571429,15,0.5261512608073278
Zm00001eb353680,3,1,10.666666666666666,14,0.1979145560248085
Zm00001eb353690,9,2,16.76923076923077,48,0.1637696676564366
Zm00001eb353710,4,1,7.75,20,0.7716940117958667
Zm00001eb353760,7,1,13.285714285714286,58,0.5798558423727593
Zm00001eb353780,12,3,11.411764705882353,27,0.5313487655229878
Zm00001eb353800,3,1,15.333333333333334,20,0.7672287836758037
Zm00001eb353810,3,1,15.333333333333334,20,0.2026874333381777
Zm00001eb353850,10,2,7.266666666666667,20,0.369662824172876
Zm00001eb353870,12,2,10.071428571428571,34,0.6105911777482297
Zm00001eb353960,9,2,4.818181818181818,10,0.3915336329967006
Zm00001eb354100,9,2,11.272727272727273,24,0.1410299737836234
Zm00001eb354200,3,1,11.333333333333334,14,0.3716221542284753
Zm00001eb354210,10,2,9.909090909090908,27,0.405005734904493
Zm00001eb354230,5,2,8.714285714285714,16,0.1203092739940168
Zm00001eb354240,3,1,6.0,9,0.2165430769219469
Zm00001eb354250,5,1,6.8,11,0.1166246516742432
Zm00001eb354270,10,2,8.5,36,0.381407588770303
Zm00001eb354280,12,2,12.857142857142858,86,0.3591781270282759
Zm00001eb354320,7,1,8.0,33,0.3085357884907909
Zm00001eb354360,3,1,26.666666666666668,72,1.1116527359808035
Zm00001eb354370,5,1,8.8,21,0.6015095694199512
Zm00001eb354380,4,1,7.5,17,0.4665485141304699
Zm00001eb354420,4,1,9.75,25,0.9966713582278384
Zm00001eb354430,4,1,7.25,19,0.6582756008231792
Zm00001eb354450,8,2,10.090909090909092,20,0.499153865165314
Zm00001eb354470,11,3,10.0,23,0.1330817782977903
Zm00001eb354490,11,2,5.571428571428571,34,1.2446940408522542
Zm00001eb354510,10,2,12.916666666666666,41,0.4358448671971381
Zm00001eb354520,5,1,17.0,42,0.2567304182388595
Zm00001eb354530,10,4,9.222222222222221,53,1.0909582836113711
Zm00001eb354560,9,2,10.75,25,0.3336586717032892
Zm00001eb354570,12,5,8.521739130434783,23,0.1621793520500461
Zm00001eb354610,10,2,7.7272727272727275,17,0.4454414286613889
Zm00001eb354640,11,2,18.692307692307693,79,0.1836714401002632
Zm00001eb354700,11,2,10.538461538461538,31,4.834576390792629
Zm00001eb354720,12,4,6.913043478260869,18,0.3183364282590529
Zm00001eb354820,8,2,11.9,38,0.2932659049537106
Zm00001eb354830,4,1,18.75,56,0.629688565863352
Zm00001eb354850,4,1,8.0,12,0.1544099971820347
Zm00001eb354870,14,6,6.666666666666667,13,0.5520122752659523
Zm00001eb354910,7,1,8.0,17,0.2110434676512191
Zm00001eb354930,10,2,6.166666666666667,12,0.3919304879675617
Zm00001eb354940,10,2,8.833333333333334,24,0.2622386265555718
Zm00001eb354950,9,3,4.230769230769231,11,0.6008449033938403
Zm00001eb355010,9,1,10.555555555555555,27,0.1282407717450683
Zm00001eb355020,5,1,9.0,15,0.781741510181486
Zm00001eb355050,3,1,13.333333333333334,30,0.6913132210943487
Zm00001eb355060,15,4,10.464285714285714,44,2.272333294941613
Zm00001eb355080,15,5,6.5,24,1.4166197731801342
Zm00001eb355090,17,6,12.12,85,1.6836067961726289
Zm00001eb355110,10,2,7.7,22,0.2198469561020201
Zm00001eb355120,10,3,6.928571428571429,15,0.845566107610958
Zm00001eb355210,4,1,8.0,14,1.0893875025180566
Zm00001eb355240,11,2,4.846153846153846,13,0.503761579898206
Zm00001eb355350,3,1,9.666666666666666,18,0.118864424950721
Zm00001eb355420,4,1,14.5,40,0.2700231532066117
Zm00001eb355460,8,2,13.733333333333333,28,0.7369655941662062
Zm00001eb355480,9,1,6.222222222222222,14,1.2811212121105364
Zm00001eb355540,5,1,5.8,7,0.2859404693172661
Zm00001eb355560,14,5,9.225806451612904,26,7.554187159075243
Zm00001eb355570,14,2,11.823529411764707,35,0.1795875668510387
Zm00001eb355580,14,5,9.225806451612904,26,0.2776399627995454
Zm00001eb355590,6,1,4.833333333333333,11,0.404561274966371
Zm00001eb355620,3,1,3.6666666666666665,5,0.9421696809701012
Zm00001eb355650,10,8,15.392857142857142,177,0.3463434198973146
Zm00001eb355660,9,7,8.75,26,0.2266552443563581
Zm00001eb355670,11,6,11.37037037037037,35,0.5077467421402453
Zm00001eb355680,5,1,10.8,26,0.3716221545441387
Zm00001eb355710,11,2,14.083333333333334,38,0.7250630078283782
Zm00001eb355740,10,3,9.357142857142858,18,0.6106089474462972
Zm00001eb355750,6,3,13.444444444444445,31,1.058340784603868
Zm00001eb355810,12,3,15.0625,89,0.2725826402483075
Zm00001eb355820,10,3,15.823529411764707,33,0.1652236017469728
Zm00001eb355860,4,1,11.0,18,0.9068905956085186
Zm00001eb355890,5,1,9.0,18,0.6797762561484747
Zm00001eb356000,14,3,7.7,34,0.2729192396769899
Zm00001eb356080,7,2,9.0,17,0.219770192332368
Zm00001eb356090,5,2,7.125,27,0.2345596804350815
Zm00001eb356100,7,2,12.0,31,0.3237169613416333
Zm00001eb356110,10,3,7.571428571428571,18,0.2733486251657337
Zm00001eb356130,9,3,8.8125,17,0.8081786282046719
Zm00001eb356140,11,5,11.958333333333334,53,0.1739950670021994
Zm00001eb356170,9,2,7.166666666666667,22,0.4517052016872447
Zm00001eb356180,13,5,7.037037037037037,26,0.4587802314354864
Zm00001eb356220,5,1,3.4,6,0.458852045595592
Zm00001eb356240,6,2,5.25,14,0.7886331498088628
Zm00001eb356260,8,1,7.25,16,0.1432075436720046
Zm00001eb356280,5,2,5.8,11,0.5068698861755137
Zm00001eb356300,6,1,11.0,24,0.6811499357625751
Zm00001eb356320,9,2,10.727272727272727,39,0.2723194658273992
Zm00001eb356330,5,1,35.8,156,0.4466773049775508
Zm00001eb356340,4,1,8.0,18,0.3294376497374148
Zm00001eb356350,4,1,3.25,8,0.4505223803999421
Zm00001eb356360,9,2,8.058823529411764,15,0.2121623451420805
Zm00001eb356380,6,1,6.166666666666667,12,0.0931094043914814
Zm00001eb356390,12,5,9.344827586206897,47,2.014873671697026
Zm00001eb356410,5,1,4.0,11,0.7800493528875047
Zm00001eb356420,10,3,9.615384615384615,41,1.0115004722105696
Zm00001eb356430,16,10,14.563636363636364,91,0.7017759750917497
Zm00001eb356440,12,2,9.428571428571429,37,1.4485523865001704
Zm00001eb356450,10,2,17.5,48,1.59641002234899
Zm00001eb356460,6,2,15.857142857142858,72,0.6046430135338173
Zm00001eb356480,9,2,10.833333333333334,39,0.5950503701404942
Zm00001eb356490,9,2,10.833333333333334,39,0.2251313194845694
Zm00001eb356500,4,1,9.5,22,0.1424075745876594
Zm00001eb356530,5,1,6.6,11,0.3442532976463362
Zm00001eb356600,6,2,11.166666666666666,29,0.4264888710623779
Zm00001eb356690,9,2,10.545454545454545,20,0.2173027894997507
Zm00001eb356710,6,2,22.0,65,0.079689090759312
Zm00001eb356720,11,5,7.826086956521739,15,0.4413381378769627
Zm00001eb356760,4,1,6.25,14,0.6444882954253012
Zm00001eb356780,8,2,15.7,79,0.3625892531212407
Zm00001eb356840,15,6,9.363636363636363,30,1.6020994672601985
Zm00001eb356860,9,2,9.818181818181818,21,0.4715255467019736
Zm00001eb356880,3,1,27.333333333333332,80,0.3564792538248323
Zm00001eb356910,4,1,8.5,10,0.4549518335375365
Zm00001eb356920,6,1,6.333333333333333,17,0.1772119782581188
Zm00001eb356940,5,1,15.0,22,0.2550595091906362
Zm00001eb356950,6,1,6.5,11,1.367405016673902
Zm00001eb356970,4,1,10.0,13,1.158669328857901
Zm00001eb356980,17,6,13.027777777777779,35,0.933624981225235
Zm00001eb357000,13,4,8.333333333333334,23,0.5760027782394674
Zm00001eb357010,4,1,3.25,5,0.7965741899742903
Zm00001eb357040,7,2,7.454545454545454,27,0.6484442615689503
Zm00001eb357050,15,5,12.862068965517242,53,0.4024366970975389
Zm00001eb357070,11,2,8.5,21,1.2183616558159065
Zm00001eb357090,13,6,10.636363636363637,63,0.2172051313450473
Zm00001eb357100,8,2,9.375,21,0.7496293973145689
Zm00001eb357110,6,1,10.666666666666666,26,0.6658979022490494
Zm00001eb357130,4,1,10.25,15,3.938599455335857
Zm00001eb357140,2,1,5.0,9,0.1329024526832818
Zm00001eb357160,8,2,11.090909090909092,30,0.598774897759446
Zm00001eb357210,13,3,7.388888888888889,58,0.3272577897460478
Zm00001eb357240,10,2,9.923076923076923,23,0.497293318748879
Zm00001eb357250,12,3,6.05,16,0.4026668323913078
Zm00001eb357260,5,1,6.8,14,0.5111523868709908
Zm00001eb357270,2,1,6.5,8,2.5263297172409955
Zm00001eb357290,16,9,10.75,28,0.8533931398148124
Zm00001eb357310,14,5,11.038461538461538,35,0.373291726716165
Zm00001eb357330,6,3,4.454545454545454,10,0.1339677293388796
Zm00001eb357340,6,1,9.666666666666666,16,0.5079571430587475
Zm00001eb357370,14,7,8.969696969696969,43,0.2945257997656385
Zm00001eb357390,8,2,13.636363636363637,25,0.191520143618561
Zm00001eb357410,3,1,23.0,60,0.0768261417823718
Zm00001eb357450,5,2,3.888888888888889,10,0.4498112913927644
Zm00001eb357510,12,3,10.277777777777779,21,0.3589577612770407
Zm00001eb357520,8,2,9.3,24,0.6747049196049806
Zm00001eb357530,13,4,8.571428571428571,17,0.1515003040885294
Zm00001eb357600,10,2,13.615384615384615,30,1.763702746013667
Zm00001eb357620,13,5,9.958333333333334,33,0.1992906934275261
Zm00001eb357640,15,5,8.857142857142858,22,0.3341816153497584
Zm00001eb357710,6,1,7.833333333333333,20,0.1937922092184373
Zm00001eb357740,14,4,6.681818181818182,24,0.0415475019491477
Zm00001eb357760,8,4,9.357142857142858,22,0.3248491743423342
Zm00001eb357790,14,4,10.869565217391305,49,0.146692242873934
Zm00001eb357830,7,1,8.285714285714286,22,0.9867688606945
Zm00001eb357840,13,4,9.413793103448276,19,0.6770614563671963
Zm00001eb357850,6,1,13.333333333333334,30,3.1093543457170285
Zm00001eb357890,5,1,8.8,28,0.3010185901695205
Zm00001eb357940,7,2,7.333333333333333,14,0.3524760427869676
Zm00001eb357970,15,6,8.777777777777779,51,0.1852010794825474
Zm00001eb358080,12,5,6.642857142857143,20,0.4893459783682073
Zm00001eb358100,4,1,11.25,21,0.2554970001604625
Zm00001eb358190,8,2,12.7,65,0.8125437199061449
Zm00001eb358200,6,1,7.666666666666667,17,0.2533927856501355
Zm00001eb358220,7,1,5.142857142857143,15,0.2889872176862216
Zm00001eb358420,11,3,10.0,38,0.6883390035924775
Zm00001eb358430,5,1,6.0,12,0.5849876757084125
Zm00001eb358460,6,1,8.0,20,1.3430136802555512
Zm00001eb358560,11,2,8.833333333333334,23,0.8359318570037738
Zm00001eb358580,12,3,11.833333333333334,49,1.6073439261987414
Zm00001eb358600,8,1,6.375,17,0.304221644604992
Zm00001eb358660,10,1,13.4,55,1.203368815805812
Zm00001eb358680,15,4,10.307692307692308,53,0.867900784102079
Zm00001eb358690,11,5,14.090909090909092,83,1.0183064169426368
Zm00001eb358700,8,3,10.76923076923077,21,1.386723614971909
Zm00001eb358720,14,5,6.5,21,0.1369359889830738
Zm00001eb358730,9,2,7.583333333333333,16,0.1375760110130366
Zm00001eb358740,12,3,8.35,21,1.0158387291678896
Zm00001eb358770,6,2,9.0,23,1.438146147412189
Zm00001eb358780,8,2,6.375,13,1.7369655941662063
Zm00001eb358870,6,1,6.666666666666667,18,0.1409062915323301
Zm00001eb358880,11,4,8.947368421052632,35,3.1130275847573308
Zm00001eb358910,17,6,12.31578947368421,36,0.2296804820382982
Zm00001eb358940,8,2,8.11111111111111,15,1.362487613750113
Zm00001eb359100,12,4,7.0,19,0.3223796094585142
Zm00001eb359140,2,1,2.5,4,0.5522918980854917
Zm00001eb359160,6,1,9.0,14,1.3567519636451224
Zm00001eb359190,14,4,7.625,22,0.5409040419694165
Zm00001eb359210,6,1,8.833333333333334,34,0.2782526689747127
Zm00001eb359220,6,1,8.833333333333334,34,0.5529418772915671
Zm00001eb359240,13,4,7.260869565217392,16,0.9695843013846338
Zm00001eb359250,5,2,9.0,19,1.3721618850970287
Zm00001eb359290,1,1,9.0,9,3.4013959347582468
Zm00001eb359300,10,2,9.833333333333334,26,0.5963761123050404
Zm00001eb359320,8,2,10.538461538461538,24,0.617751662174944
Zm00001eb359330,3,1,9.333333333333334,17,0.1953049235414358
Zm00001eb359350,5,1,4.4,6,0.5849625007211563
Zm00001eb359360,10,2,7.3076923076923075,20,0.7369036754786602
Zm00001eb359400,7,2,5.7272727272727275,11,0.3199004934210443
Zm00001eb359410,10,2,7.538461538461538,21,0.3846381998990396
Zm00001eb359470,14,6,6.5625,24,0.9164602119414068
Zm00001eb359500,9,2,7.214285714285714,34,2.0199413955865193
Zm00001eb359510,10,2,9.0,37,0.2796216076493761
Zm00001eb359530,15,5,8.371428571428572,42,1.2134969325148373
Zm00001eb359540,15,5,8.371428571428572,42,0.2296531199723544
Zm00001eb359580,12,5,9.08,29,0.4393200953666479
Zm00001eb359600,13,3,9.789473684210526,20,0.2363173489587991
Zm00001eb359610,4,1,8.5,18,0.3566841646393541
Zm00001eb359620,4,1,14.0,25,0.2855230571017806
Zm00001eb359640,15,6,7.083333333333333,39,0.1090959215894801
Zm00001eb359660,3,1,26.666666666666668,69,0.410879281278392
Zm00001eb359720,11,3,9.0,25,0.853532220490586
Zm00001eb359730,9,2,9.307692307692308,23,0.28647879059206
Zm00001eb359740,9,2,9.0,28,0.5426308635140887
Zm00001eb359760,13,7,11.62962962962963,52,0.2124913940766005
Zm00001eb359800,5,2,10.142857142857142,37,0.3348208980675703
Zm00001eb359820,5,1,6.6,12,5.029446844526785
Zm00001eb359840,10,2,7.785714285714286,15,0.4504522277400655
Zm00001eb359850,4,2,20.142857142857142,65,0.6191737148603337
Zm00001eb359920,8,2,20.3,72,1.9459717183812095
Zm00001eb359970,4,1,8.75,13,0.7302110903923077
Zm00001eb359990,10,3,8.5625,36,0.4092026524716323
Zm00001eb360010,5,1,8.6,14,0.4997185050664737
Zm00001eb360020,10,2,8.833333333333334,25,0.4580835447287997
Zm00001eb360030,7,1,6.0,11,0.4682269472879937
Zm00001eb360070,10,2,11.7,47,0.1582924383622987
Zm00001eb360090,8,1,8.375,23,0.4653780172000359
Zm00001eb360100,10,1,7.9,14,0.1440471981010557
Zm00001eb360120,17,4,8.172413793103448,21,0.4222330696735572
Zm00001eb360130,6,2,11.166666666666666,49,0.356533775238693
Zm00001eb360140,13,5,13.538461538461538,28,1.609920968206209
Zm00001eb360150,7,1,19.857142857142858,103,0.3833286395515055
Zm00001eb360160,7,2,14.25,24,0.2981155860512529
Zm00001eb360170,5,1,6.8,11,0.2493850285903429
Zm00001eb360180,16,7,7.2368421052631575,18,0.5976680310127245
Zm00001eb360190,13,4,6.8,14,0.293395088619968
Zm00001eb360250,6,1,7.166666666666667,20,0.3351822882045147
Zm00001eb360260,17,12,8.818181818181818,27,0.5854497540841509
Zm00001eb360310,12,3,14.235294117647058,49,0.8726470157135431
Zm00001eb360320,4,1,11.0,21,2.6283681726632526
Zm00001eb360330,9,3,7.846153846153846,16,0.3134561653414516
Zm00001eb360350,13,2,4.95,12,0.8645081714081934
Zm00001eb360400,4,1,8.0,13,0.7229871186200878
Zm00001eb360430,16,5,10.333333333333334,37,0.5287267166256018
Zm00001eb360440,6,1,10.166666666666666,22,0.2030448445406177
Zm00001eb360450,6,1,10.166666666666666,22,0.3281151800381772
Zm00001eb360460,9,2,6.7272727272727275,11,0.6480573688106792
Zm00001eb360490,7,1,7.857142857142857,11,0.3873967194435101
Zm00001eb360500,5,2,7.833333333333333,12,1.795440376194946
Zm00001eb360510,5,1,9.0,15,0.5208055737638444
Zm00001eb360570,10,2,7.454545454545454,19,1.8438920575586173
Zm00001eb360610,10,3,8.25,22,0.1700851382806858
Zm00001eb360620,6,1,12.666666666666666,40,1.0055349215593476
Zm00001eb360630,8,2,12.5,54,2.649054100968071
Zm00001eb360690,8,1,7.0,19,0.1554429958068174
Zm00001eb360700,9,3,11.692307692307692,44,0.1995479777049111
Zm00001eb360730,12,2,5.142857142857143,11,1.3196939298570198
Zm00001eb360740,14,3,10.157894736842104,29,0.6130886502508132
Zm00001eb360750,15,6,8.161290322580646,22,0.6517284926508436
Zm00001eb360790,5,2,2.6666666666666665,7,1.4244742676003963
Zm00001eb360800,8,1,9.75,29,0.915757884934982
Zm00001eb360840,8,2,23.5,114,0.4197069357678394
Zm00001eb360850,6,1,7.666666666666667,15,2.6805224807013284
Zm00001eb360880,15,10,8.169811320754716,38,0.2639744469376122
Zm00001eb360890,9,2,9.8,18,0.9024823929327472
Zm00001eb360900,10,2,9.363636363636363,22,0.6639743663462172
Zm00001eb360910,3,1,19.0,44,0.1112728538394297
Zm00001eb360940,4,1,9.25,13,0.9234040028833012
Zm00001eb360950,11,2,9.666666666666666,18,0.8811164086459052
Zm00001eb361010,6,1,11.333333333333334,17,0.5076570737284625
Zm00001eb361030,8,2,9.0,22,0.6250698591659606
Zm00001eb361110,8,2,7.777777777777778,19,1.1575573885888042
Zm00001eb361120,10,2,6.0,25,0.8943369032654004
Zm00001eb361140,6,1,5.0,10,0.103827441814172
Zm00001eb361170,9,4,13.588235294117647,48,0.7479673317169842
Zm00001eb361220,12,3,8.35,29,0.3611083379681507
Zm00001eb361300,4,1,4.5,9,0.1985684316038744
Zm00001eb361310,3,1,22.333333333333332,63,0.6599781439619328
Zm00001eb361330,3,1,5.333333333333333,7,0.6353913668116353
Zm00001eb361370,11,3,9.882352941176471,37,0.296475769773943
Zm00001eb361410,11,4,12.176470588235293,46,0.3324602918461699
Zm00001eb361450,9,3,10.285714285714286,42,0.3530145356855642
Zm00001eb361480,10,3,11.0,68,0.3946950568100351
Zm00001eb361490,8,2,9.11111111111111,37,0.6533503071991074
Zm00001eb361590,7,2,10.75,31,0.2418693590908303
Zm00001eb361600,11,4,12.3,26,1.3408511827158804
Zm00001eb361610,9,3,7.529411764705882,25,0.4173215981657125
Zm00001eb361620,13,4,9.555555555555555,25,0.4922073223789675
Zm00001eb361640,12,3,7.933333333333334,19,0.7413030222250536
Zm00001eb361660,6,1,5.5,15,1.7622427318194216
Zm00001eb361670,13,2,10.285714285714286,23,0.3729619929991737
Zm00001eb361690,4,1,12.0,16,0.5955162191060756
Zm00001eb361700,6,1,6.833333333333333,10,0.1819040287292617
Zm00001eb361760,9,1,8.222222222222221,23,0.29380327030614
Zm00001eb361780,5,1,7.4,17,0.6911693950584917
Zm00001eb361850,5,1,16.6,37,0.902931996232096
Zm00001eb361870,6,2,11.0,48,0.2587363108496434
Zm00001eb361900,2,1,8.0,14,0.4097401302568266
Zm00001eb361940,9,3,9.3,21,0.671358823381531
Zm00001eb361960,15,8,10.512820512820513,30,0.3882105816301387
Zm00001eb361980,16,6,11.7,51,0.8082855350128053
Zm00001eb361990,14,5,8.428571428571429,26,0.5036435799408994
Zm00001eb362030,5,1,7.6,12,0.2026929432452125
Zm00001eb362070,5,1,13.2,35,0.950983795108449
Zm00001eb362080,5,1,13.2,35,0.1730742693228607
Zm00001eb362110,6,2,5.428571428571429,10,0.5180324930036723
Zm00001eb362170,10,2,15.1875,138,2.0011196580084913
Zm00001eb362180,6,1,13.333333333333334,40,0.5359549447632826
Zm00001eb362190,7,1,8.857142857142858,14,0.2585849447595404
Zm00001eb362210,8,2,8.777777777777779,15,2.46572710513385
Zm00001eb362270,12,3,18.526315789473685,95,2.0165059659610947
Zm00001eb362290,5,2,6.428571428571429,12,0.2833845757738337
Zm00001eb362300,4,1,9.75,11,0.7186150406830378
Zm00001eb362360,10,2,6.461538461538462,17,0.508225126901827
Zm00001eb362380,10,2,6.461538461538462,17,0.5116110258387774
Zm00001eb362390,6,1,7.0,23,0.7182813878144626
Zm00001eb362420,4,1,8.0,18,0.374045647308268
Zm00001eb362470,5,1,12.4,16,1.415037499278844
Zm00001eb362480,14,4,11.35,38,0.2531676492451085
Zm00001eb362490,11,3,9.3125,33,0.30794131627728
Zm00001eb362500,6,2,10.0,19,0.3873027345574683
Zm00001eb362570,10,3,7.153846153846154,16,0.4343504078079821
Zm00001eb362580,5,1,10.0,17,0.2938530686347448
Zm00001eb362590,8,1,12.625,41,0.7582228501542749
Zm00001eb362630,15,7,9.028571428571428,37,1.4225844863032764
Zm00001eb362640,11,4,8.416666666666666,32,0.4024825695662004
Zm00001eb362650,12,2,10.285714285714286,39,0.846098431252135
Zm00001eb362680,14,4,6.961538461538462,21,4.291844466141157
Zm00001eb362690,8,2,7.888888888888889,24,1.260874060382418
Zm00001eb362700,3,1,17.666666666666668,35,1.8949120396315176
Zm00001eb362740,11,4,10.588235294117647,33,0.5215638820784967
Zm00001eb362750,13,5,8.916666666666666,41,1.1813257084998168
Zm00001eb362760,14,7,7.4,21,0.6772773266935044
Zm00001eb362780,10,3,8.333333333333334,38,4.506975149857
Zm00001eb362800,14,8,10.577777777777778,37,0.4458674753089965
Zm00001eb362820,6,2,6.75,13,0.3596645671418109
Zm00001eb362830,16,5,9.225806451612904,35,0.5138091041377794
Zm00001eb362840,2,1,32.5,61,0.2088218875385779
Zm00001eb363050,3,1,15.333333333333334,19,0.1594921156666518
Zm00001eb363070,6,2,5.714285714285714,11,0.7085657825416751
Zm00001eb363080,5,2,6.0,11,0.376236990143659
Zm00001eb363130,15,6,8.709677419354838,23,0.5369133002284493
Zm00001eb363140,11,3,12.555555555555555,55,1.0383134425207945
Zm00001eb363180,9,2,9.083333333333334,20,0.986824611252267
Zm00001eb363190,10,2,21.454545454545453,136,0.5671896532923464
Zm00001eb363280,3,1,7.666666666666667,11,0.3638307236560845
Zm00001eb363300,4,1,3.75,9,1.3741053234433702
Zm00001eb363310,6,1,5.5,9,1.254631623634437
Zm00001eb363330,7,2,8.6,19,0.6388398660778144
Zm00001eb363370,5,1,9.4,30,1.012494844131217
Zm00001eb363480,15,6,8.275862068965518,27,0.3379773082303483
Zm00001eb363490,4,1,4.0,6,0.2465243753641144
Zm00001eb363500,8,2,8.3,40,0.1422129340736627
Zm00001eb363560,10,2,8.2,37,0.4286789214365756
Zm00001eb363580,10,5,7.809523809523809,21,0.2633335287644008
Zm00001eb363610,3,1,9.666666666666666,13,0.3319478112141764
Zm00001eb363650,11,3,5.4375,14,0.3185757793305808
Zm00001eb363660,13,5,9.68,28,0.3071648521248138
Zm00001eb363670,11,3,5.4375,14,0.5998153390701007
Zm00001eb363700,14,3,7.111111111111111,22,1.020236121113176
Zm00001eb363720,11,3,6.285714285714286,22,0.9051338188519066
Zm00001eb363750,10,4,4.25,15,0.2693084839045474
Zm00001eb363810,12,4,11.45,73,0.198710586852132
Zm00001eb363820,13,4,9.61111111111111,36,0.5200821538510934
Zm00001eb363830,3,1,7.666666666666667,11,0.3386503145999774
Zm00001eb363850,11,3,8.294117647058824,21,0.4433556875133496
Zm00001eb363860,4,1,5.0,9,0.3367202472226017
Zm00001eb363870,5,1,10.4,18,0.4930178517375508
Zm00001eb363880,11,3,11.333333333333334,25,0.256519271977814
Zm00001eb363900,8,2,7.7,25,1.2841476038620474
Zm00001eb363920,8,1,15.625,65,1.5642046514612318
Zm00001eb363940,6,1,13.166666666666666,24,0.8476282603825035
Zm00001eb363950,9,3,12.833333333333334,31,0.3060284160853933
Zm00001eb363960,4,1,13.0,22,0.6302295545513524
Zm00001eb363970,14,4,10.166666666666666,49,0.6244575113541426
Zm00001eb364010,3,1,5.0,6,0.5891815513056428
Zm00001eb364110,12,4,12.91304347826087,35,0.3358228233203729
Zm00001eb364120,8,3,9.153846153846153,19,1.0
Zm00001eb364190,13,6,8.724137931034482,28,0.0965332193815847
Zm00001eb364200,9,2,9.5,21,1.0819221961749736
Zm00001eb364260,5,1,6.4,12,0.1661759043836644
Zm00001eb364280,11,2,12.666666666666666,44,0.5411748484013794
Zm00001eb364290,8,2,11.11111111111111,31,0.6592207977530955
Zm00001eb364360,12,2,19.285714285714285,49,0.72546875762113
Zm00001eb364420,14,3,6.111111111111111,17,1.1974298086706068
Zm00001eb364480,9,3,4.6,10,0.4274995738018649
Zm00001eb364510,12,3,8.777777777777779,18,0.257512580432077
Zm00001eb364570,4,1,3.5,6,4.844349129539806
Zm00001eb364590,5,1,5.6,11,0.5815315332719518
Zm00001eb364610,13,3,8.277777777777779,20,1.3554630693960616
Zm00001eb364620,13,8,9.857142857142858,38,0.2549855523212826
Zm00001eb364640,4,1,5.0,8,0.3085304284796387
Zm00001eb364700,7,2,6.0,15,1.5136070095299627
Zm00001eb364730,9,3,11.357142857142858,46,0.1906143000075004
Zm00001eb364740,8,1,7.25,16,0.6341182620464693
Zm00001eb364750,4,1,5.5,9,0.1643589299563479
Zm00001eb364810,6,1,7.666666666666667,20,0.1496965478265659
Zm00001eb364830,10,3,9.9,31,2.222392421336448
Zm00001eb364870,16,6,12.970588235294118,80,1.28554197016993
Zm00001eb364920,10,3,8.928571428571429,24,1.0
Zm00001eb364940,14,7,7.193548387096774,59,3.959105872800375
Zm00001eb364960,13,3,6.9411764705882355,20,0.9080876415275884
Zm00001eb364970,13,3,6.9411764705882355,20,0.6319731824975958
Zm00001eb364980,13,3,6.9411764705882355,20,1.014075185211723
Zm00001eb365020,5,2,9.375,23,0.4417516985923124
Zm00001eb365030,9,2,16.333333333333332,43,0.2857470181657452
Zm00001eb365050,9,1,11.777777777777779,62,1.412234094321299
Zm00001eb365060,5,2,4.714285714285714,10,1.4300954432866186
Zm00001eb365080,10,2,7.25,21,0.2736730486105668
Zm00001eb365120,9,3,9.642857142857142,23,0.4333415110621212
Zm00001eb365190,8,2,15.0,43,0.4258310084911871
Zm00001eb365210,4,1,6.0,7,0.2235183254631177
Zm00001eb365220,9,3,12.384615384615385,49,0.6537024582744572
Zm00001eb365370,9,3,5.4,13,0.4414657264812504
Zm00001eb365390,11,4,8.26086956521739,23,0.5435805142695466
Zm00001eb365410,9,4,6.6,16,0.3237131954443
Zm00001eb365450,12,4,7.666666666666667,46,0.8093259776833073
Zm00001eb365530,17,5,7.806451612903226,21,0.9954999429109666
Zm00001eb365580,7,2,12.666666666666666,32,0.5384631722199638
Zm00001eb365590,11,4,9.368421052631579,31,1.393260024485344
Zm00001eb365600,9,2,6.25,20,0.5327007349460372
Zm00001eb365620,11,2,7.076923076923077,19,0.7223890923566086
Zm00001eb365640,5,1,9.8,23,0.2667294969307071
Zm00001eb365650,13,4,12.333333333333334,44,0.967278577744308
Zm00001eb365690,15,5,8.310344827586206,34,0.5701676039282416
Zm00001eb365700,6,2,6.142857142857143,11,0.3176731030743431
Zm00001eb365710,6,1,11.666666666666666,23,0.2718740881308062
Zm00001eb365760,14,4,6.851851851851852,21,0.5351827419831062
Zm00001eb365780,14,5,7.37037037037037,15,1.01548629441665
Zm00001eb365840,9,1,10.11111111111111,22,0.8670245474767558
Zm00001eb365850,7,1,11.857142857142858,41,2.0219691203894983
Zm00001eb365870,13,4,5.7,13,0.1856652867000789
Zm00001eb365930,7,1,10.0,20,0.8014759060731196
Zm00001eb365940,7,1,10.0,20,0.5279588612000152
Zm00001eb365950,5,1,7.0,21,0.8394165373156085
Zm00001eb365980,10,2,9.833333333333334,35,0.4715146012573719
Zm00001eb365990,13,5,10.666666666666666,21,0.1804794554458602
Zm00001eb366020,12,6,10.136363636363637,24,1.2621912344809554
Zm00001eb366030,10,3,10.88888888888889,25,0.2448043491543454
Zm00001eb366040,12,5,9.192307692307692,25,0.9496826210343976
Zm00001eb366050,15,7,8.476190476190476,38,0.5587978037011797
Zm00001eb366150,3,1,34.0,89,0.4591194454432671
Zm00001eb366170,4,1,7.75,12,0.3150990950221541
Zm00001eb366180,9,2,9.125,30,0.4770317174472208
Zm00001eb366220,15,3,13.052631578947368,66,1.0653445249352662
Zm00001eb366250,8,2,14.5,51,0.5630184258809157
Zm00001eb366280,17,9,9.268292682926829,29,0.811507246552354
Zm00001eb366290,9,3,6.866666666666666,33,0.7258312629893119
Zm00001eb366330,8,1,7.75,14,0.2306415490797361
Zm00001eb366380,12,3,12.0,31,0.7106573626122314
Zm00001eb366400,12,3,7.411764705882353,17,0.6526729490750514
Zm00001eb366410,7,1,3.0,9,1.5184242738455829
Zm00001eb366430,7,2,9.7,27,0.5145795749921748
Zm00001eb366440,13,4,10.541666666666666,26,0.8737919864448983
Zm00001eb366460,6,1,6.833333333333333,15,1.5342240502637106
Zm00001eb366470,9,2,5.909090909090909,24,0.2180658488065583
Zm00001eb366500,7,1,14.285714285714286,36,0.6107255967862376
Zm00001eb366530,5,1,6.2,16,1.4952369057320345
Zm00001eb366540,14,6,11.545454545454545,62,0.8753806450503034
Zm00001eb366560,6,1,7.0,10,1.0861766371127517
Zm00001eb366570,5,1,4.4,7,0.5262891232835185
Zm00001eb366580,16,6,9.482758620689655,34,0.4332856536706007
Zm00001eb366620,9,2,7.090909090909091,18,1.2369362116619227
Zm00001eb366660,5,1,6.8,15,0.2830011604481752
Zm00001eb366690,15,8,8.051282051282051,17,0.3023339819400363
Zm00001eb366710,6,1,8.333333333333334,12,0.3281801817607982
Zm00001eb366720,13,3,9.647058823529411,56,0.4488779244777177
Zm00001eb366740,16,5,9.628571428571428,47,0.9321711947510348
Zm00001eb366760,7,2,4.461538461538462,9,0.6978533445471458
Zm00001eb366790,11,3,8.076923076923077,19,0.4461317481508356
Zm00001eb366810,4,1,6.25,13,0.733241982313177
Zm00001eb366840,6,1,17.333333333333332,53,1.5849625007211563
Zm00001eb366850,6,1,6.833333333333333,14,2.9385994553358565
Zm00001eb366860,13,3,6.466666666666667,15,0.9813614346210188
Zm00001eb366890,14,6,11.5,40,0.3365221855226475
Zm00001eb366900,12,5,8.666666666666666,22,1.331305079179674
Zm00001eb366930,14,3,16.2,141,0.6074028310785703
Zm00001eb366950,3,1,9.333333333333334,22,0.5966373286200909
Zm00001eb366990,10,4,8.105263157894736,18,0.1332665308634641
Zm00001eb367000,10,2,7.166666666666667,13,0.7320362248837305
Zm00001eb367050,14,4,9.25925925925926,29,2.168558352692627
Zm00001eb367110,7,1,13.428571428571429,46,0.8027482348015047
Zm00001eb367120,14,3,9.5,56,1.1120970265725263
Zm00001eb367150,7,1,9.142857142857142,26,1.0127983072707518
Zm00001eb367170,5,1,2.8,6,0.4405981969148367
Zm00001eb367220,6,2,10.0,27,0.65287674196574
Zm00001eb367240,15,8,9.975609756097562,32,1.8722470367834056
Zm00001eb367250,6,1,11.833333333333334,47,2.320785716082431
Zm00001eb367290,15,5,12.518518518518519,90,0.3779325300647817
Zm00001eb367300,11,4,9.571428571428571,20,0.9275100938021568
Zm00001eb367310,8,2,5.818181818181818,16,0.3927406821364505
Zm00001eb367320,9,3,7.25,15,0.6166658836173741
Zm00001eb367490,13,4,7.954545454545454,22,1.474474291353489
Zm00001eb367500,14,7,9.371428571428572,27,0.4734488893289818
Zm00001eb367660,6,1,5.833333333333333,14,0.2919038039912109
Zm00001eb367690,10,2,9.916666666666666,40,1.555760346547017
Zm00001eb367700,5,1,4.8,8,1.769382032324568
Zm00001eb367770,7,2,14.833333333333334,52,0.3908709022057166
Zm00001eb367780,14,4,5.454545454545454,14,0.2661867955840893
Zm00001eb367790,14,3,5.722222222222222,14,0.2537199201798653
Zm00001eb367810,7,2,12.444444444444445,31,0.6282661163716223
Zm00001eb367830,8,2,11.818181818181818,25,0.5311684646972344
Zm00001eb367840,16,6,9.689655172413794,39,0.2158668340529647
Zm00001eb367860,5,1,9.2,16,0.7190353925358816
Zm00001eb367890,8,2,8.0,20,1.6101019183926717
Zm00001eb367930,13,3,9.058823529411764,24,0.4028240080434454
Zm00001eb367960,8,1,8.5,19,1.0129411006893796
Zm00001eb367970,4,1,8.25,14,0.5120806759792046
Zm00001eb368010,5,3,9.363636363636363,16,0.4373009210221537
Zm00001eb368020,9,2,9.583333333333334,41,0.4605209458567224
Zm00001eb368030,6,2,7.833333333333333,15,0.2636925580741542
Zm00001eb368040,1,1,4.0,4,0.9908018852285004
Zm00001eb368060,16,5,11.277777777777779,51,0.21395916951645
Zm00001eb368090,8,3,9.76923076923077,32,1.722919750221394
Zm00001eb368100,13,3,9.823529411764707,41,0.6208708537374328
Zm00001eb368130,4,1,5.0,7,1.2304303421486589
Zm00001eb368150,4,1,7.0,14,0.1812729489987158
Zm00001eb368160,12,3,7.55,22,0.3965598592879578
Zm00001eb368180,4,1,11.5,34,0.3690255428232446
Zm00001eb368220,13,6,8.428571428571429,29,0.9279444432489276
Zm00001eb368270,5,1,6.2,11,0.1831703880649798
Zm00001eb368290,9,1,5.777777777777778,12,0.5997592889378547
Zm00001eb368310,11,2,10.615384615384615,49,0.6652786608701889
Zm00001eb368330,4,1,14.5,29,0.2116647414218548
Zm00001eb368340,12,2,9.933333333333334,17,0.7712525005761065
Zm00001eb368350,6,1,8.166666666666666,23,0.7570951790471184
Zm00001eb368360,13,6,10.545454545454545,49,0.5718796682464824
Zm00001eb368380,15,7,10.31578947368421,49,0.1813554557506867
Zm00001eb368390,8,3,12.5,26,0.3356572884241939
Zm00001eb368400,16,5,11.428571428571429,27,0.5542260490744101
Zm00001eb368430,4,1,37.5,111,0.617227290835759
Zm00001eb368460,1,1,2.0,2,0.6766774266333841
Zm00001eb368510,11,3,8.352941176470589,43,0.4724682200895757
Zm00001eb368620,11,2,7.461538461538462,24,0.7756247148893728
Zm00001eb368700,9,3,6.9375,16,0.6604585177433896
Zm00001eb368740,12,4,6.388888888888889,29,0.7704813512343636
Zm00001eb368810,6,1,6.833333333333333,18,0.252892020141006
Zm00001eb368820,5,1,7.0,16,0.3862269668360468
Zm00001eb368840,15,4,8.55,40,0.7563995299139963
Zm00001eb368850,14,5,7.6,35,0.9935977880378069
Zm00001eb368900,8,2,10.5,16,2.1064562899921015
Zm00001eb368940,6,2,5.375,12,0.3553917827113718
Zm00001eb368950,7,1,7.142857142857143,18,0.3682545051822872
Zm00001eb368960,5,1,20.2,50,0.2149182725093852
Zm00001eb368970,16,7,16.771428571428572,113,0.9224529581901078
Zm00001eb368990,12,6,10.833333333333334,56,0.5764294428764904
Zm00001eb369000,7,2,4.25,8,1.5867518367841509
Zm00001eb369030,11,2,13.375,36,1.1143312977661572
Zm00001eb369060,6,1,9.0,17,0.4388854267585284
Zm00001eb369090,8,2,4.181818181818182,16,0.2742232656897853
Zm00001eb369110,6,1,10.166666666666666,29,1.3547689183004228
Zm00001eb369150,15,4,8.590909090909092,61,1.0056840734837722
Zm00001eb369170,8,2,14.555555555555555,53,0.9598080361488304
Zm00001eb369180,10,3,11.117647058823529,32,1.2114783638580071
Zm00001eb369190,8,4,12.545454545454545,26,0.936867732473366
Zm00001eb369240,11,3,14.0,38,0.2460051271549737
Zm00001eb369250,4,1,14.5,30,0.341463451498605
Zm00001eb369310,5,1,6.4,12,0.8093768394803675
Zm00001eb369330,7,3,12.75,38,0.7425375217436985
Zm00001eb369340,9,2,11.0,29,0.0995356735509144
Zm00001eb369360,15,4,7.730769230769231,23,0.3808206711187542
Zm00001eb369370,16,4,7.866666666666666,52,2.8566980604665853
Zm00001eb369470,13,4,8.090909090909092,36,1.7333240191067896
Zm00001eb369510,8,1,18.25,103,0.1800624907301314
Zm00001eb369520,8,1,9.875,41,1.118622238599609
Zm00001eb369540,4,1,8.75,23,0.8412600069248654
Zm00001eb369550,13,4,10.25925925925926,34,1.1322743973549458
Zm00001eb369560,7,2,11.833333333333334,18,0.7340560478135776
Zm00001eb369590,12,4,9.7,45,0.7558329643818519
Zm00001eb369610,18,4,6.966666666666667,17,2.9646654132700836
Zm00001eb369650,4,1,6.0,16,2.7164629457937353
Zm00001eb369660,7,1,6.714285714285714,14,0.4601477984338624
Zm00001eb369670,9,2,6.909090909090909,16,0.5515201873157128
Zm00001eb369680,13,3,14.6,88,1.014354132828746
Zm00001eb369690,13,4,13.0,88,0.3674608970041375
Zm00001eb369710,11,3,7.733333333333333,26,0.8611199807852844
Zm00001eb369720,6,2,13.5,25,0.442982761035015
Zm00001eb369730,13,3,8.88888888888889,35,3.209209310383265
Zm00001eb369750,8,2,7.6,17,0.5155363167717789
Zm00001eb369770,5,1,10.0,15,0.8122553219315283
Zm00001eb369780,4,1,10.75,18,0.4512318792719121
Zm00001eb369800,12,4,5.111111111111111,19,0.3284859765240373
Zm00001eb369820,7,1,13.857142857142858,32,0.5114118244639674
Zm00001eb369840,10,2,7.642857142857143,12,0.6055529917271395
Zm00001eb369850,10,2,7.642857142857143,12,0.7056878908060242
Zm00001eb369860,16,4,10.26086956521739,48,0.3920664965016963
Zm00001eb369880,13,6,10.074074074074074,36,0.1633083408050985
Zm00001eb369950,3,1,16.0,30,0.1988183361855349
Zm00001eb369960,6,2,13.5,30,0.433557060295036
Zm00001eb369980,10,4,4.9375,13,0.1956718923610275
Zm00001eb370030,10,3,5.125,22,0.4437188943381542
Zm00001eb370040,7,1,6.428571428571429,17,0.2668770958788991
Zm00001eb370050,6,1,6.666666666666667,17,0.290412327095608
Zm00001eb370070,6,2,7.875,20,0.9876529131869384
Zm00001eb370090,9,5,5.333333333333333,10,0.1722693453367862
Zm00001eb370100,9,1,8.777777777777779,22,0.1170263497079148
Zm00001eb370110,14,4,5.944444444444445,21,0.4060121802627986
Zm00001eb370130,5,2,18.0,62,0.910162543246532
Zm00001eb370140,13,6,9.32258064516129,32,0.5193019277416732
Zm00001eb370160,12,6,10.4375,28,0.4799985796446866
Zm00001eb370170,11,4,7.409090909090909,15,0.1355666581603846
Zm00001eb370180,3,1,6.333333333333333,16,0.3379303099636862
Zm00001eb370230,4,1,7.5,11,0.3693629437251602
Zm00001eb370240,6,1,10.666666666666666,18,0.3900041258719881
Zm00001eb370260,14,8,11.130434782608695,70,0.775656182813575
Zm00001eb370270,6,1,6.833333333333333,12,0.5517839428708514
Zm00001eb370280,8,1,19.25,86,0.6743578205491676
Zm00001eb370290,14,5,9.0,26,1.0787418999232703
Zm00001eb370330,13,4,7.478260869565218,31,0.6670909355972113
Zm00001eb370370,10,1,11.1,30,0.7220413209984865
Zm00001eb370380,5,1,10.2,13,0.2304590589016124
Zm00001eb370430,10,3,9.857142857142858,23,0.5322467572441786
Zm00001eb370450,16,5,7.344827586206897,31,0.7387471824200076
Zm00001eb370460,4,1,3.5,12,2.305768237699799
Zm00001eb370470,13,3,8.928571428571429,27,0.3811461989532803
Zm00001eb370480,11,3,11.608695652173912,49,0.1812961274741341
Zm00001eb370490,9,2,11.647058823529411,49,1.4035593137893754
Zm00001eb370520,4,1,4.75,8,0.5580888160330963
Zm00001eb370560,6,1,7.833333333333333,16,0.266537326745465
Zm00001eb370570,13,4,7.875,24,1.856356056401405
Zm00001eb370580,7,2,12.125,28,0.3695259566924761
Zm00001eb370630,4,2,5.25,8,4.584962500721156
Zm00001eb370650,12,3,7.904761904761905,23,1.1182254070624131
Zm00001eb370700,15,3,11.470588235294118,51,1.238261244640371
Zm00001eb370710,7,2,9.875,42,1.345141320505426
Zm00001eb370720,18,8,9.415094339622641,55,0.770099973566078
Zm00001eb370730,8,2,14.88888888888889,30,0.5377611856676384
Zm00001eb370790,10,2,10.666666666666666,27,0.0983661553306122
Zm00001eb370850,10,3,7.9375,20,0.2774268007836521
Zm00001eb370870,10,4,6.230769230769231,21,1.0489686685776782
Zm00001eb370880,10,5,8.0,36,0.4150205427558844
Zm00001eb370930,10,2,10.416666666666666,50,1.2616210230831548
Zm00001eb370960,11,4,9.458333333333334,28,0.6538331130689955
Zm00001eb370980,8,1,18.625,67,0.2172393452655708
Zm00001eb370990,10,2,6.461538461538462,14,0.2987573293060511
Zm00001eb371000,8,2,10.363636363636363,18,0.2811978886456097
Zm00001eb371030,4,1,4.5,9,0.76959938131099
Zm00001eb371070,4,1,17.5,25,1.286502025739923
Zm00001eb371150,10,2,15.333333333333334,33,0.4284359807089855
Zm00001eb371200,8,3,6.133333333333334,11,0.2513913279800281
Zm00001eb371210,5,2,17.0,64,0.5247514637793051
Zm00001eb371250,14,4,9.576923076923077,35,0.9545451724463356
Zm00001eb371430,7,2,11.181818181818182,43,0.441740753226027
Zm00001eb371490,7,1,7.714285714285714,18,1.6909081651859412
Zm00001eb371520,8,4,14.1,28,0.1894913683869795
Zm00001eb371530,14,5,8.208333333333334,24,0.8730501507439966
Zm00001eb371540,5,1,8.6,22,1.0052944422722383
Zm00001eb371550,15,4,8.541666666666666,19,0.6005664326139559
Zm00001eb371610,4,1,5.5,8,1.3517117882899568
Zm00001eb371640,13,4,8.636363636363637,19,0.1201967691229069
Zm00001eb371680,11,2,11.166666666666666,52,1.207404599398203
Zm00001eb371730,10,3,7.666666666666667,20,0.1455630005257018
Zm00001eb371740,10,2,7.090909090909091,14,0.2825421946365397
Zm00001eb371800,13,4,7.904761904761905,18,1.560202730792856
Zm00001eb371810,9,3,9.5,16,0.2219759990385968
Zm00001eb371820,16,5,8.483870967741936,26,0.5361726220452938
Zm00001eb371840,5,1,8.2,14,0.8126306619579822
Zm00001eb371880,13,4,14.73913043478261,70,0.8723707358371033
Zm00001eb371940,9,2,16.785714285714285,56,0.5711627490267529
Zm00001eb371950,17,7,8.81578947368421,55,0.3881770057884947
Zm00001eb371960,4,1,12.0,27,1.002461562092652
Zm00001eb371980,6,2,8.25,19,0.2457673124595303
Zm00001eb372150,12,3,7.05,22,0.3662483733701436
Zm00001eb372180,14,3,6.090909090909091,27,0.5323600328798773
Zm00001eb372200,8,2,6.909090909090909,13,0.4539096831579183
Zm00001eb372210,4,1,11.75,22,0.135578021385148
Zm00001eb372330,11,3,15.833333333333334,88,0.4443286517522262
Zm00001eb372390,15,5,9.620689655172415,30,0.9115261728251288
Zm00001eb372500,6,1,10.333333333333334,23,0.6417658972525958
Zm00001eb372510,10,2,12.153846153846153,41,0.6139693111067174
Zm00001eb372600,10,2,6.533333333333333,12,0.506176081748861
Zm00001eb372700,8,2,8.0,22,0.5910901033131379
Zm00001eb372710,11,3,7.0,23,4.969626350956481
Zm00001eb372720,8,1,10.5,22,1.9231588878194972
Zm00001eb372750,7,1,9.0,23,0.8128569682022738
Zm00001eb372770,10,4,6.9375,29,0.3019099505585686
Zm00001eb372790,4,1,10.25,17,0.3136850457310413
Zm00001eb372830,5,2,6.5,17,1.7716986905181358
Zm00001eb372900,5,1,5.6,7,0.4123883086505445
Zm00001eb372960,9,2,14.384615384615385,50,1.161888591579692
Zm00001eb372970,10,2,14.363636363636363,78,0.6229264606027488
Zm00001eb372980,9,4,6.947368421052632,15,0.064553133117843
Zm00001eb373050,7,1,12.857142857142858,26,1.188661564023898
Zm00001eb373080,4,1,9.5,12,0.3901482661622872
Zm00001eb373100,1,1,8.0,8,0.996850110126322
Zm00001eb373120,15,9,7.934782608695652,32,0.6364254391393114
Zm00001eb373140,8,4,17.833333333333332,57,0.4376520104276752
Zm00001eb373150,14,4,8.045454545454545,28,1.8389214081160288
Zm00001eb373180,8,2,10.916666666666666,32,0.151341876420241
Zm00001eb373330,8,2,12.727272727272727,62,0.3565487182356307
Zm00001eb373370,8,1,9.125,41,0.6956094593609288
Zm00001eb373380,5,1,13.8,23,0.6137386669603088
Zm00001eb373390,13,4,9.272727272727273,27,0.4182482194583851
Zm00001eb373400,12,3,10.38888888888889,27,2.159158145671823
Zm00001eb373450,3,1,7.0,13,0.8831237702067551
Zm00001eb373490,14,7,8.10344827586207,21,0.2853570579912891
Zm00001eb373510,4,1,9.75,22,0.7440359566298734
Zm00001eb373540,17,8,7.4186046511627906,24,1.4137016223338164
Zm00001eb373570,7,1,12.714285714285714,44,1.0932585072636745
Zm00001eb373580,10,2,8.0,36,0.4028430632004543
Zm00001eb373600,6,2,7.285714285714286,13,0.9541135187533508
Zm00001eb373630,9,2,6.888888888888889,20,0.0868287393600416
Zm00001eb373670,13,2,9.529411764705882,42,0.6260438108425992
Zm00001eb373700,4,1,12.75,32,0.1934165873670921
Zm00001eb373710,11,2,10.166666666666666,26,0.3154477394000843
Zm00001eb373760,13,6,7.264705882352941,28,0.6551136953981043
Zm00001eb373790,12,6,9.121212121212121,28,0.2283740833294283
Zm00001eb373900,9,2,8.166666666666666,22,0.4315887926901094
Zm00001eb373920,10,4,9.466666666666667,45,0.8015391630978446
Zm00001eb373950,15,6,7.344827586206897,23,0.7990993032008759
Zm00001eb373970,9,2,7.777777777777778,16,0.3851765294415051
Zm00001eb373990,6,1,10.666666666666666,54,0.553802232978752
Zm00001eb374000,2,1,1.5,2,0.2575279222285906
Zm00001eb374040,14,4,8.473684210526315,23,0.5345805409559488
Zm00001eb374090,14,3,7.476190476190476,29,0.4731566784217453
Zm00001eb374100,5,1,12.4,27,0.7485785667261158
Zm00001eb374110,9,3,10.176470588235293,25,0.7500405640943204
Zm00001eb374120,14,4,15.208333333333334,61,0.5738861740571303
Zm00001eb374140,8,1,6.875,25,0.8216722006081024
Zm00001eb374150,9,2,8.0,15,0.3562665036157202
Zm00001eb374160,4,1,9.5,19,0.798837693119436
Zm00001eb374170,15,6,7.862068965517241,47,0.5627504276790372
Zm00001eb374190,4,1,6.0,10,0.4705531554732157
Zm00001eb374200,4,2,7.666666666666667,13,0.6959377746053518
Zm00001eb374210,6,1,11.666666666666666,26,2.610704360309023
Zm00001eb374230,8,3,7.0,20,1.1283240969755393
Zm00001eb374270,7,2,5.3,11,0.3596012325246266
Zm00001eb374280,8,2,6.375,15,0.3202179375093287
Zm00001eb374300,1,1,4.0,4,0.5073212794041098
Zm00001eb374330,11,4,12.05,71,0.6955024113878397
Zm00001eb374350,6,2,5.714285714285714,12,0.9035049215725136
Zm00001eb374360,10,5,6.9,38,0.1322132134237911
Zm00001eb374380,13,4,5.4375,16,1.1867714404680565
Zm00001eb374390,11,2,13.428571428571429,51,0.8796806404048625
Zm00001eb374410,11,2,13.428571428571429,51,1.6606266341073417
Zm00001eb374430,6,1,7.0,12,1.065939731931744
Zm00001eb374450,15,3,7.217391304347826,29,0.7144525012916507
Zm00001eb374460,5,1,4.6,7,0.1267846526079054
Zm00001eb374470,7,2,10.0,29,0.4774631243678733
Zm00001eb374510,9,2,4.181818181818182,11,0.4704784911917998
Zm00001eb374520,5,1,8.0,19,0.4110292398753509
Zm00001eb374550,7,1,11.857142857142858,25,1.222392421336448
Zm00001eb374560,14,6,8.176470588235293,21,0.7886987901398943
Zm00001eb374580,11,6,8.178571428571429,18,0.4057737781584382
Zm00001eb374630,7,1,6.857142857142857,17,0.5057158276493211
Zm00001eb374650,8,2,11.222222222222221,25,0.6495522951641466
Zm00001eb374670,6,1,13.5,20,0.39326662499095
Zm00001eb374750,7,2,16.5,56,0.8620090495716854
Zm00001eb374760,3,1,9.0,16,0.5402941399923697
Zm00001eb374790,15,5,5.888888888888889,13,1.160964047443681
Zm00001eb374810,8,1,6.125,11,0.8965803654900126
Zm00001eb374820,12,2,12.722222222222221,33,0.5689683193584434
Zm00001eb374860,8,3,14.4,71,2.4594316186372973
Zm00001eb374870,4,1,10.75,15,0.6845540635237
Zm00001eb374880,6,1,6.833333333333333,18,1.3778042259350778
Zm00001eb374890,16,5,6.515151515151516,14,2.1539527853439457
Zm00001eb374920,10,2,10.461538461538462,35,0.419904941624396
Zm00001eb375010,8,2,6.333333333333333,22,0.3713305994704687
Zm00001eb375030,9,2,13.666666666666666,39,0.5176190994675491
Zm00001eb375040,10,2,6.5,19,0.4952623611387869
Zm00001eb375110,12,4,9.318181818181818,22,0.6222655255159678
Zm00001eb375120,13,3,7.333333333333333,17,2.3230957996666985
Zm00001eb375130,15,4,9.083333333333334,29,0.1721311194423434
Zm00001eb375140,6,2,10.0,33,0.3764973569696171
Zm00001eb375190,7,1,8.714285714285714,11,0.4316430106223665
Zm00001eb375200,8,3,9.5,22,0.3072132507367436
Zm00001eb375210,6,1,15.833333333333334,52,0.3416560339296623
Zm00001eb375240,8,1,8.5,28,1.345552694200349
Zm00001eb375250,4,1,7.25,8,0.3664861903171606
Zm00001eb375270,14,4,12.2,84,1.126169225517507
Zm00001eb375380,13,3,9.11111111111111,22,0.2162801602021471
Zm00001eb375390,9,1,6.777777777777778,13,0.5531978719204174
Zm00001eb375450,4,1,5.0,9,1.0019179261890676
Zm00001eb375480,13,5,7.416666666666667,21,0.3136899427725393
Zm00001eb375490,7,1,8.142857142857142,18,0.3473459658990501
Zm00001eb375500,12,4,13.434782608695652,112,0.23486990951978
Zm00001eb375510,10,4,7.476190476190476,19,0.1691377808498398
Zm00001eb375520,2,1,6.5,7,0.2350692306894913
Zm00001eb375530,7,4,9.066666666666666,30,0.3220248435010699
Zm00001eb375560,12,8,8.678571428571429,26,0.440619619926573
Zm00001eb375570,16,5,11.432432432432432,48,1.5234322776833653
Zm00001eb375590,6,1,11.5,26,4.74224422158101
Zm00001eb375600,15,6,7.375,19,1.2008810833695396
Zm00001eb375620,9,2,12.545454545454545,26,0.5925358595545174
Zm00001eb375640,15,5,10.714285714285714,59,1.2582992482317772
Zm00001eb375660,13,4,7.590909090909091,25,0.6374178485309677
Zm00001eb375670,13,4,7.590909090909091,25,0.893403378734684
Zm00001eb375680,5,1,11.2,17,0.1910392692139337
Zm00001eb375690,11,2,9.571428571428571,22,0.4055393473690749
Zm00001eb375700,9,2,7.181818181818182,18,0.3605558701497482
Zm00001eb375730,14,6,10.96875,41,0.5814399983864228
Zm00001eb375820,6,1,15.166666666666666,48,1.016051916201225
Zm00001eb375840,8,3,8.636363636363637,22,0.4307819143373774
Zm00001eb376040,13,4,10.391304347826088,42,0.0995356735509144
Zm00001eb376150,6,2,12.375,45,1.0503541998870491
Zm00001eb376160,6,1,8.833333333333334,17,0.5348256848349351
Zm00001eb376400,6,1,14.166666666666666,33,0.7317464025859334
Zm00001eb376510,7,2,8.375,16,0.5566503685574322
Zm00001eb376520,5,1,4.2,6,0.3881867572955423
Zm00001eb376530,8,3,9.6,32,0.4981222184739797
Zm00001eb376570,3,1,8.666666666666666,14,1.1042827441370815
Zm00001eb376580,6,1,16.333333333333332,65,1.0
Zm00001eb376590,6,2,6.625,9,0.9538528398395096
Zm00001eb376600,8,2,14.125,38,0.3265958998268343
Zm00001eb376630,5,1,8.0,10,0.2307776745707958
Zm00001eb376650,14,5,13.125,118,0.9414301056005095
Zm00001eb376660,7,1,13.714285714285714,35,0.4326473364986193
Zm00001eb376680,8,1,10.75,39,0.8184398532439847
Zm00001eb376750,2,1,12.5,16,0.576603894030676
Zm00001eb376780,12,4,8.944444444444445,27,0.2115652859988408
Zm00001eb376790,16,5,8.542857142857143,22,0.480357720224673
Zm00001eb376840,9,2,5.333333333333333,12,0.5119060907398222
Zm00001eb376850,6,1,10.5,22,0.419160921272932
Zm00001eb376860,6,1,10.166666666666666,23,0.8153022075403719
Zm00001eb376870,10,2,6.642857142857143,11,0.0
Zm00001eb377040,7,1,8.0,35,0.2259388566180451
Zm00001eb377050,8,2,24.181818181818183,143,0.2082568027733407
Zm00001eb377060,6,2,14.285714285714286,44,0.9888853338476086
Zm00001eb377110,14,4,13.333333333333334,45,1.144890211259851
Zm00001eb377120,15,8,11.2,96,1.295104768361512
Zm00001eb377150,10,2,6.0,16,0.1581252424053522
Zm00001eb377210,5,1,9.6,16,0.518213855318622
Zm00001eb377270,9,2,6.416666666666667,18,0.1631925176633305
Zm00001eb377350,12,4,10.521739130434783,24,0.6729750893839004
Zm00001eb377370,14,6,7.724137931034483,27,0.3461756411340395
Zm00001eb377380,14,7,11.058823529411764,79,0.4703477938177267
Zm00001eb377420,5,1,6.6,16,0.2380717875004819
Zm00001eb377430,10,1,10.1,25,0.3011486928080052
Zm00001eb377450,6,2,7.666666666666667,20,1.2778088969322567
Zm00001eb377470,10,4,9.9375,43,0.5466283531015383
Zm00001eb377480,9,1,7.666666666666667,15,0.8262007363571822
Zm00001eb377500,7,1,6.285714285714286,12,0.5959376648650359
Zm00001eb377520,7,3,14.066666666666666,27,1.466806301333049
Zm00001eb377530,8,2,12.636363636363637,27,0.2787509201311375
Zm00001eb377770,9,2,11.3,43,0.4899242077865626
Zm00001eb377790,6,1,6.833333333333333,17,0.1604644844725788
Zm00001eb377810,7,2,10.0,18,0.8785438701770115
Zm00001eb377830,10,2,11.75,27,1.139142981992683
Zm00001eb377850,3,1,9.666666666666666,18,1.459431618637297
Zm00001eb377870,13,4,8.185185185185185,23,0.1871015786286823
Zm00001eb377880,9,2,8.333333333333334,15,1.3349934766848257
Zm00001eb377890,5,1,6.2,19,0.6915784998168821
Zm00001eb377970,10,2,3.9166666666666665,11,0.7465619041387207
Zm00001eb377990,10,3,14.357142857142858,65,0.4844159872794138
Zm00001eb378000,5,1,11.6,26,0.1256315572540189
Zm00001eb378110,10,3,10.181818181818182,32,0.7693378409579547
Zm00001eb378120,13,6,7.5,32,4.7481928495894605
Zm00001eb378140,13,4,7.384615384615385,36,0.9568430632396826
Zm00001eb378170,5,1,18.2,60,0.4705671199405731
Zm00001eb378190,3,1,13.0,21,0.6721191283062256
Zm00001eb378210,13,5,7.6,30,0.3610551903200731
Zm00001eb378220,14,5,6.8125,20,0.7320427551348369
Zm00001eb378230,5,1,21.8,81,0.6631516588914492
Zm00001eb378250,12,3,6.947368421052632,17,2.254102245710242
Zm00001eb378260,5,1,3.8,11,0.5881511820574628
Zm00001eb378270,2,1,6.0,10,0.2137982063498603
Zm00001eb378340,6,1,13.833333333333334,22,0.6470048834001604
Zm00001eb378360,9,2,7.454545454545454,19,0.1025759109393543
Zm00001eb378430,13,4,11.6,74,0.218595213302383
Zm00001eb378460,14,3,9.857142857142858,30,0.4799239344765806
Zm00001eb378470,12,4,13.714285714285714,47,0.8180364501196238
Zm00001eb378500,15,4,7.071428571428571,20,0.217949814974357
Zm00001eb378550,7,1,12.285714285714286,33,0.35983742217132
Zm00001eb378570,7,1,6.428571428571429,10,0.7092061415122618
Zm00001eb378600,6,1,15.666666666666666,36,0.1647265031305399
Zm00001eb378630,7,2,6.888888888888889,16,1.3333333333333333
Zm00001eb378640,9,3,14.153846153846153,69,0.4733802621943453
Zm00001eb378690,9,2,8.4,24,0.1724192026395121
Zm00001eb378700,12,3,10.0,27,0.8314913582745082
Zm00001eb378710,12,3,13.375,80,0.7248599094012007
Zm00001eb378720,12,3,13.375,80,0.8775114350161395
Zm00001eb378790,11,3,10.571428571428571,47,0.7670296835099911
Zm00001eb378810,4,1,14.25,18,0.2398189744090022
Zm00001eb378830,8,1,9.375,23,1.061112971715173
Zm00001eb378870,8,1,7.875,21,0.7178720852608349
Zm00001eb378880,8,1,7.875,21,0.4792937665481329
Zm00001eb378900,6,1,9.166666666666666,16,1.0507566574621758
Zm00001eb378930,8,2,9.5625,24,0.7332117741274956
Zm00001eb378970,6,2,9.833333333333334,19,0.2307259438818851
Zm00001eb378980,9,2,17.58823529411765,46,0.270464575166648
Zm00001eb379030,3,1,5.666666666666667,10,0.7512135244850927
Zm00001eb379060,13,3,13.157894736842104,47,0.2770575842707435
Zm00001eb379070,11,3,8.23076923076923,22,0.7743901943538377
Zm00001eb379130,13,4,8.619047619047619,21,0.3870145898829137
Zm00001eb379140,7,1,6.428571428571429,14,0.6523159686843564
Zm00001eb379150,9,3,8.8,17,0.3833482558459461
Zm00001eb379160,3,1,1.6666666666666667,4,0.4423355647350553
Zm00001eb379180,11,2,8.692307692307692,22,0.2924812503605781
Zm00001eb379190,5,2,11.0,27,0.514678514072348
Zm00001eb379230,9,2,7.0,18,0.6718435974772395
Zm00001eb379240,10,2,4.545454545454546,12,0.4015237601325415
Zm00001eb379250,11,3,8.214285714285714,20,0.1127995379329157
Zm00001eb379260,12,3,9.1,29,0.1633460452021946
Zm00001eb379270,8,2,9.444444444444445,16,0.1187225721533875
Zm00001eb379300,11,6,9.814814814814815,27,0.8422510266339318
Zm00001eb379310,15,4,10.88888888888889,49,1.2964333227667075
Zm00001eb379320,9,2,24.933333333333334,191,0.1833592099148728
Zm00001eb379340,5,1,7.0,14,0.7341604507502645
Zm00001eb379350,5,1,4.6,8,0.224323955191433
Zm00001eb379410,11,2,14.5,70,0.6123593503279791
Zm00001eb379420,5,1,24.2,66,1.6338662837779028
Zm00001eb379480,10,2,11.076923076923077,29,0.1776478038912479
Zm00001eb379490,9,1,8.777777777777779,19,0.6825696224672205
Zm00001eb379500,13,4,10.411764705882353,20,0.7581006836184954
Zm00001eb379510,10,2,7.7272727272727275,24,0.6225545477857348
Zm00001eb379530,8,1,13.625,22,0.181711807271959
Zm00001eb379570,8,2,7.333333333333333,21,0.8726968531455651
Zm00001eb379620,10,2,9.933333333333334,32,0.4631320427272301
Zm00001eb379770,7,2,8.8,21,0.8442615393134244
Zm00001eb379800,11,3,13.625,69,0.8148140167148993
Zm00001eb379830,6,2,7.7,10,1.001276983735966
Zm00001eb379890,10,3,11.235294117647058,34,0.6404099008442515
Zm00001eb379910,11,5,12.476190476190476,21,5.487964667247434
Zm00001eb379920,10,1,6.9,23,0.568358572517728
Zm00001eb379950,4,1,6.25,13,0.4535247923690956
Zm00001eb379990,10,2,9.833333333333334,20,0.0618893799658585
Zm00001eb380010,7,1,7.714285714285714,13,7.344847738550043
Zm00001eb380020,15,4,9.238095238095237,28,0.732232692482178
Zm00001eb380040,7,1,7.428571428571429,13,1.351128970002033
Zm00001eb380050,1,1,6.0,6,2.482625229987994
Zm00001eb380080,4,1,12.0,37,0.213935319449062
Zm00001eb380150,8,2,15.454545454545455,44,1.4106222974810694
Zm00001eb380190,11,5,9.222222222222221,46,0.4466823745656045
Zm00001eb380200,14,6,11.185185185185185,29,0.633278211213291
Zm00001eb380240,6,1,11.0,21,1.1619679433328294
Zm00001eb380260,11,3,8.125,27,0.5604932529443951
Zm00001eb380410,8,2,11.9,34,0.3873098586366879
Zm00001eb380460,6,1,10.5,13,0.3538147414185785
Zm00001eb380500,5,1,7.8,16,0.2024191857218625
Zm00001eb380520,9,1,10.777777777777779,24,0.5993381367699139
Zm00001eb380640,14,6,7.242424242424242,22,0.4552084688735237
Zm00001eb380670,2,1,16.5,25,2.0809199953835673
Zm00001eb380680,15,5,12.851851851851851,96,0.4239999023074139
Zm00001eb380790,3,1,7.333333333333333,12,0.5050268323319614
Zm00001eb380830,4,1,8.0,12,0.5530653944482128
Zm00001eb380840,6,1,6.833333333333333,21,0.2141166110030881
Zm00001eb380850,6,1,9.833333333333334,18,0.2072652000946716
Zm00001eb380860,6,1,10.5,20,0.2567271853385953
Zm00001eb380990,7,2,7.666666666666667,41,0.8116052571781076
Zm00001eb381040,6,1,9.833333333333334,21,0.5903106125885396
Zm00001eb381130,18,10,8.305084745762711,36,0.2931475317634777
Zm00001eb381210,6,1,8.333333333333334,19,0.6430135591256202
Zm00001eb381240,9,2,7.3,18,0.7427764029475709
Zm00001eb381280,8,2,4.571428571428571,9,0.8131283212937661
Zm00001eb381290,5,1,6.4,16,0.4545280293314546
Zm00001eb381450,7,2,35.54545454545455,124,0.1606606763329525
Zm00001eb381470,17,10,10.655172413793103,97,0.8365061944648046
Zm00001eb381490,6,1,7.166666666666667,10,0.3131245418611058
Zm00001eb381520,5,1,8.0,24,1.0548976483834127
Zm00001eb381530,8,1,6.125,21,0.8346944576803568
Zm00001eb381590,8,2,5.3,12,0.4381452266035216
Zm00001eb381600,7,1,10.142857142857142,20,0.8064467357504088
Zm00001eb381630,10,2,8.363636363636363,29,0.1019105587773325
Zm00001eb381760,12,3,9.235294117647058,29,1.288603022543196
Zm00001eb381770,7,1,9.0,20,0.1920838888909818
Zm00001eb381880,6,1,7.666666666666667,19,0.9175837521388116
Zm00001eb381960,5,1,6.8,12,0.3582394667937331
Zm00001eb381970,6,1,10.666666666666666,31,0.6584722145892514
Zm00001eb382010,10,2,8.23076923076923,23,0.4979275050473948
Zm00001eb382040,12,4,7.052631578947368,17,0.48904133941944
Zm00001eb382080,7,3,7.923076923076923,15,0.1168243736499573
Zm00001eb382100,6,1,11.166666666666666,34,1.5218743903483565
Zm00001eb382120,13,4,8.5,17,0.4898476005003582
Zm00001eb382130,9,2,16.0,63,1.0319766261086356
Zm00001eb382170,7,2,5.538461538461538,23,0.3163064954625882
Zm00001eb382180,10,2,7.0,22,0.3203438838584309
Zm00001eb382300,9,2,21.2,128,0.6676681948255158
Zm00001eb382320,8,2,10.444444444444445,25,0.5852783658238263
Zm00001eb382480,8,1,10.125,31,0.5286856611667823
Zm00001eb382490,4,1,15.0,18,0.3510930116479745
Zm00001eb383060,3,1,36.333333333333336,82,0.5724754401273279
Zm00001eb383160,7,3,8.307692307692308,18,0.3163615212950916
Zm00001eb383200,11,3,6.294117647058823,14,0.5824882428381151
Zm00001eb383280,3,1,4.0,7,0.3631434121547234
Zm00001eb383310,3,1,6.666666666666667,9,0.8372109855326865
Zm00001eb383460,7,1,8.428571428571429,18,1.3476338481535228
Zm00001eb383560,8,3,6.3,10,1.809930709399141
Zm00001eb383570,6,1,8.333333333333334,20,0.8097389807024216
Zm00001eb383580,12,3,11.73913043478261,42,0.6054423816090736
Zm00001eb383680,7,1,9.571428571428571,20,0.1835434690857864
Zm00001eb383780,2,1,8.5,10,0.7840103765129965
Zm00001eb383800,9,2,6.0,24,0.6105732181688021
Zm00001eb383870,2,1,6.5,7,0.5480398118386306
Zm00001eb383910,9,2,13.571428571428571,34,0.2486368752642215
Zm00001eb383930,8,2,10.0,25,0.6259900281392847
Zm00001eb383950,4,1,6.25,15,0.1405699731846267
Zm00001eb383980,4,1,11.5,27,0.3594252381753649
Zm00001eb384030,6,2,9.166666666666666,28,0.539874611192618
Zm00001eb384110,8,2,11.333333333333334,37,1.502494529864561
Zm00001eb384150,6,1,9.5,16,0.3807033100796421
Zm00001eb384200,4,1,13.5,20,0.2159314012672444
Zm00001eb384280,6,1,14.166666666666666,26,0.4606219727636831
Zm00001eb384300,14,4,4.37037037037037,19,0.1745640287832702
Zm00001eb384360,5,1,5.8,10,0.5219983438686762
Zm00001eb384370,2,1,11.0,12,0.1802126372212631
Zm00001eb384570,4,1,16.25,42,0.3806598729825184
Zm00001eb384580,9,2,6.555555555555555,25,1.7711002769063076
Zm00001eb384620,4,1,8.0,17,0.6098452719696573
Zm00001eb384660,4,1,11.75,34,0.3028311265757421
Zm00001eb384670,7,1,7.571428571428571,14,0.8265782140148985
Zm00001eb384760,8,2,11.444444444444445,30,0.5545888516776374
Zm00001eb384820,16,5,11.242424242424242,60,0.2468715175031387
Zm00001eb384840,6,1,4.5,8,0.6027007315032167
Zm00001eb384860,11,3,12.5,43,0.3273908377733093
Zm00001eb384890,12,5,5.888888888888889,19,0.3464026415936832
Zm00001eb384940,6,2,9.909090909090908,22,0.7466269563223895
Zm00001eb384950,14,3,10.235294117647058,68,0.4278374870848426
Zm00001eb384970,9,3,5.8,10,0.9213871746789712
Zm00001eb385020,13,5,10.107142857142858,44,2.39004289562815
Zm00001eb385040,4,1,11.25,22,0.1240088146608463
Zm00001eb385240,9,2,7.3,17,0.09778005481244
Zm00001eb385340,11,2,8.727272727272727,19,3.318773850694298
Zm00001eb385450,2,1,15.0,24,0.1100096463585848
Zm00001eb385590,7,2,8.88888888888889,25,0.1165110365458649
Zm00001eb385600,17,9,12.75,81,0.1158635575529111
Zm00001eb385610,13,5,9.206896551724139,58,0.2299610370890757
Zm00001eb385620,5,2,7.571428571428571,17,0.4426276019250659
Zm00001eb385700,11,2,12.928571428571429,31,1.1406674738746807
Zm00001eb385710,9,1,10.666666666666666,17,1.9020642256947788
Zm00001eb385730,2,1,9.5,13,0.6345549603764542
Zm00001eb385740,6,1,15.5,25,0.4150374992788438
Zm00001eb385750,9,2,6.363636363636363,11,0.9713594489439346
Zm00001eb385790,12,2,8.083333333333334,24,2.7795143929904187
Zm00001eb385840,12,3,7.125,26,0.1822759874907019
Zm00001eb385860,15,5,7.366666666666666,16,0.2414834728470851
Zm00001eb385870,3,1,18.0,22,0.6678443262253363
Zm00001eb385880,10,3,14.125,81,0.3216471641091943
Zm00001eb385960,16,8,9.142857142857142,56,0.486373193632834
Zm00001eb385980,6,2,10.571428571428571,20,0.2148033192239217
Zm00001eb386000,4,1,8.5,16,0.5404421846607466
Zm00001eb386020,8,2,5.0,13,0.1952841159124141
Zm00001eb386040,12,2,8.125,25,2.193170488102404
Zm00001eb386050,8,4,24.1875,115,0.6619126158179442
Zm00001eb386080,9,2,10.363636363636363,27,0.7705615938189316
Zm00001eb386150,12,6,9.225806451612904,35,0.2456499758612144
Zm00001eb386160,11,3,7.933333333333334,17,0.8896734445014932
Zm00001eb386170,6,2,3.857142857142857,13,0.2630344058337938
Zm00001eb386180,9,4,10.636363636363637,41,1.058250540454592
Zm00001eb386190,11,2,8.142857142857142,31,0.4270817884310825
Zm00001eb386200,7,1,6.714285714285714,15,1.0310542698502905
Zm00001eb386210,3,1,5.333333333333333,8,0.6851292619255299
Zm00001eb386220,13,5,13.558823529411764,29,0.3582570860092231
Zm00001eb386260,8,3,7.785714285714286,32,0.4009492090729852
Zm00001eb386270,4,1,5.75,11,0.2474500035281712
Zm00001eb386300,6,2,8.857142857142858,17,0.6356329869478872
Zm00001eb386320,15,6,11.146341463414634,73,0.6980049915360816
Zm00001eb386330,10,2,7.7272727272727275,18,0.4963036730562334
Zm00001eb386390,11,3,9.4375,21,0.2360941826826078
Zm00001eb386410,6,2,11.545454545454545,17,0.7310707086459173
Zm00001eb386480,11,2,13.266666666666667,57,0.1191563708326108
Zm00001eb386490,4,1,6.5,10,0.8600864797794041
Zm00001eb386510,3,1,7.333333333333333,13,0.1680291482254612
Zm00001eb386520,4,1,22.75,33,0.2807213404179761
Zm00001eb386550,12,7,10.580645161290322,33,0.9383778930510878
Zm00001eb386640,9,2,7.222222222222222,17,0.3043023914215909
Zm00001eb386650,8,2,8.583333333333334,16,0.1136183451900934
Zm00001eb386660,7,3,9.333333333333334,27,0.0744254278750756
Zm00001eb386670,11,3,4.8,15,0.6434501562131281
Zm00001eb386680,1,1,17.0,17,0.3243924445253432
Zm00001eb386720,5,1,18.4,58,0.6148579046593242
Zm00001eb386750,10,3,9.0,31,0.784855214276897
Zm00001eb386830,10,2,6.5,13,0.1203816531819102
Zm00001eb386870,8,2,12.11111111111111,36,0.2953003136789262
Zm00001eb386920,6,1,9.333333333333334,13,0.3761821572917613
Zm00001eb386990,10,4,13.3,28,0.2293506763477295
Zm00001eb387010,9,3,6.2,24,0.490827050821614
Zm00001eb387020,8,1,13.625,34,0.1805419624873384
Zm00001eb387040,11,2,11.461538461538462,23,0.2032971909774851
Zm00001eb387090,12,3,8.5,15,0.2100963593913587
Zm00001eb387100,8,3,9.833333333333334,21,0.1714581628723419
Zm00001eb387110,10,4,9.736842105263158,33,0.4425831630161235
Zm00001eb387280,5,1,8.2,11,0.6098746080916922
Zm00001eb387290,5,1,12.0,27,0.247430823499031
Zm00001eb387300,11,5,7.3,20,0.3012250089846073
Zm00001eb387310,8,1,6.125,13,1.055482654506991
Zm00001eb387340,6,2,10.777777777777779,18,0.3499472292890594
Zm00001eb387350,5,1,6.8,23,0.1725812574648781
Zm00001eb387360,7,1,10.428571428571429,40,0.0681040168027119
Zm00001eb387370,11,2,14.076923076923077,63,0.7538614392356218
Zm00001eb387390,13,5,6.607142857142857,30,0.8601337951031118
Zm00001eb387410,6,1,9.0,23,0.7942053405288222
Zm00001eb387440,6,2,9.571428571428571,16,0.1953612977571155
Zm00001eb387530,3,1,3.3333333333333335,6,1.2091604503727047
Zm00001eb387600,15,6,8.741935483870968,39,0.4448624836945719
Zm00001eb387640,4,1,17.5,24,1.149296234831536
Zm00001eb387750,6,2,11.142857142857142,18,0.3679741544691003
Zm00001eb387780,12,4,10.333333333333334,28,0.9526480829276378
Zm00001eb387800,12,3,6.352941176470588,14,0.3130630250739105
Zm00001eb387810,8,1,10.0,32,0.3902360026684618
Zm00001eb387820,12,3,14.61111111111111,60,0.896179193455821
Zm00001eb387830,17,6,11.057142857142857,53,0.1601973671011234
Zm00001eb387930,6,1,5.833333333333333,19,0.8307819411374907
Zm00001eb388020,12,5,8.555555555555555,36,0.5729171818888885
Zm00001eb388030,5,1,7.6,16,0.2502882052832859
Zm00001eb388040,5,1,9.4,13,0.3235616179501969
Zm00001eb388050,3,1,2.6666666666666665,6,0.2503993198021855
Zm00001eb388060,9,3,7.066666666666666,33,0.2839687897604229
Zm00001eb388080,10,2,5.7272727272727275,17,1.592688575760116
Zm00001eb388090,12,3,10.421052631578947,27,1.344998355055922
Zm00001eb388110,7,2,7.5,13,0.4704047491574917
Zm00001eb388180,8,2,5.444444444444445,13,0.1616785090353095
Zm00001eb388190,6,1,11.833333333333334,45,0.288006444707571
Zm00001eb388220,5,1,12.2,40,0.7260011344780658
Zm00001eb388240,11,3,5.0,11,0.4906034545605468
Zm00001eb388260,16,7,7.877551020408164,25,0.7916426776392873
Zm00001eb388270,8,2,6.0,13,0.1950548782505535
Zm00001eb388300,12,5,9.25,26,0.8462784513391365
Zm00001eb388320,4,3,7.0,16,0.762013141147364
Zm00001eb388330,13,4,12.333333333333334,47,0.804322724453809
Zm00001eb388340,7,2,11.0,34,0.4224740851884088
Zm00001eb388350,7,1,11.571428571428571,36,0.2450486008433707
Zm00001eb388390,12,2,9.428571428571429,35,0.5153995300474927
Zm00001eb388430,4,1,13.75,33,0.6829214626249763
Zm00001eb388510,6,1,11.0,20,9.861933630766604
Zm00001eb388550,6,2,6.0,9,0.2149184646720238
Zm00001eb388590,5,3,10.375,30,1.0961170786613512
Zm00001eb388610,14,5,5.384615384615385,9,0.3753387698336151
Zm00001eb388620,8,1,11.25,32,0.6967291037695228
Zm00001eb388670,10,2,7.6923076923076925,20,0.445803719027654
Zm00001eb388680,4,1,5.75,8,0.1620937580156373
Zm00001eb388760,10,2,21.928571428571427,131,1.593679203955651
Zm00001eb388800,11,4,7.888888888888889,28,1.3665153730657014
Zm00001eb388820,12,4,6.166666666666667,16,0.3621445566383019
Zm00001eb388840,15,5,8.137931034482758,23,0.914554386707884
Zm00001eb388910,14,5,8.642857142857142,26,0.94280387504811
Zm00001eb388960,7,1,16.428571428571427,70,0.6977589485168957
Zm00001eb388990,15,4,7.136363636363637,23,0.5328581449415326
Zm00001eb389150,4,1,9.0,23,0.7322255238349052
Zm00001eb389180,5,1,4.8,14,0.446034475766684
Zm00001eb389190,9,3,8.75,36,0.4496645342964275
Zm00001eb389210,9,3,10.0,32,0.2991619023932413
Zm00001eb389270,6,1,12.0,19,2.584962500721156
Zm00001eb389310,6,1,13.666666666666666,51,0.3161758430318164
Zm00001eb389350,5,1,7.0,16,0.3225420584889408
Zm00001eb389370,3,1,9.0,17,0.3088756944140294
Zm00001eb389440,4,1,4.25,13,0.3717950109369107
Zm00001eb389500,2,1,15.5,29,0.3809917494653941
Zm00001eb389540,14,4,11.041666666666666,52,4.0789749497404255
Zm00001eb389560,7,1,6.0,16,0.3383361275301693
Zm00001eb389570,11,3,6.071428571428571,23,0.0
Zm00001eb389630,9,2,5.5,12,0.561773525714961
Zm00001eb389640,9,2,5.7272727272727275,21,0.4296548717223254
Zm00001eb389650,3,1,10.333333333333334,15,0.3622085950317136
Zm00001eb389660,12,6,7.148148148148148,19,0.2858081940187262
Zm00001eb389700,10,4,11.125,43,0.7156893100237034
Zm00001eb389710,7,1,13.714285714285714,27,0.2793683289383872
Zm00001eb389720,8,1,11.875,21,0.4291204627137072
Zm00001eb389750,11,3,11.625,26,0.2476060441026538
Zm00001eb389770,3,1,6.666666666666667,7,0.5004816066408576
Zm00001eb389820,13,4,9.619047619047619,24,0.309796284267232
Zm00001eb389870,6,1,6.166666666666667,12,0.829805563813794
Zm00001eb389890,8,2,20.4,81,0.4278050453324125
Zm00001eb389900,10,2,13.916666666666666,29,0.4322954381892737
Zm00001eb389910,12,4,7.526315789473684,24,1.0649481823384266
Zm00001eb389940,4,1,19.5,36,0.1631061980807127
Zm00001eb389950,5,1,7.0,10,0.1634185701028024
Zm00001eb389960,5,1,4.2,7,0.2618951403042284
Zm00001eb389980,1,1,10.0,10,1.0414123858297888
Zm00001eb389990,7,1,8.571428571428571,15,0.2575662759313095
Zm00001eb390020,13,6,7.545454545454546,25,0.4683368637664133
Zm00001eb390100,7,2,10.0,22,0.9098110838923708
Zm00001eb390190,8,2,10.88888888888889,20,0.6576191954165812
Zm00001eb390210,6,1,8.666666666666666,25,0.4898395038756635
Zm00001eb390220,10,2,11.0,39,3.232660756790275
Zm00001eb390240,15,5,9.153846153846153,28,1.937336893675184
Zm00001eb390300,14,5,11.866666666666667,49,1.5557909084094117
Zm00001eb390370,6,2,9.333333333333334,25,0.3175670148566737
Zm00001eb390410,12,3,6.4375,19,0.7398506847844014
Zm00001eb390440,2,1,16.0,17,0.147397629784257
Zm00001eb390450,5,1,18.2,62,0.0046039999347407
Zm00001eb390460,10,3,8.714285714285714,27,0.1627393995955986
Zm00001eb390490,4,1,8.75,13,0.1198014199611259
Zm00001eb390500,12,2,8.142857142857142,54,0.5636691492157224
Zm00001eb390520,8,2,9.2,17,0.300767938023651
Zm00001eb390530,8,3,4.7272727272727275,9,0.3431544406704529
Zm00001eb390540,16,6,7.823529411764706,24,0.4724050321047098
Zm00001eb390560,6,1,14.0,31,1.0351878306255504
Zm00001eb390620,7,1,8.285714285714286,12,1.1215212163781103
Zm00001eb390640,5,1,8.0,12,0.7129123044182694
Zm00001eb390650,10,2,10.071428571428571,26,0.6737464048399104
Zm00001eb390680,14,6,11.18421052631579,29,0.1962645828648871
Zm00001eb390720,12,4,10.291666666666666,34,0.7832393968679704
Zm00001eb390730,4,1,9.0,13,1.2221654701910087
Zm00001eb390750,8,3,8.928571428571429,20,0.7378047385535519
Zm00001eb390760,7,1,13.285714285714286,61,1.396623582100203
Zm00001eb390790,4,1,9.25,18,0.1773074686948327
Zm00001eb390820,6,1,11.5,38,0.7822618919118082
Zm00001eb390830,9,2,9.642857142857142,21,1.5565385953092463
Zm00001eb390960,14,5,7.90625,36,0.6378822294102986
Zm00001eb391060,8,2,6.666666666666667,16,0.3291221629106929
Zm00001eb391070,5,1,11.0,22,0.3680386231658338
Zm00001eb391080,6,1,5.166666666666667,13,0.5447737712675104
Zm00001eb391130,7,2,9.3,17,0.3275042836096576
Zm00001eb391210,6,2,18.0,53,0.2466598728407552
Zm00001eb391230,17,5,5.7407407407407405,21,0.2400652593140452
Zm00001eb391240,9,3,7.933333333333334,35,0.2741815596248257
Zm00001eb391280,5,2,4.333333333333333,9,0.5725180015363971
Zm00001eb391350,13,6,6.24,19,1.4606144452513576
Zm00001eb391500,4,1,10.5,22,0.4556873360463838
Zm00001eb391530,12,5,6.875,23,0.5898637504199972
Zm00001eb391550,16,6,11.083333333333334,55,0.9630961808917337
Zm00001eb391730,14,8,9.902439024390244,51,0.5962536746116235
Zm00001eb391750,7,2,5.9,15,0.2965687342608631
Zm00001eb391900,6,1,10.333333333333334,30,0.5766377641507662
Zm00001eb392000,11,5,9.363636363636363,35,0.9343051751666084
Zm00001eb392010,8,1,7.625,11,0.6508643659990224
Zm00001eb392080,10,3,12.166666666666666,28,0.7148545703682941
Zm00001eb392090,4,1,6.25,10,1.3027536678379938
Zm00001eb392120,6,1,9.0,18,0.0984644748780767
Zm00001eb392230,14,4,9.333333333333334,32,1.285190628457671
Zm00001eb392250,8,1,5.25,12,0.7889102157385682
Zm00001eb392260,5,1,8.0,13,0.8372076323798404
Zm00001eb392270,8,1,5.25,12,0.3204660714736354
Zm00001eb392380,5,1,8.8,14,0.8032240573169943
Zm00001eb392390,14,4,10.277777777777779,26,0.3875248901435693
Zm00001eb392400,9,1,8.11111111111111,21,0.2335777583564648
Zm00001eb392420,5,2,12.571428571428571,35,0.3836278948042444
Zm00001eb392430,5,1,8.4,10,1.0572048660189493
Zm00001eb392440,9,1,7.222222222222222,28,0.2639191597809846
Zm00001eb392490,5,1,23.4,104,0.5111446093158455
Zm00001eb392530,6,1,13.5,51,0.2381694948416413
Zm00001eb392570,7,1,5.0,16,0.4879028993751655
Zm00001eb392580,13,4,7.333333333333333,31,0.2840205669549168
Zm00001eb392700,5,1,10.8,20,0.4392759372707802
Zm00001eb392710,10,3,5.071428571428571,10,0.488414481828513
Zm00001eb392730,6,1,4.0,9,0.3422558240727459
Zm00001eb392740,17,7,7.619047619047619,37,0.9169470198920824
Zm00001eb392750,15,6,10.5625,55,0.2698771694216946
Zm00001eb392800,1,1,9.0,9,0.9535700411071284
Zm00001eb392880,11,3,10.933333333333334,23,0.8371084863496486
Zm00001eb392910,10,3,10.133333333333333,39,0.8591778855343035
Zm00001eb392950,4,1,10.0,16,0.2398555607278166
Zm00001eb392970,5,1,8.2,18,0.618241981034825
Zm00001eb393000,9,3,10.909090909090908,24,0.8662741688907063
Zm00001eb393040,6,1,8.333333333333334,16,0.4374478863648948
Zm00001eb393050,14,4,7.761904761904762,25,0.998807811143237
Zm00001eb393060,14,5,9.75,29,1.3827232884141
Zm00001eb393070,14,4,6.6,22,0.213987554819094
Zm00001eb393130,5,1,4.4,8,0.2383158425821511
Zm00001eb393160,2,1,9.0,17,0.4037666878127069
Zm00001eb393200,6,1,7.0,13,0.3046347728591287
Zm00001eb393250,3,1,15.0,34,0.7922381085884527
Zm00001eb393270,12,3,8.45,32,0.3495455259050823
Zm00001eb393280,4,1,7.75,11,0.2932050440944797
Zm00001eb393300,4,1,8.25,16,0.2870217506409263
Zm00001eb393430,8,2,6.0,16,0.7883545095651705
Zm00001eb393450,9,3,7.636363636363637,15,0.4911657519711335
Zm00001eb393520,8,2,10.0,17,6.076103481334882
Zm00001eb393560,17,14,8.075949367088608,26,1.5521954506218791
Zm00001eb393570,6,1,7.333333333333333,17,0.9764038803261932
Zm00001eb393580,4,1,19.5,27,1.1699250014423124
Zm00001eb393610,10,4,5.333333333333333,16,0.1710285463136091
Zm00001eb393630,8,2,8.375,18,0.4889093938094951
Zm00001eb393660,2,1,2.0,4,0.262545661539086
Zm00001eb393710,8,1,15.375,57,1.1696403620564522
Zm00001eb393720,5,1,8.8,26,0.2475426841924051
Zm00001eb393790,6,1,9.833333333333334,17,0.6632624228369551
Zm00001eb393810,6,1,9.833333333333334,17,0.3139839497022493
Zm00001eb393840,8,3,11.166666666666666,35,0.1503676506241329
Zm00001eb393860,4,2,39.714285714285715,99,1.2591612934038865
Zm00001eb393900,12,4,8.857142857142858,16,0.3302813649371673
Zm00001eb394010,7,2,15.222222222222221,40,0.2718040534322144
Zm00001eb394030,12,4,13.0,47,0.284298936091391
Zm00001eb394050,17,5,12.151515151515152,31,0.5599119824610881
Zm00001eb394060,7,3,11.416666666666666,24,0.1303228528335689
Zm00001eb394120,14,6,14.114285714285714,52,0.5726465237414435
Zm00001eb394150,6,1,8.5,26,3.3264758484867967
Zm00001eb394170,9,2,9.583333333333334,25,1.2099569589744512
Zm00001eb394180,7,1,8.142857142857142,28,0.348311150348729
Zm00001eb394190,7,1,5.285714285714286,16,0.427669939919066
Zm00001eb394210,11,4,8.533333333333333,18,0.768521005348885
Zm00001eb394230,7,1,15.857142857142858,66,0.4360886865539811
Zm00001eb394240,13,3,8.92,45,1.1476054543332332
Zm00001eb394250,4,1,8.25,10,1.1459968243002092
Zm00001eb394260,15,6,9.825,44,0.4140533538544871
Zm00001eb394270,7,1,8.142857142857142,14,0.7501696233755942
Zm00001eb394290,12,3,13.777777777777779,47,0.5361436116427226
Zm00001eb394300,9,2,9.76923076923077,31,1.3664455312719133
Zm00001eb394340,11,3,7.133333333333334,12,1.5884771964965578
Zm00001eb394360,10,2,7.928571428571429,29,0.2527040619341986
Zm00001eb394380,7,1,8.857142857142858,17,0.7365126171459478
Zm00001eb394390,5,1,12.6,33,1.8271441126907713
Zm00001eb394400,9,3,9.0,19,0.1924901660467295
Zm00001eb394410,16,6,8.23404255319149,24,0.169675629509489
Zm00001eb394430,5,1,33.8,101,0.7745707125833774
Zm00001eb394470,12,3,9.3,40,0.5936857261178747
Zm00001eb394480,7,2,6.909090909090909,11,0.5776670573562562
Zm00001eb394490,9,3,11.357142857142858,65,0.92056221178194
Zm00001eb394520,5,1,3.6,7,0.2236823378683207
Zm00001eb394530,9,2,9.363636363636363,19,0.3092788445500439
Zm00001eb394590,5,1,9.0,26,0.6063853877887554
Zm00001eb394600,5,1,10.2,19,0.3190046861950428
Zm00001eb394610,4,1,12.75,25,0.2075721168360529
Zm00001eb394630,13,4,12.227272727272727,57,0.3038412886106199
Zm00001eb394640,13,6,14.870967741935484,67,0.3228836732793669
Zm00001eb394670,5,1,3.4,8,0.1533879621452688
Zm00001eb394690,7,2,20.857142857142858,56,0.9384500362314072
Zm00001eb394700,9,2,11.181818181818182,28,0.3029905489706354
Zm00001eb394830,4,1,12.25,30,0.3990626787264169
Zm00001eb394840,12,3,10.35,23,1.0594845442514356
Zm00001eb394890,15,6,8.25,27,2.3745773509297545
Zm00001eb394910,5,1,7.8,14,0.5128728730492237
Zm00001eb394940,11,2,10.266666666666667,64,0.3779270120742756
Zm00001eb394950,7,2,10.3,30,1.0542784159704746
Zm00001eb394960,12,4,12.227272727272727,49,0.0703862384856462
Zm00001eb394970,1,1,6.0,6,0.3992845364095316
Zm00001eb395000,4,1,8.75,10,0.1929705754843129
Zm00001eb395050,3,1,3.0,4,1.04574970267731
Zm00001eb395120,15,5,7.103448275862069,16,0.1420795775154888
Zm00001eb395130,5,2,8.8,31,0.9257859715351936
Zm00001eb395150,6,1,8.5,13,0.806500691512486
Zm00001eb395180,6,1,16.0,31,0.1185719411809583
Zm00001eb395190,17,6,9.970588235294118,42,0.5720844261849911
Zm00001eb395240,11,4,9.75,48,0.3632597224337145
Zm00001eb395300,8,1,6.5,19,0.2423278255694327
Zm00001eb395330,7,1,8.428571428571429,16,2.701624447986271
Zm00001eb395360,5,1,8.8,17,1.4770981551934377
Zm00001eb395380,10,2,5.0,11,0.3337802232274967
Zm00001eb395390,1,1,4.0,4,0.2594040383806261
Zm00001eb395440,9,2,7.6923076923076925,29,0.4390200162631257
Zm00001eb395470,14,6,7.0625,23,1.047425036942795
Zm00001eb395480,9,2,11.416666666666666,17,0.1484263431232844
Zm00001eb395510,3,1,9.0,14,0.9479812518574524
Zm00001eb395520,5,1,8.4,17,0.5009038225882162
Zm00001eb395530,12,3,6.764705882352941,18,0.7110904615528094
Zm00001eb395560,13,9,10.41025641025641,24,0.5168533533357291
Zm00001eb395580,8,2,9.444444444444445,18,0.4908791910812735
Zm00001eb395590,8,3,6.833333333333333,24,0.1906525991901479
Zm00001eb395600,17,6,6.514285714285714,29,0.4489131424410548
Zm00001eb395610,16,8,7.96078431372549,27,0.5856823430856214
Zm00001eb395620,15,5,10.615384615384615,25,1.156779302684025
Zm00001eb395640,10,2,6.666666666666667,19,0.2110386359176989
Zm00001eb395660,10,4,11.1875,54,1.5845714809840528
Zm00001eb395720,7,1,10.428571428571429,24,0.4872845345116608
Zm00001eb395750,5,1,7.6,11,0.7497663485093667
Zm00001eb395770,17,10,8.061224489795919,43,0.8564586783245324
Zm00001eb395780,10,3,7.5625,24,0.34339528698549
Zm00001eb395790,17,9,7.808510638297872,25,0.4388431850112793
Zm00001eb395840,6,1,13.166666666666666,40,3.263758334740631
Zm00001eb395850,7,3,10.727272727272727,67,0.810828684656457
Zm00001eb395880,8,1,6.75,18,1.4273810326736822
Zm00001eb395940,10,1,10.3,50,2.070389327891398
Zm00001eb395950,3,1,4.333333333333333,7,0.1554330725487604
Zm00001eb395970,13,4,8.2,31,0.4775048030482411
Zm00001eb395980,9,2,5.0,10,0.7410758475686903
Zm00001eb396030,9,2,8.909090909090908,22,0.2736487026294734
Zm00001eb396040,5,1,11.6,19,0.095708157330883
Zm00001eb396060,5,1,3.4,5,0.4955622220256785
Zm00001eb396070,10,4,11.421052631578947,51,0.154890102749615
Zm00001eb396090,6,1,10.333333333333334,19,0.6775562323779393
Zm00001eb396100,14,5,14.636363636363637,28,1.1172349945355406
Zm00001eb396130,10,1,6.4,26,0.7385424712232963
Zm00001eb396140,5,1,20.8,67,0.9685819231769888
Zm00001eb396300,12,3,8.68421052631579,20,0.5754997773547651
Zm00001eb396310,12,5,8.74074074074074,30,1.2098008684644346
Zm00001eb396330,11,4,9.4,38,0.944882555735566
Zm00001eb396340,6,1,7.166666666666667,18,0.8767701304236127
Zm00001eb396350,9,3,11.4375,47,0.1798426225829205
Zm00001eb396430,10,2,9.272727272727273,41,0.7665325497651501
Zm00001eb396480,5,1,9.2,21,0.7369514328401293
Zm00001eb396490,4,1,13.0,25,0.8868299345719827
Zm00001eb396500,3,1,29.0,53,5.185955712217248
Zm00001eb396520,8,2,6.8,22,0.5927132706623155
Zm00001eb396540,1,1,9.0,9,0.3746535659135594
Zm00001eb396610,14,4,10.25925925925926,37,0.2687236630884858
Zm00001eb396660,11,2,7.923076923076923,19,0.4999999999999999
Zm00001eb396670,8,2,8.625,26,0.1631022663804286
Zm00001eb396680,9,3,10.157894736842104,19,0.639656242331831
Zm00001eb396710,5,1,6.6,10,1.7384517414118854
Zm00001eb396730,8,1,10.75,40,0.1407581984540518
Zm00001eb396860,8,1,14.0,30,0.4239101351268126
Zm00001eb396890,11,5,10.92,21,0.1999553719425279
Zm00001eb396900,4,1,7.75,15,0.41346347295183
Zm00001eb396910,9,2,8.666666666666666,20,0.8239785812966313
Zm00001eb396950,6,1,7.0,13,0.1967125601461526
Zm00001eb396960,12,3,11.45,52,0.597556332671884
Zm00001eb396970,7,1,8.571428571428571,20,1.2046663144029917
Zm00001eb396990,13,2,7.444444444444445,30,2.1887771488034424
Zm00001eb397010,5,1,9.4,25,1.187081114268821
Zm00001eb397020,5,1,7.2,13,0.2370471281890866
Zm00001eb397030,12,3,4.642857142857143,9,1.547669246541697
Zm00001eb397050,14,3,11.304347826086957,51,0.4549581068737295
Zm00001eb397070,4,1,8.5,23,0.3443900985762022
Zm00001eb397130,9,2,11.545454545454545,29,0.5195762635913629
Zm00001eb397140,8,2,12.444444444444445,30,1.0
Zm00001eb397150,4,1,10.5,19,0.1884126176193798
Zm00001eb397180,10,3,10.0,24,1.1379564271499656
Zm00001eb397230,6,1,12.5,27,0.1763227726404631
Zm00001eb397250,11,2,7.25,17,0.4479454179440403
Zm00001eb397270,5,1,6.8,19,0.6234536342227869
Zm00001eb397280,8,3,10.923076923076923,23,0.5685321880874983
Zm00001eb397310,10,3,7.923076923076923,18,0.2067120882164607
Zm00001eb397320,14,6,11.484848484848484,46,0.2610085871151461
Zm00001eb397350,7,1,3.5714285714285716,9,0.2874049553625935
Zm00001eb397370,8,1,6.5,16,1.0
Zm00001eb397390,12,3,14.375,83,0.3934887206994667
Zm00001eb397400,15,5,11.0,46,0.4849956859324315
Zm00001eb397430,6,1,24.166666666666668,56,0.3761920744140946
Zm00001eb397500,11,3,10.0625,59,0.8650330986838867
Zm00001eb397510,14,4,8.521739130434783,24,0.7978404979253585
Zm00001eb397520,8,1,7.625,19,0.3536539075574935
Zm00001eb397550,11,2,8.0,19,0.7208285143516764
Zm00001eb397560,7,1,9.142857142857142,39,0.3178247884994358
Zm00001eb397570,6,1,7.666666666666667,19,0.2854119180698558
Zm00001eb397600,6,2,12.0,26,1.7907155635191585
Zm00001eb397620,14,4,8.28,32,0.6105017291235147
Zm00001eb397630,6,1,7.833333333333333,20,0.3374755226960386
Zm00001eb397650,15,6,10.5625,30,0.2505735548690291
Zm00001eb397670,14,3,11.105263157894736,48,0.3762248349618596
Zm00001eb397710,15,7,8.472222222222221,21,0.1636446858668766
Zm00001eb397720,5,1,7.2,12,0.1000263842317609
Zm00001eb397730,4,1,25.5,82,1.2074363167121025
Zm00001eb397750,8,1,11.875,33,0.7308882060354008
Zm00001eb397770,4,2,29.666666666666668,63,0.2994037467111159
Zm00001eb397790,10,3,6.5,12,0.3160464073486264
Zm00001eb397810,9,1,5.0,9,0.6037369764915744
Zm00001eb397860,3,2,9.666666666666666,24,0.4555722303212083
Zm00001eb397880,14,5,6.636363636363637,16,0.167772775114042
Zm00001eb397910,6,1,9.5,21,0.2357209761224926
Zm00001eb397930,12,3,7.25,19,0.9176013453840496
Zm00001eb397940,9,2,6.166666666666667,26,2.1719171213423465
Zm00001eb397950,10,3,11.333333333333334,34,0.464447022618446
Zm00001eb397960,6,1,7.166666666666667,17,0.2319917231141992
Zm00001eb397980,12,6,10.294117647058824,33,0.2487777854155035
Zm00001eb397990,15,5,17.428571428571427,101,0.4594667244484611
Zm00001eb398010,5,2,4.6,8,0.5158713596500223
Zm00001eb398060,8,1,18.375,70,0.5848468290208543
Zm00001eb398070,7,2,8.5,16,0.1481934016274325
Zm00001eb398090,6,1,15.0,22,1.6520766965796931
Zm00001eb398140,7,2,5.571428571428571,16,0.6369654548612087
Zm00001eb398160,10,2,10.083333333333334,31,0.1880161069162605
Zm00001eb398220,9,3,15.4375,91,0.2392362226989901
Zm00001eb398250,4,1,2.75,5,0.6893910593987314
Zm00001eb398380,14,9,7.674418604651163,21,0.2197254764680661
Zm00001eb398400,7,1,7.0,12,0.2627395135236947
Zm00001eb398410,8,2,9.1,24,0.7888846335368466
Zm00001eb398420,2,1,17.0,18,0.1014451122021485
Zm00001eb398470,8,1,4.625,10,0.410913436942517
Zm00001eb398510,9,2,5.357142857142857,10,0.3564741704333306
Zm00001eb398520,13,5,8.227272727272727,25,0.7950000640254249
Zm00001eb398530,7,2,12.25,25,0.1274362500568664
Zm00001eb398550,10,1,5.5,11,0.7817364156040304
Zm00001eb398590,7,1,10.857142857142858,28,0.1367804003740675
Zm00001eb398620,12,3,9.4375,30,0.6386581015717995
Zm00001eb398630,9,1,11.0,30,0.2686968053544796
Zm00001eb398750,10,2,9.0,30,0.4153084379402866
Zm00001eb398790,7,2,6.75,17,0.7650196523085951
Zm00001eb398800,15,9,5.885714285714286,22,0.7147047206008323
Zm00001eb398820,9,1,5.666666666666667,15,0.459875848710325
Zm00001eb398830,11,2,9.76923076923077,21,0.6180527982969037
Zm00001eb398850,4,1,15.0,36,0.8787227346510776
Zm00001eb398860,4,1,15.0,36,0.0882363817102622
Zm00001eb398900,6,1,7.666666666666667,15,0.5452884245336577
Zm00001eb398940,5,1,4.2,10,1.2506567986702306
Zm00001eb398950,9,1,5.777777777777778,22,0.5996957686913346
Zm00001eb398970,8,3,6.2,10,0.2218668799674613
Zm00001eb399010,3,2,7.4,9,0.0987577529612854
Zm00001eb399040,4,1,11.75,21,0.6731689226974742
Zm00001eb399060,5,1,10.0,26,0.3152189750117257
Zm00001eb399100,5,1,17.8,46,0.6396488923336368
Zm00001eb399110,14,6,6.5,17,0.4310744196159936
Zm00001eb399120,11,2,9.153846153846153,57,1.7173615852363415
Zm00001eb399130,10,3,7.285714285714286,23,0.8452185021623196
Zm00001eb399140,9,2,10.8,29,1.6997270963530051
Zm00001eb399210,9,1,6.444444444444445,11,2.02565572597865
Zm00001eb399220,11,2,11.714285714285714,28,1.255388702615938
Zm00001eb399230,6,1,11.666666666666666,16,0.6736312790735872
Zm00001eb399260,12,4,10.76923076923077,25,0.2498920809515831
Zm00001eb399270,6,1,11.666666666666666,29,0.9171022606889884
Zm00001eb399280,5,1,7.6,16,0.4669402647746686
Zm00001eb399310,7,2,17.333333333333332,53,1.3724202648901298
Zm00001eb399340,11,3,10.588235294117647,24,0.583431927625543
Zm00001eb399350,14,5,6.888888888888889,24,0.2984467221664665
Zm00001eb399360,3,1,4.0,6,0.7564829865349247
Zm00001eb399370,14,7,10.515151515151516,74,0.4128611918976641
Zm00001eb399390,8,1,6.5,16,1.4910390460013687
Zm00001eb399460,8,2,5.222222222222222,12,0.3917031428872271
Zm00001eb399480,12,2,10.285714285714286,23,0.6035743575024635
Zm00001eb399490,15,5,9.527777777777779,30,1.0830354511734832
Zm00001eb399560,5,1,6.4,13,1.2455702391823178
Zm00001eb399580,5,1,6.4,21,1.2151313008754725
Zm00001eb399590,11,3,6.375,14,1.1703438963293895
Zm00001eb399670,12,4,9.74074074074074,37,3.979628429036582
Zm00001eb399680,6,1,10.666666666666666,29,0.5907811572111422
Zm00001eb399800,14,4,9.04,46,0.288139133562303
Zm00001eb399820,6,1,9.333333333333334,21,1.2148405563814832
Zm00001eb399890,1,1,0.0,0,0.2855797415194736
Zm00001eb399910,12,3,13.5,82,1.1166243246618348
Zm00001eb399940,15,7,10.5,27,1.0219995697108677
Zm00001eb399960,4,1,7.0,22,4.954196310386875
Zm00001eb400000,14,5,9.130434782608695,38,1.0401357118815877
Zm00001eb400020,6,1,7.833333333333333,21,0.6156160109306157
Zm00001eb400030,11,3,6.157894736842105,16,0.0946334779657757
Zm00001eb400040,11,3,6.157894736842105,16,2.2175389350592227
Zm00001eb400090,4,1,10.75,21,0.4197080149937279
Zm00001eb400160,9,2,6.538461538461538,22,0.5999666977985719
Zm00001eb400170,12,3,8.5,19,0.8726114344090053
Zm00001eb400190,4,1,1.75,3,0.5
Zm00001eb400210,10,3,6.705882352941177,13,1.612135111688627
Zm00001eb400220,9,2,10.090909090909092,40,0.3401648127257479
Zm00001eb400230,9,4,7.142857142857143,29,0.7267275954477586
Zm00001eb400300,7,2,5.25,13,0.6762845563350933
Zm00001eb400310,3,1,3.6666666666666665,6,0.1886935817197466
Zm00001eb400320,4,1,17.25,38,1.9158653474229237
Zm00001eb400380,16,8,13.205882352941176,81,0.3529067563130714
Zm00001eb400390,15,7,7.617647058823529,35,1.2515519241705215
Zm00001eb400420,10,2,9.545454545454545,25,0.1887887330587377
Zm00001eb400470,9,2,11.0,22,0.358452245560242
Zm00001eb400480,8,2,5.416666666666667,15,0.4436513680515855
Zm00001eb400490,4,1,15.25,41,0.1279363043060581
Zm00001eb400500,6,1,10.666666666666666,23,1.3684827970831033
Zm00001eb400510,7,1,8.285714285714286,15,0.5413650194139338
Zm00001eb400520,17,7,9.421052631578947,32,2.782949637960618
Zm00001eb400530,7,3,8.0,23,0.5904775946532764
Zm00001eb400540,12,3,7.2631578947368425,24,0.6155786368077263
Zm00001eb400570,10,2,11.727272727272727,31,0.527440471172567
Zm00001eb400580,7,2,20.181818181818183,44,0.7871614281551889
Zm00001eb400600,10,2,9.2,23,0.5681484214751706
Zm00001eb400610,11,3,10.818181818181818,30,1.1398958220778304
Zm00001eb400630,12,4,11.285714285714286,24,0.7263243683190406
Zm00001eb400640,4,1,6.75,14,1.1954977111595797
Zm00001eb400650,13,6,8.96551724137931,22,0.8035257617923406
Zm00001eb400760,11,2,8.615384615384615,35,0.6131669702390408
Zm00001eb400770,15,3,7.25,20,0.522346864241298
Zm00001eb400780,14,6,7.931034482758621,20,0.5849625007211562
Zm00001eb400790,5,2,29.22222222222222,106,0.7898003235251314
Zm00001eb400810,9,3,5.2727272727272725,11,0.1804808566252179
Zm00001eb400840,13,2,13.533333333333333,35,1.6681486658757878
Zm00001eb400880,4,1,8.25,18,0.3422208292132789
Zm00001eb400920,2,1,9.0,12,0.8100123235700685
Zm00001eb400990,5,1,5.0,8,0.3234898287489923
Zm00001eb401030,7,1,5.857142857142857,13,1.0190098785825945
Zm00001eb401050,6,1,6.666666666666667,15,0.2577494089183966
Zm00001eb401060,11,3,8.052631578947368,16,0.3631105619838474
Zm00001eb401110,11,4,7.7894736842105265,23,0.3934948797229192
Zm00001eb401120,9,2,6.583333333333333,14,0.611078959539001
Zm00001eb401130,6,1,11.166666666666666,26,1.15200309344505
Zm00001eb401140,12,6,6.681818181818182,26,0.2558210753406911
Zm00001eb401150,14,5,9.8,29,0.4887537873709024
Zm00001eb401160,14,5,7.21875,22,0.8626661647305527
Zm00001eb401200,7,1,10.0,17,1.0261640174363351
Zm00001eb401210,12,3,8.947368421052632,32,0.1316013319238888
Zm00001eb401220,12,3,7.368421052631579,40,1.2575534035558174
Zm00001eb401230,16,6,7.6875,42,1.6426303318245576
Zm00001eb401240,15,4,9.346153846153847,41,0.2665467973404065
Zm00001eb401250,12,6,5.827586206896552,15,0.2532549225143523
Zm00001eb401260,4,1,7.0,15,1.559520236987651
Zm00001eb401290,6,1,7.333333333333333,12,1.1899125101543626
Zm00001eb401330,10,3,9.095238095238095,20,1.2194468740437063
Zm00001eb401360,7,1,9.142857142857142,24,0.2105337481712491
Zm00001eb401380,4,1,30.5,97,2.14784840255438
Zm00001eb401390,15,3,7.0,39,0.904997819673197
Zm00001eb401400,11,3,9.0,24,0.5108759107074138
Zm00001eb401430,15,8,10.91304347826087,49,0.5687567542141554
Zm00001eb401450,12,5,7.151515151515151,27,0.5080605035935665
Zm00001eb401510,7,1,9.571428571428571,19,0.9947628619999777
Zm00001eb401520,11,4,10.0,18,0.3551733827933348
Zm00001eb401530,6,1,9.5,23,0.1060681341897894
Zm00001eb401540,5,1,14.6,36,0.241897057706628
Zm00001eb401550,7,2,14.857142857142858,46,0.4055168039844557
Zm00001eb401560,7,1,11.714285714285714,27,0.6507649860575743
Zm00001eb401590,7,2,8.333333333333334,16,0.8560065713731403
Zm00001eb401620,6,1,6.333333333333333,28,0.2924812503605781
Zm00001eb401720,13,3,9.5625,40,0.1667754005622775
Zm00001eb401810,8,2,8.444444444444445,12,2.2063908882618293
Zm00001eb401880,3,1,12.0,28,0.679914612539213
Zm00001eb401900,2,1,5.0,8,0.6060635705761155
Zm00001eb402020,7,2,7.142857142857143,15,0.9315143058427248
Zm00001eb402060,5,1,8.6,11,0.6767207587259364
Zm00001eb402080,11,2,12.142857142857142,43,1.0248064518928124
Zm00001eb402150,4,2,6.5,12,0.5890013151086442
Zm00001eb402160,10,3,9.058823529411764,29,0.4212396413183704
Zm00001eb402200,7,2,9.857142857142858,26,1.729138654179398
Zm00001eb402220,6,2,7.8,15,0.5773937296584986
Zm00001eb402240,8,2,9.6,25,0.5337964157177766
Zm00001eb402270,9,2,6.0,15,0.7250891305771093
Zm00001eb402280,16,5,7.138888888888889,27,5.006725731448219
Zm00001eb402290,5,1,5.8,11,0.5453063003693658
Zm00001eb402300,16,5,7.138888888888889,27,0.6331484858064136
Zm00001eb402330,8,2,7.7272727272727275,14,0.8327305419100832
Zm00001eb402380,11,2,11.076923076923077,25,0.3052302411183549
Zm00001eb402410,2,1,2.0,4,1.345885003300355
Zm00001eb402420,10,1,6.5,15,0.564561741459788
Zm00001eb402430,7,4,6.166666666666667,12,0.722704092029643
Zm00001eb402480,5,1,9.0,29,0.154147885544921
Zm00001eb402500,4,1,9.25,19,0.2216936947997784
Zm00001eb402510,5,1,11.0,24,1.8903294366507963
Zm00001eb402520,3,1,6.0,13,0.7101103351774212
Zm00001eb402540,15,6,8.457142857142857,29,0.4811520518144346
Zm00001eb402550,14,6,8.083333333333334,58,1.0692029888146914
Zm00001eb402600,4,1,4.25,10,0.73335679073499
Zm00001eb402640,10,4,4.785714285714286,11,1.5915373346661426
Zm00001eb402660,10,3,7.125,16,0.3188215138280724
Zm00001eb402710,4,1,14.75,46,0.2114579541871486
Zm00001eb402720,8,2,16.1,47,0.4539253793415292
Zm00001eb402740,8,3,7.833333333333333,23,0.1992809739525859
Zm00001eb402750,8,3,10.125,24,0.2322392049049207
Zm00001eb402760,10,2,15.0,49,0.2929704100197043
Zm00001eb402770,7,2,7.5,14,0.1149563405153814
Zm00001eb402790,11,3,7.75,16,0.1790322414621535
Zm00001eb402820,7,1,6.285714285714286,14,1.2987657230125635
Zm00001eb402840,8,1,9.875,33,0.6084353182215542
Zm00001eb402880,9,2,22.916666666666668,122,0.1717110122167224
Zm00001eb402980,5,2,17.2,46,1.2387496688568371
Zm00001eb403000,12,6,11.676470588235293,32,0.9808670110684872
Zm00001eb403020,7,2,8.363636363636363,23,0.2373525125616183
Zm00001eb403040,5,1,15.8,33,0.6641986563643687
Zm00001eb403060,7,1,12.857142857142858,43,0.1552187056874302
Zm00001eb403110,11,3,11.631578947368421,21,0.4113995450706685
Zm00001eb403120,6,1,5.833333333333333,18,0.1441900868986042
Zm00001eb403130,9,2,9.75,29,0.6685440377217117
Zm00001eb403160,12,3,10.8,37,0.2599607221095589
Zm00001eb403180,6,1,4.666666666666667,11,0.888380432228213
Zm00001eb403190,16,6,9.411764705882353,49,1.1944052990075134
Zm00001eb403210,10,3,11.6,54,0.812311505833121
Zm00001eb403230,12,3,13.833333333333334,47,1.5525407181763953
Zm00001eb403240,10,3,8.294117647058824,23,0.1820123619405507
Zm00001eb403300,11,4,9.05,24,0.1456676875060693
Zm00001eb403330,3,1,8.666666666666666,13,3.657739731321805
Zm00001eb403360,9,2,7.25,19,0.7252663414445566
Zm00001eb403410,17,4,11.16,74,6.427391143784075
Zm00001eb403460,11,3,14.166666666666666,38,0.5921494430153224
Zm00001eb403510,11,3,11.5625,33,0.5546800967907695
Zm00001eb403520,15,7,11.333333333333334,55,0.422929312091056
Zm00001eb403530,6,1,8.0,16,1.3309713572216246
Zm00001eb403550,13,4,8.25,24,1.6710402227869108
Zm00001eb403560,13,6,11.91891891891892,89,0.7108728365821871
Zm00001eb403570,8,2,12.454545454545455,72,0.4949420917406932
Zm00001eb403590,10,3,10.818181818181818,51,0.6735576272107984
Zm00001eb403620,6,2,6.833333333333333,21,0.8066731659687904
Zm00001eb403640,9,1,8.11111111111111,26,0.5439888413304731
Zm00001eb403660,4,1,14.0,46,0.3775208377467332
Zm00001eb403670,5,1,12.6,22,1.0011272570807583
Zm00001eb403680,10,3,11.75,58,0.9246939070250896
Zm00001eb403700,13,4,9.45,23,1.252735141077746
Zm00001eb403730,16,9,9.622641509433961,33,0.2514739238493236
Zm00001eb403740,8,1,13.0,33,0.2488524395459481
Zm00001eb403750,6,1,13.0,26,0.4770602752917646
Zm00001eb403770,5,1,10.4,22,0.1926450779423958
Zm00001eb403780,16,5,7.04,18,0.3453115466400493
Zm00001eb403790,13,5,8.583333333333334,32,0.1522141017039868
Zm00001eb403830,11,2,7.416666666666667,26,0.2280232456487566
Zm00001eb403860,10,1,10.1,22,0.7052751275398547
Zm00001eb403870,4,2,5.375,9,0.5277319053283283
Zm00001eb403880,5,1,18.0,71,0.459739406233225
Zm00001eb403900,8,2,11.11111111111111,31,3.851446372012428
Zm00001eb403910,15,5,6.352941176470588,31,2.321928094887362
Zm00001eb403920,11,3,10.214285714285714,38,0.5150664257410991
Zm00001eb403930,7,1,17.285714285714285,59,0.5523774783186762
Zm00001eb403940,16,6,7.472222222222222,18,0.2766129123411767
Zm00001eb403950,14,3,6.9523809523809526,27,1.1831237638070078
Zm00001eb403960,7,1,12.285714285714286,35,0.8647933002070125
Zm00001eb403980,7,2,6.142857142857143,13,0.5382377643995628
Zm00001eb404000,6,1,10.166666666666666,19,0.2957252206149769
Zm00001eb404040,14,4,7.416666666666667,22,1.204801515020741
Zm00001eb404060,3,1,7.333333333333333,10,0.3726540703833027
Zm00001eb404070,13,3,10.058823529411764,56,0.1349560292276197
Zm00001eb404090,6,2,9.625,18,0.9650254876620348
Zm00001eb404100,11,2,11.785714285714286,47,0.4150374992788438
Zm00001eb404180,4,1,6.5,9,0.3009803169877048
Zm00001eb404200,7,1,10.285714285714286,29,3.0043910130871065
Zm00001eb404220,8,1,13.0,44,0.2392681396290004
Zm00001eb404240,9,2,7.545454545454546,27,0.573495828081044
Zm00001eb404270,8,1,8.875,25,0.1150643279542141
Zm00001eb404290,12,4,8.19047619047619,19,0.4163471500750553
Zm00001eb404300,8,2,8.88888888888889,26,1.42449782852791
Zm00001eb404320,7,3,8.0,17,0.4875068769146981
Zm00001eb404360,12,3,9.5,25,0.3055456610187013
Zm00001eb404370,10,2,8.571428571428571,22,0.1804728268522612
Zm00001eb404390,4,1,10.75,16,0.4341421411772017
Zm00001eb404490,6,2,9.75,27,0.566845210613557
Zm00001eb404500,14,3,8.19047619047619,25,0.1431015961353858
Zm00001eb404560,4,1,8.5,20,1.2616331446331617
Zm00001eb404570,10,2,8.416666666666666,20,2.2777091038663912
Zm00001eb404610,5,1,8.8,23,0.5119394049967909
Zm00001eb404630,13,4,9.653846153846153,33,0.5922647249792277
Zm00001eb404640,14,4,6.866666666666666,17,0.1609091233203059
Zm00001eb404690,6,1,6.5,17,0.3744565263748826
Zm00001eb404820,10,2,5.5,18,0.5854326983026559
Zm00001eb404830,8,2,7.6,26,0.2634915106426677
Zm00001eb404850,11,6,7.04,18,0.1941657554982599
Zm00001eb404860,4,2,10.857142857142858,19,0.1522025557297662
Zm00001eb404870,7,1,10.142857142857142,27,1.4098418924952223
Zm00001eb404880,5,1,15.2,55,1.6591629675691189
Zm00001eb404960,12,5,6.65,12,0.5903463652514358
Zm00001eb404980,14,2,9.8,27,0.3428679188236141
Zm00001eb404990,11,2,9.875,27,0.5577147486710463
Zm00001eb405010,5,1,6.4,10,0.3763468875568459
Zm00001eb405020,5,1,6.4,10,0.3534713332596906
Zm00001eb405040,17,3,5.538461538461538,17,0.7179772815460584
Zm00001eb405120,10,2,8.0,24,0.7734509907366702
Zm00001eb405140,5,1,5.8,10,0.3812543850287935
Zm00001eb405150,5,1,6.6,16,1.4718623992412303
Zm00001eb405190,16,5,14.516129032258064,87,0.6628487644210507
Zm00001eb405200,16,5,14.516129032258064,87,1.0754585496575542
Zm00001eb405210,14,5,13.476190476190476,89,0.3083736148025543
Zm00001eb405220,9,2,8.916666666666666,29,1.0
Zm00001eb405240,10,3,9.76923076923077,34,1.8957066890942913
Zm00001eb405260,9,1,9.333333333333334,20,0.4272628816730852
Zm00001eb405290,3,1,16.0,26,3.416438897754383
Zm00001eb405310,5,1,8.8,18,1.6767696693030965
Zm00001eb405320,4,1,8.75,14,0.308775925170562
Zm00001eb405330,6,2,11.0,19,1.0313889958522588
Zm00001eb405340,5,1,7.0,16,0.8092688685786849
Zm00001eb405380,4,1,20.5,61,0.3631355454688741
Zm00001eb405390,12,4,13.24,76,0.6286137739358909
Zm00001eb405410,10,3,17.235294117647058,79,0.4444459627071022
Zm00001eb405420,10,3,10.75,28,2.405159840257367
Zm00001eb405450,18,8,6.674418604651163,18,1.275615891407981
Zm00001eb405570,8,1,20.125,109,0.4009520067581292
Zm00001eb405590,9,1,6.444444444444445,17,1.1052805144819458
Zm00001eb405630,14,5,10.2,27,2.9625638234139076
Zm00001eb405640,5,1,4.4,10,0.881074609031164
Zm00001eb405650,7,3,13.272727272727273,26,0.5044623389293651
Zm00001eb405670,6,1,8.5,21,0.3694020342814951
Zm00001eb405700,6,1,4.333333333333333,11,0.4284059397921765
Zm00001eb405720,7,3,13.363636363636363,35,1.0034346730405077
Zm00001eb405770,6,1,11.0,31,2.3115256158586783
Zm00001eb405780,8,2,5.0,17,1.1926450779423956
Zm00001eb405790,8,3,6.538461538461538,18,0.6282258024410624
Zm00001eb405800,9,1,6.333333333333333,15,1.3847510824790088
Zm00001eb405820,16,10,8.589285714285714,60,0.2396148428178484
Zm00001eb405840,4,1,16.75,30,1.2641894861773944
Zm00001eb405850,14,3,6.523809523809524,29,1.7710723697220558
Zm00001eb406000,11,4,8.5,21,0.7178976851676964
Zm00001eb406010,13,3,8.631578947368421,33,0.3781781837601279
Zm00001eb406020,9,2,8.363636363636363,26,0.990118050119684
Zm00001eb406030,9,3,3.909090909090909,10,1.8990011217985296
Zm00001eb406130,9,2,10.461538461538462,33,1.1987778643617608
Zm00001eb406300,12,2,11.928571428571429,46,0.4494481405691288
Zm00001eb406350,5,1,15.8,48,0.8297297023438369
Zm00001eb406370,11,4,8.454545454545455,47,0.3269712664169101
Zm00001eb406400,5,2,12.333333333333334,20,0.5712638618066354
Zm00001eb406420,16,9,11.630434782608695,67,0.3889013885450793
Zm00001eb406430,16,8,11.11111111111111,36,0.71699089440494
Zm00001eb406440,9,5,11.952380952380953,26,0.7770874166868875
Zm00001eb406450,16,6,10.31578947368421,37,0.3371936482072539
Zm00001eb406460,5,1,12.8,34,3.0979095964999264
Zm00001eb406480,5,1,13.2,41,4.452858964713811
Zm00001eb406490,14,2,9.176470588235293,54,0.5849625007211562
Zm00001eb406510,13,6,8.291666666666666,52,0.900686846907375
Zm00001eb406520,6,2,11.75,52,0.3307673256579689
Zm00001eb406570,15,6,8.21875,31,2.1479754359009946
Zm00001eb406610,5,1,12.8,36,1.409095648612551
Zm00001eb406620,9,2,12.909090909090908,25,0.8638318050761402
Zm00001eb406730,8,1,5.875,18,1.546664286297752
Zm00001eb406740,2,1,7.5,9,1.3219280948873624
Zm00001eb406760,11,4,8.11111111111111,26,0.262230935540202
Zm00001eb406780,7,1,4.285714285714286,9,0.1899467946310185
Zm00001eb406810,13,5,9.846153846153847,18,0.2357435636094772
Zm00001eb406820,8,2,8.76923076923077,17,0.2579274443736328
Zm00001eb406830,3,1,9.0,13,1.4163885097043472
Zm00001eb406840,13,4,5.818181818181818,21,0.290143306174453
Zm00001eb406860,15,6,11.451612903225806,30,0.3293753494391223
Zm00001eb406880,12,2,11.066666666666666,35,0.3702693350828024
Zm00001eb406890,11,3,8.533333333333333,24,0.6284560310762551
Zm00001eb406900,10,4,7.571428571428571,15,0.5871379978231804
Zm00001eb406960,8,2,8.444444444444445,37,0.6205930818717325
Zm00001eb407020,8,3,8.166666666666666,16,0.1944171423661492
Zm00001eb407100,6,1,10.666666666666666,31,0.9485039524838668
Zm00001eb407120,8,2,10.0,37,0.2555788728634358
Zm00001eb407140,16,7,15.617647058823529,114,2.222392421336448
Zm00001eb407150,12,5,9.833333333333334,41,0.7845004105075667
Zm00001eb407170,4,1,8.0,13,1.2208950545861397
Zm00001eb407240,2,1,14.5,23,0.462120439359678
Zm00001eb407250,9,5,11.428571428571429,30,0.9670574822586664
Zm00001eb407480,3,1,27.333333333333332,67,0.9786282735279004
Zm00001eb407510,10,2,6.416666666666667,10,1.1972196983924832
Zm00001eb407520,4,1,11.25,16,0.755065010012464
Zm00001eb407530,5,1,13.0,27,0.3163302121359075
Zm00001eb407550,13,3,7.8,25,0.3578814871565444
Zm00001eb407610,9,2,8.11111111111111,26,0.2115348626500912
Zm00001eb407630,8,1,9.125,19,2.292512033659681
Zm00001eb407650,12,4,11.45,23,0.8634499051446685
Zm00001eb407660,17,14,8.797297297297296,43,0.6853604919391517
Zm00001eb407670,10,3,8.166666666666666,21,0.5634895685865604
Zm00001eb407680,11,4,7.956521739130435,24,0.2570583565155169
Zm00001eb407700,6,1,8.166666666666666,19,0.9780260259945616
Zm00001eb407710,16,8,10.851851851851851,54,0.8340393262620344
Zm00001eb407730,8,2,13.88888888888889,62,3.5721296528331146
Zm00001eb407750,4,1,14.0,37,1.014641697669748
Zm00001eb407760,15,6,11.583333333333334,43,1.664685106715176
Zm00001eb407780,2,1,9.5,13,0.269264985497953
Zm00001eb407790,9,2,5.2,18,0.5084298676788628
Zm00001eb407800,7,2,6.375,13,0.5020808660287993
Zm00001eb407810,7,3,13.214285714285714,22,0.4490983183132554
Zm00001eb407840,8,1,8.5,15,0.5622695661210934
Zm00001eb407860,11,3,12.294117647058824,39,0.6450705194142136
Zm00001eb407890,15,4,8.545454545454545,44,0.4899010700467043
Zm00001eb407950,5,1,10.6,22,1.0
Zm00001eb407990,10,3,8.833333333333334,26,0.4385365255336285
Zm00001eb408000,2,1,11.0,14,0.7414981499704206
Zm00001eb408010,9,3,6.111111111111111,18,0.5285980653524575
Zm00001eb408020,7,1,6.142857142857143,14,0.5030136072045208
Zm00001eb408050,11,2,16.533333333333335,49,1.807163726251892
Zm00001eb408070,7,2,12.9,28,0.211610086217115
Zm00001eb408080,7,1,10.428571428571429,16,0.3833433636275806
Zm00001eb408100,15,4,6.083333333333333,20,0.7795757038113529
Zm00001eb408110,11,3,9.266666666666667,21,0.6768299364223891
Zm00001eb408220,6,1,5.833333333333333,18,0.3621420038694751
Zm00001eb408230,3,1,13.666666666666666,28,1.3660494117412942
Zm00001eb408250,12,4,7.7,20,0.3443322643405048
Zm00001eb408260,9,2,8.1,18,1.6156097050185143
Zm00001eb408290,6,1,9.666666666666666,15,0.9926424198043978
Zm00001eb408310,8,2,13.583333333333334,86,0.597093399378035
Zm00001eb408350,12,3,9.45,22,1.2934830526271164
Zm00001eb408360,15,7,10.303030303030303,32,1.3995855047432464
Zm00001eb408380,4,1,5.75,11,0.5989670644190603
Zm00001eb408490,11,4,3.736842105263158,7,0.4311250939853974
Zm00001eb408500,4,1,16.25,34,0.4509161735817641
Zm00001eb408540,7,2,9.125,14,0.3400607949036093
Zm00001eb408620,12,3,5.625,12,0.1373576664081326
Zm00001eb408630,12,4,7.05,26,0.3213561236706848
Zm00001eb408640,9,2,10.583333333333334,26,0.1332889700324617
Zm00001eb408710,14,3,8.238095238095237,24,0.6116133652379832
Zm00001eb408720,12,4,7.260869565217392,25,1.2882210286115203
Zm00001eb408730,9,3,8.4375,35,0.3324535266793632
Zm00001eb408750,7,1,10.857142857142858,24,0.6669013057506816
Zm00001eb408760,6,1,8.833333333333334,19,0.2902792041877763
Zm00001eb408790,9,3,10.833333333333334,43,0.5016728614131758
Zm00001eb408820,5,1,8.8,16,0.717699883174329
Zm00001eb408850,8,2,7.7,16,0.7970229289766136
Zm00001eb408880,9,2,5.545454545454546,18,0.6019070559663148
Zm00001eb408900,6,1,4.5,11,0.7160242491186418
Zm00001eb408940,9,3,9.625,24,1.192381716881555
Zm00001eb408960,8,3,9.307692307692308,23,0.6523467800693061
Zm00001eb409020,17,6,9.90625,38,1.2495168983726683
Zm00001eb409030,9,3,8.333333333333334,29,0.6760059591652678
Zm00001eb409040,8,1,12.5,29,0.5784151828340659
Zm00001eb409080,3,1,16.0,29,0.2296251133347358
Zm00001eb409090,7,2,11.1,15,0.1968261985743747
Zm00001eb409100,16,10,14.422535211267606,88,1.5927282022753049
Zm00001eb409170,7,3,8.375,36,0.4271736804143881
Zm00001eb409190,8,3,9.0,16,0.2741888170299159
Zm00001eb409220,12,2,10.266666666666667,24,0.5441182907802095
Zm00001eb409230,11,2,6.083333333333333,13,0.4464709430090087
Zm00001eb409270,4,1,9.5,17,0.8675403203279445
Zm00001eb409280,8,3,6.384615384615385,22,0.480066308442749
Zm00001eb409390,4,1,3.75,5,0.7659926092118077
Zm00001eb409430,7,1,42.285714285714285,203,0.3323449725570434
Zm00001eb409440,5,1,8.6,14,0.1133174755841513
Zm00001eb409450,10,3,12.210526315789474,30,0.5022214940563698
Zm00001eb409480,9,1,5.666666666666667,13,0.1827295779083401
Zm00001eb409570,11,2,12.333333333333334,37,0.1974188685327677
Zm00001eb409580,3,1,10.333333333333334,18,0.2290785165747045
Zm00001eb409630,9,3,11.846153846153847,33,0.213134041888157
Zm00001eb409690,9,1,5.666666666666667,11,0.9081440234138058
Zm00001eb409740,4,1,4.0,8,0.9806199290690656
Zm00001eb409750,13,4,8.142857142857142,15,0.5346023134863253
Zm00001eb409770,9,2,8.090909090909092,26,0.6172006725304899
Zm00001eb409780,6,1,5.333333333333333,9,0.378364424493818
Zm00001eb409800,2,1,5.5,10,0.2789229258503712
Zm00001eb409880,4,1,9.75,30,0.440895291198419
Zm00001eb409910,3,1,17.666666666666668,39,0.70126466932768
Zm00001eb409950,3,1,14.333333333333334,17,1.3468635781042866
Zm00001eb409970,4,1,6.0,13,0.8121373528137975
Zm00001eb410020,6,1,9.666666666666666,33,0.3891658306570334
Zm00001eb410080,12,5,7.793103448275862,20,0.4118995459876834
Zm00001eb410110,7,1,6.428571428571429,16,0.2507966238819998
Zm00001eb410120,10,3,10.473684210526315,22,0.2664754726251884
Zm00001eb410220,9,2,7.7,22,0.3799835258775904
Zm00001eb410230,15,7,9.243243243243244,21,1.1699817684352618
Zm00001eb410260,7,1,6.857142857142857,12,0.6112772818974196
Zm00001eb410350,9,3,13.214285714285714,65,0.2624542534953422
Zm00001eb410420,3,1,16.0,24,0.6571217119854952
Zm00001eb410430,7,2,8.125,17,0.4826219144309321
Zm00001eb410510,5,1,9.2,18,0.4092717715962655
Zm00001eb410530,5,1,11.8,29,1.0261497628423035
Zm00001eb410550,8,1,4.75,16,0.3120755651711195
Zm00001eb410570,5,1,14.4,24,0.4707916568873391
Zm00001eb410630,17,5,6.037037037037037,19,0.4443241288272632
Zm00001eb410660,13,2,9.8125,20,0.5187941447933717
Zm00001eb410670,4,1,5.75,11,1.434680748259508
Zm00001eb410680,6,1,5.166666666666667,11,0.4801860567404833
Zm00001eb410710,5,1,6.8,10,0.9789724938448964
Zm00001eb410730,11,3,15.533333333333333,77,2.023126293599211
Zm00001eb410820,5,2,3.6,9,0.4185370322337953
Zm00001eb410850,3,1,10.0,15,1.037165871523296
Zm00001eb410860,13,4,11.5,30,0.6835245943593173
Zm00001eb410890,6,2,12.333333333333334,24,0.2537823182959316
Zm00001eb410920,8,2,5.7,15,0.5082715792255382
Zm00001eb411070,5,1,14.2,24,2.8950151128784047
Zm00001eb411100,5,1,9.6,25,0.3550653191536439
Zm00001eb411120,2,1,13.5,22,0.6052864114363987
Zm00001eb411190,3,1,9.333333333333334,17,0.2803291904978485
Zm00001eb411230,9,3,6.833333333333333,13,0.667102539511306
Zm00001eb411250,9,2,8.7,19,0.305169082542307
Zm00001eb411320,2,1,9.5,17,0.2167926860029606
Zm00001eb411420,8,1,6.75,17,0.2628081947103152
Zm00001eb411430,8,1,6.375,14,0.4854268271702417
Zm00001eb411460,8,2,8.333333333333334,20,0.5571698744482335
Zm00001eb411490,7,1,5.0,9,0.2764926086316712
Zm00001eb411600,14,3,9.333333333333334,29,3.651997591040439
Zm00001eb411670,7,1,7.571428571428571,15,0.8199658704093619
Zm00001eb411700,6,1,9.166666666666666,18,0.3936643693921673
Zm00001eb411730,5,1,9.0,16,0.6889771497651067
Zm00001eb411820,3,1,8.0,12,0.1057626997151393
Zm00001eb411830,3,1,8.0,12,0.1674567458515624
Zm00001eb412150,9,2,8.416666666666666,18,0.5979185664697954
Zm00001eb412190,8,1,16.625,67,0.7740847802752465
Zm00001eb412280,4,1,2.5,5,0.6574757662358671
Zm00001eb412370,12,2,10.571428571428571,40,0.2310513218192563
Zm00001eb412770,8,1,8.125,16,0.4764380439429871
Zm00001eb412910,10,2,7.133333333333334,17,1.0202932090403998
Zm00001eb412950,11,3,11.857142857142858,60,0.1856532783156764
Zm00001eb413000,6,1,10.666666666666666,18,0.0959709290942948
Zm00001eb413010,6,1,7.666666666666667,20,0.5499203857522703
Zm00001eb413050,9,2,14.777777777777779,37,0.2228906781363019
Zm00001eb413110,6,1,7.333333333333333,27,1.0239396609029288
Zm00001eb413150,1,1,1.0,1,0.151509002438391
Zm00001eb413170,5,1,6.4,20,0.716396373970973
Zm00001eb413200,6,1,6.666666666666667,15,0.8210298589546807
Zm00001eb413270,4,1,25.75,53,0.9466286401345628
Zm00001eb413340,10,3,9.058823529411764,22,0.1187579447682917
Zm00001eb413360,7,1,5.428571428571429,11,1.0091285331111426
Zm00001eb413370,6,2,12.777777777777779,25,0.1759493885959785
Zm00001eb413390,12,5,10.45,34,0.4146204012529842
Zm00001eb413400,12,4,5.190476190476191,17,0.9630891857130456
Zm00001eb413410,9,3,5.857142857142857,16,0.401318287463543
Zm00001eb413420,4,1,25.5,77,0.9407885911107192
Zm00001eb413470,14,6,8.0,23,1.5118300312156063
Zm00001eb413540,11,3,5.0,12,0.8350936291296915
Zm00001eb413550,4,1,9.25,10,0.1613307444610565
Zm00001eb413570,7,1,14.0,36,0.8991969840294864
Zm00001eb413630,5,1,7.4,14,0.3652647857568457
Zm00001eb413700,9,2,8.538461538461538,25,0.5393781454123191
Zm00001eb413710,6,1,11.166666666666666,18,0.4942124036646067
Zm00001eb413770,9,2,13.0,76,2.2930298945762315
Zm00001eb413850,6,1,10.833333333333334,20,0.9926182858643022
Zm00001eb413860,4,1,6.0,13,2.9693398952379724
Zm00001eb413880,7,2,8.75,27,0.488173525981026
Zm00001eb413920,10,3,13.133333333333333,73,0.4174024192896378
Zm00001eb413950,7,1,10.285714285714286,33,0.3173141244379504
Zm00001eb414020,10,3,6.7894736842105265,24,0.1769738499104542
Zm00001eb414030,2,1,6.5,10,0.3253497341279269
Zm00001eb414050,14,5,7.703703703703703,24,0.2194208027671101
Zm00001eb414060,10,2,11.692307692307692,22,1.1250761310250976
Zm00001eb414080,7,2,17.1,53,0.3520731598975995
Zm00001eb414110,7,2,5.857142857142857,11,0.677861754059086
Zm00001eb414180,12,3,24.61111111111111,138,0.2148575595845022
Zm00001eb414270,4,1,16.25,34,0.2936705103482382
Zm00001eb414310,10,3,9.0,23,0.2772028446603092
Zm00001eb414330,8,1,11.125,36,2.417563507957427
Zm00001eb414340,6,2,15.142857142857142,63,1.2081477429636611
Zm00001eb414500,6,1,10.5,35,1.834912937575061
Zm00001eb414530,15,2,15.470588235294118,123,0.4296435610606444
Zm00001eb414640,2,2,7.0,9,0.7017438783900997
Zm00001eb414700,10,4,10.333333333333334,17,0.2645783331668492
Zm00001eb414720,7,2,14.5,32,0.8682956861807891
Zm00001eb414740,9,2,6.7272727272727275,16,1.1378062974910037
Zm00001eb414750,5,1,9.2,16,0.9649740336794432
Zm00001eb414780,13,4,8.892857142857142,59,0.3470589322186631
Zm00001eb414790,8,2,13.333333333333334,42,0.3627399331279372
Zm00001eb414870,8,2,4.2,9,3.2519561206131
Zm00001eb414950,11,5,7.0,20,0.2839864905827633
Zm00001eb414960,6,1,17.166666666666668,70,0.6343123811990482
Zm00001eb414980,8,2,9.0,19,0.907368071554785
Zm00001eb414990,5,1,9.6,15,0.6625904067121393
Zm00001eb415000,5,1,9.4,11,0.2869552840191161
Zm00001eb415010,6,2,13.714285714285714,42,0.3064976358734677
Zm00001eb415030,11,3,9.61111111111111,25,0.6934607875201453
Zm00001eb415070,3,1,1.3333333333333333,3,1.153918782256984
Zm00001eb415160,9,1,7.888888888888889,24,3.853486620526295
Zm00001eb415210,7,1,9.857142857142858,31,0.393914941725231
Zm00001eb415230,6,2,6.166666666666667,25,1.2456551980554025
Zm00001eb415360,8,2,5.5,14,0.1354903833908195
Zm00001eb415390,9,1,8.777777777777779,41,1.4597573226634049
Zm00001eb415410,8,2,6.3,12,0.1205412103870031
Zm00001eb415430,4,1,5.5,14,1.5128930169781298
Zm00001eb415450,4,1,9.5,15,0.3762718300889325
Zm00001eb415460,11,2,5.153846153846154,13,0.3391611372851162
Zm00001eb415470,10,2,6.4,16,0.2982797215619579
Zm00001eb415480,6,1,15.333333333333334,47,2.815314783104478
Zm00001eb415500,5,1,7.4,11,1.2675973319728495
Zm00001eb415510,8,1,4.75,12,0.7612852083251485
Zm00001eb415520,15,6,8.903225806451612,30,0.6036614781908934
Zm00001eb415530,9,2,7.357142857142857,29,0.3058435795890632
Zm00001eb415610,4,1,32.25,108,0.855988856432271
Zm00001eb415630,10,3,13.222222222222221,93,0.2166423611529168
Zm00001eb415640,4,1,6.75,10,0.6241485102332042
Zm00001eb415690,14,6,5.6521739130434785,14,0.3437544769048813
Zm00001eb415700,12,4,5.647058823529412,14,0.7201158084641807
Zm00001eb415930,12,4,10.038461538461538,23,0.3818737449185453
Zm00001eb415950,9,1,10.555555555555555,44,0.1592591377772616
Zm00001eb415960,12,4,8.470588235294118,25,0.3543118180318705
Zm00001eb415970,4,1,8.75,18,0.4227191820629099
Zm00001eb415980,9,3,17.7,43,3.4962226295219976
Zm00001eb416090,11,2,6.461538461538462,16,0.2954901112551629
Zm00001eb416110,7,1,5.285714285714286,11,0.1509031332355387
Zm00001eb416180,7,2,9.375,21,1.6966539640764298
Zm00001eb416210,7,1,6.714285714285714,20,0.2025395962831596
Zm00001eb416220,8,1,10.625,21,0.6090884670421176
Zm00001eb416240,5,1,9.8,17,0.2801655365329225
Zm00001eb416330,11,7,8.545454545454545,27,1.220680211222917
Zm00001eb416360,12,2,10.11111111111111,27,0.5505733853975013
Zm00001eb416410,8,3,5.7,12,0.5030274127292043
Zm00001eb416430,7,1,8.571428571428571,18,0.3207855127165607
Zm00001eb416450,9,2,4.846153846153846,14,0.4879602685577128
Zm00001eb416490,10,3,11.647058823529411,35,0.6899585068649695
Zm00001eb416550,8,2,10.4,47,0.4597029869557003
Zm00001eb416560,7,1,14.714285714285714,33,0.1757799698186579
Zm00001eb416720,13,4,6.117647058823529,15,2.1829824982824073
Zm00001eb416730,8,2,7.125,14,4.966833136064801
Zm00001eb416750,12,3,9.777777777777779,26,0.2447900578650655
Zm00001eb416760,7,1,8.714285714285714,13,0.348412034973783
Zm00001eb416770,18,11,10.671641791044776,108,0.1472801384053708
Zm00001eb416780,14,6,9.928571428571429,31,0.5780837600004729
Zm00001eb416790,2,1,11.5,13,0.6309941744035772
Zm00001eb416800,11,3,8.823529411764707,20,0.4096463850832008
Zm00001eb416970,5,1,9.2,18,1.1983750128668629
Zm00001eb416990,12,5,17.791666666666668,126,0.3294020523612107
Zm00001eb417000,9,2,13.846153846153847,80,0.2424580559859977
Zm00001eb417010,6,1,9.833333333333334,19,0.6965654000644282
Zm00001eb417120,5,1,10.6,26,0.3297212100417246
Zm00001eb417140,6,1,8.333333333333334,21,0.297251534490447
Zm00001eb417150,14,4,9.833333333333334,47,0.1901434673670302
Zm00001eb417200,11,2,9.538461538461538,30,0.1566292562587801
Zm00001eb417220,10,3,7.285714285714286,29,0.1580481781530363
Zm00001eb417230,16,11,7.909090909090909,61,0.619917145148133
Zm00001eb417240,8,2,9.266666666666667,26,0.8153941284262888
Zm00001eb417370,11,3,13.466666666666667,67,0.6902271724798617
Zm00001eb417380,4,2,11.0,14,0.1410720907217559
Zm00001eb417400,3,1,6.666666666666667,8,0.7048553584338262
Zm00001eb417410,9,1,12.222222222222221,33,0.3867096300380909
Zm00001eb417440,15,6,10.0,30,0.7497591591096338
Zm00001eb417450,4,2,10.857142857142858,26,0.3265765917907182
Zm00001eb417470,6,2,12.181818181818182,25,0.3472906993254472
Zm00001eb417480,10,4,11.35,26,0.4373672106552052
Zm00001eb417490,5,1,6.0,11,0.4258583735158909
Zm00001eb417510,7,1,9.142857142857142,25,0.9911309728264512
Zm00001eb417520,6,2,6.142857142857143,16,1.6130995066956928
Zm00001eb417550,12,2,5.933333333333334,17,0.2377415279289221
Zm00001eb417610,8,3,4.933333333333334,15,0.3903114754815181
Zm00001eb417620,8,2,9.88888888888889,22,0.7307712280155939
Zm00001eb417630,9,3,11.333333333333334,34,0.7342822996243592
Zm00001eb417650,4,1,2.5,4,0.2371413506137363
Zm00001eb417660,14,9,9.977777777777778,65,1.1970952868541942
Zm00001eb417710,4,1,11.5,19,0.6287081356595092
Zm00001eb417730,6,2,11.444444444444445,24,1.433989434993576
Zm00001eb417750,12,2,10.8125,44,1.3411711310781855
Zm00001eb417780,7,2,13.222222222222221,29,0.8369683436529467
Zm00001eb417800,10,4,27.0,132,0.8300749985576876
Zm00001eb417810,15,6,7.03125,23,0.309648545726821
Zm00001eb417820,6,2,6.625,16,0.8285453932882386
Zm00001eb417960,7,1,8.428571428571429,25,0.1451280459090336
Zm00001eb418000,8,2,8.5,30,0.3073121639293494
Zm00001eb418010,13,4,10.782608695652174,28,1.529631005441601
Zm00001eb418020,11,3,9.882352941176471,27,0.1768419366650105
Zm00001eb418040,7,1,7.142857142857143,19,0.3773696644192871
Zm00001eb418070,6,1,7.666666666666667,14,0.3819036762613848
Zm00001eb418090,2,1,6.0,8,1.0176353161653755
Zm00001eb418140,11,4,8.521739130434783,24,0.6650176355681368
Zm00001eb418150,9,3,8.833333333333334,18,0.3869581574278218
Zm00001eb418170,3,1,14.333333333333334,38,0.3473855959989189
Zm00001eb418180,11,3,7.928571428571429,16,0.3937704955097905
Zm00001eb418210,5,1,5.6,10,0.9606265285806544
Zm00001eb418240,9,2,6.545454545454546,17,0.7066128589191739
Zm00001eb418370,13,3,5.7,25,0.210590463662646
Zm00001eb418480,3,1,15.333333333333334,27,0.3710979947174246
Zm00001eb418610,6,1,10.833333333333334,20,1.7585242764026403
Zm00001eb418650,5,1,6.6,10,0.5196062555352994
Zm00001eb418750,16,6,9.71875,22,0.6116297201894406
Zm00001eb418760,4,1,17.25,24,0.5912010693413804
Zm00001eb418810,7,1,3.142857142857143,6,0.9947021828130505
Zm00001eb418870,3,1,6.333333333333333,9,0.2931647268307446
Zm00001eb418880,8,2,7.909090909090909,29,1.0353423546019436
Zm00001eb418910,8,3,10.714285714285714,38,0.3154651834979033
Zm00001eb418920,15,4,12.703703703703704,41,0.4369588083567108
Zm00001eb418940,7,2,9.5,19,0.6704372114135073
Zm00001eb418950,16,6,8.515151515151516,73,0.6929079799538866
Zm00001eb419110,10,2,10.571428571428571,31,0.3460516443282359
Zm00001eb419130,9,2,8.636363636363637,37,0.5221614266216594
Zm00001eb419190,2,1,5.5,7,0.888075157595346
Zm00001eb419440,4,1,8.0,9,0.384105271252277
Zm00001eb419480,4,1,10.75,14,0.1763357597147998
Zm00001eb419490,10,3,12.176470588235293,44,0.3302421470829607
Zm00001eb419500,5,2,16.833333333333332,29,0.8786439157418641
Zm00001eb419590,7,2,16.25,40,0.29316197585011
Zm00001eb419600,6,1,12.833333333333334,20,0.4501657226824457
Zm00001eb419670,5,1,8.4,17,0.8948017332244022
Zm00001eb419690,5,1,16.0,41,0.5641209271725637
Zm00001eb419700,8,2,10.333333333333334,27,1.1247365654068833
Zm00001eb420080,5,1,7.8,15,0.4195179762781594
Zm00001eb420110,4,1,3.0,10,0.2282661787958017
Zm00001eb420160,6,1,12.333333333333334,19,0.1663200753544646
Zm00001eb420170,10,3,9.384615384615385,22,0.3092867773841884
Zm00001eb420360,11,2,12.076923076923077,39,0.3669441538840083
Zm00001eb420380,10,2,8.23076923076923,20,1.3260662787329018
Zm00001eb420390,5,1,7.2,10,1.5499132882389652
Zm00001eb420600,8,2,11.11111111111111,31,0.3635747261829386
Zm00001eb420610,9,4,5.0,14,0.4061786267432382
Zm00001eb420640,3,1,5.333333333333333,15,0.4498646426061585
Zm00001eb420700,6,1,18.0,77,0.2436190844521565
Zm00001eb420800,5,1,11.6,43,0.6359699795278428
Zm00001eb420820,5,1,15.2,47,0.2466413077974076
Zm00001eb420880,6,1,8.0,19,0.1930460297353378
Zm00001eb420920,11,3,6.0625,15,0.3298179242569148
Zm00001eb420940,7,1,7.142857142857143,12,0.7746853417886849
Zm00001eb420950,4,1,6.75,9,0.4462307932054167
Zm00001eb420990,12,6,9.642857142857142,33,0.5784011108891403
Zm00001eb421000,5,1,22.0,32,0.5484397049909439
Zm00001eb421010,5,1,11.4,48,0.2776585855117482
Zm00001eb421020,6,1,19.666666666666668,70,1.3987091868119133
Zm00001eb421060,7,2,11.777777777777779,21,0.7132055495265573
Zm00001eb421120,3,1,7.0,9,0.4164048853713107
Zm00001eb421130,9,2,6.818181818181818,25,0.4011413777443575
Zm00001eb421140,5,1,7.4,15,0.5815638862200765
Zm00001eb421160,9,3,8.75,26,0.234316398558592
Zm00001eb421170,9,2,14.272727272727273,35,0.130407897162125
Zm00001eb421180,9,2,13.454545454545455,46,0.7749492929697485
Zm00001eb421220,6,1,4.833333333333333,11,0.5178443748875227
Zm00001eb421240,9,2,9.6,32,0.713727396685341
Zm00001eb421330,4,1,9.5,17,0.3803493165510284
Zm00001eb421340,8,2,14.0,48,0.4795297558654086
Zm00001eb421360,6,1,10.333333333333334,23,0.091281079070124
Zm00001eb421380,6,1,8.833333333333334,19,0.5075297573880756
Zm00001eb421400,3,1,11.0,16,0.3765442242981869
Zm00001eb421460,4,1,12.25,26,0.1606193075338364
Zm00001eb421540,10,2,7.928571428571429,26,0.6408586250694236
Zm00001eb421550,10,3,14.411764705882353,33,0.1607348811797142
Zm00001eb421590,7,1,6.285714285714286,18,0.4818091279792408
Zm00001eb421610,9,2,8.75,22,0.6521208157853466
Zm00001eb421630,5,1,13.6,52,1.3331715315268096
Zm00001eb421690,13,4,11.818181818181818,46,2.3283172000940753
Zm00001eb421700,5,2,10.0,14,0.4143433922462335
Zm00001eb421720,13,4,6.809523809523809,22,0.6816579521290139
Zm00001eb421730,7,1,6.857142857142857,14,0.4740227347969004
Zm00001eb421830,12,2,6.5,21,0.4202892969053614
Zm00001eb421860,14,3,8.55,34,0.6413280368578992
Zm00001eb421870,10,2,19.818181818181817,83,0.7208682510301697
Zm00001eb421910,4,1,11.75,19,0.7356014822986806
Zm00001eb421930,9,2,14.5,78,0.7911170262976657
Zm00001eb421940,3,1,9.666666666666666,13,0.8604360653407489
Zm00001eb422110,15,6,10.615384615384615,31,1.5025003405291832
Zm00001eb422190,6,1,8.166666666666666,14,1.5977311637777585
Zm00001eb422370,12,3,8.9375,25,0.6557194344977717
Zm00001eb422400,15,7,9.941176470588236,70,3.2833432535739804
Zm00001eb422440,10,2,20.23076923076923,110,2.3086389864819936
Zm00001eb422450,5,1,19.2,70,1.8344283863041264
Zm00001eb422480,10,2,7.166666666666667,13,0.5208615643010422
Zm00001eb422490,7,2,23.5,80,0.2172725751423037
Zm00001eb422500,12,3,9.31578947368421,32,0.6044895388608716
Zm00001eb422560,12,3,9.4375,28,0.4111456686423951
Zm00001eb422580,7,1,12.428571428571429,25,0.1382382447513223
Zm00001eb422620,4,1,8.0,14,0.3219280948873623
Zm00001eb422640,2,1,19.0,23,0.2912865010431094
Zm00001eb422670,6,2,7.9,15,0.5758975368907349
Zm00001eb422700,10,3,8.8125,31,0.4598758873964514
Zm00001eb422790,12,3,6.4,14,0.4207282469455708
Zm00001eb422810,3,1,8.666666666666666,14,0.4931727756413868
Zm00001eb422820,4,1,4.5,15,0.4714004765915224
Zm00001eb422850,6,1,12.833333333333334,27,0.6820713657921994
Zm00001eb422860,8,2,8.909090909090908,28,0.2839263834399486
Zm00001eb422940,10,4,7.882352941176471,16,0.2204770041004692
Zm00001eb422950,5,1,6.6,10,0.1209555516185759
Zm00001eb423040,12,2,7.615384615384615,23,0.4166086184636213
Zm00001eb423050,9,3,23.615384615384617,112,0.6975884479470035
Zm00001eb423070,13,3,5.235294117647059,12,0.7671338290430022
Zm00001eb423100,7,1,20.0,56,0.8744691179161412
Zm00001eb423310,6,1,12.833333333333334,40,1.4827220598572075
Zm00001eb423370,10,2,4.545454545454546,10,0.8216869966987329
Zm00001eb423380,9,2,9.090909090909092,27,0.7065847117892786
Zm00001eb423410,7,2,8.222222222222221,24,1.7568936602078218
Zm00001eb423430,10,2,9.583333333333334,22,1.3054118450502057
Zm00001eb423470,12,2,8.076923076923077,18,1.7176738231156954
Zm00001eb423510,7,1,7.571428571428571,21,0.1488802766691714
Zm00001eb423540,10,3,7.25,19,0.4440810716675517
Zm00001eb423570,8,3,7.375,16,0.2315387574135967
Zm00001eb423580,3,1,4.666666666666667,9,1.4796695311549852
Zm00001eb423600,7,2,7.375,19,0.6318089198316837
Zm00001eb423640,8,1,21.375,128,1.656751509235796
Zm00001eb423710,16,7,8.75,61,1.4675911798958512
Zm00001eb423780,8,1,8.25,21,0.7268657524762925
Zm00001eb423870,10,2,8.666666666666666,16,0.2008350952702065
Zm00001eb423880,11,2,9.153846153846153,29,1.381927079919061
Zm00001eb423890,6,1,9.166666666666666,27,0.3922273198212432
Zm00001eb423920,9,2,9.2,37,0.7008039430885362
Zm00001eb423930,8,2,10.5,26,1.197335803258217
Zm00001eb423940,12,2,9.0,28,0.5329164841504107
Zm00001eb423960,6,2,10.0,19,0.8080710165560422
Zm00001eb424000,11,3,9.571428571428571,16,0.4454111483223626
Zm00001eb424220,6,1,5.0,10,1.1709608019025994
Zm00001eb424290,8,2,17.166666666666668,29,0.4773449538867442
Zm00001eb424310,6,2,13.833333333333334,41,0.2794798359319705
Zm00001eb424340,5,1,18.2,37,0.5693091227625058
Zm00001eb424350,4,1,6.25,9,1.275704656622123
Zm00001eb424380,10,4,9.5,34,0.3532383737131932
Zm00001eb424410,8,2,7.4,18,0.5200686869085008
Zm00001eb424420,6,2,12.8,45,0.855549749497859
Zm00001eb424460,16,6,9.11111111111111,45,0.5796450624677472
Zm00001eb424480,8,3,10.307692307692308,35,0.4863446861892277
Zm00001eb424550,5,1,6.0,10,0.4933304446405366
Zm00001eb424590,16,7,8.441176470588236,29,0.404236836787131
Zm00001eb424620,6,1,10.0,17,0.9738085280682774
Zm00001eb424640,5,2,14.2,54,0.2604333809249873
Zm00001eb424660,11,4,7.476190476190476,23,0.1315172029168969
Zm00001eb424670,11,2,7.461538461538462,17,0.929108912245896
Zm00001eb424690,9,2,7.6,18,0.418861920748261
Zm00001eb424700,13,5,10.838709677419354,40,0.4999342565409638
Zm00001eb424720,9,1,7.222222222222222,23,0.6633062245442408
Zm00001eb424780,5,1,9.2,17,0.1687309764284062
Zm00001eb424840,10,4,9.421052631578947,28,0.3519207749750914
Zm00001eb424850,4,1,12.75,26,0.2190105701404925
Zm00001eb424890,4,1,11.0,16,0.8402985314607093
Zm00001eb424930,6,2,8.5,14,0.781474269114081
Zm00001eb424940,4,1,8.5,17,0.1768813648319664
Zm00001eb424960,7,2,20.125,70,0.6315131994349656
Zm00001eb424980,7,1,22.714285714285715,106,0.6245294924311967
Zm00001eb425060,6,2,10.222222222222221,23,0.8668762297932449
Zm00001eb425100,4,1,8.5,13,0.7684884742356001
Zm00001eb425120,10,2,10.0,19,0.5555156561943718
Zm00001eb425130,4,1,17.0,33,0.2746789891524911
Zm00001eb425150,6,1,7.833333333333333,25,0.2549750149394693
Zm00001eb425180,8,2,7.9,15,0.569925389244021
Zm00001eb425240,11,3,7.461538461538462,15,0.470058123496303
Zm00001eb425270,11,3,14.5625,51,0.4812294778973633
Zm00001eb425300,16,5,5.9393939393939394,15,0.3609603023692668
Zm00001eb425320,16,6,11.35897435897436,53,2.076764854420491
Zm00001eb425400,12,4,7.333333333333333,25,0.3024827972308607
Zm00001eb425410,6,1,10.5,18,3.1963972128035034
Zm00001eb425420,5,2,8.777777777777779,12,0.5025003405291834
Zm00001eb425450,5,1,23.8,77,0.7224220007821271
Zm00001eb425460,8,4,11.133333333333333,28,0.90796109403021
Zm00001eb425520,13,5,7.615384615384615,58,0.3068276028111369
Zm00001eb425530,15,6,7.8,58,0.3341339625443688
Zm00001eb425540,14,4,7.636363636363637,29,0.6825064259787326
Zm00001eb425560,4,1,4.5,11,0.5422443609447531
Zm00001eb425570,6,1,6.666666666666667,22,0.33600940109442
Zm00001eb425580,5,1,9.4,19,0.8550785203174197
Zm00001eb425590,15,4,10.727272727272727,53,1.2731586309797078
Zm00001eb425660,13,6,7.833333333333333,14,0.5002148861505534
Zm00001eb425700,5,1,10.4,19,0.6796989577262658
Zm00001eb425710,15,4,5.791666666666667,23,0.356796442630466
Zm00001eb425720,1,1,8.0,8,0.1403848446978436
Zm00001eb425740,10,1,7.1,28,0.3743097990469855
Zm00001eb425750,3,1,36.0,86,1.2225647747226864
Zm00001eb425800,6,1,5.5,13,0.630722745355006
Zm00001eb425810,6,1,7.166666666666667,18,0.5462713056241991
Zm00001eb425830,10,2,11.75,23,1.6249687445372845
Zm00001eb425850,15,6,6.935483870967742,17,0.2858048669530275
Zm00001eb425860,8,2,7.3,13,0.1380062297083672
Zm00001eb425890,3,1,8.333333333333334,23,3.3692338096657193
Zm00001eb425920,4,1,18.0,62,0.2964490749137412
Zm00001eb425930,5,1,7.8,11,0.2155956768954871
Zm00001eb425960,13,2,11.266666666666667,66,0.6031032641446169
Zm00001eb426050,7,1,13.142857142857142,38,0.7115397475141042
Zm00001eb426060,5,1,5.0,14,0.2558995693237569
Zm00001eb426070,14,3,10.7,55,0.1394726743326571
Zm00001eb426190,16,8,12.170731707317072,60,0.2780782860582438
Zm00001eb426220,8,2,11.333333333333334,26,0.2276376028282738
Zm00001eb426230,5,1,10.8,21,1.0992346521859122
Zm00001eb426270,7,1,8.285714285714286,16,0.7873002864536045
Zm00001eb426300,4,1,26.75,76,0.7782256234343967
Zm00001eb426330,4,1,7.0,17,0.6257502790584071
Zm00001eb426420,4,1,7.75,17,0.4695378530134986
Zm00001eb426460,12,4,16.952380952380953,45,0.9390263356036018
Zm00001eb426500,6,1,9.333333333333334,30,0.4439632890693476
Zm00001eb426510,5,1,5.6,7,0.861816819393561
Zm00001eb426520,17,9,7.1063829787234045,33,1.520998687662959
Zm00001eb426530,15,5,12.12,33,1.3282666549080648
Zm00001eb426540,12,3,12.176470588235293,63,0.8416646893052794
Zm00001eb426580,11,2,8.153846153846153,22,0.545516321021165
Zm00001eb426610,12,3,8.5,26,0.2872990082364552
Zm00001eb426620,14,6,4.56,11,0.930046029458052
Zm00001eb426630,6,3,9.454545454545455,18,0.2313056263775737
Zm00001eb426640,12,4,12.444444444444445,30,0.5167785489646343
Zm00001eb426650,10,3,6.857142857142857,17,0.9462903518795692
Zm00001eb426690,7,2,6.0,23,0.4989434491666977
Zm00001eb426700,8,2,8.0,19,0.2194111350571296
Zm00001eb426720,5,1,32.2,113,0.4508515649692052
Zm00001eb426730,10,2,12.6875,47,0.6951745160788261
Zm00001eb426750,8,1,5.125,15,1.9385994553358568
Zm00001eb426790,11,4,9.176470588235293,38,1.9768746928629783
Zm00001eb426880,15,5,7.608695652173913,26,1.5398129587647096
Zm00001eb426890,15,5,8.0,26,0.2995602818589079
Zm00001eb426920,14,3,6.85,24,0.5776603281620136
Zm00001eb426980,11,3,6.357142857142857,17,0.8563824794771231
Zm00001eb426990,13,3,8.0,33,0.4418800848265096
Zm00001eb427000,13,3,8.0,33,0.3199260578213785
Zm00001eb427010,8,3,27.23076923076923,86,1.7779782637565795
Zm00001eb427030,13,6,10.758620689655173,53,1.430160001933766
Zm00001eb427060,4,1,15.0,27,0.2236304249546478
Zm00001eb427070,4,1,20.75,68,0.3112038042008578
Zm00001eb427080,4,1,20.75,68,0.40184023441181
Zm00001eb427100,6,1,10.166666666666666,17,0.8910303998316351
Zm00001eb427140,8,3,12.533333333333333,46,0.6071595960799853
Zm00001eb427180,5,2,15.375,46,0.6077428380635385
Zm00001eb427210,11,3,9.428571428571429,36,0.5119463612542777
Zm00001eb427220,5,1,8.6,12,3.1411325497324536
Zm00001eb427230,17,8,7.555555555555555,28,1.0314174157160327
Zm00001eb427250,4,1,4.75,9,0.4918752516153777
Zm00001eb427260,16,9,7.163265306122449,26,0.763934014170348
Zm00001eb427290,9,3,7.0,21,0.4532562705972949
Zm00001eb427310,10,4,5.888888888888889,13,1.7757784991465992
Zm00001eb427320,14,3,8.411764705882353,20,2.878609656019789
Zm00001eb427400,3,1,8.0,21,2.36274081792971
Zm00001eb427410,13,4,5.9,11,0.6512001916086284
Zm00001eb427420,7,1,8.0,17,0.2955641167057771
Zm00001eb427450,10,3,6.866666666666666,28,0.5884212517850962
Zm00001eb427460,14,4,8.565217391304348,28,0.4259486233876179
Zm00001eb427480,1,1,1.0,1,0.3595481798146311
Zm00001eb427500,12,5,10.136363636363637,35,1.803798004417697
Zm00001eb427510,5,1,6.4,17,0.5315492435480572
Zm00001eb427540,6,1,3.0,9,0.6555021493055543
Zm00001eb427560,6,2,12.125,45,0.6114497794888326
Zm00001eb427570,16,7,8.418604651162791,66,0.4293220753772292
Zm00001eb427580,8,3,7.363636363636363,17,0.4325070847784099
Zm00001eb427590,9,5,4.631578947368421,19,1.7929216619697763
Zm00001eb427600,12,3,5.0625,10,0.9805270835749452
Zm00001eb427610,6,1,7.333333333333333,13,1.5023452637641057
Zm00001eb427620,4,1,12.5,27,0.5585667430929476
Zm00001eb427640,11,3,7.266666666666667,24,0.2617088728429177
Zm00001eb427660,15,7,10.25,33,0.4786913160186217
Zm00001eb427670,8,2,6.555555555555555,19,6.549809390563193
Zm00001eb427680,15,3,9.3,34,0.3658199385345297
Zm00001eb427700,9,2,9.0,20,1.0167954150947889
Zm00001eb427720,13,4,10.130434782608695,22,0.8579312879757727
Zm00001eb427790,8,2,16.9,99,0.4949045840404418
Zm00001eb427810,10,2,10.0,25,0.4266824254751429
Zm00001eb427890,6,1,10.666666666666666,14,0.2540734518351626
Zm00001eb427900,10,2,13.166666666666666,62,0.6886277848709248
Zm00001eb427930,4,1,6.5,10,0.4487296543487981
Zm00001eb427950,13,4,11.173913043478262,54,0.8925156486509533
Zm00001eb427960,7,1,11.142857142857142,42,0.7029328733714139
Zm00001eb428010,7,1,8.714285714285714,14,1.1752492166076434
Zm00001eb428020,9,1,13.555555555555555,37,0.8397470099446775
Zm00001eb428030,8,1,10.625,35,1.2728976166548738
Zm00001eb428040,12,3,9.571428571428571,37,0.8575754476074037
Zm00001eb428060,4,1,10.5,18,0.6471518267403549
Zm00001eb428070,14,5,11.794117647058824,32,0.6829965929109498
Zm00001eb428080,15,6,8.833333333333334,28,0.7077042472236905
Zm00001eb428100,8,3,6.0,12,1.0857989338723777
Zm00001eb428110,6,2,8.0,20,0.4312482381250325
Zm00001eb428130,6,1,8.0,25,0.2120048167462986
Zm00001eb428170,9,3,16.4,68,0.8847894602575894
Zm00001eb428230,9,2,5.2,13,0.3833133546268418
Zm00001eb428290,9,2,7.181818181818182,13,1.363046240204016
Zm00001eb428370,13,4,9.379310344827585,36,0.6330195589149262
Zm00001eb428410,9,2,11.6,24,0.4841216134315761
Zm00001eb428430,2,2,4.0,5,0.4938069511611028
Zm00001eb428450,14,6,9.666666666666666,46,1.5613859007680562
Zm00001eb428460,8,2,12.0,50,0.7536984871469627
Zm00001eb428490,14,5,10.928571428571429,77,0.9819208608089603
Zm00001eb428540,14,5,7.379310344827586,24,1.0245811253583534
Zm00001eb428560,11,3,20.785714285714285,61,0.8898715311496119
Zm00001eb428590,10,3,10.941176470588236,38,4.182127799103109
Zm00001eb428610,13,4,8.166666666666666,27,5.2687889663929
Zm00001eb428620,15,8,12.575,121,0.1990334059049433
Zm00001eb428630,7,2,11.11111111111111,34,1.558416767587223
Zm00001eb428650,5,1,8.2,14,1.1351588673539883
Zm00001eb428660,17,7,7.82051282051282,31,0.6499434103957135
Zm00001eb428670,9,3,7.666666666666667,19,0.8346311513545144
Zm00001eb428680,15,10,7.666666666666667,46,0.5427511653516044
Zm00001eb428740,9,2,7.2,15,0.6035750253342029
Zm00001eb428770,4,1,7.75,10,0.3256098868273895
Zm00001eb428800,12,4,8.210526315789474,70,0.2093619912938173
Zm00001eb428810,14,7,6.28125,15,0.6167554570423484
Zm00001eb428830,16,9,9.46551724137931,54,2.699065866977427
Zm00001eb428840,5,1,26.8,37,1.095447564446269
Zm00001eb428910,14,5,10.615384615384615,45,0.4013122446471682
Zm00001eb428940,11,2,10.833333333333334,24,0.4292778204322227
Zm00001eb429100,8,2,9.181818181818182,30,0.5655999645788451
Zm00001eb429120,8,1,9.0,20,0.3443437795686259
Zm00001eb429130,10,2,7.357142857142857,21,0.6618595367606368
Zm00001eb429140,14,4,10.136363636363637,37,0.8710710649607258
Zm00001eb429210,12,5,10.136363636363637,38,0.7427205693999589
Zm00001eb429220,7,1,7.857142857142857,16,0.7369655941662062
Zm00001eb429270,8,4,10.866666666666667,32,0.3265433175363565
Zm00001eb429280,10,2,7.785714285714286,25,0.8103283115014482
Zm00001eb429290,10,3,6.866666666666666,25,1.761409400824962
Zm00001eb429300,6,2,7.7,20,0.3427346411258662
Zm00001eb429350,2,1,35.5,60,0.2191336014480212
Zm00001eb429400,3,1,4.333333333333333,8,0.6516309189941181
Zm00001eb429430,13,7,12.266666666666667,34,0.5430770826626782
Zm00001eb429440,11,3,11.875,34,0.3455466448942856
Zm00001eb429450,2,1,3.5,6,0.3900690612993788
Zm00001eb429480,7,2,10.88888888888889,17,0.6018554186225263
Zm00001eb429590,6,1,8.0,18,1.6880559936852595
Zm00001eb429610,10,3,4.6,16,0.4463708521327784
Zm00001eb429620,13,5,9.67741935483871,31,0.7993409067112314
Zm00001eb429690,10,3,12.666666666666666,30,1.1996257007437254
Zm00001eb429790,12,5,11.80952380952381,59,0.6490504528288925
Zm00001eb429800,5,1,4.6,8,1.718790256789682
Zm00001eb429850,14,8,10.658536585365853,35,1.0332982929471797
Zm00001eb429860,7,1,11.285714285714286,28,0.6823859085600109
Zm00001eb429870,13,6,6.3478260869565215,13,1.0161317308425903
Zm00001eb429910,12,4,7.105263157894737,55,0.6315334172823062
Zm00001eb429920,15,4,11.285714285714286,63,1.776354098806093
Zm00001eb429930,4,1,8.75,18,0.6528119202907918
Zm00001eb429950,2,1,12.5,17,0.9526603396942748
Zm00001eb430030,14,4,11.541666666666666,32,1.6438708869950107
Zm00001eb430040,13,3,10.476190476190476,31,0.9004643264490856
Zm00001eb430070,5,1,9.6,23,0.347245996919792
Zm00001eb430100,8,1,6.125,15,0.6448527173446591
Zm00001eb430160,16,6,11.842105263157896,32,3.138785423193204
Zm00001eb430170,10,2,9.083333333333334,35,1.3178067778722973
Zm00001eb430180,15,6,11.3125,58,3.36692652654369
Zm00001eb430260,16,6,11.027777777777779,47,0.6149432091587557
Zm00001eb430290,13,2,8.3125,19,0.2263986691804542
Zm00001eb430300,10,3,11.0625,29,0.6716307289227005
Zm00001eb430320,7,2,7.818181818181818,13,1.0239306072090673
Zm00001eb430330,17,5,8.757575757575758,31,0.5473931188332413
Zm00001eb430350,10,2,9.545454545454545,30,0.4026320157273894
Zm00001eb430360,5,1,20.2,47,0.1618799329640156
Zm00001eb430380,5,1,6.6,14,0.4446789700186142
Zm00001eb430390,8,2,9.11111111111111,36,2.0129059385173913
Zm00001eb430440,7,3,10.307692307692308,18,1.8264867155210096
Zm00001eb430450,10,2,11.3,36,0.5483805837850059
Zm00001eb430470,10,2,11.0,29,0.2547293329379573
Zm00001eb430480,9,3,12.333333333333334,23,0.4965299952150649
Zm00001eb430490,6,2,9.88888888888889,18,0.5706054298316532
Zm00001eb430500,8,2,8.2,19,1.1121119701614524
Zm00001eb430530,5,1,15.2,32,1.7568229762368546
Zm00001eb430560,11,2,8.23076923076923,19,0.3280490801060002
Zm00001eb430570,12,3,11.066666666666666,29,0.2713020218173944
Zm00001eb430580,7,1,5.428571428571429,11,0.1043313377339489
Zm00001eb430600,14,6,9.818181818181818,47,0.1074844571615357
Zm00001eb430620,10,3,8.9375,22,0.2687827812115341
Zm00001eb430720,13,6,11.0,42,0.3136776495765709
Zm00001eb430730,13,6,9.411764705882353,30,0.1679166508252536
Zm00001eb430740,14,7,8.15625,22,0.7014645782512468
Zm00001eb430750,14,3,6.333333333333333,16,0.4630919160262903
Zm00001eb430770,10,3,7.25,20,0.5335252936772333
Zm00001eb430780,12,4,8.826086956521738,31,0.4125871582809769
Zm00001eb430800,14,3,10.380952380952381,41,1.859298042901161
Zm00001eb430810,14,6,8.090909090909092,20,0.546872916139842
Zm00001eb430820,12,4,9.352941176470589,36,1.3037053660823483
Zm00001eb430840,4,1,5.25,11,1.0133987780512337
Zm00001eb430870,14,4,9.583333333333334,27,0.9422218004521938
Zm00001eb430880,5,1,12.2,21,0.5304639499178636
Zm00001eb430920,17,7,10.577777777777778,41,1.225410940842828
Zm00001eb430930,11,5,12.28,29,0.2623917081357249
Zm00001eb430990,13,3,11.05,40,0.9570740657251364
Zm00001eb431000,9,2,6.071428571428571,25,0.4690493616454553
Zm00001eb431010,12,5,17.8,77,0.4959036991760881
Zm00001eb431050,11,3,8.5,30,0.7722065178923422
Zm00001eb431060,10,3,9.0,21,0.3664600554933452
Zm00001eb431120,16,4,6.3076923076923075,23,1.3660560126986727
Zm00001eb431130,9,2,3.4444444444444446,22,0.6441507351716367
Zm00001eb431140,10,2,10.083333333333334,23,0.4811718393564781
Zm00001eb431180,13,4,6.764705882352941,17,0.1491060637643879
Zm00001eb431190,4,1,10.75,29,0.484945576811777
Zm00001eb431200,9,3,11.2,62,0.5643373100932381
Zm00001eb431220,5,1,9.4,23,0.0
Zm00001eb431260,4,1,5.75,10,1.099680690546926
Zm00001eb431270,7,1,8.285714285714286,16,0.4443619671113221
Zm00001eb431290,5,1,7.8,18,0.6576619917032147
Zm00001eb431300,17,5,7.357142857142857,34,0.7132953767795662
Zm00001eb431310,10,1,5.4,10,0.2379156355466476
Zm00001eb431320,10,3,6.071428571428571,23,0.2789891009367902
Zm00001eb431330,12,3,18.705882352941178,85,0.6539097667877238
Zm00001eb431370,14,6,16.0,74,1.4626653439645136
Zm00001eb431410,12,4,10.708333333333334,24,0.3888593757526539
Zm00001eb431420,8,2,8.88888888888889,17,0.4660439953391424
Zm00001eb431430,1,1,30.0,30,0.5100633895456196
Zm00001eb431440,7,1,13.571428571428571,28,0.6044438835490977
Zm00001eb431460,16,8,13.052631578947368,52,0.137998275541974
Zm00001eb431470,8,2,9.375,20,0.7730420715279422
Zm00001eb431480,6,1,7.0,15,1.2408025581089164
Zm00001eb431490,16,6,6.333333333333333,12,0.4415074303986706
Zm00001eb431500,8,3,15.058823529411764,52,1.2040649240015415
Zm00001eb431510,16,6,7.78125,24,1.3424792016024838
Zm00001eb431560,9,2,5.818181818181818,17,0.9670288165416476
Zm00001eb431580,17,6,9.263157894736842,24,0.9494785759246548
Zm00001eb431600,7,1,9.571428571428571,20,0.3547233294510521
Zm00001eb431610,14,5,9.542857142857143,42,1.0143771568717606
Zm00001eb431620,14,5,9.542857142857143,42,0.7769330601620666
Zm00001eb431660,1,1,7.0,7,0.0815298854965981
Zm00001eb431690,10,2,10.083333333333334,50,1.0044305694313636
Zm00001eb431760,9,2,10.7,49,0.4744721613210667
Zm00001eb431790,8,1,14.75,66,0.482340834063902
Zm00001eb431800,9,2,6.090909090909091,20,0.4497230564189383
Zm00001eb431840,11,2,8.923076923076923,17,0.9760731313906704
Zm00001eb431850,9,2,7.818181818181818,32,0.6621471866995875
Zm00001eb431860,11,2,7.615384615384615,38,0.7093547133548298
Zm00001eb431910,7,1,8.142857142857142,17,0.5470819580219922
Zm00001eb431930,6,1,7.833333333333333,21,0.7017114414938843
Zm00001eb432000,5,2,10.777777777777779,19,0.2823462873445902
Zm00001eb432020,8,2,5.5,17,0.1333457684829304
Zm00001eb432040,9,3,6.117647058823529,25,0.8475174970066244
Zm00001eb432090,12,6,11.357142857142858,79,1.0521680879385762
Zm00001eb432100,3,1,2.0,4,1.5746573381142317
Zm00001eb432120,4,1,33.0,115,0.4899427607427854
Zm00001eb432150,8,3,9.333333333333334,13,1.3402440270778555
Zm00001eb432170,9,2,8.4,23,0.1569238943736995
Zm00001eb432260,9,1,10.222222222222221,30,0.8957684726439942
Zm00001eb432320,7,1,13.571428571428571,29,0.4425936157499688
Zm00001eb432370,6,2,5.714285714285714,12,0.6593462137997257
Zm00001eb432380,10,5,5.958333333333333,13,1.59535749606955
Zm00001eb432390,10,5,5.958333333333333,13,0.5507152981784681
Zm00001eb432400,12,6,11.666666666666666,42,0.948276762346998
Zm00001eb432440,12,3,5.5625,14,1.8652058735880976
Zm00001eb432460,8,1,3.375,9,0.9687312575954946
Zm00001eb432470,12,4,9.15,24,0.4432421224346736
Zm00001eb432480,13,3,9.38888888888889,39,0.4150374992788438
Zm00001eb432490,15,5,8.566666666666666,45,1.14668154428957
Zm00001eb432500,14,5,8.6,23,0.4475166632827554
Zm00001eb432510,14,6,10.363636363636363,44,0.5849625007211563
Zm00001eb432550,4,1,20.0,52,0.6620537494117877
Zm00001eb432560,5,1,13.8,26,0.85743253306165
Zm00001eb432570,7,3,5.363636363636363,17,0.8329747990923476
Zm00001eb432580,9,2,10.363636363636363,31,0.3026144698761521
Zm00001eb432590,7,2,10.375,33,0.4958135374079396
Zm00001eb432720,13,4,10.210526315789474,42,0.4881674812488498
Zm00001eb432730,6,1,6.166666666666667,10,0.1817911874840241
Zm00001eb432750,3,1,8.0,14,0.4713847032487132
Zm00001eb432760,5,1,6.2,11,0.1776285687583436
Zm00001eb432780,3,1,10.0,18,0.8979457098413228
Zm00001eb432790,7,1,32.57142857142857,166,0.3594852228860753
Zm00001eb432800,12,3,8.571428571428571,24,0.2434545561786529
Zm00001eb432920,8,2,9.8,39,1.6698991666750176
Zm00001eb432950,6,1,11.666666666666666,22,0.5902543281737239
Zm00001eb433000,16,8,7.651162790697675,19,0.4100597173839072
Zm00001eb433010,5,1,5.8,11,0.0544477840223765
Zm00001eb433020,8,2,14.333333333333334,39,0.9750395471506952
Zm00001eb433030,7,3,8.333333333333334,21,0.3682732811874645
Zm00001eb433040,10,2,4.333333333333333,12,1.0272803981479832
Zm00001eb433060,5,1,3.4,6,0.7173343644816833
Zm00001eb433100,12,3,6.352941176470588,22,0.855298045287028
Zm00001eb433120,15,8,8.066666666666666,21,0.743918494213394
Zm00001eb433150,12,5,9.083333333333334,21,0.7984317878742866
Zm00001eb433200,8,3,10.692307692307692,24,0.2596913063921894
Zm00001eb433250,8,1,14.625,86,0.6038659944054232
Zm00001eb433270,7,1,7.0,22,0.7780898878578305
Zm00001eb433280,10,2,6.181818181818182,18,2.131244533278253
Zm00001eb433300,5,1,6.2,13,0.6368326061565761
Zm00001eb433310,7,2,8.11111111111111,20,0.4033569849476313
Zm00001eb433370,4,1,9.0,22,0.3598578544878165
Zm00001eb433390,10,2,9.25,20,0.3505033622259803
Zm00001eb433400,7,2,12.75,40,0.333253845907644
Zm00001eb433420,7,2,8.5,27,0.6401944239122968
Zm00001eb433430,5,2,11.125,32,0.2394149440230552
Zm00001eb433440,9,3,8.0,37,0.3916243066824403
Zm00001eb433450,6,2,9.857142857142858,15,0.5621778723154963
Zm00001eb433460,13,3,9.38888888888889,44,0.5811101617737947
Zm00001eb433480,5,1,5.8,11,0.4573190361971552
Zm00001eb433500,4,1,27.25,67,0.5510631094038423
Zm00001eb433520,15,5,10.620689655172415,28,1.0038407326886691
Zm00001eb433540,7,1,13.142857142857142,25,0.4770566378537912
Zm00001eb433550,9,3,17.733333333333334,44,0.7157396638399648
Zm00001eb433560,4,1,9.0,20,1.1366077270451602
Zm00001eb433650,13,4,5.423076923076923,14,0.2478030348013491
Zm00001eb433660,10,3,5.5,17,0.7282422479575074
Zm00001eb433690,9,1,6.444444444444445,14,0.7269383820948666
Zm00001eb433700,5,1,9.0,23,0.4134137227930748
Zm00001eb433750,4,1,4.75,11,0.3398690729185262
Zm00001eb433770,8,1,7.125,16,0.2272908192586725
Zm00001eb433800,13,4,9.583333333333334,30,0.4820726651745472
Zm00001eb433820,14,4,10.954545454545455,23,0.9089028821971988
Zm00001eb433840,8,2,19.22222222222222,72,0.846865342299706
Zm00001eb433850,6,1,4.833333333333333,9,0.7404340342866436
Zm00001eb433860,13,5,9.307692307692308,25,0.401231621630242
Zm00001eb433870,16,11,9.39344262295082,33,0.6190062371578269
Zm00001eb433880,6,3,6.428571428571429,13,0.5550307202922878
Zm00001eb433950,17,6,12.382352941176471,56,0.4630274261070666
Zm00001eb433960,17,6,12.382352941176471,56,0.4782122618327536
Zm00001eb433980,13,2,9.214285714285714,19,0.3540570965266336
Zm00001eb434000,9,2,12.636363636363637,44,1.5365359134347898
Zm00001eb434010,6,2,15.166666666666666,41,0.5890704858406436
Zm00001eb434050,6,1,5.833333333333333,8,0.4584941255429112
Zm00001eb434070,4,1,6.0,10,0.2142015640916402
Zm00001eb434080,17,7,9.0,27,0.271948246640533
Zm00001eb434090,5,1,9.0,10,0.3333270163639304
Zm00001eb434100,8,3,7.846153846153846,17,0.5221931183732221
Zm00001eb434140,12,4,5.5,15,0.4552311303318763
Zm00001eb434190,10,5,11.777777777777779,26,1.11465450477861
Zm00001eb434200,6,3,13.75,26,0.5368169165207267
Zm00001eb434220,10,2,9.733333333333333,22,0.4553643873202719
Zm00001eb434250,3,1,4.666666666666667,7,0.275488984170777
Zm00001eb434260,8,2,18.272727272727273,108,0.2970853654340483
Zm00001eb434270,5,1,6.4,15,0.1296107308267655
Zm00001eb434290,9,3,11.083333333333334,37,0.5304986352558262
Zm00001eb434300,2,1,6.5,9,0.360254962133931
Zm00001eb434320,10,3,8.333333333333334,35,0.6381414224449087
Zm00001eb434330,12,2,6.357142857142857,15,4.537322760259815
Zm00001eb434370,7,2,9.0,18,0.1660043577369963
Zm00001eb434390,5,1,6.4,11,0.3378354373248157
Zm00001eb434430,7,1,10.857142857142858,22,1.831488331726706
Zm00001eb434520,16,5,7.833333333333333,27,0.4006182539502302
