gene_id,chr,pos,trait,mean_variant,mean_ref,diff,pval,n_var,n_ref,cohens_d_ase,fdr
Zm00001eb002000,chr1,5744103,DTA,68.0,69.33333333333333,-1.3333333333333286,0.7363261093911249,4,15,-1.993102093160976,0.9116418497223451
Zm00001eb002000,chr1,5744103,height_cm,174.75,181.86666666666667,-7.116666666666674,0.7363261093911249,4,15,-1.993102093160976,0.9116418497223451
Zm00001eb002000,chr1,5744103,ear_ht_ratio,0.45,0.46599999999999997,-0.01599999999999996,0.7262234195299966,4,15,-1.993102093160976,0.8945696267645304
Zm00001eb010410,chr1,33102069,DTA,70.16666666666667,68.05,2.1166666666666742,0.34774559891069756,9,10,-1.0788372516249425,0.6341772789390886
Zm00001eb010410,chr1,33102069,height_cm,186.0,175.3,10.699999999999989,0.34774559891069756,9,10,-1.0788372516249425,0.6341772789390886
Zm00001eb010410,chr1,33102069,ear_ht_ratio,0.47555555555555556,0.45099999999999996,0.024555555555555608,0.34753405148666916,9,10,-1.0788372516249425,0.6231645061140274
Zm00001eb010590,chr1,33805903,DTA,68.78571428571429,69.20833333333333,-0.4226190476190368,0.7732396602365642,7,12,2.890233195828243,0.9194420990086625
Zm00001eb010590,chr1,33805903,height_cm,177.42857142857142,182.08333333333334,-4.654761904761926,0.7732396602365642,7,12,2.890233195828243,0.9194420990086625
Zm00001eb010590,chr1,33805903,ear_ht_ratio,0.4557142857142858,0.46666666666666673,-0.010952380952380936,0.7352048861326053,7,12,2.890233195828243,0.9010591870446745
Zm00001eb010600,chr1,33805903,DTA,68.78571428571429,69.20833333333333,-0.4226190476190368,0.7732396602365642,7,12,3.4479645166968327,0.9194420990086625
Zm00001eb010600,chr1,33805903,height_cm,177.42857142857142,182.08333333333334,-4.654761904761926,0.7732396602365642,7,12,3.4479645166968327,0.9194420990086625
Zm00001eb010600,chr1,33805903,ear_ht_ratio,0.4557142857142858,0.46666666666666673,-0.010952380952380936,0.7352048861326053,7,12,3.4479645166968327,0.9010591870446745
Zm00001eb010650,chr1,34133753,DTA,66.1,70.10714285714286,-4.007142857142867,0.10681114551083593,5,14,1.7228995125959938,0.389734667246629
Zm00001eb010650,chr1,34133753,height_cm,165.0,185.85714285714286,-20.85714285714286,0.10681114551083593,5,14,1.7228995125959938,0.389734667246629
Zm00001eb010650,chr1,34133753,ear_ht_ratio,0.42800000000000005,0.47500000000000003,-0.046999999999999986,0.11535228393282286,5,14,1.7228995125959938,0.3949177311970252
Zm00001eb011070,chr1,35686099,DTA,73.16666666666667,68.28125,4.885416666666671,0.08462332301341588,3,16,-1.044301392229479,0.3602677143495132
Zm00001eb011070,chr1,35686099,height_cm,200.0,176.6875,23.3125,0.08462332301341588,3,16,-1.044301392229479,0.3602677143495132
Zm00001eb011070,chr1,35686099,ear_ht_ratio,0.5166666666666667,0.4525,0.0641666666666667,0.08296897437883516,3,16,-1.044301392229479,0.3494300349335847
Zm00001eb013520,chr1,45314945,DTA,69.16666666666667,68.85714285714286,0.3095238095238102,1.0,12,7,1.971193291247158,1.0
Zm00001eb013520,chr1,45314945,height_cm,180.75,179.71428571428572,1.0357142857142776,1.0,12,7,1.971193291247158,1.0
Zm00001eb013520,chr1,45314945,ear_ht_ratio,0.4633333333333333,0.46142857142857147,0.0019047619047618536,1.0,12,7,1.971193291247158,1.0
Zm00001eb013720,chr1,45913981,DTA,72.0,67.6923076923077,4.307692307692307,0.03648827952233525,6,13,-2.0162190655371113,0.2469518021633605
Zm00001eb013720,chr1,45913981,height_cm,195.16666666666666,173.53846153846155,21.62820512820511,0.03648827952233525,6,13,-2.0162190655371113,0.2469518021633605
Zm00001eb013720,chr1,45913981,ear_ht_ratio,0.5033333333333333,0.4438461538461539,0.05948717948717941,0.035216248106423285,6,13,-2.0162190655371113,0.26430338785026963
Zm00001eb013870,chr1,46460037,DTA,70.0,67.42857142857143,2.5714285714285694,0.195562435500516,12,7,3.131431563537838,0.4793584277588406
Zm00001eb013870,chr1,46460037,height_cm,184.91666666666666,172.57142857142858,12.345238095238074,0.195562435500516,12,7,3.131431563537838,0.4793584277588406
Zm00001eb013870,chr1,46460037,ear_ht_ratio,0.4758333333333334,0.44000000000000006,0.03583333333333333,0.1900050984733419,12,7,3.131431563537838,0.4626211093263977
Zm00001eb015210,chr1,52046833,DTA,63.625,70.5,-6.875,0.0020639834881320948,4,15,4.106711314474418,0.10732714138286892
Zm00001eb015210,chr1,52046833,height_cm,152.0,187.93333333333334,-35.93333333333334,0.0020639834881320948,4,15,4.106711314474418,0.10732714138286892
Zm00001eb015210,chr1,52046833,ear_ht_ratio,0.39249999999999996,0.4813333333333334,-0.08883333333333343,0.006909289668213062,4,15,4.106711314474418,0.20119851513836434
Zm00001eb015900,chr1,55231201,DTA,70.4375,68.15,2.2874999999999943,0.40824534942182,8,10,1.9620971190194931,0.6873871629716617
Zm00001eb015900,chr1,55231201,height_cm,186.875,175.7,11.175000000000011,0.40824534942182,8,10,1.9620971190194931,0.6873871629716617
Zm00001eb015900,chr1,55231201,ear_ht_ratio,0.4775,0.453,0.024499999999999966,0.39837160921722725,8,10,1.9620971190194931,0.6667000724371067
Zm00001eb016400,chr1,57416832,DTA,71.0625,67.5909090909091,3.4715909090909065,0.09084173480458312,8,11,-2.6790199520921387,0.3694568879203157
Zm00001eb016400,chr1,57416832,height_cm,190.875,172.72727272727272,18.14772727272728,0.09084173480458312,8,11,-2.6790199520921387,0.3694568879203157
Zm00001eb016400,chr1,57416832,ear_ht_ratio,0.49,0.44272727272727275,0.047272727272727244,0.09036514588718032,8,11,-2.6790199520921387,0.3673455021746856
Zm00001eb020660,chr1,77325694,DTA,68.95,69.16666666666667,-0.21666666666666856,0.9025232501776794,10,9,-2.326271549412075,0.9550561853850598
Zm00001eb020660,chr1,77325694,height_cm,179.7,181.11111111111111,-1.4111111111111256,0.9025232501776794,10,9,-2.326271549412075,0.9550561853850598
Zm00001eb020660,chr1,77325694,ear_ht_ratio,0.4600000000000001,0.4655555555555556,-0.005555555555555536,0.9024806826878791,10,9,-2.326271549412075,0.9549504898208954
Zm00001eb028820,chr1,154479231,DTA,69.5,68.96875,0.53125,0.7925696594427245,3,16,-3.4905867984114125,0.9306301807650056
Zm00001eb028820,chr1,154479231,height_cm,185.0,179.5,5.5,0.7925696594427245,3,16,-3.4905867984114125,0.9306301807650056
Zm00001eb028820,chr1,154479231,ear_ht_ratio,0.47333333333333333,0.46062499999999995,0.012708333333333377,0.8229869053173239,3,16,-3.4905867984114125,0.9399947974219282
Zm00001eb030870,chr1,170914905,DTA,66.42857142857143,70.58333333333333,-4.154761904761898,0.04493133285702945,7,12,-2.075649400692202,0.2757955641272903
Zm00001eb030870,chr1,170914905,height_cm,166.71428571428572,188.33333333333334,-21.61904761904762,0.04493133285702945,7,12,-2.075649400692202,0.2757955641272903
Zm00001eb030870,chr1,170914905,ear_ht_ratio,0.43000000000000005,0.4816666666666667,-0.05166666666666664,0.051810142378863944,7,12,-2.075649400692202,0.2946701847797887
Zm00001eb033190,chr1,184804492,DTA,67.64285714285714,69.5,-1.8571428571428612,0.4789467068878833,7,11,-3.307093446829383,0.7518254163590122
Zm00001eb033190,chr1,184804492,height_cm,173.57142857142858,182.45454545454547,-8.883116883116884,0.4789467068878833,7,11,-3.307093446829383,0.7518254163590122
Zm00001eb033190,chr1,184804492,ear_ht_ratio,0.44571428571428573,0.46727272727272723,-0.0215584415584415,0.4685087141326636,7,11,-3.307093446829383,0.7319191928939466
Zm00001eb040100,chr1,211667666,DTA,70.95454545454545,66.4375,4.517045454545453,0.02593210023550581,11,8,1.7076390765853546,0.2169950456488302
Zm00001eb040100,chr1,211667666,height_cm,190.1818181818182,166.875,23.306818181818187,0.02593210023550581,11,8,1.7076390765853546,0.2169950456488302
Zm00001eb040100,chr1,211667666,ear_ht_ratio,0.4872727272727273,0.42875,0.05852272727272728,0.028587695123098993,11,8,1.7076390765853546,0.25881739875756127
Zm00001eb043170,chr1,227767796,DTA,69.375,68.64285714285714,0.7321428571428612,0.8784313725490195,4,14,-2.452830718673834,0.9550561853850598
Zm00001eb043170,chr1,227767796,height_cm,181.25,178.71428571428572,2.5357142857142776,0.8784313725490195,4,14,-2.452830718673834,0.9550561853850598
Zm00001eb043170,chr1,227767796,ear_ht_ratio,0.465,0.45785714285714285,0.007142857142857173,0.873369074374237,4,14,-2.452830718673834,0.9546737029195865
Zm00001eb043450,chr1,228494853,DTA,65.33333333333333,70.76923076923077,-5.435897435897445,0.009214212000589708,6,13,-1.784514558719577,0.16731316124388088
Zm00001eb043450,chr1,228494853,height_cm,161.5,189.07692307692307,-27.576923076923066,0.009214212000589708,6,13,-1.784514558719577,0.16731316124388088
Zm00001eb043450,chr1,228494853,ear_ht_ratio,0.41333333333333333,0.4853846153846154,-0.07205128205128208,0.01239437858059495,6,13,-1.784514558719577,0.24117832688759241
Zm00001eb044650,chr1,233018019,DTA,66.41666666666667,69.0,-2.5833333333333286,0.14185814185814188,6,8,2.886499000041,0.4243177857855826
Zm00001eb044650,chr1,233018019,height_cm,169.16666666666666,179.25,-10.083333333333343,0.14185814185814188,6,8,2.886499000041,0.4243177857855826
Zm00001eb044650,chr1,233018019,ear_ht_ratio,0.43,0.45875,-0.028749999999999998,0.1372056597596783,6,8,2.886499000041,0.41275091035142897
Zm00001eb044960,chr1,234151085,DTA,66.75,70.16666666666667,-3.4166666666666714,0.14825174825174825,4,9,-1.4648802799572245,0.4301717825004672
Zm00001eb044960,chr1,234151085,height_cm,166.75,186.44444444444446,-19.694444444444457,0.14825174825174825,4,9,-1.4648802799572245,0.4301717825004672
Zm00001eb044960,chr1,234151085,ear_ht_ratio,0.4325,0.47777777777777775,-0.04527777777777775,0.14213150856818718,4,9,-1.4648802799572245,0.4155491495487561
Zm00001eb045280,chr1,235137771,DTA,67.16666666666667,69.40625,-2.2395833333333286,0.4871001031991744,3,16,4.228606261614184,0.7518254163590122
Zm00001eb045280,chr1,235137771,height_cm,174.33333333333334,181.5,-7.166666666666657,0.4871001031991744,3,16,4.228606261614184,0.7518254163590122
Zm00001eb045280,chr1,235137771,ear_ht_ratio,0.44,0.466875,-0.026874999999999982,0.5021473952535804,3,16,4.228606261614184,0.7600068684919056
Zm00001eb045370,chr1,235367280,DTA,70.77272727272727,66.6875,4.085227272727266,0.05062051811277818,11,8,2.976264698232123,0.28567238128761635
Zm00001eb045370,chr1,235367280,height_cm,189.0909090909091,168.375,20.715909090909093,0.05062051811277818,11,8,2.976264698232123,0.28567238128761635
Zm00001eb045370,chr1,235367280,ear_ht_ratio,0.48454545454545456,0.4325,0.05204545454545456,0.04741162082673299,11,8,2.976264698232123,0.2933458167985105
Zm00001eb046280,chr1,239371910,DTA,67.44444444444444,70.5,-3.055555555555557,0.15304188415882009,9,10,-1.8903427375092523,0.4301717825004672
Zm00001eb046280,chr1,239371910,height_cm,172.88888888888889,187.1,-14.211111111111109,0.15304188415882009,9,10,-1.8903427375092523,0.4301717825004672
Zm00001eb046280,chr1,239371910,ear_ht_ratio,0.4411111111111112,0.48199999999999993,-0.04088888888888875,0.14146999789293416,9,10,-1.8903427375092523,0.4155491495487561
Zm00001eb048860,chr1,251130738,DTA,67.625,69.43333333333334,-1.8083333333333371,0.5304437564499483,4,15,3.03060708710378,0.7811432273291284
Zm00001eb048860,chr1,251130738,height_cm,172.5,182.46666666666667,-9.966666666666669,0.5304437564499483,4,15,3.03060708710378,0.7811432273291284
Zm00001eb048860,chr1,251130738,ear_ht_ratio,0.4425,0.46799999999999997,-0.025499999999999967,0.5155079665505043,4,15,3.03060708710378,0.7612369161232599
Zm00001eb049730,chr1,254176253,DTA,72.625,67.82142857142857,4.803571428571431,0.06143790849673203,4,14,-2.7451497712416173,0.31785345717234265
Zm00001eb049730,chr1,254176253,height_cm,198.0,174.28571428571428,23.714285714285722,0.06143790849673203,4,14,-2.7451497712416173,0.31785345717234265
Zm00001eb049730,chr1,254176253,ear_ht_ratio,0.51,0.4464285714285715,0.0635714285714285,0.06296485808399416,4,14,-2.7451497712416173,0.3164580814151705
Zm00001eb051580,chr1,261611654,DTA,69.4090909090909,69.35714285714286,0.051948051948045304,0.9298014077425841,11,7,-1.7412248383409954,0.9810078620820308
Zm00001eb051580,chr1,261611654,height_cm,182.54545454545453,182.0,0.5454545454545325,0.9298014077425841,11,7,-1.7412248383409954,0.9810078620820308
Zm00001eb051580,chr1,261611654,ear_ht_ratio,0.4690909090909091,0.4642857142857143,0.004805194805194812,0.8918843851859016,11,7,-1.7412248383409954,0.9549504898208954
Zm00001eb051780,chr1,262493215,DTA,68.83333333333333,69.33333333333333,-0.5,0.8200818789054083,6,12,2.6326472771472624,0.9369073225055853
Zm00001eb051780,chr1,262493215,height_cm,179.0,181.5,-2.5,0.8200818789054083,6,12,2.6326472771472624,0.9369073225055853
Zm00001eb051780,chr1,262493215,ear_ht_ratio,0.4583333333333333,0.4666666666666666,-0.008333333333333304,0.7786177188876373,6,12,2.6326472771472624,0.9216382587634706
Zm00001eb052270,chr1,264527680,DTA,69.61111111111111,68.22222222222223,1.3888888888888857,0.5364994693194564,9,9,2.0778879095474374,0.7811432273291284
Zm00001eb052270,chr1,264527680,height_cm,181.88888888888889,177.55555555555554,4.333333333333343,0.5364994693194564,9,9,2.0778879095474374,0.7811432273291284
Zm00001eb052270,chr1,264527680,ear_ht_ratio,0.47000000000000003,0.45222222222222214,0.017777777777777892,0.5362890990054857,9,9,2.0778879095474374,0.7755477503802284
Zm00001eb052940,chr1,266477700,DTA,68.92307692307692,69.33333333333333,-0.4102564102564088,0.7012383900928792,13,6,1.9002833214490025,0.8878287791088976
Zm00001eb052940,chr1,266477700,height_cm,179.30769230769232,182.66666666666666,-3.3589743589743364,0.7012383900928792,13,6,1.9002833214490025,0.8878287791088976
Zm00001eb052940,chr1,266477700,ear_ht_ratio,0.4592307692307692,0.47000000000000003,-0.010769230769230809,0.6929540893822297,13,6,1.9002833214490025,0.8758169740803181
Zm00001eb055720,chr1,277129800,DTA,70.83333333333333,68.23076923076923,2.602564102564102,0.21001031991744068,6,13,2.346077363192974,0.48500999333777484
Zm00001eb055720,chr1,277129800,height_cm,190.5,175.69230769230768,14.80769230769232,0.21001031991744068,6,13,2.346077363192974,0.48500999333777484
Zm00001eb055720,chr1,277129800,ear_ht_ratio,0.48666666666666664,0.45153846153846156,0.03512820512820508,0.2192892965465303,6,13,2.346077363192974,0.49233532283257253
Zm00001eb056930,chr1,281863688,DTA,69.9375,68.1,1.8375000000000057,0.40824534942182,8,10,1.8450745007643008,0.6873871629716617
Zm00001eb056930,chr1,281863688,height_cm,185.375,175.2,10.175000000000011,0.40824534942182,8,10,1.8450745007643008,0.6873871629716617
Zm00001eb056930,chr1,281863688,ear_ht_ratio,0.47500000000000003,0.45,0.025000000000000022,0.39837160921722725,8,10,1.8450745007643008,0.6667000724371067
Zm00001eb058750,chr1,287900267,DTA,67.83333333333333,70.15,-2.316666666666677,0.2703441406547801,9,10,-2.289258328627231,0.5591208363542043
Zm00001eb058750,chr1,287900267,height_cm,174.22222222222223,185.9,-11.677777777777777,0.2703441406547801,9,10,-2.289258328627231,0.5591208363542043
Zm00001eb058750,chr1,287900267,ear_ht_ratio,0.4444444444444444,0.479,-0.03455555555555556,0.2701339422159781,9,10,-2.289258328627231,0.549795802355035
Zm00001eb064000,chr1,303833607,DTA,72.1,67.96428571428571,4.135714285714286,0.07000343997248022,5,14,2.7193341663871995,0.3294535669031104
Zm00001eb064000,chr1,303833607,height_cm,196.0,174.78571428571428,21.214285714285722,0.07000343997248022,5,14,2.7193341663871995,0.3294535669031104
Zm00001eb064000,chr1,303833607,ear_ht_ratio,0.502,0.44857142857142857,0.053428571428571436,0.07089623432508263,5,14,2.7193341663871995,0.33298360379780745
Zm00001eb064190,chr1,304254031,DTA,67.88888888888889,70.1,-2.2111111111111086,0.34774559891069756,9,10,3.4095005292035405,0.6341772789390886
Zm00001eb064190,chr1,304254031,height_cm,174.66666666666666,185.5,-10.833333333333343,0.34774559891069756,9,10,3.4095005292035405,0.6341772789390886
Zm00001eb064190,chr1,304254031,ear_ht_ratio,0.4488888888888889,0.475,-0.026111111111111085,0.34753405148666916,9,10,3.4095005292035405,0.6231645061140274
Zm00001eb064350,chr1,304701394,DTA,69.0,69.39285714285714,-0.3928571428571388,0.9588235294117646,4,14,2.4350892059607414,0.9909907556182588
Zm00001eb064350,chr1,304701394,height_cm,180.0,182.28571428571428,-2.2857142857142776,0.9588235294117646,4,14,2.4350892059607414,0.9909907556182588
Zm00001eb064350,chr1,304701394,ear_ht_ratio,0.4625,0.46714285714285714,-0.004642857142857115,0.9576308426621053,4,14,2.4350892059607414,0.9992197824251186
Zm00001eb064670,chr1,305701303,DTA,68.36363636363636,68.3,0.0636363636363626,1.0,11,5,-2.9504195754854488,1.0
Zm00001eb064670,chr1,305701303,height_cm,176.8181818181818,176.4,0.41818181818180733,1.0,11,5,-2.9504195754854488,1.0
Zm00001eb064670,chr1,305701303,ear_ht_ratio,0.45454545454545453,0.45,0.004545454545454519,0.9547954742463896,11,5,-2.9504195754854488,0.9992197824251186
Zm00001eb064930,chr1,306411699,DTA,65.3,70.39285714285714,-5.092857142857142,0.025799793601651185,5,14,-4.1461282108010815,0.2169950456488302
Zm00001eb064930,chr1,306411699,height_cm,160.4,187.5,-27.099999999999994,0.025799793601651185,5,14,-4.1461282108010815,0.2169950456488302
Zm00001eb064930,chr1,306411699,ear_ht_ratio,0.4119999999999999,0.48071428571428576,-0.06871428571428584,0.026219614861718303,5,14,-4.1461282108010815,0.24789454051079124
Zm00001eb073610,chr2,17283394,DTA,68.91666666666667,69.11538461538461,-0.1987179487179418,0.8982750995134897,6,13,6.02706750847857,0.9550561853850598
Zm00001eb073610,chr2,17283394,height_cm,180.0,180.53846153846155,-0.5384615384615472,0.8982750995134897,6,13,6.02706750847857,0.9550561853850598
Zm00001eb073610,chr2,17283394,ear_ht_ratio,0.46166666666666667,0.46307692307692305,-0.001410256410256383,0.8606957359746176,6,13,6.02706750847857,0.9541035840471408
Zm00001eb074030,chr2,19112501,DTA,69.1,69.65384615384616,-0.5538461538461661,0.7749766573295984,5,13,-5.03145492976556,0.9194420990086625
Zm00001eb074030,chr2,19112501,height_cm,180.6,183.3846153846154,-2.7846153846153925,0.7749766573295984,5,13,-5.03145492976556,0.9194420990086625
Zm00001eb074030,chr2,19112501,ear_ht_ratio,0.45999999999999996,0.4715384615384615,-0.011538461538461553,0.767328489825539,5,13,-5.03145492976556,0.9172662407109892
Zm00001eb078890,chr2,36159238,DTA,67.5909090909091,71.0625,-3.4715909090909065,0.07541478129713425,11,8,-2.040393037676521,0.34100596760443314
Zm00001eb078890,chr2,36159238,height_cm,172.45454545454547,191.25,-18.795454545454533,0.07541478129713425,11,8,-2.040393037676521,0.34100596760443314
Zm00001eb078890,chr2,36159238,ear_ht_ratio,0.4436363636363636,0.48875,-0.04511363636363641,0.07571920054214419,11,8,-2.040393037676521,0.3427405693979986
Zm00001eb079420,chr2,38576363,DTA,64.0,70.0,-6.0,0.033023735810113516,3,16,5.825883962535814,0.2469518021633605
Zm00001eb079420,chr2,38576363,height_cm,155.0,185.125,-30.125,0.033023735810113516,3,16,5.825883962535814,0.2469518021633605
Zm00001eb079420,chr2,38576363,ear_ht_ratio,0.39666666666666667,0.475,-0.07833333333333331,0.03357018769226601,3,16,5.825883962535814,0.2627859853760178
Zm00001eb080510,chr2,42789655,DTA,69.25,68.96153846153847,0.288461538461533,0.8314167772372107,6,13,-4.4901050570846515,0.9369073225055853
Zm00001eb080510,chr2,42789655,height_cm,183.5,178.92307692307693,4.576923076923066,0.8314167772372107,6,13,-4.4901050570846515,0.9369073225055853
Zm00001eb080510,chr2,42789655,ear_ht_ratio,0.4683333333333333,0.46,0.008333333333333304,0.8263690526786182,6,13,-4.4901050570846515,0.9399947974219282
Zm00001eb081030,chr2,44929408,DTA,69.58333333333333,68.8076923076923,0.775641025641022,0.7653693056169837,6,13,1.9362284424257552,0.9194420990086625
Zm00001eb081030,chr2,44929408,height_cm,182.5,179.3846153846154,3.115384615384613,0.7653693056169837,6,13,1.9362284424257552,0.9194420990086625
Zm00001eb081030,chr2,44929408,ear_ht_ratio,0.46833333333333343,0.46,0.008333333333333415,0.7587634280669648,6,13,1.9362284424257552,0.9145360523721032
Zm00001eb091780,chr2,140544189,DTA,68.66666666666667,69.23076923076923,-0.564102564102555,0.6388028895768834,6,13,2.4401060658236484,0.8501800797293804
Zm00001eb091780,chr2,140544189,height_cm,178.0,181.46153846153845,-3.461538461538453,0.6388028895768834,6,13,2.4401060658236484,0.8501800797293804
Zm00001eb091780,chr2,140544189,ear_ht_ratio,0.4533333333333333,0.46692307692307694,-0.01358974358974363,0.6293843093886573,6,13,2.4401060658236484,0.8345934011565438
Zm00001eb093670,chr2,154488990,DTA,70.66666666666667,68.3076923076923,2.358974358974365,0.3676102019755271,6,13,-2.0751231582939025,0.6495636578596692
Zm00001eb093670,chr2,154488990,height_cm,187.16666666666666,177.23076923076923,9.93589743589743,0.3676102019755271,6,13,-2.0751231582939025,0.6495636578596692
Zm00001eb093670,chr2,154488990,ear_ht_ratio,0.48,0.45461538461538464,0.02538461538461534,0.3568859426433526,6,13,-2.0751231582939025,0.627567551314881
Zm00001eb094220,chr2,157667489,DTA,70.75,66.14285714285714,4.607142857142861,0.022108438517107247,12,7,-3.2553440919204037,0.21190230478156177
Zm00001eb094220,chr2,157667489,height_cm,188.25,166.85714285714286,21.39285714285714,0.022108438517107247,12,7,-3.2553440919204037,0.21190230478156177
Zm00001eb094220,chr2,157667489,ear_ht_ratio,0.48500000000000004,0.4242857142857143,0.06071428571428572,0.027923072363316388,12,7,-3.2553440919204037,0.25881739875756127
Zm00001eb101450,chr2,193988864,DTA,67.6,69.57142857142857,-1.971428571428575,0.391296869625043,5,14,2.771010529896668,0.6655703763715685
Zm00001eb101450,chr2,193988864,height_cm,175.0,182.28571428571428,-7.285714285714278,0.391296869625043,5,14,2.771010529896668,0.6655703763715685
Zm00001eb101450,chr2,193988864,ear_ht_ratio,0.442,0.47000000000000003,-0.028000000000000025,0.35432832069858666,5,14,2.771010529896668,0.6260947025936192
Zm00001eb102050,chr2,195634230,DTA,69.75,68.27777777777777,1.4722222222222285,0.437942822899974,10,9,2.633437955533686,0.7118500232614879
Zm00001eb102050,chr2,195634230,height_cm,183.5,176.88888888888889,6.611111111111114,0.437942822899974,10,9,2.633437955533686,0.7118500232614879
Zm00001eb102050,chr2,195634230,ear_ht_ratio,0.47000000000000003,0.45444444444444443,0.0155555555555556,0.4377417926461512,10,9,2.633437955533686,0.7050354536424736
Zm00001eb104710,chr2,205132586,DTA,71.25,67.45454545454545,3.7954545454545467,0.06202534995104655,8,11,-1.991401602261453,0.31785345717234265
Zm00001eb104710,chr2,205132586,height_cm,191.5,172.27272727272728,19.22727272727272,0.06202534995104655,8,11,-1.991401602261453,0.31785345717234265
Zm00001eb104710,chr2,205132586,ear_ht_ratio,0.49374999999999997,0.44,0.053749999999999964,0.05743364334604658,8,11,-1.991401602261453,0.30165119421532766
Zm00001eb106770,chr2,211536463,DTA,67.5,70.35,-2.8499999999999943,0.2742812742812743,8,10,2.4188644177408363,0.562469768103571
Zm00001eb106770,chr2,211536463,height_cm,173.125,186.2,-13.074999999999989,0.2742812742812743,8,10,2.4188644177408363,0.562469768103571
Zm00001eb106770,chr2,211536463,ear_ht_ratio,0.445,0.47800000000000004,-0.03300000000000003,0.2860718353637739,8,10,2.4188644177408363,0.5743503009309036
Zm00001eb108620,chr2,216734256,DTA,68.45833333333333,71.8,-3.3416666666666686,0.15998707175177765,12,5,2.3199534970626376,0.4428539476627153
Zm00001eb108620,chr2,216734256,height_cm,177.0,194.6,-17.599999999999994,0.15998707175177765,12,5,2.3199534970626376,0.4428539476627153
Zm00001eb108620,chr2,216734256,ear_ht_ratio,0.45333333333333337,0.5000000000000001,-0.046666666666666745,0.15998707175177765,12,5,2.3199534970626376,0.4355668387821306
Zm00001eb109880,chr2,219580380,DTA,71.125,68.5,2.625,0.26212590299277605,4,15,-2.6829275490183595,0.5499356120424811
Zm00001eb109880,chr2,219580380,height_cm,191.75,177.33333333333334,14.416666666666657,0.26212590299277605,4,15,-2.6829275490183595,0.5499356120424811
Zm00001eb109880,chr2,219580380,ear_ht_ratio,0.4925,0.45466666666666666,0.03783333333333333,0.27112183110639776,4,15,-2.6829275490183595,0.549795802355035
Zm00001eb113870,chr2,231497576,DTA,71.22727272727273,64.75,6.477272727272734,0.003070458952811894,11,6,-2.662415610472837,0.11805985552115582
Zm00001eb113870,chr2,231497576,height_cm,190.9090909090909,159.16666666666666,31.74242424242425,0.003070458952811894,11,6,-2.662415610472837,0.11805985552115582
Zm00001eb113870,chr2,231497576,ear_ht_ratio,0.49090909090909096,0.40833333333333327,0.08257575757575769,0.0056827051506369314,11,6,-2.662415610472837,0.20119851513836434
Zm00001eb113900,chr2,231633353,DTA,71.4,67.3,4.1000000000000085,0.05527805527805527,5,10,-2.2053015643042735,0.2983063194317975
Zm00001eb113900,chr2,231633353,height_cm,193.0,171.7,21.30000000000001,0.05527805527805527,5,10,-2.2053015643042735,0.2983063194317975
Zm00001eb113900,chr2,231633353,ear_ht_ratio,0.496,0.43899999999999995,0.05700000000000005,0.057426324333811174,5,10,-2.2053015643042735,0.30165119421532766
Zm00001eb115000,chr2,235230798,DTA,69.5,68.96875,0.53125,0.9576883384932922,3,16,3.363154782404735,0.9909907556182588
Zm00001eb115000,chr2,235230798,height_cm,182.33333333333334,180.0,2.333333333333343,0.9576883384932922,3,16,3.363154782404735,0.9909907556182588
Zm00001eb115000,chr2,235230798,ear_ht_ratio,0.4633333333333333,0.4625,0.0008333333333332971,1.0,3,16,3.363154782404735,1.0
Zm00001eb117460,chr2,240665648,DTA,71.21428571428571,67.79166666666667,3.422619047619037,0.10026196713503215,7,12,-3.3114651472125205,0.37819021800157204
Zm00001eb117460,chr2,240665648,height_cm,191.42857142857142,173.91666666666666,17.51190476190476,0.10026196713503215,7,12,-3.3114651472125205,0.37819021800157204
Zm00001eb117460,chr2,240665648,ear_ht_ratio,0.4900000000000001,0.4466666666666667,0.04333333333333339,0.10816456852241259,7,12,-3.3114651472125205,0.39371902942158177
Zm00001eb123270,chr3,13645592,DTA,69.4,70.08333333333333,-0.6833333333333229,0.7213962508080154,5,12,2.1331547323847975,0.8977375565610858
Zm00001eb123270,chr3,13645592,height_cm,183.0,185.58333333333334,-2.583333333333343,0.7213962508080154,5,12,2.1331547323847975,0.8977375565610858
Zm00001eb123270,chr3,13645592,ear_ht_ratio,0.466,0.4766666666666666,-0.010666666666666602,0.6731012107791359,5,12,2.1331547323847975,0.8634046902348246
Zm00001eb124200,chr3,17092334,DTA,70.875,67.72727272727273,3.1477272727272663,0.10865020772141516,8,11,3.919858817262583,0.389734667246629
Zm00001eb124200,chr3,17092334,height_cm,190.375,173.0909090909091,17.284090909090907,0.10865020772141516,8,11,3.919858817262583,0.389734667246629
Zm00001eb124200,chr3,17092334,ear_ht_ratio,0.48875,0.4436363636363637,0.0451136363636363,0.10720889237628882,8,11,3.919858817262583,0.39220137512531794
Zm00001eb127420,chr3,34672994,DTA,70.16666666666667,68.05,2.1166666666666742,0.30743416592739536,9,10,2.8313009384028605,0.588979138934589
Zm00001eb127420,chr3,34672994,height_cm,186.66666666666666,174.7,11.966666666666669,0.30743416592739536,9,10,2.8313009384028605,0.588979138934589
Zm00001eb127420,chr3,34672994,ear_ht_ratio,0.47777777777777775,0.449,0.028777777777777735,0.3072219093749886,9,10,2.8313009384028605,0.5921475646999501
Zm00001eb138110,chr3,136849723,DTA,70.38888888888889,67.85,2.5388888888888914,0.23644471557230384,9,10,-1.263909830112649,0.5231968174365872
Zm00001eb138110,chr3,136849723,height_cm,186.66666666666666,174.7,11.966666666666669,0.23644471557230384,9,10,-1.263909830112649,0.5231968174365872
Zm00001eb138110,chr3,136849723,ear_ht_ratio,0.48000000000000004,0.44699999999999995,0.033000000000000085,0.23623907359198515,9,10,-1.263909830112649,0.5180182095631481
Zm00001eb144320,chr3,170697399,DTA,66.16666666666667,70.38461538461539,-4.217948717948715,0.03648827952233525,6,13,3.130841108192741,0.2469518021633605
Zm00001eb144320,chr3,170697399,height_cm,165.83333333333334,187.07692307692307,-21.243589743589723,0.03648827952233525,6,13,3.130841108192741,0.2469518021633605
Zm00001eb144320,chr3,170697399,ear_ht_ratio,0.42500000000000004,0.48000000000000004,-0.05499999999999999,0.039208599902486825,6,13,3.130841108192741,0.26928170499066423
Zm00001eb149750,chr3,191054457,DTA,68.83333333333333,69.15384615384616,-0.3205128205128318,0.8982750995134897,6,13,3.470762782045816,0.9550561853850598
Zm00001eb149750,chr3,191054457,height_cm,178.83333333333334,181.07692307692307,-2.243589743589723,0.8982750995134897,6,13,3.470762782045816,0.9550561853850598
Zm00001eb149750,chr3,191054457,ear_ht_ratio,0.46166666666666667,0.4630769230769231,-0.0014102564102564386,0.9300799132772377,6,13,3.470762782045816,0.9798815873601
Zm00001eb152120,chr3,199143750,DTA,70.5,68.66666666666667,1.8333333333333286,0.5304437564499483,4,15,3.5931912782003255,0.7811432273291284
Zm00001eb152120,chr3,199143750,height_cm,187.5,178.46666666666667,9.033333333333331,0.5304437564499483,4,15,3.5931912782003255,0.7811432273291284
Zm00001eb152120,chr3,199143750,ear_ht_ratio,0.4775,0.45866666666666667,0.018833333333333313,0.5155079665505043,4,15,3.5931912782003255,0.7612369161232599
Zm00001eb153020,chr3,202471379,DTA,71.08333333333333,65.57142857142857,5.511904761904759,0.0037310470747003253,12,7,-2.0950216625681706,0.12346373956281076
Zm00001eb153020,chr3,202471379,height_cm,191.0,162.14285714285714,28.85714285714286,0.0037310470747003253,12,7,-2.0950216625681706,0.12346373956281076
Zm00001eb153020,chr3,202471379,ear_ht_ratio,0.4908333333333333,0.41428571428571426,0.07654761904761903,0.00526701068300629,12,7,-2.0950216625681706,0.20119851513836434
Zm00001eb153460,chr3,203762192,DTA,68.125,70.7,-2.575000000000003,0.3826761473820297,12,5,-3.7848065277793816,0.6632332154612904
Zm00001eb153460,chr3,203762192,height_cm,175.83333333333334,188.0,-12.166666666666657,0.3826761473820297,12,5,-3.7848065277793816,0.6632332154612904
Zm00001eb153460,chr3,203762192,ear_ht_ratio,0.4491666666666667,0.488,-0.038833333333333275,0.36997073562015004,12,5,-3.7848065277793816,0.6428131158268956
Zm00001eb153580,chr3,204399824,DTA,67.14285714285714,70.16666666666667,-3.0238095238095326,0.16734143049932523,7,12,1.862591488812747,0.4512020792722547
Zm00001eb153580,chr3,204399824,height_cm,171.85714285714286,185.33333333333334,-13.476190476190482,0.16734143049932523,7,12,1.862591488812747,0.4512020792722547
Zm00001eb153580,chr3,204399824,ear_ht_ratio,0.4385714285714286,0.47666666666666674,-0.038095238095238126,0.1629806968918196,7,12,1.862591488812747,0.4362130416810466
Zm00001eb153760,chr3,204800583,DTA,69.08333333333333,69.03846153846153,0.0448717948717956,0.9660916998378299,6,13,-1.9868312836539712,0.9909907556182588
Zm00001eb153760,chr3,204800583,height_cm,180.33333333333334,180.3846153846154,-0.051282051282043994,0.9660916998378299,6,13,-1.9868312836539712,0.9909907556182588
Zm00001eb153760,chr3,204800583,ear_ht_ratio,0.465,0.4615384615384616,0.003461538461538405,1.0,6,13,-1.9868312836539712,1.0
Zm00001eb159400,chr3,222949722,DTA,70.92857142857143,63.8,7.128571428571433,0.0001719986240110079,14,5,1.7755265048836455,0.06260749914000688
Zm00001eb159400,chr3,222949722,height_cm,190.35714285714286,152.4,37.957142857142856,0.0001719986240110079,14,5,1.7755265048836455,0.06260749914000688
Zm00001eb159400,chr3,222949722,ear_ht_ratio,0.48714285714285716,0.39399999999999996,0.0931428571428572,0.0013959788771255573,14,5,1.7755265048836455,0.20119851513836434
Zm00001eb159550,chr3,223345700,DTA,67.07142857142857,70.20833333333333,-3.136904761904759,0.14221640073033262,7,12,-2.041224938227776,0.4243177857855826
Zm00001eb159550,chr3,223345700,height_cm,171.0,185.83333333333334,-14.833333333333343,0.14221640073033262,7,12,-2.041224938227776,0.4243177857855826
Zm00001eb159550,chr3,223345700,ear_ht_ratio,0.4342857142857143,0.4791666666666667,-0.04488095238095241,0.12802278099244224,7,12,-2.041224938227776,0.3949177311970252
Zm00001eb161090,chr3,228195173,DTA,66.7,71.66666666666667,-4.966666666666669,0.016010990810517163,10,9,-1.882268508015435,0.20096553982856027
Zm00001eb161090,chr3,228195173,height_cm,168.5,193.55555555555554,-25.055555555555543,0.016010990810517163,10,9,-1.882268508015435,0.20096553982856027
Zm00001eb161090,chr3,228195173,ear_ht_ratio,0.434,0.49444444444444446,-0.06044444444444447,0.015964678265422288,10,9,-1.882268508015435,0.24117832688759241
Zm00001eb161610,chr3,229581278,DTA,66.08333333333333,70.42307692307692,-4.339743589743591,0.05771782397169394,6,13,1.8960871063937228,0.3067049332218481
Zm00001eb161610,chr3,229581278,height_cm,166.33333333333334,186.84615384615384,-20.512820512820497,0.05771782397169394,6,13,1.8960871063937228,0.3067049332218481
Zm00001eb161610,chr3,229581278,ear_ht_ratio,0.425,0.4799999999999999,-0.05499999999999994,0.053560454172478546,6,13,1.8960871063937228,0.30165119421532766
Zm00001eb163880,chr3,236713284,DTA,63.833333333333336,70.03125,-6.197916666666664,0.022703818369453045,3,16,-1.6116800895543422,0.21190230478156177
Zm00001eb163880,chr3,236713284,height_cm,154.0,185.3125,-31.3125,0.022703818369453045,3,16,-1.6116800895543422,0.21190230478156177
Zm00001eb163880,chr3,236713284,ear_ht_ratio,0.39666666666666667,0.475,-0.07833333333333331,0.029174311146392,3,16,-1.6116800895543422,0.25881739875756127
Zm00001eb173230,chr4,38328395,DTA,69.5,70.0,-0.5,0.8125257095845331,7,10,-3.241273396577517,0.9369073225055853
Zm00001eb173230,chr4,38328395,height_cm,183.28571428571428,184.9,-1.614285714285728,0.8125257095845331,7,10,-3.241273396577517,0.9369073225055853
Zm00001eb173230,chr4,38328395,ear_ht_ratio,0.4728571428571429,0.472,0.0008571428571429451,0.8071342818450981,7,10,-3.241273396577517,0.9386481744141076
Zm00001eb184420,chr4,140997057,DTA,68.5,70.0,-1.5,0.535841867111217,12,7,-1.9690909751485175,0.7811432273291284
Zm00001eb184420,chr4,140997057,height_cm,178.0,184.42857142857142,-6.428571428571416,0.535841867111217,12,7,-1.9690909751485175,0.7811432273291284
Zm00001eb184420,chr4,140997057,ear_ht_ratio,0.45583333333333337,0.47428571428571425,-0.018452380952380887,0.4987739310335031,12,7,-1.9690909751485175,0.756473795400813
Zm00001eb191640,chr4,177063328,DTA,69.28571428571429,68.91666666666667,0.3690476190476204,0.8369453044375644,7,12,1.9085448636469893,0.9369073225055853
Zm00001eb191640,chr4,177063328,height_cm,181.0,180.0,1.0,0.8369453044375644,7,12,1.9085448636469893,0.9369073225055853
Zm00001eb191640,chr4,177063328,ear_ht_ratio,0.4657142857142857,0.46083333333333326,0.00488095238095243,0.8325897513232108,7,12,1.9085448636469893,0.9416662930703876
Zm00001eb192630,chr4,179998271,DTA,68.6,69.21428571428571,-0.6142857142857139,0.7538699690402476,5,14,2.0988799051206235,0.9194420990086625
Zm00001eb192630,chr4,179998271,height_cm,178.6,181.0,-2.4000000000000057,0.7538699690402476,5,14,2.0988799051206235,0.9194420990086625
Zm00001eb192630,chr4,179998271,ear_ht_ratio,0.45599999999999996,0.46500000000000014,-0.009000000000000175,0.7811137440344249,5,14,2.0988799051206235,0.9216382587634706
Zm00001eb203840,chr4,230230774,DTA,71.3,66.55555555555556,4.74444444444444,0.02474467204639894,10,9,2.021757317443369,0.2169950456488302
Zm00001eb203840,chr4,230230774,height_cm,191.4,168.11111111111111,23.28888888888889,0.02474467204639894,10,9,2.021757317443369,0.2169950456488302
Zm00001eb203840,chr4,230230774,ear_ht_ratio,0.491,0.4311111111111111,0.05988888888888888,0.024681530728679537,10,9,2.021757317443369,0.24613910096546168
Zm00001eb207970,chr4,246091770,DTA,68.25,69.63636363636364,-1.3863636363636402,0.5998782778968538,8,11,1.0557784988231242,0.8146067975183978
Zm00001eb207970,chr4,246091770,height_cm,175.625,183.8181818181818,-8.193181818181813,0.5998782778968538,8,11,1.0557784988231242,0.8146067975183978
Zm00001eb207970,chr4,246091770,ear_ht_ratio,0.45125000000000004,0.47090909090909094,-0.019659090909090904,0.5912984261177405,8,11,1.0557784988231242,0.8091452146874345
Zm00001eb209100,chr4,248093954,DTA,67.2,69.61538461538461,-2.4153846153846104,0.44304388422035484,5,13,2.161064757111342,0.7118500232614879
Zm00001eb209100,chr4,248093954,height_cm,171.8,182.92307692307693,-11.123076923076923,0.44304388422035484,5,13,2.161064757111342,0.7118500232614879
Zm00001eb209100,chr4,248093954,ear_ht_ratio,0.43999999999999995,0.47,-0.030000000000000027,0.43011801871388233,5,13,2.161064757111342,0.6989945992089295
Zm00001eb213050,chr5,4631545,DTA,70.38461538461539,66.16666666666667,4.217948717948715,0.03648827952233525,13,6,2.251004547954921,0.2469518021633605
Zm00001eb213050,chr5,4631545,height_cm,186.53846153846155,167.0,19.538461538461547,0.03648827952233525,13,6,2.251004547954921,0.2469518021633605
Zm00001eb213050,chr5,4631545,ear_ht_ratio,0.48000000000000004,0.425,0.05500000000000005,0.035216248106423285,13,6,2.251004547954921,0.26430338785026963
Zm00001eb214630,chr5,7313087,DTA,68.8,69.14285714285714,-0.34285714285714164,0.7538699690402476,5,14,-3.4581827083427767,0.9194420990086625
Zm00001eb214630,chr5,7313087,height_cm,178.0,181.21428571428572,-3.2142857142857224,0.7538699690402476,5,14,-3.4581827083427767,0.9194420990086625
Zm00001eb214630,chr5,7313087,ear_ht_ratio,0.45600000000000007,0.46499999999999997,-0.008999999999999897,0.7458023306353709,5,14,-3.4581827083427767,0.9064175237104342
Zm00001eb216260,chr5,11366019,DTA,67.85,70.38888888888889,-2.5388888888888914,0.23644471557230384,10,9,-1.9821950667001171,0.5231968174365872
Zm00001eb216260,chr5,11366019,height_cm,173.9,187.55555555555554,-13.655555555555537,0.23644471557230384,10,9,-1.9821950667001171,0.5231968174365872
Zm00001eb216260,chr5,11366019,ear_ht_ratio,0.44499999999999995,0.4822222222222222,-0.03722222222222227,0.22046883962008057,10,9,-1.9821950667001171,0.49233532283257253
Zm00001eb217870,chr5,15259532,DTA,68.95454545454545,69.28571428571429,-0.33116883116883855,0.9999999999999999,11,7,3.923326174257188,1.0
Zm00001eb217870,chr5,15259532,height_cm,179.54545454545453,181.71428571428572,-2.16883116883119,0.9999999999999999,11,7,3.923326174257188,1.0
Zm00001eb217870,chr5,15259532,ear_ht_ratio,0.4636363636363637,0.4628571428571429,0.0007792207792207684,1.0,11,7,3.923326174257188,1.0
Zm00001eb218270,chr5,16163710,DTA,65.61111111111111,72.15,-6.538888888888891,0.0012590162631761442,9,10,1.4031557575826,0.10732714138286892
Zm00001eb218270,chr5,16163710,height_cm,163.33333333333334,195.7,-32.366666666666646,0.0012590162631761442,9,10,1.4031557575826,0.10732714138286892
Zm00001eb218270,chr5,16163710,ear_ht_ratio,0.41888888888888887,0.502,-0.08311111111111114,0.0012528053104636384,9,10,1.4031557575826,0.20119851513836434
Zm00001eb219260,chr5,19678594,DTA,67.44444444444444,70.5,-3.055555555555557,0.07917934957557052,9,10,2.4181354041796936,0.3507528566277494
Zm00001eb219260,chr5,19678594,height_cm,171.66666666666666,188.2,-16.53333333333333,0.07917934957557052,9,10,2.4181354041796936,0.3507528566277494
Zm00001eb219260,chr5,19678594,ear_ht_ratio,0.4411111111111111,0.48200000000000004,-0.04088888888888892,0.07904776203659059,9,10,2.4181354041796936,0.3435415854400074
Zm00001eb223240,chr5,36348038,DTA,70.33333333333333,68.8125,1.5208333333333286,0.6336429308565531,3,16,-4.424017322842078,0.8479633339403873
Zm00001eb223240,chr5,36348038,height_cm,186.66666666666666,179.1875,7.479166666666657,0.6336429308565531,3,16,-4.424017322842078,0.8479633339403873
Zm00001eb223240,chr5,36348038,ear_ht_ratio,0.48,0.459375,0.020625000000000004,0.6147279862195962,3,16,-4.424017322842078,0.8271052941162361
Zm00001eb227820,chr5,62145381,DTA,64.25,70.57692307692308,-6.32692307692308,0.0058823529411764705,4,13,2.282344077627493,0.1418015455614435
Zm00001eb227820,chr5,62145381,height_cm,156.25,188.0,-31.75,0.0058823529411764705,4,13,2.282344077627493,0.1418015455614435
Zm00001eb227820,chr5,62145381,ear_ht_ratio,0.40249999999999997,0.4815384615384615,-0.07903846153846156,0.012683403176171637,4,13,2.282344077627493,0.24117832688759241
Zm00001eb228660,chr5,66029051,DTA,69.4375,68.77272727272727,0.6647727272727337,0.7779894683919452,8,11,-1.667096797464452,0.9194420990086625
Zm00001eb228660,chr5,66029051,height_cm,180.625,180.1818181818182,0.443181818181813,0.7779894683919452,8,11,-1.667096797464452,0.9194420990086625
Zm00001eb228660,chr5,66029051,ear_ht_ratio,0.4675,0.45909090909090905,0.008409090909090977,0.7724820288450476,8,11,-1.667096797464452,0.9204041194749503
Zm00001eb233850,chr5,92095945,DTA,68.875,69.35714285714286,-0.4821428571428612,0.967135032150512,12,7,1.9864140091878009,0.9909907556182588
Zm00001eb233850,chr5,92095945,height_cm,179.5,181.85714285714286,-2.357142857142861,0.967135032150512,12,7,1.9864140091878009,0.9909907556182588
Zm00001eb233850,chr5,92095945,ear_ht_ratio,0.4608333333333334,0.46571428571428575,-0.004880952380952375,0.9662784709165981,12,7,1.9864140091878009,0.9992197824251186
Zm00001eb238000,chr5,142502511,DTA,69.81818181818181,68.0,1.818181818181813,0.4920219099785663,11,8,-2.1498615631079714,0.7518254163590122
Zm00001eb238000,chr5,142502511,height_cm,184.27272727272728,175.0,9.27272727272728,0.4920219099785663,11,8,-2.1498615631079714,0.7518254163590122
Zm00001eb238000,chr5,142502511,ear_ht_ratio,0.4709090909090909,0.45125,0.019659090909090904,0.5086968557661546,11,8,-2.1498615631079714,0.7612369161232599
Zm00001eb241520,chr5,166109809,DTA,72.0,68.26666666666667,3.7333333333333343,0.12435500515995872,4,15,2.556548502981683,0.39555365565443684
Zm00001eb241520,chr5,166109809,height_cm,195.5,176.33333333333334,19.166666666666657,0.12435500515995872,4,15,2.556548502981683,0.39555365565443684
Zm00001eb241520,chr5,166109809,ear_ht_ratio,0.5025,0.452,0.050499999999999934,0.12097832450833512,4,15,2.556548502981683,0.3949177311970252
Zm00001eb241810,chr5,167284817,DTA,68.5625,71.66666666666667,-3.1041666666666714,0.2538699690402477,16,3,-2.3548519731405695,0.5451838863165201
Zm00001eb241810,chr5,167284817,height_cm,177.9375,193.33333333333334,-15.395833333333343,0.2538699690402477,16,3,-2.3548519731405695,0.5451838863165201
Zm00001eb241810,chr5,167284817,ear_ht_ratio,0.45625,0.49666666666666665,-0.040416666666666656,0.24021446321735773,16,3,-2.3548519731405695,0.5235812252162767
Zm00001eb241920,chr5,168023778,DTA,70.41666666666667,68.42307692307692,1.9935897435897516,0.32286598850066345,6,13,-1.2653464595362245,0.6073551411588708
Zm00001eb241920,chr5,168023778,height_cm,186.16666666666666,177.69230769230768,8.474358974358978,0.32286598850066345,6,13,-1.2653464595362245,0.6073551411588708
Zm00001eb241920,chr5,168023778,ear_ht_ratio,0.47833333333333333,0.4553846153846154,0.022948717948717945,0.31294615280125626,6,13,-1.2653464595362245,0.5932937480190483
Zm00001eb257390,chr5,221117231,DTA,70.3,68.1875,2.112499999999997,0.5236985236985237,5,8,2.3146076263908677,0.7811432273291284
Zm00001eb257390,chr5,221117231,height_cm,187.0,175.625,11.375,0.5236985236985237,5,8,2.3146076263908677,0.7811432273291284
Zm00001eb257390,chr5,221117231,ear_ht_ratio,0.48,0.45125000000000004,0.028749999999999942,0.5236985236985237,5,8,2.3146076263908677,0.7702071217222731
Zm00001eb259140,chr5,224510508,DTA,69.15384615384616,68.3,0.8538461538461632,0.6330532212885154,13,5,1.6340462164675218,0.8479633339403873
Zm00001eb259140,chr5,224510508,height_cm,180.92307692307693,176.6,4.32307692307694,0.6330532212885154,13,5,1.6340462164675218,0.8479633339403873
Zm00001eb259140,chr5,224510508,ear_ht_ratio,0.4653846153846154,0.45,0.015384615384615385,0.6219288096995232,13,5,1.6340462164675218,0.8307599513050512
Zm00001eb267380,chr6,50584394,DTA,68.36363636363636,70.0,-1.6363636363636402,0.4920219099785663,11,8,4.525144469814204,0.7518254163590122
Zm00001eb267380,chr6,50584394,height_cm,177.45454545454547,184.375,-6.9204545454545325,0.4920219099785663,11,8,4.525144469814204,0.7518254163590122
Zm00001eb267380,chr6,50584394,ear_ht_ratio,0.45363636363636367,0.475,-0.021363636363636307,0.5086968557661546,11,8,4.525144469814204,0.7612369161232599
Zm00001eb269310,chr6,71518134,DTA,71.33333333333333,68.625,2.7083333333333286,0.35913312693498456,3,16,-2.1641728756155523,0.6422355038271993
Zm00001eb269310,chr6,71518134,height_cm,191.33333333333334,178.3125,13.020833333333343,0.35913312693498456,3,16,-2.1641728756155523,0.6422355038271993
Zm00001eb269310,chr6,71518134,ear_ht_ratio,0.49,0.4575,0.03249999999999997,0.3417333431283247,3,16,-2.1641728756155523,0.6195484030203658
Zm00001eb270660,chr6,82204827,DTA,70.9,66.4375,4.462500000000006,0.03427944604415192,10,8,-2.357363701868566,0.2469518021633605
Zm00001eb270660,chr6,82204827,height_cm,189.5,167.5,22.0,0.03427944604415192,10,8,-2.357363701868566,0.2469518021633605
Zm00001eb270660,chr6,82204827,ear_ht_ratio,0.48600000000000004,0.43000000000000005,0.055999999999999994,0.036697998469861874,10,8,-2.357363701868566,0.26928170499066423
Zm00001eb278070,chr6,117591379,DTA,74.33333333333333,68.0625,6.270833333333329,0.014447884416924664,3,16,-1.5037420375863468,0.198453959538135
Zm00001eb278070,chr6,117591379,height_cm,206.66666666666666,175.4375,31.229166666666657,0.014447884416924664,3,16,-1.5037420375863468,0.198453959538135
Zm00001eb278070,chr6,117591379,ear_ht_ratio,0.5366666666666667,0.44875,0.08791666666666675,0.021849410408045947,3,16,-1.5037420375863468,0.24117832688759241
Zm00001eb282960,chr6,138884889,DTA,69.7,68.42307692307692,1.276923076923083,0.5028011204481793,5,13,1.343075589730851,0.7641737279462933
Zm00001eb282960,chr6,138884889,height_cm,185.0,176.69230769230768,8.30769230769232,0.5028011204481793,5,13,1.343075589730851,0.7641737279462933
Zm00001eb282960,chr6,138884889,ear_ht_ratio,0.47000000000000003,0.45461538461538464,0.015384615384615385,0.521487506941746,5,13,1.343075589730851,0.7685079049667835
Zm00001eb287610,chr6,156454369,DTA,67.72222222222223,70.25,-2.5277777777777715,0.2056671796173556,9,10,-3.203902110132901,0.48500999333777484
Zm00001eb287610,chr6,156454369,height_cm,174.44444444444446,185.7,-11.255555555555532,0.2056671796173556,9,10,-3.203902110132901,0.48500999333777484
Zm00001eb287610,chr6,156454369,ear_ht_ratio,0.4444444444444444,0.479,-0.03455555555555556,0.20546828319838173,9,10,-3.203902110132901,0.47486003228070445
Zm00001eb288130,chr6,158295494,DTA,67.58333333333333,69.29166666666667,-1.7083333333333428,0.49364361129067014,6,12,2.150577722344607,0.7518254163590122
Zm00001eb288130,chr6,158295494,height_cm,172.83333333333334,181.66666666666666,-8.833333333333314,0.49364361129067014,6,12,2.150577722344607,0.7518254163590122
Zm00001eb288130,chr6,158295494,ear_ht_ratio,0.44166666666666665,0.4658333333333333,-0.02416666666666667,0.4534621741045368,6,12,2.150577722344607,0.7213090889975152
Zm00001eb289530,chr6,162420882,DTA,68.0,70.0,-2.0,0.437942822899974,9,10,2.2084959121108656,0.7118500232614879
Zm00001eb289530,chr6,162420882,height_cm,175.44444444444446,184.8,-9.355555555555554,0.437942822899974,9,10,2.2084959121108656,0.7118500232614879
Zm00001eb289530,chr6,162420882,ear_ht_ratio,0.44999999999999996,0.4739999999999999,-0.023999999999999966,0.41401133716591176,9,10,2.2084959121108656,0.6819010259203253
Zm00001eb293310,chr6,171169950,DTA,69.8,68.78571428571429,1.0142857142857054,0.6867905056759546,5,14,-2.6627355488071776,0.8725715325167451
Zm00001eb293310,chr6,171169950,height_cm,182.8,179.5,3.3000000000000114,0.6867905056759546,5,14,-2.6627355488071776,0.8725715325167451
Zm00001eb293310,chr6,171169950,ear_ht_ratio,0.4699999999999999,0.46,0.009999999999999898,0.6768233178045968,5,14,-2.6627355488071776,0.8634046902348246
Zm00001eb295120,chr6,174632784,DTA,68.875,69.16666666666667,-0.2916666666666714,0.8916181857358327,12,6,1.8619740594255063,0.9550561853850598
Zm00001eb295120,chr6,174632784,height_cm,180.33333333333334,179.66666666666666,0.6666666666666856,0.8916181857358327,12,6,1.8619740594255063,0.9550561853850598
Zm00001eb295120,chr6,174632784,ear_ht_ratio,0.46166666666666667,0.4633333333333333,-0.0016666666666666496,0.8882172187345627,12,6,1.8619740594255063,0.9549504898208954
Zm00001eb295170,chr6,174715533,DTA,71.4,68.21428571428571,3.1857142857142975,0.18593051255589957,5,14,1.8153955865546871,0.4635527847284071
Zm00001eb295170,chr6,174715533,height_cm,192.0,176.21428571428572,15.785714285714278,0.18593051255589957,5,14,1.8153955865546871,0.4635527847284071
Zm00001eb295170,chr6,174715533,ear_ht_ratio,0.492,0.4521428571428571,0.03985714285714287,0.1947285778772193,5,14,1.8153955865546871,0.4678627217644081
Zm00001eb301490,chr7,10735160,DTA,71.5,67.92307692307692,3.57692307692308,0.08742444346159517,6,13,1.9410855150564548,0.3616192888638709
Zm00001eb301490,chr7,10735160,height_cm,193.33333333333334,174.3846153846154,18.948717948717956,0.08742444346159517,6,13,1.9410855150564548,0.3616192888638709
Zm00001eb301490,chr7,10735160,ear_ht_ratio,0.49666666666666676,0.446923076923077,0.04974358974358978,0.09548625200538352,6,13,1.9410855150564548,0.3761102895141804
Zm00001eb309560,chr7,89397106,DTA,69.44444444444444,68.7,0.74444444444444,0.6533789106936937,9,10,-3.520578909038956,0.8531033641213936
Zm00001eb309560,chr7,89397106,height_cm,182.22222222222223,178.7,3.52222222222224,0.6533789106936937,9,10,-3.520578909038956,0.8531033641213936
Zm00001eb309560,chr7,89397106,ear_ht_ratio,0.46888888888888897,0.457,0.011888888888888949,0.6532367441100604,9,10,-3.520578909038956,0.847694028007351
Zm00001eb315000,chr7,131670304,DTA,66.0,69.86666666666666,-3.86666666666666,0.12435500515995872,4,15,2.7010650497920357,0.39555365565443684
Zm00001eb315000,chr7,131670304,height_cm,165.75,184.26666666666668,-18.51666666666668,0.12435500515995872,4,15,2.7010650497920357,0.39555365565443684
Zm00001eb315000,chr7,131670304,ear_ht_ratio,0.4225,0.47333333333333344,-0.05083333333333345,0.12097832450833512,4,15,2.7010650497920357,0.3949177311970252
Zm00001eb316080,chr7,136093429,DTA,67.95454545454545,70.57142857142857,-2.616883116883116,0.2854449472096531,11,7,1.9045320392958296,0.5772331154684095
Zm00001eb316080,chr7,136093429,height_cm,175.0,188.14285714285714,-13.142857142857139,0.2854449472096531,11,7,1.9045320392958296,0.5772331154684095
Zm00001eb316080,chr7,136093429,ear_ht_ratio,0.44818181818181824,0.4842857142857143,-0.03610389610389608,0.2768771188294107,11,7,1.9045320392958296,0.5583560734288393
Zm00001eb316700,chr7,138416698,DTA,65.5,70.32142857142857,-4.821428571428569,0.019435844513243893,5,14,-3.1490789213321686,0.21032863849765257
Zm00001eb316700,chr7,138416698,height_cm,163.0,186.57142857142858,-23.571428571428584,0.019435844513243893,5,14,-3.1490789213321686,0.21032863849765257
Zm00001eb316700,chr7,138416698,ear_ht_ratio,0.418,0.47857142857142865,-0.060571428571428665,0.02325283854788415,5,14,-3.1490789213321686,0.24182952089799514
Zm00001eb317810,chr7,143100402,DTA,68.23333333333333,72.125,-3.8916666666666657,0.12435500515995872,15,4,2.763468427589063,0.39555365565443684
Zm00001eb317810,chr7,143100402,height_cm,176.6,194.5,-17.900000000000006,0.12435500515995872,15,4,2.763468427589063,0.39555365565443684
Zm00001eb317810,chr7,143100402,ear_ht_ratio,0.45266666666666666,0.5,-0.04733333333333334,0.12097832450833512,15,4,2.763468427589063,0.3949177311970252
Zm00001eb320580,chr7,152271809,DTA,70.6875,67.86363636363636,2.8238636363636402,0.15175570903125082,8,11,-2.132742940570341,0.4301717825004672
Zm00001eb320580,chr7,152271809,height_cm,188.125,174.72727272727272,13.39772727272728,0.15175570903125082,8,11,-2.132742940570341,0.4301717825004672
Zm00001eb320580,chr7,152271809,ear_ht_ratio,0.485,0.4463636363636363,0.03863636363636369,0.14827563704745536,8,11,-2.132742940570341,0.4230847178954348
Zm00001eb321330,chr7,154612148,DTA,70.91666666666667,68.1923076923077,2.724358974358978,0.21001031991744068,6,13,2.1201122687053937,0.48500999333777484
Zm00001eb321330,chr7,154612148,height_cm,189.33333333333334,176.23076923076923,13.102564102564116,0.21001031991744068,6,13,2.1201122687053937,0.48500999333777484
Zm00001eb321330,chr7,154612148,ear_ht_ratio,0.49,0.45000000000000007,0.039999999999999925,0.18811886265201128,6,13,2.1201122687053937,0.4626211093263977
Zm00001eb322430,chr7,161258452,DTA,66.83333333333333,69.46875,-2.6354166666666714,0.35913312693498456,3,16,-1.820101042836913,0.6422355038271993
Zm00001eb322430,chr7,161258452,height_cm,167.33333333333334,182.8125,-15.479166666666657,0.35913312693498456,3,16,-1.820101042836913,0.6422355038271993
Zm00001eb322430,chr7,161258452,ear_ht_ratio,0.43333333333333335,0.468125,-0.034791666666666665,0.3417333431283247,3,16,-1.820101042836913,0.6195484030203658
Zm00001eb322850,chr7,162616610,DTA,68.6875,69.31818181818181,-0.630681818181813,0.7779894683919452,8,11,2.258611268748007,0.9194420990086625
Zm00001eb322850,chr7,162616610,height_cm,179.125,181.27272727272728,-2.1477272727272805,0.7779894683919452,8,11,2.258611268748007,0.9194420990086625
Zm00001eb322850,chr7,162616610,ear_ht_ratio,0.4575,0.46636363636363637,-0.008863636363636351,0.7410719877127986,8,11,2.258611268748007,0.9052020252599285
Zm00001eb322940,chr7,162807470,DTA,67.57142857142857,69.91666666666667,-2.345238095238102,0.2614114471699611,7,12,-1.6639237476891189,0.5499356120424811
Zm00001eb322940,chr7,162807470,height_cm,172.14285714285714,185.16666666666666,-13.023809523809518,0.2614114471699611,7,12,-1.6639237476891189,0.5499356120424811
Zm00001eb322940,chr7,162807470,ear_ht_ratio,0.43999999999999995,0.47583333333333333,-0.035833333333333384,0.25367896707840065,7,12,-1.6639237476891189,0.5359870410351422
Zm00001eb324270,chr7,166654451,DTA,71.5,67.92307692307692,3.57692307692308,0.08742444346159517,6,13,2.854351666684522,0.3616192888638709
Zm00001eb324270,chr7,166654451,height_cm,192.5,174.76923076923077,17.730769230769226,0.08742444346159517,6,13,2.854351666684522,0.3616192888638709
Zm00001eb324270,chr7,166654451,ear_ht_ratio,0.49333333333333335,0.44846153846153847,0.04487179487179488,0.08707857514516018,6,13,2.854351666684522,0.3601886517367989
Zm00001eb325750,chr7,170356482,DTA,69.57692307692308,67.91666666666667,1.6602564102564088,0.3676102019755271,13,6,1.9537764372555293,0.6495636578596692
Zm00001eb325750,chr7,170356482,height_cm,182.84615384615384,175.0,7.84615384615384,0.3676102019755271,13,6,1.9537764372555293,0.6495636578596692
Zm00001eb325750,chr7,170356482,ear_ht_ratio,0.4707692307692308,0.44500000000000006,0.02576923076923071,0.3344510359757933,13,6,1.9537764372555293,0.6195428859806044
Zm00001eb327790,chr7,175487307,DTA,70.58333333333333,68.34615384615384,2.237179487179489,0.2818074598260357,6,13,1.5809303343430303,0.5714647096193705
Zm00001eb327790,chr7,175487307,height_cm,188.66666666666666,176.53846153846155,12.12820512820511,0.2818074598260357,6,13,1.5809303343430303,0.5714647096193705
Zm00001eb327790,chr7,175487307,ear_ht_ratio,0.48500000000000004,0.4523076923076923,0.03269230769230774,0.2923723711139692,6,13,1.5809303343430303,0.5759368730227794
Zm00001eb329780,chr7,180169307,DTA,68.85714285714286,68.35,0.5071428571428669,0.8867749897161661,7,10,-2.548671317761873,0.9550561853850598
Zm00001eb329780,chr7,180169307,height_cm,178.85714285714286,177.5,1.3571428571428612,0.8867749897161661,7,10,-2.548671317761873,0.9550561853850598
Zm00001eb329780,chr7,180169307,ear_ht_ratio,0.4585714285714286,0.45499999999999996,0.0035714285714286143,0.8835465897948164,7,10,-2.548671317761873,0.9549504898208954
Zm00001eb331960,chr7,184734845,DTA,67.5,69.46666666666667,-1.9666666666666686,0.5304437564499483,4,15,7.313591831593177,0.7811432273291284
Zm00001eb331960,chr7,184734845,height_cm,173.25,182.26666666666668,-9.01666666666668,0.5304437564499483,4,15,7.313591831593177,0.7811432273291284
Zm00001eb331960,chr7,184734845,ear_ht_ratio,0.445,0.4673333333333333,-0.022333333333333316,0.5483307525287483,4,15,7.313591831593177,0.7811835378491757
Zm00001eb333100,chr8,3885807,DTA,69.33333333333333,68.92307692307692,0.4102564102564088,0.8982750995134897,6,13,1.9944068305931155,0.9550561853850598
Zm00001eb333100,chr8,3885807,height_cm,180.33333333333334,180.3846153846154,-0.051282051282043994,0.8982750995134897,6,13,1.9944068305931155,0.9550561853850598
Zm00001eb333100,chr8,3885807,ear_ht_ratio,0.465,0.46153846153846156,0.0034615384615384603,0.8952876797752769,6,13,1.9944068305931155,0.9549504898208954
Zm00001eb335350,chr8,13195128,DTA,68.55,69.61111111111111,-1.0611111111111171,0.5402913746074198,10,9,-2.1145856324838888,0.7819724069864844
Zm00001eb335350,chr8,13195128,height_cm,177.5,183.55555555555554,-6.055555555555543,0.5402913746074198,10,9,-2.1145856324838888,0.7819724069864844
Zm00001eb335350,chr8,13195128,ear_ht_ratio,0.45499999999999996,0.47111111111111115,-0.016111111111111187,0.5401136118719447,10,9,-2.1145856324838888,0.7755477503802284
Zm00001eb335640,chr8,14008624,DTA,69.22727272727273,68.57142857142857,0.6558441558441643,0.8601055806938159,11,7,-2.086773530985622,0.9550561853850598
Zm00001eb335640,chr8,14008624,height_cm,181.27272727272728,178.28571428571428,2.987012987013003,0.8601055806938159,11,7,-2.086773530985622,0.9550561853850598
Zm00001eb335640,chr8,14008624,ear_ht_ratio,0.4636363636363637,0.46,0.0036363636363636598,0.8918843851859016,11,7,-2.086773530985622,0.9549504898208954
Zm00001eb336310,chr8,16571666,DTA,71.7,68.10714285714286,3.5928571428571416,0.129858961128311,5,14,-2.0356181013936263,0.39555365565443684
Zm00001eb336310,chr8,16571666,height_cm,193.6,175.64285714285714,17.957142857142856,0.129858961128311,5,14,-2.0356181013936263,0.39555365565443684
Zm00001eb336310,chr8,16571666,ear_ht_ratio,0.4959999999999999,0.45071428571428573,0.04528571428571415,0.12644461997433226,5,14,-2.0356181013936263,0.3949177311970252
Zm00001eb339310,chr8,29624422,DTA,69.85,67.4375,2.4124999999999943,0.17281411399058458,10,8,-1.8100285930152655,0.4608081675492582
Zm00001eb339310,chr8,29624422,height_cm,184.7,171.875,12.824999999999989,0.17281411399058458,10,8,-1.8100285930152655,0.4608081675492582
Zm00001eb339310,chr8,29624422,ear_ht_ratio,0.4720000000000001,0.4425,0.02950000000000008,0.18237655833280264,10,8,-1.8100285930152655,0.45625475761608353
Zm00001eb343490,chr8,69576856,DTA,69.27272727272727,68.75,0.5227272727272663,0.8403852769177846,11,8,-2.5924416296542545,0.9369073225055853
Zm00001eb343490,chr8,69576856,height_cm,180.45454545454547,180.25,0.20454545454546746,0.8403852769177846,11,8,-2.5924416296542545,0.9369073225055853
Zm00001eb343490,chr8,69576856,ear_ht_ratio,0.4627272727272728,0.4625,0.00022727272727279813,0.8363837241706827,11,8,-2.5924416296542545,0.9416662930703876
Zm00001eb344340,chr8,74212102,DTA,71.0,67.55555555555556,3.444444444444443,0.09073426573426574,7,9,2.3683562503991604,0.3694568879203157
Zm00001eb344340,chr8,74212102,height_cm,190.28571428571428,173.0,17.285714285714278,0.09073426573426574,7,9,2.3683562503991604,0.3694568879203157
Zm00001eb344340,chr8,74212102,ear_ht_ratio,0.48857142857142855,0.44222222222222224,0.04634920634920631,0.1006103755756529,7,9,2.3683562503991604,0.3795044218604938
Zm00001eb356280,chr8,138992533,DTA,70.875,66.07142857142857,4.803571428571431,0.028904428904428903,8,7,-2.668331204954375,0.2287220026350461
Zm00001eb356280,chr8,138992533,height_cm,189.625,165.71428571428572,23.910714285714278,0.028904428904428903,8,7,-2.668331204954375,0.2287220026350461
Zm00001eb356280,chr8,138992533,ear_ht_ratio,0.48750000000000004,0.4228571428571429,0.06464285714285717,0.032123288296735025,8,7,-2.668331204954375,0.2598417097780344
Zm00001eb357970,chr8,146144410,DTA,70.58333333333333,68.34615384615384,2.237179487179489,0.3676102019755271,6,13,2.293064242532769,0.6495636578596692
Zm00001eb357970,chr8,146144410,height_cm,187.5,177.07692307692307,10.423076923076934,0.3676102019755271,6,13,2.293064242532769,0.6495636578596692
Zm00001eb357970,chr8,146144410,ear_ht_ratio,0.4833333333333334,0.45307692307692304,0.03025641025641035,0.3568859426433526,6,13,2.293064242532769,0.627567551314881
Zm00001eb360250,chr8,154494525,DTA,68.11111111111111,70.5625,-2.4513888888888857,0.2765939942410531,9,8,-2.1140533884354262,0.5656191792345131
Zm00001eb360250,chr8,154494525,height_cm,175.88888888888889,188.375,-12.486111111111114,0.2765939942410531,9,8,-2.1140533884354262,0.5656191792345131
Zm00001eb360250,chr8,154494525,ear_ht_ratio,0.4511111111111111,0.4825,-0.03138888888888891,0.28954300792784626,9,8,-2.1140533884354262,0.5747921483600478
Zm00001eb360260,chr8,154506381,DTA,71.125,68.5,2.625,0.3570691434468524,4,15,2.5420296378071634,0.6418428059982927
Zm00001eb360260,chr8,154506381,height_cm,190.75,177.6,13.150000000000006,0.3570691434468524,4,15,2.5420296378071634,0.6418428059982927
Zm00001eb360260,chr8,154506381,ear_ht_ratio,0.49,0.4553333333333334,0.03466666666666657,0.31709815970625277,4,15,2.5420296378071634,0.5965050652872145
Zm00001eb360390,chr8,154951178,DTA,70.6875,67.86363636363636,2.8238636363636402,0.15175570903125082,8,11,1.8816870182450085,0.4301717825004672
Zm00001eb360390,chr8,154951178,height_cm,189.375,173.8181818181818,15.556818181818187,0.15175570903125082,8,11,1.8816870182450085,0.4301717825004672
Zm00001eb360390,chr8,154951178,ear_ht_ratio,0.4875,0.4445454545454546,0.04295454545454541,0.137027119452334,8,11,1.8816870182450085,0.41275091035142897
Zm00001eb365940,chr8,171206073,DTA,65.85714285714286,71.4375,-5.580357142857139,0.020512820512820513,7,8,2.272348125964605,0.21032863849765257
Zm00001eb365940,chr8,171206073,height_cm,164.85714285714286,191.625,-26.76785714285714,0.020512820512820513,7,8,2.272348125964605,0.21032863849765257
Zm00001eb365940,chr8,171206073,ear_ht_ratio,0.42142857142857143,0.49375,-0.07232142857142859,0.020512820512820513,7,8,2.272348125964605,0.24117832688759241
Zm00001eb366050,chr8,171368481,DTA,68.5,69.66666666666667,-1.1666666666666714,0.5956108994757296,10,9,2.5632794191115544,0.8146067975183978
Zm00001eb366050,chr8,171368481,height_cm,177.0,184.11111111111111,-7.111111111111114,0.5956108994757296,10,9,2.5632794191115544,0.8146067975183978
Zm00001eb366050,chr8,171368481,ear_ht_ratio,0.45500000000000007,0.47111111111111115,-0.016111111111111076,0.5674585271954133,10,9,2.5632794191115544,0.8006004027098079
Zm00001eb370290,chr8,179616196,DTA,68.5,69.25,-0.75,0.7538699690402476,5,14,-1.07472545154466,0.9194420990086625
Zm00001eb370290,chr8,179616196,height_cm,177.0,181.57142857142858,-4.571428571428584,0.7538699690402476,5,14,-1.07472545154466,0.9194420990086625
Zm00001eb370290,chr8,179616196,ear_ht_ratio,0.45199999999999996,0.46642857142857147,-0.014428571428571513,0.711017000465527,5,14,-1.07472545154466,0.8833112224213372
Zm00001eb370850,chr8,180764165,DTA,69.7,68.33333333333333,1.3666666666666742,0.3912672792826394,10,9,-2.325544764162936,0.6655703763715685
Zm00001eb370850,chr8,180764165,height_cm,184.0,176.33333333333334,7.666666666666657,0.3912672792826394,10,9,-2.325544764162936,0.6655703763715685
Zm00001eb370850,chr8,180764165,ear_ht_ratio,0.4710000000000001,0.45333333333333337,0.01766666666666672,0.39105942382077086,10,9,-2.325544764162936,0.6651664965923392
Zm00001eb371200,chr8,181730167,DTA,72.21428571428571,67.20833333333333,5.00595238095238,0.012979280781138367,7,12,-2.5344946963916644,0.198453959538135
Zm00001eb371200,chr8,181730167,height_cm,195.71428571428572,171.41666666666666,24.297619047619065,0.012979280781138367,7,12,-2.5344946963916644,0.198453959538135
Zm00001eb371200,chr8,181730167,ear_ht_ratio,0.5057142857142857,0.43750000000000006,0.06821428571428562,0.0159635965629785,7,12,-2.5344946963916644,0.24117832688759241
Zm00001eb373580,chr9,10774790,DTA,69.0,69.0909090909091,-0.09090909090909349,0.8403852769177846,8,11,1.6602529183513337,0.9369073225055853
Zm00001eb373580,chr9,10774790,height_cm,179.25,181.1818181818182,-1.931818181818187,0.8403852769177846,8,11,1.6602529183513337,0.9369073225055853
Zm00001eb373580,chr9,10774790,ear_ht_ratio,0.45999999999999996,0.4645454545454546,-0.00454545454545463,0.8363837241706827,8,11,1.6602529183513337,0.9416662930703876
Zm00001eb374160,chr9,13058820,DTA,67.54545454545455,71.125,-3.5795454545454533,0.07541478129713425,11,8,2.633921684721882,0.34100596760443314
Zm00001eb374160,chr9,13058820,height_cm,172.72727272727272,190.875,-18.14772727272728,0.07541478129713425,11,8,2.633921684721882,0.34100596760443314
Zm00001eb374160,chr9,13058820,ear_ht_ratio,0.44181818181818183,0.49124999999999996,-0.04943181818181813,0.07571920054214419,11,8,2.633921684721882,0.3427405693979986
Zm00001eb377470,chr9,22676829,DTA,74.375,67.63333333333334,6.74166666666666,0.0010319917440660474,4,15,-3.041410938030894,0.10732714138286892
Zm00001eb377470,chr9,22676829,height_cm,207.0,173.26666666666668,33.73333333333332,0.0010319917440660474,4,15,-3.041410938030894,0.10732714138286892
Zm00001eb377470,chr9,22676829,ear_ht_ratio,0.5375000000000001,0.44266666666666665,0.09483333333333344,0.004354760294628096,4,15,-3.041410938030894,0.20119851513836434
Zm00001eb378810,chr9,27588012,DTA,66.5,69.53125,-3.03125,0.2538699690402477,3,16,3.006792439729751,0.5451838863165201
Zm00001eb378810,chr9,27588012,height_cm,168.33333333333334,182.625,-14.291666666666657,0.2538699690402477,3,16,3.006792439729751,0.5451838863165201
Zm00001eb378810,chr9,27588012,ear_ht_ratio,0.4266666666666667,0.469375,-0.04270833333333329,0.21855590775955924,3,16,3.006792439729751,0.49233532283257253
Zm00001eb379950,chr9,34000550,DTA,71.5,67.92307692307692,3.57692307692308,0.12737726669615215,6,13,2.0105873563987866,0.39555365565443684
Zm00001eb379950,chr9,34000550,height_cm,191.66666666666666,175.15384615384616,16.512820512820497,0.12737726669615215,6,13,2.0105873563987866,0.39555365565443684
Zm00001eb379950,chr9,34000550,ear_ht_ratio,0.49333333333333335,0.44846153846153847,0.04487179487179488,0.12465488235319722,6,13,2.0105873563987866,0.3949177311970252
Zm00001eb381470,chr9,46397613,DTA,70.6,67.33333333333333,3.2666666666666657,0.09416637543787974,10,9,-2.0357283788875327,0.3720190779014309
Zm00001eb381470,chr9,46397613,height_cm,188.0,171.88888888888889,16.111111111111114,0.09416637543787974,10,9,-2.0357283788875327,0.3720190779014309
Zm00001eb381470,chr9,46397613,ear_ht_ratio,0.48200000000000004,0.4411111111111111,0.04088888888888892,0.10231978735125255,10,9,-2.0357283788875327,0.38199387277800956
Zm00001eb384110,chr9,74126238,DTA,70.41666666666667,68.42307692307692,1.9935897435897516,0.41552410437859355,6,13,2.728481723734669,0.687503518153673
Zm00001eb384110,chr9,74126238,height_cm,187.16666666666666,177.23076923076923,9.93589743589743,0.41552410437859355,6,13,2.728481723734669,0.687503518153673
Zm00001eb384110,chr9,74126238,ear_ht_ratio,0.47833333333333333,0.4553846153846154,0.022948717948717945,0.4045228859522929,6,13,2.728481723734669,0.6723576734549527
Zm00001eb385450,chr9,88034220,DTA,70.1,68.5,1.5999999999999943,0.6460892049127342,5,12,-2.048481055420191,0.8531033641213936
Zm00001eb385450,chr9,88034220,height_cm,184.8,178.16666666666666,6.633333333333354,0.6460892049127342,5,12,-2.048481055420191,0.8531033641213936
Zm00001eb385450,chr9,88034220,ear_ht_ratio,0.472,0.4566666666666667,0.015333333333333254,0.6350488894517347,5,12,-2.048481055420191,0.8380066287617491
Zm00001eb386220,chr9,94270267,DTA,67.83333333333333,69.14285714285714,-1.3095238095238102,0.5088235294117647,3,14,2.353208614460676,0.7697095435684649
Zm00001eb386220,chr9,94270267,height_cm,173.33333333333334,181.07142857142858,-7.738095238095241,0.5088235294117647,3,14,2.353208614460676,0.7697095435684649
Zm00001eb386220,chr9,94270267,ear_ht_ratio,0.44,0.46428571428571436,-0.024285714285714355,0.4880837519950719,3,14,2.353208614460676,0.7496307414607856
Zm00001eb387030,chr9,99581548,DTA,64.25,70.33333333333333,-6.083333333333329,0.009287925696594427,4,15,-1.5148667115096182,0.16731316124388088
Zm00001eb387030,chr9,99581548,height_cm,156.25,186.8,-30.55000000000001,0.009287925696594427,4,15,-1.5148667115096182,0.16731316124388088
Zm00001eb387030,chr9,99581548,ear_ht_ratio,0.40249999999999997,0.4786666666666667,-0.07616666666666672,0.01634795401983238,4,15,-1.5148667115096182,0.24117832688759241
Zm00001eb393660,chr9,131018319,DTA,72.75,68.06666666666666,4.683333333333337,0.062435500515995876,4,15,-4.155709293425091,0.31785345717234265
Zm00001eb393660,chr9,131018319,height_cm,197.5,175.8,21.69999999999999,0.062435500515995876,4,15,-4.155709293425091,0.31785345717234265
Zm00001eb393660,chr9,131018319,ear_ht_ratio,0.51,0.45000000000000007,0.05999999999999994,0.06419661307120568,4,15,-4.155709293425091,0.3164580814151705
Zm00001eb395470,chr9,139156708,DTA,66.6,69.63636363636364,-3.036363636363646,0.22115384615384617,5,11,3.936818185586951,0.503125
Zm00001eb395470,chr9,139156708,height_cm,168.8,183.0,-14.199999999999989,0.22115384615384617,5,11,3.936818185586951,0.503125
Zm00001eb395470,chr9,139156708,ear_ht_ratio,0.43000000000000005,0.47,-0.039999999999999925,0.19231074098707945,5,11,3.936818185586951,0.4666740647953128
Zm00001eb396060,chr9,141202033,DTA,68.375,70.21428571428571,-1.8392857142857082,0.34023973962054455,12,7,-2.8374729660761338,0.6314639913260441
Zm00001eb396060,chr9,141202033,height_cm,177.0,186.14285714285714,-9.142857142857139,0.34023973962054455,12,7,-2.8374729660761338,0.6314639913260441
Zm00001eb396060,chr9,141202033,ear_ht_ratio,0.45249999999999996,0.48000000000000004,-0.02750000000000008,0.33087448913712214,12,7,-2.8374729660761338,0.6160527572680945
Zm00001eb396520,chr9,142860542,DTA,69.77777777777777,68.4,1.3777777777777658,0.5402913746074198,9,10,2.252981731306229,0.7819724069864844
Zm00001eb396520,chr9,142860542,height_cm,184.88888888888889,176.3,8.588888888888874,0.5402913746074198,9,10,2.252981731306229,0.7819724069864844
Zm00001eb396520,chr9,142860542,ear_ht_ratio,0.47111111111111115,0.45499999999999996,0.016111111111111187,0.5674585271954133,9,10,2.252981731306229,0.8006004027098079
Zm00001eb397090,chr9,144227434,DTA,68.7,72.1,-3.3999999999999915,0.20646020646020646,10,5,-4.221908761750404,0.48500999333777484
Zm00001eb397090,chr9,144227434,height_cm,178.7,196.0,-17.30000000000001,0.20646020646020646,10,5,-4.221908761750404,0.48500999333777484
Zm00001eb397090,chr9,144227434,ear_ht_ratio,0.45999999999999996,0.502,-0.04200000000000004,0.19804833466253047,10,5,-4.221908761750404,0.47186105978453047
Zm00001eb398630,chr9,148791435,DTA,69.33333333333333,68.0,1.3333333333333286,0.5964912280701754,15,4,-3.167548745015788,0.8146067975183978
Zm00001eb398630,chr9,148791435,height_cm,181.26666666666668,177.0,4.26666666666668,0.5964912280701754,15,4,-3.167548745015788,0.8146067975183978
Zm00001eb398630,chr9,148791435,ear_ht_ratio,0.4666666666666667,0.44749999999999995,0.01916666666666672,0.616920569649885,15,4,-3.167548745015788,0.8271052941162361
Zm00001eb404310,chr9,161194925,DTA,70.0,68.71428571428571,1.2857142857142918,0.6867905056759546,5,14,3.950054024266257,0.8725715325167451
Zm00001eb404310,chr9,161194925,height_cm,185.8,178.42857142857142,7.371428571428595,0.6867905056759546,5,14,3.950054024266257,0.8725715325167451
Zm00001eb404310,chr9,161194925,ear_ht_ratio,0.47400000000000003,0.4585714285714286,0.015428571428571458,0.6768233178045968,5,14,3.950054024266257,0.8634046902348246
Zm00001eb405450,chr10,2006861,DTA,71.8,68.23076923076923,3.5692307692307708,0.14332399626517275,5,13,5.308221308528998,0.42587701747365614
Zm00001eb405450,chr10,2006861,height_cm,194.0,176.07692307692307,17.923076923076934,0.14332399626517275,5,13,5.308221308528998,0.42587701747365614
Zm00001eb405450,chr10,2006861,ear_ht_ratio,0.496,0.45230769230769236,0.04369230769230764,0.14332399626517275,5,13,5.308221308528998,0.41735947712418303
Zm00001eb406080,chr10,3735892,DTA,70.33333333333333,69.0,1.3333333333333286,0.823529411764706,3,15,-2.7982092159957124,0.9369073225055853
Zm00001eb406080,chr10,3735892,height_cm,187.33333333333334,179.8,7.533333333333331,0.823529411764706,3,15,-2.7982092159957124,0.9369073225055853
Zm00001eb406080,chr10,3735892,ear_ht_ratio,0.47333333333333333,0.46266666666666667,0.010666666666666658,0.823529411764706,3,15,-2.7982092159957124,0.9399947974219282
Zm00001eb406760,chr10,5111246,DTA,68.25,69.70833333333333,-1.4583333333333286,0.49364361129067014,6,12,1.9719257867445232,0.7518254163590122
Zm00001eb406760,chr10,5111246,height_cm,176.66666666666666,183.25,-6.583333333333343,0.49364361129067014,6,12,1.9719257867445232,0.7518254163590122
Zm00001eb406760,chr10,5111246,ear_ht_ratio,0.45,0.4716666666666667,-0.021666666666666667,0.49364361129067014,6,12,1.9719257867445232,0.7534015702717146
Zm00001eb407090,chr10,6211300,DTA,70.45454545454545,66.5,3.9545454545454533,0.07821590174531351,11,6,1.703172273664204,0.3507528566277494
Zm00001eb407090,chr10,6211300,height_cm,187.0,167.83333333333334,19.166666666666657,0.07821590174531351,11,6,1.703172273664204,0.3507528566277494
Zm00001eb407090,chr10,6211300,ear_ht_ratio,0.4818181818181818,0.4266666666666667,0.05515151515151512,0.07821590174531351,11,6,1.703172273664204,0.3435415854400074
Zm00001eb407550,chr10,7903301,DTA,69.44444444444444,69.0,0.44444444444444287,0.7910815129207817,9,9,2.233745774212639,0.9306301807650056
Zm00001eb407550,chr10,7903301,height_cm,182.44444444444446,179.66666666666666,2.7777777777778,0.7910815129207817,9,9,2.233745774212639,0.9306301807650056
Zm00001eb407550,chr10,7903301,ear_ht_ratio,0.4677777777777778,0.461111111111111,0.006666666666666765,0.7910815129207817,9,9,2.233745774212639,0.9303834271507739
Zm00001eb407680,chr10,8604729,DTA,67.21428571428571,70.5,-3.285714285714292,0.12594268476621417,7,11,2.3016985233742973,0.39555365565443684
Zm00001eb407680,chr10,8604729,height_cm,171.71428571428572,187.0,-15.285714285714278,0.12594268476621417,7,11,2.3016985233742973,0.39555365565443684
Zm00001eb407680,chr10,8604729,ear_ht_ratio,0.4385714285714286,0.4809090909090909,-0.042337662337662285,0.12594268476621417,7,11,2.3016985233742973,0.3949177311970252
Zm00001eb413740,chr10,64753637,DTA,69.5,68.89285714285714,0.6071428571428612,0.893188854489164,5,14,2.411421748480584,0.9550561853850598
Zm00001eb413740,chr10,64753637,height_cm,182.8,179.5,3.3000000000000114,0.893188854489164,5,14,2.411421748480584,0.9550561853850598
Zm00001eb413740,chr10,64753637,ear_ht_ratio,0.47000000000000003,0.46,0.010000000000000009,0.8895023316153777,5,14,2.411421748480584,0.9549504898208954
Zm00001eb414970,chr10,73843917,DTA,71.45,66.38888888888889,5.061111111111117,0.01011233392133346,10,9,5.292211561347937,0.16731316124388088
Zm00001eb414970,chr10,73843917,height_cm,192.8,166.55555555555554,26.24444444444447,0.01011233392133346,10,9,5.292211561347937,0.16731316124388088
Zm00001eb414970,chr10,73843917,ear_ht_ratio,0.49499999999999994,0.42666666666666664,0.0683333333333333,0.008950586032810934,10,9,5.292211561347937,0.21720088772954535
Zm00001eb415700,chr10,78959457,DTA,68.77272727272727,69.4375,-0.6647727272727337,0.7779894683919452,11,8,1.910872253891431,0.9194420990086625
Zm00001eb415700,chr10,78959457,height_cm,178.45454545454547,183.0,-4.5454545454545325,0.7779894683919452,11,8,1.910872253891431,0.9194420990086625
Zm00001eb415700,chr10,78959457,ear_ht_ratio,0.4581818181818182,0.46875,-0.01056818181818181,0.7724820288450476,11,8,1.910872253891431,0.9204041194749503
Zm00001eb416110,chr10,81353777,DTA,68.84615384615384,69.5,-0.6538461538461604,0.8314167772372107,13,6,2.0762577909849704,0.9369073225055853
Zm00001eb416110,chr10,81353777,height_cm,179.23076923076923,182.83333333333334,-3.6025641025641164,0.8314167772372107,13,6,2.0762577909849704,0.9369073225055853
Zm00001eb416110,chr10,81353777,ear_ht_ratio,0.46076923076923076,0.4666666666666666,-0.005897435897435854,0.8263690526786182,13,6,2.0762577909849704,0.9399947974219282
Zm00001eb416770,chr10,85117108,DTA,67.72222222222223,69.125,-1.4027777777777715,0.7104895104895105,9,4,-2.007903871939698,0.8935257833005829
Zm00001eb416770,chr10,85117108,height_cm,173.0,182.0,-9.0,0.7104895104895105,9,4,-2.007903871939698,0.8935257833005829
Zm00001eb416770,chr10,85117108,ear_ht_ratio,0.4433333333333333,0.46249999999999997,-0.019166666666666665,0.7104895104895105,9,4,-2.007903871939698,0.8833112224213372
Zm00001eb418090,chr10,92089742,DTA,69.29166666666667,68.64285714285714,0.6488095238095326,0.7108438517107247,12,7,-2.353892134412911,0.8935257833005829
Zm00001eb418090,chr10,92089742,height_cm,181.25,178.85714285714286,2.392857142857139,0.7108438517107247,12,7,-2.353892134412911,0.8935257833005829
Zm00001eb418090,chr10,92089742,ear_ht_ratio,0.46666666666666673,0.4557142857142857,0.010952380952381047,0.7035844410913497,12,7,-2.353892134412911,0.8833112224213372
Zm00001eb418940,chr10,97534549,DTA,67.0909090909091,71.75,-4.6590909090909065,0.02034876028684078,11,8,2.012100027216712,0.21032863849765257
Zm00001eb418940,chr10,97534549,height_cm,170.45454545454547,194.0,-23.545454545454533,0.02034876028684078,11,8,2.012100027216712,0.21032863849765257
Zm00001eb418940,chr10,97534549,ear_ht_ratio,0.43727272727272726,0.49750000000000005,-0.060227272727272796,0.025718903300859273,11,8,2.012100027216712,0.24789454051079124
Zm00001eb419200,chr10,98908136,DTA,68.875,69.35714285714286,-0.4821428571428612,0.8369453044375644,12,7,2.0258059361051934,0.9369073225055853
Zm00001eb419200,chr10,98908136,height_cm,179.33333333333334,182.14285714285714,-2.809523809523796,0.8369453044375644,12,7,2.0258059361051934,0.9369073225055853
Zm00001eb419200,chr10,98908136,ear_ht_ratio,0.46,0.46714285714285714,-0.0071428571428571175,0.8657140237516031,12,7,2.0258059361051934,0.9541035840471408
Zm00001eb425180,chr10,128801642,DTA,66.5,69.73333333333333,-3.2333333333333343,0.26212590299277605,4,15,3.1339485522332793,0.5499356120424811
Zm00001eb425180,chr10,128801642,height_cm,167.5,183.8,-16.30000000000001,0.26212590299277605,4,15,3.1339485522332793,0.5499356120424811
Zm00001eb425180,chr10,128801642,ear_ht_ratio,0.43000000000000005,0.4713333333333333,-0.04133333333333328,0.22993486412373654,4,15,3.1339485522332793,0.510343235006342
Zm00001eb425580,chr10,129870575,DTA,69.3,68.77777777777777,0.5222222222222257,0.9025232501776794,10,9,1.359398667383342,0.9550561853850598
Zm00001eb425580,chr10,129870575,height_cm,181.3,179.33333333333334,1.9666666666666686,0.9025232501776794,10,9,1.359398667383342,0.9550561853850598
Zm00001eb425580,chr10,129870575,ear_ht_ratio,0.466,0.4588888888888889,0.007111111111111124,0.8702263458891504,10,9,1.359398667383342,0.9541035840471408
Zm00001eb425660,chr10,130088323,DTA,69.57692307692308,67.91666666666667,1.6602564102564088,0.4670499778858912,13,6,2.1890268340701353,0.7390937236138475
Zm00001eb425660,chr10,130088323,height_cm,182.92307692307693,174.83333333333334,8.089743589743591,0.4670499778858912,13,6,2.1890268340701353,0.7390937236138475
Zm00001eb425660,chr10,130088323,ear_ht_ratio,0.47,0.4466666666666666,0.023333333333333373,0.455772226564364,13,6,2.1890268340701353,0.7213090889975152
Zm00001eb425960,chr10,131065925,DTA,64.5,69.90625,-5.40625,0.033023735810113516,3,16,2.588903946380261,0.2469518021633605
Zm00001eb425960,chr10,131065925,height_cm,155.66666666666666,185.0,-29.333333333333343,0.033023735810113516,3,16,2.588903946380261,0.2469518021633605
Zm00001eb425960,chr10,131065925,ear_ht_ratio,0.4033333333333333,0.47375,-0.07041666666666668,0.03852069591563461,3,16,2.588903946380261,0.26928170499066423
Zm00001eb425980,chr10,131196529,DTA,70.9090909090909,66.5,4.4090909090909065,0.015744489428699954,11,8,-1.682304387969365,0.20096553982856027
Zm00001eb425980,chr10,131196529,height_cm,190.72727272727272,166.125,24.60227272727272,0.015744489428699954,11,8,-1.682304387969365,0.20096553982856027
Zm00001eb425980,chr10,131196529,ear_ht_ratio,0.4890909090909091,0.42624999999999996,0.06284090909090911,0.018555486235524596,11,8,-1.682304387969365,0.24117832688759241
Zm00001eb427480,chr10,135806526,DTA,68.35714285714286,70.04545454545455,-1.6883116883116855,0.37493715434891906,7,11,1.7246015035091242,0.6577210804000315
Zm00001eb427480,chr10,135806526,height_cm,178.14285714285714,185.0,-6.857142857142861,0.37493715434891906,7,11,1.7246015035091242,0.6577210804000315
Zm00001eb427480,chr10,135806526,ear_ht_ratio,0.45285714285714285,0.4763636363636364,-0.02350649350649353,0.3648646623344457,7,11,1.7246015035091242,0.6397372717576427
Zm00001eb429910,chr10,142142497,DTA,70.5,67.75,2.75,0.15304188415882009,9,10,2.7576048593546143,0.4301717825004672
Zm00001eb429910,chr10,142142497,height_cm,188.44444444444446,173.1,15.344444444444463,0.15304188415882009,9,10,2.7576048593546143,0.4301717825004672
Zm00001eb429910,chr10,142142497,ear_ht_ratio,0.4833333333333333,0.44399999999999995,0.03933333333333333,0.14146999789293416,9,10,2.7576048593546143,0.4155491495487561
Zm00001eb431330,chr10,145438301,DTA,64.33333333333333,69.9375,-5.604166666666671,0.06398348813209494,3,16,3.4188105289396575,0.32124123696665596
Zm00001eb431330,chr10,145438301,height_cm,157.33333333333334,184.6875,-27.354166666666657,0.06398348813209494,3,16,3.4188105289396575,0.32124123696665596
Zm00001eb431330,chr10,145438301,ear_ht_ratio,0.4033333333333333,0.47375,-0.07041666666666668,0.0572376057154547,3,16,3.4188105289396575,0.30165119421532766
Zm00001eb000920,chr1,3262750,DTA,67.375,70.27272727272727,-2.8977272727272663,0.20600142891164563,8,11,1.008744758576002,0.48500999333777484
Zm00001eb000920,chr1,3262750,height_cm,172.375,186.1818181818182,-13.806818181818187,0.20600142891164563,8,11,1.008744758576002,0.48500999333777484
Zm00001eb000920,chr1,3262750,ear_ht_ratio,0.44125000000000003,0.47818181818181815,-0.03693181818181812,0.18625595844177478,8,11,1.008744758576002,0.4626211093263977
Zm00001eb001150,chr1,3789618,DTA,69.125,68.92857142857143,0.1964285714285694,0.9018020163530999,12,7,2.0803573236363664,0.9550561853850598
Zm00001eb001150,chr1,3789618,height_cm,180.91666666666666,179.42857142857142,1.4880952380952408,0.9018020163530999,12,7,2.0803573236363664,0.9550561853850598
Zm00001eb001150,chr1,3789618,ear_ht_ratio,0.465,0.4585714285714286,0.00642857142857145,0.8990759188445385,12,7,2.0803573236363664,0.9549504898208954
Zm00001eb001340,chr1,4078949,DTA,69.25,69.28571428571429,-0.035714285714291805,0.9588235294117646,4,14,3.0172447030203235,0.9909907556182588
Zm00001eb001340,chr1,4078949,height_cm,181.25,181.57142857142858,-0.3214285714285836,0.9588235294117646,4,14,3.0172447030203235,0.9909907556182588
Zm00001eb001340,chr1,4078949,ear_ht_ratio,0.4625,0.46642857142857147,-0.003928571428571448,0.9576308426621053,4,14,3.0172447030203235,0.9992197824251186
Zm00001eb002060,chr1,5896996,DTA,70.6,68.5,2.0999999999999943,0.4439284485724114,5,14,3.089173372090931,0.7118500232614879
Zm00001eb002060,chr1,5896996,height_cm,187.6,177.78571428571428,9.814285714285717,0.4439284485724114,5,14,3.089173372090931,0.7118500232614879
Zm00001eb002060,chr1,5896996,ear_ht_ratio,0.48600000000000004,0.4542857142857143,0.03171428571428575,0.43111068000660624,5,14,3.089173372090931,0.6989945992089295
Zm00001eb002200,chr1,6246228,DTA,68.46428571428571,70.7,-2.2357142857142946,0.391296869625043,14,5,1.831745903607489,0.6655703763715685
Zm00001eb002200,chr1,6246228,height_cm,177.85714285714286,187.4,-9.542857142857144,0.391296869625043,14,5,1.831745903607489,0.6655703763715685
Zm00001eb002200,chr1,6246228,ear_ht_ratio,0.4557142857142858,0.48200000000000004,-0.026285714285714246,0.3789053001095498,14,5,1.831745903607489,0.6521112493611164
Zm00001eb004440,chr1,12270743,DTA,68.95833333333333,69.21428571428571,-0.2559523809523796,0.967135032150512,12,7,-2.237456691760147,0.9909907556182588
Zm00001eb004440,chr1,12270743,height_cm,180.66666666666666,179.85714285714286,0.809523809523796,0.967135032150512,12,7,-2.237456691760147,0.9909907556182588
Zm00001eb004440,chr1,12270743,ear_ht_ratio,0.4608333333333334,0.4657142857142857,-0.004880952380952319,0.9662784709165981,12,7,-2.237456691760147,0.9992197824251186
Zm00001eb005920,chr1,16845468,DTA,69.78571428571429,67.0,2.785714285714292,0.2975576195390437,14,5,3.900235613086104,0.588979138934589
Zm00001eb005920,chr1,16845468,height_cm,184.57142857142858,168.6,15.97142857142859,0.2975576195390437,14,5,3.900235613086104,0.588979138934589
Zm00001eb005920,chr1,16845468,ear_ht_ratio,0.4721428571428571,0.43599999999999994,0.03614285714285714,0.28680335356958353,14,5,3.900235613086104,0.5743503009309036
Zm00001eb006410,chr1,17983879,DTA,68.2,69.35714285714286,-1.1571428571428584,0.7538699690402476,5,14,2.2701140403215683,0.9194420990086625
Zm00001eb006410,chr1,17983879,height_cm,176.0,181.92857142857142,-5.928571428571416,0.7538699690402476,5,14,2.2701140403215683,0.9194420990086625
Zm00001eb006410,chr1,17983879,ear_ht_ratio,0.45599999999999996,0.465,-0.009000000000000064,0.7811137440344249,5,14,2.2701140403215683,0.9216382587634706
Zm00001eb006880,chr1,19882546,DTA,68.4,69.28571428571429,-0.8857142857142861,0.6216030271757825,5,14,1.6360159962413543,0.8364639626321065
Zm00001eb006880,chr1,19882546,height_cm,176.8,181.64285714285714,-4.842857142857127,0.6216030271757825,5,14,1.6360159962413543,0.8364639626321065
Zm00001eb006880,chr1,19882546,ear_ht_ratio,0.45199999999999996,0.4664285714285715,-0.014428571428571568,0.6104546818752239,5,14,1.6360159962413543,0.8271052941162361
Zm00001eb009870,chr1,30883530,DTA,70.16666666666667,68.53846153846153,1.6282051282051384,0.4670499778858912,6,13,-2.263909599998336,0.7390937236138475
Zm00001eb009870,chr1,30883530,height_cm,186.83333333333334,177.3846153846154,9.448717948717956,0.4670499778858912,6,13,-2.263909599998336,0.7390937236138475
Zm00001eb009870,chr1,30883530,ear_ht_ratio,0.48166666666666674,0.4538461538461539,0.027820512820512844,0.455772226564364,6,13,-2.263909599998336,0.7213090889975152
Zm00001eb010370,chr1,32844672,DTA,71.8,68.07142857142857,3.7285714285714278,0.129858961128311,5,14,-2.252685603445886,0.39555365565443684
Zm00001eb010370,chr1,32844672,height_cm,193.4,175.71428571428572,17.685714285714283,0.129858961128311,5,14,-2.252685603445886,0.39555365565443684
Zm00001eb010370,chr1,32844672,ear_ht_ratio,0.496,0.45071428571428573,0.04528571428571426,0.12644461997433226,5,14,-2.252685603445886,0.3949177311970252
Zm00001eb010730,chr1,34330835,DTA,70.9375,67.68181818181819,3.255681818181813,0.15175570903125082,8,11,1.524366505225603,0.4301717825004672
Zm00001eb010730,chr1,34330835,height_cm,189.25,173.9090909090909,15.340909090909093,0.15175570903125082,8,11,1.524366505225603,0.4301717825004672
Zm00001eb010730,chr1,34330835,ear_ht_ratio,0.485,0.44636363636363635,0.038636363636363635,0.14827563704745536,8,11,1.524366505225603,0.4230847178954348
Zm00001eb010900,chr1,34878903,DTA,70.16666666666667,68.36666666666666,1.8000000000000114,0.6544117647058824,3,15,3.0203014131688506,0.8531033641213936
Zm00001eb010900,chr1,34878903,height_cm,185.66666666666666,177.0,8.666666666666657,0.6544117647058824,3,15,3.0203014131688506,0.8531033641213936
Zm00001eb010900,chr1,34878903,ear_ht_ratio,0.47,0.45466666666666666,0.01533333333333331,0.635411619610557,3,15,3.0203014131688506,0.8380066287617491
Zm00001eb011240,chr1,36186619,DTA,66.64285714285714,70.45833333333333,-3.81547619047619,0.06834960704929745,7,12,1.5296868605696086,0.3273586442887404
Zm00001eb011240,chr1,36186619,height_cm,167.85714285714286,187.66666666666666,-19.809523809523796,0.06834960704929745,7,12,1.5296868605696086,0.3273586442887404
Zm00001eb011240,chr1,36186619,ear_ht_ratio,0.42857142857142855,0.4825,-0.05392857142857144,0.06286354344488403,7,12,1.5296868605696086,0.3164580814151705
Zm00001eb011630,chr1,37980846,DTA,67.83333333333333,70.15,-2.316666666666677,0.23644471557230384,9,10,2.3673147899655183,0.5231968174365872
Zm00001eb011630,chr1,37980846,height_cm,172.88888888888889,187.1,-14.211111111111109,0.23644471557230384,9,10,2.3673147899655183,0.5231968174365872
Zm00001eb011630,chr1,37980846,ear_ht_ratio,0.4444444444444444,0.479,-0.03455555555555556,0.23623907359198515,9,10,2.3673147899655183,0.5180182095631481
Zm00001eb012570,chr1,41377778,DTA,69.7,68.82142857142857,0.8785714285714334,0.6867905056759546,5,14,-3.1836539394163976,0.8725715325167451
Zm00001eb012570,chr1,41377778,height_cm,183.0,179.42857142857142,3.5714285714285836,0.6867905056759546,5,14,-3.1836539394163976,0.8725715325167451
Zm00001eb012570,chr1,41377778,ear_ht_ratio,0.46799999999999997,0.46071428571428574,0.007285714285714229,0.6768233178045968,5,14,-3.1836539394163976,0.8634046902348246
Zm00001eb012950,chr1,42980657,DTA,70.0,68.5,1.5,0.535841867111217,7,12,-2.072267985348476,0.7811432273291284
Zm00001eb012950,chr1,42980657,height_cm,184.28571428571428,178.08333333333334,6.202380952380935,0.535841867111217,7,12,-2.072267985348476,0.7811432273291284
Zm00001eb012950,chr1,42980657,ear_ht_ratio,0.4742857142857143,0.4558333333333333,0.018452380952380998,0.5259869247938622,7,12,-2.072267985348476,0.7704597208248123
Zm00001eb013300,chr1,44344832,DTA,70.22222222222223,68.0,2.2222222222222285,0.2703441406547801,9,10,-1.6498308938673911,0.5591208363542043
Zm00001eb013300,chr1,44344832,height_cm,186.33333333333334,175.0,11.333333333333343,0.2703441406547801,9,10,-1.6498308938673911,0.5591208363542043
Zm00001eb013300,chr1,44344832,ear_ht_ratio,0.4766666666666667,0.45,0.026666666666666672,0.2701339422159781,9,10,-1.6498308938673911,0.549795802355035
Zm00001eb014600,chr1,48970900,DTA,66.92857142857143,70.29166666666667,-3.363095238095241,0.11983011828213067,7,12,1.7351969075308251,0.39555365565443684
Zm00001eb014600,chr1,48970900,height_cm,168.57142857142858,187.25,-18.678571428571416,0.11983011828213067,7,12,1.7351969075308251,0.39555365565443684
Zm00001eb014600,chr1,48970900,ear_ht_ratio,0.4342857142857143,0.4791666666666667,-0.04488095238095241,0.11776554008282412,7,12,1.7351969075308251,0.3949177311970252
Zm00001eb016330,chr1,57058153,DTA,71.11111111111111,67.2,3.9111111111111114,0.04545529484905847,9,10,-2.6286276750149615,0.2757955641272903
Zm00001eb016330,chr1,57058153,height_cm,191.11111111111111,170.7,20.411111111111126,0.04545529484905847,9,10,-2.6286276750149615,0.2757955641272903
Zm00001eb016330,chr1,57058153,ear_ht_ratio,0.49,0.438,0.05199999999999999,0.045360653862513985,9,10,-2.6286276750149615,0.2914408484958043
Zm00001eb016800,chr1,59904185,DTA,68.76923076923077,69.66666666666667,-0.8974358974358978,0.8314167772372107,13,6,1.3864165469043874,0.9369073225055853
Zm00001eb016800,chr1,59904185,height_cm,179.07692307692307,183.16666666666666,-4.089743589743591,0.8314167772372107,13,6,1.3864165469043874,0.9369073225055853
Zm00001eb016800,chr1,59904185,ear_ht_ratio,0.4592307692307692,0.47,-0.010769230769230753,0.8263690526786182,13,6,1.3864165469043874,0.9399947974219282
Zm00001eb017050,chr1,60926702,DTA,68.375,69.23333333333333,-0.8583333333333343,0.8095975232198143,4,15,1.1137561866149133,0.9369073225055853
Zm00001eb017050,chr1,60926702,height_cm,179.25,180.66666666666666,-1.4166666666666572,0.8095975232198143,4,15,1.1137561866149133,0.9369073225055853
Zm00001eb017050,chr1,60926702,ear_ht_ratio,0.455,0.46466666666666673,-0.009666666666666712,0.8414119325758449,4,15,1.1137561866149133,0.9423813644849462
Zm00001eb019230,chr1,68998584,DTA,69.3,68.77777777777777,0.5222222222222257,0.9025232501776794,10,9,-4.5395507311740175,0.9550561853850598
Zm00001eb019230,chr1,68998584,height_cm,181.4,179.22222222222223,2.177777777777777,0.9025232501776794,10,9,-4.5395507311740175,0.9550561853850598
Zm00001eb019230,chr1,68998584,ear_ht_ratio,0.465,0.45999999999999996,0.00500000000000006,0.9024806826878791,10,9,-4.5395507311740175,0.9549504898208954
Zm00001eb019370,chr1,69764971,DTA,64.875,70.16666666666667,-5.291666666666671,0.027347781217750257,4,15,2.5685487774525666,0.2212131636280243
Zm00001eb019370,chr1,69764971,height_cm,159.25,186.0,-26.75,0.027347781217750257,4,15,2.5685487774525666,0.2212131636280243
Zm00001eb019370,chr1,69764971,ear_ht_ratio,0.4075,0.47733333333333333,-0.06983333333333336,0.03148065135501511,4,15,2.5685487774525666,0.25952735671834626
Zm00001eb019800,chr1,72171126,DTA,66.25,71.0909090909091,-4.8409090909090935,0.015744489428699954,8,11,-2.0850946858589463,0.20096553982856027
Zm00001eb019800,chr1,72171126,height_cm,166.25,190.63636363636363,-24.386363636363626,0.015744489428699954,8,11,-2.0850946858589463,0.20096553982856027
Zm00001eb019800,chr1,72171126,ear_ht_ratio,0.42750000000000005,0.4881818181818182,-0.06068181818181817,0.018555486235524596,8,11,-2.0850946858589463,0.24117832688759241
Zm00001eb020110,chr1,74030656,DTA,68.28571428571429,69.5,-1.2142857142857082,0.5918075732317218,7,12,2.288149136505908,0.8146067975183978
Zm00001eb020110,chr1,74030656,height_cm,176.42857142857142,182.66666666666666,-6.238095238095241,0.5918075732317218,7,12,2.288149136505908,0.8146067975183978
Zm00001eb020110,chr1,74030656,ear_ht_ratio,0.45428571428571424,0.4675,-0.01321428571428579,0.6119337394653838,7,12,2.288149136505908,0.8271052941162361
Zm00001eb020690,chr1,77561196,DTA,70.08333333333333,68.57692307692308,1.5064102564102484,0.41552410437859355,6,13,-4.470013059440195,0.687503518153673
Zm00001eb020690,chr1,77561196,height_cm,185.83333333333334,177.84615384615384,7.987179487179503,0.41552410437859355,6,13,-4.470013059440195,0.687503518153673
Zm00001eb020690,chr1,77561196,ear_ht_ratio,0.47833333333333333,0.4553846153846154,0.022948717948717945,0.38024609472329507,6,13,-4.470013059440195,0.6528753701852802
Zm00001eb021800,chr1,83001127,DTA,66.33333333333333,69.5625,-3.2291666666666714,0.303405572755418,3,16,2.653164141231232,0.588979138934589
Zm00001eb021800,chr1,83001127,height_cm,165.0,183.25,-18.25,0.303405572755418,3,16,2.653164141231232,0.588979138934589
Zm00001eb021800,chr1,83001127,ear_ht_ratio,0.4266666666666667,0.469375,-0.04270833333333329,0.28796409318651073,3,16,2.653164141231232,0.5743503009309036
Zm00001eb022040,chr1,84277355,DTA,65.14285714285714,71.33333333333333,-6.19047619047619,0.00178613955703739,7,12,2.999940321939209,0.10732714138286892
Zm00001eb022040,chr1,84277355,height_cm,161.0,191.66666666666666,-30.666666666666657,0.00178613955703739,7,12,2.999940321939209,0.10732714138286892
Zm00001eb022040,chr1,84277355,ear_ht_ratio,0.4114285714285714,0.4925,-0.08107142857142857,0.00308300618552631,7,12,2.999940321939209,0.20119851513836434
Zm00001eb022580,chr1,86777664,DTA,69.66666666666667,66.75,2.9166666666666714,0.26212590299277605,15,4,-3.6209706774235326,0.5499356120424811
Zm00001eb022580,chr1,86777664,height_cm,182.8,171.25,11.550000000000011,0.26212590299277605,15,4,-3.6209706774235326,0.5499356120424811
Zm00001eb022580,chr1,86777664,ear_ht_ratio,0.47000000000000003,0.435,0.03500000000000003,0.27112183110639776,15,4,-3.6209706774235326,0.549795802355035
Zm00001eb022750,chr1,87656463,DTA,67.1875,70.4090909090909,-3.2215909090909065,0.1288402000476304,8,11,1.3956871185277226,0.39555365565443684
Zm00001eb022750,chr1,87656463,height_cm,170.5,187.54545454545453,-17.045454545454533,0.1288402000476304,8,11,1.3956871185277226,0.39555365565443684
Zm00001eb022750,chr1,87656463,ear_ht_ratio,0.4375,0.48090909090909084,-0.04340909090909084,0.1264485778732151,8,11,1.3956871185277226,0.3949177311970252
Zm00001eb023130,chr1,90313646,DTA,70.5,67.44444444444444,3.055555555555557,0.13091112789629078,10,9,2.1932050567132197,0.39709708795208204
Zm00001eb023130,chr1,90313646,height_cm,188.2,171.66666666666666,16.53333333333333,0.13091112789629078,10,9,2.1932050567132197,0.39709708795208204
Zm00001eb023130,chr1,90313646,ear_ht_ratio,0.48199999999999993,0.4411111111111112,0.04088888888888875,0.14146999789293416,10,9,2.1932050567132197,0.4155491495487561
Zm00001eb023220,chr1,91377437,DTA,66.05555555555556,71.75,-5.694444444444443,0.0048487627216789375,9,10,2.27054529992127,0.13413344545095493
Zm00001eb023220,chr1,91377437,height_cm,165.22222222222223,194.0,-28.77777777777777,0.0048487627216789375,9,10,2.27054529992127,0.13413344545095493
Zm00001eb023220,chr1,91377437,ear_ht_ratio,0.4244444444444444,0.497,-0.0725555555555556,0.004830131340982357,9,10,2.27054529992127,0.20119851513836434
Zm00001eb023350,chr1,92292812,DTA,67.5,69.95833333333333,-2.4583333333333286,0.2991188378185282,7,12,-2.1033119242741045,0.588979138934589
Zm00001eb023350,chr1,92292812,height_cm,172.57142857142858,184.91666666666666,-12.345238095238074,0.2991188378185282,7,12,-2.1033119242741045,0.588979138934589
Zm00001eb023350,chr1,92292812,ear_ht_ratio,0.44571428571428573,0.4725,-0.026785714285714246,0.3102821300157158,7,12,-2.1033119242741045,0.5928750410798979
Zm00001eb024120,chr1,97701896,DTA,71.1,68.32142857142857,2.778571428571425,0.18593051255589957,5,14,2.302558477026654,0.4635527847284071
Zm00001eb024120,chr1,97701896,height_cm,191.4,176.42857142857142,14.97142857142859,0.18593051255589957,5,14,2.302558477026654,0.4635527847284071
Zm00001eb024120,chr1,97701896,ear_ht_ratio,0.49000000000000005,0.45285714285714285,0.0371428571428572,0.17926280342379863,5,14,2.302558477026654,0.45379060395515136
Zm00001eb025400,chr1,108502297,DTA,69.0,69.07692307692308,-0.0769230769230802,0.9660916998378299,6,13,-2.50297585963056,0.9909907556182588
Zm00001eb025400,chr1,108502297,height_cm,179.66666666666666,180.69230769230768,-1.025641025641022,0.9660916998378299,6,13,-2.50297585963056,0.9909907556182588
Zm00001eb025400,chr1,108502297,ear_ht_ratio,0.46,0.46384615384615385,-0.0038461538461538325,1.0,6,13,-2.50297585963056,1.0
Zm00001eb026550,chr1,122210678,DTA,68.07142857142857,71.8,-3.7285714285714278,0.129858961128311,14,5,-4.060818333122903,0.39555365565443684
Zm00001eb026550,chr1,122210678,height_cm,175.5,194.0,-18.5,0.129858961128311,14,5,-4.060818333122903,0.39555365565443684
Zm00001eb026550,chr1,122210678,ear_ht_ratio,0.45000000000000007,0.49800000000000005,-0.04799999999999999,0.1383503303154036,14,5,-4.060818333122903,0.4144816480231022
Zm00001eb026930,chr1,126913502,DTA,70.04545454545455,67.6875,2.3579545454545467,0.272287052472811,11,8,2.116487974353716,0.5599575542378712
Zm00001eb026930,chr1,126913502,height_cm,185.0,174.0,11.0,0.272287052472811,11,8,2.116487974353716,0.5599575542378712
Zm00001eb026930,chr1,126913502,ear_ht_ratio,0.4772727272727273,0.4425,0.03477272727272729,0.247468805803717,11,8,2.116487974353716,0.5330097355772366
Zm00001eb030710,chr1,170618556,DTA,70.16666666666667,68.05,2.1166666666666742,0.2703441406547801,9,10,3.170737524891494,0.5591208363542043
Zm00001eb030710,chr1,170618556,height_cm,185.22222222222223,176.0,9.222222222222229,0.2703441406547801,9,10,3.170737524891494,0.5591208363542043
Zm00001eb030710,chr1,170618556,ear_ht_ratio,0.4766666666666667,0.45,0.026666666666666672,0.2701339422159781,9,10,3.170737524891494,0.549795802355035
Zm00001eb031670,chr1,177309045,DTA,72.16666666666667,69.125,3.0416666666666714,0.14185814185814188,6,8,-2.7747387468313107,0.4243177857855826
Zm00001eb031670,chr1,177309045,height_cm,195.5,180.5,15.0,0.14185814185814188,6,8,-2.7747387468313107,0.4243177857855826
Zm00001eb031670,chr1,177309045,ear_ht_ratio,0.505,0.46249999999999997,0.04250000000000004,0.14185814185814188,6,8,-2.7747387468313107,0.4155491495487561
Zm00001eb032230,chr1,180161163,DTA,69.2,69.0,0.20000000000000284,0.8230134158926727,5,14,1.7113240355174346,0.9369073225055853
Zm00001eb032230,chr1,180161163,height_cm,180.4,180.35714285714286,0.04285714285714448,0.8230134158926727,5,14,1.7113240355174346,0.9369073225055853
Zm00001eb032230,chr1,180161163,ear_ht_ratio,0.466,0.4614285714285714,0.004571428571428615,0.8168824139637137,5,14,1.7113240355174346,0.9399947974219282
Zm00001eb032890,chr1,183958880,DTA,69.9,68.75,1.1500000000000057,0.5593395252837977,5,14,2.1225593337323754,0.7937605738920169
Zm00001eb032890,chr1,183958880,height_cm,185.0,178.71428571428572,6.285714285714278,0.5593395252837977,5,14,2.1225593337323754,0.7937605738920169
Zm00001eb032890,chr1,183958880,ear_ht_ratio,0.47400000000000003,0.4585714285714286,0.015428571428571458,0.5471427334954032,5,14,2.1225593337323754,0.781019431342458
Zm00001eb033050,chr1,184439096,DTA,69.07142857142857,69.04166666666667,0.029761904761897995,1.0,7,12,3.3385292973275944,1.0
Zm00001eb033050,chr1,184439096,height_cm,181.57142857142858,179.66666666666666,1.9047619047619264,1.0,7,12,3.3385292973275944,1.0
Zm00001eb033050,chr1,184439096,ear_ht_ratio,0.4628571428571429,0.4625000000000001,0.00035714285714283367,1.0,7,12,3.3385292973275944,1.0
Zm00001eb033220,chr1,184907626,DTA,66.375,69.76666666666667,-3.3916666666666657,0.18472652218782248,4,15,-2.4420295470223596,0.4635527847284071
Zm00001eb033220,chr1,184907626,height_cm,166.25,184.13333333333333,-17.883333333333326,0.18472652218782248,4,15,-2.4420295470223596,0.4635527847284071
Zm00001eb033220,chr1,184907626,ear_ht_ratio,0.43000000000000005,0.47133333333333327,-0.04133333333333322,0.17682600620593691,4,15,-2.4420295470223596,0.45237639243129896
Zm00001eb034990,chr1,192290364,DTA,70.35714285714286,68.29166666666667,2.06547619047619,0.38445661665475905,7,12,-3.154118781316213,0.6632332154612904
Zm00001eb034990,chr1,192290364,height_cm,186.42857142857142,176.83333333333334,9.595238095238074,0.38445661665475905,7,12,-3.154118781316213,0.6632332154612904
Zm00001eb034990,chr1,192290364,ear_ht_ratio,0.47714285714285726,0.45416666666666666,0.022976190476190594,0.3978176797362497,7,12,-3.154118781316213,0.6667000724371067
Zm00001eb036550,chr1,198167984,DTA,65.1,70.46428571428571,-5.364285714285714,0.014275885792913657,5,14,3.589115459714462,0.198453959538135
Zm00001eb036550,chr1,198167984,height_cm,161.0,187.28571428571428,-26.285714285714278,0.014275885792913657,5,14,3.589115459714462,0.198453959538135
Zm00001eb036550,chr1,198167984,ear_ht_ratio,0.41200000000000003,0.48071428571428576,-0.06871428571428573,0.02058197314956557,5,14,3.589115459714462,0.24117832688759241
Zm00001eb036910,chr1,199461418,DTA,70.41666666666667,68.42307692307692,1.9935897435897516,0.41552410437859355,6,13,2.11257112829817,0.687503518153673
Zm00001eb036910,chr1,199461418,height_cm,187.5,177.07692307692307,10.423076923076934,0.41552410437859355,6,13,2.11257112829817,0.687503518153673
Zm00001eb036910,chr1,199461418,ear_ht_ratio,0.48,0.45461538461538464,0.02538461538461534,0.4297037785371569,6,13,2.11257112829817,0.6989945992089295
Zm00001eb037210,chr1,200570121,DTA,63.666666666666664,70.67857142857143,-7.011904761904766,0.0058823529411764705,3,14,-2.443463835576049,0.1418015455614435
Zm00001eb037210,chr1,200570121,height_cm,152.33333333333334,188.92857142857142,-36.595238095238074,0.0058823529411764705,3,14,-2.443463835576049,0.1418015455614435
Zm00001eb037210,chr1,200570121,ear_ht_ratio,0.39333333333333337,0.4842857142857143,-0.09095238095238095,0.0139605902113341,3,14,-2.443463835576049,0.24117832688759241
Zm00001eb038600,chr1,206116074,DTA,73.66666666666667,66.92307692307692,6.743589743589752,0.0002948547840188707,6,13,2.2044341204611366,0.06260749914000688
Zm00001eb038600,chr1,206116074,height_cm,202.83333333333334,170.0,32.83333333333334,0.0002948547840188707,6,13,2.2044341204611366,0.06260749914000688
Zm00001eb038600,chr1,206116074,ear_ht_ratio,0.525,0.4338461538461538,0.0911538461538462,0.0013616144236887951,6,13,2.2044341204611366,0.20119851513836434
Zm00001eb038640,chr1,206226148,DTA,70.54166666666667,66.5,4.041666666666671,0.03584186711121696,12,7,1.6017144404374195,0.2469518021633605
Zm00001eb038640,chr1,206226148,height_cm,188.08333333333334,167.14285714285714,20.940476190476204,0.03584186711121696,12,7,1.6017144404374195,0.2469518021633605
Zm00001eb038640,chr1,206226148,ear_ht_ratio,0.4825000000000001,0.42857142857142855,0.05392857142857155,0.03453124636275293,12,7,1.6017144404374195,0.26430338785026963
Zm00001eb039610,chr1,209881617,DTA,68.8076923076923,69.58333333333333,-0.775641025641022,0.8314167772372107,13,6,5.018659294750796,0.9369073225055853
Zm00001eb039610,chr1,209881617,height_cm,179.6153846153846,182.0,-2.384615384615387,0.8314167772372107,13,6,5.018659294750796,0.9369073225055853
Zm00001eb039610,chr1,209881617,ear_ht_ratio,0.46,0.46833333333333343,-0.008333333333333415,0.8263690526786182,13,6,5.018659294750796,0.9399947974219282
Zm00001eb039620,chr1,210024968,DTA,66.64285714285714,70.45833333333333,-3.81547619047619,0.04493133285702945,7,12,-2.8626669109014293,0.2757955641272903
Zm00001eb039620,chr1,210024968,height_cm,167.85714285714286,187.66666666666666,-19.809523809523796,0.04493133285702945,7,12,-2.8626669109014293,0.2757955641272903
Zm00001eb039620,chr1,210024968,ear_ht_ratio,0.43142857142857144,0.4808333333333334,-0.04940476190476195,0.051810142378863944,7,12,-2.8626669109014293,0.2946701847797887
Zm00001eb041750,chr1,219667307,DTA,71.25,68.03846153846153,3.211538461538467,0.12737726669615215,6,13,3.2547150798762554,0.39555365565443684
Zm00001eb041750,chr1,219667307,height_cm,192.5,174.76923076923077,17.730769230769226,0.12737726669615215,6,13,3.2547150798762554,0.39555365565443684
Zm00001eb041750,chr1,219667307,ear_ht_ratio,0.49166666666666664,0.4492307692307692,0.04243589743589743,0.12465488235319722,6,13,3.2547150798762554,0.3949177311970252
Zm00001eb041880,chr1,220331322,DTA,72.25,67.57692307692308,4.67307692307692,0.03648827952233525,6,13,-4.27083902359084,0.2469518021633605
Zm00001eb041880,chr1,220331322,height_cm,196.16666666666666,173.07692307692307,23.08974358974359,0.03648827952233525,6,13,-4.27083902359084,0.2469518021633605
Zm00001eb041880,chr1,220331322,ear_ht_ratio,0.5033333333333333,0.44384615384615383,0.059487179487179465,0.039208599902486825,6,13,-4.27083902359084,0.26928170499066423
Zm00001eb043310,chr1,228006396,DTA,69.875,67.64285714285714,2.232142857142861,0.2614114471699611,12,7,9.946821826323156,0.5499356120424811
Zm00001eb043310,chr1,228006396,height_cm,185.16666666666666,172.14285714285714,13.023809523809518,0.2614114471699611,12,7,9.946821826323156,0.5499356120424811
Zm00001eb043310,chr1,228006396,ear_ht_ratio,0.47500000000000003,0.44142857142857134,0.033571428571428696,0.25367896707840065,12,7,9.946821826323156,0.5359870410351422
Zm00001eb044910,chr1,234060687,DTA,69.5,68.72727272727273,0.7727272727272663,0.8403852769177846,8,11,-2.1490725006497247,0.9369073225055853
Zm00001eb044910,chr1,234060687,height_cm,182.5,178.8181818181818,3.681818181818187,0.8403852769177846,8,11,-2.1490725006497247,0.9369073225055853
Zm00001eb044910,chr1,234060687,ear_ht_ratio,0.46875,0.4581818181818182,0.01056818181818181,0.8042693727201572,8,11,-2.1490725006497247,0.9383142681735168
Zm00001eb044970,chr1,234172152,DTA,70.72222222222223,67.55,3.1722222222222314,0.11134688653314039,9,10,2.283194705250409,0.389734667246629
Zm00001eb044970,chr1,234172152,height_cm,189.22222222222223,172.4,16.822222222222223,0.11134688653314039,9,10,2.283194705250409,0.389734667246629
Zm00001eb044970,chr1,234172152,ear_ht_ratio,0.4833333333333333,0.44399999999999995,0.03933333333333333,0.1206563936611042,9,10,2.283194705250409,0.3949177311970252
Zm00001eb046750,chr1,241110893,DTA,70.1,68.67857142857143,1.4214285714285637,0.5593395252837977,5,14,-2.221385354874377,0.7937605738920169
Zm00001eb046750,chr1,241110893,height_cm,186.0,178.35714285714286,7.642857142857139,0.5593395252837977,5,14,-2.221385354874377,0.7937605738920169
Zm00001eb046750,chr1,241110893,ear_ht_ratio,0.47400000000000003,0.45857142857142863,0.015428571428571403,0.57839144024076,5,14,-2.221385354874377,0.8073510773130546
Zm00001eb046960,chr1,241539557,DTA,69.46666666666667,67.5,1.9666666666666686,0.4107327141382869,15,4,1.4931449668293355,0.6873871629716617
Zm00001eb046960,chr1,241539557,height_cm,182.8,171.25,11.550000000000011,0.4107327141382869,15,4,1.4931449668293355,0.6873871629716617
Zm00001eb046960,chr1,241539557,ear_ht_ratio,0.4686666666666667,0.43999999999999995,0.02866666666666673,0.39511771323649647,15,4,1.4931449668293355,0.6667000724371067
Zm00001eb047770,chr1,245361730,DTA,68.72222222222223,69.35,-0.6277777777777658,0.6533789106936937,9,10,-7.1755794559533985,0.8531033641213936
Zm00001eb047770,chr1,245361730,height_cm,179.11111111111111,181.5,-2.3888888888888857,0.6533789106936937,9,10,-7.1755794559533985,0.8531033641213936
Zm00001eb047770,chr1,245361730,ear_ht_ratio,0.4577777777777778,0.4670000000000001,-0.009222222222222298,0.6532367441100604,9,10,-7.1755794559533985,0.847694028007351
Zm00001eb048390,chr1,248596857,DTA,65.16666666666667,70.84615384615384,-5.679487179487168,0.00471767654430193,6,13,5.293251429718321,0.13413344545095493
Zm00001eb048390,chr1,248596857,height_cm,161.16666666666666,189.23076923076923,-28.06410256410257,0.00471767654430193,6,13,5.293251429718321,0.13413344545095493
Zm00001eb048390,chr1,248596857,ear_ht_ratio,0.41333333333333333,0.4853846153846154,-0.07205128205128208,0.008480173934611823,6,13,5.293251429718321,0.21527220268561303
Zm00001eb048710,chr1,250455723,DTA,67.9,69.46428571428571,-1.5642857142857025,0.6216030271757825,5,14,-3.3080792392493015,0.8364639626321065
Zm00001eb048710,chr1,250455723,height_cm,174.0,182.64285714285714,-8.642857142857139,0.6216030271757825,5,14,-3.3080792392493015,0.8364639626321065
Zm00001eb048710,chr1,250455723,ear_ht_ratio,0.44800000000000006,0.46785714285714286,-0.019857142857142795,0.57839144024076,5,14,-3.3080792392493015,0.8073510773130546
Zm00001eb049880,chr1,254679914,DTA,68.5,69.3076923076923,-0.8076923076923066,0.8314167772372107,6,13,-2.0255071593635225,0.9369073225055853
Zm00001eb049880,chr1,254679914,height_cm,179.33333333333334,180.84615384615384,-1.5128205128204968,0.8314167772372107,6,13,-2.0255071593635225,0.9369073225055853
Zm00001eb049880,chr1,254679914,ear_ht_ratio,0.4583333333333333,0.4646153846153846,-0.006282051282051282,0.8263690526786182,6,13,-2.0255071593635225,0.9399947974219282
Zm00001eb049920,chr1,254745792,DTA,68.91666666666667,69.11538461538461,-0.1987179487179418,1.0,6,13,-1.4840239648110298,1.0
Zm00001eb049920,chr1,254745792,height_cm,180.0,180.53846153846155,-0.5384615384615472,1.0,6,13,-1.4840239648110298,1.0
Zm00001eb049920,chr1,254745792,ear_ht_ratio,0.46166666666666667,0.46307692307692305,-0.001410256410256383,1.0,6,13,-1.4840239648110298,1.0
Zm00001eb050350,chr1,256721763,DTA,72.8,67.71428571428571,5.085714285714289,0.014275885792913657,5,14,-2.967144294346598,0.198453959538135
Zm00001eb050350,chr1,256721763,height_cm,200.0,173.35714285714286,26.64285714285714,0.014275885792913657,5,14,-2.967144294346598,0.198453959538135
Zm00001eb050350,chr1,256721763,ear_ht_ratio,0.516,0.44357142857142856,0.07242857142857145,0.018182654560740325,5,14,-2.967144294346598,0.24117832688759241
Zm00001eb052110,chr1,263870101,DTA,66.83333333333333,70.07692307692308,-3.2435897435897516,0.1517765000737137,6,13,-2.124106917694363,0.4301717825004672
Zm00001eb052110,chr1,263870101,height_cm,169.5,185.3846153846154,-15.884615384615387,0.1517765000737137,6,13,-2.124106917694363,0.4301717825004672
Zm00001eb052110,chr1,263870101,ear_ht_ratio,0.4349999999999999,0.4753846153846154,-0.04038461538461552,0.16034603405715797,6,13,-2.124106917694363,0.4355668387821306
Zm00001eb055010,chr1,274494877,DTA,66.16666666666667,70.38461538461539,-4.217948717948715,0.07150228512457615,6,13,-2.350013218095232,0.3294535669031104
Zm00001eb055010,chr1,274494877,height_cm,165.83333333333334,187.07692307692307,-21.243589743589723,0.07150228512457615,6,13,-2.350013218095232,0.3294535669031104
Zm00001eb055010,chr1,274494877,ear_ht_ratio,0.425,0.48000000000000004,-0.05500000000000005,0.06538302306596423,6,13,-2.350013218095232,0.3164580814151705
Zm00001eb055170,chr1,275076946,DTA,66.91666666666667,70.03846153846153,-3.1217948717948616,0.17912428129146396,6,13,-3.0545487766710915,0.4624201304261906
Zm00001eb055170,chr1,275076946,height_cm,169.16666666666666,185.53846153846155,-16.37179487179489,0.17912428129146396,6,13,-3.0545487766710915,0.4624201304261906
Zm00001eb055170,chr1,275076946,ear_ht_ratio,0.43333333333333335,0.4761538461538461,-0.042820512820512746,0.17381835223371678,6,13,-3.0545487766710915,0.45237639243129896
Zm00001eb055620,chr1,276650852,DTA,70.72222222222223,67.55,3.1722222222222314,0.09416637543787974,9,10,3.0840355488625844,0.3720190779014309
Zm00001eb055620,chr1,276650852,height_cm,189.66666666666666,172.0,17.666666666666657,0.09416637543787974,9,10,3.0840355488625844,0.3720190779014309
Zm00001eb055620,chr1,276650852,ear_ht_ratio,0.48444444444444446,0.44299999999999995,0.041444444444444506,0.10231978735125255,9,10,3.0840355488625844,0.38199387277800956
Zm00001eb056030,chr1,278826136,DTA,70.9090909090909,65.75,5.1590909090909065,0.020200387847446672,11,6,2.1339360185778684,0.21032863849765257
Zm00001eb056030,chr1,278826136,height_cm,189.27272727272728,164.16666666666666,25.106060606060623,0.020200387847446672,11,6,2.1339360185778684,0.21032863849765257
Zm00001eb056030,chr1,278826136,ear_ht_ratio,0.4872727272727273,0.42,0.06727272727272732,0.020200387847446672,11,6,2.1339360185778684,0.24117832688759241
Zm00001eb057160,chr1,282764868,DTA,67.86363636363636,70.6875,-2.8238636363636402,0.15175570903125082,11,8,-1.9297323311764496,0.4301717825004672
Zm00001eb057160,chr1,282764868,height_cm,173.8181818181818,189.375,-15.556818181818187,0.15175570903125082,11,8,-1.9297323311764496,0.4301717825004672
Zm00001eb057160,chr1,282764868,ear_ht_ratio,0.44636363636363635,0.485,-0.038636363636363635,0.14827563704745536,11,8,-1.9297323311764496,0.4230847178954348
Zm00001eb059970,chr1,292328009,DTA,68.125,74.0,-5.875,0.033023735810113516,16,3,3.75243387349988,0.2469518021633605
Zm00001eb059970,chr1,292328009,height_cm,175.75,205.0,-29.25,0.033023735810113516,16,3,3.75243387349988,0.2469518021633605
Zm00001eb059970,chr1,292328009,ear_ht_ratio,0.45,0.53,-0.08000000000000002,0.03852069591563461,16,3,3.75243387349988,0.26928170499066423
Zm00001eb060330,chr1,293484526,DTA,69.0,69.08333333333333,-0.0833333333333286,0.967135032150512,7,12,1.7107850348014724,0.9909907556182588
Zm00001eb060330,chr1,293484526,height_cm,179.28571428571428,181.0,-1.7142857142857224,0.967135032150512,7,12,1.7107850348014724,0.9909907556182588
Zm00001eb060330,chr1,293484526,ear_ht_ratio,0.45999999999999996,0.46416666666666667,-0.004166666666666707,0.9662784709165981,7,12,1.7107850348014724,0.9992197824251186
Zm00001eb060410,chr1,293674250,DTA,70.25,68.73333333333333,1.5166666666666657,0.5964912280701754,4,15,2.382455404355214,0.8146067975183978
Zm00001eb060410,chr1,293674250,height_cm,187.0,178.6,8.400000000000006,0.5964912280701754,4,15,2.382455404355214,0.8146067975183978
Zm00001eb060410,chr1,293674250,ear_ht_ratio,0.48,0.458,0.021999999999999964,0.5821538202677059,4,15,2.382455404355214,0.8073510773130546
Zm00001eb060730,chr1,294630742,DTA,70.08333333333333,67.28571428571429,2.797619047619037,0.14221640073033262,12,7,3.766490117317838,0.4243177857855826
Zm00001eb060730,chr1,294630742,height_cm,185.83333333333334,171.0,14.833333333333343,0.14221640073033262,12,7,3.766490117317838,0.4243177857855826
Zm00001eb060730,chr1,294630742,ear_ht_ratio,0.47666666666666674,0.43857142857142856,0.03809523809523818,0.15060641154341897,12,7,3.766490117317838,0.4230847178954348
Zm00001eb061370,chr1,296607704,DTA,70.91666666666667,68.1923076923077,2.724358974358978,0.21001031991744068,6,13,2.515980070847814,0.48500999333777484
Zm00001eb061370,chr1,296607704,height_cm,189.83333333333334,176.0,13.833333333333343,0.21001031991744068,6,13,2.515980070847814,0.48500999333777484
Zm00001eb061370,chr1,296607704,ear_ht_ratio,0.4883333333333333,0.4507692307692308,0.037564102564102475,0.203269292872317,6,13,2.515980070847814,0.47486003228070445
Zm00001eb061520,chr1,297171952,DTA,69.21428571428571,68.95833333333333,0.2559523809523796,1.0,7,12,-1.69168016277512,1.0
Zm00001eb061520,chr1,297171952,height_cm,181.42857142857142,179.75,1.6785714285714164,1.0,7,12,-1.69168016277512,1.0
Zm00001eb061520,chr1,297171952,ear_ht_ratio,0.46428571428571436,0.46166666666666667,0.0026190476190476875,1.0,7,12,-1.69168016277512,1.0
Zm00001eb061760,chr1,297567154,DTA,71.4,66.44444444444444,4.955555555555563,0.01011233392133346,10,9,-2.2616050530421106,0.16731316124388088
Zm00001eb061760,chr1,297567154,height_cm,192.7,166.66666666666666,26.03333333333333,0.01011233392133346,10,9,-2.2616050530421106,0.16731316124388088
Zm00001eb061760,chr1,297567154,ear_ht_ratio,0.49400000000000005,0.4277777777777778,0.06622222222222224,0.011333306423631855,10,9,-2.2616050530421106,0.24117832688759241
Zm00001eb061820,chr1,297821539,DTA,70.07142857142857,68.45833333333333,1.6130952380952408,0.4824164483607208,7,12,-1.8927238208995572,0.7518254163590122
Zm00001eb061820,chr1,297821539,height_cm,184.42857142857142,178.0,6.428571428571416,0.4824164483607208,7,12,-1.8927238208995572,0.7518254163590122
Zm00001eb061820,chr1,297821539,ear_ht_ratio,0.4757142857142857,0.455,0.020714285714285685,0.4723279998326053,7,12,-1.8927238208995572,0.736305747062391
Zm00001eb061860,chr1,297954395,DTA,69.15,68.94444444444444,0.20555555555556282,0.8382564863858263,10,9,1.9645315002438188,0.9369073225055853
Zm00001eb061860,chr1,297954395,height_cm,181.5,179.11111111111111,2.3888888888888857,0.8382564863858263,10,9,1.9645315002438188,0.9369073225055853
Zm00001eb061860,chr1,297954395,ear_ht_ratio,0.46399999999999997,0.46111111111111114,0.0028888888888888298,0.8381864806450703,10,9,1.9645315002438188,0.9416662930703876
Zm00001eb061940,chr1,298119374,DTA,68.27272727272727,70.125,-1.8522727272727337,0.3950411473631288,11,8,2.011460116416276,0.6688138494892041
Zm00001eb061940,chr1,298119374,height_cm,177.0,185.0,-8.0,0.3950411473631288,11,8,2.011460116416276,0.6688138494892041
Zm00001eb061940,chr1,298119374,ear_ht_ratio,0.45363636363636356,0.47500000000000003,-0.021363636363636473,0.38572864258913975,11,8,2.011460116416276,0.660730474835044
Zm00001eb062220,chr1,299161158,DTA,69.6875,68.5909090909091,1.0965909090909065,0.6574052022968432,8,11,-1.556245220513922,0.8531033641213936
Zm00001eb062220,chr1,299161158,height_cm,184.0,177.72727272727272,6.2727272727272805,0.6574052022968432,8,11,-1.556245220513922,0.8531033641213936
Zm00001eb062220,chr1,299161158,ear_ht_ratio,0.47125,0.4563636363636364,0.014886363636363587,0.6495791849957385,8,11,-1.556245220513922,0.847694028007351
Zm00001eb063300,chr1,302187930,DTA,71.33333333333333,67.77272727272727,3.5606060606060623,0.12152553329023917,6,11,1.6836412220269683,0.39555365565443684
Zm00001eb063300,chr1,302187930,height_cm,191.33333333333334,173.8181818181818,17.51515151515153,0.12152553329023917,6,11,1.6836412220269683,0.39555365565443684
Zm00001eb063300,chr1,302187930,ear_ht_ratio,0.49500000000000005,0.4445454545454545,0.05045454545454553,0.13143138384566105,6,11,1.6836412220269683,0.4037217191546044
Zm00001eb065000,chr1,306610697,DTA,69.85714285714286,68.58333333333333,1.2738095238095326,0.5918075732317218,7,12,-3.849499542569564,0.8146067975183978
Zm00001eb065000,chr1,306610697,height_cm,185.71428571428572,177.25,8.464285714285722,0.5918075732317218,7,12,-3.849499542569564,0.8146067975183978
Zm00001eb065000,chr1,306610697,ear_ht_ratio,0.4757142857142858,0.45500000000000007,0.02071428571428574,0.5539392338353869,7,12,-3.849499542569564,0.7845676308018709
Zm00001eb068910,chr2,6413681,DTA,73.33333333333333,67.82142857142857,5.511904761904759,0.047058823529411764,3,14,2.9487015875250875,0.276280834914611
Zm00001eb068910,chr2,6413681,height_cm,202.33333333333334,174.28571428571428,28.047619047619065,0.047058823529411764,3,14,2.9487015875250875,0.276280834914611
Zm00001eb068910,chr2,6413681,ear_ht_ratio,0.5233333333333333,0.4464285714285715,0.07690476190476181,0.05069954693192271,3,14,2.9487015875250875,0.2946701847797887
Zm00001eb071290,chr2,11570568,DTA,68.08333333333333,69.5,-1.4166666666666714,0.5788736547250479,6,13,2.1910098163731746,0.8146067975183978
Zm00001eb071290,chr2,11570568,height_cm,177.5,181.69230769230768,-4.192307692307679,0.5788736547250479,6,13,2.1910098163731746,0.8146067975183978
Zm00001eb071290,chr2,11570568,ear_ht_ratio,0.45166666666666666,0.46769230769230774,-0.01602564102564108,0.5985646302095092,6,13,2.1910098163731746,0.8160206943680202
Zm00001eb071360,chr2,11669559,DTA,70.88461538461539,65.08333333333333,5.801282051282058,0.0032434026242075774,13,6,2.2096785542951864,0.11805985552115582
Zm00001eb071360,chr2,11669559,height_cm,190.23076923076923,159.0,31.230769230769226,0.0032434026242075774,13,6,2.2096785542951864,0.11805985552115582
Zm00001eb071360,chr2,11669559,ear_ht_ratio,0.4869230769230769,0.41,0.07692307692307693,0.005710711460303768,13,6,2.2096785542951864,0.20119851513836434
Zm00001eb072790,chr2,15238401,DTA,70.16666666666667,68.84375,1.3229166666666714,0.5593395252837977,3,16,2.599665427912612,0.7937605738920169
Zm00001eb072790,chr2,15238401,height_cm,185.0,179.5,5.5,0.5593395252837977,3,16,2.599665427912612,0.7937605738920169
Zm00001eb072790,chr2,15238401,ear_ht_ratio,0.48,0.459375,0.020625000000000004,0.5384301936179977,3,16,2.599665427912612,0.7755477503802284
Zm00001eb073810,chr2,18375896,DTA,69.16666666666667,69.03125,0.1354166666666714,0.9576883384932922,3,16,2.74040437964149,0.9909907556182588
Zm00001eb073810,chr2,18375896,height_cm,180.66666666666666,180.3125,0.3541666666666572,0.9576883384932922,3,16,2.74040437964149,0.9909907556182588
Zm00001eb073810,chr2,18375896,ear_ht_ratio,0.45999999999999996,0.463125,-0.0031250000000000444,0.9554005719259425,3,16,2.74040437964149,0.9992197824251186
Zm00001eb082480,chr2,50978303,DTA,71.66666666666667,67.84615384615384,3.820512820512832,0.07150228512457615,6,13,-2.112619935604266,0.3294535669031104
Zm00001eb082480,chr2,50978303,height_cm,193.0,174.53846153846155,18.461538461538453,0.07150228512457615,6,13,-2.112619935604266,0.3294535669031104
Zm00001eb082480,chr2,50978303,ear_ht_ratio,0.49666666666666676,0.446923076923077,0.04974358974358978,0.07927882740923248,6,13,-2.112619935604266,0.3435415854400074
Zm00001eb084920,chr2,66222254,DTA,68.5,69.45454545454545,-0.9545454545454533,0.7167844195707973,8,11,-2.3696942297445207,0.8935257833005829
Zm00001eb084920,chr2,66222254,height_cm,177.875,182.1818181818182,-4.306818181818187,0.7167844195707973,8,11,-2.3696942297445207,0.8935257833005829
Zm00001eb084920,chr2,66222254,ear_ht_ratio,0.45625,0.46727272727272723,-0.01102272727272724,0.7100876690322485,8,11,-2.3696942297445207,0.8833112224213372
Zm00001eb086540,chr2,84666680,DTA,66.57142857142857,69.6,-3.028571428571425,0.10880296174413821,7,10,5.451041171360822,0.389734667246629
Zm00001eb086540,chr2,84666680,height_cm,168.14285714285714,183.0,-14.857142857142861,0.10880296174413821,7,10,5.451041171360822,0.389734667246629
Zm00001eb086540,chr2,84666680,ear_ht_ratio,0.42857142857142855,0.47000000000000003,-0.04142857142857148,0.0969048726873081,7,10,5.451041171360822,0.3761102895141804
Zm00001eb087050,chr2,91262529,DTA,69.79166666666667,67.78571428571429,2.0059523809523796,0.2991188378185282,12,7,-1.7993221358770537,0.588979138934589
Zm00001eb087050,chr2,91262529,height_cm,184.58333333333334,173.14285714285714,11.440476190476204,0.2991188378185282,12,7,-1.7993221358770537,0.588979138934589
Zm00001eb087050,chr2,91262529,ear_ht_ratio,0.4741666666666667,0.4428571428571429,0.03130952380952379,0.29055427279738677,12,7,-1.7993221358770537,0.5747921483600478
Zm00001eb089390,chr2,115957364,DTA,68.625,69.36363636363636,-0.7386363636363598,0.8403852769177846,8,11,1.929141988092667,0.9369073225055853
Zm00001eb089390,chr2,115957364,height_cm,178.625,181.63636363636363,-3.011363636363626,0.8403852769177846,8,11,1.929141988092667,0.9369073225055853
Zm00001eb089390,chr2,115957364,ear_ht_ratio,0.4575,0.46636363636363637,-0.008863636363636351,0.8042693727201572,8,11,1.929141988092667,0.9383142681735168
Zm00001eb090620,chr2,127623788,DTA,69.5,68.28571428571429,1.2142857142857082,0.5918075732317218,12,7,2.2895812390196606,0.8146067975183978
Zm00001eb090620,chr2,127623788,height_cm,182.66666666666666,176.42857142857142,6.238095238095241,0.5918075732317218,12,7,2.2895812390196606,0.8146067975183978
Zm00001eb090620,chr2,127623788,ear_ht_ratio,0.47,0.4499999999999999,0.020000000000000073,0.5825996812113596,12,7,2.2895812390196606,0.8073510773130546
Zm00001eb090730,chr2,129787929,DTA,66.4,70.0,-3.5999999999999943,0.10681114551083593,5,14,-2.2002636420852406,0.389734667246629
Zm00001eb090730,chr2,129787929,height_cm,166.6,185.28571428571428,-18.685714285714283,0.10681114551083593,5,14,-2.2002636420852406,0.389734667246629
Zm00001eb090730,chr2,129787929,ear_ht_ratio,0.42800000000000005,0.47500000000000003,-0.046999999999999986,0.10503989124714103,5,14,-2.2002636420852406,0.3862072769086802
Zm00001eb091250,chr2,134943378,DTA,70.33333333333333,67.9,2.433333333333323,0.23644471557230384,9,10,3.9303940206049,0.5231968174365872
Zm00001eb091250,chr2,134943378,height_cm,187.11111111111111,174.3,12.811111111111103,0.23644471557230384,9,10,3.9303940206049,0.5231968174365872
Zm00001eb091250,chr2,134943378,ear_ht_ratio,0.4811111111111111,0.446,0.03511111111111109,0.2527908475104067,9,10,3.9303940206049,0.5359870410351422
Zm00001eb091420,chr2,137218069,DTA,65.5,70.0,-4.5,0.07997936016511868,4,15,1.5741093788501044,0.3507528566277494
Zm00001eb091420,chr2,137218069,height_cm,163.0,185.0,-22.0,0.07997936016511868,4,15,1.5741093788501044,0.3507528566277494
Zm00001eb091420,chr2,137218069,ear_ht_ratio,0.4175,0.4746666666666667,-0.0571666666666667,0.07173598666972901,4,15,1.5741093788501044,0.33476793779206876
Zm00001eb092900,chr2,149291040,DTA,69.9090909090909,67.875,2.0340909090909065,0.3510624222698526,11,8,-3.683282732956356,0.6341772789390886
Zm00001eb092900,chr2,149291040,height_cm,185.63636363636363,173.125,12.511363636363626,0.3510624222698526,11,8,-3.683282732956356,0.6341772789390886
Zm00001eb092900,chr2,149291040,ear_ht_ratio,0.47454545454545455,0.44625,0.028295454545454568,0.3421132665030042,11,8,-3.683282732956356,0.6195484030203658
Zm00001eb093120,chr2,150353833,DTA,70.5,69.75,0.75,0.4908424908424909,6,8,-4.107570323715804,0.7518254163590122
Zm00001eb093120,chr2,150353833,height_cm,187.0,183.375,3.625,0.4908424908424909,6,8,-4.107570323715804,0.7518254163590122
Zm00001eb093120,chr2,150353833,ear_ht_ratio,0.48499999999999993,0.46875,0.01624999999999993,0.4908424908424909,6,8,-4.107570323715804,0.7507002801120448
Zm00001eb094240,chr2,157709917,DTA,68.25,69.26666666666667,-1.0166666666666657,0.8854489164086687,4,15,-2.7660951915360297,0.9550561853850598
Zm00001eb094240,chr2,157709917,height_cm,176.5,181.4,-4.900000000000006,0.8854489164086687,4,15,-2.7660951915360297,0.9550561853850598
Zm00001eb094240,chr2,157709917,ear_ht_ratio,0.45499999999999996,0.46466666666666673,-0.009666666666666768,0.920309482198597,4,15,-2.7660951915360297,0.9709931928124328
Zm00001eb094480,chr2,159164367,DTA,69.33333333333333,68.92307692307692,0.4102564102564088,0.8982750995134897,6,13,-2.6400627341813325,0.9550561853850598
Zm00001eb094480,chr2,159164367,height_cm,181.66666666666666,179.76923076923077,1.8974358974358836,0.8982750995134897,6,13,-2.6400627341813325,0.9550561853850598
Zm00001eb094480,chr2,159164367,ear_ht_ratio,0.46666666666666673,0.46076923076923076,0.005897435897435965,0.8952876797752769,6,13,-2.6400627341813325,0.9549504898208954
Zm00001eb094520,chr2,159636350,DTA,70.0,67.42857142857143,2.5714285714285694,0.195562435500516,12,7,-1.8043074544860256,0.4793584277588406
Zm00001eb094520,chr2,159636350,height_cm,185.0,172.42857142857142,12.571428571428584,0.195562435500516,12,7,-1.8043074544860256,0.4793584277588406
Zm00001eb094520,chr2,159636350,ear_ht_ratio,0.47583333333333333,0.44,0.03583333333333333,0.1900050984733419,12,7,-1.8043074544860256,0.4626211093263977
Zm00001eb094610,chr2,160906572,DTA,67.85714285714286,69.75,-1.8928571428571388,0.4319679288719536,7,12,1.9148125674673215,0.7098705467692602
Zm00001eb094610,chr2,160906572,height_cm,174.85714285714286,183.58333333333334,-8.726190476190482,0.4319679288719536,7,12,1.9148125674673215,0.7098705467692602
Zm00001eb094610,chr2,160906572,ear_ht_ratio,0.4485714285714285,0.47083333333333327,-0.02226190476190476,0.42183087442734335,7,12,1.9148125674673215,0.6932119110228127
Zm00001eb095350,chr2,165512139,DTA,66.66666666666667,70.15384615384616,-3.487179487179489,0.08742444346159517,6,13,1.7922653212566346,0.3616192888638709
Zm00001eb095350,chr2,165512139,height_cm,168.33333333333334,185.92307692307693,-17.58974358974359,0.08742444346159517,6,13,1.7922653212566346,0.3616192888638709
Zm00001eb095350,chr2,165512139,ear_ht_ratio,0.4316666666666667,0.47692307692307695,-0.04525641025641025,0.09548625200538352,6,13,1.7922653212566346,0.3761102895141804
Zm00001eb097990,chr2,179202379,DTA,70.54545454545455,67.0,3.5454545454545467,0.10865020772141516,11,8,3.416799706097878,0.389734667246629
Zm00001eb097990,chr2,179202379,height_cm,187.9090909090909,170.0,17.909090909090907,0.10865020772141516,11,8,3.416799706097878,0.389734667246629
Zm00001eb097990,chr2,179202379,ear_ht_ratio,0.4827272727272728,0.43500000000000005,0.04772727272727273,0.09849981001289872,11,8,3.416799706097878,0.3761102895141804
Zm00001eb099240,chr2,184394540,DTA,69.81818181818181,68.0,1.818181818181813,0.44214230901537405,11,8,-2.3588175467836083,0.7118500232614879
Zm00001eb099240,chr2,184394540,height_cm,183.72727272727272,175.75,7.9772727272727195,0.44214230901537405,11,8,-2.3588175467836083,0.7118500232614879
Zm00001eb099240,chr2,184394540,ear_ht_ratio,0.47181818181818186,0.44999999999999996,0.021818181818181903,0.43258200513177003,11,8,-2.3588175467836083,0.6998215549687301
Zm00001eb099850,chr2,187908036,DTA,68.78571428571429,69.20833333333333,-0.4226190476190368,0.9018020163530999,7,12,1.5555304707154634,0.9550561853850598
Zm00001eb099850,chr2,187908036,height_cm,178.85714285714286,181.25,-2.392857142857139,0.9018020163530999,7,12,1.5555304707154634,0.9550561853850598
Zm00001eb099850,chr2,187908036,ear_ht_ratio,0.4585714285714286,0.465,-0.00642857142857145,0.8657140237516031,7,12,1.5555304707154634,0.9541035840471408
Zm00001eb099930,chr2,188343833,DTA,67.21428571428571,70.125,-2.910714285714292,0.16734143049932523,7,12,-2.043435168426184,0.4512020792722547
Zm00001eb099930,chr2,188343833,height_cm,170.28571428571428,186.25,-15.964285714285722,0.16734143049932523,7,12,-2.043435168426184,0.4512020792722547
Zm00001eb099930,chr2,188343833,ear_ht_ratio,0.43857142857142856,0.4766666666666666,-0.03809523809523807,0.1629806968918196,7,12,-2.043435168426184,0.4362130416810466
Zm00001eb100140,chr2,189051241,DTA,67.96153846153847,71.41666666666667,-3.4551282051282044,0.12737726669615215,13,6,-1.9935988145958217,0.39555365565443684
Zm00001eb100140,chr2,189051241,height_cm,175.76923076923077,190.33333333333334,-14.56410256410257,0.12737726669615215,13,6,-1.9935988145958217,0.39555365565443684
Zm00001eb100140,chr2,189051241,ear_ht_ratio,0.4492307692307692,0.4916666666666667,-0.042435897435897485,0.12465488235319722,13,6,-1.9935988145958217,0.3949177311970252
Zm00001eb101980,chr2,195309375,DTA,71.625,67.18181818181819,4.443181818181813,0.015744489428699954,8,11,2.0274421820994974,0.20096553982856027
Zm00001eb101980,chr2,195309375,height_cm,193.75,170.63636363636363,23.113636363636374,0.015744489428699954,8,11,2.0274421820994974,0.20096553982856027
Zm00001eb101980,chr2,195309375,ear_ht_ratio,0.4975,0.43727272727272726,0.06022727272727274,0.020720515889753037,8,11,2.0274421820994974,0.24117832688759241
Zm00001eb102250,chr2,197316674,DTA,69.3,68.77777777777777,0.5222222222222257,0.9025232501776794,10,9,2.374165845346326,0.9550561853850598
Zm00001eb102250,chr2,197316674,height_cm,181.4,179.22222222222223,2.177777777777777,0.9025232501776794,10,9,2.374165845346326,0.9550561853850598
Zm00001eb102250,chr2,197316674,ear_ht_ratio,0.465,0.4600000000000001,0.004999999999999949,0.9024806826878791,10,9,2.374165845346326,0.9549504898208954
Zm00001eb102770,chr2,199471918,DTA,69.6,67.0,2.5999999999999943,0.30701754385964913,15,4,-3.72460756663395,0.588979138934589
Zm00001eb102770,chr2,199471918,height_cm,183.46666666666667,168.75,14.716666666666669,0.30701754385964913,15,4,-3.72460756663395,0.588979138934589
Zm00001eb102770,chr2,199471918,ear_ht_ratio,0.4706666666666667,0.4325,0.03816666666666668,0.2935062910596856,15,4,-3.72460756663395,0.5759368730227794
Zm00001eb103260,chr2,201176114,DTA,69.375,68.81818181818181,0.556818181818187,0.9038924611680029,8,11,-2.321060806569264,0.9550561853850598
Zm00001eb103260,chr2,201176114,height_cm,181.5,179.54545454545453,1.9545454545454675,0.9038924611680029,8,11,-2.321060806569264,0.9550561853850598
Zm00001eb103260,chr2,201176114,ear_ht_ratio,0.46875,0.4581818181818182,0.01056818181818181,0.8687731502239301,8,11,-2.321060806569264,0.9541035840471408
Zm00001eb104260,chr2,203976292,DTA,67.21428571428571,70.125,-2.910714285714292,0.195562435500516,7,12,-3.1423662585172822,0.4793584277588406
Zm00001eb104260,chr2,203976292,height_cm,170.28571428571428,186.25,-15.964285714285722,0.195562435500516,7,12,-3.1423662585172822,0.4793584277588406
Zm00001eb104260,chr2,203976292,ear_ht_ratio,0.44,0.47583333333333333,-0.03583333333333333,0.1900050984733419,7,12,-3.1423662585172822,0.4626211093263977
Zm00001eb104300,chr2,204129280,DTA,71.33333333333333,66.83333333333333,4.5,0.042260106083956646,9,9,-2.0729768128253014,0.2757955641272903
Zm00001eb104300,chr2,204129280,height_cm,191.88888888888889,168.88888888888889,23.0,0.042260106083956646,9,9,-2.0729768128253014,0.2757955641272903
Zm00001eb104300,chr2,204129280,ear_ht_ratio,0.49222222222222217,0.4344444444444444,0.05777777777777776,0.0421538191796558,9,9,-2.0729768128253014,0.2841479663221243
Zm00001eb104810,chr2,205427329,DTA,67.13636363636364,71.6875,-4.55113636363636,0.02593210023550581,11,8,3.306003782257017,0.2169950456488302
Zm00001eb104810,chr2,205427329,height_cm,171.0909090909091,193.125,-22.034090909090907,0.02593210023550581,11,8,3.306003782257017,0.2169950456488302
Zm00001eb104810,chr2,205427329,ear_ht_ratio,0.4390909090909091,0.495,-0.05590909090909091,0.03172793234606156,11,8,3.306003782257017,0.25952735671834626
Zm00001eb105590,chr2,208547792,DTA,69.31818181818181,68.6875,0.630681818181813,0.7779894683919452,11,8,-3.1140159289396037,0.9194420990086625
Zm00001eb105590,chr2,208547792,height_cm,181.63636363636363,178.625,3.011363636363626,0.7779894683919452,11,8,-3.1140159289396037,0.9194420990086625
Zm00001eb105590,chr2,208547792,ear_ht_ratio,0.4645454545454546,0.45999999999999996,0.00454545454545463,0.7410719877127986,11,8,-3.1140159289396037,0.9052020252599285
Zm00001eb105750,chr2,208963532,DTA,62.833333333333336,70.21875,-7.385416666666664,0.0020639834881320948,3,16,3.984082892776928,0.10732714138286892
Zm00001eb105750,chr2,208963532,height_cm,146.66666666666666,186.6875,-40.02083333333334,0.0020639834881320948,3,16,3.984082892776928,0.10732714138286892
Zm00001eb105750,chr2,208963532,ear_ht_ratio,0.38000000000000006,0.47812499999999997,-0.0981249999999999,0.008575403678410408,3,16,3.984082892776928,0.21527220268561303
Zm00001eb106100,chr2,210156220,DTA,71.35714285714286,67.70833333333333,3.6488095238095326,0.0831150273874732,7,12,2.2421915352182813,0.3559278819887088
Zm00001eb106100,chr2,210156220,height_cm,191.42857142857142,173.91666666666666,17.51190476190476,0.0831150273874732,7,12,2.2421915352182813,0.3559278819887088
Zm00001eb106100,chr2,210156220,ear_ht_ratio,0.4928571428571428,0.445,0.04785714285714282,0.08303763192789856,7,12,2.2421915352182813,0.3494300349335847
Zm00001eb106160,chr2,210259382,DTA,65.5,70.32142857142857,-4.821428571428569,0.043687650498796006,5,14,1.6798491547575147,0.2757955641272903
Zm00001eb106160,chr2,210259382,height_cm,162.0,186.92857142857142,-24.928571428571416,0.043687650498796006,5,14,1.6798491547575147,0.2757955641272903
Zm00001eb106160,chr2,210259382,ear_ht_ratio,0.41600000000000004,0.4792857142857142,-0.06328571428571417,0.04643837695812266,5,14,1.6798491547575147,0.2914408484958043
Zm00001eb106240,chr2,210450109,DTA,65.83333333333333,69.65625,-3.8229166666666714,0.2105263157894737,3,16,-0.774454218968955,0.48500999333777484
Zm00001eb106240,chr2,210450109,height_cm,163.33333333333334,183.5625,-20.229166666666657,0.2105263157894737,3,16,-0.774454218968955,0.48500999333777484
Zm00001eb106240,chr2,210450109,ear_ht_ratio,0.42,0.470625,-0.05062500000000003,0.19833720370064056,3,16,-0.774454218968955,0.47186105978453047
Zm00001eb106250,chr2,210507799,DTA,69.33333333333333,68.0,1.3333333333333286,0.6646026831785345,15,4,1.8393724624089127,0.8563376165557046
Zm00001eb106250,chr2,210507799,height_cm,181.46666666666667,176.25,5.216666666666669,0.6646026831785345,15,4,1.8393724624089127,0.8563376165557046
Zm00001eb106250,chr2,210507799,ear_ht_ratio,0.46599999999999997,0.44999999999999996,0.016000000000000014,0.616920569649885,15,4,1.8393724624089127,0.8271052941162361
Zm00001eb107400,chr2,213303119,DTA,68.6875,69.31818181818181,-0.630681818181813,0.7167844195707973,8,11,1.7135357031632072,0.8935257833005829
Zm00001eb107400,chr2,213303119,height_cm,178.375,181.8181818181818,-3.443181818181813,0.7167844195707973,8,11,1.7135357031632072,0.8935257833005829
Zm00001eb107400,chr2,213303119,ear_ht_ratio,0.45625,0.46727272727272734,-0.01102272727272735,0.7100876690322485,8,11,1.7135357031632072,0.8833112224213372
Zm00001eb108390,chr2,216082865,DTA,67.6,70.5909090909091,-2.990909090909099,0.18040293040293043,5,11,3.0303187230202746,0.4635527847284071
Zm00001eb108390,chr2,216082865,height_cm,174.4,187.8181818181818,-13.418181818181807,0.18040293040293043,5,11,3.0303187230202746,0.4635527847284071
Zm00001eb108390,chr2,216082865,ear_ht_ratio,0.442,0.48363636363636364,-0.04163636363636364,0.15644043235704402,5,11,3.0303187230202746,0.4330366340529584
Zm00001eb109520,chr2,218577186,DTA,69.83333333333333,68.35,1.4833333333333343,0.5402913746074198,9,10,3.0542274549644044,0.7819724069864844
Zm00001eb109520,chr2,218577186,height_cm,184.66666666666666,176.5,8.166666666666657,0.5402913746074198,9,10,3.0542274549644044,0.7819724069864844
Zm00001eb109520,chr2,218577186,ear_ht_ratio,0.4744444444444444,0.45200000000000007,0.022444444444444323,0.513444337525733,9,10,3.0542274549644044,0.7612369161232599
Zm00001eb109710,chr2,219207006,DTA,67.2,69.71428571428571,-2.5142857142857054,0.2975576195390437,5,14,-2.3621668479860167,0.588979138934589
Zm00001eb109710,chr2,219207006,height_cm,172.0,183.35714285714286,-11.357142857142861,0.2975576195390437,5,14,-2.3621668479860167,0.588979138934589
Zm00001eb109710,chr2,219207006,ear_ht_ratio,0.43600000000000005,0.47214285714285714,-0.03614285714285709,0.2663653587320991,5,14,-2.3621668479860167,0.5493313913795131
Zm00001eb109770,chr2,219308618,DTA,67.0,69.78571428571429,-2.785714285714292,0.2192982456140351,5,14,-4.723984419407953,0.5020412666887345
Zm00001eb109770,chr2,219308618,height_cm,169.4,184.28571428571428,-14.885714285714272,0.2192982456140351,5,14,-4.723984419407953,0.5020412666887345
Zm00001eb109770,chr2,219308618,ear_ht_ratio,0.438,0.4714285714285715,-0.033428571428571474,0.211151391270891,5,14,-4.723984419407953,0.48339060643147375
Zm00001eb110020,chr2,219948998,DTA,70.95454545454545,66.4375,4.517045454545453,0.02593210023550581,11,8,-2.196394333079513,0.2169950456488302
Zm00001eb110020,chr2,219948998,height_cm,190.1818181818182,166.875,23.306818181818187,0.02593210023550581,11,8,-2.196394333079513,0.2169950456488302
Zm00001eb110020,chr2,219948998,ear_ht_ratio,0.4872727272727273,0.42874999999999996,0.05852272727272734,0.03172793234606156,11,8,-2.196394333079513,0.25952735671834626
Zm00001eb110760,chr2,221893832,DTA,71.375,68.43333333333334,2.941666666666663,0.26212590299277605,4,15,-1.8964085092470744,0.5499356120424811
Zm00001eb110760,chr2,221893832,height_cm,193.25,176.93333333333334,16.316666666666663,0.26212590299277605,4,15,-1.8964085092470744,0.5499356120424811
Zm00001eb110760,chr2,221893832,ear_ht_ratio,0.4975,0.45333333333333337,0.04416666666666663,0.22993486412373654,4,15,-1.8964085092470744,0.510343235006342
Zm00001eb112590,chr2,227252089,DTA,70.0,67.625,2.375,0.20307143836555602,10,8,-1.7042008650994074,0.48500999333777484
Zm00001eb112590,chr2,227252089,height_cm,185.5,172.75,12.75,0.20307143836555602,10,8,-1.7042008650994074,0.48500999333777484
Zm00001eb112590,chr2,227252089,ear_ht_ratio,0.4760000000000001,0.44375,0.03225000000000011,0.18237655833280264,10,8,-1.7042008650994074,0.45625475761608353
Zm00001eb113090,chr2,229264642,DTA,69.0,69.0625,-0.0625,0.9576883384932922,3,16,3.226892876942958,0.9909907556182588
Zm00001eb113090,chr2,229264642,height_cm,180.0,180.4375,-0.4375,0.9576883384932922,3,16,3.226892876942958,0.9909907556182588
Zm00001eb113090,chr2,229264642,ear_ht_ratio,0.45999999999999996,0.463125,-0.0031250000000000444,0.9554005719259425,3,16,3.226892876942958,0.9992197824251186
Zm00001eb113950,chr2,231733039,DTA,66.33333333333333,69.5625,-3.2291666666666714,0.303405572755418,3,16,2.4276087436468217,0.588979138934589
Zm00001eb113950,chr2,231733039,height_cm,169.0,182.5,-13.5,0.303405572755418,3,16,2.4276087436468217,0.588979138934589
Zm00001eb113950,chr2,231733039,ear_ht_ratio,0.43,0.46875,-0.03875000000000001,0.2633429730199839,3,16,2.4276087436468217,0.5461928329303369
Zm00001eb114030,chr2,231974874,DTA,72.0,68.0,4.0,0.10681114551083593,5,14,2.9034353041982452,0.389734667246629
Zm00001eb114030,chr2,231974874,height_cm,194.0,175.5,18.5,0.10681114551083593,5,14,2.9034353041982452,0.389734667246629
Zm00001eb114030,chr2,231974874,ear_ht_ratio,0.502,0.44857142857142857,0.053428571428571436,0.10503989124714103,5,14,2.9034353041982452,0.3862072769086802
Zm00001eb117470,chr2,240761302,DTA,71.57142857142857,67.58333333333333,3.988095238095241,0.04493133285702945,7,12,1.933356301671669,0.2757955641272903
Zm00001eb117470,chr2,240761302,height_cm,193.57142857142858,172.66666666666666,20.904761904761926,0.04493133285702945,7,12,1.933356301671669,0.2757955641272903
Zm00001eb117470,chr2,240761302,ear_ht_ratio,0.4957142857142857,0.44333333333333336,0.05238095238095236,0.051810142378863944,7,12,1.933356301671669,0.2946701847797887
Zm00001eb117970,chr2,241868493,DTA,68.9,69.10714285714286,-0.20714285714285552,0.8230134158926727,5,14,-2.2725010919480866,0.9369073225055853
Zm00001eb117970,chr2,241868493,height_cm,179.4,180.71428571428572,-1.3142857142857167,0.8230134158926727,5,14,-2.2725010919480866,0.9369073225055853
Zm00001eb117970,chr2,241868493,ear_ht_ratio,0.45600000000000007,0.46499999999999997,-0.008999999999999897,0.8168824139637137,5,14,-2.2725010919480866,0.9399947974219282
Zm00001eb118790,chr3,1394090,DTA,66.75,70.11538461538461,-3.365384615384613,0.1517765000737137,6,13,2.2539416957231064,0.4301717825004672
Zm00001eb118790,chr3,1394090,height_cm,167.66666666666666,186.23076923076923,-18.56410256410257,0.1517765000737137,6,13,2.2539416957231064,0.4301717825004672
Zm00001eb118790,chr3,1394090,ear_ht_ratio,0.43333333333333335,0.4761538461538462,-0.04282051282051286,0.16034603405715797,6,13,2.2539416957231064,0.4355668387821306
Zm00001eb119270,chr3,2105164,DTA,69.125,68.71428571428571,0.4107142857142918,0.8784313725490195,4,14,-2.135287702759879,0.9550561853850598
Zm00001eb119270,chr3,2105164,height_cm,182.25,178.42857142857142,3.8214285714285836,0.8784313725490195,4,14,-2.135287702759879,0.9550561853850598
Zm00001eb119270,chr3,2105164,ear_ht_ratio,0.46749999999999997,0.4571428571428572,0.010357142857142787,0.873369074374237,4,14,-2.135287702759879,0.9546737029195865
Zm00001eb120360,chr3,4403930,DTA,70.38888888888889,67.85,2.5388888888888914,0.23644471557230384,9,10,3.413018641119319,0.5231968174365872
Zm00001eb120360,chr3,4403930,height_cm,187.77777777777777,173.7,14.077777777777783,0.23644471557230384,9,10,3.413018641119319,0.5231968174365872
Zm00001eb120360,chr3,4403930,ear_ht_ratio,0.47888888888888886,0.44799999999999995,0.03088888888888891,0.22046883962008057,9,10,3.413018641119319,0.49233532283257253
Zm00001eb121000,chr3,5797323,DTA,69.625,68.07142857142857,1.5535714285714306,0.38445661665475905,12,7,1.5710459829429757,0.6632332154612904
Zm00001eb121000,chr3,5797323,height_cm,183.08333333333334,175.71428571428572,7.36904761904762,0.38445661665475905,12,7,1.5710459829429757,0.6632332154612904
Zm00001eb121000,chr3,5797323,ear_ht_ratio,0.4708333333333334,0.44857142857142857,0.022261904761904816,0.3746475684825058,12,7,1.5710459829429757,0.6478466267345943
Zm00001eb121590,chr3,8139290,DTA,67.22222222222223,70.7,-3.4777777777777743,0.07917934957557052,9,10,-1.744482690570362,0.3507528566277494
Zm00001eb121590,chr3,8139290,height_cm,172.0,187.9,-15.900000000000006,0.07917934957557052,9,10,-1.744482690570362,0.3507528566277494
Zm00001eb121590,chr3,8139290,ear_ht_ratio,0.4388888888888889,0.4840000000000001,-0.04511111111111121,0.07904776203659059,9,10,-1.744482690570362,0.3435415854400074
Zm00001eb121890,chr3,8816775,DTA,72.0,68.0,4.0,0.07000343997248022,5,14,-2.2326596187640484,0.3294535669031104
Zm00001eb121890,chr3,8816775,height_cm,196.0,174.78571428571428,21.214285714285722,0.07000343997248022,5,14,-2.2326596187640484,0.3294535669031104
Zm00001eb121890,chr3,8816775,ear_ht_ratio,0.502,0.44857142857142857,0.053428571428571436,0.07089623432508263,5,14,-2.2326596187640484,0.33298360379780745
Zm00001eb122000,chr3,8920662,DTA,66.875,69.63333333333334,-2.75833333333334,0.30701754385964913,4,15,2.492254597951363,0.588979138934589
Zm00001eb122000,chr3,8920662,height_cm,169.5,183.26666666666668,-13.76666666666668,0.30701754385964913,4,15,2.492254597951363,0.588979138934589
Zm00001eb122000,chr3,8920662,ear_ht_ratio,0.4375,0.4693333333333333,-0.031833333333333325,0.31709815970625277,4,15,2.492254597951363,0.5965050652872145
Zm00001eb122170,chr3,9277928,DTA,69.5,68.93333333333334,0.5666666666666629,0.8854489164086687,4,15,-1.6246188408538758,0.9550561853850598
Zm00001eb122170,chr3,9277928,height_cm,181.25,180.13333333333333,1.1166666666666742,0.8854489164086687,4,15,-1.6246188408538758,0.9550561853850598
Zm00001eb122170,chr3,9277928,ear_ht_ratio,0.47000000000000003,0.46066666666666667,0.00933333333333336,0.8807126761677578,4,15,-1.6246188408538758,0.9549504898208954
Zm00001eb122200,chr3,9385012,DTA,71.1875,67.5,3.6875,0.06202534995104655,8,11,1.8618692704715207,0.31785345717234265
Zm00001eb122200,chr3,9385012,height_cm,191.625,172.1818181818182,19.443181818181813,0.06202534995104655,8,11,1.8618692704715207,0.31785345717234265
Zm00001eb122200,chr3,9385012,ear_ht_ratio,0.4925,0.440909090909091,0.05159090909090902,0.05743364334604658,8,11,1.8618692704715207,0.30165119421532766
Zm00001eb122460,chr3,10164283,DTA,69.25,68.9090909090909,0.3409090909090935,0.9678494879733269,8,11,1.6020125619309538,0.9909907556182588
Zm00001eb122460,chr3,10164283,height_cm,181.75,179.36363636363637,2.386363636363626,0.9678494879733269,8,11,1.6020125619309538,0.9909907556182588
Zm00001eb122460,chr3,10164283,ear_ht_ratio,0.46499999999999997,0.46090909090909093,0.004090909090909034,1.0,8,11,1.6020125619309538,1.0
Zm00001eb122970,chr3,12504511,DTA,71.0,68.15384615384616,2.8461538461538396,0.17912428129146396,6,13,-2.7552397663550363,0.4624201304261906
Zm00001eb122970,chr3,12504511,height_cm,190.0,175.92307692307693,14.076923076923066,0.17912428129146396,6,13,-2.7552397663550363,0.4624201304261906
Zm00001eb122970,chr3,12504511,ear_ht_ratio,0.48666666666666664,0.45153846153846156,0.03512820512820508,0.18811886265201128,6,13,-2.7552397663550363,0.4626211093263977
Zm00001eb123370,chr3,13885162,DTA,66.5,69.5,-3.0,0.17343604108309993,5,13,-5.053987026020242,0.4608081675492582
Zm00001eb123370,chr3,13885162,height_cm,169.4,181.92307692307693,-12.523076923076928,0.17343604108309993,5,13,-5.053987026020242,0.4608081675492582
Zm00001eb123370,chr3,13885162,ear_ht_ratio,0.43,0.4676923076923077,-0.03769230769230769,0.15270443249406349,5,13,-5.053987026020242,0.42593420251217706
Zm00001eb124070,chr3,16582531,DTA,72.4,67.85714285714286,4.5428571428571445,0.05572755417956656,5,14,-3.3949988028314917,0.2983063194317975
Zm00001eb124070,chr3,16582531,height_cm,196.8,174.5,22.30000000000001,0.05572755417956656,5,14,-3.3949988028314917,0.2983063194317975
Zm00001eb124070,chr3,16582531,ear_ht_ratio,0.506,0.4471428571428572,0.05885714285714283,0.05759548900539909,5,14,-3.3949988028314917,0.30165119421532766
Zm00001eb124780,chr3,19793856,DTA,71.6,67.83333333333333,3.7666666666666657,0.11188811188811189,5,9,-6.626307350143475,0.389734667246629
Zm00001eb124780,chr3,19793856,height_cm,193.0,174.66666666666666,18.333333333333343,0.11188811188811189,5,9,-6.626307350143475,0.389734667246629
Zm00001eb124780,chr3,19793856,ear_ht_ratio,0.496,0.44777777777777783,0.048222222222222166,0.12477864579913814,5,9,-6.626307350143475,0.3949177311970252
Zm00001eb125470,chr3,23440020,DTA,68.13636363636364,70.3125,-2.1761363636363598,0.3510624222698526,11,8,2.5685126941439624,0.6341772789390886
Zm00001eb125470,chr3,23440020,height_cm,175.9090909090909,186.5,-10.590909090909093,0.3510624222698526,11,8,2.5685126941439624,0.6341772789390886
Zm00001eb125470,chr3,23440020,ear_ht_ratio,0.4518181818181819,0.4775,-0.025681818181818084,0.3421132665030042,11,8,2.5685126941439624,0.6195484030203658
Zm00001eb125670,chr3,24544548,DTA,65.6,70.28571428571429,-4.6857142857142975,0.033883728930168555,5,14,-2.153081217691684,0.2469518021633605
Zm00001eb125670,chr3,24544548,height_cm,162.0,186.92857142857142,-24.928571428571416,0.033883728930168555,5,14,-2.153081217691684,0.2469518021633605
Zm00001eb125670,chr3,24544548,ear_ht_ratio,0.414,0.48,-0.066,0.03715930638994655,5,14,-2.153081217691684,0.26928170499066423
Zm00001eb126330,chr3,28739489,DTA,68.3,69.32142857142857,-1.0214285714285722,0.6867905056759546,5,14,2.5423300346672986,0.8725715325167451
Zm00001eb126330,chr3,28739489,height_cm,175.0,182.28571428571428,-7.285714285714278,0.6867905056759546,5,14,2.5423300346672986,0.8725715325167451
Zm00001eb126330,chr3,28739489,ear_ht_ratio,0.45,0.46714285714285714,-0.017142857142857126,0.6768233178045968,5,14,2.5423300346672986,0.8634046902348246
Zm00001eb126650,chr3,30093262,DTA,70.5,68.38461538461539,2.115384615384613,0.32286598850066345,6,13,-2.613780193933824,0.6073551411588708
Zm00001eb126650,chr3,30093262,height_cm,187.0,177.30769230769232,9.69230769230768,0.32286598850066345,6,13,-2.613780193933824,0.6073551411588708
Zm00001eb126650,chr3,30093262,ear_ht_ratio,0.48166666666666663,0.4538461538461538,0.027820512820512844,0.31294615280125626,6,13,-2.613780193933824,0.5932937480190483
Zm00001eb127860,chr3,37290665,DTA,70.85,67.05555555555556,3.794444444444437,0.06619257972219345,10,9,1.6422511574694476,0.3212546535850455
Zm00001eb127860,chr3,37290665,height_cm,188.9,170.88888888888889,18.01111111111112,0.06619257972219345,10,9,1.6422511574694476,0.3212546535850455
Zm00001eb127860,chr3,37290665,ear_ht_ratio,0.48500000000000004,0.43777777777777777,0.047222222222222276,0.0723227862872007,10,9,1.6422511574694476,0.33535661412154205
Zm00001eb129370,chr3,48267116,DTA,67.875,70.23076923076923,-2.3557692307692264,0.24537815126050422,4,13,-1.9990235414204056,0.5364423246776189
Zm00001eb129370,chr3,48267116,height_cm,175.5,186.53846153846155,-11.038461538461547,0.24537815126050422,4,13,-1.9990235414204056,0.5364423246776189
Zm00001eb129370,chr3,48267116,ear_ht_ratio,0.44499999999999995,0.47923076923076924,-0.03423076923076929,0.21266579545018538,4,13,-1.9990235414204056,0.48533134510261744
Zm00001eb129580,chr3,49482162,DTA,70.0625,68.31818181818181,1.744318181818187,0.3950411473631288,8,11,-3.570384747350408,0.6688138494892041
Zm00001eb129580,chr3,49482162,height_cm,185.0,177.0,8.0,0.3950411473631288,8,11,-3.570384747350408,0.6688138494892041
Zm00001eb129580,chr3,49482162,ear_ht_ratio,0.4775,0.4518181818181819,0.025681818181818084,0.40875575041407863,8,11,-3.570384747350408,0.6763049688669301
Zm00001eb131690,chr3,68382243,DTA,67.2,69.71428571428571,-2.5142857142857054,0.391296869625043,5,14,2.46461909420489,0.6655703763715685
Zm00001eb131690,chr3,68382243,height_cm,170.0,184.07142857142858,-14.071428571428584,0.391296869625043,5,14,2.46461909420489,0.6655703763715685
Zm00001eb131690,chr3,68382243,ear_ht_ratio,0.43999999999999995,0.4707142857142857,-0.03071428571428575,0.3789053001095498,5,14,2.46461909420489,0.6521112493611164
Zm00001eb131860,chr3,70286034,DTA,71.6,68.14285714285714,3.4571428571428555,0.10681114551083593,5,14,2.648928550238483,0.389734667246629
Zm00001eb131860,chr3,70286034,height_cm,191.6,176.35714285714286,15.242857142857133,0.10681114551083593,5,14,2.648928550238483,0.389734667246629
Zm00001eb131860,chr3,70286034,ear_ht_ratio,0.49800000000000005,0.45,0.04800000000000004,0.10503989124714103,5,14,2.648928550238483,0.3862072769086802
Zm00001eb134200,chr3,107858865,DTA,68.7,67.58333333333333,1.1166666666666742,0.5621878121878122,10,6,4.492995826850416,0.7962504421648391
Zm00001eb134200,chr3,107858865,height_cm,178.4,173.33333333333334,5.066666666666663,0.5621878121878122,10,6,4.492995826850416,0.7962504421648391
Zm00001eb134200,chr3,107858865,ear_ht_ratio,0.457,0.44333333333333336,0.01366666666666666,0.5148719362740404,10,6,4.492995826850416,0.7612369161232599
Zm00001eb135710,chr3,120935326,DTA,70.83333333333333,67.45,3.3833333333333258,0.09416637543787974,9,10,-4.5840249634856125,0.3720190779014309
Zm00001eb135710,chr3,120935326,height_cm,189.66666666666666,172.0,17.666666666666657,0.09416637543787974,9,10,-4.5840249634856125,0.3720190779014309
Zm00001eb135710,chr3,120935326,ear_ht_ratio,0.4855555555555556,0.442,0.04355555555555557,0.09402204495117876,9,10,-4.5840249634856125,0.37608817980471504
Zm00001eb136350,chr3,127174606,DTA,69.15,68.94444444444444,0.20555555555556282,1.0,10,9,2.18591599474495,1.0
Zm00001eb136350,chr3,127174606,height_cm,181.2,179.44444444444446,1.7555555555555316,1.0,10,9,2.18591599474495,1.0
Zm00001eb136350,chr3,127174606,ear_ht_ratio,0.46299999999999997,0.46222222222222226,0.0007777777777777106,1.0,10,9,2.18591599474495,1.0
Zm00001eb137500,chr3,133837428,DTA,70.4375,68.04545454545455,2.3920454545454533,0.31004736577492,8,11,-2.4802241689362075,0.5893328519168192
Zm00001eb137500,chr3,133837428,height_cm,187.375,175.27272727272728,12.10227272727272,0.31004736577492,8,11,-2.4802241689362075,0.5893328519168192
Zm00001eb137500,chr3,133837428,ear_ht_ratio,0.47875,0.4509090909090909,0.027840909090909083,0.32153800699935164,8,11,-2.4802241689362075,0.6017472213252648
Zm00001eb138290,chr3,137811367,DTA,64.25,70.33333333333333,-6.083333333333329,0.009287925696594427,4,15,-2.2529353490446553,0.16731316124388088
Zm00001eb138290,chr3,137811367,height_cm,156.25,186.8,-30.55000000000001,0.009287925696594427,4,15,-2.2529353490446553,0.16731316124388088
Zm00001eb138290,chr3,137811367,ear_ht_ratio,0.40249999999999997,0.4786666666666667,-0.07616666666666672,0.01634795401983238,4,15,-2.2529353490446553,0.24117832688759241
Zm00001eb138300,chr3,137930351,DTA,70.3,67.66666666666667,2.6333333333333258,0.2056671796173556,10,9,2.1895306784654274,0.48500999333777484
Zm00001eb138300,chr3,137930351,height_cm,186.4,173.66666666666666,12.733333333333348,0.2056671796173556,10,9,2.1895306784654274,0.48500999333777484
Zm00001eb138300,chr3,137930351,ear_ht_ratio,0.47800000000000004,0.44555555555555565,0.03244444444444439,0.22046883962008057,10,9,2.1895306784654274,0.49233532283257253
Zm00001eb139410,chr3,144023725,DTA,68.0,70.85714285714286,-2.857142857142861,0.16734143049932523,12,7,2.698116925762295,0.4512020792722547
Zm00001eb139410,chr3,144023725,height_cm,174.91666666666666,189.71428571428572,-14.797619047619065,0.16734143049932523,12,7,2.698116925762295,0.4512020792722547
Zm00001eb139410,chr3,144023725,ear_ht_ratio,0.4475,0.4885714285714286,-0.04107142857142859,0.15060641154341897,12,7,2.698116925762295,0.4230847178954348
Zm00001eb139520,chr3,144772101,DTA,67.125,69.56666666666666,-2.441666666666663,0.30701754385964913,4,15,2.142356257271965,0.588979138934589
Zm00001eb139520,chr3,144772101,height_cm,169.75,183.2,-13.449999999999989,0.30701754385964913,4,15,2.142356257271965,0.588979138934589
Zm00001eb139520,chr3,144772101,ear_ht_ratio,0.435,0.47000000000000003,-0.03500000000000003,0.2935062910596856,4,15,2.142356257271965,0.5759368730227794
Zm00001eb139660,chr3,145520648,DTA,72.4,67.85714285714286,4.5428571428571445,0.043687650498796006,5,14,3.9622906001192386,0.2757955641272903
Zm00001eb139660,chr3,145520648,height_cm,197.4,174.28571428571428,23.114285714285728,0.043687650498796006,5,14,3.9622906001192386,0.2757955641272903
Zm00001eb139660,chr3,145520648,ear_ht_ratio,0.508,0.44642857142857145,0.061571428571428555,0.04643837695812266,5,14,3.9622906001192386,0.2914408484958043
Zm00001eb139920,chr3,147103568,DTA,66.2,70.07142857142857,-3.8714285714285666,0.08703130374957001,5,14,3.0395723230038407,0.3616192888638709
Zm00001eb139920,chr3,147103568,height_cm,166.0,185.5,-19.5,0.08703130374957001,5,14,3.0395723230038407,0.3616192888638709
Zm00001eb139920,chr3,147103568,ear_ht_ratio,0.422,0.4771428571428572,-0.055142857142857216,0.07843659850995441,5,14,3.0395723230038407,0.3435415854400074
Zm00001eb140330,chr3,148503239,DTA,70.3,67.66666666666667,2.6333333333333258,0.17790959498698267,10,9,-2.4660033014890264,0.4624201304261906
Zm00001eb140330,chr3,148503239,height_cm,186.0,174.11111111111111,11.888888888888886,0.17790959498698267,10,9,-2.4660033014890264,0.4624201304261906
Zm00001eb140330,chr3,148503239,ear_ht_ratio,0.47800000000000004,0.44555555555555554,0.0324444444444445,0.17771929702658174,10,9,-2.4660033014890264,0.45237639243129896
Zm00001eb140420,chr3,148810719,DTA,68.0,69.25,-1.25,0.6336429308565531,3,16,-3.089985574795782,0.8479633339403873
Zm00001eb140420,chr3,148810719,height_cm,174.0,181.5625,-7.5625,0.6336429308565531,3,16,-3.089985574795782,0.8479633339403873
Zm00001eb140420,chr3,148810719,ear_ht_ratio,0.45,0.46499999999999997,-0.014999999999999958,0.6147279862195962,3,16,-3.089985574795782,0.8271052941162361
Zm00001eb140720,chr3,150304881,DTA,67.77777777777777,70.2,-2.4222222222222314,0.2056671796173556,9,10,3.1652220350904807,0.48500999333777484
Zm00001eb140720,chr3,150304881,height_cm,173.66666666666666,186.4,-12.733333333333348,0.2056671796173556,9,10,3.1652220350904807,0.48500999333777484
Zm00001eb140720,chr3,150304881,ear_ht_ratio,0.4466666666666667,0.47700000000000004,-0.030333333333333323,0.22046883962008057,9,10,3.1652220350904807,0.49233532283257253
Zm00001eb142940,chr3,160577721,DTA,65.8125,71.4090909090909,-5.5965909090909065,0.003598740440845704,8,11,1.996247966587519,0.12346373956281076
Zm00001eb142940,chr3,160577721,height_cm,164.375,192.0,-27.625,0.003598740440845704,8,11,1.996247966587519,0.12346373956281076
Zm00001eb142940,chr3,160577721,ear_ht_ratio,0.42000000000000004,0.4936363636363636,-0.07363636363636356,0.005650789281741962,8,11,1.996247966587519,0.20119851513836434
Zm00001eb143140,chr3,161861731,DTA,70.45,67.5,2.950000000000003,0.11134688653314039,10,9,4.868431744459166,0.389734667246629
Zm00001eb143140,chr3,161861731,height_cm,187.2,172.77777777777777,14.422222222222217,0.11134688653314039,10,9,4.868431744459166,0.389734667246629
Zm00001eb143140,chr3,161861731,ear_ht_ratio,0.483,0.44,0.04299999999999998,0.1206563936611042,10,9,4.868431744459166,0.3949177311970252
Zm00001eb143370,chr3,163555665,DTA,69.5,68.84615384615384,0.6538461538461604,0.8982750995134897,6,13,-5.44944864441484,0.9550561853850598
Zm00001eb143370,chr3,163555665,height_cm,182.33333333333334,179.46153846153845,2.87179487179489,0.8982750995134897,6,13,-5.44944864441484,0.9550561853850598
Zm00001eb143370,chr3,163555665,ear_ht_ratio,0.46833333333333343,0.46,0.008333333333333415,0.8952876797752769,6,13,-5.44944864441484,0.9549504898208954
Zm00001eb143460,chr3,163930045,DTA,69.33333333333333,68.92307692307692,0.4102564102564088,1.0,6,13,2.8587039833583954,1.0
Zm00001eb143460,chr3,163930045,height_cm,182.16666666666666,179.53846153846155,2.62820512820511,1.0,6,13,2.8587039833583954,1.0
Zm00001eb143460,chr3,163930045,ear_ht_ratio,0.465,0.4615384615384616,0.003461538461538405,1.0,6,13,2.8587039833583954,1.0
Zm00001eb144360,chr3,170915078,DTA,71.5,68.59375,2.90625,0.303405572755418,3,16,3.0999196988574975,0.588979138934589
Zm00001eb144360,chr3,170915078,height_cm,193.33333333333334,177.9375,15.395833333333343,0.303405572755418,3,16,3.0999196988574975,0.588979138934589
Zm00001eb144360,chr3,170915078,ear_ht_ratio,0.49333333333333335,0.456875,0.03645833333333337,0.28796409318651073,3,16,3.0999196988574975,0.5743503009309036
Zm00001eb144450,chr3,171120618,DTA,66.9,68.8,-1.8999999999999915,0.5134865134865134,5,10,-2.5403550348152293,0.7739506869941651
Zm00001eb144450,chr3,171120618,height_cm,171.0,178.5,-7.5,0.5134865134865134,5,10,-2.5403550348152293,0.7739506869941651
Zm00001eb144450,chr3,171120618,ear_ht_ratio,0.43599999999999994,0.458,-0.022000000000000075,0.5399292844200788,5,10,-2.5403550348152293,0.7755477503802284
Zm00001eb144650,chr3,172182737,DTA,68.83333333333333,69.15384615384616,-0.3205128205128318,0.8982750995134897,6,13,2.719783098047161,0.9550561853850598
Zm00001eb144650,chr3,172182737,height_cm,180.16666666666666,180.46153846153845,-0.2948717948717956,0.8982750995134897,6,13,2.719783098047161,0.9550561853850598
Zm00001eb144650,chr3,172182737,ear_ht_ratio,0.46,0.46384615384615385,-0.0038461538461538325,0.8952876797752769,6,13,2.719783098047161,0.9549504898208954
Zm00001eb144840,chr3,172976940,DTA,71.33333333333333,66.3125,5.020833333333329,0.03595228301110654,9,8,1.6177074130778542,0.2469518021633605
Zm00001eb144840,chr3,172976940,height_cm,190.55555555555554,167.75,22.805555555555543,0.03595228301110654,9,8,1.6177074130778542,0.2469518021633605
Zm00001eb144840,chr3,172976940,ear_ht_ratio,0.4933333333333334,0.4275,0.06583333333333341,0.03844229728788798,9,8,1.6177074130778542,0.26928170499066423
Zm00001eb145100,chr3,173688086,DTA,66.5909090909091,72.4375,-5.8465909090909065,0.0025402873700087324,11,8,1.5930707008182463,0.11195693963860052
Zm00001eb145100,chr3,173688086,height_cm,168.1818181818182,197.125,-28.943181818181813,0.0025402873700087324,11,8,1.5930707008182463,0.11195693963860052
Zm00001eb145100,chr3,173688086,ear_ht_ratio,0.4309090909090909,0.5062500000000001,-0.07534090909090918,0.0043720051929201234,11,8,1.5930707008182463,0.20119851513836434
Zm00001eb147750,chr3,183850314,DTA,72.0,67.33333333333333,4.666666666666671,0.012979280781138367,7,12,1.3081921082906085,0.198453959538135
Zm00001eb147750,chr3,183850314,height_cm,195.85714285714286,171.33333333333334,24.52380952380952,0.012979280781138367,7,12,1.3081921082906085,0.198453959538135
Zm00001eb147750,chr3,183850314,ear_ht_ratio,0.5057142857142858,0.43750000000000006,0.06821428571428573,0.014205557242128424,7,12,1.3081921082906085,0.24117832688759241
Zm00001eb148130,chr3,185093979,DTA,69.25,68.71428571428571,0.5357142857142918,0.7108438517107247,12,7,2.0891111623814975,0.8935257833005829
Zm00001eb148130,chr3,185093979,height_cm,182.33333333333334,177.0,5.333333333333343,0.7108438517107247,12,7,2.0891111623814975,0.8935257833005829
Zm00001eb148130,chr3,185093979,ear_ht_ratio,0.4666666666666666,0.4557142857142856,0.010952380952380991,0.7035844410913497,12,7,2.0891111623814975,0.8833112224213372
Zm00001eb148640,chr3,186809419,DTA,69.3125,68.65,0.6624999999999943,0.8967503085150144,8,10,-2.2057095350318794,0.9550561853850598
Zm00001eb148640,chr3,186809419,height_cm,180.875,179.0,1.875,0.8967503085150144,8,10,-2.2057095350318794,0.9550561853850598
Zm00001eb148640,chr3,186809419,ear_ht_ratio,0.46625,0.458,0.00824999999999998,0.8939187042538409,8,10,-2.2057095350318794,0.9549504898208954
Zm00001eb148780,chr3,187164382,DTA,66.1,70.10714285714286,-4.007142857142867,0.05572755417956656,5,14,-1.530576759378904,0.2983063194317975
Zm00001eb148780,chr3,187164382,height_cm,166.4,185.35714285714286,-18.957142857142856,0.05572755417956656,5,14,-1.530576759378904,0.2983063194317975
Zm00001eb148780,chr3,187164382,ear_ht_ratio,0.42400000000000004,0.4764285714285714,-0.05242857142857138,0.05759548900539909,5,14,-1.530576759378904,0.30165119421532766
Zm00001eb149700,chr3,190837124,DTA,69.5625,68.68181818181819,0.880681818181813,0.7167844195707973,8,11,-2.016873673081728,0.8935257833005829
Zm00001eb149700,chr3,190837124,height_cm,182.375,178.9090909090909,3.4659090909090935,0.7167844195707973,8,11,-2.016873673081728,0.8935257833005829
Zm00001eb149700,chr3,190837124,ear_ht_ratio,0.4675,0.45909090909090905,0.008409090909090977,0.7100876690322485,8,11,-2.016873673081728,0.8833112224213372
Zm00001eb149900,chr3,191468075,DTA,66.16666666666667,70.38461538461539,-4.217948717948715,0.07150228512457615,6,13,1.7551391449030909,0.3294535669031104
Zm00001eb149900,chr3,191468075,height_cm,165.83333333333334,187.07692307692307,-21.243589743589723,0.07150228512457615,6,13,1.7551391449030909,0.3294535669031104
Zm00001eb149900,chr3,191468075,ear_ht_ratio,0.425,0.48000000000000004,-0.05500000000000005,0.06538302306596423,6,13,1.7551391449030909,0.3164580814151705
Zm00001eb150550,chr3,192787595,DTA,67.66666666666667,71.42857142857143,-3.761904761904759,0.06834960704929745,12,7,0.99628196713376,0.3273586442887404
Zm00001eb150550,chr3,192787595,height_cm,173.08333333333334,192.85714285714286,-19.77380952380952,0.06834960704929745,12,7,0.99628196713376,0.3273586442887404
Zm00001eb150550,chr3,192787595,ear_ht_ratio,0.44333333333333336,0.4957142857142857,-0.05238095238095236,0.06908260754652672,12,7,0.99628196713376,0.32870678623445393
Zm00001eb150960,chr3,194401490,DTA,70.3,68.60714285714286,1.692857142857136,0.4439284485724114,5,14,-6.626846311236884,0.7118500232614879
Zm00001eb150960,chr3,194401490,height_cm,186.6,178.14285714285714,8.457142857142856,0.4439284485724114,5,14,-6.626846311236884,0.7118500232614879
Zm00001eb150960,chr3,194401490,ear_ht_ratio,0.48200000000000004,0.4557142857142858,0.026285714285714246,0.4045042916409113,5,14,-6.626846311236884,0.6723576734549527
Zm00001eb152080,chr3,199104117,DTA,70.2,67.77777777777777,2.4222222222222314,0.2056671796173556,10,9,2.7188418479420946,0.48500999333777484
Zm00001eb152080,chr3,199104117,height_cm,186.1,174.0,12.099999999999994,0.2056671796173556,10,9,2.7188418479420946,0.48500999333777484
Zm00001eb152080,chr3,199104117,ear_ht_ratio,0.479,0.4444444444444444,0.03455555555555556,0.20546828319838173,10,9,2.7188418479420946,0.47486003228070445
Zm00001eb153500,chr3,203944342,DTA,70.0909090909091,67.92857142857143,2.162337662337663,0.3283056812468577,11,7,-4.407908919107358,0.6144126888116
Zm00001eb153500,chr3,203944342,height_cm,185.36363636363637,175.14285714285714,10.220779220779235,0.3283056812468577,11,7,-4.407908919107358,0.6144126888116
Zm00001eb153500,chr3,203944342,ear_ht_ratio,0.4754545454545455,0.44857142857142857,0.026883116883116953,0.34138043714702937,11,7,-4.407908919107358,0.6195484030203658
Zm00001eb153830,chr3,205007922,DTA,66.1,70.10714285714286,-4.007142857142867,0.05572755417956656,5,14,1.9320962088902591,0.2983063194317975
Zm00001eb153830,chr3,205007922,height_cm,166.4,185.35714285714286,-18.957142857142856,0.05572755417956656,5,14,1.9320962088902591,0.2983063194317975
Zm00001eb153830,chr3,205007922,ear_ht_ratio,0.42400000000000004,0.4764285714285714,-0.05242857142857138,0.05759548900539909,5,14,1.9320962088902591,0.30165119421532766
Zm00001eb155350,chr3,209926939,DTA,70.86363636363636,66.5625,4.30113636363636,0.04088274986107804,11,8,-1.861742683775256,0.27056947180786195
Zm00001eb155350,chr3,209926939,height_cm,189.45454545454547,167.875,21.579545454545467,0.04088274986107804,11,8,-1.861742683775256,0.27056947180786195
Zm00001eb155350,chr3,209926939,ear_ht_ratio,0.48636363636363633,0.43000000000000005,0.05636363636363628,0.04297953710136182,11,8,-1.861742683775256,0.2844463909981037
Zm00001eb156460,chr3,213069872,DTA,69.83333333333333,68.35,1.4833333333333343,0.437942822899974,9,10,2.599210689514044,0.7118500232614879
Zm00001eb156460,chr3,213069872,height_cm,183.33333333333334,177.7,5.633333333333354,0.437942822899974,9,10,2.599210689514044,0.7118500232614879
Zm00001eb156460,chr3,213069872,ear_ht_ratio,0.4722222222222222,0.454,0.018222222222222195,0.4622363104111855,9,10,2.599210689514044,0.7267992094586243
Zm00001eb156500,chr3,213192022,DTA,68.33333333333333,69.38461538461539,-1.0512820512820582,0.7653693056169837,6,13,14.427226648287652,0.9194420990086625
Zm00001eb156500,chr3,213192022,height_cm,175.66666666666666,182.53846153846155,-6.87179487179489,0.7653693056169837,6,13,14.427226648287652,0.9194420990086625
Zm00001eb156500,chr3,213192022,ear_ht_ratio,0.45166666666666666,0.4676923076923077,-0.016025641025641024,0.7587634280669648,6,13,14.427226648287652,0.9145360523721032
Zm00001eb156710,chr3,214206618,DTA,69.0,69.0625,-0.0625,1.0,3,16,-4.168348144184937,1.0
Zm00001eb156710,chr3,214206618,height_cm,180.66666666666666,180.3125,0.3541666666666572,1.0,3,16,-4.168348144184937,1.0
Zm00001eb156710,chr3,214206618,ear_ht_ratio,0.4633333333333333,0.4625,0.0008333333333332971,1.0,3,16,-4.168348144184937,1.0
Zm00001eb157820,chr3,217637108,DTA,65.125,70.1,-4.974999999999994,0.048503611971104234,4,15,-2.7854375855586,0.27803645287373135
Zm00001eb157820,chr3,217637108,height_cm,158.75,186.13333333333333,-27.383333333333326,0.048503611971104234,4,15,-2.7854375855586,0.27803645287373135
Zm00001eb157820,chr3,217637108,ear_ht_ratio,0.41000000000000003,0.4766666666666666,-0.0666666666666666,0.05107419869807881,4,15,-2.7854375855586,0.2946701847797887
Zm00001eb158370,chr3,219845503,DTA,65.9,69.27777777777777,-3.3777777777777658,0.11188811188811189,5,9,-0.7908584744590792,0.389734667246629
Zm00001eb158370,chr3,219845503,height_cm,163.6,182.33333333333334,-18.73333333333335,0.11188811188811189,5,9,-0.7908584744590792,0.389734667246629
Zm00001eb158370,chr3,219845503,ear_ht_ratio,0.42400000000000004,0.4633333333333333,-0.039333333333333276,0.12477864579913814,5,9,-0.7908584744590792,0.3949177311970252
Zm00001eb158500,chr3,220152206,DTA,63.833333333333336,70.03125,-6.197916666666664,0.022703818369453045,3,16,-2.063671916088679,0.21190230478156177
Zm00001eb158500,chr3,220152206,height_cm,154.33333333333334,185.25,-30.916666666666657,0.022703818369453045,3,16,-2.063671916088679,0.21190230478156177
Zm00001eb158500,chr3,220152206,ear_ht_ratio,0.39666666666666667,0.475,-0.07833333333333331,0.03357018769226601,3,16,-2.063671916088679,0.2627859853760178
Zm00001eb159080,chr3,221941447,DTA,70.625,66.35714285714286,4.267857142857139,0.03584186711121696,12,7,-1.996860070827555,0.2469518021633605
Zm00001eb159080,chr3,221941447,height_cm,187.91666666666666,167.42857142857142,20.48809523809524,0.03584186711121696,12,7,-1.996860070827555,0.2469518021633605
Zm00001eb159080,chr3,221941447,ear_ht_ratio,0.4825,0.42857142857142855,0.05392857142857144,0.03830866919325453,12,7,-1.996860070827555,0.26928170499066423
Zm00001eb162130,chr3,231271693,DTA,69.27777777777777,68.85,0.42777777777777715,0.8382564863858263,9,10,1.9819117322033593,0.9369073225055853
Zm00001eb162130,chr3,231271693,height_cm,181.22222222222223,179.6,1.6222222222222342,0.8382564863858263,9,10,1.9819117322033593,0.9369073225055853
Zm00001eb162130,chr3,231271693,ear_ht_ratio,0.4655555555555556,0.4600000000000001,0.005555555555555536,0.8381864806450703,9,10,1.9819117322033593,0.9416662930703876
Zm00001eb162710,chr3,233212650,DTA,69.625,68.9,0.7249999999999943,0.7363261093911249,4,15,2.2204319656711395,0.9116418497223451
Zm00001eb162710,chr3,233212650,height_cm,185.0,179.13333333333333,5.866666666666674,0.7363261093911249,4,15,2.2204319656711395,0.9116418497223451
Zm00001eb162710,chr3,233212650,ear_ht_ratio,0.47,0.46066666666666667,0.009333333333333305,0.7640767263132147,4,15,2.2204319656711395,0.9163885613772986
Zm00001eb163100,chr3,234870111,DTA,69.21428571428571,68.6,0.6142857142857139,0.8230134158926727,14,5,2.4322249176079063,0.9369073225055853
Zm00001eb163100,chr3,234870111,height_cm,180.92857142857142,178.8,2.128571428571405,0.8230134158926727,14,5,2.4322249176079063,0.9369073225055853
Zm00001eb163100,chr3,234870111,ear_ht_ratio,0.465,0.45599999999999996,0.009000000000000064,0.7811137440344249,14,5,2.4322249176079063,0.9216382587634706
Zm00001eb163210,chr3,235166050,DTA,67.625,69.43333333333334,-1.8083333333333371,0.5964912280701754,4,15,4.823322684804878,0.8146067975183978
Zm00001eb163210,chr3,235166050,height_cm,174.25,182.0,-7.75,0.5964912280701754,4,15,4.823322684804878,0.8146067975183978
Zm00001eb163210,chr3,235166050,ear_ht_ratio,0.4425,0.468,-0.025500000000000023,0.5821538202677059,4,15,4.823322684804878,0.8073510773130546
Zm00001eb163480,chr3,235713991,DTA,68.0,70.0,-2.0,0.3912672792826394,9,10,2.23081181371385,0.6655703763715685
Zm00001eb163480,chr3,235713991,height_cm,175.22222222222223,185.0,-9.777777777777771,0.3912672792826394,9,10,2.23081181371385,0.6655703763715685
Zm00001eb163480,chr3,235713991,ear_ht_ratio,0.45000000000000007,0.47400000000000003,-0.023999999999999966,0.39105942382077086,9,10,2.23081181371385,0.6651664965923392
Zm00001eb163710,chr3,236259214,DTA,68.77777777777777,69.3,-0.5222222222222257,0.7750513736700824,9,10,2.4384996737793427,0.9194420990086625
Zm00001eb163710,chr3,236259214,height_cm,180.0,180.7,-0.6999999999999886,0.7750513736700824,9,10,2.4384996737793427,0.9194420990086625
Zm00001eb163710,chr3,236259214,ear_ht_ratio,0.45999999999999996,0.465,-0.00500000000000006,0.8064127004978174,9,10,2.4384996737793427,0.9386481744141076
Zm00001eb163800,chr3,236418050,DTA,69.23076923076923,68.66666666666667,0.564102564102555,0.8314167772372107,13,6,2.9349588111317213,0.9369073225055853
Zm00001eb163800,chr3,236418050,height_cm,181.3846153846154,178.16666666666666,3.2179487179487296,0.8314167772372107,13,6,2.9349588111317213,0.9369073225055853
Zm00001eb163800,chr3,236418050,ear_ht_ratio,0.46538461538461545,0.4566666666666667,0.008717948717948731,0.8263690526786182,13,6,2.9349588111317213,0.9399947974219282
Zm00001eb164790,chr4,2047841,DTA,67.42857142857143,70.0,-2.5714285714285694,0.36596736596736595,7,6,2.315942755895786,0.6495636578596692
Zm00001eb164790,chr4,2047841,height_cm,173.14285714285714,184.83333333333334,-11.690476190476204,0.36596736596736595,7,6,2.315942755895786,0.6495636578596692
Zm00001eb164790,chr4,2047841,ear_ht_ratio,0.4414285714285714,0.4750000000000001,-0.033571428571428696,0.36596736596736595,7,6,2.315942755895786,0.6397372717576427
Zm00001eb169350,chr4,18974773,DTA,69.07142857142857,68.42857142857143,0.6428571428571388,1.0,7,7,3.932742361674885,1.0
Zm00001eb169350,chr4,18974773,height_cm,179.57142857142858,177.85714285714286,1.7142857142857224,1.0,7,7,3.932742361674885,1.0
Zm00001eb169350,chr4,18974773,ear_ht_ratio,0.4642857142857143,0.45428571428571424,0.010000000000000064,1.0,7,7,3.932742361674885,1.0
Zm00001eb169970,chr4,22255547,DTA,67.75,72.7,-4.950000000000003,0.019435844513243893,14,5,-5.027131847221161,0.21032863849765257
Zm00001eb169970,chr4,22255547,height_cm,173.71428571428572,199.0,-25.285714285714278,0.019435844513243893,14,5,-5.027131847221161,0.21032863849765257
Zm00001eb169970,chr4,22255547,ear_ht_ratio,0.4442857142857143,0.514,-0.06971428571428573,0.026219614861718303,14,5,-5.027131847221161,0.24789454051079124
Zm00001eb169990,chr4,22444656,DTA,67.42857142857143,74.25,-6.821428571428569,0.00261437908496732,14,4,6.817995601954361,0.11195693963860052
Zm00001eb169990,chr4,22444656,height_cm,172.28571428571428,206.25,-33.96428571428572,0.00261437908496732,14,4,6.817995601954361,0.11195693963860052
Zm00001eb169990,chr4,22444656,ear_ht_ratio,0.4407142857142857,0.535,-0.0942857142857143,0.006739098615252916,14,4,6.817995601954361,0.20119851513836434
Zm00001eb171030,chr4,28342592,DTA,65.75,70.75,-5.0,0.024455936220642106,6,12,-1.972462297927824,0.2169950456488302
Zm00001eb171030,chr4,28342592,height_cm,163.66666666666666,188.75,-25.083333333333343,0.024455936220642106,6,12,-1.972462297927824,0.2169950456488302
Zm00001eb171030,chr4,28342592,ear_ht_ratio,0.42,0.48500000000000004,-0.06500000000000006,0.024514614460950015,6,12,-1.972462297927824,0.24613910096546168
Zm00001eb172070,chr4,32604294,DTA,69.03333333333333,69.125,-0.09166666666666856,1.0,15,4,-2.462041241439892,1.0
Zm00001eb172070,chr4,32604294,height_cm,180.33333333333334,180.5,-0.1666666666666572,1.0,15,4,-2.462041241439892,1.0
Zm00001eb172070,chr4,32604294,ear_ht_ratio,0.46199999999999997,0.46499999999999997,-0.0030000000000000027,1.0,15,4,-2.462041241439892,1.0
Zm00001eb172450,chr4,34451809,DTA,69.96153846153847,67.08333333333333,2.8782051282051384,0.21001031991744068,13,6,-1.918596607040125,0.48500999333777484
Zm00001eb172450,chr4,34451809,height_cm,185.3846153846154,169.5,15.884615384615387,0.21001031991744068,13,6,-1.918596607040125,0.48500999333777484
Zm00001eb172450,chr4,34451809,ear_ht_ratio,0.47538461538461535,0.4349999999999999,0.04038461538461546,0.203269292872317,13,6,-1.918596607040125,0.47486003228070445
Zm00001eb172780,chr4,35993232,DTA,68.0,69.42857142857143,-1.4285714285714306,0.5593395252837977,5,14,3.0310799984111823,0.7937605738920169
Zm00001eb172780,chr4,35993232,height_cm,174.0,182.64285714285714,-8.642857142857139,0.5593395252837977,5,14,3.0310799984111823,0.7937605738920169
Zm00001eb172780,chr4,35993232,ear_ht_ratio,0.45,0.4671428571428572,-0.017142857142857182,0.57839144024076,5,14,3.0310799984111823,0.8073510773130546
Zm00001eb172970,chr4,37192386,DTA,67.16666666666667,70.75,-3.5833333333333286,0.06619257972219345,9,10,1.6631135426244656,0.3212546535850455
Zm00001eb172970,chr4,37192386,height_cm,171.0,188.8,-17.80000000000001,0.06619257972219345,9,10,1.6631135426244656,0.3212546535850455
Zm00001eb172970,chr4,37192386,ear_ht_ratio,0.4366666666666667,0.48600000000000004,-0.04933333333333334,0.06027640536331657,9,10,1.6631135426244656,0.3134373078892461
Zm00001eb173500,chr4,39120195,DTA,71.25,65.28571428571429,5.964285714285708,0.00178613955703739,12,7,-1.6807045361079327,0.10732714138286892
Zm00001eb173500,chr4,39120195,height_cm,191.58333333333334,161.14285714285714,30.440476190476204,0.00178613955703739,12,7,-1.6807045361079327,0.10732714138286892
Zm00001eb173500,chr4,39120195,ear_ht_ratio,0.4916666666666667,0.41285714285714287,0.07880952380952383,0.0035334567287609,12,7,-1.6807045361079327,0.20119851513836434
Zm00001eb174710,chr4,44170160,DTA,70.78571428571429,68.04166666666667,2.7440476190476204,0.2268397237437485,7,12,1.9109180498632172,0.5128550275945618
Zm00001eb174710,chr4,44170160,height_cm,188.57142857142858,175.58333333333334,12.98809523809524,0.2268397237437485,7,12,1.9109180498632172,0.5128550275945618
Zm00001eb174710,chr4,44170160,ear_ht_ratio,0.48571428571428577,0.4491666666666667,0.03654761904761905,0.20469520268854813,7,12,1.9109180498632172,0.47486003228070445
Zm00001eb175230,chr4,47116254,DTA,63.625,70.5,-6.875,0.0020639834881320948,4,15,2.288702790845905,0.10732714138286892
Zm00001eb175230,chr4,47116254,height_cm,152.0,187.93333333333334,-35.93333333333334,0.0020639834881320948,4,15,2.288702790845905,0.10732714138286892
Zm00001eb175230,chr4,47116254,ear_ht_ratio,0.39249999999999996,0.4813333333333334,-0.08883333333333343,0.006909289668213062,4,15,2.288702790845905,0.20119851513836434
Zm00001eb176590,chr4,59440786,DTA,70.9,68.39285714285714,2.507142857142867,0.2975576195390437,5,14,-1.3981270049641512,0.588979138934589
Zm00001eb176590,chr4,59440786,height_cm,189.6,177.07142857142858,12.52857142857141,0.2975576195390437,5,14,-1.3981270049641512,0.588979138934589
Zm00001eb176590,chr4,59440786,ear_ht_ratio,0.484,0.45500000000000007,0.028999999999999915,0.3082746250292323,5,14,-1.3981270049641512,0.5921475646999501
Zm00001eb177830,chr4,70420623,DTA,70.35714285714286,68.29166666666667,2.06547619047619,0.34023973962054455,7,12,-2.4362561512401566,0.6314639913260441
Zm00001eb177830,chr4,70420623,height_cm,187.42857142857142,176.25,11.178571428571416,0.34023973962054455,7,12,-2.4362561512401566,0.6314639913260441
Zm00001eb177830,chr4,70420623,ear_ht_ratio,0.48000000000000004,0.45249999999999996,0.02750000000000008,0.3523308566765124,7,12,-2.4362561512401566,0.6260947025936192
Zm00001eb178280,chr4,74114150,DTA,68.7,70.375,-1.6749999999999972,0.5304437564499483,15,4,2.5964933611315097,0.7811432273291284
Zm00001eb178280,chr4,74114150,height_cm,178.33333333333334,188.0,-9.666666666666657,0.5304437564499483,15,4,2.5964933611315097,0.7811432273291284
Zm00001eb178280,chr4,74114150,ear_ht_ratio,0.45733333333333337,0.4825,-0.025166666666666615,0.48373546397290446,15,4,2.5964933611315097,0.7445230819709819
Zm00001eb179290,chr4,83096032,DTA,68.3,69.88888888888889,-1.5888888888888886,0.437942822899974,10,9,2.5907585948602705,0.7118500232614879
Zm00001eb179290,chr4,83096032,height_cm,176.9,184.22222222222223,-7.322222222222223,0.437942822899974,10,9,2.5907585948602705,0.7118500232614879
Zm00001eb179290,chr4,83096032,ear_ht_ratio,0.453,0.47333333333333333,-0.020333333333333314,0.4377417926461512,10,9,2.5907585948602705,0.7050354536424736
Zm00001eb179750,chr4,86785717,DTA,67.53571428571429,73.5,-5.964285714285708,0.01764705882352941,14,4,-3.631219078067788,0.21032863849765257
Zm00001eb179750,chr4,86785717,height_cm,173.14285714285714,201.25,-28.10714285714286,0.01764705882352941,14,4,-3.631219078067788,0.21032863849765257
Zm00001eb179750,chr4,86785717,ear_ht_ratio,0.4428571428571429,0.52,-0.07714285714285712,0.022344844130949053,14,4,-3.631219078067788,0.24117832688759241
Zm00001eb182260,chr4,123536641,DTA,64.0,70.0,-6.0,0.033023735810113516,3,16,3.4683844000086848,0.2469518021633605
Zm00001eb182260,chr4,123536641,height_cm,155.0,185.125,-30.125,0.033023735810113516,3,16,3.4683844000086848,0.2469518021633605
Zm00001eb182260,chr4,123536641,ear_ht_ratio,0.39666666666666667,0.475,-0.07833333333333331,0.03357018769226601,3,16,3.4683844000086848,0.2627859853760178
Zm00001eb185040,chr4,147044205,DTA,67.66666666666667,69.6923076923077,-2.025641025641022,0.32286598850066345,6,13,1.9027022709126704,0.6073551411588708
Zm00001eb185040,chr4,147044205,height_cm,173.5,183.53846153846155,-10.038461538461547,0.32286598850066345,6,13,1.9027022709126704,0.6073551411588708
Zm00001eb185040,chr4,147044205,ear_ht_ratio,0.44333333333333336,0.4715384615384616,-0.028205128205128216,0.3344510359757933,6,13,1.9027022709126704,0.6195428859806044
Zm00001eb186120,chr4,154507836,DTA,69.3,68.125,1.1749999999999972,0.5964912280701754,15,4,-3.2353168813696147,0.8146067975183978
Zm00001eb186120,chr4,154507836,height_cm,182.13333333333333,173.75,8.383333333333326,0.5964912280701754,15,4,-3.2353168813696147,0.8146067975183978
Zm00001eb186120,chr4,154507836,ear_ht_ratio,0.4666666666666667,0.44749999999999995,0.01916666666666672,0.5821538202677059,15,4,-3.2353168813696147,0.8073510773130546
Zm00001eb186820,chr4,158778172,DTA,70.75,68.26923076923077,2.4807692307692264,0.24406604747162025,6,13,3.173569977080558,0.5351809715642758
Zm00001eb186820,chr4,158778172,height_cm,189.16666666666666,176.30769230769232,12.858974358974336,0.24406604747162025,6,13,3.173569977080558,0.5351809715642758
Zm00001eb186820,chr4,158778172,ear_ht_ratio,0.4833333333333334,0.4530769230769231,0.030256410256410293,0.25400484774330223,6,13,3.173569977080558,0.5359870410351422
Zm00001eb187670,chr4,162371023,DTA,69.625,68.9,0.7249999999999943,0.7363261093911249,4,15,-2.378608311491472,0.9116418497223451
Zm00001eb187670,chr4,162371023,height_cm,185.5,179.0,6.5,0.7363261093911249,4,15,-2.378608311491472,0.9116418497223451
Zm00001eb187670,chr4,162371023,ear_ht_ratio,0.47,0.46066666666666667,0.009333333333333305,0.7262234195299966,4,15,-2.378608311491472,0.8945696267645304
Zm00001eb187800,chr4,162955738,DTA,69.66666666666667,68.76923076923077,0.8974358974358978,0.7653693056169837,6,13,2.2977816876713417,0.9194420990086625
Zm00001eb187800,chr4,162955738,height_cm,182.5,179.3846153846154,3.115384615384613,0.7653693056169837,6,13,2.2977816876713417,0.9194420990086625
Zm00001eb187800,chr4,162955738,ear_ht_ratio,0.47,0.4592307692307692,0.010769230769230753,0.7587634280669648,6,13,2.2977816876713417,0.9145360523721032
Zm00001eb188700,chr4,166534010,DTA,65.5,70.0,-4.5,0.07997936016511868,4,15,-5.421301104322435,0.3507528566277494
Zm00001eb188700,chr4,166534010,height_cm,160.0,185.8,-25.80000000000001,0.07997936016511868,4,15,-5.421301104322435,0.3507528566277494
Zm00001eb188700,chr4,166534010,ear_ht_ratio,0.41500000000000004,0.47533333333333333,-0.060333333333333294,0.07998587231688063,4,15,-5.421301104322435,0.3445545269034858
Zm00001eb191380,chr4,176530292,DTA,68.81818181818181,69.375,-0.556818181818187,0.8403852769177846,11,8,1.4725591162438447,0.9369073225055853
Zm00001eb191380,chr4,176530292,height_cm,178.0909090909091,183.5,-5.4090909090909065,0.8403852769177846,11,8,1.4725591162438447,0.9369073225055853
Zm00001eb191380,chr4,176530292,ear_ht_ratio,0.45818181818181825,0.46875,-0.010568181818181754,0.8363837241706827,11,8,1.4725591162438447,0.9416662930703876
Zm00001eb192150,chr4,178453918,DTA,67.1,69.75,-2.6500000000000057,0.18593051255589957,5,14,-1.899920669382254,0.4635527847284071
Zm00001eb192150,chr4,178453918,height_cm,169.0,184.42857142857142,-15.428571428571416,0.18593051255589957,5,14,-1.899920669382254,0.4635527847284071
Zm00001eb192150,chr4,178453918,ear_ht_ratio,0.43200000000000005,0.47357142857142864,-0.04157142857142859,0.1647294945114821,5,14,-1.899920669382254,0.4366363377957236
Zm00001eb193640,chr4,183560529,DTA,70.9,67.54166666666667,3.3583333333333343,0.12960568842921785,5,12,3.1278602552196215,0.39555365565443684
Zm00001eb193640,chr4,183560529,height_cm,189.4,172.91666666666666,16.48333333333335,0.12960568842921785,5,12,3.1278602552196215,0.39555365565443684
Zm00001eb193640,chr4,183560529,ear_ht_ratio,0.48200000000000004,0.44416666666666665,0.037833333333333385,0.12617234763778964,5,12,3.1278602552196215,0.3949177311970252
Zm00001eb195000,chr4,188805546,DTA,68.23076923076923,70.83333333333333,-2.602564102564102,0.2818074598260357,13,6,1.6814761433417835,0.5714647096193705
Zm00001eb195000,chr4,188805546,height_cm,176.3846153846154,189.0,-12.615384615384613,0.2818074598260357,13,6,1.6814761433417835,0.5714647096193705
Zm00001eb195000,chr4,188805546,ear_ht_ratio,0.4507692307692308,0.4883333333333333,-0.037564102564102475,0.2727272194594814,13,6,1.6814761433417835,0.5515150437958402
Zm00001eb196380,chr4,192353067,DTA,71.0625,67.5909090909091,3.4715909090909065,0.1288402000476304,8,11,-1.8320463985670763,0.39555365565443684
Zm00001eb196380,chr4,192353067,height_cm,189.375,173.8181818181818,15.556818181818187,0.1288402000476304,8,11,-1.8320463985670763,0.39555365565443684
Zm00001eb196380,chr4,192353067,ear_ht_ratio,0.48875,0.4436363636363636,0.04511363636363641,0.1264485778732151,8,11,-1.8320463985670763,0.3949177311970252
Zm00001eb196600,chr4,193101732,DTA,68.11538461538461,71.08333333333333,-2.9679487179487154,0.1517765000737137,13,6,2.8674926792782833,0.4301717825004672
Zm00001eb196600,chr4,193101732,height_cm,175.3846153846154,191.16666666666666,-15.78205128205127,0.1517765000737137,13,6,2.8674926792782833,0.4301717825004672
Zm00001eb196600,chr4,193101732,ear_ht_ratio,0.4507692307692307,0.4883333333333333,-0.037564102564102586,0.14767834652062412,13,6,2.8674926792782833,0.4230847178954348
Zm00001eb198110,chr4,198955435,DTA,70.0,68.5,1.5,0.4824164483607208,7,12,2.308612467412072,0.7518254163590122
Zm00001eb198110,chr4,198955435,height_cm,186.71428571428572,176.66666666666666,10.047619047619065,0.4824164483607208,7,12,2.308612467412072,0.7518254163590122
Zm00001eb198110,chr4,198955435,ear_ht_ratio,0.4757142857142857,0.455,0.020714285714285685,0.4466733958923895,7,12,2.308612467412072,0.716251612796607
Zm00001eb198120,chr4,198983254,DTA,70.72222222222223,66.9375,3.7847222222222285,0.07445495680789799,9,8,-1.490005611164971,0.3409006827430801
Zm00001eb198120,chr4,198983254,height_cm,189.77777777777777,168.625,21.15277777777777,0.07445495680789799,9,8,-1.490005611164971,0.3409006827430801
Zm00001eb198120,chr4,198983254,ear_ht_ratio,0.48555555555555546,0.43374999999999997,0.051805555555555494,0.07445495680789799,9,8,-1.490005611164971,0.3427405693979986
Zm00001eb199940,chr4,205877979,DTA,66.78571428571429,70.375,-3.589285714285708,0.10026196713503215,7,12,4.098814330310352,0.37819021800157204
Zm00001eb199940,chr4,205877979,height_cm,170.28571428571428,186.25,-15.964285714285722,0.10026196713503215,7,12,4.098814330310352,0.37819021800157204
Zm00001eb199940,chr4,205877979,ear_ht_ratio,0.4328571428571429,0.48,-0.0471428571428571,0.0991939225092344,7,12,4.098814330310352,0.3761102895141804
Zm00001eb200140,chr4,207015716,DTA,69.05,69.05555555555556,-0.005555555555559977,0.9025232501776794,10,9,2.354079152205055,0.9550561853850598
Zm00001eb200140,chr4,207015716,height_cm,180.5,180.22222222222223,0.27777777777777146,0.9025232501776794,10,9,2.354079152205055,0.9550561853850598
Zm00001eb200140,chr4,207015716,ear_ht_ratio,0.462,0.4633333333333333,-0.0013333333333332975,0.9024806826878791,10,9,2.354079152205055,0.9549504898208954
Zm00001eb200440,chr4,207892864,DTA,69.22727272727273,68.8125,0.41477272727273373,0.7779894683919452,11,8,3.5257089141939946,0.9194420990086625
Zm00001eb200440,chr4,207892864,height_cm,181.27272727272728,179.125,2.1477272727272805,0.7779894683919452,11,8,3.5257089141939946,0.9194420990086625
Zm00001eb200440,chr4,207892864,ear_ht_ratio,0.46545454545454557,0.45875,0.006704545454545574,0.8042693727201572,11,8,3.5257089141939946,0.9383142681735168
Zm00001eb200590,chr4,208625246,DTA,68.08333333333333,70.71428571428571,-2.6309523809523796,0.16734143049932523,12,7,3.1115924936727684,0.4512020792722547
Zm00001eb200590,chr4,208625246,height_cm,175.75,188.28571428571428,-12.535714285714278,0.16734143049932523,12,7,3.1115924936727684,0.4512020792722547
Zm00001eb200590,chr4,208625246,ear_ht_ratio,0.44916666666666666,0.4857142857142857,-0.03654761904761905,0.17610665864465436,12,7,3.1115924936727684,0.45237639243129896
Zm00001eb201090,chr4,212104110,DTA,64.7,70.60714285714286,-5.907142857142858,0.007223942208462332,5,14,6.454553502625511,0.15936454326547206
Zm00001eb201090,chr4,212104110,height_cm,158.0,188.35714285714286,-30.35714285714286,0.007223942208462332,5,14,6.454553502625511,0.15936454326547206
Zm00001eb201090,chr4,212104110,ear_ht_ratio,0.404,0.48357142857142854,-0.07957142857142852,0.00950227754712597,5,14,6.454553502625511,0.2231502598163776
Zm00001eb201100,chr4,212273966,DTA,65.75,69.93333333333334,-4.183333333333337,0.1001031991744066,4,15,5.598555575237356,0.37819021800157204
Zm00001eb201100,chr4,212273966,height_cm,163.75,184.8,-21.05000000000001,0.1001031991744066,4,15,5.598555575237356,0.37819021800157204
Zm00001eb201100,chr4,212273966,ear_ht_ratio,0.4175,0.4746666666666667,-0.0571666666666667,0.0889906735347066,4,15,5.598555575237356,0.36396185580486745
Zm00001eb202020,chr4,218320182,DTA,68.0,69.33333333333333,-1.3333333333333286,0.5964912280701754,4,15,3.776223951223463,0.8146067975183978
Zm00001eb202020,chr4,218320182,height_cm,173.25,182.26666666666668,-9.01666666666668,0.5964912280701754,4,15,3.776223951223463,0.8146067975183978
Zm00001eb202020,chr4,218320182,ear_ht_ratio,0.4475,0.4666666666666667,-0.019166666666666665,0.5821538202677059,4,15,3.776223951223463,0.8073510773130546
Zm00001eb202030,chr4,218406423,DTA,69.5,68.89285714285714,0.6071428571428612,0.7538699690402476,5,14,-2.616696406649417,0.9194420990086625
Zm00001eb202030,chr4,218406423,height_cm,182.6,179.57142857142858,3.0285714285714107,0.7538699690402476,5,14,-2.616696406649417,0.9194420990086625
Zm00001eb202030,chr4,218406423,ear_ht_ratio,0.47000000000000003,0.46,0.010000000000000009,0.711017000465527,5,14,-2.616696406649417,0.8833112224213372
Zm00001eb203240,chr4,226807901,DTA,71.66666666666667,68.5625,3.1041666666666714,0.2538699690402477,3,16,3.341135025387979,0.5451838863165201
Zm00001eb203240,chr4,226807901,height_cm,193.33333333333334,177.9375,15.395833333333343,0.2538699690402477,3,16,3.341135025387979,0.5451838863165201
Zm00001eb203240,chr4,226807901,ear_ht_ratio,0.5,0.455625,0.044375,0.2633429730199839,3,16,3.341135025387979,0.5461928329303369
Zm00001eb204030,chr4,231395241,DTA,66.28571428571429,70.28571428571429,-4.0,0.12820512820512822,7,7,-3.776154804882046,0.39555365565443684
Zm00001eb204030,chr4,231395241,height_cm,166.42857142857142,186.42857142857142,-20.0,0.12820512820512822,7,7,-3.776154804882046,0.39555365565443684
Zm00001eb204030,chr4,231395241,ear_ht_ratio,0.42857142857142855,0.47714285714285715,-0.0485714285714286,0.1412820549796812,7,7,-3.776154804882046,0.4155491495487561
Zm00001eb206750,chr4,243744385,DTA,69.5,68.93333333333334,0.5666666666666629,0.8095975232198143,4,15,2.952833078683929,0.9369073225055853
Zm00001eb206750,chr4,243744385,height_cm,182.0,179.93333333333334,2.066666666666663,0.8095975232198143,4,15,2.952833078683929,0.9369073225055853
Zm00001eb206750,chr4,243744385,ear_ht_ratio,0.4675,0.4613333333333333,0.006166666666666709,0.8025024983309982,4,15,2.952833078683929,0.9383142681735168
Zm00001eb206800,chr4,243828411,DTA,68.5,69.25,-0.75,0.7538699690402476,5,14,-1.5748227706490667,0.9194420990086625
Zm00001eb206800,chr4,243828411,height_cm,178.4,181.07142857142858,-2.671428571428578,0.7538699690402476,5,14,-1.5748227706490667,0.9194420990086625
Zm00001eb206800,chr4,243828411,ear_ht_ratio,0.454,0.46571428571428575,-0.011714285714285733,0.711017000465527,5,14,-1.5748227706490667,0.8833112224213372
Zm00001eb207920,chr4,245967276,DTA,68.42857142857143,69.25,-0.8214285714285694,0.6008844097079391,7,10,2.435194616190339,0.8146067975183978
Zm00001eb207920,chr4,245967276,height_cm,177.14285714285714,181.5,-4.357142857142861,0.6008844097079391,7,10,2.435194616190339,0.8146067975183978
Zm00001eb207920,chr4,245967276,ear_ht_ratio,0.45285714285714285,0.465,-0.012142857142857177,0.6253732679595977,7,10,2.435194616190339,0.8323066527871794
Zm00001eb208430,chr4,246974498,DTA,70.4,68.57142857142857,1.8285714285714363,0.5593395252837977,5,14,1.9865494578769367,0.7937605738920169
Zm00001eb208430,chr4,246974498,height_cm,185.4,178.57142857142858,6.828571428571422,0.5593395252837977,5,14,1.9865494578769367,0.7937605738920169
Zm00001eb208430,chr4,246974498,ear_ht_ratio,0.476,0.45785714285714285,0.018142857142857127,0.5471427334954032,5,14,1.9865494578769367,0.781019431342458
Zm00001eb208710,chr4,247481976,DTA,69.75,67.22222222222223,2.5277777777777715,0.3276723276723276,6,9,1.9439999256388856,0.6144126888116
Zm00001eb208710,chr4,247481976,height_cm,183.0,171.66666666666666,11.333333333333343,0.3276723276723276,6,9,1.9439999256388856,0.6144126888116
Zm00001eb208710,chr4,247481976,ear_ht_ratio,0.47000000000000003,0.43999999999999995,0.030000000000000082,0.3453475283406907,6,9,1.9439999256388856,0.6231645061140274
Zm00001eb209380,chr4,248497085,DTA,69.58333333333333,68.36363636363636,1.2196969696969688,0.5908209437621202,6,11,-1.8078821906883915,0.8146067975183978
Zm00001eb209380,chr4,248497085,height_cm,182.83333333333334,177.0909090909091,5.742424242424249,0.5908209437621202,6,11,-1.8078821906883915,0.8146067975183978
Zm00001eb209380,chr4,248497085,ear_ht_ratio,0.47333333333333333,0.4527272727272727,0.020606060606060628,0.6150858337368563,6,11,-1.8078821906883915,0.8271052941162361
Zm00001eb211620,chr5,2582951,DTA,68.33333333333333,69.38461538461539,-1.0512820512820582,0.6388028895768834,6,13,-2.0878067972527448,0.8501800797293804
Zm00001eb211620,chr5,2582951,height_cm,175.33333333333334,182.69230769230768,-7.358974358974336,0.6388028895768834,6,13,-2.0878067972527448,0.8501800797293804
Zm00001eb211620,chr5,2582951,ear_ht_ratio,0.45333333333333337,0.46692307692307694,-0.013589743589743575,0.6293843093886573,6,13,-2.0878067972527448,0.8345934011565438
Zm00001eb211740,chr5,2679905,DTA,70.76923076923077,65.33333333333333,5.435897435897445,0.009214212000589708,13,6,-2.0055852743209135,0.16731316124388088
Zm00001eb211740,chr5,2679905,height_cm,189.3846153846154,160.83333333333334,28.551282051282044,0.009214212000589708,13,6,-2.0055852743209135,0.16731316124388088
Zm00001eb211740,chr5,2679905,ear_ht_ratio,0.4846153846153846,0.415,0.06961538461538463,0.014016499923551615,13,6,-2.0055852743209135,0.24117832688759241
Zm00001eb211780,chr5,2722689,DTA,72.25,67.57692307692308,4.67307692307692,0.02852720035382574,6,13,1.4740766603580426,0.2282176028306059
Zm00001eb211780,chr5,2722689,height_cm,196.16666666666666,173.07692307692307,23.08974358974359,0.02852720035382574,6,13,1.4740766603580426,0.2282176028306059
Zm00001eb211780,chr5,2722689,ear_ht_ratio,0.505,0.44307692307692303,0.06192307692307697,0.035216248106423285,6,13,1.4740766603580426,0.26430338785026963
Zm00001eb212520,chr5,3799865,DTA,69.0,69.16666666666667,-0.1666666666666714,0.8314167772372107,13,6,1.0581936876932885,0.9369073225055853
Zm00001eb212520,chr5,3799865,height_cm,180.53846153846155,180.0,0.5384615384615472,0.8314167772372107,13,6,1.0581936876932885,0.9369073225055853
Zm00001eb212520,chr5,3799865,ear_ht_ratio,0.46153846153846156,0.4649999999999999,-0.0034615384615383493,0.8263690526786182,13,6,1.0581936876932885,0.9399947974219282
Zm00001eb212610,chr5,3929566,DTA,70.14285714285714,69.44444444444444,0.6984126984126959,0.7576923076923078,7,9,-2.5476844419306603,0.9194420990086625
Zm00001eb212610,chr5,3929566,height_cm,185.57142857142858,182.0,3.5714285714285836,0.7576923076923078,7,9,-2.5476844419306603,0.9194420990086625
Zm00001eb212610,chr5,3929566,ear_ht_ratio,0.47714285714285715,0.4677777777777778,0.009365079365079354,0.7576923076923078,7,9,-2.5476844419306603,0.9145360523721032
Zm00001eb212810,chr5,4304943,DTA,67.8125,69.95454545454545,-2.1420454545454533,0.3510624222698526,8,11,4.4476800731906225,0.6341772789390886
Zm00001eb212810,chr5,4304943,height_cm,175.0,184.27272727272728,-9.27272727272728,0.3510624222698526,8,11,4.4476800731906225,0.6341772789390886
Zm00001eb212810,chr5,4304943,ear_ht_ratio,0.44625,0.47454545454545455,-0.028295454545454568,0.3421132665030042,8,11,4.4476800731906225,0.6195484030203658
Zm00001eb212940,chr5,4539678,DTA,70.625,68.63333333333334,1.99166666666666,0.46904024767801855,4,15,4.0980270622678345,0.7390937236138475
Zm00001eb212940,chr5,4539678,height_cm,187.5,178.46666666666667,9.033333333333331,0.46904024767801855,4,15,4.0980270622678345,0.7390937236138475
Zm00001eb212940,chr5,4539678,ear_ht_ratio,0.4825,0.45733333333333337,0.025166666666666615,0.4530564820592472,4,15,4.0980270622678345,0.7213090889975152
Zm00001eb214080,chr5,6342999,DTA,69.20833333333333,68.78571428571429,0.4226190476190368,0.7732396602365642,12,7,2.2064550188307166,0.9194420990086625
Zm00001eb214080,chr5,6342999,height_cm,181.91666666666666,177.71428571428572,4.202380952380935,0.7732396602365642,12,7,2.2064550188307166,0.9194420990086625
Zm00001eb214080,chr5,6342999,ear_ht_ratio,0.465,0.4585714285714286,0.00642857142857145,0.7672806278121114,12,7,2.2064550188307166,0.9172662407109892
Zm00001eb215480,chr5,9017699,DTA,70.44444444444444,67.8,2.6444444444444457,0.17790959498698267,9,10,-2.0849681970533394,0.4624201304261906
Zm00001eb215480,chr5,9017699,height_cm,188.11111111111111,173.4,14.711111111111109,0.17790959498698267,9,10,-2.0849681970533394,0.4624201304261906
Zm00001eb215480,chr5,9017699,ear_ht_ratio,0.4822222222222222,0.445,0.03722222222222221,0.16493817705195601,9,10,-2.0849681970533394,0.4366363377957236
Zm00001eb215680,chr5,9899872,DTA,70.36363636363636,67.25,3.1136363636363598,0.15175570903125082,11,8,3.256816592667565,0.4301717825004672
Zm00001eb215680,chr5,9899872,height_cm,187.0,171.25,15.75,0.15175570903125082,11,8,3.256816592667565,0.4301717825004672
Zm00001eb215680,chr5,9899872,ear_ht_ratio,0.4809090909090909,0.4375,0.0434090909090909,0.137027119452334,11,8,3.256816592667565,0.41275091035142897
Zm00001eb215710,chr5,10003009,DTA,68.625,69.16666666666667,-0.5416666666666714,0.8095975232198143,4,15,-2.539472552732426,0.9369073225055853
Zm00001eb215710,chr5,10003009,height_cm,179.5,180.6,-1.0999999999999943,0.8095975232198143,4,15,-2.539472552732426,0.9369073225055853
Zm00001eb215710,chr5,10003009,ear_ht_ratio,0.45999999999999996,0.46333333333333343,-0.003333333333333466,0.8414119325758449,4,15,-2.539472552732426,0.9423813644849462
Zm00001eb215780,chr5,10159988,DTA,71.83333333333333,67.95833333333333,3.875,0.08306399482870072,6,12,-1.63281724559116,0.3559278819887088
Zm00001eb215780,chr5,10159988,height_cm,194.5,174.83333333333334,19.666666666666657,0.08306399482870072,6,12,-1.63281724559116,0.3559278819887088
Zm00001eb215780,chr5,10159988,ear_ht_ratio,0.49833333333333335,0.4483333333333333,0.050000000000000044,0.08299289767981105,6,12,-1.63281724559116,0.3494300349335847
Zm00001eb216000,chr5,10575019,DTA,70.0,68.875,1.125,0.7925696594427245,3,16,2.796844178065814,0.9306301807650056
Zm00001eb216000,chr5,10575019,height_cm,184.0,179.6875,4.3125,0.7925696594427245,3,16,2.796844178065814,0.9306301807650056
Zm00001eb216000,chr5,10575019,ear_ht_ratio,0.47333333333333333,0.460625,0.012708333333333321,0.7797604910141807,3,16,2.796844178065814,0.9216382587634706
Zm00001eb217010,chr5,13128960,DTA,69.0,69.25,-0.25,0.9613003095975232,15,4,-3.167194025229343,0.9909907556182588
Zm00001eb217010,chr5,13128960,height_cm,180.13333333333333,181.25,-1.1166666666666742,0.9613003095975232,15,4,-3.167194025229343,0.9909907556182588
Zm00001eb217010,chr5,13128960,ear_ht_ratio,0.462,0.465,-0.0030000000000000027,1.0,15,4,-3.167194025229343,1.0
Zm00001eb217390,chr5,14254464,DTA,68.0,69.42857142857143,-1.4285714285714306,0.6867905056759546,5,14,-3.960275009599692,0.8725715325167451
Zm00001eb217390,chr5,14254464,height_cm,174.6,182.42857142857142,-7.828571428571422,0.6867905056759546,5,14,-3.960275009599692,0.8725715325167451
Zm00001eb217390,chr5,14254464,ear_ht_ratio,0.45,0.46714285714285714,-0.017142857142857126,0.6768233178045968,5,14,-3.960275009599692,0.8634046902348246
Zm00001eb217560,chr5,14614921,DTA,71.4375,67.31818181818181,4.119318181818187,0.04088274986107804,8,11,-1.8976472087481904,0.27056947180786195
Zm00001eb217560,chr5,14614921,height_cm,192.5,171.54545454545453,20.954545454545467,0.04088274986107804,8,11,-1.8976472087481904,0.27056947180786195
Zm00001eb217560,chr5,14614921,ear_ht_ratio,0.49249999999999994,0.440909090909091,0.051590909090908965,0.04297953710136182,8,11,-1.8976472087481904,0.2844463909981037
Zm00001eb219040,chr5,19107568,DTA,65.0,70.13333333333334,-5.13333333333334,0.03663570691434469,4,15,-2.410048121163423,0.2469518021633605
Zm00001eb219040,chr5,19107568,height_cm,158.0,186.33333333333334,-28.333333333333343,0.03663570691434469,4,15,-2.410048121163423,0.2469518021633605
Zm00001eb219040,chr5,19107568,ear_ht_ratio,0.40750000000000003,0.47733333333333333,-0.0698333333333333,0.040276713941938,4,15,-2.410048121163423,0.2740322219601015
Zm00001eb219210,chr5,19510487,DTA,64.16666666666667,70.0,-5.833333333333329,0.047058823529411764,3,14,-2.188119226814984,0.276280834914611
Zm00001eb219210,chr5,19510487,height_cm,155.0,184.92857142857142,-29.928571428571416,0.047058823529411764,3,14,-2.188119226814984,0.276280834914611
Zm00001eb219210,chr5,19510487,ear_ht_ratio,0.39666666666666667,0.47500000000000003,-0.07833333333333337,0.05069954693192271,3,14,-2.188119226814984,0.2946701847797887
Zm00001eb219710,chr5,21032251,DTA,68.0909090909091,70.28571428571429,-2.1948051948051983,0.37493715434891906,11,7,1.848124679262618,0.6577210804000315
Zm00001eb219710,chr5,21032251,height_cm,175.9090909090909,186.0,-10.090909090909093,0.37493715434891906,11,7,1.848124679262618,0.6577210804000315
Zm00001eb219710,chr5,21032251,ear_ht_ratio,0.45,0.48000000000000004,-0.030000000000000027,0.38933290092640194,11,7,1.848124679262618,0.6651664965923392
Zm00001eb222310,chr5,32352203,DTA,70.7,67.22222222222223,3.4777777777777743,0.11134688653314039,10,9,-2.874238956905657,0.389734667246629
Zm00001eb222310,chr5,32352203,height_cm,187.5,172.44444444444446,15.055555555555543,0.11134688653314039,10,9,-2.874238956905657,0.389734667246629
Zm00001eb222310,chr5,32352203,ear_ht_ratio,0.483,0.43999999999999995,0.04300000000000004,0.11119000559773237,10,9,-2.874238956905657,0.3949177311970252
Zm00001eb225790,chr5,51768174,DTA,68.14285714285714,71.6,-3.4571428571428555,0.1560027519779842,14,5,-4.0288094026258445,0.4334732955724141
Zm00001eb225790,chr5,51768174,height_cm,175.85714285714286,193.0,-17.14285714285714,0.1560027519779842,14,5,-4.0288094026258445,0.4334732955724141
Zm00001eb225790,chr5,51768174,ear_ht_ratio,0.45142857142857146,0.49399999999999994,-0.04257142857142848,0.15110168496265527,14,5,-4.0288094026258445,0.4230847178954348
Zm00001eb227020,chr5,58804250,DTA,68.55,69.61111111111111,-1.0611111111111171,0.7133031738784577,10,9,-1.887218699133968,0.8935257833005829
Zm00001eb227020,chr5,58804250,height_cm,178.2,182.77777777777777,-4.577777777777783,0.7133031738784577,10,9,-1.887218699133968,0.8935257833005829
Zm00001eb227020,chr5,58804250,ear_ht_ratio,0.4580000000000001,0.4677777777777778,-0.009777777777777719,0.7131829113892982,10,9,-1.887218699133968,0.8844926056071706
Zm00001eb227200,chr5,59946133,DTA,71.0,68.53333333333333,2.4666666666666686,0.3570691434468524,4,15,2.305646447426234,0.6418428059982927
Zm00001eb227200,chr5,59946133,height_cm,190.75,177.6,13.150000000000006,0.3570691434468524,4,15,2.305646447426234,0.6418428059982927
Zm00001eb227200,chr5,59946133,ear_ht_ratio,0.49,0.4553333333333333,0.03466666666666668,0.31709815970625277,4,15,2.305646447426234,0.5965050652872145
Zm00001eb227240,chr5,60016925,DTA,68.3125,69.5909090909091,-1.2784090909090935,0.5447593342330185,8,11,2.614639658175785,0.7822185312063855
Zm00001eb227240,chr5,60016925,height_cm,176.625,183.0909090909091,-6.4659090909090935,0.5447593342330185,8,11,2.614639658175785,0.7822185312063855
Zm00001eb227240,chr5,60016925,ear_ht_ratio,0.4525,0.47,-0.01749999999999996,0.5355449294211754,8,11,2.614639658175785,0.7755477503802284
Zm00001eb227310,chr5,60347328,DTA,69.72727272727273,68.125,1.6022727272727337,0.44214230901537405,11,8,-3.539510209205446,0.7118500232614879
Zm00001eb227310,chr5,60347328,height_cm,183.8181818181818,175.625,8.193181818181813,0.44214230901537405,11,8,-3.539510209205446,0.7118500232614879
Zm00001eb227310,chr5,60347328,ear_ht_ratio,0.4709090909090909,0.45125,0.019659090909090904,0.4571931233680737,11,8,-3.539510209205446,0.7219882729109711
Zm00001eb227330,chr5,60404792,DTA,69.3,68.96428571428571,0.33571428571428896,1.0,5,14,-1.6322288517979,1.0
Zm00001eb227330,chr5,60404792,height_cm,181.8,179.85714285714286,1.9428571428571502,1.0,5,14,-1.6322288517979,1.0
Zm00001eb227330,chr5,60404792,ear_ht_ratio,0.466,0.4614285714285714,0.004571428571428615,1.0,5,14,-1.6322288517979,1.0
Zm00001eb227400,chr5,60874715,DTA,69.83333333333333,68.6923076923077,1.1410256410256352,0.5788736547250479,6,13,2.8731706347228676,0.8146067975183978
Zm00001eb227400,chr5,60874715,height_cm,185.16666666666666,178.15384615384616,7.012820512820497,0.5788736547250479,6,13,2.8731706347228676,0.8146067975183978
Zm00001eb227400,chr5,60874715,ear_ht_ratio,0.47666666666666674,0.4561538461538462,0.02051282051282055,0.5390765244886524,6,13,2.8731706347228676,0.7755477503802284
Zm00001eb227670,chr5,61446348,DTA,68.5,69.55,-1.0499999999999972,0.7133031738784577,9,10,5.5371808019707265,0.8935257833005829
Zm00001eb227670,chr5,61446348,height_cm,178.0,182.5,-4.5,0.7133031738784577,9,10,5.5371808019707265,0.8935257833005829
Zm00001eb227670,chr5,61446348,ear_ht_ratio,0.4566666666666667,0.46799999999999997,-0.011333333333333251,0.6829598733032564,9,10,5.5371808019707265,0.8646865874169924
Zm00001eb228090,chr5,63257241,DTA,68.75,68.66666666666667,0.0833333333333286,0.9635854341736694,12,6,-2.5466650592937663,0.9909907556182588
Zm00001eb228090,chr5,63257241,height_cm,179.16666666666666,177.83333333333334,1.3333333333333144,0.9635854341736694,12,6,-2.5466650592937663,0.9909907556182588
Zm00001eb228090,chr5,63257241,ear_ht_ratio,0.45749999999999996,0.4583333333333333,-0.0008333333333333526,0.9626300104906452,12,6,-2.5466650592937663,0.9992197824251186
Zm00001eb228160,chr5,63491996,DTA,67.4,70.88888888888889,-3.48888888888888,0.09416637543787974,10,9,2.0854684599772058,0.3720190779014309
Zm00001eb228160,chr5,63491996,height_cm,172.5,189.11111111111111,-16.611111111111114,0.09416637543787974,10,9,2.0854684599772058,0.3720190779014309
Zm00001eb228160,chr5,63491996,ear_ht_ratio,0.441,0.48666666666666664,-0.04566666666666663,0.09402204495117876,10,9,2.0854684599772058,0.37608817980471504
Zm00001eb232710,chr5,84480191,DTA,67.25,70.36363636363636,-3.1136363636363598,0.15175570903125082,8,11,-1.8662184300906264,0.4301717825004672
Zm00001eb232710,chr5,84480191,height_cm,172.0,186.45454545454547,-14.454545454545467,0.15175570903125082,8,11,-1.8662184300906264,0.4301717825004672
Zm00001eb232710,chr5,84480191,ear_ht_ratio,0.44,0.4790909090909091,-0.03909090909090912,0.16021617703267121,8,11,-1.8662184300906264,0.4355668387821306
Zm00001eb233730,chr5,91349547,DTA,70.56666666666666,63.375,7.191666666666663,0.0005159958720330237,15,4,3.4568081099510115,0.07512899896800825
Zm00001eb233730,chr5,91349547,height_cm,188.46666666666667,150.0,38.46666666666667,0.0005159958720330237,15,4,3.4568081099510115,0.07512899896800825
Zm00001eb233730,chr5,91349547,ear_ht_ratio,0.4826666666666667,0.38749999999999996,0.09516666666666673,0.0031644482239160435,15,4,3.4568081099510115,0.20119851513836434
Zm00001eb234620,chr5,100436856,DTA,69.1,69.0,0.09999999999999432,0.9025232501776794,10,9,-3.4991405375220848,0.9550561853850598
Zm00001eb234620,chr5,100436856,height_cm,180.7,180.0,0.6999999999999886,0.9025232501776794,10,9,-3.4991405375220848,0.9550561853850598
Zm00001eb234620,chr5,100436856,ear_ht_ratio,0.4640000000000001,0.46111111111111114,0.002888888888888941,0.9024806826878791,10,9,-3.4991405375220848,0.9549504898208954
Zm00001eb237500,chr5,138337529,DTA,69.66666666666667,68.76923076923077,0.8974358974358978,0.7653693056169837,6,13,3.7666607845588014,0.9194420990086625
Zm00001eb237500,chr5,138337529,height_cm,183.16666666666666,179.07692307692307,4.089743589743591,0.7653693056169837,6,13,3.7666607845588014,0.9194420990086625
Zm00001eb237500,chr5,138337529,ear_ht_ratio,0.4716666666666667,0.4584615384615385,0.013205128205128203,0.7923710864045915,6,13,3.7666607845588014,0.9303970175847462
Zm00001eb238620,chr5,147071399,DTA,69.4,68.66666666666667,0.7333333333333343,0.7750513736700824,10,9,-2.101410767301607,0.9194420990086625
Zm00001eb238620,chr5,147071399,height_cm,182.0,178.55555555555554,3.444444444444457,0.7750513736700824,10,9,-2.101410767301607,0.9194420990086625
Zm00001eb238620,chr5,147071399,ear_ht_ratio,0.469,0.4555555555555556,0.01344444444444437,0.7438630522159773,10,9,-2.101410767301607,0.9055724113933636
Zm00001eb238670,chr5,147580358,DTA,71.0625,68.66666666666667,2.3958333333333286,0.1995886466474702,8,9,2.4797842854311596,0.48500999333777484
Zm00001eb238670,chr5,147580358,height_cm,189.75,179.33333333333334,10.416666666666657,0.1995886466474702,8,9,2.4797842854311596,0.48500999333777484
Zm00001eb238670,chr5,147580358,ear_ht_ratio,0.49,0.4566666666666666,0.03333333333333338,0.193657589519031,8,9,2.4797842854311596,0.4668302157942204
Zm00001eb240160,chr5,159177486,DTA,66.25,68.92307692307692,-2.67307692307692,0.2957983193277311,4,13,3.150560673239874,0.588979138934589
Zm00001eb240160,chr5,159177486,height_cm,165.75,179.92307692307693,-14.173076923076934,0.2957983193277311,4,13,3.150560673239874,0.588979138934589
Zm00001eb240160,chr5,159177486,ear_ht_ratio,0.4275,0.4592307692307692,-0.03173076923076923,0.3078829433822109,4,13,3.150560673239874,0.5921475646999501
Zm00001eb240750,chr5,162417985,DTA,72.41666666666667,67.5,4.916666666666671,0.021966681409405865,6,13,-2.0331125781654853,0.21190230478156177
Zm00001eb240750,chr5,162417985,height_cm,197.0,172.69230769230768,24.30769230769232,0.021966681409405865,6,13,-2.0331125781654853,0.21190230478156177
Zm00001eb240750,chr5,162417985,ear_ht_ratio,0.5066666666666667,0.4423076923076924,0.06435897435897431,0.02525501670232408,6,13,-2.0331125781654853,0.24789454051079124
Zm00001eb241400,chr5,165941716,DTA,68.41666666666667,69.66666666666667,-1.25,0.6819650937297996,6,12,-2.227398896228534,0.8725715325167451
Zm00001eb241400,chr5,165941716,height_cm,176.66666666666666,183.75,-7.083333333333343,0.6819650937297996,6,12,-2.227398896228534,0.8725715325167451
Zm00001eb241400,chr5,165941716,ear_ht_ratio,0.45333333333333337,0.4708333333333334,-0.017500000000000016,0.6732576868350784,6,12,-2.227398896228534,0.8634046902348246
Zm00001eb241780,chr5,167200610,DTA,70.15384615384616,66.66666666666667,3.487179487179489,0.07150228512457615,13,6,2.649178803799349,0.3294535669031104
Zm00001eb241780,chr5,167200610,height_cm,186.30769230769232,167.5,18.80769230769232,0.07150228512457615,13,6,2.649178803799349,0.3294535669031104
Zm00001eb241780,chr5,167200610,ear_ht_ratio,0.4761538461538462,0.43333333333333335,0.04282051282051286,0.07927882740923248,13,6,2.649178803799349,0.3435415854400074
Zm00001eb243970,chr5,177500754,DTA,68.125,69.72727272727273,-1.6022727272727337,0.4920219099785663,8,11,2.201691679038871,0.7518254163590122
Zm00001eb243970,chr5,177500754,height_cm,175.375,184.0,-8.625,0.4920219099785663,8,11,2.201691679038871,0.7518254163590122
Zm00001eb243970,chr5,177500754,ear_ht_ratio,0.45,0.47181818181818186,-0.021818181818181848,0.48257163181683616,8,11,2.201691679038871,0.7445230819709819
Zm00001eb244930,chr5,179748634,DTA,66.1,70.10714285714286,-4.007142857142867,0.08703130374957001,5,14,4.753694942534736,0.3616192888638709
Zm00001eb244930,chr5,179748634,height_cm,165.0,185.85714285714286,-20.85714285714286,0.08703130374957001,5,14,4.753694942534736,0.3616192888638709
Zm00001eb244930,chr5,179748634,ear_ht_ratio,0.42400000000000004,0.4764285714285714,-0.05242857142857138,0.07843659850995441,5,14,4.753694942534736,0.3435415854400074
Zm00001eb245410,chr5,181666853,DTA,68.3,69.32142857142857,-1.0214285714285722,0.6867905056759546,5,14,-3.7983113281608527,0.8725715325167451
Zm00001eb245410,chr5,181666853,height_cm,178.4,181.07142857142858,-2.671428571428578,0.6867905056759546,5,14,-3.7983113281608527,0.8725715325167451
Zm00001eb245410,chr5,181666853,ear_ht_ratio,0.45199999999999996,0.46642857142857147,-0.014428571428571513,0.6768233178045968,5,14,-3.7983113281608527,0.8634046902348246
Zm00001eb245840,chr5,183345807,DTA,67.2,71.11111111111111,-3.9111111111111114,0.06619257972219345,10,9,-3.1519521318875774,0.3212546535850455
Zm00001eb245840,chr5,183345807,height_cm,171.4,190.33333333333334,-18.933333333333337,0.06619257972219345,10,9,-3.1519521318875774,0.3212546535850455
Zm00001eb245840,chr5,183345807,ear_ht_ratio,0.438,0.49,-0.05199999999999999,0.06607366535042022,10,9,-3.1519521318875774,0.3164580814151705
Zm00001eb246360,chr5,185128518,DTA,71.83333333333333,67.76923076923077,4.064102564102555,0.046218487394957986,6,13,1.7253885350789702,0.2757955641272903
Zm00001eb246360,chr5,185128518,height_cm,195.5,173.3846153846154,22.115384615384613,0.046218487394957986,6,13,1.7253885350789702,0.2757955641272903
Zm00001eb246360,chr5,185128518,ear_ht_ratio,0.5016666666666666,0.44461538461538463,0.05705128205128196,0.04835370606568855,6,13,1.7253885350789702,0.2933458167985105
Zm00001eb246440,chr5,185610092,DTA,66.16666666666667,69.59375,-3.4270833333333286,0.2538699690402477,3,16,2.855413475989271,0.5451838863165201
Zm00001eb246440,chr5,185610092,height_cm,166.66666666666666,182.9375,-16.270833333333343,0.2538699690402477,3,16,2.855413475989271,0.5451838863165201
Zm00001eb246440,chr5,185610092,ear_ht_ratio,0.42333333333333334,0.47,-0.046666666666666634,0.24021446321735773,3,16,2.855413475989271,0.5235812252162767
Zm00001eb246590,chr5,185969286,DTA,69.1,69.03571428571429,0.06428571428570251,0.9643962848297213,5,14,3.533033625402345,0.9909907556182588
Zm00001eb246590,chr5,185969286,height_cm,180.0,180.5,-0.5,0.9643962848297213,5,14,3.533033625402345,0.9909907556182588
Zm00001eb246590,chr5,185969286,ear_ht_ratio,0.45999999999999996,0.4635714285714286,-0.0035714285714286143,0.963062115797571,5,14,3.533033625402345,0.9992197824251186
Zm00001eb246850,chr5,187363173,DTA,68.15,69.8125,-1.6624999999999943,0.35993418346359524,10,8,-2.116124084261831,0.6422355038271993
Zm00001eb246850,chr5,187363173,height_cm,174.7,185.625,-10.925000000000011,0.35993418346359524,10,8,-2.116124084261831,0.6422355038271993
Zm00001eb246850,chr5,187363173,ear_ht_ratio,0.45,0.47375,-0.023749999999999993,0.35059734998094105,10,8,-2.116124084261831,0.6260947025936192
Zm00001eb247540,chr5,190042182,DTA,64.66666666666667,71.04166666666667,-6.375,0.003232062055591467,6,12,-2.689918027031855,0.11805985552115582
Zm00001eb247540,chr5,190042182,height_cm,158.66666666666666,190.25,-31.583333333333343,0.003232062055591467,6,12,-2.689918027031855,0.11805985552115582
Zm00001eb247540,chr5,190042182,ear_ht_ratio,0.4066666666666667,0.4883333333333333,-0.08166666666666661,0.004935580915926395,6,12,-2.689918027031855,0.20119851513836434
Zm00001eb248290,chr5,192527539,DTA,70.16666666666667,67.91666666666667,2.25,0.29077784960137903,6,12,3.045578705346374,0.5847687141154805
Zm00001eb248290,chr5,192527539,height_cm,187.0,174.16666666666666,12.833333333333343,0.29077784960137903,6,12,3.045578705346374,0.5847687141154805
Zm00001eb248290,chr5,192527539,ear_ht_ratio,0.47500000000000003,0.4483333333333333,0.026666666666666727,0.30264568476714504,6,12,3.045578705346374,0.5891071083167958
Zm00001eb248350,chr5,192696772,DTA,70.0,68.0,2.0,0.34774559891069756,10,9,-1.8501334723944156,0.6341772789390886
Zm00001eb248350,chr5,192696772,height_cm,185.7,174.44444444444446,11.255555555555532,0.34774559891069756,10,9,-1.8501334723944156,0.6341772789390886
Zm00001eb248350,chr5,192696772,ear_ht_ratio,0.476,0.44777777777777783,0.02822222222222215,0.34753405148666916,10,9,-1.8501334723944156,0.6231645061140274
Zm00001eb248530,chr5,192898521,DTA,68.14285714285714,69.58333333333333,-1.4404761904761898,0.535841867111217,7,12,-2.0869914285378406,0.7811432273291284
Zm00001eb248530,chr5,192898521,height_cm,175.71428571428572,183.08333333333334,-7.36904761904762,0.535841867111217,7,12,-2.0869914285378406,0.7811432273291284
Zm00001eb248530,chr5,192898521,ear_ht_ratio,0.44857142857142857,0.47083333333333327,-0.022261904761904705,0.5259869247938622,7,12,-2.0869914285378406,0.7704597208248123
Zm00001eb248620,chr5,193107259,DTA,68.83333333333333,69.15384615384616,-0.3205128205128318,0.9660916998378299,6,13,-3.566530348832343,0.9909907556182588
Zm00001eb248620,chr5,193107259,height_cm,179.16666666666666,180.92307692307693,-1.7564102564102768,0.9660916998378299,6,13,-3.566530348832343,0.9909907556182588
Zm00001eb248620,chr5,193107259,ear_ht_ratio,0.45999999999999996,0.4638461538461538,-0.0038461538461538325,0.9650063171057915,6,13,-3.566530348832343,0.9992197824251186
Zm00001eb250370,chr5,199009303,DTA,70.625,65.5,5.125,0.03652230122818358,12,5,1.8339465166225088,0.2469518021633605
Zm00001eb250370,chr5,199009303,height_cm,187.5,164.6,22.900000000000006,0.03652230122818358,12,5,1.8339465166225088,0.2469518021633605
Zm00001eb250370,chr5,199009303,ear_ht_ratio,0.48249999999999993,0.418,0.06449999999999995,0.04506961355812707,12,5,1.8339465166225088,0.2914408484958043
Zm00001eb250610,chr5,204023118,DTA,66.5,69.96428571428571,-3.464285714285708,0.1560027519779842,5,14,-1.5294181024110318,0.4334732955724141
Zm00001eb250610,chr5,204023118,height_cm,168.0,184.78571428571428,-16.785714285714278,0.1560027519779842,5,14,-1.5294181024110318,0.4334732955724141
Zm00001eb250610,chr5,204023118,ear_ht_ratio,0.43,0.4742857142857143,-0.04428571428571432,0.15110168496265527,5,14,-1.5294181024110318,0.4230847178954348
Zm00001eb251070,chr5,205962090,DTA,69.33333333333333,68.92307692307692,0.4102564102564088,0.8982750995134897,6,13,1.8363397923573328,0.9550561853850598
Zm00001eb251070,chr5,205962090,height_cm,183.0,179.15384615384616,3.8461538461538396,0.8982750995134897,6,13,1.8363397923573328,0.9550561853850598
Zm00001eb251070,chr5,205962090,ear_ht_ratio,0.4683333333333333,0.46,0.008333333333333304,0.8606957359746176,6,13,1.8363397923573328,0.9541035840471408
Zm00001eb251900,chr5,208499872,DTA,70.38888888888889,67.85,2.5388888888888914,0.2056671796173556,9,10,-2.0480367921719203,0.48500999333777484
Zm00001eb251900,chr5,208499872,height_cm,187.44444444444446,174.0,13.444444444444457,0.2056671796173556,9,10,-2.0480367921719203,0.48500999333777484
Zm00001eb251900,chr5,208499872,ear_ht_ratio,0.4811111111111111,0.446,0.03511111111111109,0.20546828319838173,9,10,-2.0480367921719203,0.47486003228070445
Zm00001eb252160,chr5,209205811,DTA,65.5,70.32142857142857,-4.821428571428569,0.043687650498796006,5,14,2.355996357405278,0.2757955641272903
Zm00001eb252160,chr5,209205811,height_cm,162.0,186.92857142857142,-24.928571428571416,0.043687650498796006,5,14,2.355996357405278,0.2757955641272903
Zm00001eb252160,chr5,209205811,ear_ht_ratio,0.41600000000000004,0.4792857142857142,-0.06328571428571417,0.04643837695812266,5,14,2.355996357405278,0.2914408484958043
Zm00001eb252250,chr5,209563666,DTA,74.0,68.125,5.875,0.022703818369453045,3,16,-3.1936707580998416,0.21190230478156177
Zm00001eb252250,chr5,209563666,height_cm,205.0,175.75,29.25,0.022703818369453045,3,16,-3.1936707580998416,0.21190230478156177
Zm00001eb252250,chr5,209563666,ear_ht_ratio,0.53,0.45,0.08000000000000002,0.029174311146392,3,16,-3.1936707580998416,0.25881739875756127
Zm00001eb252380,chr5,209976915,DTA,70.65384615384616,65.58333333333333,5.070512820512832,0.021966681409405865,13,6,1.331292388796791,0.21190230478156177
Zm00001eb252380,chr5,209976915,height_cm,187.69230769230768,164.5,23.19230769230768,0.021966681409405865,13,6,1.331292388796791,0.21190230478156177
Zm00001eb252380,chr5,209976915,ear_ht_ratio,0.483076923076923,0.4183333333333333,0.06474358974358974,0.02252764591807182,13,6,1.331292388796791,0.24117832688759241
Zm00001eb252460,chr5,210135106,DTA,69.28571428571429,68.91666666666667,0.3690476190476204,0.967135032150512,7,12,2.800267841073044,0.9909907556182588
Zm00001eb252460,chr5,210135106,height_cm,181.0,180.0,1.0,0.967135032150512,7,12,2.800267841073044,0.9909907556182588
Zm00001eb252460,chr5,210135106,ear_ht_ratio,0.4642857142857143,0.4616666666666667,0.0026190476190475764,1.0,7,12,2.800267841073044,1.0
Zm00001eb252640,chr5,210672360,DTA,67.33333333333333,70.77272727272727,-3.4393939393939377,0.0982546864899806,6,11,-2.184338854040075,0.37819021800157204
Zm00001eb252640,chr5,210672360,height_cm,173.16666666666666,188.45454545454547,-15.28787878787881,0.0982546864899806,6,11,-2.184338854040075,0.37819021800157204
Zm00001eb252640,chr5,210672360,ear_ht_ratio,0.4416666666666667,0.48454545454545456,-0.04287878787878785,0.0982546864899806,6,11,-2.184338854040075,0.3761102895141804
Zm00001eb253150,chr5,212216401,DTA,67.6875,70.04545454545455,-2.3579545454545467,0.272287052472811,8,11,1.66884832394174,0.5599575542378712
Zm00001eb253150,chr5,212216401,height_cm,173.625,185.27272727272728,-11.64772727272728,0.272287052472811,8,11,1.66884832394174,0.5599575542378712
Zm00001eb253150,chr5,212216401,ear_ht_ratio,0.44125,0.47818181818181815,-0.03693181818181818,0.2647582787237853,8,11,1.66884832394174,0.547568258269647
Zm00001eb253690,chr5,213145580,DTA,64.16666666666667,69.96875,-5.802083333333329,0.04747162022703818,3,16,-2.9414167343446964,0.2764747162022704
Zm00001eb253690,chr5,213145580,height_cm,156.66666666666666,184.8125,-28.145833333333343,0.04747162022703818,3,16,-2.9414167343446964,0.2764747162022704
Zm00001eb253690,chr5,213145580,ear_ht_ratio,0.4033333333333333,0.47375,-0.07041666666666668,0.0572376057154547,3,16,-2.9414167343446964,0.30165119421532766
Zm00001eb254940,chr5,216053809,DTA,73.5,67.5,6.0,0.0019392372333548802,6,11,3.0368323958172567,0.10732714138286892
Zm00001eb254940,chr5,216053809,height_cm,201.66666666666666,173.63636363636363,28.03030303030303,0.0019392372333548802,6,11,3.0368323958172567,0.10732714138286892
Zm00001eb254940,chr5,216053809,ear_ht_ratio,0.5216666666666666,0.44181818181818183,0.07984848484848478,0.004155439064529366,6,11,3.0368323958172567,0.20119851513836434
Zm00001eb255980,chr5,218429727,DTA,69.46153846153847,68.16666666666667,1.2948717948717956,0.5213769718413681,13,6,2.8306111394814533,0.7809926656389218
Zm00001eb255980,chr5,218429727,height_cm,182.6153846153846,175.5,7.115384615384613,0.5213769718413681,13,6,2.8306111394814533,0.7809926656389218
Zm00001eb255980,chr5,218429727,ear_ht_ratio,0.4676923076923077,0.4516666666666667,0.01602564102564097,0.5390765244886524,13,6,2.8306111394814533,0.7755477503802284
Zm00001eb256460,chr5,219599710,DTA,67.05555555555556,70.85,-3.794444444444437,0.06619257972219345,9,10,2.535602526846472,0.3212546535850455
Zm00001eb256460,chr5,219599710,height_cm,169.66666666666666,190.0,-20.333333333333343,0.06619257972219345,9,10,2.535602526846472,0.3212546535850455
Zm00001eb256460,chr5,219599710,ear_ht_ratio,0.43666666666666665,0.48599999999999993,-0.049333333333333285,0.06607366535042022,9,10,2.535602526846472,0.3164580814151705
Zm00001eb257810,chr5,222003901,DTA,69.58333333333333,68.8076923076923,0.775641025641022,0.7653693056169837,6,13,-3.7401838527052793,0.9194420990086625
Zm00001eb257810,chr5,222003901,height_cm,183.0,179.15384615384616,3.8461538461538396,0.7653693056169837,6,13,-3.7401838527052793,0.9194420990086625
Zm00001eb257810,chr5,222003901,ear_ht_ratio,0.47166666666666673,0.45846153846153853,0.013205128205128203,0.725605469294203,6,13,-3.7401838527052793,0.8945696267645304
Zm00001eb258090,chr5,222551203,DTA,69.66666666666667,68.5,1.1666666666666714,0.5956108994757296,9,10,-1.8890916082673856,0.8146067975183978
Zm00001eb258090,chr5,222551203,height_cm,183.55555555555554,177.5,6.055555555555543,0.5956108994757296,9,10,-1.8890916082673856,0.8146067975183978
Zm00001eb258090,chr5,222551203,ear_ht_ratio,0.47111111111111115,0.45500000000000007,0.016111111111111076,0.6240539694958962,9,10,-1.8890916082673856,0.8320719593278616
Zm00001eb258170,chr5,222744777,DTA,68.33333333333333,69.38461538461539,-1.0512820512820582,0.7012383900928792,6,13,4.794391153447574,0.8878287791088976
Zm00001eb258170,chr5,222744777,height_cm,178.66666666666666,181.15384615384616,-2.487179487179503,0.7012383900928792,6,13,4.794391153447574,0.8878287791088976
Zm00001eb258170,chr5,222744777,ear_ht_ratio,0.455,0.4661538461538462,-0.01115384615384618,0.725605469294203,6,13,4.794391153447574,0.8945696267645304
Zm00001eb258890,chr5,224090715,DTA,66.5,69.53125,-3.03125,0.2538699690402477,3,16,-1.9603346592901425,0.5451838863165201
Zm00001eb258890,chr5,224090715,height_cm,169.33333333333334,182.4375,-13.104166666666657,0.2538699690402477,3,16,-1.9603346592901425,0.5451838863165201
Zm00001eb258890,chr5,224090715,ear_ht_ratio,0.43,0.46875,-0.03875000000000001,0.2633429730199839,3,16,-1.9603346592901425,0.5461928329303369
Zm00001eb258970,chr5,224227778,DTA,70.5,68.38461538461539,2.115384615384613,0.32286598850066345,6,13,1.890023995138449,0.6073551411588708
Zm00001eb258970,chr5,224227778,height_cm,187.16666666666666,177.23076923076923,9.93589743589743,0.32286598850066345,6,13,1.890023995138449,0.6073551411588708
Zm00001eb258970,chr5,224227778,ear_ht_ratio,0.4816666666666667,0.4538461538461539,0.02782051282051279,0.31294615280125626,6,13,1.890023995138449,0.5932937480190483
Zm00001eb259070,chr5,224374169,DTA,70.4,68.57142857142857,1.8285714285714363,0.5593395252837977,5,14,-1.9507576650897027,0.7937605738920169
Zm00001eb259070,chr5,224374169,height_cm,187.4,177.85714285714286,9.542857142857144,0.5593395252837977,5,14,-1.9507576650897027,0.7937605738920169
Zm00001eb259070,chr5,224374169,ear_ht_ratio,0.4779999999999999,0.4571428571428572,0.02085714285714274,0.5471427334954032,5,14,-1.9507576650897027,0.781019431342458
Zm00001eb260350,chr6,7501354,DTA,69.91666666666667,68.65384615384616,1.262820512820511,0.5213769718413681,6,13,2.401949872078158,0.7809926656389218
Zm00001eb260350,chr6,7501354,height_cm,184.66666666666666,178.3846153846154,6.28205128205127,0.5213769718413681,6,13,2.401949872078158,0.7809926656389218
Zm00001eb260350,chr6,7501354,ear_ht_ratio,0.47500000000000003,0.4569230769230769,0.018076923076923157,0.510485306351093,6,13,2.401949872078158,0.7612369161232599
Zm00001eb260480,chr6,8188344,DTA,68.41666666666667,70.0,-1.5833333333333286,0.6460892049127342,12,5,3.5478175791548217,0.8531033641213936
Zm00001eb260480,chr6,8188344,height_cm,176.66666666666666,185.4,-8.733333333333348,0.6460892049127342,12,5,3.5478175791548217,0.8531033641213936
Zm00001eb260480,chr6,8188344,ear_ht_ratio,0.45249999999999996,0.47800000000000004,-0.025500000000000078,0.6350488894517347,12,5,3.5478175791548217,0.8380066287617491
Zm00001eb260970,chr6,10181290,DTA,71.14285714285714,67.83333333333333,3.30952380952381,0.10026196713503215,7,12,1.9402762306550076,0.37819021800157204
Zm00001eb260970,chr6,10181290,height_cm,191.42857142857142,173.91666666666666,17.51190476190476,0.10026196713503215,7,12,1.9402762306550076,0.37819021800157204
Zm00001eb260970,chr6,10181290,ear_ht_ratio,0.4928571428571429,0.445,0.047857142857142876,0.0991939225092344,7,12,1.9402762306550076,0.3761102895141804
Zm00001eb264550,chr6,29131841,DTA,68.5,69.45454545454545,-0.9545454545454533,0.5447593342330185,8,11,2.565167807096685,0.7822185312063855
Zm00001eb264550,chr6,29131841,height_cm,177.625,182.36363636363637,-4.738636363636374,0.5447593342330185,8,11,2.565167807096685,0.7822185312063855
Zm00001eb264550,chr6,29131841,ear_ht_ratio,0.45499999999999996,0.46818181818181814,-0.013181818181818183,0.5355449294211754,8,11,2.565167807096685,0.7755477503802284
Zm00001eb265520,chr6,36004831,DTA,67.77777777777777,70.2,-2.4222222222222314,0.2703441406547801,9,10,-1.7809825153208412,0.5591208363542043
Zm00001eb265520,chr6,36004831,height_cm,174.44444444444446,185.7,-11.255555555555532,0.2703441406547801,9,10,-1.7809825153208412,0.5591208363542043
Zm00001eb265520,chr6,36004831,ear_ht_ratio,0.4466666666666667,0.47700000000000004,-0.030333333333333323,0.2701339422159781,9,10,-1.7809825153208412,0.549795802355035
Zm00001eb266600,chr6,44084585,DTA,69.27777777777777,68.85,0.42777777777777715,0.6533789106936937,9,10,1.3833691488817503,0.8531033641213936
Zm00001eb266600,chr6,44084585,height_cm,181.88888888888889,179.0,2.8888888888888857,0.6533789106936937,9,10,1.3833691488817503,0.8531033641213936
Zm00001eb266600,chr6,44084585,ear_ht_ratio,0.4677777777777778,0.458,0.009777777777777774,0.6829598733032564,9,10,1.3833691488817503,0.8646865874169924
Zm00001eb266620,chr6,44126781,DTA,67.625,69.43333333333334,-1.8083333333333371,0.6646026831785345,4,15,-2.9601877835961656,0.8563376165557046
Zm00001eb266620,chr6,44126781,height_cm,175.0,181.8,-6.800000000000011,0.6646026831785345,4,15,-2.9601877835961656,0.8563376165557046
Zm00001eb266620,chr6,44126781,ear_ht_ratio,0.4475,0.4666666666666667,-0.019166666666666665,0.616920569649885,4,15,-2.9601877835961656,0.8271052941162361
Zm00001eb268420,chr6,64425664,DTA,68.25,69.14285714285714,-0.8928571428571388,0.7980392156862743,4,14,2.5182726232604637,0.935543557197436
Zm00001eb268420,chr6,64425664,height_cm,176.0,180.92857142857142,-4.928571428571416,0.7980392156862743,4,14,2.5182726232604637,0.935543557197436
Zm00001eb268420,chr6,64425664,ear_ht_ratio,0.455,0.4635714285714286,-0.008571428571428563,0.7905209256143334,4,14,2.5182726232604637,0.9303834271507739
Zm00001eb269400,chr6,71846402,DTA,70.35714285714286,68.29166666666667,2.06547619047619,0.38445661665475905,7,12,5.37515032156037,0.6632332154612904
Zm00001eb269400,chr6,71846402,height_cm,186.42857142857142,176.83333333333334,9.595238095238074,0.38445661665475905,7,12,5.37515032156037,0.6632332154612904
Zm00001eb269400,chr6,71846402,ear_ht_ratio,0.4814285714285715,0.45166666666666666,0.029761904761904823,0.3978176797362497,7,12,5.37515032156037,0.6667000724371067
Zm00001eb272170,chr6,92924064,DTA,68.5,69.45454545454545,-0.9545454545454533,0.6574052022968432,8,11,-3.261713651505997,0.8531033641213936
Zm00001eb272170,chr6,92924064,height_cm,176.875,182.9090909090909,-6.0340909090909065,0.6574052022968432,8,11,-3.261713651505997,0.8531033641213936
Zm00001eb272170,chr6,92924064,ear_ht_ratio,0.45375,0.4690909090909091,-0.015340909090909127,0.6495791849957385,8,11,-3.261713651505997,0.847694028007351
Zm00001eb272520,chr6,94722184,DTA,72.4,65.875,6.525000000000006,0.010878010878010878,5,8,-2.0781202486092107,0.1759820426487093
Zm00001eb272520,chr6,94722184,height_cm,196.0,164.375,31.625,0.010878010878010878,5,8,-2.0781202486092107,0.1759820426487093
Zm00001eb272520,chr6,94722184,ear_ht_ratio,0.5039999999999999,0.42125,0.08274999999999988,0.010878010878010878,5,8,-2.0781202486092107,0.24117832688759241
Zm00001eb273360,chr6,98445058,DTA,71.0,67.91666666666667,3.0833333333333286,0.16734143049932523,7,12,3.373963504912398,0.4512020792722547
Zm00001eb273360,chr6,98445058,height_cm,190.28571428571428,174.58333333333334,15.702380952380935,0.16734143049932523,7,12,3.373963504912398,0.4512020792722547
Zm00001eb273360,chr6,98445058,ear_ht_ratio,0.48857142857142855,0.4475,0.04107142857142854,0.17610665864465436,7,12,3.373963504912398,0.45237639243129896
Zm00001eb274240,chr6,102898532,DTA,67.11111111111111,70.8,-3.688888888888883,0.055013832353979025,9,10,-2.18760956779572,0.2983063194317975
Zm00001eb274240,chr6,102898532,height_cm,170.77777777777777,189.0,-18.22222222222223,0.055013832353979025,9,10,-2.18760956779572,0.2983063194317975
Zm00001eb274240,chr6,102898532,ear_ht_ratio,0.43666666666666665,0.48600000000000004,-0.049333333333333396,0.04994300291241586,9,10,-2.18760956779572,0.2946701847797887
Zm00001eb276160,chr6,110082271,DTA,63.666666666666664,70.0625,-6.395833333333336,0.014447884416924664,3,16,-2.0697966596880257,0.198453959538135
Zm00001eb276160,chr6,110082271,height_cm,152.33333333333334,185.625,-33.29166666666666,0.014447884416924664,3,16,-2.0697966596880257,0.198453959538135
Zm00001eb276160,chr6,110082271,ear_ht_ratio,0.39333333333333337,0.47562499999999996,-0.0822916666666666,0.021849410408045947,3,16,-2.0697966596880257,0.24117832688759241
Zm00001eb276190,chr6,110151986,DTA,63.666666666666664,70.0625,-6.395833333333336,0.014447884416924664,3,16,2.448600298541365,0.198453959538135
Zm00001eb276190,chr6,110151986,height_cm,152.33333333333334,185.625,-33.29166666666666,0.014447884416924664,3,16,2.448600298541365,0.198453959538135
Zm00001eb276190,chr6,110151986,ear_ht_ratio,0.39333333333333337,0.47562499999999996,-0.0822916666666666,0.021849410408045947,3,16,2.448600298541365,0.24117832688759241
Zm00001eb278120,chr6,117817772,DTA,65.8,70.21428571428571,-4.414285714285711,0.05572755417956656,5,14,-1.707022122288353,0.2983063194317975
Zm00001eb278120,chr6,117817772,height_cm,163.4,186.42857142857142,-23.02857142857141,0.05572755417956656,5,14,-1.707022122288353,0.2983063194317975
Zm00001eb278120,chr6,117817772,ear_ht_ratio,0.418,0.4785714285714286,-0.06057142857142861,0.05759548900539909,5,14,-1.707022122288353,0.30165119421532766
Zm00001eb278130,chr6,117850289,DTA,74.1,67.25,6.849999999999994,0.0003439972480220158,5,14,-2.9195594793576416,0.06260749914000688
Zm00001eb278130,chr6,117850289,height_cm,205.0,171.57142857142858,33.428571428571416,0.0003439972480220158,5,14,-2.9195594793576416,0.06260749914000688
Zm00001eb278130,chr6,117850289,ear_ht_ratio,0.532,0.43785714285714283,0.0941428571428572,0.001916612321297416,5,14,-2.9195594793576416,0.20119851513836434
Zm00001eb279790,chr6,124409130,DTA,71.5,68.4,3.0999999999999943,0.18472652218782248,4,15,9.795547365688725,0.4635527847284071
Zm00001eb279790,chr6,124409130,height_cm,194.25,176.66666666666666,17.583333333333343,0.18472652218782248,4,15,9.795547365688725,0.4635527847284071
Zm00001eb279790,chr6,124409130,ear_ht_ratio,0.4975,0.4533333333333333,0.04416666666666669,0.17682600620593691,4,15,9.795547365688725,0.45237639243129896
Zm00001eb280210,chr6,126409344,DTA,69.0,69.08333333333333,-0.0833333333333286,1.0,7,12,1.7960201177908428,1.0
Zm00001eb280210,chr6,126409344,height_cm,179.57142857142858,180.83333333333334,-1.2619047619047592,1.0,7,12,1.7960201177908428,1.0
Zm00001eb280210,chr6,126409344,ear_ht_ratio,0.46142857142857135,0.4633333333333333,-0.0019047619047619646,1.0,7,12,1.7960201177908428,1.0
Zm00001eb280970,chr6,130867559,DTA,68.29166666666667,70.35714285714286,-2.06547619047619,0.34023973962054455,12,7,-3.748817075985064,0.6314639913260441
Zm00001eb280970,chr6,130867559,height_cm,176.25,187.42857142857142,-11.178571428571416,0.34023973962054455,12,7,-3.748817075985064,0.6314639913260441
Zm00001eb280970,chr6,130867559,ear_ht_ratio,0.45166666666666666,0.48142857142857143,-0.029761904761904767,0.3102821300157158,12,7,-3.748817075985064,0.5928750410798979
Zm00001eb282040,chr6,134534847,DTA,65.875,69.9,-4.025000000000006,0.12435500515995872,4,15,2.0901105758952907,0.39555365565443684
Zm00001eb282040,chr6,134534847,height_cm,165.0,184.46666666666667,-19.46666666666667,0.12435500515995872,4,15,2.0901105758952907,0.39555365565443684
Zm00001eb282040,chr6,134534847,ear_ht_ratio,0.42000000000000004,0.474,-0.05399999999999994,0.12097832450833512,4,15,2.0901105758952907,0.3949177311970252
Zm00001eb282990,chr6,138984500,DTA,72.0,67.6923076923077,4.307692307692307,0.046218487394957986,6,13,2.655137442273228,0.2757955641272903
Zm00001eb282990,chr6,138984500,height_cm,194.5,173.84615384615384,20.65384615384616,0.046218487394957986,6,13,2.655137442273228,0.2757955641272903
Zm00001eb282990,chr6,138984500,ear_ht_ratio,0.5016666666666668,0.4446153846153846,0.05705128205128224,0.04835370606568855,6,13,2.655137442273228,0.2933458167985105
Zm00001eb283110,chr6,139381527,DTA,70.65,67.27777777777777,3.3722222222222342,0.09416637543787974,10,9,2.856266283830376,0.3720190779014309
Zm00001eb283110,chr6,139381527,height_cm,188.5,171.33333333333334,17.166666666666657,0.09416637543787974,10,9,2.856266283830376,0.3720190779014309
Zm00001eb283110,chr6,139381527,ear_ht_ratio,0.484,0.4388888888888889,0.0451111111111111,0.08627276711592316,10,9,2.856266283830376,0.3588947112022403
Zm00001eb283200,chr6,139654163,DTA,70.25,68.73333333333333,1.5166666666666657,0.6646026831785345,4,15,-2.0579915874978787,0.8563376165557046
Zm00001eb283200,chr6,139654163,height_cm,185.0,179.13333333333333,5.866666666666674,0.6646026831785345,4,15,-2.0579915874978787,0.8563376165557046
Zm00001eb283200,chr6,139654163,ear_ht_ratio,0.475,0.45933333333333337,0.015666666666666607,0.6525680399344319,4,15,-2.0579915874978787,0.847694028007351
Zm00001eb283750,chr6,141497453,DTA,72.375,68.16666666666667,4.208333333333329,0.1001031991744066,4,15,3.2282312202661316,0.37819021800157204
Zm00001eb283750,chr6,141497453,height_cm,196.25,176.13333333333333,20.116666666666674,0.1001031991744066,4,15,3.2282312202661316,0.37819021800157204
Zm00001eb283750,chr6,141497453,ear_ht_ratio,0.505,0.45133333333333336,0.05366666666666664,0.09879491206027162,4,15,3.2282312202661316,0.3761102895141804
Zm00001eb284070,chr6,142919744,DTA,66.78571428571429,70.375,-3.589285714285708,0.10026196713503215,7,12,-2.017722385261348,0.37819021800157204
Zm00001eb284070,chr6,142919744,height_cm,170.0,186.41666666666666,-16.416666666666657,0.10026196713503215,7,12,-2.017722385261348,0.37819021800157204
Zm00001eb284070,chr6,142919744,ear_ht_ratio,0.4342857142857143,0.4791666666666667,-0.04488095238095241,0.09082718460363105,7,12,-2.017722385261348,0.3673455021746856
Zm00001eb284120,chr6,143072104,DTA,67.33333333333333,69.84615384615384,-2.512820512820511,0.24406604747162025,6,13,2.8262855781437546,0.5351809715642758
Zm00001eb284120,chr6,143072104,height_cm,173.33333333333334,183.6153846153846,-10.28205128205127,0.24406604747162025,6,13,2.8262855781437546,0.5351809715642758
Zm00001eb284120,chr6,143072104,ear_ht_ratio,0.43999999999999995,0.4730769230769231,-0.03307692307692317,0.2361962157150933,6,13,2.8262855781437546,0.5180182095631481
Zm00001eb284450,chr6,144722672,DTA,67.22222222222223,70.7,-3.4777777777777743,0.11134688653314039,9,10,1.6809466919998697,0.389734667246629
Zm00001eb284450,chr6,144722672,height_cm,171.44444444444446,188.4,-16.95555555555555,0.11134688653314039,9,10,1.6809466919998697,0.389734667246629
Zm00001eb284450,chr6,144722672,ear_ht_ratio,0.44,0.483,-0.04299999999999998,0.11119000559773237,9,10,1.6809466919998697,0.3949177311970252
Zm00001eb284520,chr6,144921415,DTA,71.3,68.25,3.049999999999997,0.2192982456140351,5,14,1.9900310270162969,0.5020412666887345
Zm00001eb284520,chr6,144921415,height_cm,191.4,176.42857142857142,14.97142857142859,0.2192982456140351,5,14,1.9900310270162969,0.5020412666887345
Zm00001eb284520,chr6,144921415,ear_ht_ratio,0.492,0.4521428571428571,0.03985714285714287,0.211151391270891,5,14,1.9900310270162969,0.48339060643147375
Zm00001eb286540,chr6,152679315,DTA,71.7,66.11111111111111,5.588888888888889,0.00623303496973378,10,9,-1.5857986645549182,0.1418015455614435
Zm00001eb286540,chr6,152679315,height_cm,193.5,165.77777777777777,27.72222222222223,0.00623303496973378,10,9,-1.5857986645549182,0.1418015455614435
Zm00001eb286540,chr6,152679315,ear_ht_ratio,0.497,0.4244444444444444,0.0725555555555556,0.00548114215940984,10,9,-1.5857986645549182,0.20119851513836434
Zm00001eb288150,chr6,158302188,DTA,68.28571428571429,69.8125,-1.5267857142857082,0.46340326340326343,7,8,-3.3074906339787136,0.7390937236138475
Zm00001eb288150,chr6,158302188,height_cm,175.71428571428572,185.25,-9.535714285714278,0.46340326340326343,7,8,-3.3074906339787136,0.7390937236138475
Zm00001eb288150,chr6,158302188,ear_ht_ratio,0.45285714285714285,0.47375,-0.020892857142857157,0.46340326340326343,7,8,-3.3074906339787136,0.7270637408568444
Zm00001eb288420,chr6,159037925,DTA,66.58333333333333,70.1923076923077,-3.608974358974365,0.12737726669615215,6,13,2.9114444910666863,0.39555365565443684
Zm00001eb288420,chr6,159037925,height_cm,167.83333333333334,186.15384615384616,-18.320512820512818,0.12737726669615215,6,13,2.9114444910666863,0.39555365565443684
Zm00001eb288420,chr6,159037925,ear_ht_ratio,0.42999999999999994,0.4776923076923077,-0.047692307692307756,0.12465488235319722,6,13,2.9114444910666863,0.3949177311970252
Zm00001eb289600,chr6,162664891,DTA,69.21428571428571,68.95833333333333,0.2559523809523796,0.967135032150512,7,12,-1.881835007983475,0.9909907556182588
Zm00001eb289600,chr6,162664891,height_cm,181.71428571428572,179.58333333333334,2.1309523809523796,0.967135032150512,7,12,-1.881835007983475,0.9909907556182588
Zm00001eb289600,chr6,162664891,ear_ht_ratio,0.4628571428571429,0.4625000000000001,0.00035714285714283367,1.0,7,12,-1.881835007983475,1.0
Zm00001eb290750,chr6,165528366,DTA,68.0625,69.77272727272727,-1.7102272727272663,0.4920219099785663,8,11,2.687972913495488,0.7518254163590122
Zm00001eb290750,chr6,165528366,height_cm,175.625,183.8181818181818,-8.193181818181813,0.4920219099785663,8,11,2.687972913495488,0.7518254163590122
Zm00001eb290750,chr6,165528366,ear_ht_ratio,0.45,0.47181818181818175,-0.021818181818181737,0.48257163181683616,8,11,2.687972913495488,0.7445230819709819
Zm00001eb291350,chr6,166984831,DTA,65.66666666666667,69.6875,-4.020833333333329,0.1713106295149639,3,16,2.8153083422748817,0.46019977227636055
Zm00001eb291350,chr6,166984831,height_cm,162.33333333333334,183.75,-21.416666666666657,0.1713106295149639,3,16,2.8153083422748817,0.46019977227636055
Zm00001eb291350,chr6,166984831,ear_ht_ratio,0.4166666666666667,0.47125,-0.05458333333333332,0.16206627245189953,3,16,2.8153083422748817,0.4362130416810466
Zm00001eb293130,chr6,170739704,DTA,67.25,69.88461538461539,-2.634615384615387,0.2818074598260357,6,13,-3.7275814784711905,0.5714647096193705
Zm00001eb293130,chr6,170739704,height_cm,171.16666666666666,184.6153846153846,-13.448717948717956,0.2818074598260357,6,13,-3.7275814784711905,0.5714647096193705
Zm00001eb293130,chr6,170739704,ear_ht_ratio,0.44,0.4730769230769231,-0.033076923076923115,0.25400484774330223,6,13,-3.7275814784711905,0.5359870410351422
Zm00001eb294000,chr6,172670934,DTA,71.5,66.85,4.650000000000006,0.01996445330521604,9,10,2.0012701891866422,0.21032863849765257
Zm00001eb294000,chr6,172670934,height_cm,193.22222222222223,168.8,24.422222222222217,0.01996445330521604,9,10,2.0012701891866422,0.21032863849765257
Zm00001eb294000,chr6,172670934,ear_ht_ratio,0.49444444444444446,0.43400000000000005,0.06044444444444441,0.019910163043817375,9,10,2.0012701891866422,0.24117832688759241
Zm00001eb294740,chr6,173977731,DTA,69.375,68.81818181818181,0.556818181818187,0.9038924611680029,8,11,-1.9243978925261265,0.9550561853850598
Zm00001eb294740,chr6,173977731,height_cm,181.625,179.45454545454547,2.1704545454545325,0.9038924611680029,8,11,-1.9243978925261265,0.9550561853850598
Zm00001eb294740,chr6,173977731,ear_ht_ratio,0.46625,0.46,0.006249999999999978,0.8687731502239301,8,11,-1.9243978925261265,0.9541035840471408
Zm00001eb295670,chr6,175625843,DTA,68.3125,69.5909090909091,-1.2784090909090935,0.5998782778968538,8,11,-3.049368935343808,0.8146067975183978
Zm00001eb295670,chr6,175625843,height_cm,176.125,183.45454545454547,-7.3295454545454675,0.5998782778968538,8,11,-3.049368935343808,0.8146067975183978
Zm00001eb295670,chr6,175625843,ear_ht_ratio,0.4525,0.47,-0.01749999999999996,0.5912984261177405,8,11,-3.049368935343808,0.8091452146874345
Zm00001eb295800,chr6,175938755,DTA,68.3076923076923,69.8,-1.4923076923076906,0.44304388422035484,13,5,-2.572293252703069,0.7118500232614879
Zm00001eb295800,chr6,175938755,height_cm,176.92307692307693,183.4,-6.476923076923072,0.44304388422035484,13,5,-2.572293252703069,0.7118500232614879
Zm00001eb295800,chr6,175938755,ear_ht_ratio,0.4523076923076923,0.4720000000000001,-0.019692307692307787,0.43011801871388233,13,5,-2.572293252703069,0.6989945992089295
Zm00001eb298140,chr7,880702,DTA,66.75,70.11538461538461,-3.365384615384613,0.12737726669615215,6,13,-2.081148712700112,0.39555365565443684
Zm00001eb298140,chr7,880702,height_cm,169.16666666666666,185.53846153846155,-16.37179487179489,0.12737726669615215,6,13,-2.081148712700112,0.39555365565443684
Zm00001eb298140,chr7,880702,ear_ht_ratio,0.43166666666666664,0.4769230769230769,-0.04525641025641025,0.12465488235319722,6,13,-2.081148712700112,0.3949177311970252
Zm00001eb298180,chr7,1059198,DTA,71.23076923076923,64.33333333333333,6.897435897435898,0.0002948547840188707,13,6,-2.905709175966613,0.06260749914000688
Zm00001eb298180,chr7,1059198,height_cm,191.53846153846155,156.16666666666666,35.37179487179489,0.0002948547840188707,13,6,-2.905709175966613,0.06260749914000688
Zm00001eb298180,chr7,1059198,ear_ht_ratio,0.49076923076923074,0.4016666666666666,0.08910256410256412,0.0013616144236887951,13,6,-2.905709175966613,0.20119851513836434
Zm00001eb298400,chr7,1401739,DTA,70.25,67.0,3.25,0.11983011828213067,12,7,-2.4936713485215716,0.39555365565443684
Zm00001eb298400,chr7,1401739,height_cm,186.41666666666666,170.0,16.416666666666657,0.11983011828213067,12,7,-2.4936713485215716,0.39555365565443684
Zm00001eb298400,chr7,1401739,ear_ht_ratio,0.47833333333333333,0.4357142857142858,0.042619047619047556,0.12802278099244224,12,7,-2.4936713485215716,0.3949177311970252
Zm00001eb299970,chr7,5273290,DTA,70.33333333333333,67.9,2.433333333333323,0.17790959498698267,9,10,2.493335649869251,0.4624201304261906
Zm00001eb299970,chr7,5273290,height_cm,186.44444444444446,174.9,11.544444444444451,0.17790959498698267,9,10,2.493335649869251,0.4624201304261906
Zm00001eb299970,chr7,5273290,ear_ht_ratio,0.48000000000000004,0.44699999999999995,0.033000000000000085,0.17771929702658174,9,10,2.493335649869251,0.45237639243129896
Zm00001eb300490,chr7,6870529,DTA,70.7,68.46428571428571,2.2357142857142946,0.3426212590299278,5,14,2.4773540200623496,0.6314639913260441
Zm00001eb300490,chr7,6870529,height_cm,189.0,177.28571428571428,11.714285714285722,0.3426212590299278,5,14,2.4773540200623496,0.6314639913260441
Zm00001eb300490,chr7,6870529,ear_ht_ratio,0.48600000000000004,0.4542857142857143,0.03171428571428575,0.3307830941785015,5,14,2.4773540200623496,0.6160527572680945
Zm00001eb301430,chr7,10524518,DTA,67.5625,70.13636363636364,-2.5738636363636402,0.17737027334550554,8,11,-1.4359456092472174,0.4624201304261906
Zm00001eb301430,chr7,10524518,height_cm,173.625,185.27272727272728,-11.64772727272728,0.17737027334550554,8,11,-1.4359456092472174,0.4624201304261906
Zm00001eb301430,chr7,10524518,ear_ht_ratio,0.4425,0.47727272727272735,-0.034772727272727344,0.17286971065036105,8,11,-1.4359456092472174,0.45237639243129896
Zm00001eb301470,chr7,10719162,DTA,66.0,71.27272727272727,-5.272727272727266,0.004974729432933768,8,11,-1.3331421122645593,0.13413344545095493
Zm00001eb301470,chr7,10719162,height_cm,164.25,192.0909090909091,-27.840909090909093,0.004974729432933768,8,11,-1.3331421122645593,0.13413344545095493
Zm00001eb301470,chr7,10719162,ear_ht_ratio,0.42125,0.49272727272727274,-0.07147727272727272,0.006409122316743899,8,11,-1.3331421122645593,0.20119851513836434
Zm00001eb301540,chr7,10933578,DTA,69.91666666666667,68.65384615384616,1.262820512820511,0.41552410437859355,6,13,5.061909574591178,0.687503518153673
Zm00001eb301540,chr7,10933578,height_cm,185.83333333333334,177.84615384615384,7.987179487179503,0.41552410437859355,6,13,5.061909574591178,0.687503518153673
Zm00001eb301540,chr7,10933578,ear_ht_ratio,0.47833333333333333,0.4553846153846154,0.022948717948717945,0.4297037785371569,6,13,5.061909574591178,0.6989945992089295
Zm00001eb302270,chr7,13954725,DTA,71.08333333333333,68.11538461538461,2.9679487179487154,0.21001031991744068,6,13,-2.552939442944594,0.48500999333777484
Zm00001eb302270,chr7,13954725,height_cm,190.0,175.92307692307693,14.076923076923066,0.21001031991744068,6,13,-2.552939442944594,0.48500999333777484
Zm00001eb302270,chr7,13954725,ear_ht_ratio,0.4916666666666667,0.4492307692307692,0.042435897435897485,0.203269292872317,6,13,-2.552939442944594,0.47486003228070445
Zm00001eb302940,chr7,17959685,DTA,68.54166666666667,69.92857142857143,-1.3869047619047592,0.535841867111217,12,7,-4.686390244607297,0.7811432273291284
Zm00001eb302940,chr7,17959685,height_cm,178.25,184.0,-5.75,0.535841867111217,12,7,-4.686390244607297,0.7811432273291284
Zm00001eb302940,chr7,17959685,ear_ht_ratio,0.4575,0.4714285714285714,-0.013928571428571401,0.5539392338353869,12,7,-4.686390244607297,0.7845676308018709
Zm00001eb303060,chr7,18956238,DTA,72.4,67.85714285714286,4.5428571428571445,0.043687650498796006,5,14,-1.7875926306467889,0.2757955641272903
Zm00001eb303060,chr7,18956238,height_cm,196.6,174.57142857142858,22.02857142857141,0.043687650498796006,5,14,-1.7875926306467889,0.2757955641272903
Zm00001eb303060,chr7,18956238,ear_ht_ratio,0.51,0.44571428571428573,0.06428571428571428,0.04643837695812266,5,14,-1.7875926306467889,0.2914408484958043
Zm00001eb303280,chr7,20132866,DTA,72.58333333333333,67.42307692307692,5.160256410256409,0.009214212000589708,6,13,2.66532678268429,0.16731316124388088
Zm00001eb303280,chr7,20132866,height_cm,198.83333333333334,171.84615384615384,26.987179487179503,0.009214212000589708,6,13,2.66532678268429,0.16731316124388088
Zm00001eb303280,chr7,20132866,ear_ht_ratio,0.5116666666666667,0.44000000000000006,0.07166666666666666,0.01239437858059495,6,13,2.66532678268429,0.24117832688759241
Zm00001eb303620,chr7,21757630,DTA,67.875,69.36666666666666,-1.49166666666666,0.46904024767801855,4,15,-2.369923834793785,0.7390937236138475
Zm00001eb303620,chr7,21757630,height_cm,173.75,182.13333333333333,-8.383333333333326,0.46904024767801855,4,15,-2.369923834793785,0.7390937236138475
Zm00001eb303620,chr7,21757630,ear_ht_ratio,0.445,0.4673333333333333,-0.022333333333333316,0.4530564820592472,4,15,-2.369923834793785,0.7213090889975152
Zm00001eb303740,chr7,22297801,DTA,66.5,70.9090909090909,-4.4090909090909065,0.02593210023550581,8,11,2.5093168700910597,0.2169950456488302
Zm00001eb303740,chr7,22297801,height_cm,168.125,189.27272727272728,-21.14772727272728,0.02593210023550581,8,11,2.5093168700910597,0.2169950456488302
Zm00001eb303740,chr7,22297801,ear_ht_ratio,0.43000000000000005,0.4863636363636364,-0.05636363636363634,0.03172793234606156,8,11,2.5093168700910597,0.25952735671834626
Zm00001eb304110,chr7,24551813,DTA,68.75,69.13333333333334,-0.38333333333333997,0.8095975232198143,4,15,-2.6149041861269624,0.9369073225055853
Zm00001eb304110,chr7,24551813,height_cm,177.5,181.13333333333333,-3.6333333333333258,0.8095975232198143,4,15,-2.6149041861269624,0.9369073225055853
Zm00001eb304110,chr7,24551813,ear_ht_ratio,0.455,0.46466666666666673,-0.009666666666666712,0.7640767263132147,4,15,-2.6149041861269624,0.9163885613772986
Zm00001eb304560,chr7,27378767,DTA,65.75,69.93333333333334,-4.183333333333337,0.1001031991744066,4,15,3.8414810666527024,0.37819021800157204
Zm00001eb304560,chr7,27378767,height_cm,163.75,184.8,-21.05000000000001,0.1001031991744066,4,15,3.8414810666527024,0.37819021800157204
Zm00001eb304560,chr7,27378767,ear_ht_ratio,0.4175,0.4746666666666667,-0.0571666666666667,0.0889906735347066,4,15,3.8414810666527024,0.36396185580486745
Zm00001eb307400,chr7,52719477,DTA,70.2,64.75,5.450000000000003,0.03663570691434469,15,4,-2.282258721460169,0.2469518021633605
Zm00001eb307400,chr7,52719477,height_cm,185.8,160.0,25.80000000000001,0.03663570691434469,15,4,-2.282258721460169,0.2469518021633605
Zm00001eb307400,chr7,52719477,ear_ht_ratio,0.47733333333333333,0.4075,0.06983333333333336,0.035647843790050655,15,4,-2.282258721460169,0.26481255386894775
Zm00001eb308990,chr7,82964676,DTA,67.875,69.9090909090909,-2.0340909090909065,0.3510624222698526,8,11,-1.4127807266210728,0.6341772789390886
Zm00001eb308990,chr7,82964676,height_cm,174.0,185.0,-11.0,0.3510624222698526,8,11,-1.4127807266210728,0.6341772789390886
Zm00001eb308990,chr7,82964676,ear_ht_ratio,0.44875,0.4727272727272727,-0.023977272727272736,0.3421132665030042,8,11,-1.4127807266210728,0.6195484030203658
Zm00001eb309590,chr7,89902299,DTA,70.42857142857143,68.25,2.1785714285714306,0.38445661665475905,7,12,1.483412957501383,0.6632332154612904
Zm00001eb309590,chr7,89902299,height_cm,187.28571428571428,176.33333333333334,10.952380952380935,0.38445661665475905,7,12,1.483412957501383,0.6632332154612904
Zm00001eb309590,chr7,89902299,ear_ht_ratio,0.48,0.45250000000000007,0.027499999999999913,0.3523308566765124,7,12,1.483412957501383,0.6260947025936192
Zm00001eb311230,chr7,104978194,DTA,69.7,68.82142857142857,0.8785714285714334,0.6216030271757825,5,14,-3.004041531384752,0.8364639626321065
Zm00001eb311230,chr7,104978194,height_cm,183.4,179.28571428571428,4.114285714285728,0.6216030271757825,5,14,-3.004041531384752,0.8364639626321065
Zm00001eb311230,chr7,104978194,ear_ht_ratio,0.47400000000000003,0.4585714285714286,0.015428571428571458,0.6104546818752239,5,14,-3.004041531384752,0.8271052941162361
Zm00001eb312020,chr7,112626983,DTA,69.5909090909091,68.3125,1.2784090909090935,0.6574052022968432,11,8,-2.776015685879615,0.8531033641213936
Zm00001eb312020,chr7,112626983,height_cm,182.45454545454547,177.5,4.9545454545454675,0.6574052022968432,11,8,-2.776015685879615,0.8531033641213936
Zm00001eb312020,chr7,112626983,ear_ht_ratio,0.4690909090909091,0.45375,0.015340909090909127,0.6795753949238386,11,8,-2.776015685879615,0.8634046902348246
Zm00001eb312440,chr7,115955090,DTA,68.6875,69.31818181818181,-0.630681818181813,0.8403852769177846,8,11,-1.95379483851799,0.9369073225055853
Zm00001eb312440,chr7,115955090,height_cm,179.125,181.27272727272728,-2.1477272727272805,0.8403852769177846,8,11,-1.95379483851799,0.9369073225055853
Zm00001eb312440,chr7,115955090,ear_ht_ratio,0.4575,0.46636363636363637,-0.008863636363636351,0.8687731502239301,8,11,-1.95379483851799,0.9541035840471408
Zm00001eb312990,chr7,121094007,DTA,67.0909090909091,71.75,-4.6590909090909065,0.02034876028684078,11,8,5.4270744724144935,0.21032863849765257
Zm00001eb312990,chr7,121094007,height_cm,170.63636363636363,193.75,-23.113636363636374,0.02034876028684078,11,8,5.4270744724144935,0.21032863849765257
Zm00001eb312990,chr7,121094007,ear_ht_ratio,0.43636363636363634,0.49874999999999997,-0.06238636363636363,0.02310255962055711,11,8,5.4270744724144935,0.24182952089799514
Zm00001eb313460,chr7,123472084,DTA,69.7,68.82142857142857,0.8785714285714334,0.8230134158926727,5,14,-2.315207457748919,0.9369073225055853
Zm00001eb313460,chr7,123472084,height_cm,183.8,179.14285714285714,4.657142857142873,0.8230134158926727,5,14,-2.315207457748919,0.9369073225055853
Zm00001eb313460,chr7,123472084,ear_ht_ratio,0.47000000000000003,0.46,0.010000000000000009,0.8168824139637137,5,14,-2.315207457748919,0.9399947974219282
Zm00001eb314230,chr7,127366190,DTA,69.5,68.72727272727273,0.7727272727272663,0.6574052022968432,8,11,-1.7220254620463895,0.8531033641213936
Zm00001eb314230,chr7,127366190,height_cm,183.125,178.36363636363637,4.761363636363626,0.6574052022968432,8,11,-1.7220254620463895,0.8531033641213936
Zm00001eb314230,chr7,127366190,ear_ht_ratio,0.47,0.4572727272727273,0.012727272727272698,0.6795753949238386,8,11,-1.7220254620463895,0.8634046902348246
Zm00001eb316180,chr7,136373078,DTA,67.64285714285714,69.875,-2.232142857142861,0.2991188378185282,7,12,2.0457408494500875,0.588979138934589
Zm00001eb316180,chr7,136373078,height_cm,172.14285714285714,185.16666666666666,-13.023809523809518,0.2991188378185282,7,12,2.0457408494500875,0.588979138934589
Zm00001eb316180,chr7,136373078,ear_ht_ratio,0.44142857142857134,0.47500000000000003,-0.033571428571428696,0.29055427279738677,7,12,2.0457408494500875,0.5747921483600478
Zm00001eb316410,chr7,137154179,DTA,68.375,69.54545454545455,-1.1704545454545467,0.5998782778968538,8,11,3.622077143871217,0.8146067975183978
Zm00001eb316410,chr7,137154179,height_cm,176.25,183.36363636363637,-7.113636363636374,0.5998782778968538,8,11,3.622077143871217,0.8146067975183978
Zm00001eb316410,chr7,137154179,ear_ht_ratio,0.4525,0.47,-0.01749999999999996,0.5912984261177405,8,11,3.622077143871217,0.8091452146874345
Zm00001eb320760,chr7,152794976,DTA,68.5909090909091,71.3,-2.7090909090909037,0.26739926739926745,11,5,2.359105314688309,0.5591208363542043
Zm00001eb320760,chr7,152794976,height_cm,177.72727272727272,193.0,-15.27272727272728,0.26739926739926745,11,5,2.359105314688309,0.5591208363542043
Zm00001eb320760,chr7,152794976,ear_ht_ratio,0.4563636363636364,0.49400000000000005,-0.037636363636363634,0.2569135743898878,11,5,2.359105314688309,0.5405580409128276
Zm00001eb320800,chr7,152901826,DTA,67.9,69.46428571428571,-1.5642857142857025,0.6216030271757825,5,14,2.376782648274342,0.8364639626321065
Zm00001eb320800,chr7,152901826,height_cm,175.6,182.07142857142858,-6.471428571428589,0.6216030271757825,5,14,2.376782648274342,0.8364639626321065
Zm00001eb320800,chr7,152901826,ear_ht_ratio,0.44799999999999995,0.4678571428571429,-0.019857142857142962,0.6432832186494092,5,14,2.376782648274342,0.8453252403912814
Zm00001eb322690,chr7,162221242,DTA,70.83333333333333,68.23076923076923,2.602564102564102,0.21001031991744068,6,13,-5.814676515804214,0.48500999333777484
Zm00001eb322690,chr7,162221242,height_cm,190.0,175.92307692307693,14.076923076923066,0.21001031991744068,6,13,-5.814676515804214,0.48500999333777484
Zm00001eb322690,chr7,162221242,ear_ht_ratio,0.48833333333333345,0.4507692307692308,0.03756410256410264,0.18811886265201128,6,13,-5.814676515804214,0.4626211093263977
Zm00001eb323490,chr7,164514551,DTA,69.25,67.625,1.625,0.5052287581699346,14,4,-2.505228500913015,0.7662636165577342
Zm00001eb323490,chr7,164514551,height_cm,181.78571428571428,171.75,10.035714285714278,0.5052287581699346,14,4,-2.505228500913015,0.7662636165577342
Zm00001eb323490,chr7,164514551,ear_ht_ratio,0.46571428571428575,0.4425,0.023214285714285743,0.489786158220348,14,4,-2.505228500913015,0.7506617330198175
Zm00001eb323570,chr7,164771432,DTA,68.46428571428571,70.7,-2.2357142857142946,0.3426212590299278,14,5,-2.326173244124276,0.6314639913260441
Zm00001eb323570,chr7,164771432,height_cm,177.28571428571428,189.0,-11.714285714285722,0.3426212590299278,14,5,-2.326173244124276,0.6314639913260441
Zm00001eb323570,chr7,164771432,ear_ht_ratio,0.455,0.484,-0.02899999999999997,0.35432832069858666,14,5,-2.326173244124276,0.6260947025936192
Zm00001eb325330,chr7,169218303,DTA,71.33333333333333,68.0,3.3333333333333286,0.12737726669615215,6,13,-2.856167218397106,0.39555365565443684
Zm00001eb325330,chr7,169218303,height_cm,190.66666666666666,175.6153846153846,15.051282051282044,0.12737726669615215,6,13,-2.856167218397106,0.39555365565443684
Zm00001eb325330,chr7,169218303,ear_ht_ratio,0.49333333333333335,0.44846153846153847,0.04487179487179488,0.12465488235319722,6,13,-2.856167218397106,0.3949177311970252
Zm00001eb325370,chr7,169303840,DTA,68.2,70.0,-1.7999999999999972,0.30743416592739536,10,9,-2.7983655340285414,0.588979138934589
Zm00001eb325370,chr7,169303840,height_cm,177.0,184.11111111111111,-7.111111111111114,0.30743416592739536,10,9,-2.7983655340285414,0.588979138934589
Zm00001eb325370,chr7,169303840,ear_ht_ratio,0.45199999999999996,0.4744444444444444,-0.022444444444444434,0.3072219093749886,10,9,-2.7983655340285414,0.5921475646999501
Zm00001eb327030,chr7,173331955,DTA,68.54545454545455,69.75,-1.2045454545454533,0.5998782778968538,11,8,-2.6794854885435906,0.8146067975183978
Zm00001eb327030,chr7,173331955,height_cm,178.45454545454547,183.0,-4.5454545454545325,0.5998782778968538,11,8,-2.6794854885435906,0.8146067975183978
Zm00001eb327030,chr7,173331955,ear_ht_ratio,0.45545454545454545,0.47250000000000003,-0.017045454545454586,0.5912984261177405,11,8,-2.6794854885435906,0.8091452146874345
Zm00001eb327110,chr7,173667431,DTA,69.64285714285714,69.0,0.6428571428571388,0.8665112665112666,7,8,-2.1224344819281495,0.9550561853850598
Zm00001eb327110,chr7,173667431,height_cm,182.57142857142858,181.25,1.3214285714285836,0.8665112665112666,7,8,-2.1224344819281495,0.9550561853850598
Zm00001eb327110,chr7,173667431,ear_ht_ratio,0.47000000000000003,0.46375000000000005,0.006249999999999978,0.8620647160700694,7,8,-2.1224344819281495,0.9541035840471408
Zm00001eb327480,chr7,174664944,DTA,68.28571428571429,69.22727272727273,-0.9415584415584419,0.5961538461538461,7,11,-1.751090382141502,0.8146067975183978
Zm00001eb327480,chr7,174664944,height_cm,177.0,180.9090909090909,-3.9090909090909065,0.5961538461538461,7,11,-1.751090382141502,0.8146067975183978
Zm00001eb327480,chr7,174664944,ear_ht_ratio,0.45285714285714285,0.4645454545454546,-0.011688311688311748,0.5866612124965929,7,11,-1.751090382141502,0.8091452146874345
Zm00001eb327810,chr7,175668363,DTA,69.92857142857143,66.6,3.3285714285714363,0.1560027519779842,14,5,1.7000016003088825,0.4334732955724141
Zm00001eb327810,chr7,175668363,height_cm,184.42857142857142,169.0,15.428571428571416,0.1560027519779842,14,5,1.7000016003088825,0.4334732955724141
Zm00001eb327810,chr7,175668363,ear_ht_ratio,0.47428571428571437,0.43,0.04428571428571437,0.15110168496265527,14,5,1.7000016003088825,0.4230847178954348
Zm00001eb327830,chr7,175680502,DTA,69.16666666666667,69.0,0.1666666666666714,0.8982750995134897,6,13,-2.3878964371314235,0.9550561853850598
Zm00001eb327830,chr7,175680502,height_cm,180.66666666666666,180.23076923076923,0.4358974358974308,0.8982750995134897,6,13,-2.3878964371314235,0.9550561853850598
Zm00001eb327830,chr7,175680502,ear_ht_ratio,0.465,0.46153846153846156,0.0034615384615384603,0.8952876797752769,6,13,-2.3878964371314235,0.9549504898208954
Zm00001eb328010,chr7,176262487,DTA,68.5625,69.72222222222223,-1.1597222222222285,0.4234471410941999,8,9,-1.9647970392261265,0.6974423500375058
Zm00001eb328010,chr7,176262487,height_cm,176.75,184.0,-7.25,0.4234471410941999,8,9,-1.9647970392261265,0.6974423500375058
Zm00001eb328010,chr7,176262487,ear_ht_ratio,0.4525,0.4744444444444445,-0.02194444444444449,0.4131205365770133,8,9,-1.9647970392261265,0.6819010259203253
Zm00001eb328440,chr7,176970350,DTA,66.0,69.625,-3.625,0.2105263157894737,3,16,-6.513330994649963,0.48500999333777484
Zm00001eb328440,chr7,176970350,height_cm,165.0,183.25,-18.25,0.2105263157894737,3,16,-6.513330994649963,0.48500999333777484
Zm00001eb328440,chr7,176970350,ear_ht_ratio,0.42,0.47062499999999996,-0.050624999999999976,0.1795215576086313,3,16,-6.513330994649963,0.45379060395515136
Zm00001eb329360,chr7,179464147,DTA,69.6,69.11538461538461,0.4846153846153811,0.9999999999999998,5,13,4.1646562021484925,1.0
Zm00001eb329360,chr7,179464147,height_cm,182.8,180.84615384615384,1.9538461538461718,0.9999999999999998,5,13,4.1646562021484925,1.0
Zm00001eb329360,chr7,179464147,ear_ht_ratio,0.466,0.4646153846153846,0.0013846153846154285,1.0,5,13,4.1646562021484925,1.0
Zm00001eb329550,chr7,179751510,DTA,68.38888888888889,68.94444444444444,-0.5555555555555571,0.859819205054158,9,9,-1.8798292276384685,0.9550561853850598
Zm00001eb329550,chr7,179751510,height_cm,176.88888888888889,180.0,-3.1111111111111143,0.859819205054158,9,9,-1.8798292276384685,0.9550561853850598
Zm00001eb329550,chr7,179751510,ear_ht_ratio,0.45333333333333337,0.46111111111111114,-0.007777777777777772,0.8251941321028358,9,9,-1.8798292276384685,0.9399947974219282
Zm00001eb329970,chr7,180810886,DTA,68.27272727272727,70.28571428571429,-2.0129870129870255,0.37493715434891906,11,7,2.173099184046629,0.6577210804000315
Zm00001eb329970,chr7,180810886,height_cm,176.0909090909091,186.85714285714286,-10.766233766233768,0.37493715434891906,11,7,2.173099184046629,0.6577210804000315
Zm00001eb329970,chr7,180810886,ear_ht_ratio,0.45,0.48285714285714293,-0.03285714285714292,0.34138043714702937,11,7,2.173099184046629,0.6195484030203658
Zm00001eb330450,chr7,181733597,DTA,72.125,68.23333333333333,3.8916666666666657,0.12435500515995872,4,15,-2.9306116708948107,0.39555365565443684
Zm00001eb330450,chr7,181733597,height_cm,195.5,176.33333333333334,19.166666666666657,0.12435500515995872,4,15,-2.9306116708948107,0.39555365565443684
Zm00001eb330450,chr7,181733597,ear_ht_ratio,0.5025000000000001,0.452,0.050500000000000045,0.12097832450833512,4,15,-2.9306116708948107,0.3949177311970252
Zm00001eb331730,chr7,184184149,DTA,70.16666666666667,64.875,5.291666666666671,0.027347781217750257,15,4,-2.510958997747418,0.2212131636280243
Zm00001eb331730,chr7,184184149,height_cm,186.0,159.25,26.75,0.027347781217750257,15,4,-2.510958997747418,0.2212131636280243
Zm00001eb331730,chr7,184184149,ear_ht_ratio,0.47733333333333333,0.4075,0.06983333333333336,0.03148065135501511,15,4,-2.510958997747418,0.25952735671834626
Zm00001eb332500,chr8,1617992,DTA,70.16666666666667,68.84375,1.3229166666666714,0.7120743034055728,3,16,2.437675494292419,0.8935257833005829
Zm00001eb332500,chr8,1617992,height_cm,185.66666666666666,179.375,6.291666666666657,0.7120743034055728,3,16,2.437675494292419,0.8935257833005829
Zm00001eb332500,chr8,1617992,ear_ht_ratio,0.4766666666666666,0.45999999999999996,0.016666666666666663,0.6954397812600963,3,16,2.437675494292419,0.877435287274437
Zm00001eb332530,chr8,1749181,DTA,68.5,69.375,-0.875,0.8369453044375644,7,12,-1.1478488548900925,0.9369073225055853
Zm00001eb332530,chr8,1749181,height_cm,178.28571428571428,181.58333333333334,-3.297619047619065,0.8369453044375644,7,12,-1.1478488548900925,0.9369073225055853
Zm00001eb332530,chr8,1749181,ear_ht_ratio,0.4585714285714286,0.465,-0.00642857142857145,0.8325897513232108,7,12,-1.1478488548900925,0.9416662930703876
Zm00001eb334370,chr8,8506709,DTA,68.5,69.25,-0.75,0.6867905056759546,5,14,2.5248681663994876,0.8725715325167451
Zm00001eb334370,chr8,8506709,height_cm,177.4,181.42857142857142,-4.028571428571411,0.6867905056759546,5,14,2.5248681663994876,0.8725715325167451
Zm00001eb334370,chr8,8506709,ear_ht_ratio,0.454,0.46571428571428575,-0.011714285714285733,0.6768233178045968,5,14,2.5248681663994876,0.8634046902348246
Zm00001eb334480,chr8,8775687,DTA,64.5,70.26666666666667,-5.766666666666666,0.0196078431372549,4,15,-2.4471928673778685,0.21032863849765257
Zm00001eb334480,chr8,8775687,height_cm,158.0,186.33333333333334,-28.333333333333343,0.0196078431372549,4,15,-2.4471928673778685,0.21032863849765257
Zm00001eb334480,chr8,8775687,ear_ht_ratio,0.405,0.478,-0.07299999999999995,0.02438632961456281,4,15,-2.4471928673778685,0.24613910096546168
Zm00001eb334810,chr8,10520954,DTA,70.66666666666667,68.29166666666667,2.375,0.29077784960137903,6,12,-1.9462046699975093,0.5847687141154805
Zm00001eb334810,chr8,10520954,height_cm,189.16666666666666,176.0,13.166666666666657,0.29077784960137903,6,12,-1.9462046699975093,0.5847687141154805
Zm00001eb334810,chr8,10520954,ear_ht_ratio,0.4833333333333334,0.45333333333333337,0.030000000000000027,0.30264568476714504,6,12,-1.9462046699975093,0.5891071083167958
Zm00001eb335380,chr8,13302694,DTA,69.55,68.5,1.0499999999999972,0.6533789106936937,10,9,3.8109937345835183,0.8531033641213936
Zm00001eb335380,chr8,13302694,height_cm,182.5,178.0,4.5,0.6533789106936937,10,9,3.8109937345835183,0.8531033641213936
Zm00001eb335380,chr8,13302694,ear_ht_ratio,0.46799999999999997,0.4566666666666667,0.011333333333333251,0.6532367441100604,10,9,3.8109937345835183,0.847694028007351
Zm00001eb335790,chr8,14488803,DTA,64.66666666666667,69.875,-5.208333333333329,0.06398348813209494,3,16,-5.730815164538821,0.32124123696665596
Zm00001eb335790,chr8,14488803,height_cm,158.33333333333334,184.5,-26.166666666666657,0.06398348813209494,3,16,-5.730815164538821,0.32124123696665596
Zm00001eb335790,chr8,14488803,ear_ht_ratio,0.4033333333333333,0.47375,-0.07041666666666668,0.06495528811654007,3,16,-5.730815164538821,0.3164580814151705
Zm00001eb335870,chr8,14821883,DTA,70.23076923076923,66.5,3.7307692307692264,0.10607400855078875,13,6,-2.0682081316758447,0.389734667246629
Zm00001eb335870,chr8,14821883,height_cm,185.92307692307693,168.33333333333334,17.58974358974359,0.10607400855078875,13,6,-2.0682081316758447,0.389734667246629
Zm00001eb335870,chr8,14821883,ear_ht_ratio,0.4761538461538461,0.43333333333333335,0.042820512820512746,0.11424495518092023,13,6,-2.0682081316758447,0.3949177311970252
Zm00001eb336750,chr8,17930775,DTA,70.08333333333333,67.28571428571429,2.797619047619037,0.16734143049932523,12,7,1.4278999050363927,0.4512020792722547
Zm00001eb336750,chr8,17930775,height_cm,186.25,170.28571428571428,15.964285714285722,0.16734143049932523,12,7,1.4278999050363927,0.4512020792722547
Zm00001eb336750,chr8,17930775,ear_ht_ratio,0.4783333333333333,0.4357142857142856,0.04261904761904767,0.1629806968918196,12,7,1.4278999050363927,0.4362130416810466
Zm00001eb337140,chr8,19585956,DTA,69.5,68.08333333333333,1.4166666666666714,0.4670499778858912,13,6,-2.5272997434692557,0.7390937236138475
Zm00001eb337140,chr8,19585956,height_cm,182.30769230769232,176.16666666666666,6.141025641025664,0.4670499778858912,13,6,-2.5272997434692557,0.7390937236138475
Zm00001eb337140,chr8,19585956,ear_ht_ratio,0.46923076923076923,0.4483333333333333,0.020897435897435923,0.455772226564364,13,6,-2.5272997434692557,0.7213090889975152
Zm00001eb337820,chr8,22431123,DTA,68.875,69.18181818181819,-0.306818181818187,1.0,8,11,3.057842496153543,1.0
Zm00001eb337820,chr8,22431123,height_cm,181.0,179.9090909090909,1.0909090909090935,1.0,8,11,3.057842496153543,1.0
Zm00001eb337820,chr8,22431123,ear_ht_ratio,0.4625,0.4627272727272727,-0.0002272727272726871,1.0,8,11,3.057842496153543,1.0
Zm00001eb339970,chr8,35510978,DTA,68.57142857142857,69.33333333333333,-0.7619047619047592,0.7732396602365642,7,12,2.2879860081957872,0.9194420990086625
Zm00001eb339970,chr8,35510978,height_cm,178.14285714285714,181.66666666666666,-3.5238095238095184,0.7732396602365642,7,12,2.2879860081957872,0.9194420990086625
Zm00001eb339970,chr8,35510978,ear_ht_ratio,0.4571428571428572,0.4658333333333334,-0.008690476190476193,0.7352048861326053,7,12,2.2879860081957872,0.9010591870446745
Zm00001eb342350,chr8,63618585,DTA,66.08333333333333,70.42307692307692,-4.339743589743591,0.046218487394957986,6,13,-2.869637650985566,0.2757955641272903
Zm00001eb342350,chr8,63618585,height_cm,164.5,187.69230769230768,-23.19230769230768,0.046218487394957986,6,13,-2.869637650985566,0.2757955641272903
Zm00001eb342350,chr8,63618585,ear_ht_ratio,0.42333333333333334,0.4807692307692308,-0.05743589743589744,0.04835370606568855,6,13,-2.869637650985566,0.2933458167985105
Zm00001eb344390,chr8,74324726,DTA,66.85,72.33333333333333,-5.483333333333334,0.02247752247752248,10,6,5.125252714907451,0.21190230478156177
Zm00001eb344390,chr8,74324726,height_cm,169.2,197.0,-27.80000000000001,0.02247752247752248,10,6,5.125252714907451,0.21190230478156177
Zm00001eb344390,chr8,74324726,ear_ht_ratio,0.43500000000000005,0.505,-0.06999999999999995,0.02247752247752248,10,6,5.125252714907451,0.24117832688759241
Zm00001eb347380,chr8,95195123,DTA,70.375,68.0909090909091,2.2840909090909065,0.31004736577492,8,11,-2.113338649333199,0.5893328519168192
Zm00001eb347380,chr8,95195123,height_cm,186.5,175.9090909090909,10.590909090909093,0.31004736577492,8,11,-2.113338649333199,0.5893328519168192
Zm00001eb347380,chr8,95195123,ear_ht_ratio,0.4775,0.4518181818181819,0.025681818181818084,0.3017880725536394,8,11,-2.113338649333199,0.5891071083167958
Zm00001eb349530,chr8,107751729,DTA,65.66666666666667,69.6,-3.933333333333323,0.16421568627450983,3,15,-6.414710185889344,0.4512020792722547
Zm00001eb349530,chr8,107751729,height_cm,162.33333333333334,183.33333333333334,-21.0,0.16421568627450983,3,15,-6.414710185889344,0.4512020792722547
Zm00001eb349530,chr8,107751729,ear_ht_ratio,0.4166666666666667,0.4706666666666666,-0.05399999999999994,0.15491845140509214,3,15,-6.414710185889344,0.430460429858424
Zm00001eb350050,chr8,111330142,DTA,71.6,68.14285714285714,3.4571428571428555,0.129858961128311,5,14,2.270372570453316,0.39555365565443684
Zm00001eb350050,chr8,111330142,height_cm,194.4,175.35714285714286,19.042857142857144,0.129858961128311,5,14,2.270372570453316,0.39555365565443684
Zm00001eb350050,chr8,111330142,ear_ht_ratio,0.49800000000000005,0.45,0.04800000000000004,0.12644461997433226,5,14,2.270372570453316,0.3949177311970252
Zm00001eb350800,chr8,116309207,DTA,66.75,70.375,-3.625,0.08125208125208126,6,8,3.043002445624664,0.3542006895300309
Zm00001eb350800,chr8,116309207,height_cm,168.66666666666666,187.125,-18.458333333333343,0.08125208125208126,6,8,3.043002445624664,0.3542006895300309
Zm00001eb350800,chr8,116309207,ear_ht_ratio,0.43333333333333335,0.47875,-0.04541666666666666,0.08102650100040859,6,8,3.043002445624664,0.34698407487233796
Zm00001eb351640,chr8,120328484,DTA,69.68181818181819,68.1875,1.494318181818187,0.4920219099785663,11,8,4.244194216337269,0.7518254163590122
Zm00001eb351640,chr8,120328484,height_cm,184.45454545454547,174.75,9.704545454545467,0.4920219099785663,11,8,4.244194216337269,0.7518254163590122
Zm00001eb351640,chr8,120328484,ear_ht_ratio,0.47090909090909094,0.45125000000000004,0.019659090909090904,0.5086968557661546,11,8,4.244194216337269,0.7612369161232599
Zm00001eb351780,chr8,120770399,DTA,69.83333333333333,68.27777777777777,1.5555555555555571,0.45594405594405585,6,9,-2.2373508295204845,0.7295104895104894
Zm00001eb351780,chr8,120770399,height_cm,185.0,176.0,9.0,0.45594405594405585,6,9,-2.2373508295204845,0.7295104895104894
Zm00001eb351780,chr8,120770399,ear_ht_ratio,0.47500000000000003,0.4511111111111111,0.02388888888888896,0.479107370150633,6,9,-2.2373508295204845,0.7445230819709819
Zm00001eb351910,chr8,121249849,DTA,70.27272727272727,67.375,2.8977272727272663,0.17737027334550554,11,8,-2.6652840215089357,0.4624201304261906
Zm00001eb351910,chr8,121249849,height_cm,186.36363636363637,172.125,14.238636363636374,0.17737027334550554,11,8,-2.6652840215089357,0.4624201304261906
Zm00001eb351910,chr8,121249849,ear_ht_ratio,0.4772727272727273,0.4425,0.03477272727272729,0.16021617703267121,11,8,-2.6652840215089357,0.4355668387821306
Zm00001eb351960,chr8,121472803,DTA,66.625,69.75,-3.125,0.30369630369630374,4,10,1.470523439041034,0.588979138934589
Zm00001eb351960,chr8,121472803,height_cm,167.5,183.7,-16.19999999999999,0.30369630369630374,4,10,1.470523439041034,0.588979138934589
Zm00001eb351960,chr8,121472803,ear_ht_ratio,0.4325,0.472,-0.03949999999999998,0.30369630369630374,4,10,1.470523439041034,0.5895757575757578
Zm00001eb352310,chr8,122598520,DTA,71.625,68.36666666666666,3.25833333333334,0.18472652218782248,4,15,5.150081652451887,0.4635527847284071
Zm00001eb352310,chr8,122598520,height_cm,194.25,176.66666666666666,17.583333333333343,0.18472652218782248,4,15,5.150081652451887,0.4635527847284071
Zm00001eb352310,chr8,122598520,ear_ht_ratio,0.5,0.45266666666666666,0.04733333333333334,0.19340549270048935,4,15,5.150081652451887,0.4668302157942204
Zm00001eb352940,chr8,125692145,DTA,71.5,68.59375,2.90625,0.303405572755418,3,16,-2.9148668990011504,0.588979138934589
Zm00001eb352940,chr8,125692145,height_cm,192.66666666666666,178.0625,14.604166666666657,0.303405572755418,3,16,-2.9148668990011504,0.588979138934589
Zm00001eb352940,chr8,125692145,ear_ht_ratio,0.5,0.45562499999999995,0.04437500000000005,0.2633429730199839,3,16,-2.9148668990011504,0.5461928329303369
Zm00001eb354530,chr8,132884231,DTA,68.375,69.54545454545455,-1.1704545454545467,0.6574052022968432,8,11,-2.7259268863491086,0.8531033641213936
Zm00001eb354530,chr8,132884231,height_cm,177.875,182.1818181818182,-4.306818181818187,0.6574052022968432,8,11,-2.7259268863491086,0.8531033641213936
Zm00001eb354530,chr8,132884231,ear_ht_ratio,0.45499999999999996,0.4681818181818182,-0.013181818181818239,0.6795753949238386,8,11,-2.7259268863491086,0.8634046902348246
Zm00001eb355170,chr8,135407191,DTA,65.1,70.46428571428571,-5.364285714285714,0.014275885792913657,5,14,7.387917666386748,0.198453959538135
Zm00001eb355170,chr8,135407191,height_cm,159.0,188.0,-29.0,0.014275885792913657,5,14,7.387917666386748,0.198453959538135
Zm00001eb355170,chr8,135407191,ear_ht_ratio,0.41,0.4814285714285714,-0.0714285714285714,0.018182654560740325,5,14,7.387917666386748,0.24117832688759241
Zm00001eb356090,chr8,138292923,DTA,68.25,69.94444444444444,-1.6944444444444429,0.48766835345893045,10,9,-2.489816512747927,0.7518254163590122
Zm00001eb356090,chr8,138292923,height_cm,177.0,184.11111111111111,-7.111111111111114,0.48766835345893045,10,9,-2.489816512747927,0.7518254163590122
Zm00001eb356090,chr8,138292923,ear_ht_ratio,0.45200000000000007,0.4744444444444444,-0.022444444444444323,0.4622363104111855,10,9,-2.489816512747927,0.7267992094586243
Zm00001eb356410,chr8,139542115,DTA,63.5,70.09375,-6.59375,0.008255933952528379,3,16,1.002036770545491,0.16731316124388088
Zm00001eb356410,chr8,139542115,height_cm,151.66666666666666,185.75,-34.08333333333334,0.008255933952528379,3,16,1.002036770545491,0.16731316124388088
Zm00001eb356410,chr8,139542115,ear_ht_ratio,0.38999999999999996,0.47625,-0.08625000000000005,0.01618007659436209,3,16,1.002036770545491,0.24117832688759241
Zm00001eb356430,chr8,139633555,DTA,67.85,70.38888888888889,-2.5388888888888914,0.2056671796173556,10,9,-2.9344690963873594,0.48500999333777484
Zm00001eb356430,chr8,139633555,height_cm,173.8,187.66666666666666,-13.866666666666646,0.2056671796173556,10,9,-2.9344690963873594,0.48500999333777484
Zm00001eb356430,chr8,139633555,ear_ht_ratio,0.44699999999999995,0.48000000000000004,-0.033000000000000085,0.20546828319838173,10,9,-2.9344690963873594,0.47486003228070445
Zm00001eb356920,chr8,141846950,DTA,67.5,69.60714285714286,-2.107142857142861,0.3426212590299278,5,14,2.1281626349460367,0.6314639913260441
Zm00001eb356920,chr8,141846950,height_cm,172.6,183.14285714285714,-10.542857142857144,0.3426212590299278,5,14,2.1281626349460367,0.6314639913260441
Zm00001eb356920,chr8,141846950,ear_ht_ratio,0.44000000000000006,0.4707142857142857,-0.03071428571428564,0.35432832069858666,5,14,2.1281626349460367,0.6260947025936192
Zm00001eb357290,chr8,143422255,DTA,69.0,69.06666666666666,-0.06666666666666288,0.9613003095975232,4,15,-1.3467381600489003,0.9909907556182588
Zm00001eb357290,chr8,143422255,height_cm,178.0,181.0,-3.0,0.9613003095975232,4,15,-1.3467381600489003,0.9909907556182588
Zm00001eb357290,chr8,143422255,ear_ht_ratio,0.4575,0.4640000000000001,-0.006500000000000061,0.9601049012170599,4,15,-1.3467381600489003,0.9992197824251186
Zm00001eb357340,chr8,143696517,DTA,68.9,70.13636363636364,-1.2363636363636346,0.5833333333333334,5,11,2.3397966562317483,0.8146067975183978
Zm00001eb357340,chr8,143696517,height_cm,180.0,185.1818181818182,-5.181818181818187,0.5833333333333334,5,11,2.3397966562317483,0.8146067975183978
Zm00001eb357340,chr8,143696517,ear_ht_ratio,0.4600000000000001,0.4772727272727273,-0.017272727272727217,0.5833333333333334,5,11,2.3397966562317483,0.8073510773130546
Zm00001eb357600,chr8,144808376,DTA,67.875,70.45,-2.575000000000003,0.17281411399058458,8,10,2.6331342190462195,0.4608081675492582
Zm00001eb357600,chr8,144808376,height_cm,175.0,187.2,-12.199999999999989,0.17281411399058458,8,10,2.6331342190462195,0.4608081675492582
Zm00001eb357600,chr8,144808376,ear_ht_ratio,0.44625000000000004,0.48200000000000004,-0.035750000000000004,0.18237655833280264,8,10,2.6331342190462195,0.45625475761608353
Zm00001eb358310,chr8,148019718,DTA,66.5,69.73333333333333,-3.2333333333333343,0.18472652218782248,4,15,4.062382971328123,0.4635527847284071
Zm00001eb358310,chr8,148019718,height_cm,167.0,183.93333333333334,-16.933333333333337,0.18472652218782248,4,15,4.062382971328123,0.4635527847284071
Zm00001eb358310,chr8,148019718,ear_ht_ratio,0.4275,0.4720000000000001,-0.044500000000000095,0.17682600620593691,4,15,4.062382971328123,0.45237639243129896
Zm00001eb358380,chr8,148220192,DTA,70.39285714285714,65.3,5.092857142857142,0.025799793601651185,14,5,3.606833458385681,0.2169950456488302
Zm00001eb358380,chr8,148220192,height_cm,186.71428571428572,162.6,24.114285714285728,0.025799793601651185,14,5,3.606833458385681,0.2169950456488302
Zm00001eb358380,chr8,148220192,ear_ht_ratio,0.48000000000000004,0.414,0.06600000000000006,0.02950802760560108,14,5,3.606833458385681,0.25881739875756127
Zm00001eb358690,chr8,149082352,DTA,71.38888888888889,66.95,4.438888888888883,0.01996445330521604,9,10,3.271785325755113,0.21032863849765257
Zm00001eb358690,chr8,149082352,height_cm,192.22222222222223,169.7,22.52222222222224,0.01996445330521604,9,10,3.271785325755113,0.21032863849765257
Zm00001eb358690,chr8,149082352,ear_ht_ratio,0.4933333333333334,0.43500000000000005,0.05833333333333335,0.022184513642497856,9,10,3.271785325755113,0.24117832688759241
Zm00001eb359400,chr8,151310228,DTA,69.0,68.45454545454545,0.5454545454545467,0.883645765998707,6,11,4.113862535067752,0.9550561853850598
Zm00001eb359400,chr8,151310228,height_cm,178.83333333333334,177.9090909090909,0.9242424242424363,0.883645765998707,6,11,4.113862535067752,0.9550561853850598
Zm00001eb359400,chr8,151310228,ear_ht_ratio,0.4633333333333334,0.45363636363636367,0.009696969696969704,0.8800955167524809,6,11,4.113862535067752,0.9549504898208954
Zm00001eb360330,chr8,154803605,DTA,65.3,70.39285714285714,-5.092857142857142,0.025799793601651185,5,14,2.4156289925880072,0.2169950456488302
Zm00001eb360330,chr8,154803605,height_cm,160.0,187.64285714285714,-27.64285714285714,0.025799793601651185,5,14,2.4156289925880072,0.2169950456488302
Zm00001eb360330,chr8,154803605,ear_ht_ratio,0.414,0.48000000000000004,-0.06600000000000006,0.02950802760560108,5,14,2.4156289925880072,0.25881739875756127
Zm00001eb361180,chr8,158078802,DTA,69.66666666666667,68.0,1.6666666666666714,0.4824164483607208,12,7,2.784443667316501,0.7518254163590122
Zm00001eb361180,chr8,158078802,height_cm,183.08333333333334,175.71428571428572,7.36904761904762,0.4824164483607208,12,7,2.784443667316501,0.7518254163590122
Zm00001eb361180,chr8,158078802,ear_ht_ratio,0.4708333333333334,0.44857142857142857,0.022261904761904816,0.4466733958923895,12,7,2.784443667316501,0.716251612796607
Zm00001eb361900,chr8,160124268,DTA,66.625,69.7,-3.075000000000003,0.22084623323013414,4,15,3.050999025132883,0.503125
Zm00001eb361900,chr8,160124268,height_cm,170.0,183.13333333333333,-13.133333333333326,0.22084623323013414,4,15,3.050999025132883,0.503125
Zm00001eb361900,chr8,160124268,ear_ht_ratio,0.4325,0.4706666666666667,-0.03816666666666668,0.2110992110677673,4,15,3.050999025132883,0.48339060643147375
Zm00001eb362270,chr8,162966385,DTA,69.0,69.08333333333333,-0.0833333333333286,1.0,7,12,2.791335446100365,1.0
Zm00001eb362270,chr8,162966385,height_cm,180.0,180.58333333333334,-0.5833333333333428,1.0,7,12,2.791335446100365,1.0
Zm00001eb362270,chr8,162966385,ear_ht_ratio,0.4614285714285714,0.4633333333333333,-0.001904761904761909,1.0,7,12,2.791335446100365,1.0
Zm00001eb363480,chr8,165905195,DTA,70.27272727272727,67.375,2.8977272727272663,0.15175570903125082,11,8,-2.543557184954071,0.4301717825004672
Zm00001eb363480,chr8,165905195,height_cm,186.1818181818182,172.375,13.806818181818187,0.15175570903125082,11,8,-2.543557184954071,0.4301717825004672
Zm00001eb363480,chr8,165905195,ear_ht_ratio,0.4790909090909091,0.43999999999999995,0.039090909090909176,0.14827563704745536,11,8,-2.543557184954071,0.4230847178954348
Zm00001eb363730,chr8,166221363,DTA,65.5,70.0,-4.5,0.048503611971104234,4,15,2.819579796012812,0.27803645287373135
Zm00001eb363730,chr8,166221363,height_cm,161.0,185.53333333333333,-24.53333333333333,0.048503611971104234,4,15,2.819579796012812,0.27803645287373135
Zm00001eb363730,chr8,166221363,ear_ht_ratio,0.415,0.4753333333333334,-0.060333333333333405,0.05107419869807881,4,15,2.819579796012812,0.2946701847797887
Zm00001eb363880,chr8,166609169,DTA,68.75,69.27272727272727,-0.5227272727272663,0.9038924611680029,8,11,1.9709685441101807,0.9550561853850598
Zm00001eb363880,chr8,166609169,height_cm,177.75,182.27272727272728,-4.5227272727272805,0.9038924611680029,8,11,1.9709685441101807,0.9550561853850598
Zm00001eb363880,chr8,166609169,ear_ht_ratio,0.45875,0.46545454545454545,-0.006704545454545463,0.9013843314168025,8,11,1.9709685441101807,0.9549504898208954
Zm00001eb364260,chr8,167523808,DTA,67.1875,70.4090909090909,-3.2215909090909065,0.1288402000476304,8,11,2.024191433349474,0.39555365565443684
Zm00001eb364260,chr8,167523808,height_cm,171.25,187.0,-15.75,0.1288402000476304,8,11,2.024191433349474,0.39555365565443684
Zm00001eb364260,chr8,167523808,ear_ht_ratio,0.43875000000000003,0.48000000000000004,-0.04125000000000001,0.1264485778732151,8,11,2.024191433349474,0.3949177311970252
Zm00001eb364360,chr8,167835862,DTA,65.2,70.42857142857143,-5.228571428571428,0.019435844513243893,5,14,3.2527941695374234,0.21032863849765257
Zm00001eb364360,chr8,167835862,height_cm,161.4,187.14285714285714,-25.742857142857133,0.019435844513243893,5,14,3.2527941695374234,0.21032863849765257
Zm00001eb364360,chr8,167835862,ear_ht_ratio,0.41200000000000003,0.48071428571428576,-0.06871428571428573,0.02058197314956557,5,14,3.2527941695374234,0.24117832688759241
Zm00001eb364700,chr8,168498954,DTA,64.125,70.36666666666666,-6.24166666666666,0.006191950464396285,4,15,3.596626692460872,0.1418015455614435
Zm00001eb364700,chr8,168498954,height_cm,155.75,186.93333333333334,-31.183333333333337,0.006191950464396285,4,15,3.596626692460872,0.1418015455614435
Zm00001eb364700,chr8,168498954,ear_ht_ratio,0.4,0.47933333333333333,-0.07933333333333331,0.012380918802878152,4,15,3.596626692460872,0.24117832688759241
Zm00001eb365060,chr8,169330104,DTA,72.0,66.4,5.599999999999994,0.00623303496973378,9,10,2.194329974718386,0.1418015455614435
Zm00001eb365060,chr8,169330104,height_cm,194.66666666666666,167.5,27.166666666666657,0.00623303496973378,9,10,2.194329974718386,0.1418015455614435
Zm00001eb365060,chr8,169330104,ear_ht_ratio,0.5011111111111111,0.42800000000000005,0.07311111111111102,0.006210338724243883,9,10,2.194329974718386,0.20119851513836434
Zm00001eb365530,chr8,170000212,DTA,71.8,68.07142857142857,3.7285714285714278,0.129858961128311,5,14,3.918592705554616,0.39555365565443684
Zm00001eb365530,chr8,170000212,height_cm,194.4,175.35714285714286,19.042857142857144,0.129858961128311,5,14,3.918592705554616,0.39555365565443684
Zm00001eb365530,chr8,170000212,ear_ht_ratio,0.496,0.4507142857142857,0.04528571428571432,0.12644461997433226,5,14,3.918592705554616,0.3949177311970252
Zm00001eb365690,chr8,170468152,DTA,63.5,70.09375,-6.59375,0.008255933952528379,3,16,2.0716104883894,0.16731316124388088
Zm00001eb365690,chr8,170468152,height_cm,151.66666666666666,185.75,-34.08333333333334,0.008255933952528379,3,16,2.0716104883894,0.16731316124388088
Zm00001eb365690,chr8,170468152,ear_ht_ratio,0.38999999999999996,0.47625,-0.08625000000000005,0.01618007659436209,3,16,2.0716104883894,0.24117832688759241
Zm00001eb365760,chr8,170688841,DTA,67.875,69.9090909090909,-2.0340909090909065,0.3510624222698526,8,11,4.111746613288651,0.6341772789390886
Zm00001eb365760,chr8,170688841,height_cm,173.75,185.1818181818182,-11.431818181818187,0.3510624222698526,8,11,4.111746613288651,0.6341772789390886
Zm00001eb365760,chr8,170688841,ear_ht_ratio,0.445,0.4754545454545455,-0.030454545454545512,0.3421132665030042,8,11,4.111746613288651,0.6195484030203658
Zm00001eb365780,chr8,170726288,DTA,69.1875,68.95454545454545,0.23295454545454675,0.8403852769177846,8,11,2.983379014839409,0.9369073225055853
Zm00001eb365780,chr8,170726288,height_cm,181.125,179.8181818181818,1.306818181818187,0.8403852769177846,8,11,2.983379014839409,0.9369073225055853
Zm00001eb365780,chr8,170726288,ear_ht_ratio,0.46499999999999997,0.4609090909090909,0.0040909090909090895,0.8687731502239301,8,11,2.983379014839409,0.9541035840471408
Zm00001eb365820,chr8,170841016,DTA,69.83333333333333,68.6923076923077,1.1410256410256352,0.6388028895768834,6,13,2.1078338164841717,0.8501800797293804
Zm00001eb365820,chr8,170841016,height_cm,184.5,178.46153846153845,6.038461538461547,0.6388028895768834,6,13,2.1078338164841717,0.8501800797293804
Zm00001eb365820,chr8,170841016,ear_ht_ratio,0.4733333333333334,0.45769230769230773,0.015641025641025652,0.5985646302095092,6,13,2.1078338164841717,0.8160206943680202
Zm00001eb367290,chr8,173983761,DTA,67.5,69.60714285714286,-2.107142857142861,0.4439284485724114,5,14,1.846391553585101,0.7118500232614879
Zm00001eb367290,chr8,173983761,height_cm,171.0,183.71428571428572,-12.714285714285722,0.4439284485724114,5,14,1.846391553585101,0.7118500232614879
Zm00001eb367290,chr8,173983761,ear_ht_ratio,0.44400000000000006,0.46928571428571425,-0.02528571428571419,0.43111068000660624,5,14,1.846391553585101,0.6989945992089295
Zm00001eb369360,chr8,177936963,DTA,69.0,69.0625,-0.0625,0.9576883384932922,3,16,-2.519296049239762,0.9909907556182588
Zm00001eb369360,chr8,177936963,height_cm,182.66666666666666,179.9375,2.729166666666657,0.9576883384932922,3,16,-2.519296049239762,0.9909907556182588
Zm00001eb369360,chr8,177936963,ear_ht_ratio,0.4666666666666666,0.461875,0.0047916666666666385,0.9109403852616685,3,16,-2.519296049239762,0.9625030485783668
Zm00001eb369690,chr8,178310904,DTA,67.5,70.18181818181819,-2.681818181818187,0.2375433304225874,8,11,1.8560892252708696,0.5240349834777079
Zm00001eb369690,chr8,178310904,height_cm,172.875,185.8181818181818,-12.943181818181813,0.2375433304225874,8,11,1.8560892252708696,0.5240349834777079
Zm00001eb369690,chr8,178310904,ear_ht_ratio,0.44375,0.4763636363636364,-0.0326136363636364,0.247468805803717,8,11,1.8560892252708696,0.5330097355772366
Zm00001eb370370,chr8,179708135,DTA,70.25,68.5,1.75,0.41552410437859355,6,13,-2.658557680019747,0.687503518153673
Zm00001eb370370,chr8,179708135,height_cm,187.5,177.07692307692307,10.423076923076934,0.41552410437859355,6,13,-2.658557680019747,0.687503518153673
Zm00001eb370370,chr8,179708135,ear_ht_ratio,0.48000000000000004,0.45461538461538464,0.025384615384615394,0.4045228859522929,6,13,-2.658557680019747,0.6723576734549527
Zm00001eb370480,chr8,179956982,DTA,70.5,68.66666666666667,1.8333333333333286,0.5304437564499483,4,15,-2.015279933830635,0.7811432273291284
Zm00001eb370480,chr8,179956982,height_cm,188.25,178.26666666666668,9.98333333333332,0.5304437564499483,4,15,-2.015279933830635,0.7811432273291284
Zm00001eb370480,chr8,179956982,ear_ht_ratio,0.4825,0.45733333333333337,0.025166666666666615,0.5155079665505043,4,15,-2.015279933830635,0.7612369161232599
Zm00001eb370490,chr8,179956982,DTA,70.5,68.66666666666667,1.8333333333333286,0.5304437564499483,4,15,5.369328196090953,0.7811432273291284
Zm00001eb370490,chr8,179956982,height_cm,188.25,178.26666666666668,9.98333333333332,0.5304437564499483,4,15,5.369328196090953,0.7811432273291284
Zm00001eb370490,chr8,179956982,ear_ht_ratio,0.4825,0.45733333333333337,0.025166666666666615,0.5155079665505043,4,15,5.369328196090953,0.7612369161232599
Zm00001eb371150,chr8,181585871,DTA,69.25,69.66666666666667,-0.4166666666666714,0.8615384615384615,4,12,-1.9059675586076643,0.9550561853850598
Zm00001eb371150,chr8,181585871,height_cm,182.5,183.5,-1.0,0.8615384615384615,4,12,-1.9059675586076643,0.9550561853850598
Zm00001eb371150,chr8,181585871,ear_ht_ratio,0.45999999999999996,0.4725,-0.012500000000000011,0.855554773941951,4,12,-1.9059675586076643,0.9541035840471408
Zm00001eb371180,chr8,181685300,DTA,66.66666666666667,69.76666666666667,-3.0999999999999943,0.25,3,15,-2.4216835827902803,0.5449101796407186
Zm00001eb371180,chr8,181685300,height_cm,170.0,183.66666666666666,-13.666666666666657,0.25,3,15,-2.4216835827902803,0.5449101796407186
Zm00001eb371180,chr8,181685300,ear_ht_ratio,0.43,0.47200000000000003,-0.04200000000000004,0.2358950875823136,3,15,-2.4216835827902803,0.5180182095631481
Zm00001eb371520,chr9,2221701,DTA,69.77272727272727,68.35714285714286,1.415584415584405,0.5360105580693816,11,7,-1.8181388931208795,0.7811432273291284
Zm00001eb371520,chr9,2221701,height_cm,184.27272727272728,176.0,8.27272727272728,0.5360105580693816,11,7,-1.8181388931208795,0.7811432273291284
Zm00001eb371520,chr9,2221701,ear_ht_ratio,0.47181818181818186,0.45285714285714285,0.018961038961039012,0.5360105580693816,11,7,-1.8181388931208795,0.7755477503802284
Zm00001eb373600,chr9,10900844,DTA,68.8,69.33333333333333,-0.5333333333333314,0.8382564863858263,10,9,2.3386125552092167,0.9369073225055853
Zm00001eb373600,chr9,10900844,height_cm,179.4,181.44444444444446,-2.0444444444444514,0.8382564863858263,10,9,2.3386125552092167,0.9369073225055853
Zm00001eb373600,chr9,10900844,ear_ht_ratio,0.4600000000000001,0.4655555555555556,-0.005555555555555536,0.8381864806450703,10,9,2.3386125552092167,0.9416662930703876
Zm00001eb374170,chr9,13076932,DTA,69.85714285714286,66.8,3.057142857142864,0.2566219470244238,14,5,-2.8780626893577255,0.5494728748052369
Zm00001eb374170,chr9,13076932,height_cm,183.92857142857142,170.4,13.52857142857141,0.2566219470244238,14,5,-2.8780626893577255,0.5494728748052369
Zm00001eb374170,chr9,13076932,ear_ht_ratio,0.47285714285714286,0.434,0.03885714285714287,0.2469525879831861,14,5,-2.8780626893577255,0.5330097355772366
Zm00001eb374330,chr9,13463701,DTA,70.0,68.5,1.5,0.4824164483607208,7,12,1.6181686821158872,0.7518254163590122
Zm00001eb374330,chr9,13463701,height_cm,185.71428571428572,177.25,8.464285714285722,0.4824164483607208,7,12,1.6181686821158872,0.7518254163590122
Zm00001eb374330,chr9,13463701,ear_ht_ratio,0.4728571428571429,0.4566666666666667,0.0161904761904762,0.4987739310335031,7,12,1.6181686821158872,0.756473795400813
Zm00001eb374580,chr9,14320547,DTA,71.14285714285714,67.83333333333333,3.30952380952381,0.11983011828213067,7,12,1.8971760421948416,0.39555365565443684
Zm00001eb374580,chr9,14320547,height_cm,191.42857142857142,173.91666666666666,17.51190476190476,0.11983011828213067,7,12,1.8971760421948416,0.39555365565443684
Zm00001eb374580,chr9,14320547,ear_ht_ratio,0.4900000000000001,0.4466666666666667,0.04333333333333339,0.12802278099244224,7,12,1.8971760421948416,0.3949177311970252
Zm00001eb375480,chr9,17538945,DTA,66.66666666666667,69.5,-2.8333333333333286,0.303405572755418,3,16,2.889897845155618,0.588979138934589
Zm00001eb375480,chr9,17538945,height_cm,170.0,182.3125,-12.3125,0.303405572755418,3,16,2.889897845155618,0.588979138934589
Zm00001eb375480,chr9,17538945,ear_ht_ratio,0.43,0.46875,-0.03875000000000001,0.2633429730199839,3,16,2.889897845155618,0.5461928329303369
Zm00001eb375670,chr9,18132531,DTA,70.54545454545455,67.0,3.5454545454545467,0.05062051811277818,11,8,-3.623948571308909,0.28567238128761635
Zm00001eb375670,chr9,18132531,height_cm,187.9090909090909,170.0,17.909090909090907,0.05062051811277818,11,8,-3.623948571308909,0.28567238128761635
Zm00001eb375670,chr9,18132531,ear_ht_ratio,0.48363636363636364,0.43374999999999997,0.04988636363636367,0.05743364334604658,11,8,-3.623948571308909,0.30165119421532766
Zm00001eb375690,chr9,18311524,DTA,69.0,69.07692307692308,-0.0769230769230802,0.8982750995134897,6,13,-3.0463858326444253,0.9550561853850598
Zm00001eb375690,chr9,18311524,height_cm,180.0,180.53846153846155,-0.5384615384615472,0.8982750995134897,6,13,-3.0463858326444253,0.9550561853850598
Zm00001eb375690,chr9,18311524,ear_ht_ratio,0.4583333333333333,0.4646153846153847,-0.006282051282051393,0.8606957359746176,6,13,-3.0463858326444253,0.9541035840471408
Zm00001eb378280,chr9,25715058,DTA,67.375,69.5,-2.125,0.4107327141382869,4,15,2.2972309314081407,0.6873871629716617
Zm00001eb378280,chr9,25715058,height_cm,170.0,183.13333333333333,-13.133333333333326,0.4107327141382869,4,15,2.2972309314081407,0.6873871629716617
Zm00001eb378280,chr9,25715058,ear_ht_ratio,0.4375,0.4693333333333333,-0.031833333333333325,0.39511771323649647,4,15,2.2972309314081407,0.6667000724371067
Zm00001eb378780,chr9,27458565,DTA,70.125,68.76666666666667,1.3583333333333343,0.5964912280701754,4,15,2.103731474270827,0.8146067975183978
Zm00001eb378780,chr9,27458565,height_cm,184.5,179.26666666666668,5.23333333333332,0.5964912280701754,4,15,2.103731474270827,0.8146067975183978
Zm00001eb378780,chr9,27458565,ear_ht_ratio,0.475,0.45933333333333337,0.015666666666666607,0.5821538202677059,4,15,2.103731474270827,0.8073510773130546
Zm00001eb378830,chr9,27730744,DTA,69.92857142857143,68.54166666666667,1.3869047619047592,0.535841867111217,7,12,-1.5108370808028817,0.7811432273291284
Zm00001eb378830,chr9,27730744,height_cm,185.0,177.66666666666666,7.333333333333343,0.535841867111217,7,12,-1.5108370808028817,0.7811432273291284
Zm00001eb378830,chr9,27730744,ear_ht_ratio,0.47285714285714286,0.4566666666666667,0.016190476190476144,0.5539392338353869,7,12,-1.5108370808028817,0.7845676308018709
Zm00001eb379070,chr9,28619502,DTA,68.83333333333333,70.75,-1.9166666666666714,0.22377622377622375,9,6,3.622352488728783,0.5075049561030869
Zm00001eb379070,chr9,28619502,height_cm,180.33333333333334,188.66666666666666,-8.333333333333314,0.22377622377622375,9,6,3.622352488728783,0.5075049561030869
Zm00001eb379070,chr9,28619502,ear_ht_ratio,0.4588888888888889,0.48499999999999993,-0.02611111111111103,0.21551471295738311,9,6,3.622352488728783,0.4902959719780466
Zm00001eb379200,chr9,28971025,DTA,69.5625,68.68181818181819,0.880681818181813,0.5447593342330185,8,11,-2.094570252486709,0.7822185312063855
Zm00001eb379200,chr9,28971025,height_cm,183.5,178.0909090909091,5.4090909090909065,0.5447593342330185,8,11,-2.094570252486709,0.7822185312063855
Zm00001eb379200,chr9,28971025,ear_ht_ratio,0.47375,0.45454545454545453,0.019204545454545474,0.5086968557661546,8,11,-2.094570252486709,0.7612369161232599
Zm00001eb379770,chr9,32735822,DTA,70.625,68.63333333333334,1.99166666666666,0.4107327141382869,4,15,-4.225863212824155,0.6873871629716617
Zm00001eb379770,chr9,32735822,height_cm,190.0,177.8,12.199999999999989,0.4107327141382869,4,15,-4.225863212824155,0.6873871629716617
Zm00001eb379770,chr9,32735822,ear_ht_ratio,0.485,0.4566666666666667,0.028333333333333266,0.39511771323649647,4,15,-4.225863212824155,0.6667000724371067
Zm00001eb381110,chr9,43137149,DTA,66.91666666666667,70.03846153846153,-3.1217948717948616,0.17912428129146396,6,13,3.0630036140548107,0.4624201304261906
Zm00001eb381110,chr9,43137149,height_cm,170.0,185.15384615384616,-15.15384615384616,0.17912428129146396,6,13,3.0630036140548107,0.4624201304261906
Zm00001eb381110,chr9,43137149,ear_ht_ratio,0.43500000000000005,0.4753846153846153,-0.04038461538461524,0.17381835223371678,6,13,3.0630036140548107,0.45237639243129896
Zm00001eb384580,chr9,78690049,DTA,70.58333333333333,65.5,5.083333333333329,0.009696186166774402,12,6,-2.0187491728805615,0.16731316124388088
Zm00001eb384580,chr9,78690049,height_cm,188.33333333333334,162.0,26.333333333333343,0.009696186166774402,12,6,-2.0187491728805615,0.16731316124388088
Zm00001eb384580,chr9,78690049,ear_ht_ratio,0.4825,0.4166666666666667,0.0658333333333333,0.01483506630904755,12,6,-2.0187491728805615,0.24117832688759241
Zm00001eb385310,chr9,86940666,DTA,67.85,70.07142857142857,-2.221428571428575,0.41731797614150556,10,7,-5.4563074515983665,0.6889058653764537
Zm00001eb385310,chr9,86940666,height_cm,175.3,184.14285714285714,-8.842857142857127,0.41731797614150556,10,7,-5.4563074515983665,0.6889058653764537
Zm00001eb385310,chr9,86940666,ear_ht_ratio,0.44799999999999995,0.4757142857142857,-0.027714285714285747,0.40652532134524766,10,7,-5.4563074515983665,0.6741467743492946
Zm00001eb385600,chr9,89409471,DTA,70.7,67.22222222222223,3.4777777777777743,0.06619257972219345,10,9,-1.945641899503812,0.3212546535850455
Zm00001eb385600,chr9,89409471,height_cm,189.6,170.11111111111111,19.48888888888888,0.06619257972219345,10,9,-1.945641899503812,0.3212546535850455
Zm00001eb385600,chr9,89409471,ear_ht_ratio,0.48500000000000004,0.4377777777777778,0.04722222222222222,0.06607366535042022,10,9,-1.945641899503812,0.3164580814151705
Zm00001eb386410,chr9,95715345,DTA,71.7,65.58333333333333,6.116666666666674,0.004745254745254745,10,6,-4.2711141341040735,0.13413344545095493
Zm00001eb386410,chr9,95715345,height_cm,194.0,163.0,31.0,0.004745254745254745,10,6,-4.2711141341040735,0.13413344545095493
Zm00001eb386410,chr9,95715345,ear_ht_ratio,0.497,0.4183333333333333,0.07866666666666672,0.007829059940599407,10,6,-4.2711141341040735,0.2110946532131988
Zm00001eb386670,chr9,97686378,DTA,69.875,68.45454545454545,1.4204545454545467,0.5447593342330185,8,11,-3.54469480317845,0.7822185312063855
Zm00001eb386670,chr9,97686378,height_cm,184.75,177.1818181818182,7.568181818181813,0.5447593342330185,8,11,-3.54469480317845,0.7822185312063855
Zm00001eb386670,chr9,97686378,ear_ht_ratio,0.4725,0.4554545454545455,0.017045454545454475,0.5086968557661546,8,11,-3.54469480317845,0.7612369161232599
Zm00001eb386920,chr9,98802774,DTA,64.7,70.88461538461539,-6.184615384615384,0.00980392156862745,5,13,4.391702011792004,0.16731316124388088
Zm00001eb386920,chr9,98802774,height_cm,159.0,189.0,-30.0,0.00980392156862745,5,13,4.391702011792004,0.16731316124388088
Zm00001eb386920,chr9,98802774,ear_ht_ratio,0.40800000000000003,0.4853846153846154,-0.07738461538461539,0.013678671648080511,5,13,4.391702011792004,0.24117832688759241
Zm00001eb387530,chr9,102589516,DTA,71.75,68.33333333333333,3.4166666666666714,0.18472652218782248,4,15,3.517068454399342,0.4635527847284071
Zm00001eb387530,chr9,102589516,height_cm,194.5,176.6,17.900000000000006,0.18472652218782248,4,15,3.517068454399342,0.4635527847284071
Zm00001eb387530,chr9,102589516,ear_ht_ratio,0.4975,0.45333333333333337,0.04416666666666663,0.17682600620593691,4,15,3.517068454399342,0.45237639243129896
Zm00001eb388040,chr9,105100312,DTA,69.57692307692308,67.91666666666667,1.6602564102564088,0.5788736547250479,13,6,2.546970347607554,0.8146067975183978
Zm00001eb388040,chr9,105100312,height_cm,182.84615384615384,175.0,7.84615384615384,0.5788736547250479,13,6,2.546970347607554,0.8146067975183978
Zm00001eb388040,chr9,105100312,ear_ht_ratio,0.46923076923076923,0.4483333333333333,0.020897435897435923,0.5390765244886524,13,6,2.546970347607554,0.7755477503802284
Zm00001eb389750,chr9,114028069,DTA,72.5,68.40625,4.09375,0.2105263157894737,3,16,-1.570640510225311,0.48500999333777484
Zm00001eb389750,chr9,114028069,height_cm,196.66666666666666,177.3125,19.354166666666657,0.2105263157894737,3,16,-1.570640510225311,0.48500999333777484
Zm00001eb389750,chr9,114028069,ear_ht_ratio,0.5033333333333333,0.45499999999999996,0.04833333333333334,0.19833720370064056,3,16,-1.570640510225311,0.47186105978453047
Zm00001eb390480,chr9,118104984,DTA,69.85714285714286,68.58333333333333,1.2738095238095326,0.6503532587123918,7,12,-2.5792444565528156,0.8531033641213936
Zm00001eb390480,chr9,118104984,height_cm,183.42857142857142,178.58333333333334,4.845238095238074,0.6503532587123918,7,12,-2.5792444565528156,0.8531033641213936
Zm00001eb390480,chr9,118104984,ear_ht_ratio,0.4714285714285714,0.4575,0.013928571428571401,0.6419036360134158,7,12,-2.5792444565528156,0.8450376980429778
Zm00001eb390560,chr9,118437958,DTA,71.875,68.3,3.575000000000003,0.12435500515995872,4,15,2.6247022196235013,0.39555365565443684
Zm00001eb390560,chr9,118437958,height_cm,194.5,176.6,17.900000000000006,0.12435500515995872,4,15,2.6247022196235013,0.39555365565443684
Zm00001eb390560,chr9,118437958,ear_ht_ratio,0.5025000000000001,0.452,0.050500000000000045,0.13344395663276376,4,15,2.6247022196235013,0.4064736419608871
Zm00001eb390620,chr9,118637912,DTA,71.375,67.36363636363636,4.01136363636364,0.06202534995104655,8,11,3.000648476281756,0.31785345717234265
Zm00001eb390620,chr9,118637912,height_cm,191.875,172.0,19.875,0.06202534995104655,8,11,3.000648476281756,0.31785345717234265
Zm00001eb390620,chr9,118637912,ear_ht_ratio,0.4925,0.440909090909091,0.05159090909090902,0.06307084378511434,8,11,3.000648476281756,0.3164580814151705
Zm00001eb390630,chr9,118637912,DTA,71.375,67.36363636363636,4.01136363636364,0.06202534995104655,8,11,2.6281076190415016,0.31785345717234265
Zm00001eb390630,chr9,118637912,height_cm,191.875,172.0,19.875,0.06202534995104655,8,11,2.6281076190415016,0.31785345717234265
Zm00001eb390630,chr9,118637912,ear_ht_ratio,0.4925,0.440909090909091,0.05159090909090902,0.06307084378511434,8,11,2.6281076190415016,0.3164580814151705
Zm00001eb391000,chr9,120197239,DTA,69.04545454545455,69.0625,-0.017045454545453254,1.0,11,8,-3.6825842980269456,1.0
Zm00001eb391000,chr9,120197239,height_cm,180.45454545454547,180.25,0.20454545454546746,1.0,11,8,-3.6825842980269456,1.0
Zm00001eb391000,chr9,120197239,ear_ht_ratio,0.46090909090909093,0.46499999999999997,-0.004090909090909034,1.0,11,8,-3.6825842980269456,1.0
Zm00001eb391500,chr9,122118336,DTA,71.23076923076923,64.3,6.930769230769229,0.0009337068160597573,13,5,-2.465390847641111,0.10732714138286892
Zm00001eb391500,chr9,122118336,height_cm,191.46153846153845,156.6,34.86153846153846,0.0009337068160597573,13,5,-2.465390847641111,0.10732714138286892
Zm00001eb391500,chr9,122118336,ear_ht_ratio,0.49076923076923085,0.40199999999999997,0.08876923076923088,0.0030892824356550377,13,5,-2.465390847641111,0.20119851513836434
Zm00001eb392270,chr9,124884985,DTA,69.55555555555556,68.6,0.9555555555555628,0.7750513736700824,9,10,-3.042346253705929,0.9194420990086625
Zm00001eb392270,chr9,124884985,height_cm,182.0,178.9,3.0999999999999943,0.7750513736700824,9,10,-3.042346253705929,0.9194420990086625
Zm00001eb392270,chr9,124884985,ear_ht_ratio,0.4677777777777778,0.4580000000000001,0.009777777777777719,0.7438630522159773,9,10,-3.042346253705929,0.9055724113933636
Zm00001eb392420,chr9,125649370,DTA,70.92857142857143,67.95833333333333,2.970238095238102,0.195562435500516,7,12,2.5552530787738763,0.4793584277588406
Zm00001eb392420,chr9,125649370,height_cm,189.28571428571428,175.16666666666666,14.11904761904762,0.195562435500516,7,12,2.5552530787738763,0.4793584277588406
Zm00001eb392420,chr9,125649370,ear_ht_ratio,0.48571428571428577,0.4491666666666667,0.03654761904761905,0.20469520268854813,7,12,2.5552530787738763,0.47486003228070445
Zm00001eb392580,chr9,126371314,DTA,69.0,69.125,-0.125,0.9678494879733269,11,8,1.269886683524992,0.9909907556182588
Zm00001eb392580,chr9,126371314,height_cm,180.45454545454547,180.25,0.20454545454546746,0.9678494879733269,11,8,1.269886683524992,0.9909907556182588
Zm00001eb392580,chr9,126371314,ear_ht_ratio,0.46090909090909093,0.46499999999999997,-0.004090909090909034,1.0,11,8,1.269886683524992,1.0
Zm00001eb392740,chr9,127396363,DTA,67.75,69.4,-1.6500000000000057,0.46904024767801855,4,15,3.72080896068054,0.7390937236138475
Zm00001eb392740,chr9,127396363,height_cm,175.0,181.8,-6.800000000000011,0.46904024767801855,4,15,3.72080896068054,0.7390937236138475
Zm00001eb392740,chr9,127396363,ear_ht_ratio,0.445,0.4673333333333333,-0.022333333333333316,0.48373546397290446,4,15,3.72080896068054,0.7445230819709819
Zm00001eb394390,chr9,133948298,DTA,70.0,67.42857142857143,2.5714285714285694,0.195562435500516,12,7,-2.190089812577919,0.4793584277588406
Zm00001eb394390,chr9,133948298,height_cm,184.58333333333334,173.14285714285714,11.440476190476204,0.195562435500516,12,7,-2.190089812577919,0.4793584277588406
Zm00001eb394390,chr9,133948298,ear_ht_ratio,0.47500000000000003,0.44142857142857145,0.033571428571428585,0.1900050984733419,12,7,-2.190089812577919,0.4626211093263977
Zm00001eb397350,chr9,144887582,DTA,68.58333333333333,68.70833333333333,-0.125,0.8200818789054083,6,12,2.3099901398415645,0.9369073225055853
Zm00001eb397350,chr9,144887582,height_cm,177.0,179.16666666666666,-2.166666666666657,0.8200818789054083,6,12,2.3099901398415645,0.9369073225055853
Zm00001eb397350,chr9,144887582,ear_ht_ratio,0.45500000000000007,0.4583333333333334,-0.003333333333333355,0.851336131279971,6,12,2.3099901398415645,0.952031802721688
Zm00001eb397550,chr9,145381215,DTA,69.3125,69.66666666666667,-0.3541666666666714,0.8883587001234061,8,9,2.246237253881352,0.9550561853850598
Zm00001eb397550,chr9,145381215,height_cm,181.625,183.44444444444446,-1.819444444444457,0.8883587001234061,8,9,2.246237253881352,0.9550561853850598
Zm00001eb397550,chr9,145381215,ear_ht_ratio,0.46499999999999997,0.47111111111111115,-0.006111111111111178,0.8883587001234061,8,9,2.246237253881352,0.9549504898208954
Zm00001eb397900,chr9,146333600,DTA,70.95454545454545,66.4375,4.517045454545453,0.02034876028684078,11,8,2.6311028284089657,0.21032863849765257
Zm00001eb397900,chr9,146333600,height_cm,190.27272727272728,166.75,23.52272727272728,0.02034876028684078,11,8,2.6311028284089657,0.21032863849765257
Zm00001eb397900,chr9,146333600,ear_ht_ratio,0.4890909090909092,0.42624999999999996,0.06284090909090922,0.020720515889753037,11,8,2.6311028284089657,0.24117832688759241
Zm00001eb397980,chr9,146645800,DTA,66.375,71.0,-4.625,0.015744489428699954,8,11,5.358473805625028,0.20096553982856027
Zm00001eb397980,chr9,146645800,height_cm,166.125,190.72727272727272,-24.60227272727272,0.015744489428699954,8,11,5.358473805625028,0.20096553982856027
Zm00001eb397980,chr9,146645800,ear_ht_ratio,0.42625,0.489090909090909,-0.062840909090909,0.018555486235524596,8,11,5.358473805625028,0.24117832688759241
Zm00001eb398660,chr9,148869547,DTA,67.63636363636364,71.0,-3.3636363636363598,0.10865020772141516,11,8,3.5421658958831186,0.389734667246629
Zm00001eb398660,chr9,148869547,height_cm,172.63636363636363,191.0,-18.363636363636374,0.10865020772141516,11,8,3.5421658958831186,0.389734667246629
Zm00001eb398660,chr9,148869547,ear_ht_ratio,0.4436363636363637,0.48874999999999996,-0.045113636363636245,0.09849981001289872,11,8,3.5421658958831186,0.3761102895141804
Zm00001eb398750,chr9,149072059,DTA,69.625,68.63636363636364,0.9886363636363598,0.5998782778968538,8,11,2.1202665528226134,0.8146067975183978
Zm00001eb398750,chr9,149072059,height_cm,184.625,177.27272727272728,7.3522727272727195,0.5998782778968538,8,11,2.1202665528226134,0.8146067975183978
Zm00001eb398750,chr9,149072059,ear_ht_ratio,0.47375,0.45454545454545464,0.019204545454545363,0.5912984261177405,8,11,2.1202665528226134,0.8091452146874345
Zm00001eb399180,chr9,150243406,DTA,68.125,70.64285714285714,-2.517857142857139,0.2614114471699611,12,7,2.7513403451941287,0.5499356120424811
Zm00001eb399180,chr9,150243406,height_cm,175.25,189.14285714285714,-13.892857142857139,0.2614114471699611,12,7,2.7513403451941287,0.5499356120424811
Zm00001eb399180,chr9,150243406,ear_ht_ratio,0.44999999999999996,0.48428571428571426,-0.03428571428571431,0.25367896707840065,12,7,2.7513403451941287,0.5359870410351422
Zm00001eb400160,chr9,153163926,DTA,69.5,68.93333333333334,0.5666666666666629,0.9613003095975232,4,15,-2.6464567801316603,0.9909907556182588
Zm00001eb400160,chr9,153163926,height_cm,180.0,180.46666666666667,-0.46666666666666856,0.9613003095975232,4,15,-2.6464567801316603,0.9909907556182588
Zm00001eb400160,chr9,153163926,ear_ht_ratio,0.46249999999999997,0.46266666666666667,-0.00016666666666670382,0.9601049012170599,4,15,-2.6464567801316603,0.9992197824251186
Zm00001eb400800,chr9,154426571,DTA,66.9,69.82142857142857,-2.9214285714285637,0.18593051255589957,5,14,1.652323651479111,0.4635527847284071
Zm00001eb400800,chr9,154426571,height_cm,168.4,184.64285714285714,-16.242857142857133,0.18593051255589957,5,14,1.652323651479111,0.4635527847284071
Zm00001eb400800,chr9,154426571,ear_ht_ratio,0.43600000000000005,0.47214285714285714,-0.03614285714285709,0.1647294945114821,5,14,1.652323651479111,0.4366363377957236
Zm00001eb401030,chr9,155058866,DTA,70.0,67.75,2.25,0.31004736577492,11,8,-1.7195219639960633,0.5893328519168192
Zm00001eb401030,chr9,155058866,height_cm,185.1818181818182,173.75,11.431818181818187,0.31004736577492,11,8,-1.7195219639960633,0.5893328519168192
Zm00001eb401030,chr9,155058866,ear_ht_ratio,0.47454545454545455,0.44625000000000004,0.028295454545454513,0.32153800699935164,11,8,-1.7195219639960633,0.6017472213252648
Zm00001eb401810,chr9,156946459,DTA,69.21428571428571,68.72727272727273,0.48701298701297446,0.7914152840623428,7,11,-2.298832895090343,0.9306301807650056
Zm00001eb401810,chr9,156946459,height_cm,181.42857142857142,178.63636363636363,2.7922077922077904,0.7914152840623428,7,11,-2.298832895090343,0.9306301807650056
Zm00001eb401810,chr9,156946459,ear_ht_ratio,0.4642857142857143,0.45909090909090905,0.005194805194805252,0.8207864083333871,7,11,-2.298832895090343,0.9399947974219282
Zm00001eb402200,chr9,157691476,DTA,69.8,68.5,1.2999999999999972,0.5096153846153847,5,11,3.1749636009854254,0.7697095435684649
Zm00001eb402200,chr9,157691476,height_cm,184.4,177.72727272727272,6.672727272727286,0.5096153846153847,5,11,3.1749636009854254,0.7697095435684649
Zm00001eb402200,chr9,157691476,ear_ht_ratio,0.472,0.45454545454545453,0.017454545454545445,0.49635898275240675,5,11,3.1749636009854254,0.7559609611793977
Zm00001eb402300,chr9,157730650,DTA,71.27272727272727,66.0,5.272727272727266,0.004974729432933768,11,8,1.766755663268392,0.13413344545095493
Zm00001eb402300,chr9,157730650,height_cm,192.0909090909091,164.25,27.840909090909093,0.004974729432933768,11,8,1.766755663268392,0.13413344545095493
Zm00001eb402300,chr9,157730650,ear_ht_ratio,0.49272727272727274,0.42124999999999996,0.07147727272727278,0.007257822019100255,11,8,1.766755663268392,0.20321901653480715
Zm00001eb402390,chr9,157765410,DTA,70.15,67.83333333333333,2.316666666666677,0.23644471557230384,10,9,-4.027247771856735,0.5231968174365872
Zm00001eb402390,chr9,157765410,height_cm,186.0,174.11111111111111,11.888888888888886,0.23644471557230384,10,9,-4.027247771856735,0.5231968174365872
Zm00001eb402390,chr9,157765410,ear_ht_ratio,0.47800000000000004,0.44555555555555554,0.0324444444444445,0.2527908475104067,10,9,-4.027247771856735,0.5359870410351422
Zm00001eb403000,chr9,158841703,DTA,69.70833333333333,67.92857142857143,1.779761904761898,0.38445661665475905,12,7,-2.350186336232038,0.6632332154612904
Zm00001eb403000,chr9,158841703,height_cm,183.75,174.57142857142858,9.178571428571416,0.38445661665475905,12,7,-2.350186336232038,0.6632332154612904
Zm00001eb403000,chr9,158841703,ear_ht_ratio,0.4725,0.44571428571428573,0.026785714285714246,0.3746475684825058,12,7,-2.350186336232038,0.6478466267345943
Zm00001eb403450,chr9,159816783,DTA,67.0,70.54545454545455,-3.5454545454545467,0.09084173480458312,8,11,1.6746920973337742,0.3694568879203157
Zm00001eb403450,chr9,159816783,height_cm,171.25,187.0,-15.75,0.09084173480458312,8,11,1.6746920973337742,0.3694568879203157
Zm00001eb403450,chr9,159816783,ear_ht_ratio,0.4375,0.4809090909090909,-0.0434090909090909,0.09849981001289872,8,11,1.6746920973337742,0.3761102895141804
Zm00001eb404040,chr9,160764965,DTA,65.07142857142857,73.3,-8.228571428571428,0.0025252525252525255,7,5,-2.5965898104389025,0.11195693963860052
Zm00001eb404040,chr9,160764965,height_cm,160.71428571428572,202.0,-41.28571428571428,0.0025252525252525255,7,5,-2.5965898104389025,0.11195693963860052
Zm00001eb404040,chr9,160764965,ear_ht_ratio,0.4114285714285714,0.522,-0.1105714285714286,0.0025252525252525255,7,5,-2.5965898104389025,0.20119851513836434
Zm00001eb405630,chr10,2312252,DTA,70.86363636363636,65.75,5.11363636363636,0.020200387847446672,11,6,2.168942650916777,0.21032863849765257
Zm00001eb405630,chr10,2312252,height_cm,189.45454545454547,163.33333333333334,26.121212121212125,0.020200387847446672,11,6,2.168942650916777,0.21032863849765257
Zm00001eb405630,chr10,2312252,ear_ht_ratio,0.4872727272727273,0.4166666666666667,0.07060606060606062,0.020200387847446672,11,6,2.168942650916777,0.24117832688759241
Zm00001eb408750,chr10,13503648,DTA,69.9,68.96153846153847,0.9384615384615387,0.7749766573295984,5,13,2.862384599000813,0.9194420990086625
Zm00001eb408750,chr10,13503648,height_cm,183.8,180.0,3.8000000000000114,0.7749766573295984,5,13,2.862384599000813,0.9194420990086625
Zm00001eb408750,chr10,13503648,ear_ht_ratio,0.47400000000000003,0.46076923076923076,0.013230769230769268,0.7749766573295984,5,13,2.862384599000813,0.9216382587634706
Zm00001eb408960,chr10,15073683,DTA,69.875,69.22727272727273,0.6477272727272663,0.7531135531135531,4,11,2.0220403125060007,0.9194420990086625
Zm00001eb408960,chr10,15073683,height_cm,186.25,180.8181818181818,5.431818181818187,0.7531135531135531,4,11,2.0220403125060007,0.9194420990086625
Zm00001eb408960,chr10,15073683,ear_ht_ratio,0.475,0.4645454545454546,0.010454545454545383,0.7531135531135531,4,11,2.0220403125060007,0.9137777777777778
Zm00001eb410260,chr10,24049601,DTA,68.75,69.6,-0.8499999999999943,0.7618264088852323,8,10,2.5913860907730815,0.9194420990086625
Zm00001eb410260,chr10,24049601,height_cm,178.5,183.1,-4.599999999999994,0.7618264088852323,8,10,2.5913860907730815,0.9194420990086625
Zm00001eb410260,chr10,24049601,ear_ht_ratio,0.45875,0.46900000000000003,-0.010250000000000037,0.7618264088852323,8,10,2.5913860907730815,0.9163885613772986
Zm00001eb416180,chr10,81773643,DTA,69.0,69.11111111111111,-0.11111111111111427,0.9025232501776794,10,9,2.120923721542291,0.9550561853850598
Zm00001eb416180,chr10,81773643,height_cm,179.2,181.66666666666666,-2.4666666666666686,0.9025232501776794,10,9,2.120923721542291,0.9550561853850598
Zm00001eb416180,chr10,81773643,ear_ht_ratio,0.45999999999999996,0.4655555555555556,-0.005555555555555647,0.8702263458891504,10,9,2.120923721542291,0.9541035840471408
Zm00001eb418570,chr10,95376505,DTA,66.4,70.0,-3.5999999999999943,0.10681114551083593,5,14,2.469356047250821,0.389734667246629
Zm00001eb418570,chr10,95376505,height_cm,168.4,184.64285714285714,-16.242857142857133,0.10681114551083593,5,14,2.469356047250821,0.389734667246629
Zm00001eb418570,chr10,95376505,ear_ht_ratio,0.43,0.4742857142857143,-0.04428571428571432,0.11535228393282286,5,14,2.469356047250821,0.3949177311970252
Zm00001eb419190,chr10,98769739,DTA,66.375,69.76666666666667,-3.3916666666666657,0.152218782249742,4,15,-3.2089875544793545,0.4301717825004672
Zm00001eb419190,chr10,98769739,height_cm,168.0,183.66666666666666,-15.666666666666657,0.152218782249742,4,15,-3.2089875544793545,0.4301717825004672
Zm00001eb419190,chr10,98769739,ear_ht_ratio,0.4275,0.47200000000000003,-0.04450000000000004,0.13344395663276376,4,15,-3.2089875544793545,0.4064736419608871
Zm00001eb422400,chr10,118636974,DTA,68.66666666666667,69.4,-0.7333333333333343,0.6533789106936937,9,10,-3.864737213611521,0.8531033641213936
Zm00001eb422400,chr10,118636974,height_cm,179.11111111111111,181.5,-2.3888888888888857,0.6533789106936937,9,10,-3.864737213611521,0.8531033641213936
Zm00001eb422400,chr10,118636974,ear_ht_ratio,0.4555555555555555,0.46900000000000003,-0.013444444444444537,0.6532367441100604,9,10,-3.864737213611521,0.847694028007351
Zm00001eb422560,chr10,119597830,DTA,68.32142857142857,70.375,-2.0535714285714306,0.38169934640522873,14,4,2.777517257311887,0.6632332154612904
Zm00001eb422560,chr10,119597830,height_cm,176.92857142857142,186.25,-9.321428571428584,0.38169934640522873,14,4,2.777517257311887,0.6632332154612904
Zm00001eb422560,chr10,119597830,ear_ht_ratio,0.45285714285714285,0.48,-0.027142857142857135,0.3664429152787596,14,4,2.777517257311887,0.6397372717576427
Zm00001eb423410,chr10,122646191,DTA,67.3,70.07142857142857,-2.7714285714285722,0.2295351707116413,10,7,-2.204669172080929,0.517342428105495
Zm00001eb423410,chr10,122646191,height_cm,171.7,185.28571428571428,-13.585714285714289,0.2295351707116413,10,7,-2.204669172080929,0.517342428105495
Zm00001eb423410,chr10,122646191,ear_ht_ratio,0.44000000000000006,0.4742857142857143,-0.03428571428571425,0.24127803682446436,10,7,-2.204669172080929,0.5243295845021196
Zm00001eb423440,chr10,122921125,DTA,73.25,67.93333333333334,5.316666666666663,0.027347781217750257,4,15,12.93827720009006,0.2212131636280243
Zm00001eb423440,chr10,122921125,height_cm,200.75,174.93333333333334,25.816666666666663,0.027347781217750257,4,15,12.93827720009006,0.2212131636280243
Zm00001eb423440,chr10,122921125,ear_ht_ratio,0.5175000000000001,0.44800000000000006,0.0695,0.03148065135501511,4,15,12.93827720009006,0.25952735671834626
Zm00001eb427180,chr10,135013948,DTA,69.08333333333333,69.03846153846153,0.0448717948717956,0.8982750995134897,6,13,-1.6586527563394895,0.9550561853850598
Zm00001eb427180,chr10,135013948,height_cm,180.83333333333334,180.15384615384616,0.6794871794871824,0.8982750995134897,6,13,-1.6586527563394895,0.9550561853850598
Zm00001eb427180,chr10,135013948,ear_ht_ratio,0.4616666666666666,0.46307692307692305,-0.0014102564102564386,0.8952876797752769,6,13,-1.6586527563394895,0.9549504898208954
Zm00001eb427640,chr10,136303592,DTA,65.9,69.88461538461539,-3.984615384615381,0.09453781512605043,5,13,-1.8419230329690903,0.3720190779014309
Zm00001eb427640,chr10,136303592,height_cm,165.4,184.23076923076923,-18.83076923076922,0.09453781512605043,5,13,-1.8419230329690903,0.3720190779014309
Zm00001eb427640,chr10,136303592,ear_ht_ratio,0.42000000000000004,0.4738461538461538,-0.053846153846153766,0.08436270606245638,5,13,-1.8419230329690903,0.35296580467510486
Zm00001eb428570,chr10,138938403,DTA,70.92857142857143,67.95833333333333,2.970238095238102,0.11983011828213067,7,12,-2.8507596118688783,0.39555365565443684
Zm00001eb428570,chr10,138938403,height_cm,189.14285714285714,175.25,13.892857142857139,0.11983011828213067,7,12,-2.8507596118688783,0.39555365565443684
Zm00001eb428570,chr10,138938403,ear_ht_ratio,0.48999999999999994,0.4466666666666666,0.043333333333333335,0.11776554008282412,7,12,-2.8507596118688783,0.3949177311970252
Zm00001eb430160,chr10,142901586,DTA,70.0,68.2,1.7999999999999972,0.3912672792826394,9,10,5.700150619890914,0.6655703763715685
Zm00001eb430160,chr10,142901586,height_cm,185.88888888888889,175.4,10.48888888888888,0.3912672792826394,9,10,5.700150619890914,0.6655703763715685
Zm00001eb430160,chr10,142901586,ear_ht_ratio,0.47555555555555556,0.45100000000000007,0.024555555555555497,0.3688975050832065,9,10,5.700150619890914,0.6424817791879769
Zm00001eb430350,chr10,143204004,DTA,68.53846153846153,70.16666666666667,-1.6282051282051384,0.5213769718413681,13,6,1.9941093863543613,0.7809926656389218
Zm00001eb430350,chr10,143204004,height_cm,177.6153846153846,186.33333333333334,-8.71794871794873,0.5213769718413681,13,6,1.9941093863543613,0.7809926656389218
Zm00001eb430350,chr10,143204004,ear_ht_ratio,0.45692307692307693,0.4749999999999999,-0.01807692307692299,0.48270762793826716,13,6,1.9941093863543613,0.7445230819709819
Zm00001eb430780,chr10,144328092,DTA,71.6875,67.92857142857143,3.7589285714285694,0.054079254079254076,8,7,2.6065774439903566,0.2983063194317975
Zm00001eb430780,chr10,144328092,height_cm,194.375,174.0,20.375,0.054079254079254076,8,7,2.6065774439903566,0.2983063194317975
Zm00001eb430780,chr10,144328092,ear_ht_ratio,0.5,0.4442857142857143,0.055714285714285716,0.06383999186885041,8,7,2.6065774439903566,0.3164580814151705
Zm00001eb430800,chr10,144347010,DTA,70.33333333333333,68.8125,1.5208333333333286,0.4871001031991744,3,16,2.73154651053456,0.7518254163590122
Zm00001eb430800,chr10,144347010,height_cm,186.66666666666666,179.1875,7.479166666666657,0.4871001031991744,3,16,2.73154651053456,0.7518254163590122
Zm00001eb430800,chr10,144347010,ear_ht_ratio,0.4833333333333334,0.45875,0.0245833333333334,0.4672008151558342,3,16,2.73154651053456,0.7314455772762308
Zm00001eb430820,chr10,144426712,DTA,70.41666666666667,66.71428571428571,3.702380952380963,0.0831150273874732,12,7,3.1401620304783036,0.3559278819887088
Zm00001eb430820,chr10,144426712,height_cm,187.5,168.14285714285714,19.35714285714286,0.0831150273874732,12,7,3.1401620304783036,0.3559278819887088
Zm00001eb430820,chr10,144426712,ear_ht_ratio,0.48166666666666663,0.43,0.05166666666666664,0.0757983951553266,12,7,3.1401620304783036,0.3427405693979986
Zm00001eb431580,chr10,146230984,DTA,68.9090909090909,69.92857142857143,-1.019480519480524,0.6589994972347913,11,7,-2.505721658747991,0.8536505942827902
Zm00001eb431580,chr10,146230984,height_cm,179.27272727272728,185.71428571428572,-6.441558441558442,0.6589994972347913,11,7,-2.505721658747991,0.8536505942827902
Zm00001eb431580,chr10,146230984,ear_ht_ratio,0.45909090909090916,0.47714285714285715,-0.018051948051947986,0.6182204734175782,11,7,-2.505721658747991,0.8273244570735239
Zm00001eb431690,chr10,146450316,DTA,67.95,71.75,-3.799999999999997,0.11788211788211789,10,6,2.1140167710302453,0.39555365565443684
Zm00001eb431690,chr10,146450316,height_cm,173.9,193.83333333333334,-19.933333333333337,0.11788211788211789,10,6,2.1140167710302453,0.39555365565443684
Zm00001eb431690,chr10,146450316,ear_ht_ratio,0.44799999999999995,0.49833333333333335,-0.0503333333333334,0.11788211788211789,10,6,2.1140167710302453,0.3949177311970252
Zm00001eb433520,chr10,150135146,DTA,71.5,68.11111111111111,3.3888888888888857,0.113944878650761,8,9,-2.1607528247400194,0.3950089126559715
Zm00001eb433520,chr10,150135146,height_cm,192.375,175.55555555555554,16.819444444444457,0.113944878650761,8,9,-2.1607528247400194,0.3950089126559715
Zm00001eb433520,chr10,150135146,ear_ht_ratio,0.49375,0.44999999999999996,0.04375000000000007,0.113944878650761,8,9,-2.1607528247400194,0.3949177311970252
