chr,pos,gene_id,cohens_d,abs_d,fdr,n_variant,n_ref,n_missing,variant_hybrids,ref_hybrids,families_at_variant,Description,EggNOG COG Description,log2fc_DS_vs_WW,func_category,sharing,drought_cat
chr1,5744103,Zm00001eb002000,-1.993102093160976,1.993102093160976,0.0498621926919096,4,15,0,CML333|Oh43|P39|Tx303,B97|CML247|CML277|CML322|CML69|HP301|IL14H|Ki11|Ki3|Ky21|M162W|Mo18W|Ms71|NC358|Oh7b,,XP_021306340.1 uncharacterized protein LOC110431557 isoform X1 [Sorghum bicolor],Function unknown,0.014,Unknown,Rare (1-4),Stable
chr1,33102069,Zm00001eb010410,-1.0788372516249425,1.0788372516249425,0.0207611510926322,9,10,0,B97|CML247|CML277|IL14H|Ki11|M162W|Mo18W|NC358|Tx303,CML322|CML333|CML69|HP301|Ki3|Ky21|Ms71|Oh43|Oh7b|P39,,XP_022678890.1 fibrous sheath CABYR-binding protein isoform X2 [Setaria italica],Lipid transport and metabolism,-1.223,Other,Medium (9-12),Strong down
chr1,33805903,Zm00001eb010590,2.890233195828243,2.890233195828243,0.0188111888111888,7,12,0,CML247|CML277|HP301|IL14H|Ky21|NC358|Tx303,B97|CML322|CML333|CML69|Ki11|Ki3|M162W|Mo18W|Ms71|Oh43|Oh7b|P39,,"XP_002465558.1 ATP-dependent Clp protease ATP-binding subunit CLPT1, chloroplastic [Sorghum bicolor]","Posttranslational modification, protein turnover, chaperones",-0.722,Chaperone/HSP,Low (5-8),Mild down
chr1,33805903,Zm00001eb010600,3.4479645166968327,3.4479645166968327,0.0188111888111888,7,12,0,CML247|CML277|HP301|IL14H|Ky21|NC358|Tx303,B97|CML322|CML333|CML69|Ki11|Ki3|M162W|Mo18W|Ms71|Oh43|Oh7b|P39,CAMTA|LBD|Trihelix|bHLH,,,-0.007,Unknown,Low (5-8),Stable
chr1,34133753,Zm00001eb010650,1.7228995125959938,1.7228995125959938,0.0311749805466796,5,14,0,HP301|Ki11|Oh43|Oh7b|P39,B97|CML247|CML277|CML322|CML333|CML69|IL14H|Ki3|Ky21|M162W|Mo18W|Ms71|NC358|Tx303,CPP,XP_002468177.1 pentatricopeptide repeat-containing protein At4g21065 [Sorghum bicolor],Function unknown,1.511,Unknown,Low (5-8),Strong up
chr1,35686099,Zm00001eb011070,-1.044301392229479,1.044301392229479,0.0450283574693023,3,16,0,CML277|CML322|Ki11,B97|CML247|CML333|CML69|HP301|IL14H|Ki3|Ky21|M162W|Mo18W|Ms71|NC358|Oh43|Oh7b|P39|Tx303,bZIP,XP_021310343.1 uncharacterized protein LOC8078835 [Sorghum bicolor],Function unknown,-1.343,Unknown,Rare (1-4),Strong down
chr1,45314945,Zm00001eb013520,1.971193291247158,1.971193291247158,0.0226429045486012,12,7,0,CML247|CML277|CML322|HP301|Ki3|M162W|Mo18W|Ms71|NC358|Oh43|Oh7b|Tx303,B97|CML333|CML69|IL14H|Ki11|Ky21|P39,C2H2|ERF|TCP,XP_002465414.1 pyruvate decarboxylase 2 [Sorghum bicolor],Amino acid transport and metabolism;Coenzyme transport and metabolism,1.552,Biosynthesis,Medium (9-12),Strong up
chr1,45913981,Zm00001eb013720,-2.0162190655371113,2.0162190655371113,0.0188111888111888,6,13,0,CML277|CML322|CML333|CML69|Ki11|Oh7b,B97|CML247|HP301|IL14H|Ki3|Ky21|M162W|Mo18W|Ms71|NC358|Oh43|P39|Tx303,,XP_002468020.2 uncharacterized protein LOC8081119 [Sorghum bicolor],Function unknown,1.415,Unknown,Low (5-8),Strong up
chr1,46460037,Zm00001eb013870,3.131431563537838,3.131431563537838,0.039548112582254,12,7,0,CML277|CML333|CML69|IL14H|Ki11|Ki3|M162W|Mo18W|NC358|Oh43|P39|Tx303,B97|CML247|CML322|HP301|Ky21|Ms71|Oh7b,CPP|MYB,XP_002465403.1 U2 small nuclear ribonucleoprotein B'' [Sorghum bicolor],RNA processing and modification,0.546,Other,Medium (9-12),Mild up
chr1,52046833,Zm00001eb015210,4.106711314474418,4.106711314474418,0.0234529107256379,4,15,0,HP301|IL14H|Oh7b|P39,B97|CML247|CML277|CML322|CML333|CML69|Ki11|Ki3|Ky21|M162W|Mo18W|Ms71|NC358|Oh43|Tx303,,XP_002465352.1 CBL-interacting protein kinase 31 isoform X1 [Sorghum bicolor],Signal transduction mechanisms,1.376,Kinase/Phosphorylation,Rare (1-4),Strong up
chr1,55231201,Zm00001eb015900,1.9620971190194931,1.9620971190194931,0.039548112582254,8,10,1,B97|CML277|CML322|CML333|CML69|IL14H|Mo18W|NC358,CML247|HP301|Ki11|Ki3|Ky21|Ms71|Oh43|Oh7b|P39|Tx303,,XP_021312231.1 uncharacterized protein LOC8083667 isoform X2 [Sorghum bicolor],,0.622,Other,Low (5-8),Mild up
chr1,57416832,Zm00001eb016400,-2.6790199520921387,2.6790199520921387,0.0443649214070538,8,11,0,CML247|CML333|Ki11|Ki3|M162W|Mo18W|Ms71|NC358,B97|CML277|CML322|CML69|HP301|IL14H|Ky21|Oh43|Oh7b|P39|Tx303,,,,0.634,Unknown,Low (5-8),Mild up
chr1,77325694,Zm00001eb020660,-2.326271549412075,2.326271549412075,0.0188111888111888,10,9,0,B97|CML247|CML322|CML333|CML69|HP301|IL14H|M162W|Oh43|Tx303,CML277|Ki11|Ki3|Ky21|Mo18W|Ms71|NC358|Oh7b|P39,CPP|MYB_related,XP_002465088.1 probable esterase D14L [Sorghum bicolor],Function unknown,0.486,Unknown,Medium (9-12),Stable
chr1,154479231,Zm00001eb028820,-3.4905867984114125,3.4905867984114125,0.0423031419387483,3,16,0,Ki11|Ky21|M162W,B97|CML247|CML277|CML322|CML333|CML69|HP301|IL14H|Ki3|Mo18W|Ms71|NC358|Oh43|Oh7b|P39|Tx303,Dof|EIL|G2-like|GRAS|TALE,XP_021321597.1 myb-related protein MYBAS2-like isoform X1 [Sorghum bicolor],Transcription,-0.451,Transcription factor,Rare (1-4),Stable
chr1,170914905,Zm00001eb030870,-2.075649400692202,2.075649400692202,0.0412300028738384,7,12,0,HP301|IL14H|Ki3|Mo18W|Oh43|Oh7b|P39,B97|CML247|CML277|CML322|CML333|CML69|Ki11|Ky21|M162W|Ms71|NC358|Tx303,CPP|MYB|Trihelix|WOX,XP_002442448.1 protein DA1-related 1 [Sorghum bicolor],Signal transduction mechanisms;Cytoskeleton,0.655,Signal transduction,Low (5-8),Mild up
chr1,184804492,Zm00001eb033190,-3.307093446829383,3.307093446829383,0.0188111888111888,7,11,1,CML247|HP301|Ki3|Ky21|Mo18W|Oh7b|P39,B97|CML277|CML322|CML69|IL14H|Ki11|M162W|Ms71|NC358|Oh43|Tx303,,XP_002442626.1 protein yippee-like At3g55890 [Sorghum bicolor],Function unknown,0.031,Unknown,Low (5-8),Stable
chr1,211667666,Zm00001eb040100,1.7076390765853546,1.7076390765853546,0.0443649214070538,11,8,0,B97|CML247|CML277|CML69|Ki11|Ki3|M162W|Mo18W|Ms71|NC358|Tx303,CML322|CML333|HP301|IL14H|Ky21|Oh43|Oh7b|P39,ERF,XP_002445738.1 thaumatin-like protein 1 [Sorghum bicolor],"Posttranslational modification, protein turnover, chaperones",0.831,Chaperone/HSP,Medium (9-12),Mild up
chr1,227767796,Zm00001eb043170,-2.452830718673834,2.452830718673834,0.0329976999744441,4,14,1,B97|CML322|HP301|Ki11,CML247|CML333|CML69|IL14H|Ki3|Ky21|M162W|Mo18W|Ms71|NC358|Oh43|Oh7b|P39|Tx303,E2F/DP,,,-0.552,Unknown,Rare (1-4),Mild down
chr1,228494853,Zm00001eb043450,-1.784514558719577,1.784514558719577,0.0468443117268101,6,13,0,B97|HP301|Mo18W|Ms71|Oh43|P39,CML247|CML277|CML322|CML333|CML69|IL14H|Ki11|Ki3|Ky21|M162W|NC358|Oh7b|Tx303,,XP_002464366.1 uncharacterized protein LOC8065156 [Sorghum bicolor],Function unknown,0.119,Unknown,Low (5-8),Stable
chr1,233018019,Zm00001eb044650,2.886499000041,2.886499000041,0.0234529107256379,6,8,5,B97|Ky21|M162W|Ms71|Oh43|Oh7b,CML247|CML322|CML333|HP301|Mo18W|NC358|P39|Tx303,ERF|LBD,"XP_002467010.1 protochlorophyllide reductase B, chloroplastic [Sorghum bicolor]","Secondary metabolites biosynthesis, transport and catabolism",-1.517,Redox/Metabolism,Low (5-8),Strong down
chr1,234151085,Zm00001eb044960,-1.4648802799572245,1.4648802799572245,0.0450283574693023,4,9,6,CML333|HP301|IL14H|Oh43,CML322|CML69|Ki11|Ki3|Ky21|Mo18W|Ms71|NC358|Oh7b,MYB_related|Trihelix,XP_002467027.1 uncharacterized protein LOC8065827 [Sorghum bicolor],Function unknown,0.001,Unknown,Rare (1-4),Stable
chr1,235137771,Zm00001eb045280,4.228606261614184,4.228606261614184,0.0388109050467402,3,16,0,B97|M162W|Oh7b,CML247|CML277|CML322|CML333|CML69|HP301|IL14H|Ki11|Ki3|Ky21|Mo18W|Ms71|NC358|Oh43|P39|Tx303,,XP_021306524.1 vacuolar protein sorting-associated protein 52 A isoform X1 [Sorghum bicolor],"Intracellular trafficking, secretion, and vesicular transport;Cytoskeleton",0.005,Other,Rare (1-4),Stable
chr1,235367280,Zm00001eb045370,2.976264698232123,2.976264698232123,0.0188111888111888,11,8,0,B97|CML247|CML277|CML322|CML333|CML69|IL14H|Ki3|Mo18W|Oh7b|Tx303,HP301|Ki11|Ky21|M162W|Ms71|NC358|Oh43|P39,,XP_002464463.2 uncharacterized protein LOC8067394 [Sorghum bicolor],,-0.09,Other,Medium (9-12),Stable
chr1,239371910,Zm00001eb046280,-1.8903427375092523,1.8903427375092523,0.0311895358527482,9,10,0,B97|CML277|IL14H|Ky21|M162W|Mo18W|Oh43|P39|Tx303,CML247|CML322|CML333|CML69|HP301|Ki11|Ki3|Ms71|NC358|Oh7b,C2H2|ERF|GRAS|HD-ZIP|MIKC_MADS|MYB_related|NAC,XP_052134140.1 E3 ubiquitin-protein ligase WAV3-like [Oryza glaberrima],"Posttranslational modification, protein turnover, chaperones",-1.538,Chaperone/HSP,Medium (9-12),Strong down
chr1,251130738,Zm00001eb048860,3.03060708710378,3.03060708710378,0.0315288257270529,4,15,0,CML322|CML333|IL14H|P39,B97|CML247|CML277|CML69|HP301|Ki11|Ki3|Ky21|M162W|Mo18W|Ms71|NC358|Oh43|Oh7b|Tx303,B3|NAC,XP_002464321.1 protein DETOXIFICATION 40 [Sorghum bicolor],Defense mechanisms,-1.819,Other,Rare (1-4),Strong down
chr1,254176253,Zm00001eb049730,-2.7451497712416173,2.7451497712416173,0.0304485214356458,4,14,1,Ki11|Ki3|Mo18W|NC358,B97|CML277|CML322|CML333|CML69|HP301|IL14H|Ky21|M162W|Ms71|Oh43|Oh7b|P39|Tx303,,XP_021314310.1 factor of DNA methylation 1 [Sorghum bicolor],Function unknown,1.603,Unknown,Rare (1-4),Strong up
chr1,261611654,Zm00001eb051580,-1.7412248383409954,1.7412248383409954,0.0450283574693023,11,7,1,B97|CML247|CML333|CML69|IL14H|Ki11|Ki3|Mo18W|Ms71|Oh7b|P39,CML277|CML322|Ky21|M162W|NC358|Oh43|Tx303,,XP_002464238.1 BTB/POZ domain-containing protein NPY4 [Sorghum bicolor],Function unknown,-0.109,Unknown,Medium (9-12),Stable
chr1,262493215,Zm00001eb051780,2.6326472771472624,2.6326472771472624,0.0387748524021069,6,12,1,CML277|CML322|Ky21|Ms71|Oh43|Tx303,B97|CML247|CML333|CML69|HP301|IL14H|Ki11|Ki3|Mo18W|NC358|Oh7b|P39,CAMTA|NAC,XP_002466829.1 uncharacterized protein LOC8062521 [Sorghum bicolor],Function unknown,0.204,Unknown,Low (5-8),Stable
chr1,264527680,Zm00001eb052270,2.0778879095474374,2.0778879095474374,0.0392961004179572,9,9,1,CML277|CML333|HP301|IL14H|Ki11|Ki3|Mo18W|NC358|P39,B97|CML247|CML322|CML69|Ky21|M162W|Ms71|Oh43|Oh7b,,XP_002466690.2 deoxyuridine 5'-triphosphate nucleotidohydrolase [Sorghum bicolor],Nucleotide transport and metabolism,-0.134,Kinase/Phosphorylation,Medium (9-12),Stable
chr1,266477700,Zm00001eb052940,1.9002833214490025,1.9002833214490025,0.0188111888111888,13,6,0,B97|CML247|CML277|CML322|HP301|IL14H|Ki11|M162W|Mo18W|Ms71|NC358|Oh43|Tx303,CML333|CML69|Ki3|Ky21|Oh7b|P39,,XP_002464152.1 rhomboid-like protein 15 isoform X1 [Sorghum bicolor],Function unknown,0.83,Unknown,High (13+),Mild up
chr1,277129800,Zm00001eb055720,2.346077363192974,2.346077363192974,0.0224509667547642,6,13,0,CML247|CML322|CML69|Ki3|Ky21|M162W,B97|CML277|CML333|HP301|IL14H|Ki11|Mo18W|Ms71|NC358|Oh43|Oh7b|P39|Tx303,,XP_021307524.1 random slug protein 5-like [Sorghum bicolor],Lipid transport and metabolism,-0.21,Other,Low (5-8),Stable
chr1,281863688,Zm00001eb056930,1.8450745007643008,1.8450745007643008,0.0450283574693023,8,10,1,CML333|CML69|Ki3|Ky21|Mo18W|Ms71|NC358|Oh7b,B97|CML247|CML277|CML322|HP301|IL14H|Ki11|M162W|Oh43|P39,C2H2|Dof|MYB|WOX,XP_021311613.1 stem-specific protein TSJT1-like [Sorghum bicolor],Function unknown,0.55,Unknown,Low (5-8),Mild up
chr1,287900267,Zm00001eb058750,-2.289258328627231,2.289258328627231,0.0188111888111888,9,10,0,B97|CML322|CML69|HP301|Ky21|NC358|Oh7b|P39|Tx303,CML247|CML277|CML333|IL14H|Ki11|Ki3|M162W|Mo18W|Ms71|Oh43,C2H2|ERF|GRAS|TALE,"XP_002463825.1 30S ribosomal protein S9, chloroplastic [Sorghum bicolor]","Translation, ribosomal structure and biogenesis",-0.483,Translation,Medium (9-12),Stable
chr1,303833607,Zm00001eb064000,2.7193341663871995,2.7193341663871995,0.0225486703409543,5,14,0,CML247|CML322|CML69|Ki3|Mo18W,B97|CML277|CML333|HP301|IL14H|Ki11|Ky21|M162W|Ms71|NC358|Oh43|Oh7b|P39|Tx303,ARF|NAC,"XP_002463547.1 prohibitin-1, mitochondrial [Sorghum bicolor]","Posttranslational modification, protein turnover, chaperones",0.745,Chaperone/HSP,Low (5-8),Mild up
chr1,304254031,Zm00001eb064190,3.4095005292035405,3.4095005292035405,0.0188111888111888,9,10,0,CML333|HP301|Ki11|Ky21|Mo18W|Ms71|Oh7b|P39|Tx303,B97|CML247|CML277|CML322|CML69|IL14H|Ki3|M162W|NC358|Oh43,,XP_002463535.1 poly(ADP-ribose) glycohydrolase 1 [Sorghum bicolor],Signal transduction mechanisms,0.677,Signal transduction,Medium (9-12),Mild up
chr1,304701394,Zm00001eb064350,2.4350892059607414,2.4350892059607414,0.0353818048958713,4,14,1,CML322|HP301|Ki11|M162W,B97|CML247|CML277|CML333|CML69|Ki3|Ky21|Mo18W|Ms71|NC358|Oh43|Oh7b|P39|Tx303,CAMTA,XP_021302996.1 LOW QUALITY PROTEIN: pirin-like protein [Sorghum bicolor],Function unknown,-0.67,Unknown,Rare (1-4),Mild down
chr1,305701303,Zm00001eb064670,-2.9504195754854488,2.9504195754854488,0.0450283574693023,11,5,3,CML277|CML69|IL14H|Ki11|M162W|Ms71|NC358|Oh43|Oh7b|P39|Tx303,CML247|CML322|HP301|Ky21|Mo18W,,XP_002466086.1 pantoate--beta-alanine ligase [Sorghum bicolor],Coenzyme transport and metabolism,0.167,Biosynthesis,Medium (9-12),Stable
chr1,306411699,Zm00001eb064930,-4.1461282108010815,4.1461282108010815,0.0203714572407656,5,14,0,HP301|IL14H|Ky21|P39|Tx303,B97|CML247|CML277|CML322|CML333|CML69|Ki11|Ki3|M162W|Mo18W|Ms71|NC358|Oh43|Oh7b,,XP_002466067.2 ATP-dependent DNA helicase 2 subunit KU80 [Sorghum bicolor],"Replication, recombination and repair",0.737,Other,Low (5-8),Mild up
chr2,17283394,Zm00001eb073610,6.02706750847857,6.02706750847857,0.039548112582254,6,13,0,B97|CML333|IL14H|Ki11|Ky21|Ms71,CML247|CML277|CML322|CML69|HP301|Ki3|M162W|Mo18W|NC358|Oh43|Oh7b|P39|Tx303,LBD|NAC|TALE|bHLH|bZIP,XP_024318238.1 F-box protein PP2-A13 isoform X2 [Brachypodium distachyon],Function unknown,-2.359,Unknown,Low (5-8),Strong down
chr2,19112501,Zm00001eb074030,-5.03145492976556,5.03145492976556,0.0234529107256379,5,13,1,CML322|CML69|IL14H|M162W|NC358,B97|CML247|CML277|CML333|HP301|Ki11|Ki3|Ky21|Mo18W|Ms71|Oh43|Oh7b|Tx303,C2H2|NAC|Trihelix,XP_004976496.1 lysine histidine transporter-like 8 [Setaria italica],Amino acid transport and metabolism,-0.479,Transporter,Low (5-8),Stable
chr2,36159238,Zm00001eb078890,-2.040393037676521,2.040393037676521,0.0381565695967318,11,8,0,CML277|CML322|HP301|IL14H|Ki3|Ky21|Ms71|Oh43|Oh7b|P39|Tx303,B97|CML247|CML333|CML69|Ki11|M162W|Mo18W|NC358,MYB,XP_002446711.1 ankyrin-3 [Sorghum bicolor],Function unknown,1.305,Unknown,Medium (9-12),Strong up
chr2,38576363,Zm00001eb079420,5.825883962535814,5.825883962535814,0.0497278422512067,3,16,0,IL14H|Ky21|P39,B97|CML247|CML277|CML322|CML333|CML69|HP301|Ki11|Ki3|M162W|Mo18W|Ms71|NC358|Oh43|Oh7b|Tx303,,XP_002446676.1 uncharacterized protein LOC8058730 [Sorghum bicolor],Lipid transport and metabolism,0.455,Other,Rare (1-4),Stable
chr2,42789655,Zm00001eb080510,-4.4901050570846515,4.4901050570846515,0.0234529107256379,6,13,0,B97|CML69|Ki11|Ky21|M162W|Oh7b,CML247|CML277|CML322|CML333|HP301|IL14H|Ki3|Mo18W|Ms71|NC358|Oh43|P39|Tx303,C2H2|Dof|MIKC_MADS,"XP_021318573.1 anthranilate synthase beta subunit 1, chloroplastic-like [Sorghum bicolor]",Amino acid transport and metabolism,-1.021,Biosynthesis,Low (5-8),Strong down
chr2,44929408,Zm00001eb081030,1.9362284424257552,1.9362284424257552,0.036684875254756,6,13,0,B97|CML277|HP301|Ki11|M162W|NC358,CML247|CML322|CML333|CML69|IL14H|Ki3|Ky21|Mo18W|Ms71|Oh43|Oh7b|P39|Tx303,ERF|TALE|TCP,XP_004975826.1 PLAT domain-containing protein 3 [Setaria italica],Function unknown,1.569,Unknown,Low (5-8),Strong up
chr2,140544189,Zm00001eb091780,2.4401060658236484,2.4401060658236484,0.0315767463870279,6,13,0,B97|CML322|CML69|IL14H|Ms71|NC358,CML247|CML277|CML333|HP301|Ki11|Ki3|Ky21|M162W|Mo18W|Oh43|Oh7b|P39|Tx303,,XP_002450376.1 V-type proton ATPase 16 kDa proteolipid subunit [Sorghum bicolor],Energy production and conversion,1.192,Other,Low (5-8),Strong up
chr2,154488990,Zm00001eb093670,-2.0751231582939025,2.0751231582939025,0.0387748524021069,6,13,0,CML247|CML277|CML322|CML69|IL14H|NC358,B97|CML333|HP301|Ki11|Ki3|Ky21|M162W|Mo18W|Ms71|Oh43|Oh7b|P39|Tx303,C2H2|CPP|MYB,XP_021317511.1 protein SCARECROW [Sorghum bicolor],Transcription,-0.68,Other,Low (5-8),Mild down
chr2,157667489,Zm00001eb094220,-3.2553440919204037,3.2553440919204037,0.0188111888111888,12,7,0,CML247|CML277|CML333|CML69|HP301|Ki11|Ki3|Ky21|Mo18W|NC358|Oh43|Tx303,B97|CML322|IL14H|M162W|Ms71|Oh7b|P39,,XP_002450102.1 ubiquitin-activating enzyme E1 1 [Sorghum bicolor],"Posttranslational modification, protein turnover, chaperones",0.64,Chaperone/HSP,Medium (9-12),Mild up
chr2,193988864,Zm00001eb101450,2.771010529896668,2.771010529896668,0.0203714572407656,5,14,0,B97|CML322|Ky21|M162W|Ms71,CML247|CML277|CML333|CML69|HP301|IL14H|Ki11|Ki3|Mo18W|NC358|Oh43|Oh7b|P39|Tx303,C2H2|Dof|M-type_MADS|MIKC_MADS|MYB|NAC,XP_021309232.1 putative serine carboxypeptidase-like 23 [Sorghum bicolor],"Amino acid transport and metabolism;Posttranslational modification, protein turnover, chaperones",-0.744,Chaperone/HSP,Low (5-8),Mild down
chr2,195634230,Zm00001eb102050,2.633437955533686,2.633437955533686,0.0242656085696916,10,9,0,CML247|CML277|CML322|CML333|CML69|IL14H|M162W|NC358|P39|Tx303,B97|HP301|Ki11|Ki3|Ky21|Mo18W|Ms71|Oh43|Oh7b,C2H2|Dof|ERF|GRAS|M-type_MADS|MIKC_MADS|MYB|Trihelix,XP_021308234.1 titin homolog [Sorghum bicolor],Function unknown,0.229,Unknown,Medium (9-12),Stable
chr2,205132586,Zm00001eb104710,-1.991401602261453,1.991401602261453,0.0188111888111888,8,11,0,B97|CML277|CML333|Ki11|Ki3|Oh43|Oh7b|Tx303,CML247|CML322|CML69|HP301|IL14H|Ky21|M162W|Mo18W|Ms71|NC358|P39,Trihelix,XP_021307826.1 mitochondrial amidoxime reducing component 2-like [Sorghum bicolor],Function unknown,0.954,Unknown,Low (5-8),Mild up
chr2,211536463,Zm00001eb106770,2.4188644177408363,2.4188644177408363,0.0338267581908725,8,10,1,CML69|HP301|Ki3|M162W|Mo18W|Oh43|Oh7b|P39,CML247|CML277|CML322|CML333|IL14H|Ki11|Ky21|Ms71|NC358|Tx303,B3|Trihelix,"XP_021309466.1 ABC1 family protein YPL109C, mitochondrial-like [Sorghum bicolor]",Function unknown,0.892,Unknown,Low (5-8),Mild up
chr2,216734256,Zm00001eb108620,2.3199534970626376,2.3199534970626376,0.039548112582254,12,5,2,B97|CML247|CML277|HP301|IL14H|Ki3|M162W|Mo18W|Ms71|NC358|P39|Tx303,CML322|CML333|CML69|Ki11|Ky21,C2H2,XP_004960457.1 mitogen-activated protein kinase 14 isoform X1 [Setaria italica],Signal transduction mechanisms,-0.162,Kinase/Phosphorylation,Medium (9-12),Stable
chr2,219580380,Zm00001eb109880,-2.6829275490183595,2.6829275490183595,0.0388109050467402,4,15,0,CML333|Ki11|Ky21|Mo18W,B97|CML247|CML277|CML322|CML69|HP301|IL14H|Ki3|M162W|Ms71|NC358|Oh43|Oh7b|P39|Tx303,,XP_002463265.1 xylulose kinase [Sorghum bicolor],Carbohydrate transport and metabolism,0.546,Kinase/Phosphorylation,Rare (1-4),Mild up
chr2,231497576,Zm00001eb113870,-2.662415610472837,2.662415610472837,0.0234529107256379,11,6,2,CML247|CML277|CML322|CML333|CML69|HP301|Ki11|Ki3|M162W|Mo18W|NC358,IL14H|Ky21|Ms71|Oh43|Oh7b|P39,,XP_002450931.1 maf-like protein DDB_G0281937 isoform X4 [Sorghum bicolor],"Cell cycle control, cell division, chromosome partitioning",-0.795,Other,Medium (9-12),Mild down
chr2,231633353,Zm00001eb113900,-2.2053015643042735,2.2053015643042735,0.0234529107256379,5,10,4,CML277|CML69|Ki11|M162W|Mo18W,B97|CML333|IL14H|Ky21|Ms71|NC358|Oh43|Oh7b|P39|Tx303,,XP_052137290.1 disease resistance protein RGA5-like [Oryza glaberrima],Signal transduction mechanisms,0.187,Signal transduction,Low (5-8),Stable
chr2,235230798,Zm00001eb115000,3.363154782404735,3.363154782404735,0.0423031419387483,3,16,0,Ky21|NC358|Tx303,B97|CML247|CML277|CML322|CML333|CML69|HP301|IL14H|Ki11|Ki3|M162W|Mo18W|Ms71|Oh43|Oh7b|P39,G2-like|HD-ZIP|MYB_related,XP_002449815.1 ABC transporter F family member 5 [Sorghum bicolor],Function unknown,0.781,Transporter,Rare (1-4),Mild up
chr2,240665648,Zm00001eb117460,-3.3114651472125205,3.3114651472125205,0.0188111888111888,7,12,0,CML322|CML333|CML69|Ki11|Ky21|Mo18W|NC358,B97|CML247|CML277|HP301|IL14H|Ki3|M162W|Ms71|Oh43|Oh7b|P39|Tx303,C2H2|MYB,XP_002459360.1 putative deoxyribonuclease TATDN1 isoform X1 [Sorghum bicolor],"Replication, recombination and repair",0.532,Other,Low (5-8),Mild up
chr3,13645592,Zm00001eb123270,2.1331547323847975,2.1331547323847975,0.0450283574693023,5,12,2,B97|CML322|Ki3|Ky21|Ms71,CML247|CML277|CML333|CML69|IL14H|Ki11|M162W|Mo18W|NC358|Oh43|Oh7b|Tx303,LFY|MYB|bHLH,XP_002455126.1 mini-chromosome maintenance complex-binding protein [Sorghum bicolor],Function unknown,1.693,Unknown,Low (5-8),Strong up
chr3,17092334,Zm00001eb124200,3.919858817262583,3.919858817262583,0.0188111888111888,8,11,0,CML247|CML333|Ki11|Ki3|Ky21|M162W|NC358|Oh7b,B97|CML277|CML322|CML69|HP301|IL14H|Mo18W|Ms71|Oh43|P39|Tx303,G2-like|MIKC_MADS|MYB_related|NAC,XP_002457348.1 putative 4-hydroxy-4-methyl-2-oxoglutarate aldolase 2 [Sorghum bicolor],Coenzyme transport and metabolism,0.224,Other,Low (5-8),Stable
chr3,34672994,Zm00001eb127420,2.8313009384028605,2.8313009384028605,0.0219377080393704,9,10,0,B97|CML247|CML322|CML333|CML69|Ki3|M162W|Ms71|Oh43,CML277|HP301|IL14H|Ki11|Ky21|Mo18W|NC358|Oh7b|P39|Tx303,,XP_002457566.1 probable transcription factor At3g04930 [Sorghum bicolor],Function unknown,-0.425,Transcription factor,Medium (9-12),Stable
chr3,136849723,Zm00001eb138110,-1.263909830112649,1.263909830112649,0.0294052452107163,9,10,0,B97|CML333|CML69|HP301|Ki11|Ki3|Mo18W|Ms71|NC358,CML247|CML277|CML322|IL14H|Ky21|M162W|Oh43|Oh7b|P39|Tx303,MYB|TALE|bHLH,"XP_002442178.1 glycine-rich RNA-binding protein 2, mitochondrial [Sorghum bicolor]",RNA processing and modification,0.504,Other,Medium (9-12),Mild up
chr3,170697399,Zm00001eb144320,3.130841108192741,3.130841108192741,0.0226429045486012,6,13,0,CML322|HP301|Ky21|Ms71|Oh43|Oh7b,B97|CML247|CML277|CML333|CML69|IL14H|Ki11|Ki3|M162W|Mo18W|NC358|P39|Tx303,,XP_002456801.1 uncharacterized protein LOC8056129 isoform X4 [Sorghum bicolor],Function unknown,-1.789,Unknown,Low (5-8),Strong down
chr3,191054457,Zm00001eb149750,3.470762782045816,3.470762782045816,0.0188111888111888,6,13,0,IL14H|Ki11|Ki3|NC358|Oh7b|P39,B97|CML247|CML277|CML322|CML333|CML69|HP301|Ky21|M162W|Mo18W|Ms71|Oh43|Tx303,,XP_002458679.1 transmembrane protein 56-B [Sorghum bicolor],Signal transduction mechanisms,0.09,Signal transduction,Low (5-8),Stable
chr3,199143750,Zm00001eb152120,3.5931912782003255,3.5931912782003255,0.0234529107256379,4,15,0,CML277|CML322|M162W|NC358,B97|CML247|CML333|CML69|HP301|IL14H|Ki11|Ki3|Ky21|Mo18W|Ms71|Oh43|Oh7b|P39|Tx303,,,,0.175,Unknown,Rare (1-4),Stable
chr3,202471379,Zm00001eb153020,-2.0950216625681706,2.0950216625681706,0.0207280059247336,12,7,0,CML247|CML277|CML322|CML333|CML69|Ki11|Ki3|M162W|Mo18W|Oh43|Oh7b|Tx303,B97|HP301|IL14H|Ky21|Ms71|NC358|P39,EIL|MYB_related,XP_002456349.1 uncharacterized protein LOC8075566 isoform X3 [Sorghum bicolor],Function unknown,0.123,Unknown,Medium (9-12),Stable
chr3,203762192,Zm00001eb153460,-3.7848065277793816,3.7848065277793816,0.0304485214356458,12,5,2,B97|CML277|CML322|CML333|HP301|Ky21|M162W|Ms71|NC358|Oh7b|P39|Tx303,CML69|IL14H|Ki11|Ki3|Oh43,,XP_004969966.1 3-hydroxyisobutyryl-CoA hydrolase-like protein 5 [Setaria italica],Lipid transport and metabolism,0.416,Other,Medium (9-12),Stable
chr3,204399824,Zm00001eb153580,1.862591488812747,1.862591488812747,0.0311749805466796,7,12,0,B97|CML333|HP301|Ky21|M162W|Ms71|Oh7b,CML247|CML277|CML322|CML69|IL14H|Ki11|Ki3|Mo18W|NC358|Oh43|P39|Tx303,,XP_021313584.1 uncharacterized protein LOC8062173 isoform X1 [Sorghum bicolor],Function unknown,0.396,Unknown,Low (5-8),Stable
chr3,204800583,Zm00001eb153760,-1.9868312836539712,1.9868312836539712,0.0457762769549841,6,13,0,CML277|IL14H|Ki3|Mo18W|Oh43|Oh7b,B97|CML247|CML322|CML333|CML69|HP301|Ki11|Ky21|M162W|Ms71|NC358|P39|Tx303,AP2|SBP,XP_004969894.1 profilin-A [Setaria italica],Cytoskeleton,-2.303,Other,Low (5-8),Strong down
chr3,222949722,Zm00001eb159400,1.7755265048836455,1.7755265048836455,0.0234529107256379,14,5,0,B97|CML247|CML277|CML322|CML333|CML69|Ki11|Ki3|Ky21|M162W|Mo18W|NC358|Oh7b|Tx303,HP301|IL14H|Ms71|Oh43|P39,,XP_002455982.1 kinesin-like protein KIN-13B [Sorghum bicolor],Cytoskeleton,-1.004,Other,High (13+),Strong down
chr3,223345700,Zm00001eb159550,-2.041224938227776,2.041224938227776,0.0381565695967318,7,12,0,B97|IL14H|Ky21|M162W|NC358|P39|Tx303,CML247|CML277|CML322|CML333|CML69|HP301|Ki11|Ki3|Mo18W|Ms71|Oh43|Oh7b,ERF|TALE|TCP,XP_021313191.1 uncharacterized protein LOC8084846 isoform X1 [Sorghum bicolor],Function unknown,-0.468,Unknown,Low (5-8),Stable
chr3,228195173,Zm00001eb161090,-1.882268508015435,1.882268508015435,0.0457559221875363,10,9,0,CML277|HP301|IL14H|Ki11|Ky21|M162W|Ms71|Oh43|Oh7b|P39,B97|CML247|CML322|CML333|CML69|Ki3|Mo18W|NC358|Tx303,,,,0.445,Unknown,Medium (9-12),Stable
chr3,229581278,Zm00001eb161610,1.8960871063937228,1.8960871063937228,0.0457762769549841,6,13,0,CML69|IL14H|Ky21|M162W|Ms71|P39,B97|CML247|CML277|CML322|CML333|HP301|Ki11|Ki3|Mo18W|NC358|Oh43|Oh7b|Tx303,MYB|MYB_related|Trihelix,XP_003569323.1 dnaJ homolog subfamily B member 3 [Brachypodium distachyon],"Posttranslational modification, protein turnover, chaperones",-0.389,Chaperone/HSP,Low (5-8),Stable
chr3,236713284,Zm00001eb163880,-1.6116800895543422,1.6116800895543422,0.0497278422512067,3,16,0,Ms71|Oh43|P39,B97|CML247|CML277|CML322|CML333|CML69|HP301|IL14H|Ki11|Ki3|Ky21|M162W|Mo18W|NC358|Oh7b|Tx303,,XP_004978531.1 non-specific lipid-transfer protein 1 [Setaria italica],Carbohydrate transport and metabolism,1.22,Other,Rare (1-4),Strong up
chr4,38328395,Zm00001eb173230,-3.241273396577517,3.241273396577517,0.0188111888111888,7,10,2,CML69|Ki11|Ki3|Ky21|Ms71|Oh43|Oh7b,B97|CML247|CML277|CML322|CML333|HP301|M162W|Mo18W|NC358|Tx303,CPP|HSF,XP_021320645.1 uncharacterized protein LOC8066142 [Sorghum bicolor],Function unknown,0.07,Unknown,Low (5-8),Stable
chr4,140997057,Zm00001eb184420,-1.9690909751485175,1.9690909751485175,0.0388109050467402,12,7,0,CML247|CML322|CML333|IL14H|Ki11|Ky21|M162W|Mo18W|Ms71|Oh43|P39|Tx303,B97|CML277|CML69|HP301|Ki3|NC358|Oh7b,CAMTA|HD-ZIP|TALE,XP_021314923.1 uncharacterized protein LOC110434669 [Sorghum bicolor],Function unknown,-0.332,Unknown,Medium (9-12),Stable
chr4,177063328,Zm00001eb191640,1.9085448636469893,1.9085448636469893,0.0387748524021069,7,12,0,CML247|CML277|CML69|HP301|M162W|Oh43|Tx303,B97|CML322|CML333|IL14H|Ki11|Ki3|Ky21|Mo18W|Ms71|NC358|Oh7b|P39,,,,-0.075,Unknown,Low (5-8),Stable
chr4,179998271,Zm00001eb192630,2.0988799051206235,2.0988799051206235,0.0287459703991308,5,14,0,B97|CML69|NC358|Oh43|Oh7b,CML247|CML277|CML322|CML333|HP301|IL14H|Ki11|Ki3|Ky21|M162W|Mo18W|Ms71|P39|Tx303,ERF|SBP|TALE,XP_002452962.1 T-complex protein 1 subunit alpha [Sorghum bicolor],"Posttranslational modification, protein turnover, chaperones",0.417,Chaperone/HSP,Low (5-8),Stable
chr4,230230774,Zm00001eb203840,2.021757317443369,2.021757317443369,0.0443649214070538,10,9,0,B97|CML277|CML322|CML69|Ki11|Ki3|Mo18W|NC358|Oh43|Tx303,CML247|CML333|HP301|IL14H|Ky21|M162W|Ms71|Oh7b|P39,,XP_004951269.1 BTB/POZ domain-containing protein POB1 isoform X2 [Setaria italica],Function unknown,0.858,Unknown,Medium (9-12),Mild up
chr4,246091770,Zm00001eb207970,1.0557784988231242,1.0557784988231242,0.0338267581908725,8,11,0,CML247|CML277|CML322|CML333|HP301|IL14H|M162W|P39,B97|CML69|Ki11|Ki3|Ky21|Mo18W|Ms71|NC358|Oh43|Oh7b|Tx303,CPP|MYB_related|NAC,,,0.343,Unknown,Low (5-8),Stable
chr4,248093954,Zm00001eb209100,2.161064757111342,2.161064757111342,0.0315288257270529,5,13,1,CML277|M162W|Mo18W|Oh43|P39,B97|CML247|CML333|CML69|HP301|IL14H|Ki11|Ki3|Ky21|Ms71|NC358|Oh7b|Tx303,,XP_002451489.2 phosphatidylinositol/phosphatidylcholine transfer protein SFH6 isoform X1 [Sorghum bicolor],Lipid transport and metabolism,0.225,Kinase/Phosphorylation,Low (5-8),Stable
chr5,4631545,Zm00001eb213050,2.251004547954921,2.251004547954921,0.0225486703409543,13,6,0,CML247|CML277|CML322|CML333|CML69|HP301|Ki11|Ki3|Mo18W|NC358|Oh7b|P39|Tx303,B97|IL14H|Ky21|M162W|Ms71|Oh43,,XP_004981444.1 uncharacterized protein LOC101773895 [Setaria italica],,0.552,Other,High (13+),Mild up
chr5,7313087,Zm00001eb214630,-3.4581827083427767,3.4581827083427767,0.0315288257270529,5,14,0,CML69|IL14H|Ms71|NC358|Tx303,B97|CML247|CML277|CML322|CML333|HP301|Ki11|Ki3|Ky21|M162W|Mo18W|Oh43|Oh7b|P39,,XP_002463860.1 LRR receptor-like serine/threonine-protein kinase RPK2 [Sorghum bicolor],Signal transduction mechanisms,0.46,Kinase/Phosphorylation,Low (5-8),Stable
chr5,11366019,Zm00001eb216260,-1.9821950667001171,1.9821950667001171,0.0388109050467402,10,9,0,CML247|CML277|HP301|IL14H|Ky21|M162W|Mo18W|NC358|P39|Tx303,B97|CML322|CML333|CML69|Ki11|Ki3|Ms71|Oh43|Oh7b,,"XP_002466576.1 phosphoglucomutase, cytoplasmic 2 [Sorghum bicolor]",Carbohydrate transport and metabolism,-0.591,Other,Medium (9-12),Mild down
chr5,15259532,Zm00001eb217870,3.923326174257188,3.923326174257188,0.0188111888111888,11,7,1,CML247|CML333|CML69|HP301|IL14H|Ki11|Ki3|Mo18W|Oh43|Oh7b|P39,CML277|CML322|Ky21|M162W|Ms71|NC358|Tx303,G2-like|HSF|LBD|MYB_related|TALE,,,0.542,Unknown,Medium (9-12),Mild up
chr5,16163710,Zm00001eb218270,1.4031557575826,1.4031557575826,0.0450283574693023,9,10,0,CML247|HP301|IL14H|Ky21|M162W|Ms71|Oh43|Oh7b|P39,B97|CML277|CML322|CML333|CML69|Ki11|Ki3|Mo18W|NC358|Tx303,,"XP_003561615.1 protein PHOTOSYSTEM I ASSEMBLY 2, chloroplastic isoform X1 [Brachypodium distachyon]",Function unknown,-1.315,Unknown,Medium (9-12),Strong down
chr5,19678594,Zm00001eb219260,2.4181354041796936,2.4181354041796936,0.0294052452107163,9,10,0,CML322|HP301|IL14H|Ki11|Ky21|Ms71|NC358|Oh43|Oh7b,B97|CML247|CML277|CML333|CML69|Ki3|M162W|Mo18W|P39|Tx303,ERF,XP_002464259.1 peptidyl-prolyl cis-trans isomerase E [Sorghum bicolor],RNA processing and modification,1.471,Other,Medium (9-12),Strong up
chr5,36348038,Zm00001eb223240,-4.424017322842078,4.424017322842078,0.0497278422512067,3,16,0,CML247|CML333|Ms71,B97|CML277|CML322|CML69|HP301|IL14H|Ki11|Ki3|Ky21|M162W|Mo18W|NC358|Oh43|Oh7b|P39|Tx303,C2H2|Dof|GRAS|MIKC_MADS|TALE,XP_004983151.1 cyclic dof factor 1 [Setaria italica],Chromatin structure and dynamics,-0.046,Chromatin/Epigenetic,Rare (1-4),Stable
chr5,62145381,Zm00001eb227820,2.282344077627493,2.282344077627493,0.0269464077021537,4,13,2,IL14H|Oh43|Oh7b|P39,B97|CML247|CML277|CML322|CML333|HP301|Ki11|Ki3|Ky21|M162W|Mo18W|NC358|Tx303,ARF|C2H2|LBD|TALE,XP_021305660.1 uncharacterized protein LOC8065616 isoform X2 [Sorghum bicolor],,0.493,Other,Rare (1-4),Stable
chr5,66029051,Zm00001eb228660,-1.667096797464452,1.667096797464452,0.0311749805466796,8,11,0,CML247|CML277|HP301|IL14H|Ki11|Ki3|NC358|P39,B97|CML322|CML333|CML69|Ky21|M162W|Mo18W|Ms71|Oh43|Oh7b|Tx303,,XP_002437637.1 epidermal growth factor receptor substrate 15-like 1 isoform X1 [Sorghum bicolor],"Signal transduction mechanisms;Intracellular trafficking, secretion, and vesicular transport",0.437,Signal transduction,Low (5-8),Stable
chr5,92095945,Zm00001eb233850,1.9864140091878009,1.9864140091878009,0.0315288257270529,12,7,0,CML247|CML322|CML333|CML69|HP301|Ki11|M162W|Mo18W|Ms71|Oh43|P39|Tx303,B97|CML277|IL14H|Ki3|Ky21|NC358|Oh7b,CPP|EIL|G2-like|GATA|HD-ZIP|M-type_MADS|MYB|WOX|YABBY,XP_021315406.1 RING-H2 finger protein ATL56 [Sorghum bicolor],"Posttranslational modification, protein turnover, chaperones",0.364,Chaperone/HSP,Medium (9-12),Stable
chr5,142502511,Zm00001eb238000,-2.1498615631079714,2.1498615631079714,0.0207280059247336,11,8,0,B97|CML322|CML333|CML69|IL14H|Ki11|Ky21|Mo18W|Ms71|NC358|Tx303,CML247|CML277|HP301|Ki3|M162W|Oh43|Oh7b|P39,,XP_004951275.1 hornerin [Setaria italica],,-0.072,Other,Medium (9-12),Stable
chr5,166109809,Zm00001eb241520,2.556548502981683,2.556548502981683,0.0315288257270529,4,15,0,CML69|Ki11|Mo18W|Tx303,B97|CML247|CML277|CML322|CML333|HP301|IL14H|Ki3|Ky21|M162W|Ms71|NC358|Oh43|Oh7b|P39,,XP_002452130.1 uncharacterized protein LOC8056066 isoform X2 [Sorghum bicolor],Function unknown,1.031,Unknown,Rare (1-4),Strong up
chr5,167284817,Zm00001eb241810,-2.3548519731405695,2.3548519731405695,0.0388109050467402,16,3,0,B97|CML247|CML322|CML333|HP301|IL14H|Ki11|Ki3|Ky21|M162W|Ms71|NC358|Oh43|Oh7b|P39|Tx303,CML277|CML69|Mo18W,ARF|B3|ERF|NAC|TALE|TCP|bZIP,"XP_004952560.1 acetolactate synthase 1, chloroplastic [Setaria italica]",Amino acid transport and metabolism;Coenzyme transport and metabolism,-0.34,Biosynthesis,High (13+),Stable
chr5,168023778,Zm00001eb241920,-1.2653464595362245,1.2653464595362245,0.0188111888111888,6,13,0,CML247|CML277|CML333|NC358|P39|Tx303,B97|CML322|CML69|HP301|IL14H|Ki11|Ki3|Ky21|M162W|Mo18W|Ms71|Oh43|Oh7b,,"XP_002452163.1 glycerophosphodiester phosphodiesterase GDPD1, chloroplastic [Sorghum bicolor]",Energy production and conversion,-1.643,Other,Low (5-8),Strong down
chr5,221117231,Zm00001eb257390,2.3146076263908677,2.3146076263908677,0.0457762769549841,5,8,6,B97|CML322|Ki11|Ki3|P39,CML333|CML69|HP301|IL14H|Mo18W|Ms71|Oh7b|Tx303,CAMTA|CPP|NAC,XP_002452946.2 uncharacterized protein LOC8081959 [Sorghum bicolor],"Posttranslational modification, protein turnover, chaperones",0.022,Chaperone/HSP,Low (5-8),Stable
chr5,224510508,Zm00001eb259140,1.6340462164675218,1.6340462164675218,0.0348152462305054,13,5,1,CML247|CML277|CML333|HP301|Ki11|Ki3|Ky21|M162W|Mo18W|NC358|Oh43|Oh7b|P39,B97|CML322|CML69|IL14H|Ms71,,XP_002454796.1 uncharacterized protein LOC8055324 [Sorghum bicolor],,0.489,Other,High (13+),Stable
chr6,50584394,Zm00001eb267380,4.525144469814204,4.525144469814204,0.0387748524021069,11,8,0,B97|CML247|CML277|CML333|IL14H|M162W|Mo18W|Ms71|Oh7b|P39|Tx303,CML322|CML69|HP301|Ki11|Ki3|Ky21|NC358|Oh43,MYB,XP_004960573.2 MACPF domain-containing protein At4g24290 [Setaria italica],Function unknown,0.998,Unknown,Medium (9-12),Mild up
chr6,71518134,Zm00001eb269310,-2.1641728756155523,2.1641728756155523,0.0497278422512067,3,16,0,CML277|Mo18W|Tx303,B97|CML247|CML322|CML333|CML69|HP301|IL14H|Ki11|Ki3|Ky21|M162W|Ms71|NC358|Oh43|Oh7b|P39,MYB,XP_021305767.1 probable transcriptional regulator SLK2 [Sorghum bicolor],Transcription,0.35,Other,Rare (1-4),Stable
chr6,82204827,Zm00001eb270660,-2.357363701868566,2.357363701868566,0.0226429045486012,10,8,1,CML247|CML277|CML322|CML333|CML69|IL14H|Ki11|M162W|Mo18W|NC358,B97|HP301|Ki3|Ky21|Ms71|Oh43|Oh7b|P39,,XP_002436481.1 nucleosome assembly protein 1;1 [Sorghum bicolor],"Chromatin structure and dynamics;Cell cycle control, cell division, chromosome partitioning",0.53,Chromatin/Epigenetic,Medium (9-12),Mild up
chr6,117591379,Zm00001eb278070,-1.5037420375863468,1.5037420375863468,0.0423031419387483,3,16,0,CML247|Ki11|Ki3,B97|CML277|CML322|CML333|CML69|HP301|IL14H|Ky21|M162W|Mo18W|Ms71|NC358|Oh43|Oh7b|P39|Tx303,C2H2|Dof|HD-ZIP|NAC|TCP,XP_002438462.1 ubiquitin-conjugating enzyme E2 28 [Sorghum bicolor],"Posttranslational modification, protein turnover, chaperones",0.93,Chaperone/HSP,Rare (1-4),Mild up
chr6,138884889,Zm00001eb282960,1.343075589730851,1.343075589730851,0.0387748524021069,5,13,1,B97|CML247|CML69|Ky21|Mo18W,CML277|CML322|HP301|IL14H|Ki11|Ki3|M162W|Ms71|NC358|Oh43|Oh7b|P39|Tx303,ARR-B|C2H2|Dof|G2-like,XP_004969597.1 60S ribosomal protein L13-2 [Setaria italica],"Translation, ribosomal structure and biogenesis",0.355,Translation,Low (5-8),Stable
chr6,156454369,Zm00001eb287610,-3.203902110132901,3.203902110132901,0.0313427082071922,9,10,0,B97|CML333|HP301|Ky21|M162W|Mo18W|Ms71|NC358|Oh7b,CML247|CML277|CML322|CML69|IL14H|Ki11|Ki3|Oh43|P39|Tx303,,XP_021302969.1 BI1-like protein [Sorghum bicolor],Signal transduction mechanisms,0.591,Signal transduction,Medium (9-12),Mild up
chr6,158295494,Zm00001eb288130,2.150577722344607,2.150577722344607,0.0294052452107163,6,12,1,CML277|Ky21|Mo18W|Ms71|NC358|P39,B97|CML247|CML322|CML333|CML69|HP301|IL14H|Ki3|M162W|Oh43|Oh7b|Tx303,C2H2|GRAS|MIKC_MADS|TALE,XP_002441100.1 probably inactive leucine-rich repeat receptor-like protein kinase At5g48380 [Sorghum bicolor],Signal transduction mechanisms,0.469,Kinase/Phosphorylation,Low (5-8),Stable
chr6,162420882,Zm00001eb289530,2.2084959121108656,2.2084959121108656,0.0304485214356458,9,10,0,B97|CML333|HP301|Ki11|Ky21|M162W|Oh43|P39|Tx303,CML247|CML277|CML322|CML69|IL14H|Ki3|Mo18W|Ms71|NC358|Oh7b,,XP_002439908.1 protein YIPF1 homolog [Sorghum bicolor],Function unknown,0.241,Unknown,Medium (9-12),Stable
chr6,171169950,Zm00001eb293310,-2.6627355488071776,2.6627355488071776,0.0311749805466796,5,14,0,CML247|CML277|HP301|Mo18W|Tx303,B97|CML322|CML333|CML69|IL14H|Ki11|Ki3|Ky21|M162W|Ms71|NC358|Oh43|Oh7b|P39,MIKC_MADS|NAC|bZIP,"XP_004961417.1 chaperone protein dnaJ C76, chloroplastic [Setaria italica]","Posttranslational modification, protein turnover, chaperones",0.423,Chaperone/HSP,Low (5-8),Stable
chr6,174632784,Zm00001eb295120,1.8619740594255063,1.8619740594255063,0.0468443117268101,12,6,1,B97|CML247|IL14H|Ki11|Ki3|Ky21|M162W|Mo18W|Ms71|Oh43|Oh7b|Tx303,CML277|CML322|CML333|CML69|HP301|P39,ERF|MYB|NAC|SBP,XP_002440211.1 CDP-diacylglycerol--serine O-phosphatidyltransferase 2 [Sorghum bicolor],Lipid transport and metabolism,0.85,Kinase/Phosphorylation,Medium (9-12),Mild up
chr6,174715533,Zm00001eb295170,1.8153955865546871,1.8153955865546871,0.0469889514825974,5,14,0,CML69|Ki3|Ky21|NC358|Tx303,B97|CML247|CML277|CML322|CML333|HP301|IL14H|Ki11|M162W|Mo18W|Ms71|Oh43|Oh7b|P39,,XP_002440213.1 serine/threonine protein phosphatase 2A 57 kDa regulatory subunit B' kappa isoform [Sorghum bicolor],Signal transduction mechanisms,-0.49,Kinase/Phosphorylation,Low (5-8),Stable
chr7,10735160,Zm00001eb301490,1.9410855150564548,1.9410855150564548,0.0325252403119521,6,13,0,CML333|Ki11|Ki3|Ky21|M162W|NC358,B97|CML247|CML277|CML322|CML69|HP301|IL14H|Mo18W|Ms71|Oh43|Oh7b|P39|Tx303,HD-ZIP|NAC|TALE,XP_040385477.1 xylanase inhibitor protein 1-like [Oryza brachyantha],Carbohydrate transport and metabolism,5.588,Other,Low (5-8),Strong up
chr7,89397106,Zm00001eb309560,-3.520578909038956,3.520578909038956,0.0219377080393704,9,10,0,CML277|CML322|CML333|CML69|IL14H|Ki3|M162W|Oh43|P39,B97|CML247|HP301|Ki11|Ky21|Mo18W|Ms71|NC358|Oh7b|Tx303,,XP_021308919.1 lipid phosphate phosphatase 2-like isoform X2 [Sorghum bicolor],Lipid transport and metabolism,0.678,Kinase/Phosphorylation,Medium (9-12),Mild up
chr7,131670304,Zm00001eb315000,2.7010650497920357,2.7010650497920357,0.0388109050467402,4,15,0,B97|HP301|Ky21|Oh7b,CML247|CML277|CML322|CML333|CML69|IL14H|Ki11|Ki3|M162W|Mo18W|Ms71|NC358|Oh43|P39|Tx303,,XP_004957025.1 probable BRI1 kinase inhibitor 1 [Setaria italica],Function unknown,1.089,Kinase/Phosphorylation,Rare (1-4),Strong up
chr7,136093429,Zm00001eb316080,1.9045320392958296,1.9045320392958296,0.0387748524021069,11,7,1,B97|CML247|CML277|CML333|HP301|IL14H|Ky21|M162W|Oh7b|P39|Tx303,CML322|CML69|Ki11|Ki3|Mo18W|Ms71|Oh43,,XP_002460403.1 probable RNA 3'-terminal phosphate cyclase-like protein [Sorghum bicolor],RNA processing and modification,0.894,Kinase/Phosphorylation,Medium (9-12),Mild up
chr7,138416698,Zm00001eb316700,-3.1490789213321686,3.1490789213321686,0.0188111888111888,5,14,0,IL14H|Ky21|Ms71|Oh43|Oh7b,B97|CML247|CML277|CML322|CML333|CML69|HP301|Ki11|Ki3|M162W|Mo18W|NC358|P39|Tx303,C2H2|MYB_related,XP_002460454.1 uncharacterized protein LOC8055875 [Sorghum bicolor],,1.988,Other,Low (5-8),Strong up
chr7,143100402,Zm00001eb317810,2.763468427589063,2.763468427589063,0.0226429045486012,15,4,0,B97|CML322|CML333|HP301|IL14H|Ki11|Ki3|Ky21|M162W|Mo18W|Ms71|Oh43|Oh7b|P39|Tx303,CML247|CML277|CML69|NC358,ERF|MYB_related,XP_002462637.1 60S ribosomal protein L7a-1 [Sorghum bicolor],"Translation, ribosomal structure and biogenesis",0.753,Translation,High (13+),Mild up
chr7,152271809,Zm00001eb320580,-2.132742940570341,2.132742940570341,0.0294052452107163,8,11,0,CML277|CML322|CML69|Ki11|Ki3|Ms71|P39|Tx303,B97|CML247|CML333|HP301|IL14H|Ky21|M162W|Mo18W|NC358|Oh43|Oh7b,,XP_002460645.1 protein PHOX1 [Sorghum bicolor],"Cell cycle control, cell division, chromosome partitioning;Posttranslational modification, protein turnover, chaperones",-0.331,Chaperone/HSP,Low (5-8),Stable
chr7,154612148,Zm00001eb321330,2.1201122687053937,2.1201122687053937,0.0388109050467402,6,13,0,CML277|CML333|CML69|IL14H|Ki11|Oh7b,B97|CML247|CML322|HP301|Ki3|Ky21|M162W|Mo18W|Ms71|NC358|Oh43|P39|Tx303,,XP_004957681.1 serine carboxypeptidase-like [Setaria italica],"Posttranslational modification, protein turnover, chaperones",1.118,Chaperone/HSP,Low (5-8),Strong up
chr7,161258452,Zm00001eb322430,-1.820101042836913,1.820101042836913,0.0497278422512067,3,16,0,CML247|HP301|Oh43,B97|CML277|CML322|CML333|CML69|IL14H|Ki11|Ki3|Ky21|M162W|Mo18W|Ms71|NC358|Oh7b|P39|Tx303,,XP_015695016.2 lon protease-like [Oryza brachyantha],"Posttranslational modification, protein turnover, chaperones",-0.52,Chaperone/HSP,Rare (1-4),Mild down
chr7,162616610,Zm00001eb322850,2.258611268748007,2.258611268748007,0.0207611510926322,8,11,0,B97|CML247|CML277|CML69|IL14H|Ky21|M162W|Ms71,CML322|CML333|HP301|Ki11|Ki3|Mo18W|NC358|Oh43|Oh7b|P39|Tx303,,XP_004957877.1 protein LHCP TRANSLOCATION DEFECT [Setaria italica],Function unknown,-1.251,Unknown,Low (5-8),Strong down
chr7,162807470,Zm00001eb322940,-1.6639237476891189,1.6639237476891189,0.0450283574693023,7,12,0,B97|CML322|CML333|HP301|Ms71|NC358|P39,CML247|CML277|CML69|IL14H|Ki11|Ki3|Ky21|M162W|Mo18W|Oh43|Oh7b|Tx303,ARR-B|C2H2|G2-like|GATA|GRAS|LBD|MIKC_MADS|TALE,,,0.482,Unknown,Low (5-8),Stable
chr7,166654451,Zm00001eb324270,2.854351666684522,2.854351666684522,0.0226429045486012,6,13,0,CML277|CML333|CML69|M162W|NC358|Tx303,B97|CML247|CML322|HP301|IL14H|Ki11|Ki3|Ky21|Mo18W|Ms71|Oh43|Oh7b|P39,,XP_002460859.1 elongation factor 1-alpha [Sorghum bicolor],"Translation, ribosomal structure and biogenesis",-0.417,Translation,Low (5-8),Stable
chr7,170356482,Zm00001eb325750,1.9537764372555293,1.9537764372555293,0.0269464077021537,13,6,0,CML277|CML333|CML69|HP301|Ki11|Ki3|M162W|Mo18W|NC358|Oh43|Oh7b|P39|Tx303,B97|CML247|CML322|IL14H|Ky21|Ms71,,XP_002460928.1 chitin-inducible gibberellin-responsive protein 2 [Sorghum bicolor],Transcription,0.684,Hormone signaling,High (13+),Mild up
chr7,175487307,Zm00001eb327790,1.5809303343430303,1.5809303343430303,0.0343199774802402,6,13,0,CML333|CML69|Ki3|Ky21|Mo18W|Oh43,B97|CML247|CML277|CML322|HP301|IL14H|Ki11|M162W|Ms71|NC358|Oh7b|P39|Tx303,C2H2|TALE,XP_007047874.1 PREDICTED: 40S ribosomal protein S6 [Theobroma cacao],"Translation, ribosomal structure and biogenesis",0.589,Translation,Low (5-8),Mild up
chr7,180169307,Zm00001eb329780,-2.548671317761873,2.548671317761873,0.0311895358527482,7,10,2,B97|CML277|CML333|HP301|IL14H|M162W|Tx303,CML247|CML322|CML69|Ki11|Ky21|Mo18W|Ms71|Oh43|Oh7b|P39,CPP|ERF|G2-like|NAC,XP_021308965.1 haloacid dehalogenase-like hydrolase domain-containing protein 3 [Sorghum bicolor],Function unknown,-0.582,Unknown,Low (5-8),Mild down
chr7,184734845,Zm00001eb331960,7.313591831593177,7.313591831593177,0.0269464077021537,4,15,0,CML333|HP301|M162W|Oh7b,B97|CML247|CML277|CML322|CML69|IL14H|Ki11|Ki3|Ky21|Mo18W|Ms71|NC358|Oh43|P39|Tx303,NAC|TCP,XP_021308684.1 beta-galactosidase 12 [Sorghum bicolor],Carbohydrate transport and metabolism,0.443,Other,Rare (1-4),Stable
chr8,3885807,Zm00001eb333100,1.9944068305931155,1.9944068305931155,0.039548112582254,6,13,0,CML277|IL14H|Ki11|NC358|P39|Tx303,B97|CML247|CML322|CML333|CML69|HP301|Ki3|Ky21|M162W|Mo18W|Ms71|Oh43|Oh7b,EIL|MYB,XP_002441298.1 calmodulin [Sorghum bicolor],Amino acid transport and metabolism,0.81,Other,Low (5-8),Mild up
chr8,13195128,Zm00001eb335350,-2.1145856324838888,2.1145856324838888,0.0450283574693023,10,9,0,CML322|CML333|CML69|HP301|Ky21|Ms71|NC358|Oh43|Oh7b|Tx303,B97|CML247|CML277|IL14H|Ki11|Ki3|M162W|Mo18W|P39,,XP_021311394.1 plastidic glucose transporter 4 isoform X2 [Sorghum bicolor],"Intracellular trafficking, secretion, and vesicular transport",0.997,Transporter,Medium (9-12),Mild up
chr8,14008624,Zm00001eb335640,-2.086773530985622,2.086773530985622,0.0381565695967318,11,7,1,B97|CML247|CML277|CML322|HP301|IL14H|Ki11|Ky21|M162W|Mo18W|Tx303,CML333|CML69|Ki3|Ms71|Oh43|Oh7b|P39,Dof|G2-like|HSF,XP_004968156.1 protein SUPPRESSOR OF K(+) TRANSPORT GROWTH DEFECT 1 [Setaria italica],"Posttranslational modification, protein turnover, chaperones",0.209,Chaperone/HSP,Medium (9-12),Stable
chr8,16571666,Zm00001eb336310,-2.0356181013936263,2.0356181013936263,0.0315288257270529,5,14,0,B97|CML247|CML69|Ki11|NC358,CML277|CML322|CML333|HP301|IL14H|Ki3|Ky21|M162W|Mo18W|Ms71|Oh43|Oh7b|P39|Tx303,,NP_001332089.1 Histone superfamily protein [Arabidopsis thaliana],Chromatin structure and dynamics,-0.299,Transcription factor,Low (5-8),Stable
chr8,29624422,Zm00001eb339310,-1.8100285930152655,1.8100285930152655,0.0370024151105208,10,8,1,CML277|CML322|CML69|Ki3|Ky21|M162W|Mo18W|NC358|P39|Tx303,B97|CML247|HP301|IL14H|Ki11|Ms71|Oh43|Oh7b,ARF|Nin-like|RAV,XP_021313648.1 putative ubiquitin-conjugating enzyme E2 38 [Sorghum bicolor],"Posttranslational modification, protein turnover, chaperones",0.416,Chaperone/HSP,Medium (9-12),Stable
chr8,69576856,Zm00001eb343490,-2.5924416296542545,2.5924416296542545,0.0450283574693023,11,8,0,B97|CML247|CML277|CML322|CML333|CML69|HP301|IL14H|NC358|P39|Tx303,Ki11|Ki3|Ky21|M162W|Mo18W|Ms71|Oh43|Oh7b,ERF|MYB|WRKY,XP_002440234.1 probable glucuronosyltransferase Os05g0559600 [Sorghum bicolor],"Posttranslational modification, protein turnover, chaperones",0.451,Chaperone/HSP,Medium (9-12),Stable
chr8,74212102,Zm00001eb344340,2.3683562503991604,2.3683562503991604,0.0207280059247336,7,9,3,CML247|CML322|Ki11|Ki3|Ky21|Ms71|Tx303,B97|CML333|HP301|IL14H|M162W|Mo18W|NC358|Oh43|Oh7b,Dof|bHLH,"XP_002441555.1 malate dehydrogenase, mitochondrial [Sorghum bicolor]",Energy production and conversion,0.524,Redox/Metabolism,Low (5-8),Mild up
chr8,138992533,Zm00001eb356280,-2.668331204954375,2.668331204954375,0.0338267581908725,8,7,4,CML247|CML322|CML333|HP301|Ki11|Ki3|M162W|Mo18W,B97|IL14H|Ky21|NC358|Oh43|Oh7b|P39,MYB|MYB_related|Trihelix,,,-0.045,Unknown,Low (5-8),Stable
chr8,146144410,Zm00001eb357970,2.293064242532769,2.293064242532769,0.0207280059247336,6,13,0,CML277|CML322|CML69|Ki3|Ms71|Oh43,B97|CML247|CML333|HP301|IL14H|Ki11|Ky21|M162W|Mo18W|NC358|Oh7b|P39|Tx303,ERF|NAC|Nin-like|bZIP,XP_002455934.1 V-type proton ATPase subunit c''2 [Sorghum bicolor],Inorganic ion transport and metabolism,0.577,Other,Low (5-8),Mild up
chr8,154494525,Zm00001eb360250,-2.1140533884354262,2.1140533884354262,0.0474791629035171,9,8,2,CML247|CML333|CML69|IL14H|M162W|NC358|Oh43|Oh7b|P39,B97|CML277|CML322|Ki11|Ki3|Ky21|Mo18W|Ms71,Dof|TCP,XP_004969523.1 auxin-responsive protein IAA5 [Setaria italica],Transcription,-0.297,Hormone signaling,Medium (9-12),Stable
chr8,154506381,Zm00001eb360260,2.5420296378071634,2.5420296378071634,0.0301472339352506,4,15,0,CML247|Ki3|NC358|Oh7b,B97|CML277|CML322|CML333|CML69|HP301|IL14H|Ki11|Ky21|M162W|Mo18W|Ms71|Oh43|P39|Tx303,C2H2|Dof|GRAS|MIKC_MADS,XP_004969524.2 protein ATAF2 [Setaria italica],Transcription,0.281,Other,Rare (1-4),Stable
chr8,154951178,Zm00001eb360390,1.8816870182450085,1.8816870182450085,0.0450283574693023,8,11,0,B97|CML277|CML333|Ki11|Ki3|M162W|Oh43|Oh7b,CML247|CML322|CML69|HP301|IL14H|Ky21|Mo18W|Ms71|NC358|P39|Tx303,,XP_004969542.1 uncharacterized protein LOC101780019 [Setaria italica],Function unknown,-0.275,Unknown,Low (5-8),Stable
chr8,171206073,Zm00001eb365940,2.272348125964605,2.272348125964605,0.0311895358527482,7,8,4,IL14H|Ky21|M162W|Ms71|Oh43|P39|Tx303,B97|CML247|CML333|CML69|HP301|Ki11|Ki3|NC358,Dof|GRAS|MIKC_MADS|TALE|WRKY|bZIP,XP_021313301.1 serine/threonine-protein kinase rio2 [Sorghum bicolor],Signal transduction mechanisms,0.411,Kinase/Phosphorylation,Low (5-8),Stable
chr8,171368481,Zm00001eb366050,2.5632794191115544,2.5632794191115544,0.0190825576505044,10,9,0,CML322|CML333|CML69|HP301|IL14H|Ki3|Ky21|Ms71|P39|Tx303,B97|CML247|CML277|Ki11|M162W|Mo18W|NC358|Oh43|Oh7b,C2H2|NAC|SBP|TALE|WRKY|bZIP,XP_021313667.1 uncharacterized protein LOC110434194 isoform X2 [Sorghum bicolor],,-0.17,Other,Medium (9-12),Stable
chr8,179616196,Zm00001eb370290,-1.07472545154466,1.07472545154466,0.0224509667547642,5,14,0,B97|CML333|HP301|Ky21|NC358,CML247|CML277|CML322|CML69|IL14H|Ki11|Ki3|M162W|Mo18W|Ms71|Oh43|Oh7b|P39|Tx303,C2H2|NAC|bHLH|bZIP,XP_006644760.2 formamidase-like [Oryza brachyantha],Energy production and conversion,-0.576,Other,Low (5-8),Mild down
chr8,180764165,Zm00001eb370850,-2.325544764162936,2.325544764162936,0.0219377080393704,10,9,0,CML247|CML277|CML322|CML333|CML69|Ky21|Mo18W|Oh7b|P39|Tx303,B97|HP301|IL14H|Ki11|Ki3|M162W|Ms71|NC358|Oh43,,XP_002458501.2 transcription factor VOZ1 [Sorghum bicolor],Function unknown,-0.003,Transcription factor,Medium (9-12),Stable
chr8,181730167,Zm00001eb371200,-2.5344946963916644,2.5344946963916644,0.0188111888111888,7,12,0,CML247|CML333|CML69|Ki11|Ki3|NC358|Oh43,B97|CML277|CML322|HP301|IL14H|Ky21|M162W|Mo18W|Ms71|Oh7b|P39|Tx303,,XP_021311353.1 elongation factor 2 [Sorghum bicolor],"Translation, ribosomal structure and biogenesis",-0.072,Translation,Low (5-8),Stable
chr9,10774790,Zm00001eb373580,1.6602529183513337,1.6602529183513337,0.0311749805466796,8,11,0,CML247|CML322|HP301|Ki3|Mo18W|Ms71|NC358|Oh43,B97|CML277|CML333|CML69|IL14H|Ki11|Ky21|M162W|Oh7b|P39|Tx303,,XP_021305259.1 pantothenate kinase 1-like [Sorghum bicolor],Coenzyme transport and metabolism,0.181,Kinase/Phosphorylation,Low (5-8),Stable
chr9,13058820,Zm00001eb374160,2.633921684721882,2.633921684721882,0.0188111888111888,11,8,0,B97|CML247|CML322|CML333|HP301|Ky21|Ms71|NC358|Oh43|Oh7b|P39,CML277|CML69|IL14H|Ki11|Ki3|M162W|Mo18W|Tx303,,XP_021306216.1 uncharacterized protein LOC110431424 [Sorghum bicolor],Function unknown,-0.044,Unknown,Medium (9-12),Stable
chr9,22676829,Zm00001eb377470,-3.041410938030894,3.041410938030894,0.0315288257270529,4,15,0,CML333|CML69|Ki11|Ki3,B97|CML247|CML277|CML322|HP301|IL14H|Ky21|M162W|Mo18W|Ms71|NC358|Oh43|Oh7b|P39|Tx303,ERF|MYB|MYB_related|Trihelix|WOX,XP_021305067.1 U-box domain-containing protein 35 isoform X1 [Sorghum bicolor],Signal transduction mechanisms,-0.904,Signal transduction,Rare (1-4),Mild down
chr9,27588012,Zm00001eb378810,3.006792439729751,3.006792439729751,0.0497278422512067,3,16,0,B97|IL14H|Ky21,CML247|CML277|CML322|CML333|CML69|HP301|Ki11|Ki3|M162W|Mo18W|Ms71|NC358|Oh43|Oh7b|P39|Tx303,,XP_002468057.1 elongator complex protein 6 isoform X1 [Sorghum bicolor],Function unknown,0.461,Unknown,Rare (1-4),Stable
chr9,34000550,Zm00001eb379950,2.0105873563987866,2.0105873563987866,0.0325252403119521,6,13,0,CML277|CML322|CML69|Ki3|NC358|Oh43,B97|CML247|CML333|HP301|IL14H|Ki11|Ky21|M162W|Mo18W|Ms71|Oh7b|P39|Tx303,C2H2|MYB_related,XP_002436824.1 zinc finger protein CONSTANS-LIKE 16 [Sorghum bicolor],Transcription,-3.13,Transcription factor,Low (5-8),Strong down
chr9,46397613,Zm00001eb381470,-2.0357283788875327,2.0357283788875327,0.0457762769549841,10,9,0,B97|CML277|CML322|CML69|Ki11|Ki3|Ky21|NC358|P39|Tx303,CML247|CML333|HP301|IL14H|M162W|Mo18W|Ms71|Oh43|Oh7b,,XP_002438307.1 65-kDa microtubule-associated protein 1 [Sorghum bicolor],"Cell cycle control, cell division, chromosome partitioning;Cytoskeleton",1.491,Other,Medium (9-12),Strong up
chr9,74126238,Zm00001eb384110,2.728481723734669,2.728481723734669,0.0207280059247336,6,13,0,B97|CML247|CML277|CML322|CML69|Ms71,CML333|HP301|IL14H|Ki11|Ki3|Ky21|M162W|Mo18W|NC358|Oh43|Oh7b|P39|Tx303,,XP_002438585.1 beta-glucosidase 31 [Sorghum bicolor],Carbohydrate transport and metabolism,0.042,Other,Low (5-8),Stable
chr9,88034220,Zm00001eb385450,-2.048481055420191,2.048481055420191,0.0467798968175757,5,12,2,CML247|CML322|NC358|Oh43|Tx303,B97|CML277|CML333|CML69|HP301|Ki3|Ky21|M162W|Mo18W|Ms71|Oh7b|P39,MYB|Trihelix,XP_021305774.1 protein NRT1/ PTR FAMILY 4.6 isoform X2 [Sorghum bicolor],Amino acid transport and metabolism,0.107,Other,Low (5-8),Stable
chr9,94270267,Zm00001eb386220,2.353208614460676,2.353208614460676,0.0497278422512067,3,14,2,B97|IL14H|NC358,CML247|CML277|CML322|CML333|CML69|HP301|Ki3|Ky21|M162W|Mo18W|Ms71|Oh7b|P39|Tx303,,"XP_002438642.1 heme oxygenase 1, chloroplastic [Sorghum bicolor]",Inorganic ion transport and metabolism,-0.32,Other,Rare (1-4),Stable
chr9,99581548,Zm00001eb387030,-1.5148667115096182,1.5148667115096182,0.0234529107256379,4,15,0,IL14H|Oh43|Oh7b|P39,B97|CML247|CML277|CML322|CML333|CML69|HP301|Ki11|Ki3|Ky21|M162W|Mo18W|Ms71|NC358|Tx303,,XP_021304409.1 phosphoenolpyruvate phosphatase [Sorghum bicolor],Carbohydrate transport and metabolism,1.413,Kinase/Phosphorylation,Rare (1-4),Strong up
chr9,131018319,Zm00001eb393660,-4.155709293425091,4.155709293425091,0.0226429045486012,4,15,0,CML247|CML277|Ki11|NC358,B97|CML322|CML333|CML69|HP301|IL14H|Ki3|Ky21|M162W|Mo18W|Ms71|Oh43|Oh7b|P39|Tx303,GRAS|HD-ZIP|WOX,XP_004983815.1 SUMO-conjugating enzyme SCE1 [Setaria italica],"Posttranslational modification, protein turnover, chaperones",0.316,Chaperone/HSP,Rare (1-4),Stable
chr9,139156708,Zm00001eb395470,3.936818185586951,3.936818185586951,0.0294052452107163,5,11,3,B97|Ky21|Oh43|P39|Tx303,CML277|CML322|CML333|CML69|HP301|IL14H|Ki11|M162W|Mo18W|NC358|Oh7b,,XP_004984526.1 probable arabinosyltransferase ARAD1 [Setaria italica],Carbohydrate transport and metabolism;Cell wall/membrane/envelope biogenesis;Extracellular structures,0.491,Biosynthesis,Low (5-8),Stable
chr9,141202033,Zm00001eb396060,-2.8374729660761338,2.8374729660761338,0.0226429045486012,12,7,0,CML247|CML277|CML322|HP301|Ky21|M162W|Mo18W|Ms71|NC358|Oh43|Oh7b|Tx303,B97|CML333|CML69|IL14H|Ki11|Ki3|P39,ARF|G2-like,XP_021306738.1 ubiquitin-conjugating enzyme E2 32 [Sorghum bicolor],"Posttranslational modification, protein turnover, chaperones",0.287,Chaperone/HSP,Medium (9-12),Stable
chr9,142860542,Zm00001eb396520,2.252981731306229,2.252981731306229,0.0313427082071922,9,10,0,B97|CML322|CML333|IL14H|Ki3|Ky21|M162W|Mo18W|Tx303,CML247|CML277|CML69|HP301|Ki11|Ms71|NC358|Oh43|Oh7b|P39,Dof|MYB|MYB_related|NAC,XP_021303816.1 uncharacterized protein LOC110430400 isoform X2 [Sorghum bicolor],"Posttranslational modification, protein turnover, chaperones",-2.757,Chaperone/HSP,Medium (9-12),Strong down
chr9,144227434,Zm00001eb397090,-4.221908761750404,4.221908761750404,0.0387748524021069,10,5,4,CML277|CML333|HP301|Ki11|Ky21|M162W|Ms71|Oh43|Oh7b|Tx303,CML247|CML322|CML69|Ki3|Mo18W,,XP_004984841.1 alpha-taxilin [Setaria italica],Cytoskeleton,0.519,Other,Medium (9-12),Mild up
chr9,148791435,Zm00001eb398630,-3.167548745015788,3.167548745015788,0.0423031419387483,15,4,0,CML247|CML277|CML322|CML333|CML69|HP301|IL14H|Ki11|Ki3|Ky21|Mo18W|Ms71|Oh43|P39|Tx303,B97|M162W|NC358|Oh7b,ERF|NAC|WRKY,XP_002468179.2 uncharacterized protein LOC8078851 [Sorghum bicolor],,0.147,Other,High (13+),Stable
chr9,161194925,Zm00001eb404310,3.950054024266257,3.950054024266257,0.0203714572407656,5,14,0,B97|Ki3|Mo18W|Ms71|Tx303,CML247|CML277|CML322|CML333|CML69|HP301|IL14H|Ki11|Ky21|M162W|NC358|Oh43|Oh7b|P39,,XP_004986053.1 myosin-2 heavy chain isoform X1 [Setaria italica],,0.189,Other,Low (5-8),Stable
chr10,2006861,Zm00001eb405450,5.308221308528998,5.308221308528998,0.0207280059247336,5,13,1,B97|CML247|CML277|CML322|CML333,CML69|HP301|IL14H|Ki11|Ki3|Ky21|M162W|Mo18W|Ms71|NC358|Oh43|P39|Tx303,MYB,XP_021321584.1 transcription factor MYB30 [Sorghum bicolor],Transcription,-1.514,Transcription factor,Low (5-8),Strong down
chr10,3735892,Zm00001eb406080,-2.7982092159957124,2.7982092159957124,0.0450283574693023,3,15,1,B97|CML322|Tx303,CML247|CML277|CML333|CML69|HP301|IL14H|Ki11|Ki3|Ky21|M162W|Mo18W|Ms71|NC358|Oh43|P39,,XP_010922739.1 RING-H2 finger protein ATL74 [Elaeis guineensis],"Posttranslational modification, protein turnover, chaperones",-1.721,Chaperone/HSP,Rare (1-4),Strong down
chr10,5111246,Zm00001eb406760,1.9719257867445232,1.9719257867445232,0.0457762769549841,6,12,1,B97|CML333|HP301|Ky21|M162W|NC358,CML247|CML277|CML322|CML69|IL14H|Ki11|Ki3|Mo18W|Ms71|Oh43|P39|Tx303,,XP_002442811.1 ACT domain-containing protein ACR12 [Sorghum bicolor],Function unknown,0.315,Unknown,Low (5-8),Stable
chr10,6211300,Zm00001eb407090,1.703172273664204,1.703172273664204,0.0467798968175757,11,6,2,CML277|CML333|CML69|HP301|Ki11|Ki3|Ky21|M162W|NC358|Oh43|Tx303,B97|CML322|IL14H|Mo18W|Ms71|P39,,XP_002442837.1 uncharacterized protein LOC8079844 [Sorghum bicolor],,0.308,Other,Medium (9-12),Stable
chr10,7903301,Zm00001eb407550,2.233745774212639,2.233745774212639,0.0219377080393704,9,9,1,B97|CML247|CML277|CML333|IL14H|Ki3|Ky21|Mo18W|P39,CML322|CML69|HP301|Ki11|M162W|Ms71|NC358|Oh43|Tx303,NAC|TALE|WRKY,XP_021301689.1 serine/threonine-protein kinase STY8-like isoform X1 [Sorghum bicolor],Signal transduction mechanisms,0.763,Kinase/Phosphorylation,Medium (9-12),Mild up
chr10,8604729,Zm00001eb407680,2.3016985233742973,2.3016985233742973,0.0219377080393704,7,11,1,B97|IL14H|Ki3|Ky21|Mo18W|Ms71|P39,CML247|CML277|CML322|CML333|CML69|HP301|Ki11|M162W|NC358|Oh43|Tx303,MYB,XP_021301650.1 tubby-like F-box protein 14 [Sorghum bicolor],Function unknown,-0.142,Unknown,Low (5-8),Stable
chr10,64753637,Zm00001eb413740,2.411421748480584,2.411421748480584,0.0203714572407656,5,14,0,CML247|Ki3|Mo18W|Ms71|Oh43,B97|CML277|CML322|CML333|CML69|HP301|IL14H|Ki11|Ky21|M162W|NC358|Oh7b|P39|Tx303,,XP_021321509.1 uncharacterized protein LOC8071173 isoform X3 [Sorghum bicolor],Nucleotide transport and metabolism,0.263,Other,Low (5-8),Stable
chr10,73843917,Zm00001eb414970,5.292211561347937,5.292211561347937,0.0219377080393704,10,9,0,B97|CML277|CML333|CML69|Ki11|Ki3|M162W|NC358|Oh7b|Tx303,CML247|CML322|HP301|IL14H|Ky21|Mo18W|Ms71|Oh43|P39,,XP_002443930.1 haloacid dehalogenase-like hydrolase domain-containing protein 3 [Sorghum bicolor],Function unknown,1.051,Unknown,Medium (9-12),Strong up
chr10,78959457,Zm00001eb415700,1.910872253891431,1.910872253891431,0.0224509667547642,11,8,0,CML247|CML322|CML333|CML69|HP301|IL14H|Ki3|M162W|Ms71|NC358|P39,B97|CML277|Ki11|Ky21|Mo18W|Oh43|Oh7b|Tx303,,XP_002445096.1 nucleolar GTP-binding protein 1 [Sorghum bicolor],Function unknown,0.065,Unknown,Medium (9-12),Stable
chr10,81353777,Zm00001eb416110,2.0762577909849704,2.0762577909849704,0.0468443117268101,13,6,0,CML247|CML277|CML333|CML69|IL14H|Ki11|Ky21|Mo18W|Ms71|NC358|Oh43|Oh7b|P39,B97|CML322|HP301|Ki3|M162W|Tx303,,XP_021320679.1 vesicle-associated protein 1-3-like isoform X1 [Sorghum bicolor],"Intracellular trafficking, secretion, and vesicular transport",0.722,Other,High (13+),Mild up
chr10,85117108,Zm00001eb416770,-2.007903871939698,2.007903871939698,0.0450283574693023,9,4,6,B97|CML277|CML322|CML333|HP301|IL14H|Mo18W|Ms71|P39,CML69|Ky21|M162W|NC358,,XP_021319985.1 uncharacterized protein LOC110436801 isoform X1 [Sorghum bicolor],,-1.41,Other,Medium (9-12),Strong down
chr10,92089742,Zm00001eb418090,-2.353892134412911,2.353892134412911,0.0315288257270529,12,7,0,B97|CML277|CML333|CML69|HP301|IL14H|Ki11|Ki3|M162W|Ms71|P39|Tx303,CML247|CML322|Ky21|Mo18W|NC358|Oh43|Oh7b,Trihelix|WOX|WRKY,XP_002439286.1 1-aminocyclopropane-1-carboxylate oxidase [Sorghum bicolor],"Secondary metabolites biosynthesis, transport and catabolism",0.002,Redox/Metabolism,Medium (9-12),Stable
chr10,97534549,Zm00001eb418940,2.012100027216712,2.012100027216712,0.0190825576505044,11,8,0,CML333|CML69|HP301|IL14H|M162W|Mo18W|Ms71|NC358|Oh43|Oh7b|P39,B97|CML247|CML277|CML322|Ki11|Ki3|Ky21|Tx303,,XP_002447404.2 fatty acid amide hydrolase [Sorghum bicolor],"Translation, ribosomal structure and biogenesis",1.126,Translation,Medium (9-12),Strong up
chr10,98908136,Zm00001eb419200,2.0258059361051934,2.0258059361051934,0.0315288257270529,12,7,0,CML247|CML322|HP301|IL14H|Ki11|Ki3|M162W|Mo18W|NC358|Oh7b|P39|Tx303,B97|CML277|CML333|CML69|Ky21|Ms71|Oh43,,"XP_002463509.1 tyrosine--tRNA ligase, cytoplasmic [Sorghum bicolor]","Translation, ribosomal structure and biogenesis",-0.343,Translation,Medium (9-12),Stable
chr10,128801642,Zm00001eb425180,3.1339485522332793,3.1339485522332793,0.0234529107256379,4,15,0,CML333|IL14H|Ky21|P39,B97|CML247|CML277|CML322|CML69|HP301|Ki11|Ki3|M162W|Mo18W|Ms71|NC358|Oh43|Oh7b|Tx303,CAMTA,XP_002446692.1 uncharacterized protein LOC8073684 [Sorghum bicolor],Function unknown,1.92,Unknown,Rare (1-4),Strong up
chr10,129870575,Zm00001eb425580,1.359398667383342,1.359398667383342,0.0457762769549841,10,9,0,B97|CML247|CML322|CML333|CML69|HP301|IL14H|Ki3|Oh43|Oh7b,CML277|Ki11|Ky21|M162W|Mo18W|Ms71|NC358|P39|Tx303,ERF|SBP,XP_002446718.1 uncharacterized protein LOC8073710 [Sorghum bicolor],Function unknown,0.687,Unknown,Medium (9-12),Mild up
chr10,130088323,Zm00001eb425660,2.1890268340701353,2.1890268340701353,0.0225486703409543,13,6,0,B97|CML277|CML322|CML333|CML69|IL14H|Ki11|Ki3|Ky21|NC358|Oh43|Oh7b|P39,CML247|HP301|M162W|Mo18W|Ms71|Tx303,Dof|TALE,XP_002446731.2 protein NLP2 [Sorghum bicolor],Transcription,-0.32,Other,High (13+),Stable
chr10,131065925,Zm00001eb425960,2.588903946380261,2.588903946380261,0.0497278422512067,3,16,0,HP301|Ms71|Oh43,B97|CML247|CML277|CML322|CML333|CML69|IL14H|Ki11|Ki3|Ky21|M162W|Mo18W|NC358|Oh7b|P39|Tx303,ARF,XP_004976129.1 BTB/POZ domain-containing protein At2g24240-like [Setaria italica],Function unknown,0.054,Unknown,Rare (1-4),Stable
chr10,131196529,Zm00001eb425980,-1.682304387969365,1.682304387969365,0.0457762769549841,11,8,0,B97|CML247|CML277|CML333|CML69|Ki11|Ki3|Ky21|M162W|Mo18W|Oh7b,CML322|HP301|IL14H|Ms71|NC358|Oh43|P39|Tx303,,XP_004976131.2 gamma-tubulin complex component 2 [Setaria italica],Cytoskeleton,1.079,Other,Medium (9-12),Strong up
chr10,135806526,Zm00001eb427480,1.7246015035091242,1.7246015035091242,0.0311895358527482,7,11,1,B97|CML247|Ky21|Mo18W|Ms71|Oh7b|Tx303,CML277|CML322|CML333|CML69|IL14H|Ki11|Ki3|M162W|NC358|Oh43|P39,,XP_002446858.1 serine/threonine-protein kinase GRIK1 [Sorghum bicolor],Signal transduction mechanisms,0.063,Kinase/Phosphorylation,Low (5-8),Stable
chr10,142142497,Zm00001eb429910,2.7576048593546143,2.7576048593546143,0.0294052452107163,9,10,0,B97|CML247|CML277|CML333|CML69|Ki3|M162W|Ms71|Oh7b,CML322|HP301|IL14H|Ki11|Ky21|Mo18W|NC358|Oh43|P39|Tx303,G2-like|MYB,XP_021319757.1 uncharacterized protein LOC8060472 isoform X2 [Sorghum bicolor],Function unknown,0.335,Unknown,Medium (9-12),Stable
chr10,145438301,Zm00001eb431330,3.4188105289396575,3.4188105289396575,0.0497278422512067,3,16,0,Ky21|Oh43|P39,B97|CML247|CML277|CML322|CML333|CML69|HP301|IL14H|Ki11|Ki3|M162W|Mo18W|Ms71|NC358|Oh7b|Tx303,C2H2|ERF|TALE,XP_021319423.1 uncharacterized protein LOC110436532 [Sorghum bicolor],Function unknown,-0.258,Unknown,Rare (1-4),Stable
chr1,3262750,Zm00001eb000920,1.008744758576002,1.008744758576002,0.0321512983526941,8,11,0,HP301|Ki3|Ky21|M162W|Mo18W|Ms71|P39|Tx303,B97|CML247|CML277|CML322|CML333|CML69|IL14H|Ki11|NC358|Oh43|Oh7b,C2H2,XP_021302596.1 serine/threonine-protein kinase OSR1-like isoform X1 [Sorghum bicolor],Signal transduction mechanisms,0.049,Kinase/Phosphorylation,Low (5-8),Stable
chr1,3789618,Zm00001eb001150,2.0803573236363664,2.0803573236363664,0.025625148844963,12,7,0,CML247|CML277|CML69|IL14H|Ki11|Ki3|Ky21|M162W|Ms71|NC358|Oh7b|P39,B97|CML322|CML333|HP301|Mo18W|Oh43|Tx303,,XP_004985979.2 vacuolar protein 8 isoform X1 [Setaria italica],Function unknown,-0.537,Unknown,Medium (9-12),Mild down
chr1,4078949,Zm00001eb001340,3.0172447030203235,3.0172447030203235,0.0450283574693023,4,14,1,CML322|CML69|IL14H|Mo18W,B97|CML247|CML277|CML333|HP301|Ki11|Ki3|Ky21|M162W|NC358|Oh43|Oh7b|P39|Tx303,,XP_002468628.2 hydroxymethylglutaryl-CoA synthase [Sorghum bicolor],Lipid transport and metabolism,1.336,Biosynthesis,Rare (1-4),Strong up
chr1,5896996,Zm00001eb002060,3.089173372090931,3.089173372090931,0.0457762769549841,5,14,0,CML69|IL14H|Ki11|Ki3|Ms71,B97|CML247|CML277|CML322|CML333|HP301|Ky21|M162W|Mo18W|NC358|Oh43|Oh7b|P39|Tx303,HSF|LBD,"XP_002468591.1 ADP,ATP carrier protein 1, mitochondrial [Sorghum bicolor]",Energy production and conversion,1.322,Other,Low (5-8),Strong up
chr1,6246228,Zm00001eb002200,1.831745903607489,1.831745903607489,0.0210966603489967,14,5,0,B97|CML247|CML322|CML333|HP301|IL14H|Ki11|Ki3|Ky21|M162W|Mo18W|Ms71|Oh7b|P39,CML277|CML69|NC358|Oh43|Tx303,,,,1.034,Unknown,High (13+),Strong up
chr1,12270743,Zm00001eb004440,-2.237456691760147,2.237456691760147,0.0315288257270529,12,7,0,B97|CML247|CML322|CML69|Ki3|Ky21|M162W|Ms71|NC358|Oh7b|P39|Tx303,CML277|CML333|HP301|IL14H|Ki11|Mo18W|Oh43,,XP_002468472.1 probable serine/threonine-protein kinase PBL16 [Sorghum bicolor],Signal transduction mechanisms,-0.639,Kinase/Phosphorylation,Medium (9-12),Mild down
chr1,16845468,Zm00001eb005920,3.900235613086104,3.900235613086104,0.0234529107256379,14,5,0,B97|CML247|CML277|CML322|Ki11|Ki3|Ky21|M162W|Mo18W|Ms71|NC358|Oh43|Oh7b|Tx303,CML333|CML69|HP301|IL14H|P39,,XP_002468402.1 probable lipoxygenase 6 [Sorghum bicolor],Amino acid transport and metabolism,1.824,Other,High (13+),Strong up
chr1,17983879,Zm00001eb006410,2.2701140403215683,2.2701140403215683,0.0388109050467402,5,14,0,CML277|Ki11|Oh43|Oh7b|P39,B97|CML247|CML322|CML333|CML69|HP301|IL14H|Ki3|Ky21|M162W|Mo18W|Ms71|NC358|Tx303,C2H2|ERF|MYB,XP_040378548.1 tryptamine benzoyltransferase 1-like [Oryza brachyantha],Function unknown,-1.169,Biosynthesis,Low (5-8),Strong down
chr1,19882546,Zm00001eb006880,1.6360159962413543,1.6360159962413543,0.0315767463870279,5,14,0,CML247|Mo18W|Ms71|NC358|Oh43,B97|CML277|CML322|CML333|CML69|HP301|IL14H|Ki11|Ki3|Ky21|M162W|Oh7b|P39|Tx303,GATA|MYB,XP_002465720.1 uncharacterized protein LOC8057635 isoform X1 [Sorghum bicolor],Function unknown,1.275,Unknown,Low (5-8),Strong up
chr1,30883530,Zm00001eb009870,-2.263909599998336,2.263909599998336,0.0203714572407656,6,13,0,CML69|Ki11|Ki3|Ky21|Ms71|Oh7b,B97|CML247|CML277|CML322|CML333|HP301|IL14H|M162W|Mo18W|NC358|Oh43|P39|Tx303,,XP_002468212.1 uncharacterized protein LOC8056841 [Sorghum bicolor],,-0.046,Other,Low (5-8),Stable
chr1,32844672,Zm00001eb010370,-2.252685603445886,2.252685603445886,0.0304485214356458,5,14,0,B97|CML277|Ki11|NC358|Tx303,CML247|CML322|CML333|CML69|HP301|IL14H|Ki3|Ky21|M162W|Mo18W|Ms71|Oh43|Oh7b|P39,ERF,XP_004985039.1 actin-depolymerizing factor 5 [Setaria italica],Cytoskeleton,-0.291,Other,Low (5-8),Stable
chr1,34330835,Zm00001eb010730,1.524366505225603,1.524366505225603,0.0450283574693023,8,11,0,B97|CML247|CML277|CML322|Ki11|NC358|Oh43|Tx303,CML333|CML69|HP301|IL14H|Ki3|Ky21|M162W|Mo18W|Ms71|Oh7b|P39,,XP_022678693.1 uncharacterized protein LOC111255782 isoform X2 [Setaria italica],Function unknown,-0.17,Unknown,Low (5-8),Stable
chr1,34878903,Zm00001eb010900,3.0203014131688506,3.0203014131688506,0.0423031419387483,3,15,1,B97|NC358|Tx303,CML247|CML277|CML322|CML333|CML69|HP301|IL14H|Ki11|Ky21|M162W|Mo18W|Ms71|Oh43|Oh7b|P39,SBP,"XP_002465546.1 phosphomevalonate kinase, peroxisomal [Sorghum bicolor]",Lipid transport and metabolism,1.683,Kinase/Phosphorylation,Rare (1-4),Strong up
chr1,36186619,Zm00001eb011240,1.5296868605696086,1.5296868605696086,0.0474791629035171,7,12,0,B97|CML247|CML322|HP301|IL14H|Ky21|P39,CML277|CML333|CML69|Ki11|Ki3|M162W|Mo18W|Ms71|NC358|Oh43|Oh7b|Tx303,EIL|SBP|bHLH,XP_021307532.1 L-type lectin-domain containing receptor kinase IV.2 [Sorghum bicolor],Signal transduction mechanisms,-0.022,Kinase/Phosphorylation,Low (5-8),Stable
chr1,37980846,Zm00001eb011630,2.3673147899655183,2.3673147899655183,0.0315767463870279,9,10,0,CML247|CML277|HP301|IL14H|Mo18W|NC358|Oh43|P39|Tx303,B97|CML322|CML333|CML69|Ki11|Ki3|Ky21|M162W|Ms71|Oh7b,GATA|HD-ZIP|MYB_related,XP_002468136.1 uncharacterized TPR repeat-containing protein At1g05150 [Sorghum bicolor],Transcription,-0.564,Other,Medium (9-12),Mild down
chr1,41377778,Zm00001eb012570,-3.1836539394163976,3.1836539394163976,0.0457762769549841,5,14,0,CML247|CML322|CML333|NC358|P39,B97|CML277|CML69|HP301|IL14H|Ki11|Ki3|Ky21|M162W|Mo18W|Ms71|Oh43|Oh7b|Tx303,ARF|HD-ZIP|Nin-like|WOX,XP_002465466.1 cysteine-rich repeat secretory protein 55 [Sorghum bicolor],Function unknown,-0.35,Unknown,Low (5-8),Stable
chr1,42980657,Zm00001eb012950,-2.072267985348476,2.072267985348476,0.0311895358527482,7,12,0,CML247|CML322|CML69|HP301|Ki11|Ms71|Tx303,B97|CML277|CML333|IL14H|Ki3|Ky21|M162W|Mo18W|NC358|Oh43|Oh7b|P39,,XP_004984794.1 protein MODIFIER OF SNC1 11 [Setaria italica],Function unknown,0.409,Unknown,Low (5-8),Stable
chr1,44344832,Zm00001eb013300,-1.6498308938673911,1.6498308938673911,0.0497278422512067,9,10,0,B97|CML333|CML69|HP301|Ki3|M162W|Mo18W|NC358|Tx303,CML247|CML277|CML322|IL14H|Ki11|Ky21|Ms71|Oh43|Oh7b|P39,ARF|MYB|Trihelix,XP_004984847.1 protein YIPF5 homolog [Setaria italica],"Intracellular trafficking, secretion, and vesicular transport",1.029,Other,Medium (9-12),Strong up
chr1,48970900,Zm00001eb014600,1.7351969075308251,1.7351969075308251,0.0188111888111888,7,12,0,CML277|CML69|HP301|IL14H|Mo18W|Ms71|P39,B97|CML247|CML322|CML333|Ki11|Ki3|Ky21|M162W|NC358|Oh43|Oh7b|Tx303,CPP|Dof|MIKC_MADS,"XP_002467982.1 calvin cycle protein CP12-1, chloroplastic [Sorghum bicolor]",Function unknown,0.334,Unknown,Low (5-8),Stable
chr1,57058153,Zm00001eb016330,-2.6286276750149615,2.6286276750149615,0.0234529107256379,9,10,0,CML247|CML277|CML322|CML333|CML69|Ki3|M162W|Mo18W|Ms71,B97|HP301|IL14H|Ki11|Ky21|NC358|Oh43|Oh7b|P39|Tx303,B3|C2H2|NAC,"XP_021302118.1 putative GTP diphosphokinase RSH1, chloroplastic [Sorghum bicolor]",Signal transduction mechanisms,-0.294,Kinase/Phosphorylation,Medium (9-12),Stable
chr1,59904185,Zm00001eb016800,1.3864165469043874,1.3864165469043874,0.0353818048958713,13,6,0,B97|CML277|CML333|CML69|HP301|Ki11|Ky21|M162W|Ms71|NC358|Oh7b|P39|Tx303,CML247|CML322|IL14H|Ki3|Mo18W|Oh43,,XP_002467862.1 zinc finger protein CONSTANS-LIKE 13 [Sorghum bicolor],Transcription,0.942,Transcription factor,High (13+),Mild up
chr1,60926702,Zm00001eb017050,1.1137561866149133,1.1137561866149133,0.0450283574693023,4,15,0,M162W|Mo18W|Oh7b|Tx303,B97|CML247|CML277|CML322|CML333|CML69|HP301|IL14H|Ki11|Ki3|Ky21|Ms71|NC358|Oh43|P39,,XP_002467852.1 U4/U6 small nuclear ribonucleoprotein PRP4-like protein [Sorghum bicolor],RNA processing and modification,0.562,Other,Rare (1-4),Mild up
chr1,68998584,Zm00001eb019230,-4.5395507311740175,4.5395507311740175,0.0234529107256379,10,9,0,B97|CML247|CML322|CML333|HP301|IL14H|Ki3|M162W|Oh43|Tx303,CML277|CML69|Ki11|Ky21|Mo18W|Ms71|NC358|Oh7b|P39,Dof|WRKY,,,0.769,Unknown,Medium (9-12),Mild up
chr1,69764971,Zm00001eb019370,2.5685487774525666,2.5685487774525666,0.0315288257270529,4,15,0,IL14H|Mo18W|Ms71|P39,B97|CML247|CML277|CML322|CML333|CML69|HP301|Ki11|Ki3|Ky21|M162W|NC358|Oh43|Oh7b|Tx303,C2H2|SBP,,,-0.334,Unknown,Rare (1-4),Stable
chr1,72171126,Zm00001eb019800,-2.0850946858589463,2.0850946858589463,0.0311895358527482,8,11,0,B97|HP301|IL14H|Ki11|Ky21|Oh43|Oh7b|P39,CML247|CML277|CML322|CML333|CML69|Ki3|M162W|Mo18W|Ms71|NC358|Tx303,,XP_021304947.1 E3 ubiquitin-protein ligase BRE1-like 2 isoform X1 [Sorghum bicolor],"Posttranslational modification, protein turnover, chaperones",0.287,Chaperone/HSP,Low (5-8),Stable
chr1,74030656,Zm00001eb020110,2.288149136505908,2.288149136505908,0.0310074540843771,7,12,0,CML333|IL14H|Ki3|Ms71|Oh7b|P39|Tx303,B97|CML247|CML277|CML322|CML69|HP301|Ki11|Ky21|M162W|Mo18W|NC358|Oh43,Dof|MYB,XP_002465124.1 protein SPIRAL1-like 1 [Sorghum bicolor],Function unknown,-0.326,Unknown,Low (5-8),Stable
chr1,77561196,Zm00001eb020690,-4.470013059440195,4.470013059440195,0.0450283574693023,6,13,0,CML247|CML333|Ki3|Oh7b|P39|Tx303,B97|CML277|CML322|CML69|HP301|IL14H|Ki11|Ky21|M162W|Mo18W|Ms71|NC358|Oh43,CAMTA|NAC|SBP,,,0.694,Unknown,Low (5-8),Mild up
chr1,83001127,Zm00001eb021800,2.653164141231232,2.653164141231232,0.0423031419387483,3,16,0,CML277|IL14H|P39,B97|CML247|CML322|CML333|CML69|HP301|Ki11|Ki3|Ky21|M162W|Mo18W|Ms71|NC358|Oh43|Oh7b|Tx303,,XP_002467594.1 transcription repressor OFP8 [Sorghum bicolor],Function unknown,1.122,Unknown,Rare (1-4),Strong up
chr1,84277355,Zm00001eb022040,2.999940321939209,2.999940321939209,0.0188111888111888,7,12,0,B97|HP301|IL14H|Ky21|M162W|Oh43|P39,CML247|CML277|CML322|CML333|CML69|Ki11|Ki3|Mo18W|Ms71|NC358|Oh7b|Tx303,,"XP_004983812.1 protein CURVATURE THYLAKOID 1B, chloroplastic [Setaria italica]",Function unknown,-1.338,Unknown,Low (5-8),Strong down
chr1,86777664,Zm00001eb022580,-3.6209706774235326,3.6209706774235326,0.0423031419387483,15,4,0,B97|CML247|CML277|CML322|CML333|CML69|HP301|IL14H|Ki11|Ki3|Ky21|NC358|Oh43|P39|Tx303,M162W|Mo18W|Ms71|Oh7b,,XP_002465000.1 hippocampus abundant transcript 1 protein [Sorghum bicolor],Function unknown,-1.748,Unknown,High (13+),Strong down
chr1,87656463,Zm00001eb022750,1.3956871185277226,1.3956871185277226,0.0428200920646902,8,11,0,CML322|CML333|HP301|IL14H|M162W|Oh43|P39|Tx303,B97|CML247|CML277|CML69|Ki11|Ki3|Ky21|Mo18W|Ms71|NC358|Oh7b,ERF|SBP|TALE,XP_002464994.1 cyclin-dependent protein kinase inhibitor SMR1 [Sorghum bicolor],Function unknown,0.764,Kinase/Phosphorylation,Low (5-8),Mild up
chr1,90313646,Zm00001eb023130,2.1932050567132197,2.1932050567132197,0.0313427082071922,10,9,0,B97|CML277|CML333|Ki11|Ki3|Ky21|M162W|Mo18W|Ms71|NC358,CML247|CML322|CML69|HP301|IL14H|Oh43|Oh7b|P39|Tx303,G2-like|GATA|MYB|SBP,XP_002464960.2 uncharacterized protein LOC8058747 [Sorghum bicolor],Function unknown,-0.708,Unknown,Medium (9-12),Mild down
chr1,91377437,Zm00001eb023220,2.27054529992127,2.27054529992127,0.0291027284684607,9,10,0,CML333|HP301|IL14H|Ky21|Mo18W|Ms71|Oh43|Oh7b|P39,B97|CML247|CML277|CML322|CML69|Ki11|Ki3|M162W|NC358|Tx303,,,,1.033,Unknown,Medium (9-12),Strong up
chr1,92292812,Zm00001eb023350,-2.1033119242741045,2.1033119242741045,0.0450283574693023,7,12,0,HP301|IL14H|Ki11|Ki3|M162W|Oh7b|P39,B97|CML247|CML277|CML322|CML333|CML69|Ky21|Mo18W|Ms71|NC358|Oh43|Tx303,ERF|MYB|Trihelix|WRKY,XP_004983681.1 transcription factor UNE10 isoform X1 [Setaria italica],Transcription,-0.902,Transcription factor,Low (5-8),Mild down
chr1,97701896,Zm00001eb024120,2.302558477026654,2.302558477026654,0.0188111888111888,5,14,0,CML247|CML277|CML333|M162W|Mo18W,B97|CML322|CML69|HP301|IL14H|Ki11|Ki3|Ky21|Ms71|NC358|Oh43|Oh7b|P39|Tx303,LBD,XP_002464905.1 trithorax group protein osa [Sorghum bicolor],,0.403,Other,Low (5-8),Stable
chr1,108502297,Zm00001eb025400,-2.50297585963056,2.50297585963056,0.0203714572407656,6,13,0,B97|CML247|CML277|CML322|HP301|Oh7b,CML333|CML69|IL14H|Ki11|Ki3|Ky21|M162W|Mo18W|Ms71|NC358|Oh43|P39|Tx303,,XP_002467419.1 protein NRT1/ PTR FAMILY 8.3 isoform X1 [Sorghum bicolor],Amino acid transport and metabolism,0.674,Other,Low (5-8),Mild up
chr1,122210678,Zm00001eb026550,-4.060818333122903,4.060818333122903,0.0234529107256379,14,5,0,B97|CML247|CML277|CML333|CML69|HP301|IL14H|M162W|Mo18W|Ms71|Oh43|Oh7b|P39|Tx303,CML322|Ki11|Ki3|Ky21|NC358,ARR-B|EIL|G2-like|MYB_related,XP_021318306.1 leucine-rich repeat receptor-like protein kinase PEPR2 [Sorghum bicolor],Signal transduction mechanisms,0.318,Kinase/Phosphorylation,High (13+),Stable
chr1,126913502,Zm00001eb026930,2.116487974353716,2.116487974353716,0.0381565695967318,11,8,0,B97|CML277|CML333|CML69|HP301|Ki11|Ki3|Ms71|Oh43|Oh7b|Tx303,CML247|CML322|IL14H|Ky21|M162W|Mo18W|NC358|P39,,,,-0.341,Unknown,Medium (9-12),Stable
chr1,170618556,Zm00001eb030710,3.170737524891494,3.170737524891494,0.0450283574693023,9,10,0,CML277|CML333|CML69|IL14H|Ki11|Mo18W|NC358|P39|Tx303,B97|CML247|CML322|HP301|Ki3|Ky21|M162W|Ms71|Oh43|Oh7b,CPP|MYB,XP_002443475.1 SPX and EXS domain-containing protein 1 [Sorghum bicolor],"Intracellular trafficking, secretion, and vesicular transport",0.9,Other,Medium (9-12),Mild up
chr1,177309045,Zm00001eb031670,-2.7747387468313107,2.7747387468313107,0.0310074540843771,6,8,5,CML247|CML277|Ki11|Ki3|NC358|Oh7b,CML322|CML333|CML69|IL14H|Mo18W|Ms71|Oh43|Tx303,G2-like|HSF,XP_002443548.1 homeobox-leucine zipper protein HOX33 [Sorghum bicolor],Transcription,-0.506,Other,Low (5-8),Mild down
chr1,180161163,Zm00001eb032230,1.7113240355174346,1.7113240355174346,0.0348152462305054,5,14,0,CML247|CML277|CML333|Oh43|P39,B97|CML322|CML69|HP301|IL14H|Ki11|Ki3|Ky21|M162W|Mo18W|Ms71|NC358|Oh7b|Tx303,G2-like|MYB|Nin-like|WRKY,"XP_021302370.1 cationic amino acid transporter 2, vacuolar-like isoform X1 [Sorghum bicolor]",Amino acid transport and metabolism,0.35,Transporter,Low (5-8),Stable
chr1,183958880,Zm00001eb032890,2.1225593337323754,2.1225593337323754,0.0478343284411486,5,14,0,B97|CML69|Ki3|P39|Tx303,CML247|CML277|CML322|CML333|HP301|IL14H|Ki11|Ky21|M162W|Mo18W|Ms71|NC358|Oh43|Oh7b,,XP_002442604.2 uncharacterized protein LOC8065244 [Sorghum bicolor],,-0.929,Other,Low (5-8),Mild down
chr1,184439096,Zm00001eb033050,3.3385292973275944,3.3385292973275944,0.0188111888111888,7,12,0,B97|CML277|CML322|CML69|M162W|Ms71|Oh7b,CML247|CML333|HP301|IL14H|Ki11|Ki3|Ky21|Mo18W|NC358|Oh43|P39|Tx303,EIL|Trihelix,XP_002443660.1 LRR receptor-like serine/threonine-protein kinase FEI 1 [Sorghum bicolor],Signal transduction mechanisms,-1.615,Kinase/Phosphorylation,Low (5-8),Strong down
chr1,184907626,Zm00001eb033220,-2.4420295470223596,2.4420295470223596,0.0301472339352506,4,15,0,IL14H|Ki11|Ms71|P39,B97|CML247|CML277|CML322|CML333|CML69|HP301|Ki3|Ky21|M162W|Mo18W|NC358|Oh43|Oh7b|Tx303,ARF|GATA|MIKC_MADS,,,-0.359,Unknown,Rare (1-4),Stable
chr1,192290364,Zm00001eb034990,-3.154118781316213,3.154118781316213,0.0188111888111888,7,12,0,CML247|CML277|CML322|CML333|Ky21|Ms71|NC358,B97|CML69|HP301|IL14H|Ki11|Ki3|M162W|Mo18W|Oh43|Oh7b|P39|Tx303,Dof|MIKC_MADS|Trihelix|WRKY,XP_002444772.2 ABC transporter C family member 10 [Sorghum bicolor],"Secondary metabolites biosynthesis, transport and catabolism",1.562,Transporter,Low (5-8),Strong up
chr1,198167984,Zm00001eb036550,3.589115459714462,3.589115459714462,0.0188111888111888,5,14,0,B97|IL14H|Oh43|Oh7b|P39,CML247|CML277|CML322|CML333|CML69|HP301|Ki11|Ki3|Ky21|M162W|Mo18W|Ms71|NC358|Tx303,G2-like|GRAS|TALE,XP_002445820.1 exocyst complex component EXO70B1 [Sorghum bicolor],"Intracellular trafficking, secretion, and vesicular transport",-0.721,Other,Low (5-8),Mild down
chr1,199461418,Zm00001eb036910,2.11257112829817,2.11257112829817,0.025625148844963,6,13,0,CML322|CML69|Ki3|Ky21|Ms71|Tx303,B97|CML247|CML277|CML333|HP301|IL14H|Ki11|M162W|Mo18W|NC358|Oh43|Oh7b|P39,BES1|TALE,"XP_021320584.1 glycerophosphodiester phosphodiesterase GDPD1, chloroplastic [Sorghum bicolor]",Energy production and conversion,-0.438,Other,Low (5-8),Stable
chr1,200570121,Zm00001eb037210,-2.443463835576049,2.443463835576049,0.0497278422512067,3,14,2,IL14H|Oh43|P39,CML247|CML277|CML322|CML333|CML69|Ki11|Ki3|Ky21|M162W|Mo18W|Ms71|NC358|Oh7b|Tx303,,XP_002445776.1 PTI1-like tyrosine-protein kinase 3 [Sorghum bicolor],Signal transduction mechanisms,0.209,Kinase/Phosphorylation,Rare (1-4),Stable
chr1,206116074,Zm00001eb038600,2.2044341204611366,2.2044341204611366,0.0207280059247336,6,13,0,CML247|CML277|CML333|Ki11|Ki3|Tx303,B97|CML322|CML69|HP301|IL14H|Ky21|M162W|Mo18W|Ms71|NC358|Oh43|Oh7b|P39,,"XP_002444539.2 bifunctional TH2 protein, mitochondrial [Sorghum bicolor]",Transcription,0.237,Other,Low (5-8),Stable
chr1,206226148,Zm00001eb038640,1.6017144404374195,1.6017144404374195,0.0440432245772803,12,7,0,CML247|CML277|CML322|CML333|Ki11|Ki3|M162W|Mo18W|NC358|Oh7b|P39|Tx303,B97|CML69|HP301|IL14H|Ky21|Ms71|Oh43,,XP_002444541.1 histone-lysine N-methyltransferase family member SUVH9 [Sorghum bicolor],Chromatin structure and dynamics,0.649,Biosynthesis,Medium (9-12),Mild up
chr1,209881617,Zm00001eb039610,5.018659294750796,5.018659294750796,0.0497278422512067,13,6,0,B97|CML247|CML277|CML322|CML69|IL14H|Ki11|Ky21|M162W|Oh43|Oh7b|P39|Tx303,CML333|HP301|Ki3|Mo18W|Ms71|NC358,C2H2|GRAS|MIKC_MADS,XP_002445697.1 uncharacterized protein LOC8057823 [Sorghum bicolor],Signal transduction mechanisms,-0.356,Signal transduction,High (13+),Stable
chr1,210024968,Zm00001eb039620,-2.8626669109014293,2.8626669109014293,0.0188111888111888,7,12,0,B97|CML333|HP301|IL14H|Ms71|Oh43|Oh7b,CML247|CML277|CML322|CML69|Ki11|Ki3|Ky21|M162W|Mo18W|NC358|P39|Tx303,G2-like,"XP_021320422.1 cytochrome c1-2, heme protein, mitochondrial [Sorghum bicolor]",Energy production and conversion,0.584,Redox/Metabolism,Low (5-8),Mild up
chr1,219667307,Zm00001eb041750,3.2547150798762554,3.2547150798762554,0.0234529107256379,6,13,0,CML247|CML322|CML69|Ki3|M162W|Mo18W,B97|CML277|CML333|HP301|IL14H|Ki11|Ky21|Ms71|NC358|Oh43|Oh7b|P39|Tx303,,XP_002444382.1 uncharacterized protein LOC8075656 isoform X1 [Sorghum bicolor],Function unknown,-0.047,Unknown,Low (5-8),Stable
chr1,220331322,Zm00001eb041880,-4.27083902359084,4.27083902359084,0.0203714572407656,6,13,0,CML247|CML322|Ki11|Ki3|Mo18W|NC358,B97|CML277|CML333|CML69|HP301|IL14H|Ky21|M162W|Ms71|Oh43|Oh7b|P39|Tx303,,XP_002444371.1 DNA repair protein RAD4 [Sorghum bicolor],"Replication, recombination and repair",0.34,Other,Low (5-8),Stable
chr1,228006396,Zm00001eb043310,9.946821826323156,9.946821826323156,0.0304485214356458,12,7,0,CML247|CML277|CML333|CML69|Ki3|Ky21|M162W|Mo18W|Ms71|Oh43|Oh7b|Tx303,B97|CML322|HP301|IL14H|Ki11|NC358|P39,,XP_002466928.1 probable serine incorporator [Sorghum bicolor],Function unknown,0.562,Unknown,Medium (9-12),Mild up
chr1,234060687,Zm00001eb044910,-2.1490725006497247,2.1490725006497247,0.0207280059247336,8,11,0,B97|CML247|CML277|CML322|IL14H|Ki11|Oh43|Oh7b,CML333|CML69|HP301|Ki3|Ky21|M162W|Mo18W|Ms71|NC358|P39|Tx303,,"XP_021307649.1 protein TIC110, chloroplastic [Sorghum bicolor]",Function unknown,0.274,Unknown,Low (5-8),Stable
chr1,234172152,Zm00001eb044970,2.283194705250409,2.283194705250409,0.0457762769549841,9,10,0,B97|CML247|CML277|CML322|CML69|Ki11|Ky21|M162W|NC358,CML333|HP301|IL14H|Ki3|Mo18W|Ms71|Oh43|Oh7b|P39|Tx303,CPP|Trihelix,XP_004982769.1 NDR1/HIN1-like protein 6 [Setaria italica],Function unknown,1.519,Unknown,Medium (9-12),Strong up
chr1,241110893,Zm00001eb046750,-2.221385354874377,2.221385354874377,0.0240091484673528,5,14,0,CML247|CML69|Ky21|Mo18W|NC358,B97|CML277|CML322|CML333|HP301|IL14H|Ki11|Ki3|M162W|Ms71|Oh43|Oh7b|P39|Tx303,C2H2|CAMTA,XP_002464532.1 ras-related protein RABC2a [Sorghum bicolor],"Intracellular trafficking, secretion, and vesicular transport",1.153,Other,Low (5-8),Strong up
chr1,241539557,Zm00001eb046960,1.4931449668293355,1.4931449668293355,0.0388109050467402,15,4,0,CML247|CML277|CML322|CML69|Ki11|Ki3|Ky21|M162W|Mo18W|Ms71|NC358|Oh43|Oh7b|P39|Tx303,B97|CML333|HP301|IL14H,,XP_021306519.1 putative transporter arsB [Sorghum bicolor],Inorganic ion transport and metabolism,-0.451,Transporter,High (13+),Stable
chr1,245361730,Zm00001eb047770,-7.1755794559533985,7.1755794559533985,0.0219377080393704,9,10,0,B97|CML247|IL14H|Ki3|Ky21|Mo18W|NC358|Oh43|Oh7b,CML277|CML322|CML333|CML69|HP301|Ki11|M162W|Ms71|P39|Tx303,C2H2|GATA|HSF|MIKC_MADS|MYB,"XP_021307089.1 1,2-dihydroxy-3-keto-5-methylthiopentene dioxygenase 4-like [Sorghum bicolor]",Cytoskeleton,-0.08,Other,Medium (9-12),Stable
chr1,248596857,Zm00001eb048390,5.293251429718321,5.293251429718321,0.0234529107256379,6,13,0,IL14H|Mo18W|Ms71|Oh43|Oh7b|P39,B97|CML247|CML277|CML322|CML333|CML69|HP301|Ki11|Ki3|Ky21|M162W|NC358|Tx303,CAMTA|Nin-like|Trihelix,"XP_002464639.1 ATP-dependent 6-phosphofructokinase 5, chloroplastic [Sorghum bicolor]",Carbohydrate transport and metabolism,0.269,Kinase/Phosphorylation,Low (5-8),Stable
chr1,250455723,Zm00001eb048710,-3.3080792392493015,3.3080792392493015,0.0207280059247336,5,14,0,CML277|CML333|IL14H|Ky21|P39,B97|CML247|CML322|CML69|HP301|Ki11|Ki3|M162W|Mo18W|Ms71|NC358|Oh43|Oh7b|Tx303,,,,-1.306,Unknown,Low (5-8),Strong down
chr1,254679914,Zm00001eb049880,-2.0255071593635225,2.0255071593635225,0.0450283574693023,6,13,0,CML333|CML69|Ky21|M162W|Ms71|Oh7b,B97|CML247|CML277|CML322|HP301|IL14H|Ki11|Ki3|Mo18W|NC358|Oh43|P39|Tx303,,XP_021314676.1 scarecrow-like protein 34 [Sorghum bicolor],Transcription,0.166,Other,Low (5-8),Stable
chr1,254745792,Zm00001eb049920,-1.4840239648110298,1.4840239648110298,0.0388109050467402,6,13,0,CML333|Ki3|M162W|Ms71|NC358|P39,B97|CML247|CML277|CML322|CML69|HP301|IL14H|Ki11|Ky21|Mo18W|Oh43|Oh7b|Tx303,,XP_004982471.1 uncharacterized protein LOC101773080 isoform X1 [Setaria italica],Function unknown,0.869,Unknown,Low (5-8),Mild up
chr1,256721763,Zm00001eb050350,-2.967144294346598,2.967144294346598,0.0225486703409543,5,14,0,CML247|CML333|Ki11|Ki3|M162W,B97|CML277|CML322|CML69|HP301|IL14H|Ky21|Mo18W|Ms71|NC358|Oh43|Oh7b|P39|Tx303,,XP_004982316.1 DNA-directed RNA polymerase II subunit RPB2 [Setaria italica],Transcription,0.728,Other,Low (5-8),Mild up
chr1,263870101,Zm00001eb052110,-2.124106917694363,2.124106917694363,0.0454905595971426,6,13,0,CML247|Ms71|Oh43|Oh7b|P39|Tx303,B97|CML277|CML322|CML333|CML69|HP301|IL14H|Ki11|Ki3|Ky21|M162W|Mo18W|NC358,,,,-0.884,Unknown,Low (5-8),Mild down
chr1,274494877,Zm00001eb055010,-2.350013218095232,2.350013218095232,0.0226429045486012,6,13,0,CML69|HP301|Ky21|Mo18W|Ms71|P39,B97|CML247|CML277|CML322|CML333|IL14H|Ki11|Ki3|M162W|NC358|Oh43|Oh7b|Tx303,,XP_002466575.1 pentatricopeptide repeat-containing protein At4g01570 [Sorghum bicolor],Function unknown,0.75,Unknown,Low (5-8),Mild up
chr1,275076946,Zm00001eb055170,-3.0545487766710915,3.0545487766710915,0.0280050917722785,6,13,0,CML322|CML69|HP301|Mo18W|Ms71|P39,B97|CML247|CML277|CML333|IL14H|Ki11|Ki3|Ky21|M162W|NC358|Oh43|Oh7b|Tx303,MYB,"XP_002463993.2 probable phosphoribosylformylglycinamidine synthase, chloroplastic/mitochondrial [Sorghum bicolor]",Nucleotide transport and metabolism,0.24,Biosynthesis,Low (5-8),Stable
chr1,276650852,Zm00001eb055620,3.0840355488625844,3.0840355488625844,0.0188111888111888,9,10,0,B97|CML247|CML277|CML69|Ki3|Ky21|M162W|Mo18W|Tx303,CML322|CML333|HP301|IL14H|Ki11|Ms71|NC358|Oh43|Oh7b|P39,HD-ZIP|MYB|MYB_related|Trihelix,XP_021320574.1 SWI/SNF complex subunit SWI3D isoform X1 [Sorghum bicolor],Chromatin structure and dynamics,0.518,Chromatin/Epigenetic,Medium (9-12),Mild up
chr1,278826136,Zm00001eb056030,2.1339360185778684,2.1339360185778684,0.0338267581908725,11,6,2,CML247|CML277|CML333|CML69|Ki11|Ki3|Mo18W|Ms71|NC358|P39|Tx303,B97|HP301|IL14H|M162W|Oh43|Oh7b,,XP_006650537.3 prostamide/prostaglandin F synthase-like [Oryza brachyantha],Function unknown,0.103,Biosynthesis,Medium (9-12),Stable
chr1,282764868,Zm00001eb057160,-1.9297323311764496,1.9297323311764496,0.0428200920646902,11,8,0,B97|CML247|CML69|HP301|IL14H|Ki11|Mo18W|Ms71|NC358|Oh43|P39,CML277|CML322|CML333|Ki3|Ky21|M162W|Oh7b|Tx303,,XP_002466462.1 PHD finger protein ING2 [Sorghum bicolor],Chromatin structure and dynamics,0.672,Chromatin/Epigenetic,Medium (9-12),Mild up
chr1,292328009,Zm00001eb059970,3.75243387349988,3.75243387349988,0.0388109050467402,16,3,0,B97|CML247|CML277|CML333|CML69|HP301|IL14H|Ky21|M162W|Mo18W|Ms71|NC358|Oh43|Oh7b|P39|Tx303,CML322|Ki11|Ki3,,XP_002463775.1 CCR4-NOT transcription complex subunit 3 [Sorghum bicolor],Function unknown,-1.187,Unknown,High (13+),Strong down
chr1,293484526,Zm00001eb060330,1.7107850348014724,1.7107850348014724,0.0412300028738384,7,12,0,CML277|CML322|CML69|HP301|IL14H|M162W|Tx303,B97|CML247|CML333|Ki11|Ki3|Ky21|Mo18W|Ms71|NC358|Oh43|Oh7b|P39,ARF|MYB,XP_021313575.1 replication factor C subunit 5 [Sorghum bicolor],"Replication, recombination and repair",0.621,Other,Low (5-8),Mild up
chr1,293674250,Zm00001eb060410,2.382455404355214,2.382455404355214,0.0269464077021537,4,15,0,B97|CML69|Ki11|Ms71,CML247|CML277|CML322|CML333|HP301|IL14H|Ki3|Ky21|M162W|Mo18W|NC358|Oh43|Oh7b|P39|Tx303,,XP_002466320.1 25.3 kDa vesicle transport protein [Sorghum bicolor],"Intracellular trafficking, secretion, and vesicular transport",0.645,Other,Rare (1-4),Mild up
chr1,294630742,Zm00001eb060730,3.766490117317838,3.766490117317838,0.0207280059247336,12,7,0,B97|CML277|CML322|CML333|CML69|IL14H|Ki11|Ki3|Ky21|M162W|P39|Tx303,CML247|HP301|Mo18W|Ms71|NC358|Oh43|Oh7b,Trihelix,XP_002463741.1 60S ribosomal protein L4-1 [Sorghum bicolor],"Translation, ribosomal structure and biogenesis",1.047,Translation,Medium (9-12),Strong up
chr1,296607704,Zm00001eb061370,2.515980070847814,2.515980070847814,0.0203714572407656,6,13,0,CML247|CML69|Ki11|Mo18W|Oh43|Tx303,B97|CML277|CML322|CML333|HP301|IL14H|Ki3|Ky21|M162W|Ms71|NC358|Oh7b|P39,,XP_052150214.1 protein NO VEIN [Oryza glaberrima],,0.307,Other,Low (5-8),Stable
chr1,297171952,Zm00001eb061520,-1.69168016277512,1.69168016277512,0.0450283574693023,7,12,0,B97|CML322|CML333|IL14H|Ki11|Ky21|Ms71,CML247|CML277|CML69|HP301|Ki3|M162W|Mo18W|NC358|Oh43|Oh7b|P39|Tx303,,XP_015691198.1 elongation factor P isoform X1 [Oryza brachyantha],"Translation, ribosomal structure and biogenesis",1.868,Translation,Low (5-8),Strong up
chr1,297567154,Zm00001eb061760,-2.2616050530421106,2.2616050530421106,0.0457762769549841,10,9,0,CML247|CML333|CML69|Ki11|Ki3|Ky21|M162W|Mo18W|NC358|Tx303,B97|CML277|CML322|HP301|IL14H|Ms71|Oh43|Oh7b|P39,,XP_002466244.1 40S ribosomal protein S2-3 [Sorghum bicolor],"Translation, ribosomal structure and biogenesis",0.635,Translation,Medium (9-12),Mild up
chr1,297821539,Zm00001eb061820,-1.8927238208995572,1.8927238208995572,0.0311749805466796,7,12,0,CML247|CML277|HP301|Ki3|Mo18W|Oh43|Tx303,B97|CML322|CML333|CML69|IL14H|Ki11|Ky21|M162W|Ms71|NC358|Oh7b|P39,,XP_006651938.2 remorin 4.1-like [Oryza brachyantha],Function unknown,0.696,Unknown,Low (5-8),Mild up
chr1,297954395,Zm00001eb061860,1.9645315002438188,1.9645315002438188,0.0353818048958713,10,9,0,B97|CML277|CML333|CML69|HP301|Ky21|M162W|Mo18W|Oh7b|Tx303,CML247|CML322|IL14H|Ki11|Ki3|Ms71|NC358|Oh43|P39,,XP_002466239.1 calcium-dependent protein kinase 8 [Sorghum bicolor],Signal transduction mechanisms,0.186,Kinase/Phosphorylation,Medium (9-12),Stable
chr1,298119374,Zm00001eb061940,2.011460116416276,2.011460116416276,0.0226429045486012,11,8,0,B97|CML247|CML333|HP301|IL14H|Ki11|Ky21|M162W|Mo18W|Oh43|Oh7b,CML277|CML322|CML69|Ki3|Ms71|NC358|P39|Tx303,C2H2|MYB,XP_002466235.1 TLC domain-containing protein At5g14285 [Sorghum bicolor],Function unknown,0.158,Unknown,Medium (9-12),Stable
chr1,299161158,Zm00001eb062220,-1.556245220513922,1.556245220513922,0.0315767463870279,8,11,0,CML247|CML322|CML69|IL14H|Ki3|M162W|Mo18W|Oh43,B97|CML277|CML333|HP301|Ki11|Ky21|Ms71|NC358|Oh7b|P39|Tx303,MYB_related,XP_002463653.1 U-box domain-containing protein 62 isoform X1 [Sorghum bicolor],Function unknown,0.263,Unknown,Low (5-8),Stable
chr1,302187930,Zm00001eb063300,1.6836412220269683,1.6836412220269683,0.0203714572407656,6,11,2,CML277|CML69|IL14H|Ki11|Ki3|Ky21,B97|CML247|CML322|CML333|HP301|Mo18W|Ms71|NC358|Oh43|Oh7b|P39,CAMTA|bHLH|bZIP,"XP_021319783.1 DEAD-box ATP-dependent RNA helicase 3, chloroplastic [Sorghum bicolor]",RNA processing and modification,0.095,Other,Low (5-8),Stable
chr1,306610697,Zm00001eb065000,-3.849499542569564,3.849499542569564,0.0188111888111888,7,12,0,CML322|Ki11|Ki3|M162W|Mo18W|Ms71|Oh7b,B97|CML247|CML277|CML333|CML69|HP301|IL14H|Ky21|NC358|Oh43|P39|Tx303,LBD,XP_002466062.1 probable carbohydrate esterase At4g34215 [Sorghum bicolor],Function unknown,-2.893,Unknown,Low (5-8),Strong down
chr2,6413681,Zm00001eb068910,2.9487015875250875,2.9487015875250875,0.0497278422512067,3,14,2,Ki11|Ki3|Mo18W,B97|CML277|CML322|CML333|CML69|HP301|IL14H|Ky21|M162W|Ms71|Oh43|Oh7b|P39|Tx303,,XP_002448622.1 binding partner of ACD11 1 [Sorghum bicolor],RNA processing and modification,-0.423,Other,Rare (1-4),Stable
chr2,11570568,Zm00001eb071290,2.1910098163731746,2.1910098163731746,0.028085643230545,6,13,0,B97|CML69|M162W|Mo18W|Oh43|Oh7b,CML247|CML277|CML322|CML333|HP301|IL14H|Ki11|Ki3|Ky21|Ms71|NC358|P39|Tx303,,XP_002447064.2 uncharacterized protein LOC8072313 isoform X2 [Sorghum bicolor],Function unknown,-0.738,Unknown,Low (5-8),Mild down
chr2,11669559,Zm00001eb071360,2.2096785542951864,2.2096785542951864,0.0376566109050185,13,6,0,B97|CML247|CML277|CML322|CML333|CML69|Ki11|Ki3|Ky21|M162W|Mo18W|NC358|Oh7b,HP301|IL14H|Ms71|Oh43|P39|Tx303,,XP_002448493.1 galacturonokinase [Sorghum bicolor],Carbohydrate transport and metabolism,-0.376,Kinase/Phosphorylation,High (13+),Stable
chr2,15238401,Zm00001eb072790,2.599665427912612,2.599665427912612,0.0450283574693023,3,16,0,CML277|Ki3|P39,B97|CML247|CML322|CML333|CML69|HP301|IL14H|Ki11|Ky21|M162W|Mo18W|Ms71|NC358|Oh43|Oh7b|Tx303,,XP_002446995.1 uncharacterized protein LOC8057699 [Sorghum bicolor],"Translation, ribosomal structure and biogenesis",0.886,Translation,Rare (1-4),Mild up
chr2,18375896,Zm00001eb073810,2.74040437964149,2.74040437964149,0.0388109050467402,3,16,0,CML322|Ms71|Tx303,B97|CML247|CML277|CML333|CML69|HP301|IL14H|Ki11|Ki3|Ky21|M162W|Mo18W|NC358|Oh43|Oh7b|P39,ARF|Dof,XP_002448347.2 protein argonaute 1B isoform X2 [Sorghum bicolor],"Translation, ribosomal structure and biogenesis",-1.571,Translation,Rare (1-4),Strong down
chr2,50978303,Zm00001eb082480,-2.112619935604266,2.112619935604266,0.0234529107256379,6,13,0,CML247|CML277|CML69|Ki11|Ky21|NC358,B97|CML322|CML333|HP301|IL14H|Ki3|M162W|Mo18W|Ms71|Oh43|Oh7b|P39|Tx303,CAMTA|TALE|bHLH,XP_004975664.1 vasodilator-stimulated phosphoprotein-like [Setaria italica],,-1.251,Other,Low (5-8),Strong down
chr2,66222254,Zm00001eb084920,-2.3696942297445207,2.3696942297445207,0.0234529107256379,8,11,0,B97|CML277|CML69|IL14H|Ki3|M162W|Ms71|P39,CML247|CML322|CML333|HP301|Ki11|Ky21|Mo18W|NC358|Oh43|Oh7b|Tx303,C2H2|CAMTA|CPP|M-type_MADS|MYB,XP_004953540.1 60S ribosomal protein L12-1 [Setaria italica],"Translation, ribosomal structure and biogenesis",0.679,Translation,Low (5-8),Mild up
chr2,84666680,Zm00001eb086540,5.451041171360822,5.451041171360822,0.0207280059247336,7,10,2,B97|HP301|Ky21|M162W|Ms71|NC358|Oh43,CML247|CML277|CML322|CML69|IL14H|Ki11|Mo18W|Oh7b|P39|Tx303,CPP|Dof|MYB|Trihelix|WRKY,XP_021318420.1 lactoylglutathione lyase [Sorghum bicolor],Carbohydrate transport and metabolism,0.088,Other,Low (5-8),Stable
chr2,91262529,Zm00001eb087050,-1.7993221358770537,1.7993221358770537,0.0234529107256379,12,7,0,CML247|CML333|CML69|HP301|Ki11|Ki3|Ky21|M162W|Mo18W|Ms71|Oh7b|Tx303,B97|CML277|CML322|IL14H|NC358|Oh43|P39,Nin-like,XP_002447595.1 CASP-like protein 2A1 [Sorghum bicolor],Function unknown,0.34,Unknown,Medium (9-12),Stable
chr2,115957364,Zm00001eb089390,1.929141988092667,1.929141988092667,0.0311895358527482,8,11,0,CML333|CML69|HP301|Ky21|M162W|Mo18W|Oh43|Tx303,B97|CML247|CML277|CML322|IL14H|Ki11|Ki3|Ms71|NC358|Oh7b|P39,C2H2|Dof|GRAS|LBD|MIKC_MADS|TALE,XP_002447427.2 ATP sulfurylase 2 [Sorghum bicolor],Inorganic ion transport and metabolism,-1.866,Other,Low (5-8),Strong down
chr2,127623788,Zm00001eb090620,2.2895812390196606,2.2895812390196606,0.0329976999744441,12,7,0,B97|CML247|CML277|CML333|HP301|Ki11|Ki3|Ky21|Mo18W|Ms71|Oh43|Oh7b,CML322|CML69|IL14H|M162W|NC358|P39|Tx303,,XP_012704094.2 cytochrome P450 94B3 [Setaria italica],"Lipid transport and metabolism;Secondary metabolites biosynthesis, transport and catabolism",-0.535,Redox/Metabolism,Medium (9-12),Mild down
chr2,129787929,Zm00001eb090730,-2.2002636420852406,2.2002636420852406,0.0234529107256379,5,14,0,CML69|HP301|IL14H|M162W|Ms71,B97|CML247|CML277|CML322|CML333|Ki11|Ki3|Ky21|Mo18W|NC358|Oh43|Oh7b|P39|Tx303,MYB_related|Trihelix,XP_004979204.1 protein krasavietz [Setaria italica],"Translation, ribosomal structure and biogenesis",0.406,Translation,Low (5-8),Stable
chr2,134943378,Zm00001eb091250,3.9303940206049,3.9303940206049,0.0188111888111888,9,10,0,B97|CML277|CML333|Ki11|Ki3|Ky21|Mo18W|Ms71|Oh43,CML247|CML322|CML69|HP301|IL14H|M162W|NC358|Oh7b|P39|Tx303,GRAS|HSF|M-type_MADS|MIKC_MADS,XP_021316715.1 protein ACCELERATED CELL DEATH 6 [Sorghum bicolor],Function unknown,-1.768,Unknown,Medium (9-12),Strong down
chr2,137218069,Zm00001eb091420,1.5741093788501044,1.5741093788501044,0.0498621926919096,4,15,0,HP301|Ky21|M162W|Oh43,B97|CML247|CML277|CML322|CML333|CML69|IL14H|Ki11|Ki3|Mo18W|Ms71|NC358|Oh7b|P39|Tx303,ERF|TALE,XP_002450415.2 ABC transporter G family member 25 [Sorghum bicolor],"Secondary metabolites biosynthesis, transport and catabolism",1.206,Transporter,Rare (1-4),Strong up
chr2,149291040,Zm00001eb092900,-3.683282732956356,3.683282732956356,0.0224509667547642,11,8,0,B97|CML333|Ki11|Ki3|Ky21|M162W|Mo18W|Ms71|NC358|Oh7b|Tx303,CML247|CML277|CML322|CML69|HP301|IL14H|Oh43|P39,,XP_002448974.1 protein TRAUCO [Sorghum bicolor],Chromatin structure and dynamics;Transcription,0.287,Chromatin/Epigenetic,Medium (9-12),Stable
chr2,150353833,Zm00001eb093120,-4.107570323715804,4.107570323715804,0.039548112582254,6,8,5,CML247|CML277|Ki11|Ki3|Oh43|P39,CML322|CML333|CML69|HP301|Ky21|Mo18W|NC358|Tx303,C2H2|Dof|GRAS|MIKC_MADS|TALE,"XP_021317136.1 L-galactono-1,4-lactone dehydrogenase 2, mitochondrial [Sorghum bicolor]",Defense mechanisms,0.286,Redox/Metabolism,Low (5-8),Stable
chr2,157709917,Zm00001eb094240,-2.7660951915360297,2.7660951915360297,0.0226429045486012,4,15,0,CML277|CML69|Oh7b|P39,B97|CML247|CML322|CML333|HP301|IL14H|Ki11|Ki3|Ky21|M162W|Mo18W|Ms71|NC358|Oh43|Tx303,,XP_002450097.1 mRNA turnover protein 4 homolog [Sorghum bicolor],RNA processing and modification,0.716,Other,Rare (1-4),Mild up
chr2,159164367,Zm00001eb094480,-2.6400627341813325,2.6400627341813325,0.0234529107256379,6,13,0,CML247|CML277|CML333|IL14H|M162W|Ms71,B97|CML322|CML69|HP301|Ki11|Ki3|Ky21|Mo18W|NC358|Oh43|Oh7b|P39|Tx303,,XP_002459926.1 SEC14 cytosolic factor isoform X4 [Sorghum bicolor],Lipid transport and metabolism,-0.651,Other,Low (5-8),Mild down
chr2,159636350,Zm00001eb094520,-1.8043074544860256,1.8043074544860256,0.0203714572407656,12,7,0,CML247|CML277|CML333|CML69|IL14H|Ki11|Ki3|M162W|Mo18W|Ms71|NC358|P39,B97|CML322|HP301|Ky21|Oh43|Oh7b|Tx303,C2H2|GRAS|MIKC_MADS|NAC|bHLH|bZIP,XP_021309874.1 E3 ubiquitin-protein ligase UPL1-like isoform X2 [Sorghum bicolor],"Posttranslational modification, protein turnover, chaperones",0.731,Chaperone/HSP,Medium (9-12),Mild up
chr2,160906572,Zm00001eb094610,1.9148125674673215,1.9148125674673215,0.0242290804008156,7,12,0,CML247|IL14H|Ki3|M162W|Mo18W|Oh43|P39,B97|CML277|CML322|CML333|CML69|HP301|Ki11|Ky21|Ms71|NC358|Oh7b|Tx303,,XP_002459717.1 putative lipid-transfer protein DIR1 [Sorghum bicolor],Function unknown,-1.823,Unknown,Low (5-8),Strong down
chr2,165512139,Zm00001eb095350,1.7922653212566346,1.7922653212566346,0.039548112582254,6,13,0,B97|CML247|HP301|Ms71|Oh43|Oh7b,CML277|CML322|CML333|CML69|IL14H|Ki11|Ki3|Ky21|M162W|Mo18W|NC358|P39|Tx303,G2-like|GATA|Trihelix|bHLH,XP_021308623.1 probable cellulose synthase A catalytic subunit 8 [UDP-forming] [Sorghum bicolor],Carbohydrate transport and metabolism,-0.723,Biosynthesis,Low (5-8),Mild down
chr2,179202379,Zm00001eb097990,3.416799706097878,3.416799706097878,0.0224509667547642,11,8,0,CML322|CML333|CML69|Ki11|Ki3|Mo18W|Ms71|NC358|Oh43|Oh7b|Tx303,B97|CML247|CML277|HP301|IL14H|Ky21|M162W|P39,,XP_002462170.1 protein SAWADEE HOMEODOMAIN HOMOLOG 2 isoform X2 [Sorghum bicolor],Transcription,0.3,Other,Medium (9-12),Stable
chr2,184394540,Zm00001eb099240,-2.3588175467836083,2.3588175467836083,0.0190825576505044,11,8,0,B97|CML247|CML277|CML322|CML333|HP301|Ki11|Mo18W|Ms71|Oh43|Tx303,CML69|IL14H|Ki3|Ky21|M162W|NC358|Oh7b|P39,LBD|TALE|WRKY,XP_002462352.1 protein TIFY 6b [Sorghum bicolor],Function unknown,0.198,Unknown,Medium (9-12),Stable
chr2,187908036,Zm00001eb099850,1.5555304707154634,1.5555304707154634,0.0370781896470527,7,12,0,B97|CML333|CML69|HP301|Ky21|Oh43|Tx303,CML247|CML277|CML322|IL14H|Ki11|Ki3|M162W|Mo18W|Ms71|NC358|Oh7b|P39,ARR-B|G2-like|LBD,XP_004956889.1 pentatricopeptide repeat-containing protein At5g10690 isoform X1 [Setaria italica],Function unknown,-0.362,Unknown,Low (5-8),Stable
chr2,188343833,Zm00001eb099930,-2.043435168426184,2.043435168426184,0.0392961004179572,7,12,0,B97|CML247|HP301|IL14H|Ki3|Oh43|P39,CML277|CML322|CML333|CML69|Ki11|Ky21|M162W|Mo18W|Ms71|NC358|Oh7b|Tx303,,NP_001332089.1 Histone superfamily protein [Arabidopsis thaliana],Chromatin structure and dynamics,-0.524,Transcription factor,Low (5-8),Mild down
chr2,189051241,Zm00001eb100140,-1.9935988145958217,1.9935988145958217,0.0325252403119521,13,6,0,B97|CML247|CML322|CML69|IL14H|Ki11|Ky21|M162W|Mo18W|Ms71|Oh43|Oh7b|P39,CML277|CML333|HP301|Ki3|NC358|Tx303,HD-ZIP|MYB,,,-1.447,Unknown,High (13+),Strong down
chr2,195309375,Zm00001eb101980,2.0274421820994974,2.0274421820994974,0.0234529107256379,8,11,0,CML247|CML277|CML333|CML69|Ki3|Ky21|M162W|Tx303,B97|CML322|HP301|IL14H|Ki11|Mo18W|Ms71|NC358|Oh43|Oh7b|P39,,,,2.131,Unknown,Low (5-8),Strong up
chr2,197316674,Zm00001eb102250,2.374165845346326,2.374165845346326,0.0387748524021069,10,9,0,B97|CML247|CML322|CML69|HP301|Ki11|Mo18W|Ms71|Oh43|Tx303,CML277|CML333|IL14H|Ki3|Ky21|M162W|NC358|Oh7b|P39,NAC,XP_002460481.1 60S ribosomal protein L32-1 [Sorghum bicolor],"Translation, ribosomal structure and biogenesis",0.547,Translation,Medium (9-12),Mild up
chr2,199471918,Zm00001eb102770,-3.72460756663395,3.72460756663395,0.0423031419387483,15,4,0,B97|CML277|CML322|CML333|CML69|HP301|Ki11|Ki3|Ky21|M162W|Mo18W|Ms71|Oh43|Oh7b|Tx303,CML247|IL14H|NC358|P39,,XP_021310410.1 uncharacterized protein LOC110433095 isoform X1 [Sorghum bicolor],Function unknown,-0.093,Unknown,High (13+),Stable
chr2,201176114,Zm00001eb103260,-2.321060806569264,2.321060806569264,0.0234529107256379,8,11,0,CML277|CML333|IL14H|Ki11|Ms71|Oh43|Oh7b|Tx303,B97|CML247|CML322|CML69|HP301|Ki3|Ky21|M162W|Mo18W|NC358|P39,HD-ZIP,"XP_004957429.1 probable 6-phosphogluconolactonase 4, chloroplastic [Setaria italica]",Carbohydrate transport and metabolism,-0.035,Other,Low (5-8),Stable
chr2,203976292,Zm00001eb104260,-3.1423662585172822,3.1423662585172822,0.0203714572407656,7,12,0,CML277|HP301|IL14H|Ki3|M162W|Oh43|P39,B97|CML247|CML322|CML333|CML69|Ki11|Ky21|Mo18W|Ms71|NC358|Oh7b|Tx303,ARR-B|CPP|G2-like|MYB_related|Trihelix,XP_021309543.1 protein NLP1 [Sorghum bicolor],Transcription,-1.356,Other,Low (5-8),Strong down
chr2,204129280,Zm00001eb104300,-2.0729768128253014,2.0729768128253014,0.0474791629035171,9,9,1,CML247|CML322|CML333|Ki11|Ki3|M162W|Ms71|NC358|Tx303,CML277|CML69|HP301|IL14H|Ky21|Mo18W|Oh43|Oh7b|P39,,XP_021308164.1 G-type lectin S-receptor-like serine/threonine-protein kinase B120 [Sorghum bicolor],Signal transduction mechanisms,-0.918,Kinase/Phosphorylation,Medium (9-12),Mild down
chr2,205427329,Zm00001eb104810,3.306003782257017,3.306003782257017,0.0188111888111888,11,8,0,B97|CML333|HP301|IL14H|Ki11|M162W|Mo18W|Ms71|Oh43|Oh7b|P39,CML247|CML277|CML322|CML69|Ki3|Ky21|NC358|Tx303,,XP_002460675.1 serine/threonine-protein kinase/endoribonuclease IRE1 isoform X1 [Sorghum bicolor],Signal transduction mechanisms,0.356,Kinase/Phosphorylation,Medium (9-12),Stable
chr2,208547792,Zm00001eb105590,-3.1140159289396037,3.1140159289396037,0.0224509667547642,11,8,0,B97|CML247|CML277|CML322|CML333|CML69|IL14H|Mo18W|NC358|Oh7b|P39,HP301|Ki11|Ki3|Ky21|M162W|Ms71|Oh43|Tx303,BES1|bHLH,XP_002460737.1 GTPase activating protein 1 [Sorghum bicolor],Function unknown,-2.068,Unknown,Medium (9-12),Strong down
chr2,208963532,Zm00001eb105750,3.984082892776928,3.984082892776928,0.0388109050467402,3,16,0,HP301|IL14H|P39,B97|CML247|CML277|CML322|CML333|CML69|Ki11|Ki3|Ky21|M162W|Mo18W|Ms71|NC358|Oh43|Oh7b|Tx303,MYB|bHLH,XP_002462913.1 SH3 domain-containing protein 3 [Sorghum bicolor],Signal transduction mechanisms,0.505,Signal transduction,Rare (1-4),Mild up
chr2,210156220,Zm00001eb106100,2.2421915352182813,2.2421915352182813,0.0370781896470527,7,12,0,B97|CML247|CML322|CML333|HP301|Ki11|Ki3,CML277|CML69|IL14H|Ky21|M162W|Mo18W|Ms71|NC358|Oh43|Oh7b|P39|Tx303,,XP_021309817.1 TORTIFOLIA1-like protein 1 isoform X2 [Sorghum bicolor],Function unknown,-0.259,Unknown,Low (5-8),Stable
chr2,210259382,Zm00001eb106160,1.6798491547575147,1.6798491547575147,0.0450283574693023,5,14,0,CML247|HP301|IL14H|M162W|P39,B97|CML277|CML322|CML333|CML69|Ki11|Ki3|Ky21|Mo18W|Ms71|NC358|Oh43|Oh7b|Tx303,GATA|HD-ZIP,"XP_004957888.3 glucose-6-phosphate/phosphate translocator 2, chloroplastic [Setaria italica]",Amino acid transport and metabolism;Carbohydrate transport and metabolism,-2.44,Kinase/Phosphorylation,Low (5-8),Strong down
chr2,210450109,Zm00001eb106240,-0.774454218968955,0.774454218968955,0.0423031419387483,3,16,0,CML247|IL14H|P39,B97|CML277|CML322|CML333|CML69|HP301|Ki11|Ki3|Ky21|M162W|Mo18W|Ms71|NC358|Oh43|Oh7b|Tx303,,"XP_002460802.1 pyruvate, phosphate dikinase regulatory protein, chloroplastic [Sorghum bicolor]",Function unknown,-1.103,Kinase/Phosphorylation,Rare (1-4),Strong down
chr2,210507799,Zm00001eb106250,1.8393724624089127,1.8393724624089127,0.0498621926919096,15,4,0,B97|CML247|CML322|CML333|CML69|HP301|IL14H|Ki11|Ki3|Mo18W|NC358|Oh43|Oh7b|P39|Tx303,CML277|Ky21|M162W|Ms71,Trihelix|bHLH|bZIP,XP_021308978.1 uncharacterized protein LOC8080150 isoform X1 [Sorghum bicolor],Function unknown,-2.295,Unknown,High (13+),Strong down
chr2,213303119,Zm00001eb107400,1.7135357031632072,1.7135357031632072,0.039548112582254,8,11,0,B97|CML247|HP301|IL14H|Ki11|M162W|Mo18W|NC358,CML277|CML322|CML333|CML69|Ki3|Ky21|Ms71|Oh43|Oh7b|P39|Tx303,C2H2|Dof|GRAS|LBD|MIKC_MADS|TALE,XP_052162206.1 probable serine/threonine-protein kinase WNK1 [Oryza glaberrima],Signal transduction mechanisms,-0.446,Kinase/Phosphorylation,Low (5-8),Stable
chr2,216082865,Zm00001eb108390,3.0303187230202746,3.0303187230202746,0.0224509667547642,5,11,3,B97|IL14H|Ky21|M162W|Tx303,CML247|CML277|CML322|CML333|CML69|Ki11|Ki3|Ms71|NC358|Oh7b|P39,MYB,XP_021308777.1 formin-like protein 5 isoform X2 [Sorghum bicolor],Signal transduction mechanisms;Cytoskeleton,0.044,Signal transduction,Low (5-8),Stable
chr2,218577186,Zm00001eb109520,3.0542274549644044,3.0542274549644044,0.0207280059247336,9,10,0,CML247|Ki11|Ki3|M162W|Ms71|NC358|Oh43|Oh7b|Tx303,B97|CML277|CML322|CML333|CML69|HP301|IL14H|Ky21|Mo18W|P39,,XP_002459826.1 delta(14)-sterol reductase [Sorghum bicolor],Lipid transport and metabolism;Signal transduction mechanisms,-0.798,Redox/Metabolism,Medium (9-12),Mild down
chr2,219207006,Zm00001eb109710,-2.3621668479860167,2.3621668479860167,0.0467798968175757,5,14,0,B97|CML322|HP301|Ky21|M162W,CML247|CML277|CML333|CML69|IL14H|Ki11|Ki3|Mo18W|Ms71|NC358|Oh43|Oh7b|P39|Tx303,ERF|MYB,XP_002463207.1 uncharacterized protein LOC8061566 [Sorghum bicolor],Function unknown,-0.098,Unknown,Low (5-8),Stable
chr2,219308618,Zm00001eb109770,-4.723984419407953,4.723984419407953,0.0224509667547642,5,14,0,HP301|IL14H|Ki11|M162W|Oh43,B97|CML247|CML277|CML322|CML333|CML69|Ki3|Ky21|Mo18W|Ms71|NC358|Oh7b|P39|Tx303,,XP_004958381.1 uncharacterized protein LOC101758324 [Setaria italica],Function unknown,0.578,Unknown,Low (5-8),Mild up
chr2,219948998,Zm00001eb110020,-2.196394333079513,2.196394333079513,0.0311749805466796,11,8,0,B97|CML247|CML322|CML333|CML69|IL14H|Ki11|Ki3|Ky21|Mo18W|Tx303,CML277|HP301|M162W|Ms71|NC358|Oh43|Oh7b|P39,,XP_002461094.1 CBL-interacting protein kinase 21 [Sorghum bicolor],Signal transduction mechanisms,-0.735,Kinase/Phosphorylation,Medium (9-12),Mild down
chr2,221893832,Zm00001eb110760,-1.8964085092470744,1.8964085092470744,0.0234529107256379,4,15,0,B97|Ki11|Ki3|Oh7b,CML247|CML277|CML322|CML333|CML69|HP301|IL14H|Ky21|M162W|Mo18W|Ms71|NC358|Oh43|P39|Tx303,G2-like|GRAS|HD-ZIP|M-type_MADS|MYB|WOX,XP_021308965.1 haloacid dehalogenase-like hydrolase domain-containing protein 3 [Sorghum bicolor],Function unknown,1.331,Unknown,Rare (1-4),Strong up
chr2,227252089,Zm00001eb112590,-1.7042008650994074,1.7042008650994074,0.0423031419387483,10,8,1,CML277|CML333|CML69|Ki11|M162W|Mo18W|NC358|Oh7b|P39|Tx303,B97|CML247|HP301|IL14H|Ki3|Ky21|Ms71|Oh43,C2H2|Dof|ERF|MIKC_MADS|NAC,XP_021316986.1 protein disulfide-isomerase [Sorghum bicolor],"Posttranslational modification, protein turnover, chaperones",1.029,Chaperone/HSP,Medium (9-12),Strong up
chr2,229264642,Zm00001eb113090,3.226892876942958,3.226892876942958,0.0388109050467402,3,16,0,B97|CML277|Ms71,CML247|CML322|CML333|CML69|HP301|IL14H|Ki11|Ki3|Ky21|M162W|Mo18W|NC358|Oh43|Oh7b|P39|Tx303,,XP_006651553.2 CBBY-like protein [Oryza brachyantha],Function unknown,-0.858,Unknown,Rare (1-4),Mild down
chr2,231733039,Zm00001eb113950,2.4276087436468217,2.4276087436468217,0.0497278422512067,3,16,0,Ky21|M162W|Oh43,B97|CML247|CML277|CML322|CML333|CML69|HP301|IL14H|Ki11|Ki3|Mo18W|Ms71|NC358|Oh7b|P39|Tx303,ARR-B|G2-like|MYB|MYB_related,XP_021317578.1 growth-regulating factor 8-like isoform X1 [Sorghum bicolor],Transcription,0.714,Other,Rare (1-4),Mild up
chr2,231974874,Zm00001eb114030,2.9034353041982452,2.9034353041982452,0.0234529107256379,5,14,0,CML277|CML322|IL14H|Ki11|Ki3,B97|CML247|CML333|CML69|HP301|Ky21|M162W|Mo18W|Ms71|NC358|Oh43|Oh7b|P39|Tx303,AP2|Dof|MIKC_MADS|NAC|SBP,XP_021316477.1 serine/threonine-protein kinase-like protein At1g28390 [Sorghum bicolor],"Transcription;Replication, recombination and repair;Signal transduction mechanisms",-1.263,Kinase/Phosphorylation,Low (5-8),Strong down
chr2,240761302,Zm00001eb117470,1.933356301671669,1.933356301671669,0.0370781896470527,7,12,0,CML247|CML322|CML333|CML69|Ki3|Ky21|Mo18W,B97|CML277|HP301|IL14H|Ki11|M162W|Ms71|NC358|Oh43|Oh7b|P39|Tx303,,XP_002461478.1 uncharacterized protein LOC8086421 [Sorghum bicolor],,1.677,Other,Low (5-8),Strong up
chr2,241868493,Zm00001eb117970,-2.2725010919480866,2.2725010919480866,0.0234529107256379,5,14,0,CML322|IL14H|M162W|NC358|Tx303,B97|CML247|CML277|CML333|CML69|HP301|Ki11|Ki3|Ky21|Mo18W|Ms71|Oh43|Oh7b|P39,,"XP_021309515.1 succinate dehydrogenase [ubiquinone] flavoprotein subunit, mitochondrial [Sorghum bicolor]",Energy production and conversion,-0.282,Redox/Metabolism,Low (5-8),Stable
chr3,1394090,Zm00001eb118790,2.2539416957231064,2.2539416957231064,0.0412300028738384,6,13,0,CML277|CML69|HP301|IL14H|Oh7b|P39,B97|CML247|CML322|CML333|Ki11|Ki3|Ky21|M162W|Mo18W|Ms71|NC358|Oh43|Tx303,,XP_004986052.1 uncharacterized protein LOC101760145 [Setaria italica],Transcription,0.529,Other,Low (5-8),Mild up
chr3,2105164,Zm00001eb119270,-2.135287702759879,2.135287702759879,0.0353818048958713,4,14,1,Ki11|M162W|Mo18W|Oh43,B97|CML247|CML322|CML333|CML69|HP301|IL14H|Ki3|Ky21|Ms71|NC358|Oh7b|P39|Tx303,Dof|GRAS,XP_021312761.1 transcription factor bHLH68 [Sorghum bicolor],Transcription,0.604,Transcription factor,Rare (1-4),Mild up
chr3,4403930,Zm00001eb120360,3.413018641119319,3.413018641119319,0.0474791629035171,9,10,0,B97|CML247|CML277|CML322|Ki3|M162W|Mo18W|NC358|Oh7b,CML333|CML69|HP301|IL14H|Ki11|Ky21|Ms71|Oh43|P39|Tx303,,XP_021313426.1 protein MALE DISCOVERER 2 [Sorghum bicolor],Signal transduction mechanisms,-0.077,Signal transduction,Medium (9-12),Stable
chr3,5797323,Zm00001eb121000,1.5710459829429757,1.5710459829429757,0.0370781896470527,12,7,0,B97|CML277|CML333|CML69|HP301|IL14H|Ki11|Ki3|M162W|Mo18W|P39|Tx303,CML247|CML322|Ky21|Ms71|NC358|Oh43|Oh7b,Nin-like,XP_004968517.1 receptor-like serine/threonine-protein kinase ALE2 [Setaria italica],Signal transduction mechanisms,-0.431,Kinase/Phosphorylation,Medium (9-12),Stable
chr3,8139290,Zm00001eb121590,-1.744482690570362,1.744482690570362,0.0450283574693023,9,10,0,B97|CML322|CML69|HP301|Ky21|M162W|Ms71|Oh43|Oh7b,CML247|CML277|CML333|IL14H|Ki11|Ki3|Mo18W|NC358|P39|Tx303,AP2|SBP,XP_004968480.1 protein TWIN LOV 1 isoform X1 [Setaria italica],Signal transduction mechanisms,0.415,Signal transduction,Medium (9-12),Stable
chr3,8816775,Zm00001eb121890,-2.2326596187640484,2.2326596187640484,0.0287459703991308,5,14,0,CML247|CML322|CML333|Ki3|M162W,B97|CML277|CML69|HP301|IL14H|Ki11|Ky21|Mo18W|Ms71|NC358|Oh43|Oh7b|P39|Tx303,,,,1.698,Unknown,Low (5-8),Strong up
chr3,8920662,Zm00001eb122000,2.492254597951363,2.492254597951363,0.0498621926919096,4,15,0,IL14H|Ki3|Oh7b|P39,B97|CML247|CML277|CML322|CML333|CML69|HP301|Ki11|Ky21|M162W|Mo18W|Ms71|NC358|Oh43|Tx303,,XP_021312215.1 F-box protein At2g05970-like [Sorghum bicolor],Function unknown,0.444,Unknown,Rare (1-4),Stable
chr3,9277928,Zm00001eb122170,-1.6246188408538758,1.6246188408538758,0.0315288257270529,4,15,0,CML333|HP301|Ki3|Ms71,B97|CML247|CML277|CML322|CML69|IL14H|Ki11|Ky21|M162W|Mo18W|NC358|Oh43|Oh7b|P39|Tx303,ARF|NAC|WOX|bZIP,XP_004968432.1 DDT domain-containing protein DDR4 [Setaria italica],,1.601,Other,Rare (1-4),Strong up
chr3,9385012,Zm00001eb122200,1.8618692704715207,1.8618692704715207,0.0457762769549841,8,11,0,CML277|CML69|Ki11|Ki3|M162W|Mo18W|NC358|Oh7b,B97|CML247|CML322|CML333|HP301|IL14H|Ky21|Ms71|Oh43|P39|Tx303,,XP_021312991.1 MAR-binding filament-like protein 1 [Sorghum bicolor],Function unknown,-0.726,Unknown,Low (5-8),Mild down
chr3,10164283,Zm00001eb122460,1.6020125619309538,1.6020125619309538,0.0388109050467402,8,11,0,B97|CML322|CML333|IL14H|Ki11|Ky21|Mo18W|Oh43,CML247|CML277|CML69|HP301|Ki3|M162W|Ms71|NC358|Oh7b|P39|Tx303,C2H2|GRAS|MIKC_MADS|MYB|TALE,XP_004968408.1 aromatic aminotransferase ISS1 [Setaria italica],Amino acid transport and metabolism,0.45,Biosynthesis,Low (5-8),Stable
chr3,12504511,Zm00001eb122970,-2.7552397663550363,2.7552397663550363,0.0315767463870279,6,13,0,CML277|CML333|CML69|Ky21|Mo18W|NC358,B97|CML247|CML322|HP301|IL14H|Ki11|Ki3|M162W|Ms71|Oh43|Oh7b|P39|Tx303,C2H2|NAC|bZIP,XP_021313605.1 uncharacterized protein LOC8056554 isoform X2 [Sorghum bicolor],Function unknown,1.016,Unknown,Low (5-8),Strong up
chr3,13885162,Zm00001eb123370,-5.053987026020242,5.053987026020242,0.0387748524021069,5,13,1,B97|Ky21|M162W|Ms71|Oh43,CML247|CML277|CML322|CML333|CML69|HP301|IL14H|Ki11|Mo18W|NC358|Oh7b|P39|Tx303,,NP_001332089.1 Histone superfamily protein [Arabidopsis thaliana],Chromatin structure and dynamics,0.432,Transcription factor,Low (5-8),Stable
chr3,16582531,Zm00001eb124070,-3.3949988028314917,3.3949988028314917,0.0234529107256379,5,14,0,Ki11|Ki3|Mo18W|NC358|Tx303,B97|CML247|CML277|CML322|CML333|CML69|HP301|IL14H|Ky21|M162W|Ms71|Oh43|Oh7b|P39,,XP_015696190.1 histone H2B.2 [Oryza brachyantha],Chromatin structure and dynamics,0.319,Chromatin/Epigenetic,Low (5-8),Stable
chr3,19793856,Zm00001eb124780,-6.626307350143475,6.626307350143475,0.0450283574693023,5,9,5,CML277|CML333|CML69|Ky21|Tx303,B97|CML247|HP301|IL14H|Ki11|M162W|Mo18W|Oh43|Oh7b,WRKY,XP_002457393.1 receptor-like protein kinase At3g21340 [Sorghum bicolor],Function unknown,-0.3,Kinase/Phosphorylation,Low (5-8),Stable
chr3,23440020,Zm00001eb125470,2.5685126941439624,2.5685126941439624,0.0294052452107163,11,8,0,B97|CML333|CML69|HP301|Ki3|Ky21|Ms71|Oh43|Oh7b|P39|Tx303,CML247|CML277|CML322|IL14H|Ki11|M162W|Mo18W|NC358,ARF|MYB|RAV|TALE|bZIP,,,0.496,Unknown,Medium (9-12),Stable
chr3,24544548,Zm00001eb125670,-2.153081217691684,2.153081217691684,0.0338267581908725,5,14,0,B97|CML322|HP301|IL14H|P39,CML247|CML277|CML333|CML69|Ki11|Ki3|Ky21|M162W|Mo18W|Ms71|NC358|Oh43|Oh7b|Tx303,HD-ZIP|WOX,XP_002457448.1 probable ubiquitin-conjugating enzyme E2 23 [Sorghum bicolor],"Posttranslational modification, protein turnover, chaperones",0.494,Chaperone/HSP,Low (5-8),Stable
chr3,28739489,Zm00001eb126330,2.5423300346672986,2.5423300346672986,0.0225486703409543,5,14,0,CML322|HP301|Ki3|NC358|P39,B97|CML247|CML277|CML333|CML69|IL14H|Ki11|Ky21|M162W|Mo18W|Ms71|Oh43|Oh7b|Tx303,MYB,XP_002457496.1 uncharacterized protein LOC8070452 [Sorghum bicolor],Function unknown,-0.964,Unknown,Low (5-8),Mild down
chr3,30093262,Zm00001eb126650,-2.613780193933824,2.613780193933824,0.039548112582254,6,13,0,CML247|CML277|HP301|Ki3|M162W|Tx303,B97|CML322|CML333|CML69|IL14H|Ki11|Ky21|Mo18W|Ms71|NC358|Oh43|Oh7b|P39,,XP_002457516.1 cation/calcium exchanger 4 [Sorghum bicolor],Inorganic ion transport and metabolism,0.151,Other,Low (5-8),Stable
chr3,37290665,Zm00001eb127860,1.6422511574694476,1.6422511574694476,0.0353818048958713,10,9,0,CML247|CML322|CML333|HP301|Ki11|Ki3|Ky21|Mo18W|NC358|Tx303,B97|CML277|CML69|IL14H|M162W|Ms71|Oh43|Oh7b|P39,C2H2|Dof|GRAS|MIKC_MADS|Trihelix,XP_002455388.1 probable serine/threonine-protein kinase PBL7 [Sorghum bicolor],Signal transduction mechanisms,0.309,Kinase/Phosphorylation,Medium (9-12),Stable
chr3,48267116,Zm00001eb129370,-1.9990235414204056,1.9990235414204056,0.0269464077021537,4,13,2,B97|CML322|Ky21|Oh43,CML247|CML277|CML333|CML69|Ki11|Ki3|M162W|Mo18W|Ms71|NC358|Oh7b|P39|Tx303,C2H2|ERF,XP_002457678.1 uncharacterized protein LOC8054684 [Sorghum bicolor],Function unknown,0.784,Unknown,Rare (1-4),Mild up
chr3,49482162,Zm00001eb129580,-3.570384747350408,3.570384747350408,0.0188111888111888,8,11,0,B97|CML277|CML69|HP301|Ki11|Ki3|Ky21|Oh43,CML247|CML322|CML333|IL14H|M162W|Mo18W|Ms71|NC358|Oh7b|P39|Tx303,,XP_002457688.1 pentatricopeptide repeat-containing protein At2g13600 [Sorghum bicolor],Function unknown,1.192,Unknown,Low (5-8),Strong up
chr3,68382243,Zm00001eb131690,2.46461909420489,2.46461909420489,0.0467798968175757,5,14,0,CML333|CML69|HP301|Oh43|P39,B97|CML247|CML277|CML322|IL14H|Ki11|Ki3|Ky21|M162W|Mo18W|Ms71|NC358|Oh7b|Tx303,GATA|TALE|TCP,"XP_002455620.1 acyltransferase-like protein At1g54570, chloroplastic [Sorghum bicolor]",Lipid transport and metabolism,-0.297,Biosynthesis,Low (5-8),Stable
chr3,70286034,Zm00001eb131860,2.648928550238483,2.648928550238483,0.0376566109050185,5,14,0,CML277|CML333|CML69|HP301|Ki11,B97|CML247|CML322|IL14H|Ki3|Ky21|M162W|Mo18W|Ms71|NC358|Oh43|Oh7b|P39|Tx303,,XP_002457859.1 protein SODIUM POTASSIUM ROOT DEFECTIVE 1 [Sorghum bicolor],Inorganic ion transport and metabolism,-0.042,Other,Low (5-8),Stable
chr3,107858865,Zm00001eb134200,4.492995826850416,4.492995826850416,0.0387748524021069,10,6,3,CML277|CML322|CML333|Mo18W|Ms71|NC358|Oh43|Oh7b|P39|Tx303,B97|HP301|IL14H|Ki3|Ky21|M162W,,XP_002443649.1 CSC1-like protein RXW8 [Sorghum bicolor],Function unknown,0.972,Unknown,Medium (9-12),Mild up
chr3,120935326,Zm00001eb135710,-4.5840249634856125,4.5840249634856125,0.0450283574693023,9,10,0,CML247|CML333|CML69|Ki3|M162W|Mo18W|Ms71|NC358|Tx303,B97|CML277|CML322|HP301|IL14H|Ki11|Ky21|Oh43|Oh7b|P39,,XP_021321585.1 serine/threonine-protein kinase Nek2 [Sorghum bicolor],Signal transduction mechanisms,0.237,Kinase/Phosphorylation,Medium (9-12),Stable
chr3,127174606,Zm00001eb136350,2.18591599474495,2.18591599474495,0.0311895358527482,10,9,0,CML322|CML333|CML69|IL14H|M162W|Mo18W|NC358|Oh43|Oh7b|Tx303,B97|CML247|CML277|HP301|Ki11|Ki3|Ky21|Ms71|P39,MYB|MYB_related|Trihelix,XP_002442368.1 scarecrow-like protein 34 [Sorghum bicolor],Transcription,0.193,Other,Medium (9-12),Stable
chr3,133837428,Zm00001eb137500,-2.4802241689362075,2.4802241689362075,0.0207611510926322,8,11,0,CML322|CML333|Ki3|Ky21|Mo18W|Ms71|NC358|Tx303,B97|CML247|CML277|CML69|HP301|IL14H|Ki11|M162W|Oh43|Oh7b|P39,,NP_189372.1 Histone superfamily protein [Arabidopsis thaliana],Chromatin structure and dynamics,1.915,Transcription factor,Low (5-8),Strong up
chr3,137811367,Zm00001eb138290,-2.2529353490446553,2.2529353490446553,0.0353818048958713,4,15,0,IL14H|Oh43|Oh7b|P39,B97|CML247|CML277|CML322|CML333|CML69|HP301|Ki11|Ki3|Ky21|M162W|Mo18W|Ms71|NC358|Tx303,,XP_004960778.1 serine carboxypeptidase 1 [Setaria italica],"Posttranslational modification, protein turnover, chaperones",-2.68,Chaperone/HSP,Rare (1-4),Strong down
chr3,137930351,Zm00001eb138300,2.1895306784654274,2.1895306784654274,0.0450283574693023,10,9,0,CML277|CML322|HP301|Ki11|Ki3|Ky21|M162W|Mo18W|NC358|Tx303,B97|CML247|CML333|CML69|IL14H|Ms71|Oh43|Oh7b|P39,,XP_021301983.1 glutathione S-transferase [Sorghum bicolor],"Posttranslational modification, protein turnover, chaperones",-1.14,Chaperone/HSP,Medium (9-12),Strong down
chr3,144023725,Zm00001eb139410,2.698116925762295,2.698116925762295,0.0304485214356458,12,7,0,B97|CML247|CML322|HP301|IL14H|Ki11|Ky21|M162W|NC358|Oh43|P39|Tx303,CML277|CML333|CML69|Ki3|Mo18W|Ms71|Oh7b,EIL|MYB|SBP,XP_002442863.1 protein FAM135B isoform X1 [Sorghum bicolor],"Replication, recombination and repair",-0.244,Other,Medium (9-12),Stable
chr3,144772101,Zm00001eb139520,2.142356257271965,2.142356257271965,0.0269464077021537,4,15,0,B97|HP301|Oh43|Tx303,CML247|CML277|CML322|CML333|CML69|IL14H|Ki11|Ki3|Ky21|M162W|Mo18W|Ms71|NC358|Oh7b|P39,C2H2|GRAS|MIKC_MADS|Trihelix,XP_002441863.1 transcription factor LHW [Sorghum bicolor],Function unknown,0.793,Transcription factor,Rare (1-4),Mild up
chr3,145520648,Zm00001eb139660,3.9622906001192386,3.9622906001192386,0.0210966603489967,5,14,0,B97|CML277|Ki11|Ki3|Mo18W,CML247|CML322|CML333|CML69|HP301|IL14H|Ky21|M162W|Ms71|NC358|Oh43|Oh7b|P39|Tx303,ERF|MYB|SBP,XP_021312811.1 probable LRR receptor-like serine/threonine-protein kinase At1g67720 [Sorghum bicolor],Signal transduction mechanisms,-0.279,Kinase/Phosphorylation,Low (5-8),Stable
chr3,147103568,Zm00001eb139920,3.0395723230038407,3.0395723230038407,0.0210966603489967,5,14,0,B97|IL14H|Ky21|NC358|P39,CML247|CML277|CML322|CML333|CML69|HP301|Ki11|Ki3|M162W|Mo18W|Ms71|Oh43|Oh7b|Tx303,,XP_021311109.1 cellulose synthase-like protein G2 [Sorghum bicolor],Carbohydrate transport and metabolism,2.89,Biosynthesis,Low (5-8),Strong up
chr3,148503239,Zm00001eb140330,-2.4660033014890264,2.4660033014890264,0.0294052452107163,10,9,0,B97|CML322|CML333|CML69|HP301|Ki11|Ki3|NC358|P39|Tx303,CML247|CML277|IL14H|Ky21|M162W|Mo18W|Ms71|Oh43|Oh7b,,XP_002459150.1 40S ribosomal protein S10-1 [Sorghum bicolor],"Translation, ribosomal structure and biogenesis",0.71,Translation,Medium (9-12),Mild up
chr3,148810719,Zm00001eb140420,-3.089985574795782,3.089985574795782,0.0423031419387483,3,16,0,CML333|IL14H|Oh43,B97|CML247|CML277|CML322|CML69|HP301|Ki11|Ki3|Ky21|M162W|Mo18W|Ms71|NC358|Oh7b|P39|Tx303,,XP_002459140.1 uncharacterized protein LOC8074099 [Sorghum bicolor],"Translation, ribosomal structure and biogenesis",0.554,Translation,Rare (1-4),Mild up
chr3,150304881,Zm00001eb140720,3.1652220350904807,3.1652220350904807,0.0226429045486012,9,10,0,B97|CML322|HP301|IL14H|Ki11|Ki3|Ms71|Oh7b|P39,CML247|CML277|CML333|CML69|Ky21|M162W|Mo18W|NC358|Oh43|Tx303,,XP_021312321.1 uncharacterized protein LOC110433846 [Sorghum bicolor],Carbohydrate transport and metabolism,0.465,Other,Medium (9-12),Stable
chr3,160577721,Zm00001eb142940,1.996247966587519,1.996247966587519,0.0423031419387483,8,11,0,B97|CML322|HP301|Ky21|Ms71|Oh43|Oh7b|P39,CML247|CML277|CML333|CML69|IL14H|Ki11|Ki3|M162W|Mo18W|NC358|Tx303,,XP_002456873.1 protein DEK [Sorghum bicolor],Chromatin structure and dynamics,1.645,Chromatin/Epigenetic,Low (5-8),Strong up
chr3,161861731,Zm00001eb143140,4.868431744459166,4.868431744459166,0.0450283574693023,10,9,0,CML277|CML333|CML69|HP301|Ki11|Ki3|Ky21|M162W|Oh43|Tx303,B97|CML247|CML322|IL14H|Mo18W|Ms71|NC358|Oh7b|P39,,XP_004971090.1 ice-structuring glycoprotein-like [Setaria italica],,-0.924,Other,Medium (9-12),Mild down
chr3,163555665,Zm00001eb143370,-5.44944864441484,5.44944864441484,0.039548112582254,6,13,0,B97|CML247|IL14H|Ki11|Oh43|Tx303,CML277|CML322|CML333|CML69|HP301|Ki3|Ky21|M162W|Mo18W|Ms71|NC358|Oh7b|P39,,"XP_004975224.2 protein root UVB sensitive 1, chloroplastic [Setaria italica]",Function unknown,0.342,Unknown,Low (5-8),Stable
chr3,163930045,Zm00001eb143460,2.8587039833583954,2.8587039833583954,0.0188111888111888,6,13,0,B97|CML322|Ki11|Ms71|NC358|Oh7b,CML247|CML277|CML333|CML69|HP301|IL14H|Ki3|Ky21|M162W|Mo18W|Oh43|P39|Tx303,C2H2|ERF|NAC|TALE,XP_002456833.1 selenium-binding protein 1 [Sorghum bicolor],Inorganic ion transport and metabolism,1.266,Other,Low (5-8),Strong up
chr3,170915078,Zm00001eb144360,3.0999196988574975,3.0999196988574975,0.0450283574693023,3,16,0,B97|CML247|CML333,CML277|CML322|CML69|HP301|IL14H|Ki11|Ki3|Ky21|M162W|Mo18W|Ms71|NC358|Oh43|Oh7b|P39|Tx303,ERF,XP_002458935.1 probable carboxylesterase 16 [Sorghum bicolor],Defense mechanisms,0.38,Other,Rare (1-4),Stable
chr3,171120618,Zm00001eb144450,-2.5403550348152293,2.5403550348152293,0.0234529107256379,5,10,4,CML322|M162W|Ms71|Oh43|Oh7b,B97|CML333|CML69|HP301|IL14H|Ki3|Ky21|NC358|P39|Tx303,,XP_002456792.2 transcription factor bHLH128 [Sorghum bicolor],Transcription,1.161,Transcription factor,Low (5-8),Strong up
chr3,172182737,Zm00001eb144650,2.719783098047161,2.719783098047161,0.0224509667547642,6,13,0,CML247|CML322|CML69|Ky21|Ms71|Oh7b,B97|CML277|CML333|HP301|IL14H|Ki11|Ki3|M162W|Mo18W|NC358|Oh43|P39|Tx303,C2H2|G2-like|MYB_related|bHLH,XP_002456783.1 uncharacterized protein LOC8078675 [Sorghum bicolor],"Translation, ribosomal structure and biogenesis",0.716,Translation,Low (5-8),Mild up
chr3,172976940,Zm00001eb144840,1.6177074130778542,1.6177074130778542,0.0219377080393704,9,8,2,CML247|CML277|CML333|CML69|HP301|IL14H|Ki11|Ki3|Tx303,Ky21|M162W|Mo18W|Ms71|NC358|Oh43|Oh7b|P39,MIKC_MADS|MYB|Trihelix|WRKY,"XP_002456776.1 probable membrane-associated 30 kDa protein, chloroplastic [Sorghum bicolor]",Transcription;Signal transduction mechanisms,-0.569,Signal transduction,Medium (9-12),Mild down
chr3,173688086,Zm00001eb145100,1.5930707008182463,1.5930707008182463,0.0498621926919096,11,8,0,B97|CML247|CML277|HP301|IL14H|Ky21|M162W|Ms71|Oh43|Oh7b|P39,CML322|CML333|CML69|Ki11|Ki3|Mo18W|NC358|Tx303,,XP_010232677.1 2-alkenal reductase (NADP(+)-dependent) isoform X2 [Brachypodium distachyon],Function unknown,1.507,Redox/Metabolism,Medium (9-12),Strong up
chr3,183850314,Zm00001eb147750,1.3081921082906085,1.3081921082906085,0.0381565695967318,7,12,0,CML277|CML333|CML69|Ki11|Ki3|M162W|Oh7b,B97|CML247|CML322|HP301|IL14H|Ky21|Mo18W|Ms71|NC358|Oh43|P39|Tx303,B3,"XP_004970606.1 sedoheptulose-1,7-bisphosphatase, chloroplastic [Setaria italica]",Carbohydrate transport and metabolism,-1.82,Kinase/Phosphorylation,Low (5-8),Strong down
chr3,185093979,Zm00001eb148130,2.0891111623814975,2.0891111623814975,0.0304485214356458,12,7,0,B97|CML333|CML69|Ki11|Ki3|Ky21|M162W|Mo18W|Ms71|NC358|Oh7b|P39,CML247|CML277|CML322|HP301|IL14H|Oh43|Tx303,,,,2.428,Unknown,Medium (9-12),Strong up
chr3,186809419,Zm00001eb148640,-2.2057095350318794,2.2057095350318794,0.0450283574693023,8,10,1,B97|CML277|HP301|IL14H|Ki11|Ki3|Mo18W|Ms71,CML247|CML333|CML69|Ky21|M162W|NC358|Oh43|Oh7b|P39|Tx303,,XP_002456603.1 UDP-glucuronic acid decarboxylase 1 [Sorghum bicolor],Carbohydrate transport and metabolism;Cell wall/membrane/envelope biogenesis,1.096,Biosynthesis,Low (5-8),Strong up
chr3,187164382,Zm00001eb148780,-1.530576759378904,1.530576759378904,0.0469889514825974,5,14,0,B97|IL14H|M162W|Ms71|Oh43,CML247|CML277|CML322|CML333|CML69|HP301|Ki11|Ki3|Ky21|Mo18W|NC358|Oh7b|P39|Tx303,C2H2|ERF,XP_021312132.1 putative respiratory burst oxidase homolog protein H [Sorghum bicolor],"Inorganic ion transport and metabolism;Secondary metabolites biosynthesis, transport and catabolism",-0.723,Redox/Metabolism,Low (5-8),Mild down
chr3,190837124,Zm00001eb149700,-2.016873673081728,2.016873673081728,0.0207280059247336,8,11,0,B97|CML247|CML277|CML333|HP301|Mo18W|Ms71|Tx303,CML322|CML69|IL14H|Ki11|Ki3|Ky21|M162W|NC358|Oh43|Oh7b|P39,,XP_002458680.2 pentatricopeptide repeat-containing protein At3g14730 [Sorghum bicolor],Function unknown,0.996,Unknown,Low (5-8),Mild up
chr3,191468075,Zm00001eb149900,1.7551391449030909,1.7551391449030909,0.0468443117268101,6,13,0,CML69|HP301|Ky21|Mo18W|Ms71|P39,B97|CML247|CML277|CML322|CML333|IL14H|Ki11|Ki3|M162W|NC358|Oh43|Oh7b|Tx303,LBD|NAC|bHLH|bZIP,XP_004970339.1 dentin sialophosphoprotein [Setaria italica],Function unknown,-0.07,Unknown,Low (5-8),Stable
chr3,192787595,Zm00001eb150550,0.99628196713376,0.99628196713376,0.0376566109050185,12,7,0,CML247|CML277|CML322|HP301|IL14H|Ky21|M162W|NC358|Oh43|Oh7b|P39|Tx303,B97|CML333|CML69|Ki11|Ki3|Mo18W|Ms71,,XP_002458647.1 cytochrome P450 98A1-like [Sorghum bicolor],"Secondary metabolites biosynthesis, transport and catabolism",0.908,Redox/Metabolism,Medium (9-12),Mild up
chr3,194401490,Zm00001eb150960,-6.626846311236884,6.626846311236884,0.0207280059247336,5,14,0,CML277|CML333|CML69|Oh43|Oh7b,B97|CML247|CML322|HP301|IL14H|Ki11|Ki3|Ky21|M162W|Mo18W|Ms71|NC358|P39|Tx303,ERF|G2-like|NAC,XP_002458630.1 protein translation factor SUI1 homolog [Sorghum bicolor],"Translation, ribosomal structure and biogenesis",0.141,Translation,Low (5-8),Stable
chr3,199104117,Zm00001eb152080,2.7188418479420946,2.7188418479420946,0.0315767463870279,10,9,0,CML247|CML277|CML69|HP301|Ki11|Ki3|Ky21|M162W|NC358|Oh7b,B97|CML322|CML333|IL14H|Mo18W|Ms71|Oh43|P39|Tx303,CPP|GRAS|M-type_MADS|MIKC_MADS,XP_021313407.1 protein CROWDED NUCLEI 4-like isoform X1 [Sorghum bicolor],Function unknown,-0.658,Unknown,Medium (9-12),Mild down
chr3,203944342,Zm00001eb153500,-4.407908919107358,4.407908919107358,0.0188111888111888,11,7,1,CML247|CML322|CML333|IL14H|Ki11|Ki3|Ky21|Mo18W|NC358|P39|Tx303,B97|CML277|CML69|HP301|M162W|Ms71|Oh7b,CPP|Dof|MIKC_MADS|Trihelix,XP_004969973.1 28 kDa heat- and acid-stable phosphoprotein [Setaria italica],Function unknown,0.715,Unknown,Medium (9-12),Mild up
chr3,205007922,Zm00001eb153830,1.9320962088902591,1.9320962088902591,0.0450283574693023,5,14,0,B97|IL14H|M162W|Ms71|Oh43,CML247|CML277|CML322|CML333|CML69|HP301|Ki11|Ki3|Ky21|Mo18W|NC358|Oh7b|P39|Tx303,,XP_003569758.2 ATP-dependent 6-phosphofructokinase 6 [Brachypodium distachyon],Carbohydrate transport and metabolism,0.691,Kinase/Phosphorylation,Low (5-8),Mild up
chr3,209926939,Zm00001eb155350,-1.861742683775256,1.861742683775256,0.0381565695967318,11,8,0,B97|CML247|CML333|CML69|Ki11|Ki3|Mo18W|Ms71|NC358|Oh43|Tx303,CML277|CML322|HP301|IL14H|Ky21|M162W|Oh7b|P39,,XP_002458377.1 anoctamin-like protein Os01g0706700 [Sorghum bicolor],"Cell cycle control, cell division, chromosome partitioning",-0.631,Other,Medium (9-12),Mild down
chr3,213069872,Zm00001eb156460,2.599210689514044,2.599210689514044,0.0450283574693023,9,10,0,CML247|CML277|CML322|HP301|Ki11|Ki3|Ky21|NC358|P39,B97|CML333|CML69|IL14H|M162W|Mo18W|Ms71|Oh43|Oh7b|Tx303,Dof|SBP,,,-1.445,Unknown,Medium (9-12),Strong down
chr3,213192022,Zm00001eb156500,14.427226648287652,14.427226648287652,0.0219377080393704,6,13,0,CML247|CML277|HP301|Mo18W|P39|Tx303,B97|CML322|CML333|CML69|IL14H|Ki11|Ki3|Ky21|M162W|Ms71|NC358|Oh43|Oh7b,,"XP_021312631.1 ATP synthase subunit beta, mitochondrial [Sorghum bicolor]",Energy production and conversion,0.942,Biosynthesis,Low (5-8),Mild up
chr3,214206618,Zm00001eb156710,-4.168348144184937,4.168348144184937,0.0388109050467402,3,16,0,CML69|Mo18W|Oh43,B97|CML247|CML277|CML322|CML333|HP301|IL14H|Ki11|Ki3|Ky21|M162W|Ms71|NC358|Oh7b|P39|Tx303,NAC|Trihelix|WOX,XP_002456149.1 transcription initiation factor TFIID subunit 11 [Sorghum bicolor],Transcription,0.822,Other,Rare (1-4),Mild up
chr3,217637108,Zm00001eb157820,-2.7854375855586,2.7854375855586,0.0388109050467402,4,15,0,CML247|HP301|IL14H|P39,B97|CML277|CML322|CML333|CML69|Ki11|Ki3|Ky21|M162W|Mo18W|Ms71|NC358|Oh43|Oh7b|Tx303,CPP|WRKY,XP_002456083.1 acidic endochitinase [Sorghum bicolor],Carbohydrate transport and metabolism,4.182,Other,Rare (1-4),Strong up
chr3,219845503,Zm00001eb158370,-0.7908584744590792,0.7908584744590792,0.0338267581908725,5,9,5,HP301|IL14H|Ki11|Oh7b|P39,B97|CML322|CML333|Ky21|M162W|Mo18W|NC358|Oh43|Tx303,NAC|Trihelix|WRKY,XP_052157283.1 GTP-binding nuclear protein Ran-2 [Oryza glaberrima],"Intracellular trafficking, secretion, and vesicular transport",-0.031,Other,Low (5-8),Stable
chr3,220152206,Zm00001eb158500,-2.063671916088679,2.063671916088679,0.0388109050467402,3,16,0,IL14H|Oh7b|P39,B97|CML247|CML277|CML322|CML333|CML69|HP301|Ki11|Ki3|Ky21|M162W|Mo18W|Ms71|NC358|Oh43|Tx303,,XP_004969308.2 uncharacterized protein LOC101755298 [Setaria italica],,2.691,Other,Rare (1-4),Strong up
chr3,221941447,Zm00001eb159080,-1.996860070827555,1.996860070827555,0.0203714572407656,12,7,0,B97|CML247|CML277|CML322|CML333|CML69|IL14H|Ki11|Ki3|Mo18W|NC358|P39,HP301|Ky21|M162W|Ms71|Oh43|Oh7b|Tx303,,"XP_002458204.1 50S ribosomal protein L31, chloroplastic [Sorghum bicolor]","Translation, ribosomal structure and biogenesis",-1.062,Translation,Medium (9-12),Strong down
chr3,231271693,Zm00001eb162130,1.9819117322033593,1.9819117322033593,0.0304485214356458,9,10,0,CML247|CML277|CML322|CML333|CML69|HP301|Ky21|Ms71|Oh7b,B97|IL14H|Ki11|Ki3|M162W|Mo18W|NC358|Oh43|P39|Tx303,,XP_021312416.1 zinc finger CCCH domain-containing protein 8-like isoform X1 [Sorghum bicolor],Function unknown,-0.086,Transcription factor,Medium (9-12),Stable
chr3,233212650,Zm00001eb162710,2.2204319656711395,2.2204319656711395,0.0301472339352506,4,15,0,CML322|CML333|Ky21|M162W,B97|CML247|CML277|CML69|HP301|IL14H|Ki11|Ki3|Mo18W|Ms71|NC358|Oh43|Oh7b|P39|Tx303,C2H2|Dof|GRAS|MIKC_MADS|TALE,XP_002455762.1 SPX domain-containing protein 6 [Sorghum bicolor],Inorganic ion transport and metabolism,-0.105,Other,Rare (1-4),Stable
chr3,234870111,Zm00001eb163100,2.4322249176079063,2.4322249176079063,0.0234529107256379,14,5,0,CML247|CML322|CML333|CML69|HP301|IL14H|Ki11|Ki3|M162W|Ms71|NC358|Oh7b|P39|Tx303,B97|CML277|Ky21|Mo18W|Oh43,,XP_021317072.1 uncharacterized protein LOC8079950 isoform X2 [Sorghum bicolor],"Translation, ribosomal structure and biogenesis",0.505,Translation,High (13+),Mild up
chr3,235166050,Zm00001eb163210,4.823322684804878,4.823322684804878,0.0269464077021537,4,15,0,B97|CML247|Mo18W|P39,CML277|CML322|CML333|CML69|HP301|IL14H|Ki11|Ki3|Ky21|M162W|Ms71|NC358|Oh43|Oh7b|Tx303,MYB|Trihelix,"XP_002450093.2 monothiol glutaredoxin-S12, chloroplastic [Sorghum bicolor]","Posttranslational modification, protein turnover, chaperones",-0.368,Chaperone/HSP,Rare (1-4),Stable
chr3,235713991,Zm00001eb163480,2.23081181371385,2.23081181371385,0.0242290804008156,9,10,0,CML322|CML333|HP301|Ki3|Ky21|Mo18W|Oh43|Oh7b|P39,B97|CML247|CML277|CML69|IL14H|Ki11|M162W|Ms71|NC358|Tx303,,XP_004978441.1 CBL-interacting protein kinase 32 [Setaria italica],Signal transduction mechanisms,-0.637,Kinase/Phosphorylation,Medium (9-12),Mild down
chr3,236259214,Zm00001eb163710,2.4384996737793427,2.4384996737793427,0.0207611510926322,9,10,0,B97|CML69|Ki11|M162W|Mo18W|Ms71|NC358|Oh43|Oh7b,CML247|CML277|CML322|CML333|HP301|IL14H|Ki3|Ky21|P39|Tx303,,XP_002441755.1 V-type proton ATPase subunit C [Sorghum bicolor],Energy production and conversion,0.275,Other,Medium (9-12),Stable
chr3,236418050,Zm00001eb163800,2.9349588111317213,2.9349588111317213,0.0207280059247336,13,6,0,CML247|CML277|CML322|CML333|CML69|HP301|IL14H|Ki3|Ky21|M162W|Mo18W|Ms71|Oh7b,B97|Ki11|NC358|Oh43|P39|Tx303,,XP_002442753.1 obtusifoliol 14-alpha demethylase [Sorghum bicolor],"Secondary metabolites biosynthesis, transport and catabolism",-0.638,Other,High (13+),Mild down
chr4,2047841,Zm00001eb164790,2.315942755895786,2.315942755895786,0.0428200920646902,7,6,6,B97|CML322|CML333|M162W|Ms71|Oh43|P39,CML277|IL14H|Ki11|Ky21|Mo18W|Tx303,CPP|MYB_related|Trihelix,XP_052136874.1 importin beta-like SAD2 homolog isoform X1 [Oryza glaberrima],Function unknown,0.086,Unknown,Low (5-8),Stable
chr4,18974773,Zm00001eb169350,3.932742361674885,3.932742361674885,0.0310074540843771,7,7,5,CML277|CML333|HP301|IL14H|Ki3|M162W|Oh43,CML322|Ki11|Ky21|Mo18W|NC358|Oh7b|P39,BES1|CAMTA|bHLH|bZIP,XP_002450707.1 receptor-like kinase TMK4 isoform X1 [Sorghum bicolor],Signal transduction mechanisms,-0.636,Kinase/Phosphorylation,Low (5-8),Mild down
chr4,22255547,Zm00001eb169970,-5.027131847221161,5.027131847221161,0.0234529107256379,14,5,0,B97|CML277|CML322|CML69|HP301|IL14H|M162W|Mo18W|Ms71|NC358|Oh43|Oh7b|P39|Tx303,CML247|CML333|Ki11|Ki3|Ky21,,XP_004979241.1 SKP1-like protein 1A [Setaria italica],"Posttranslational modification, protein turnover, chaperones",0.197,Chaperone/HSP,High (13+),Stable
chr4,22444656,Zm00001eb169990,6.817995601954361,6.817995601954361,0.0450283574693023,14,4,1,B97|CML277|CML69|HP301|IL14H|Ky21|M162W|Mo18W|Ms71|NC358|Oh43|Oh7b|P39|Tx303,CML247|CML333|Ki11|Ki3,ARF|EIL|HD-ZIP,"XP_004979240.1 UV-B-induced protein At3g17800, chloroplastic [Setaria italica]",Function unknown,-0.39,Unknown,High (13+),Stable
chr4,28342592,Zm00001eb171030,-1.972462297927824,1.972462297927824,0.0457762769549841,6,12,1,CML247|IL14H|Ky21|Ms71|Oh43|P39,CML277|CML322|CML333|CML69|HP301|Ki11|Ki3|M162W|Mo18W|NC358|Oh7b|Tx303,B3|bHLH,XP_004972559.1 mitochondrial pyruvate carrier 4 [Setaria italica],Energy production and conversion,-0.42,Other,Low (5-8),Stable
chr4,32604294,Zm00001eb172070,-2.462041241439892,2.462041241439892,0.0388109050467402,15,4,0,B97|CML247|CML322|CML333|CML69|HP301|IL14H|Ki11|Ki3|Ky21|M162W|Mo18W|Ms71|NC358|P39,CML277|Oh43|Oh7b|Tx303,RAV|TALE,"XP_002462363.1 protein CHLORORESPIRATORY REDUCTION 6, chloroplastic [Sorghum bicolor]",Function unknown,-0.621,Unknown,High (13+),Mild down
chr4,34451809,Zm00001eb172450,-1.918596607040125,1.918596607040125,0.039548112582254,13,6,0,CML247|CML277|CML322|CML69|Ki11|Ki3|Ky21|M162W|Mo18W|Ms71|NC358|Oh43|Oh7b,B97|CML333|HP301|IL14H|P39|Tx303,Dof,XP_002443890.1 protein CCA1 [Sorghum bicolor],Transcription,0.394,Other,High (13+),Stable
chr4,35993232,Zm00001eb172780,3.0310799984111823,3.0310799984111823,0.0188111888111888,5,14,0,CML247|CML277|HP301|Oh43|Oh7b,B97|CML322|CML333|CML69|IL14H|Ki11|Ki3|Ky21|M162W|Mo18W|Ms71|NC358|P39|Tx303,ARF|C2H2|ERF|MYB,XP_021321172.1 sphingoid long-chain bases kinase 1 isoform X2 [Sorghum bicolor],Lipid transport and metabolism;Signal transduction mechanisms,0.472,Kinase/Phosphorylation,Low (5-8),Stable
chr4,37192386,Zm00001eb172970,1.6631135426244656,1.6631135426244656,0.0294052452107163,9,10,0,B97|CML277|CML322|IL14H|Ky21|Mo18W|Ms71|Oh43|P39,CML247|CML333|CML69|HP301|Ki11|Ki3|M162W|NC358|Oh7b|Tx303,,"XP_002445027.1 external alternative NAD(P)H-ubiquinone oxidoreductase B2, mitochondrial [Sorghum bicolor]",Energy production and conversion,2.347,Redox/Metabolism,Medium (9-12),Strong up
chr4,39120195,Zm00001eb173500,-1.6807045361079327,1.6807045361079327,0.0467798968175757,12,7,0,B97|CML247|CML277|CML333|CML69|Ki11|Ki3|M162W|Mo18W|NC358|Oh43|Tx303,CML322|HP301|IL14H|Ky21|Ms71|Oh7b|P39,,,,-1.06,Unknown,Medium (9-12),Strong down
chr4,44170160,Zm00001eb174710,1.9109180498632172,1.9109180498632172,0.0242290804008156,7,12,0,CML277|CML69|Ki3|NC358|Oh43|Oh7b|Tx303,B97|CML247|CML322|CML333|HP301|IL14H|Ki11|Ky21|M162W|Mo18W|Ms71|P39,,XP_021320520.1 oxysterol-binding protein-related protein 4C isoform X1 [Sorghum bicolor],Signal transduction mechanisms,1.067,Signal transduction,Low (5-8),Strong up
chr4,47116254,Zm00001eb175230,2.288702790845905,2.288702790845905,0.0478343284411486,4,15,0,HP301|IL14H|Oh7b|P39,B97|CML247|CML277|CML322|CML333|CML69|Ki11|Ki3|Ky21|M162W|Mo18W|Ms71|NC358|Oh43|Tx303,,XP_002445809.1 protein NUCLEAR FUSION DEFECTIVE 4 [Sorghum bicolor],Function unknown,-2.669,Unknown,Rare (1-4),Strong down
chr4,59440786,Zm00001eb176590,-1.3981270049641512,1.3981270049641512,0.0207280059247336,5,14,0,CML322|CML333|CML69|Ky21|NC358,B97|CML247|CML277|HP301|IL14H|Ki11|Ki3|M162W|Mo18W|Ms71|Oh43|Oh7b|P39|Tx303,NAC|TALE,XP_021319868.1 junctophilin-4-like [Sorghum bicolor],Function unknown,-0.49,Unknown,Low (5-8),Stable
chr4,70420623,Zm00001eb177830,-2.4362561512401566,2.4362561512401566,0.0210966603489967,7,12,0,B97|CML247|CML69|Ki3|Ky21|Oh43|Tx303,CML277|CML322|CML333|HP301|IL14H|Ki11|M162W|Mo18W|Ms71|NC358|Oh7b|P39,,XP_004962492.1 wall-associated receptor kinase-like 20 [Setaria italica],Signal transduction mechanisms,1.793,Kinase/Phosphorylation,Low (5-8),Strong up
chr4,74114150,Zm00001eb178280,2.5964933611315097,2.5964933611315097,0.0423031419387483,15,4,0,B97|CML247|CML277|CML322|CML333|CML69|HP301|IL14H|Ki3|Ky21|M162W|Ms71|NC358|Oh43|P39,Ki11|Mo18W|Oh7b|Tx303,BES1|ERF|MYB|NAC|SBP|bHLH,XP_002444096.1 plasma membrane ATPase [Sorghum bicolor],Inorganic ion transport and metabolism,-0.13,Other,High (13+),Stable
chr4,83096032,Zm00001eb179290,2.5907585948602705,2.5907585948602705,0.0219377080393704,10,9,0,B97|CML322|CML333|IL14H|Ki11|M162W|Ms71|Oh43|P39|Tx303,CML247|CML277|CML69|HP301|Ki3|Ky21|Mo18W|NC358|Oh7b,WRKY,,,-0.504,Unknown,Medium (9-12),Mild down
chr4,86785717,Zm00001eb179750,-3.631219078067788,3.631219078067788,0.0234529107256379,14,4,1,B97|CML247|CML322|HP301|IL14H|Ki11|Ky21|M162W|Mo18W|Ms71|Oh43|Oh7b|P39|Tx303,CML277|CML333|Ki3|NC358,,XP_002445552.1 60S ribosomal protein L34 [Sorghum bicolor],"Translation, ribosomal structure and biogenesis",-0.272,Translation,High (13+),Stable
chr4,123536641,Zm00001eb182260,3.4683844000086848,3.4683844000086848,0.0450283574693023,3,16,0,IL14H|Ky21|P39,B97|CML247|CML277|CML322|CML333|CML69|HP301|Ki11|Ki3|M162W|Mo18W|Ms71|NC358|Oh43|Oh7b|Tx303,,XP_002453992.1 auxin response factor 7 [Sorghum bicolor],Transcription,-0.073,Hormone signaling,Rare (1-4),Stable
chr4,147044205,Zm00001eb185040,1.9027022709126704,1.9027022709126704,0.0224509667547642,6,13,0,B97|CML322|CML69|HP301|Ms71|Oh7b,CML247|CML277|CML333|IL14H|Ki11|Ki3|Ky21|M162W|Mo18W|NC358|Oh43|P39|Tx303,,XP_002454188.1 long-chain-alcohol oxidase FAO2 [Sorghum bicolor],Lipid transport and metabolism,-0.194,Redox/Metabolism,Low (5-8),Stable
chr4,154507836,Zm00001eb186120,-3.2353168813696147,3.2353168813696147,0.0423031419387483,15,4,0,B97|CML247|CML333|CML69|IL14H|Ki11|Ki3|Ky21|M162W|Mo18W|NC358|Oh43|Oh7b|P39|Tx303,CML277|CML322|HP301|Ms71,C2H2|G2-like|MYB|NAC|Trihelix,XP_002452845.1 autophagy-related protein 13a isoform X1 [Sorghum bicolor],"Intracellular trafficking, secretion, and vesicular transport",-0.714,Other,High (13+),Mild down
chr4,158778172,Zm00001eb186820,3.173569977080558,3.173569977080558,0.0219377080393704,6,13,0,CML247|CML333|CML69|Ky21|Mo18W|NC358,B97|CML277|CML322|HP301|IL14H|Ki11|Ki3|M162W|Ms71|Oh43|Oh7b|P39|Tx303,,XP_004953380.1 probable phospholipid hydroperoxide glutathione peroxidase [Setaria italica],"Posttranslational modification, protein turnover, chaperones",0.874,Chaperone/HSP,Low (5-8),Mild up
chr4,162371023,Zm00001eb187670,-2.378608311491472,2.378608311491472,0.0498621926919096,4,15,0,B97|CML333|M162W|Mo18W,CML247|CML277|CML322|CML69|HP301|IL14H|Ki11|Ki3|Ky21|Ms71|NC358|Oh43|Oh7b|P39|Tx303,,XP_003570129.1 serine/arginine repetitive matrix protein 1 [Brachypodium distachyon],,-0.699,Other,Rare (1-4),Mild down
chr4,162955738,Zm00001eb187800,2.2977816876713417,2.2977816876713417,0.0207280059247336,6,13,0,CML322|IL14H|Ki11|Ki3|NC358|P39,B97|CML247|CML277|CML333|CML69|HP301|Ky21|M162W|Mo18W|Ms71|Oh43|Oh7b|Tx303,,XP_004953528.1 serine/threonine-protein kinase/endoribonuclease IRE1 isoform X1 [Setaria italica],,-0.659,Kinase/Phosphorylation,Low (5-8),Mild down
chr4,166534010,Zm00001eb188700,-5.421301104322435,5.421301104322435,0.0304485214356458,4,15,0,CML277|HP301|IL14H|P39,B97|CML247|CML322|CML333|CML69|Ki11|Ki3|Ky21|M162W|Mo18W|Ms71|NC358|Oh43|Oh7b|Tx303,C2H2|Dof|GRAS|M-type_MADS|MIKC_MADS|Trihelix,XP_021315070.1 heat shock 70 kDa protein 17 [Sorghum bicolor],"Posttranslational modification, protein turnover, chaperones",1.134,Chaperone/HSP,Rare (1-4),Strong up
chr4,176530292,Zm00001eb191380,1.4725591162438447,1.4725591162438447,0.0287459703991308,11,8,0,CML247|CML277|CML333|CML69|HP301|IL14H|Mo18W|NC358|Oh43|P39|Tx303,B97|CML322|Ki11|Ki3|Ky21|M162W|Ms71|Oh7b,,XP_004954378.1 probable voltage-gated potassium channel subunit beta [Setaria italica],Energy production and conversion,1.261,Transporter,Medium (9-12),Strong up
chr4,178453918,Zm00001eb192150,-1.899920669382254,1.899920669382254,0.0240091484673528,5,14,0,CML322|HP301|IL14H|Ky21|NC358,B97|CML247|CML277|CML333|CML69|Ki11|Ki3|M162W|Mo18W|Ms71|Oh43|Oh7b|P39|Tx303,,XP_002454721.1 calcineurin subunit B [Sorghum bicolor],Signal transduction mechanisms,0.808,Signal transduction,Low (5-8),Mild up
chr4,183560529,Zm00001eb193640,3.1278602552196215,3.1278602552196215,0.0294052452107163,5,12,2,CML322|CML69|Mo18W|NC358|Tx303,B97|CML277|CML333|HP301|IL14H|Ki3|Ky21|M162W|Ms71|Oh43|Oh7b|P39,,XP_002452882.1 uncharacterized protein LOC8078922 [Sorghum bicolor],Function unknown,-1.216,Unknown,Low (5-8),Strong down
chr4,188805546,Zm00001eb195000,1.6814761433417835,1.6814761433417835,0.039548112582254,13,6,0,B97|CML277|CML322|CML333|CML69|HP301|IL14H|Ky21|M162W|Mo18W|NC358|Oh7b|P39,CML247|Ki11|Ki3|Ms71|Oh43|Tx303,WOX,XP_002450102.1 ubiquitin-activating enzyme E1 1 [Sorghum bicolor],"Posttranslational modification, protein turnover, chaperones",0.561,Chaperone/HSP,High (13+),Mild up
chr4,192353067,Zm00001eb196380,-1.8320463985670763,1.8320463985670763,0.0388109050467402,8,11,0,CML277|CML69|IL14H|Ki11|Ki3|Ms71|NC358|Tx303,B97|CML247|CML322|CML333|HP301|Ky21|M162W|Mo18W|Oh43|Oh7b|P39,,"XP_002448955.1 probable calcium-transporting ATPase 9, plasma membrane-type [Sorghum bicolor]",Inorganic ion transport and metabolism,1.738,Other,Low (5-8),Strong up
chr4,193101732,Zm00001eb196600,2.8674926792782833,2.8674926792782833,0.0353818048958713,13,6,0,CML322|CML69|HP301|IL14H|Ki11|Ki3|Ky21|Mo18W|Ms71|NC358|Oh43|Oh7b|P39,B97|CML247|CML277|CML333|M162W|Tx303,,XP_004978652.1 R3H domain-containing protein 4 [Setaria italica],Function unknown,-0.466,Unknown,High (13+),Stable
chr4,198955435,Zm00001eb198110,2.308612467412072,2.308612467412072,0.0226429045486012,7,12,0,B97|CML247|Ki3|M162W|Mo18W|Oh7b|Tx303,CML277|CML322|CML333|CML69|HP301|IL14H|Ki11|Ky21|Ms71|NC358|Oh43|P39,,XP_004979377.1 N-alpha-acetyltransferase MAK3 [Setaria italica],Function unknown,0.726,Biosynthesis,Low (5-8),Mild up
chr4,198983254,Zm00001eb198120,-1.490005611164971,1.490005611164971,0.0294052452107163,9,8,2,B97|CML247|CML69|Ki11|Ki3|M162W|Mo18W|NC358|Oh7b,CML322|CML333|HP301|IL14H|Ms71|Oh43|P39|Tx303,MYB_related|TCP,"XP_002449596.2 protein COFACTOR ASSEMBLY OF COMPLEX C SUBUNIT B CCB1, chloroplastic [Sorghum bicolor]",Function unknown,-0.446,Unknown,Medium (9-12),Stable
chr4,205877979,Zm00001eb199940,4.098814330310352,4.098814330310352,0.0188111888111888,7,12,0,B97|Ky21|Mo18W|Ms71|Oh7b|P39|Tx303,CML247|CML277|CML322|CML333|CML69|HP301|IL14H|Ki11|Ki3|M162W|NC358|Oh43,LFY|Trihelix|WRKY,XP_021320432.1 AT-hook motif nuclear-localized protein 10 [Sorghum bicolor],Transcription,0.706,Other,Low (5-8),Mild up
chr4,207015716,Zm00001eb200140,2.354079152205055,2.354079152205055,0.0188111888111888,10,9,0,B97|CML247|CML277|IL14H|Ki11|Ky21|Mo18W|Ms71|NC358|Oh7b,CML322|CML333|CML69|HP301|Ki3|M162W|Oh43|P39|Tx303,,XP_004979520.1 sialyltransferase-like protein 5 isoform X1 [Setaria italica],Carbohydrate transport and metabolism,0.545,Biosynthesis,Medium (9-12),Mild up
chr4,207892864,Zm00001eb200440,3.5257089141939946,3.5257089141939946,0.0329976999744441,11,8,0,CML247|CML277|CML322|CML333|IL14H|Ki11|Ky21|M162W|Oh43|P39|Tx303,B97|CML69|HP301|Ki3|Mo18W|Ms71|NC358|Oh7b,CAMTA|HD-ZIP,XP_021317268.1 formin-like protein 14 [Sorghum bicolor],Function unknown,0.438,Unknown,Medium (9-12),Stable
chr4,208625246,Zm00001eb200590,3.1115924936727684,3.1115924936727684,0.0234529107256379,12,7,0,B97|CML247|CML322|CML333|HP301|IL14H|M162W|Mo18W|Ms71|Oh43|Oh7b|Tx303,CML277|CML69|Ki11|Ki3|Ky21|NC358|P39,,XP_002449762.1 ETO1-like protein 1 [Sorghum bicolor],Function unknown,0.511,Unknown,Medium (9-12),Mild up
chr4,212104110,Zm00001eb201090,6.454553502625511,6.454553502625511,0.0207280059247336,5,14,0,B97|HP301|IL14H|Ky21|P39,CML247|CML277|CML322|CML333|CML69|Ki11|Ki3|M162W|Mo18W|Ms71|NC358|Oh43|Oh7b|Tx303,C2H2|GRAS|MIKC_MADS,XP_002450410.1 uncharacterized protein LOC8079718 [Sorghum bicolor],,-0.41,Other,Low (5-8),Stable
chr4,212273966,Zm00001eb201100,5.598555575237356,5.598555575237356,0.0329976999744441,4,15,0,CML322|IL14H|Ky21|P39,B97|CML247|CML277|CML333|CML69|HP301|Ki11|Ki3|M162W|Mo18W|Ms71|NC358|Oh43|Oh7b|Tx303,,XP_004978846.1 serine/arginine repetitive matrix protein 1 [Setaria italica],,-0.513,Other,Rare (1-4),Mild down
chr4,218320182,Zm00001eb202020,3.776223951223463,3.776223951223463,0.0304485214356458,4,15,0,CML247|CML69|HP301|IL14H,B97|CML277|CML322|CML333|Ki11|Ki3|Ky21|M162W|Mo18W|Ms71|NC358|Oh43|Oh7b|P39|Tx303,,XP_021316639.1 probable receptor-like protein kinase At2g42960 [Sorghum bicolor],Signal transduction mechanisms,-1.198,Kinase/Phosphorylation,Rare (1-4),Strong down
chr4,218406423,Zm00001eb202030,-2.616696406649417,2.616696406649417,0.0387748524021069,5,14,0,CML333|Ki3|NC358|Oh7b|P39,B97|CML247|CML277|CML322|CML69|HP301|IL14H|Ki11|Ky21|M162W|Mo18W|Ms71|Oh43|Tx303,,XP_004968008.1 proline-rich receptor-like protein kinase PERK3 [Setaria italica],Signal transduction mechanisms,-1.655,Kinase/Phosphorylation,Low (5-8),Strong down
chr4,226807901,Zm00001eb203240,3.341135025387979,3.341135025387979,0.0423031419387483,3,16,0,CML277|Ki11|Ky21,B97|CML247|CML322|CML333|CML69|HP301|IL14H|Ki3|M162W|Mo18W|Ms71|NC358|Oh43|Oh7b|P39|Tx303,,XP_002451996.2 uncharacterized protein LOC8077779 isoform X1 [Sorghum bicolor],Function unknown,0.497,Unknown,Rare (1-4),Stable
chr4,231395241,Zm00001eb204030,-3.776154804882046,3.776154804882046,0.0234529107256379,7,7,5,B97|HP301|Ki11|Ms71|Oh43|Oh7b|P39,CML247|CML322|CML333|CML69|IL14H|Ky21|Tx303,CPP,XP_021315064.1 protein RDM16 isoform X1 [Sorghum bicolor],RNA processing and modification,0.857,Other,Low (5-8),Mild up
chr4,243744385,Zm00001eb206750,2.952833078683929,2.952833078683929,0.0234529107256379,4,15,0,B97|CML333|CML69|HP301,CML247|CML277|CML322|IL14H|Ki11|Ki3|Ky21|M162W|Mo18W|Ms71|NC358|Oh43|Oh7b|P39|Tx303,,XP_004951669.1 uncharacterized protein LOC101784481 [Setaria italica],,-0.673,Other,Rare (1-4),Mild down
chr4,243828411,Zm00001eb206800,-1.5748227706490667,1.5748227706490667,0.0450283574693023,5,14,0,B97|CML277|Ky21|Mo18W|Ms71,CML247|CML322|CML333|CML69|HP301|IL14H|Ki11|Ki3|M162W|NC358|Oh43|Oh7b|P39|Tx303,,XP_004951715.1 calmodulin-binding protein 60 B [Setaria italica],Function unknown,0.377,Unknown,Low (5-8),Stable
chr4,245967276,Zm00001eb207920,2.435194616190339,2.435194616190339,0.0311895358527482,7,10,2,CML69|IL14H|Mo18W|Ms71|NC358|Oh7b|Tx303,B97|CML247|CML277|CML322|CML333|HP301|Ki3|Ky21|M162W|P39,ERF|LBD|NAC,XP_021314141.1 DNA-directed RNA polymerase V subunit 1 isoform X2 [Sorghum bicolor],Transcription;Nuclear structure,0.402,Other,Low (5-8),Stable
chr4,246974498,Zm00001eb208430,1.9865494578769367,1.9865494578769367,0.0311749805466796,5,14,0,CML322|HP301|Ki3|NC358|Tx303,B97|CML247|CML277|CML333|CML69|IL14H|Ki11|Ky21|M162W|Mo18W|Ms71|Oh43|Oh7b|P39,,XP_002453220.1 eukaryotic translation initiation factor 3 subunit J-A [Sorghum bicolor],"Translation, ribosomal structure and biogenesis",-0.049,Translation,Low (5-8),Stable
chr4,247481976,Zm00001eb208710,1.9439999256388856,1.9439999256388856,0.0443649214070538,6,9,4,CML322|CML69|HP301|Ki11|Ky21|NC358,B97|CML277|CML333|IL14H|M162W|Ms71|Oh43|Oh7b|P39,C2H2|CPP|M-type_MADS|MIKC_MADS,XP_021315652.1 RNA polymerase II transcription factor B subunit 4 [Sorghum bicolor],"Transcription;Replication, recombination and repair",0.41,Transcription factor,Low (5-8),Stable
chr4,248497085,Zm00001eb209380,-1.8078821906883915,1.8078821906883915,0.0450283574693023,6,11,2,CML277|Ki11|Ki3|Ky21|Oh43|P39,B97|CML247|CML333|CML69|HP301|IL14H|M162W|Mo18W|Ms71|NC358|Oh7b,,XP_002451390.1 signal peptide peptidase 1 [Sorghum bicolor],Function unknown,0.593,Protein turnover,Low (5-8),Mild up
chr5,2582951,Zm00001eb211620,-2.0878067972527448,2.0878067972527448,0.0325252403119521,6,13,0,CML277|IL14H|Ki11|NC358|Oh43|P39,B97|CML247|CML322|CML333|CML69|HP301|Ki3|Ky21|M162W|Mo18W|Ms71|Oh7b|Tx303,,XP_021306896.1 hsp70 nucleotide exchange factor fes1 [Sorghum bicolor],"Posttranslational modification, protein turnover, chaperones",0.609,Chaperone/HSP,Low (5-8),Mild up
chr5,2679905,Zm00001eb211740,-2.0055852743209135,2.0055852743209135,0.0497278422512067,13,6,0,B97|CML277|CML322|CML333|CML69|Ki11|Ki3|Ky21|M162W|Mo18W|Ms71|NC358|Tx303,CML247|HP301|IL14H|Oh43|Oh7b|P39,G2-like|MYB_related|YABBY|bZIP,XP_021306792.1 actin-depolymerizing factor 3 [Sorghum bicolor],Cytoskeleton,-0.098,Other,High (13+),Stable
chr5,2722689,Zm00001eb211780,1.4740766603580426,1.4740766603580426,0.0450283574693023,6,13,0,CML277|CML322|Ki11|Ki3|Ky21|Tx303,B97|CML247|CML333|CML69|HP301|IL14H|M162W|Mo18W|Ms71|NC358|Oh43|Oh7b|P39,,XP_002466197.1 ras-related protein RABE1c [Sorghum bicolor],"Intracellular trafficking, secretion, and vesicular transport",0.512,Other,Low (5-8),Mild up
chr5,3799865,Zm00001eb212520,1.0581936876932885,1.0581936876932885,0.0450283574693023,13,6,0,CML247|CML322|CML69|IL14H|Ki3|Ky21|M162W|Mo18W|Ms71|NC358|Oh43|Oh7b|Tx303,B97|CML277|CML333|HP301|Ki11|P39,,"XP_021306676.1 photosystem I reaction center subunit II, chloroplastic-like [Sorghum bicolor]",Function unknown,-2.019,Unknown,High (13+),Strong down
chr5,3929566,Zm00001eb212610,-2.5476844419306603,2.5476844419306603,0.0234529107256379,7,9,3,CML277|CML333|CML69|Mo18W|Ms71|Oh43|Tx303,CML247|CML322|HP301|IL14H|Ki11|Ki3|M162W|NC358|Oh7b,CPP|G2-like|MIKC_MADS,XP_003564191.1 lipid phosphate phosphatase delta [Brachypodium distachyon],Lipid transport and metabolism,0.62,Kinase/Phosphorylation,Low (5-8),Mild up
chr5,4304943,Zm00001eb212810,4.4476800731906225,4.4476800731906225,0.0207280059247336,8,11,0,B97|CML247|CML322|CML69|M162W|Ms71|Oh43|P39,CML277|CML333|HP301|IL14H|Ki11|Ki3|Ky21|Mo18W|NC358|Oh7b|Tx303,,XP_002466283.1 protein WVD2-like 1 isoform X1 [Sorghum bicolor],Function unknown,0.074,Unknown,Low (5-8),Stable
chr5,4539678,Zm00001eb212940,4.0980270622678345,4.0980270622678345,0.0269464077021537,4,15,0,CML277|CML322|CML69|Oh43,B97|CML247|CML333|HP301|IL14H|Ki11|Ki3|Ky21|M162W|Mo18W|Ms71|NC358|Oh7b|P39|Tx303,C2H2|MYB|bHLH,,Transcription,-0.236,Other,Rare (1-4),Stable
chr5,6342999,Zm00001eb214080,2.2064550188307166,2.2064550188307166,0.0188111888111888,12,7,0,B97|CML247|CML333|CML69|Ki3|Ky21|M162W|Ms71|NC358|Oh7b|P39|Tx303,CML277|CML322|HP301|IL14H|Ki11|Mo18W|Oh43,HD-ZIP|M-type_MADS|MIKC_MADS,XP_004981644.1 uncharacterized protein LOC101782522 [Setaria italica],Function unknown,-2.691,Unknown,Medium (9-12),Strong down
chr5,9017699,Zm00001eb215480,-2.0849681970533394,2.0849681970533394,0.0392961004179572,9,10,0,B97|CML277|CML322|CML333|CML69|Ki3|M162W|Oh43|Oh7b,CML247|HP301|IL14H|Ki11|Ky21|Mo18W|Ms71|NC358|P39|Tx303,MYB,XP_002463926.1 endoplasmic reticulum oxidoreductin-1 [Sorghum bicolor],"Posttranslational modification, protein turnover, chaperones;Intracellular trafficking, secretion, and vesicular transport",0.44,Chaperone/HSP,Medium (9-12),Stable
chr5,9899872,Zm00001eb215680,3.256816592667565,3.256816592667565,0.0188111888111888,11,8,0,B97|CML247|CML277|CML69|IL14H|Ki11|Ki3|Mo18W|Oh43|Oh7b|Tx303,CML322|CML333|HP301|Ky21|M162W|Ms71|NC358|P39,,XP_021318180.1 CSC1-like protein RXW8 [Sorghum bicolor],Function unknown,-1.791,Unknown,Medium (9-12),Strong down
chr5,10003009,Zm00001eb215710,-2.539472552732426,2.539472552732426,0.0234529107256379,4,15,0,B97|Ki11|Ms71|Oh7b,CML247|CML277|CML322|CML333|CML69|HP301|IL14H|Ki3|Ky21|M162W|Mo18W|NC358|Oh43|P39|Tx303,M-type_MADS|MIKC_MADS|MYB|TCP,XP_021321458.1 tubulin alpha-1 chain [Sorghum bicolor],Cytoskeleton,-0.235,Other,Rare (1-4),Stable
chr5,10159988,Zm00001eb215780,-1.63281724559116,1.63281724559116,0.0443649214070538,6,12,1,B97|CML277|CML69|Ki3|Mo18W|Tx303,CML247|CML322|CML333|HP301|IL14H|Ki11|Ky21|M162W|Ms71|NC358|Oh7b|P39,C2H2|GRAS|MIKC_MADS|TALE|bZIP,XP_021306749.1 lariat debranching enzyme [Sorghum bicolor],RNA processing and modification,0.702,Other,Low (5-8),Mild up
chr5,10575019,Zm00001eb216000,2.796844178065814,2.796844178065814,0.0423031419387483,3,16,0,CML277|Ms71|Tx303,B97|CML247|CML322|CML333|CML69|HP301|IL14H|Ki11|Ki3|Ky21|M162W|Mo18W|NC358|Oh43|Oh7b|P39,,XP_002463979.1 uncharacterized protein LOC8059995 [Sorghum bicolor],Lipid transport and metabolism,-0.039,Other,Rare (1-4),Stable
chr5,13128960,Zm00001eb217010,-3.167194025229343,3.167194025229343,0.0388109050467402,15,4,0,B97|CML277|CML322|CML69|HP301|Ki11|Ki3|M162W|Mo18W|Ms71|NC358|Oh43|Oh7b|P39|Tx303,CML247|CML333|IL14H|Ky21,,"XP_004962155.1 stromal 70 kDa heat shock-related protein, chloroplastic [Setaria italica]","Posttranslational modification, protein turnover, chaperones",1.699,Chaperone/HSP,High (13+),Strong up
chr5,14254464,Zm00001eb217390,-3.960275009599692,3.960275009599692,0.0207280059247336,5,14,0,B97|CML69|HP301|Ki11|P39,CML247|CML277|CML322|CML333|IL14H|Ki3|Ky21|M162W|Mo18W|Ms71|NC358|Oh43|Oh7b|Tx303,,XP_004982185.1 uncharacterized protein LOC101762011 [Setaria italica],Function unknown,3.124,Unknown,Low (5-8),Strong up
chr5,14614921,Zm00001eb217560,-1.8976472087481904,1.8976472087481904,0.0388109050467402,8,11,0,CML247|CML277|CML322|CML69|Ki3|M162W|Mo18W|NC358,B97|CML333|HP301|IL14H|Ki11|Ky21|Ms71|Oh43|Oh7b|P39|Tx303,,XP_021317506.1 glycine-rich RNA-binding protein 2 [Sorghum bicolor],RNA processing and modification,1.335,Other,Low (5-8),Strong up
chr5,19107568,Zm00001eb219040,-2.410048121163423,2.410048121163423,0.0226429045486012,4,15,0,HP301|IL14H|P39|Tx303,B97|CML247|CML277|CML322|CML333|CML69|Ki11|Ki3|Ky21|M162W|Mo18W|Ms71|NC358|Oh43|Oh7b,,XP_002464224.1 probable 2-oxoglutarate-dependent dioxygenase At5g05600 [Sorghum bicolor],"Secondary metabolites biosynthesis, transport and catabolism",2.977,Other,Rare (1-4),Strong up
chr5,19510487,Zm00001eb219210,-2.188119226814984,2.188119226814984,0.0450283574693023,3,14,2,B97|HP301|P39,CML247|CML277|CML322|CML333|IL14H|Ki11|Ki3|Ky21|Mo18W|Ms71|NC358|Oh43|Oh7b|Tx303,,XP_002464245.2 zinc finger protein 4 [Sorghum bicolor],Function unknown,0.639,Transcription factor,Rare (1-4),Mild up
chr5,21032251,Zm00001eb219710,1.848124679262618,1.848124679262618,0.0387748524021069,11,7,1,B97|CML247|CML277|CML69|HP301|M162W|Mo18W|Ms71|Oh7b|P39|Tx303,CML333|IL14H|Ki11|Ki3|Ky21|NC358|Oh43,MYB_related,XP_004975212.1 achilleol B synthase isoform X1 [Setaria italica],Lipid transport and metabolism,-0.218,Biosynthesis,Medium (9-12),Stable
chr5,32352203,Zm00001eb222310,-2.874238956905657,2.874238956905657,0.0188111888111888,10,9,0,B97|CML247|CML277|CML69|HP301|IL14H|Ki11|Ki3|NC358|Tx303,CML322|CML333|Ky21|M162W|Mo18W|Ms71|Oh43|Oh7b|P39,,,,0.516,Unknown,Medium (9-12),Mild up
chr5,51768174,Zm00001eb225790,-4.0288094026258445,4.0288094026258445,0.0450283574693023,14,5,0,B97|CML247|CML333|CML69|HP301|IL14H|Ki11|Ky21|Mo18W|Ms71|Oh43|Oh7b|P39|Tx303,CML277|CML322|Ki3|M162W|NC358,C2H2|G2-like|MYB|Trihelix,XP_004966283.1 EH domain-containing protein 1 [Setaria italica],"Signal transduction mechanisms;Intracellular trafficking, secretion, and vesicular transport",0.126,Signal transduction,High (13+),Stable
chr5,58804250,Zm00001eb227020,-1.887218699133968,1.887218699133968,0.0226429045486012,10,9,0,CML333|CML69|IL14H|Ki11|Ky21|Mo18W|Oh43|Oh7b|P39|Tx303,B97|CML247|CML277|CML322|HP301|Ki3|M162W|Ms71|NC358,,XP_012700889.1 auxin-induced protein 15A [Setaria italica],Function unknown,-2.188,Hormone signaling,Medium (9-12),Strong down
chr5,59946133,Zm00001eb227200,2.305646447426234,2.305646447426234,0.0353818048958713,4,15,0,CML247|CML322|Ki11|Oh7b,B97|CML277|CML333|CML69|HP301|IL14H|Ki3|Ky21|M162W|Mo18W|Ms71|NC358|Oh43|P39|Tx303,TCP,XP_002437549.2 protein PHOSPHATE STARVATION RESPONSE 3 [Sorghum bicolor],Transcription,-2.205,Kinase/Phosphorylation,Rare (1-4),Strong down
chr5,60016925,Zm00001eb227240,2.614639658175785,2.614639658175785,0.0338267581908725,8,11,0,CML247|CML322|IL14H|Ki11|Ky21|NC358|Oh7b|P39,B97|CML277|CML333|CML69|HP301|Ki3|M162W|Mo18W|Ms71|Oh43|Tx303,,XP_021305797.1 zinc finger CCCH domain-containing protein 46 isoform X2 [Sorghum bicolor],Function unknown,0.199,Transcription factor,Low (5-8),Stable
chr5,60347328,Zm00001eb227310,-3.539510209205446,3.539510209205446,0.0234529107256379,11,8,0,CML247|CML322|CML333|CML69|HP301|Ki3|Ky21|M162W|Mo18W|NC358|Oh43,B97|CML277|IL14H|Ki11|Ms71|Oh7b|P39|Tx303,ARF|GRAS,"XP_021305862.1 delta-aminolevulinic acid dehydratase, chloroplastic [Sorghum bicolor]",Coenzyme transport and metabolism,-0.324,Other,Medium (9-12),Stable
chr5,60404792,Zm00001eb227330,-1.6322288517979,1.6322288517979,0.0469889514825974,5,14,0,B97|Ki3|Ms71|Oh43|Tx303,CML247|CML277|CML322|CML333|CML69|HP301|IL14H|Ki11|Ky21|M162W|Mo18W|NC358|Oh7b|P39,,XP_002437555.1 glycosyltransferase family 64 protein C4 [Sorghum bicolor],Carbohydrate transport and metabolism;Cell wall/membrane/envelope biogenesis;Extracellular structures,2.875,Biosynthesis,Low (5-8),Strong up
chr5,60874715,Zm00001eb227400,2.8731706347228676,2.8731706347228676,0.0188111888111888,6,13,0,CML277|CML69|Ki11|M162W|Ms71|Oh7b,B97|CML247|CML322|CML333|HP301|IL14H|Ki3|Ky21|Mo18W|NC358|Oh43|P39|Tx303,WOX,XP_002437560.1 mitogen-activated protein kinase 12 isoform X1 [Sorghum bicolor],Signal transduction mechanisms,0.454,Kinase/Phosphorylation,Low (5-8),Stable
chr5,61446348,Zm00001eb227670,5.5371808019707265,5.5371808019707265,0.0207280059247336,9,10,0,CML277|CML333|IL14H|Ki3|Ky21|M162W|Mo18W|Ms71|P39,B97|CML247|CML322|CML69|HP301|Ki11|NC358|Oh43|Oh7b|Tx303,,,Function unknown,-0.124,Unknown,Medium (9-12),Stable
chr5,63257241,Zm00001eb228090,-2.5466650592937663,2.5466650592937663,0.0315288257270529,12,6,1,B97|CML247|CML277|CML69|HP301|Ky21|M162W|Mo18W|Ms71|NC358|Oh7b|Tx303,CML322|CML333|IL14H|Ki3|Oh43|P39,,XP_002437596.1 uncharacterized protein LOC8069195 isoform X2 [Sorghum bicolor],Function unknown,0.816,Unknown,Medium (9-12),Mild up
chr5,63491996,Zm00001eb228160,2.0854684599772058,2.0854684599772058,0.0291027284684607,10,9,0,B97|CML322|HP301|IL14H|Ki11|Ky21|M162W|Oh7b|P39|Tx303,CML247|CML277|CML333|CML69|Ki3|Mo18W|Ms71|NC358|Oh43,C2H2|ERF|LBD|TALE,XP_002439032.1 senescence/dehydration-associated protein At3g51250 [Sorghum bicolor],Function unknown,2.005,Unknown,Medium (9-12),Strong up
chr5,84480191,Zm00001eb232710,-1.8662184300906264,1.8662184300906264,0.0457762769549841,8,11,0,B97|CML277|CML69|IL14H|M162W|Ms71|Oh7b|P39,CML247|CML322|CML333|HP301|Ki11|Ki3|Ky21|Mo18W|NC358|Oh43|Tx303,C2H2|GRAS|M-type_MADS|NAC,XP_002442919.2 probable pectate lyase 4 [Sorghum bicolor],Amino acid transport and metabolism,-0.106,Other,Low (5-8),Stable
chr5,91349547,Zm00001eb233730,3.4568081099510115,3.4568081099510115,0.0226429045486012,15,4,0,B97|CML247|CML277|CML322|CML333|CML69|Ki11|Ki3|Ky21|M162W|Mo18W|NC358|Oh43|Oh7b|Tx303,HP301|IL14H|Ms71|P39,C2H2|ERF|GRAS|LBD|MIKC_MADS|TALE,,,0.554,Unknown,High (13+),Mild up
chr5,100436856,Zm00001eb234620,-3.4991405375220848,3.4991405375220848,0.0234529107256379,10,9,0,B97|CML247|CML277|CML69|IL14H|Ki11|M162W|Oh43|P39|Tx303,CML322|CML333|HP301|Ki3|Ky21|Mo18W|Ms71|NC358|Oh7b,,XP_002451689.1 uncharacterized protein LOC8079424 isoform X2 [Sorghum bicolor],RNA processing and modification;Transcription,-0.001,Other,Medium (9-12),Stable
chr5,138337529,Zm00001eb237500,3.7666607845588014,3.7666607845588014,0.0188111888111888,6,13,0,CML277|Ki3|Ky21|Ms71|Oh43|Tx303,B97|CML247|CML322|CML333|CML69|HP301|IL14H|Ki11|M162W|Mo18W|NC358|Oh7b|P39,,"XP_006647151.2 D-amino-acid transaminase, chloroplastic [Oryza brachyantha]",Amino acid transport and metabolism,-0.87,Other,Low (5-8),Mild down
chr5,147071399,Zm00001eb238620,-2.101410767301607,2.101410767301607,0.0457762769549841,10,9,0,B97|CML277|CML69|HP301|Ki11|Ki3|Mo18W|Ms71|Oh43|Oh7b,CML247|CML322|CML333|IL14H|Ky21|M162W|NC358|P39|Tx303,MYB|SBP,XP_002453600.1 potassium channel KAT1 [Sorghum bicolor],Inorganic ion transport and metabolism,0.478,Transporter,Medium (9-12),Stable
chr5,147580358,Zm00001eb238670,2.4797842854311596,2.4797842854311596,0.0338267581908725,8,9,2,CML247|CML322|CML333|CML69|HP301|Ki11|Ki3|Ms71,B97|CML277|Ky21|M162W|Mo18W|NC358|Oh43|Oh7b|Tx303,CPP|G2-like,XP_002451855.1 phosphoenolpyruvate carboxylase 1 [Sorghum bicolor],Energy production and conversion,3.585,Biosynthesis,Low (5-8),Strong up
chr5,159177486,Zm00001eb240160,3.150560673239874,3.150560673239874,0.0478343284411486,4,13,2,CML277|IL14H|Oh7b|P39,B97|CML247|CML322|CML333|CML69|HP301|Ky21|M162W|Mo18W|Ms71|NC358|Oh43|Tx303,MIKC_MADS|MYB_related,XP_004951439.1 aminopeptidase M1-A [Setaria italica],"Posttranslational modification, protein turnover, chaperones",1.577,Chaperone/HSP,Rare (1-4),Strong up
chr5,162417985,Zm00001eb240750,-2.0331125781654853,2.0331125781654853,0.0226429045486012,6,13,0,CML69|Ki11|Ki3|Mo18W|NC358|Tx303,B97|CML247|CML277|CML322|CML333|HP301|IL14H|Ky21|M162W|Ms71|Oh43|Oh7b|P39,GATA|HD-ZIP|WOX|YABBY,XP_004952436.1 WRKY transcription factor WRKY51 [Setaria italica],Transcription,2.026,Transcription factor,Low (5-8),Strong up
chr5,165941716,Zm00001eb241400,-2.227398896228534,2.227398896228534,0.0315288257270529,6,12,1,CML277|CML333|IL14H|M162W|NC358|P39,B97|CML247|CML322|CML69|HP301|Ki11|Ki3|Ky21|Mo18W|Ms71|Oh7b|Tx303,,XP_002453869.1 galacturonosyltransferase 8 [Sorghum bicolor],Carbohydrate transport and metabolism,1.609,Biosynthesis,Low (5-8),Strong up
chr5,167200610,Zm00001eb241780,2.649178803799349,2.649178803799349,0.0188111888111888,13,6,0,B97|CML247|CML277|CML322|CML333|CML69|Ki11|Ky21|M162W|Mo18W|NC358|P39|Tx303,HP301|IL14H|Ki3|Ms71|Oh43|Oh7b,Dof|LBD|MIKC_MADS|TALE,,,0.632,Unknown,High (13+),Mild up
chr5,177500754,Zm00001eb243970,2.201691679038871,2.201691679038871,0.0450283574693023,8,11,0,B97|CML277|HP301|Ki3|Ky21|NC358|Oh7b|P39,CML247|CML322|CML333|CML69|IL14H|Ki11|M162W|Mo18W|Ms71|Oh43|Tx303,,XP_004952758.1 monooxygenase 1 [Setaria italica],Energy production and conversion,-0.651,Other,Low (5-8),Mild down
chr5,179748634,Zm00001eb244930,4.753694942534736,4.753694942534736,0.0207280059247336,5,14,0,CML277|IL14H|Ky21|Ms71|P39,B97|CML247|CML322|CML333|CML69|HP301|Ki11|Ki3|M162W|Mo18W|NC358|Oh43|Oh7b|Tx303,HD-ZIP|WOX|YABBY,XP_004952871.1 sucrose transport protein SUT5 [Setaria italica],Carbohydrate transport and metabolism,0.652,Other,Low (5-8),Mild up
chr5,181666853,Zm00001eb245410,-3.7983113281608527,3.7983113281608527,0.0224509667547642,5,14,0,B97|Ky21|Mo18W|Oh7b|Tx303,CML247|CML277|CML322|CML333|CML69|HP301|IL14H|Ki11|Ki3|M162W|Ms71|NC358|Oh43|P39,,XP_002454074.1 uncharacterized protein LOC8055413 [Sorghum bicolor],,0.578,Other,Low (5-8),Mild up
chr5,183345807,Zm00001eb245840,-3.1519521318875774,3.1519521318875774,0.0188111888111888,10,9,0,CML247|HP301|Ky21|M162W|Mo18W|NC358|Oh43|Oh7b|P39|Tx303,B97|CML277|CML322|CML333|CML69|IL14H|Ki11|Ki3|Ms71,C2H2|MYB,XP_002452371.1 uncharacterized protein LOC8055442 [Sorghum bicolor],"Intracellular trafficking, secretion, and vesicular transport",0.224,Other,Medium (9-12),Stable
chr5,185128518,Zm00001eb246360,1.7253885350789702,1.7253885350789702,0.0188111888111888,6,13,0,B97|CML247|CML69|Ki11|Ki3|M162W,CML277|CML322|CML333|HP301|IL14H|Ky21|Mo18W|Ms71|NC358|Oh43|Oh7b|P39|Tx303,,XP_021313888.1 cytosolic Fe-S cluster assembly factor NBP35 [Sorghum bicolor],"Cell cycle control, cell division, chromosome partitioning",0.948,Other,Low (5-8),Mild up
chr5,185610092,Zm00001eb246440,2.855413475989271,2.855413475989271,0.0450283574693023,3,16,0,B97|HP301|M162W,CML247|CML277|CML322|CML333|CML69|IL14H|Ki11|Ki3|Ky21|Mo18W|Ms71|NC358|Oh43|Oh7b|P39|Tx303,EIL|MYB_related,"XP_004953013.1 transcription termination factor MTERF5, chloroplastic [Setaria italica]",Transcription,-0.143,Transcription factor,Rare (1-4),Stable
chr5,185969286,Zm00001eb246590,3.533033625402345,3.533033625402345,0.0207280059247336,5,14,0,B97|CML247|CML277|NC358|P39,CML322|CML333|CML69|HP301|IL14H|Ki11|Ki3|Ky21|M162W|Mo18W|Ms71|Oh43|Oh7b|Tx303,,XP_002454142.1 uncharacterized protein LOC8072433 [Sorghum bicolor],,-0.047,Other,Low (5-8),Stable
chr5,187363173,Zm00001eb246850,-2.116124084261831,2.116124084261831,0.0234529107256379,10,8,1,B97|CML277|CML333|HP301|IL14H|Ki3|Ms71|NC358|Oh43|P39,CML322|CML69|Ki11|Ky21|M162W|Mo18W|Oh7b|Tx303,,"XP_002452434.1 pentatricopeptide repeat-containing protein At5g04810, chloroplastic [Sorghum bicolor]",Function unknown,1.087,Unknown,Medium (9-12),Strong up
chr5,190042182,Zm00001eb247540,-2.689918027031855,2.689918027031855,0.0188111888111888,6,12,1,HP301|Ky21|M162W|Ms71|Oh43|P39,B97|CML247|CML277|CML322|CML333|CML69|IL14H|Ki11|Ki3|Mo18W|NC358|Oh7b,Trihelix,XP_002454196.2 wall-associated receptor kinase 5 [Sorghum bicolor],Signal transduction mechanisms,-1.674,Kinase/Phosphorylation,Low (5-8),Strong down
chr5,192527539,Zm00001eb248290,3.045578705346374,3.045578705346374,0.0412300028738384,6,12,1,B97|CML247|CML322|CML333|Ky21|Mo18W,CML277|CML69|HP301|IL14H|Ki11|M162W|Ms71|NC358|Oh43|Oh7b|P39|Tx303,ERF|LBD|MYB|Trihelix,XP_002452497.1 bifunctional nitrilase/nitrile hydratase NIT4 [Sorghum bicolor],Amino acid transport and metabolism,0.579,Other,Low (5-8),Mild up
chr5,192696772,Zm00001eb248350,-1.8501334723944156,1.8501334723944156,0.0388109050467402,10,9,0,CML277|CML322|Ki11|Ki3|Ky21|M162W|Mo18W|NC358|Oh43|Oh7b,B97|CML247|CML333|CML69|HP301|IL14H|Ms71|P39|Tx303,,XP_004979172.1 LOW QUALITY PROTEIN: gem-associated protein 2-like [Setaria italica],Function unknown,1.02,Unknown,Medium (9-12),Strong up
chr5,192898521,Zm00001eb248530,-2.0869914285378406,2.0869914285378406,0.025625148844963,7,12,0,B97|CML247|CML277|IL14H|M162W|NC358|P39,CML322|CML333|CML69|HP301|Ki11|Ki3|Ky21|Mo18W|Ms71|Oh43|Oh7b|Tx303,Nin-like|TCP,XP_002452863.1 membrane steroid-binding protein 1 [Sorghum bicolor],Function unknown,0.244,Unknown,Low (5-8),Stable
chr5,193107259,Zm00001eb248620,-3.566530348832343,3.566530348832343,0.0321512983526941,6,13,0,CML277|Ki3|M162W|Ms71|NC358|P39,B97|CML247|CML322|CML333|CML69|HP301|IL14H|Ki11|Ky21|Mo18W|Oh43|Oh7b|Tx303,,XP_021316110.1 protein SHORTAGE IN CHIASMATA 1 isoform X2 [Sorghum bicolor],,0.245,Other,Low (5-8),Stable
chr5,199009303,Zm00001eb250370,1.8339465166225088,1.8339465166225088,0.039548112582254,12,5,2,CML247|CML277|CML322|CML333|CML69|HP301|IL14H|Ki11|Ki3|Ky21|Mo18W|NC358,B97|M162W|Ms71|Oh7b|P39,ARR-B|ERF|NAC|SBP,XP_002454491.1 transcription factor bHLH157 [Sorghum bicolor],Function unknown,-0.769,Transcription factor,Medium (9-12),Mild down
chr5,204023118,Zm00001eb250610,-1.5294181024110318,1.5294181024110318,0.0210966603489967,5,14,0,B97|CML69|Ms71|Oh43|P39,CML247|CML277|CML322|CML333|HP301|IL14H|Ki11|Ki3|Ky21|M162W|Mo18W|NC358|Oh7b|Tx303,ARF|C2H2|NAC|bZIP,"XP_002454480.1 bifunctional dTDP-4-dehydrorhamnose 3,5-epimerase/dTDP-4-dehydrorhamnose reductase [Sorghum bicolor]",Carbohydrate transport and metabolism,0.408,Redox/Metabolism,Low (5-8),Stable
chr5,205962090,Zm00001eb251070,1.8363397923573328,1.8363397923573328,0.028085643230545,6,13,0,B97|CML69|Ki11|Mo18W|Ms71|Oh7b,CML247|CML277|CML322|CML333|HP301|IL14H|Ki3|Ky21|M162W|NC358|Oh43|P39|Tx303,ARF|C2H2|GRAS|MYB|MYB_related,XP_003570129.1 serine/arginine repetitive matrix protein 1 [Brachypodium distachyon],,-0.448,Other,Low (5-8),Stable
chr5,208499872,Zm00001eb251900,-2.0480367921719203,2.0480367921719203,0.0450283574693023,9,10,0,B97|CML277|CML333|CML69|Ki3|M162W|Ms71|Oh43|Tx303,CML247|CML322|HP301|IL14H|Ki11|Ky21|Mo18W|NC358|Oh7b|P39,,XP_002454426.1 pectin acetylesterase 8 isoform X1 [Sorghum bicolor],Cell wall/membrane/envelope biogenesis,0.657,Cell wall,Medium (9-12),Mild up
chr5,209205811,Zm00001eb252160,2.355996357405278,2.355996357405278,0.0224509667547642,5,14,0,CML247|HP301|IL14H|M162W|P39,B97|CML277|CML322|CML333|CML69|Ki11|Ki3|Ky21|Mo18W|Ms71|NC358|Oh43|Oh7b|Tx303,,XP_002454420.1 protein RADIALIS-like 3 [Sorghum bicolor],Transcription,-2.928,Other,Low (5-8),Strong down
chr5,209563666,Zm00001eb252250,-3.1936707580998416,3.1936707580998416,0.0497278422512067,3,16,0,CML247|CML333|Ki3,B97|CML277|CML322|CML69|HP301|IL14H|Ki11|Ky21|M162W|Mo18W|Ms71|NC358|Oh43|Oh7b|P39|Tx303,C2H2|Dof|GRAS|MIKC_MADS,XP_002454414.1 uridine-cytidine kinase C [Sorghum bicolor],Signal transduction mechanisms;Cytoskeleton,0.163,Kinase/Phosphorylation,Rare (1-4),Stable
chr5,209976915,Zm00001eb252380,1.331292388796791,1.331292388796791,0.0468443117268101,13,6,0,CML247|CML277|CML322|CML333|CML69|HP301|IL14H|Ki11|Ki3|Mo18W|NC358|Oh7b|Tx303,B97|Ky21|M162W|Ms71|Oh43|P39,MYB,XP_052141931.1 cysteine-rich receptor-like protein kinase 44 [Oryza glaberrima],Signal transduction mechanisms,1.396,Kinase/Phosphorylation,High (13+),Strong up
chr5,210135106,Zm00001eb252460,2.800267841073044,2.800267841073044,0.0376566109050185,7,12,0,CML322|IL14H|Ki3|NC358|Oh43|Oh7b|Tx303,B97|CML247|CML277|CML333|CML69|HP301|Ki11|Ky21|M162W|Mo18W|Ms71|P39,,XP_004953663.1 17.8 kDa heat shock protein [Setaria italica],"Posttranslational modification, protein turnover, chaperones",-0.839,Chaperone/HSP,Low (5-8),Mild down
chr5,210672360,Zm00001eb252640,-2.184338854040075,2.184338854040075,0.0457762769549841,6,11,2,M162W|Mo18W|Ms71|Oh43|Oh7b|Tx303,B97|CML247|CML277|CML322|CML333|CML69|IL14H|Ki11|Ki3|NC358|P39,HD-ZIP|MIKC_MADS,XP_021313992.1 AT-rich interactive domain-containing protein 5-like [Sorghum bicolor],Transcription,0.597,Other,Low (5-8),Mild up
chr5,212216401,Zm00001eb253150,1.66884832394174,1.66884832394174,0.0428200920646902,8,11,0,B97|CML322|HP301|M162W|Mo18W|NC358|P39|Tx303,CML247|CML277|CML333|CML69|IL14H|Ki11|Ki3|Ky21|Ms71|Oh43|Oh7b,TCP,XP_002454366.1 zinc finger protein CONSTANS-LIKE 9 [Sorghum bicolor],Transcription,0.612,Transcription factor,Low (5-8),Mild up
chr5,213145580,Zm00001eb253690,-2.9414167343446964,2.9414167343446964,0.0450283574693023,3,16,0,Oh43|Oh7b|P39,B97|CML247|CML277|CML322|CML333|CML69|HP301|IL14H|Ki11|Ki3|Ky21|M162W|Mo18W|Ms71|NC358|Tx303,ERF|NAC|TCP,XP_002452602.1 ADP-ribosylation factor-like protein 8c [Sorghum bicolor],"Intracellular trafficking, secretion, and vesicular transport",0.558,Other,Rare (1-4),Mild up
chr5,216053809,Zm00001eb254940,3.0368323958172567,3.0368323958172567,0.039548112582254,6,11,2,CML247|CML277|CML333|Ki11|Ki3|NC358,B97|CML322|CML69|IL14H|Ky21|M162W|Mo18W|Ms71|Oh7b|P39|Tx303,,"XP_004953920.1 shikimate kinase 1, chloroplastic [Setaria italica]",Amino acid transport and metabolism,-0.052,Kinase/Phosphorylation,Low (5-8),Stable
chr5,218429727,Zm00001eb255980,2.8306111394814533,2.8306111394814533,0.0310074540843771,13,6,0,CML277|CML322|CML333|CML69|Ki3|Ky21|M162W|Mo18W|Ms71|NC358|Oh43|P39|Tx303,B97|CML247|HP301|IL14H|Ki11|Oh7b,NAC|TCP,XP_002454606.2 uncharacterized protein LOC8078924 isoform X1 [Sorghum bicolor],Function unknown,1.919,Unknown,High (13+),Strong up
chr5,219599710,Zm00001eb256460,2.535602526846472,2.535602526846472,0.0387748524021069,9,10,0,CML277|CML69|HP301|IL14H|M162W|Ms71|Oh43|P39|Tx303,B97|CML247|CML322|CML333|Ki11|Ki3|Ky21|Mo18W|NC358|Oh7b,,XP_002452902.1 universal stress protein PHOS32 [Sorghum bicolor],Function unknown,1.934,Unknown,Medium (9-12),Strong up
chr5,222003901,Zm00001eb257810,-3.7401838527052793,3.7401838527052793,0.0188111888111888,6,13,0,HP301|Ki11|Ki3|M162W|NC358|Oh7b,B97|CML247|CML277|CML322|CML333|CML69|IL14H|Ky21|Mo18W|Ms71|Oh43|P39|Tx303,CPP|TCP,XP_004954215.1 transcription factor bHLH82 [Setaria italica],Transcription,0.725,Transcription factor,Low (5-8),Mild up
chr5,222551203,Zm00001eb258090,-1.8890916082673856,1.8890916082673856,0.0188111888111888,9,10,0,B97|CML322|CML69|HP301|Ki11|Ki3|Ky21|Mo18W|Oh43,CML247|CML277|CML333|IL14H|M162W|Ms71|NC358|Oh7b|P39|Tx303,,XP_021314018.1 cyclin-B1-2 [Sorghum bicolor],"Posttranslational modification, protein turnover, chaperones",0.705,Chaperone/HSP,Medium (9-12),Mild up
chr5,222744777,Zm00001eb258170,4.794391153447574,4.794391153447574,0.0188111888111888,6,13,0,B97|CML333|M162W|Mo18W|Oh43|Oh7b,CML247|CML277|CML322|CML69|HP301|IL14H|Ki11|Ki3|Ky21|Ms71|NC358|P39|Tx303,ERF,XP_021315749.1 26S protease regulatory subunit 6A homolog [Sorghum bicolor],"Posttranslational modification, protein turnover, chaperones",0.308,Chaperone/HSP,Low (5-8),Stable
chr5,224090715,Zm00001eb258890,-1.9603346592901425,1.9603346592901425,0.0388109050467402,3,16,0,B97|Ms71|Oh7b,CML247|CML277|CML322|CML333|CML69|HP301|IL14H|Ki11|Ki3|Ky21|M162W|Mo18W|NC358|Oh43|P39|Tx303,,XP_021314736.1 myosin-6 [Sorghum bicolor],Cytoskeleton,0.467,Other,Rare (1-4),Stable
chr5,224227778,Zm00001eb258970,1.890023995138449,1.890023995138449,0.0468443117268101,6,13,0,CML277|CML322|CML69|HP301|Ki3|M162W,B97|CML247|CML333|IL14H|Ki11|Ky21|Mo18W|Ms71|NC358|Oh43|Oh7b|P39|Tx303,,XP_021314017.1 protein N-lysine methyltransferase METTL21A [Sorghum bicolor],RNA processing and modification,1.049,Biosynthesis,Low (5-8),Strong up
chr5,224374169,Zm00001eb259070,-1.9507576650897027,1.9507576650897027,0.0457762769549841,5,14,0,B97|CML322|Ki3|Ms71|Tx303,CML247|CML277|CML333|CML69|HP301|IL14H|Ki11|Ky21|M162W|Mo18W|NC358|Oh43|Oh7b|P39,,XP_002454789.1 uncharacterized protein LOC8056458 isoform X1 [Sorghum bicolor],"Posttranslational modification, protein turnover, chaperones;Signal transduction mechanisms",-1.479,Chaperone/HSP,Low (5-8),Strong down
chr6,7501354,Zm00001eb260350,2.401949872078158,2.401949872078158,0.0224509667547642,6,13,0,CML322|CML333|CML69|Ki3|Ms71|P39,B97|CML247|CML277|HP301|IL14H|Ki11|Ky21|M162W|Mo18W|NC358|Oh43|Oh7b|Tx303,,XP_021320295.1 glycolipid transfer protein 2 [Sorghum bicolor],Carbohydrate transport and metabolism,-1.709,Other,Low (5-8),Strong down
chr6,8188344,Zm00001eb260480,3.5478175791548217,3.5478175791548217,0.0304485214356458,12,5,2,CML247|CML277|CML322|CML69|HP301|IL14H|Ky21|Mo18W|NC358|Oh7b|P39|Tx303,B97|Ki11|Ki3|Ms71|Oh43,,XP_002443736.1 phospholipase SGR2 [Sorghum bicolor],"Lipid transport and metabolism;Intracellular trafficking, secretion, and vesicular transport",0.358,Other,Medium (9-12),Stable
chr6,10181290,Zm00001eb260970,1.9402762306550076,1.9402762306550076,0.0474791629035171,7,12,0,CML277|CML69|Ki11|Ki3|M162W|Mo18W|Ms71,B97|CML247|CML322|CML333|HP301|IL14H|Ky21|NC358|Oh43|Oh7b|P39|Tx303,,XP_002444936.1 probable calcium-binding protein CML7 [Sorghum bicolor],Signal transduction mechanisms,0.397,Signal transduction,Low (5-8),Stable
chr6,29131841,Zm00001eb264550,2.565167807096685,2.565167807096685,0.0188111888111888,8,11,0,IL14H|Ki11|M162W|Mo18W|Ms71|NC358|Oh43|Tx303,B97|CML247|CML277|CML322|CML333|CML69|HP301|Ki3|Ky21|Oh7b|P39,,"XP_021321956.1 protein CLT2, chloroplastic-like [Sorghum bicolor]",Function unknown,-0.0,Unknown,Low (5-8),Stable
chr6,36004831,Zm00001eb265520,-1.7809825153208412,1.7809825153208412,0.0450283574693023,9,10,0,B97|CML247|CML333|CML69|IL14H|M162W|Ms71|Oh43|P39,CML277|CML322|HP301|Ki11|Ki3|Ky21|Mo18W|NC358|Oh7b|Tx303,M-type_MADS|MYB|NAC,XP_002439226.2 cycloeucalenol cycloisomerase isoform X1 [Sorghum bicolor],Function unknown,0.599,Unknown,Medium (9-12),Mild up
chr6,44084585,Zm00001eb266600,1.3833691488817503,1.3833691488817503,0.0450283574693023,9,10,0,CML247|CML333|HP301|Ki11|Ki3|Ky21|M162W|Mo18W|P39,B97|CML277|CML322|CML69|IL14H|Ms71|NC358|Oh43|Oh7b|Tx303,ARF|BES1|Trihelix|bHLH,XP_004960505.1 cation/H(+) antiporter 20 [Setaria italica],Inorganic ion transport and metabolism,-0.18,Other,Medium (9-12),Stable
chr6,44126781,Zm00001eb266620,-2.9601877835961656,2.9601877835961656,0.0301472339352506,4,15,0,Ki3|Ky21|M162W|P39,B97|CML247|CML277|CML322|CML333|CML69|HP301|IL14H|Ki11|Mo18W|Ms71|NC358|Oh43|Oh7b|Tx303,,XP_002439153.2 ACT domain-containing protein ACR9 [Sorghum bicolor],Function unknown,-0.337,Unknown,Rare (1-4),Stable
chr6,64425664,Zm00001eb268420,2.5182726232604637,2.5182726232604637,0.039548112582254,4,14,1,Ki11|Oh43|P39|Tx303,B97|CML247|CML277|CML333|CML69|HP301|IL14H|Ki3|Ky21|M162W|Mo18W|Ms71|NC358|Oh7b,C2H2|MYB,XP_002437661.2 protein MEI2-like 2 [Sorghum bicolor],RNA processing and modification,0.222,Other,Rare (1-4),Stable
chr6,71846402,Zm00001eb269400,5.37515032156037,5.37515032156037,0.0188111888111888,7,12,0,CML247|CML277|IL14H|Ki11|Ki3|Ky21|Ms71,B97|CML322|CML333|CML69|HP301|M162W|Mo18W|NC358|Oh43|Oh7b|P39|Tx303,,XP_002436385.1 peroxisomal membrane protein 11-5 [Sorghum bicolor],"Intracellular trafficking, secretion, and vesicular transport",1.153,Other,Low (5-8),Strong up
chr6,92924064,Zm00001eb272170,-3.261713651505997,3.261713651505997,0.0188111888111888,8,11,0,CML322|CML69|HP301|Ki3|Mo18W|Ms71|NC358|P39,B97|CML247|CML277|CML333|IL14H|Ki11|Ky21|M162W|Oh43|Oh7b|Tx303,,,,0.579,Unknown,Low (5-8),Mild up
chr6,94722184,Zm00001eb272520,-2.0781202486092107,2.0781202486092107,0.0428200920646902,5,8,6,CML247|CML277|CML322|Ki11|NC358,B97|CML69|HP301|IL14H|M162W|Ms71|Oh43|P39,,XP_002437583.1 lysophospholipid acyltransferase LPEAT2 isoform X1 [Sorghum bicolor],Lipid transport and metabolism,0.181,Biosynthesis,Low (5-8),Stable
chr6,98445058,Zm00001eb273360,3.373963504912398,3.373963504912398,0.0188111888111888,7,12,0,CML247|CML322|Ki11|Ki3|Ky21|Ms71|Tx303,B97|CML277|CML333|CML69|HP301|IL14H|M162W|Mo18W|NC358|Oh43|Oh7b|P39,,XP_002438920.2 uncharacterized protein LOC8063795 isoform X2 [Sorghum bicolor],Function unknown,0.683,Unknown,Low (5-8),Mild up
chr6,102898532,Zm00001eb274240,-2.18760956779572,2.18760956779572,0.0412300028738384,9,10,0,B97|CML69|HP301|IL14H|Ky21|M162W|Ms71|Oh43|Tx303,CML247|CML277|CML322|CML333|Ki11|Ki3|Mo18W|NC358|Oh7b|P39,,XP_021306236.1 molybdenum cofactor sulfurase isoform X1 [Sorghum bicolor],Coenzyme transport and metabolism,0.73,Other,Medium (9-12),Mild up
chr6,110082271,Zm00001eb276160,-2.0697966596880257,2.0697966596880257,0.0497278422512067,3,16,0,IL14H|Oh43|P39,B97|CML247|CML277|CML322|CML333|CML69|HP301|Ki11|Ki3|Ky21|M162W|Mo18W|Ms71|NC358|Oh7b|Tx303,,XP_021305237.1 uncharacterized protein LOC8065089 isoform X1 [Sorghum bicolor],Function unknown,1.103,Unknown,Rare (1-4),Strong up
chr6,110151986,Zm00001eb276190,2.448600298541365,2.448600298541365,0.0450283574693023,3,16,0,IL14H|Oh43|P39,B97|CML247|CML277|CML322|CML333|CML69|HP301|Ki11|Ki3|Ky21|M162W|Mo18W|Ms71|NC358|Oh7b|Tx303,,XP_021306063.1 E3 ubiquitin-protein ligase RGLG2-like [Sorghum bicolor],"Posttranslational modification, protein turnover, chaperones",0.095,Chaperone/HSP,Rare (1-4),Stable
chr6,117817772,Zm00001eb278120,-1.707022122288353,1.707022122288353,0.0288882326093376,5,14,0,B97|HP301|Ms71|P39|Tx303,CML247|CML277|CML322|CML333|CML69|IL14H|Ki11|Ki3|Ky21|M162W|Mo18W|NC358|Oh43|Oh7b,,XP_002438439.1 vacuolar amino acid transporter 1 [Sorghum bicolor],Amino acid transport and metabolism,3.311,Transporter,Low (5-8),Strong up
chr6,117850289,Zm00001eb278130,-2.9195594793576416,2.9195594793576416,0.0225486703409543,5,14,0,CML247|CML277|CML333|Ki11|Ki3,B97|CML322|CML69|HP301|IL14H|Ky21|M162W|Mo18W|Ms71|NC358|Oh43|Oh7b|P39|Tx303,,XP_002437039.1 cyclin-dependent kinase F-1 [Sorghum bicolor],Signal transduction mechanisms,0.249,Kinase/Phosphorylation,Low (5-8),Stable
chr6,124409130,Zm00001eb279790,9.795547365688725,9.795547365688725,0.0387748524021069,4,15,0,CML333|Ki3|M162W|Mo18W,B97|CML247|CML277|CML322|CML69|HP301|IL14H|Ki11|Ky21|Ms71|NC358|Oh43|Oh7b|P39|Tx303,,"XP_021305650.1 glutathione S-transferase DHAR3, chloroplastic-like isoform X1 [Sorghum bicolor]",Inorganic ion transport and metabolism,-0.119,Biosynthesis,Rare (1-4),Stable
chr6,126409344,Zm00001eb280210,1.7960201177908428,1.7960201177908428,0.0311749805466796,7,12,0,CML277|CML322|IL14H|Ki11|Ky21|P39|Tx303,B97|CML247|CML333|CML69|HP301|Ki3|M162W|Mo18W|Ms71|NC358|Oh43|Oh7b,,XP_052160612.1 potassium channel KOR1 [Oryza glaberrima],Inorganic ion transport and metabolism;Signal transduction mechanisms,0.079,Transporter,Low (5-8),Stable
chr6,130867559,Zm00001eb280970,-3.748817075985064,3.748817075985064,0.0304485214356458,12,7,0,B97|CML277|CML322|CML69|HP301|IL14H|Ki3|Ky21|M162W|NC358|Oh43|P39,CML247|CML333|Ki11|Mo18W|Ms71|Oh7b|Tx303,,XP_021305853.1 U-box domain-containing protein 35 isoform X1 [Sorghum bicolor],Function unknown,-1.716,Unknown,Medium (9-12),Strong down
chr6,134534847,Zm00001eb282040,2.0901105758952907,2.0901105758952907,0.0498621926919096,4,15,0,CML322|IL14H|M162W|P39,B97|CML247|CML277|CML333|CML69|HP301|Ki11|Ki3|Ky21|Mo18W|Ms71|NC358|Oh43|Oh7b|Tx303,,XP_004973627.1 germin-like protein 8-14 [Setaria italica],"Posttranslational modification, protein turnover, chaperones",-3.932,Chaperone/HSP,Rare (1-4),Strong down
chr6,138984500,Zm00001eb282990,2.655137442273228,2.655137442273228,0.0188111888111888,6,13,0,CML247|CML277|CML333|Ki3|Ms71|Tx303,B97|CML322|CML69|HP301|IL14H|Ki11|Ky21|M162W|Mo18W|NC358|Oh43|Oh7b|P39,Dof,XP_002439378.1 E3 ubiquitin-protein ligase At1g63170 [Sorghum bicolor],"Posttranslational modification, protein turnover, chaperones",1.138,Chaperone/HSP,Low (5-8),Strong up
chr6,139381527,Zm00001eb283110,2.856266283830376,2.856266283830376,0.0310074540843771,10,9,0,CML277|CML322|CML333|CML69|Ki11|M162W|NC358|Oh43|Oh7b|Tx303,B97|CML247|HP301|IL14H|Ki3|Ky21|Mo18W|Ms71|P39,C2H2|GRAS|MIKC_MADS|NAC|bHLH,XP_004960821.1 probable cellulose synthase A catalytic subunit 1 [UDP-forming] [Setaria italica],"Posttranslational modification, protein turnover, chaperones",-0.621,Chaperone/HSP,Medium (9-12),Mild down
chr6,139654163,Zm00001eb283200,-2.0579915874978787,2.0579915874978787,0.0439924362446977,4,15,0,CML247|CML277|Ms71|NC358,B97|CML322|CML333|CML69|HP301|IL14H|Ki11|Ki3|Ky21|M162W|Mo18W|Oh43|Oh7b|P39|Tx303,,XP_052137601.1 uncharacterized protein LOC127756251 [Oryza glaberrima],Signal transduction mechanisms,0.021,Signal transduction,Rare (1-4),Stable
chr6,141497453,Zm00001eb283750,3.2282312202661316,3.2282312202661316,0.0423031419387483,4,15,0,CML69|Ki11|NC358|Tx303,B97|CML247|CML277|CML322|CML333|HP301|IL14H|Ki3|Ky21|M162W|Mo18W|Ms71|Oh43|Oh7b|P39,TALE,XP_002440709.1 leucine-rich repeat extensin-like protein 4 [Sorghum bicolor],Function unknown,0.205,Cell wall,Rare (1-4),Stable
chr6,142919744,Zm00001eb284070,-2.017722385261348,2.017722385261348,0.0311749805466796,7,12,0,B97|IL14H|Ki11|Ky21|M162W|Ms71|P39,CML247|CML277|CML322|CML333|CML69|HP301|Ki3|Mo18W|NC358|Oh43|Oh7b|Tx303,BES1|CAMTA|G2-like|GATA|bHLH|bZIP,XP_004960596.1 uncharacterized protein LOC101766326 [Setaria italica],Function unknown,-3.63,Unknown,Low (5-8),Strong down
chr6,143072104,Zm00001eb284120,2.8262855781437546,2.8262855781437546,0.0188111888111888,6,13,0,B97|IL14H|Ky21|M162W|Oh7b|Tx303,CML247|CML277|CML322|CML333|CML69|HP301|Ki11|Ki3|Mo18W|Ms71|NC358|Oh43|P39,MYB,"XP_002440767.1 thioredoxin-like 2, chloroplastic [Sorghum bicolor]","Posttranslational modification, protein turnover, chaperones",-0.498,Chaperone/HSP,Low (5-8),Stable
chr6,144722672,Zm00001eb284450,1.6809466919998697,1.6809466919998697,0.0474791629035171,9,10,0,B97|CML277|HP301|IL14H|Ki11|Ky21|M162W|Oh7b|P39,CML247|CML322|CML333|CML69|Ki3|Mo18W|Ms71|NC358|Oh43|Tx303,,XP_006655126.2 E3 ubiquitin-protein ligase SINAT5 [Oryza brachyantha],"Posttranslational modification, protein turnover, chaperones",-0.268,Chaperone/HSP,Medium (9-12),Stable
chr6,144921415,Zm00001eb284520,1.9900310270162969,1.9900310270162969,0.0311749805466796,5,14,0,CML322|CML333|Ki11|Ms71|Tx303,B97|CML247|CML277|CML69|HP301|IL14H|Ki3|Ky21|M162W|Mo18W|NC358|Oh43|Oh7b|P39,,XP_021302905.1 LOW QUALITY PROTEIN: serine carboxypeptidase 2 [Sorghum bicolor],"Posttranslational modification, protein turnover, chaperones",-0.171,Chaperone/HSP,Low (5-8),Stable
chr6,152679315,Zm00001eb286540,-1.5857986645549182,1.5857986645549182,0.0428200920646902,10,9,0,CML247|CML277|CML322|CML69|Ki11|Ki3|Mo18W|NC358|Oh7b|Tx303,B97|CML333|HP301|IL14H|Ky21|M162W|Ms71|Oh43|P39,Dof|SBP,XP_012700165.1 senescence associated gene 20-like [Setaria italica],Function unknown,-1.928,Unknown,Medium (9-12),Strong down
chr6,158302188,Zm00001eb288150,-3.3074906339787136,3.3074906339787136,0.0310074540843771,7,8,4,CML247|CML322|HP301|IL14H|Ki3|Oh43|Oh7b,B97|CML333|CML69|Ki11|M162W|Mo18W|P39|Tx303,B3|EIL,XP_004962080.1 beta-hexosaminidase 3 [Setaria italica],Carbohydrate transport and metabolism,1.642,Other,Low (5-8),Strong up
chr6,159037925,Zm00001eb288420,2.9114444910666863,2.9114444910666863,0.0188111888111888,6,13,0,CML247|CML322|HP301|M162W|Oh43|P39,B97|CML277|CML333|CML69|IL14H|Ki11|Ki3|Ky21|Mo18W|Ms71|NC358|Oh7b|Tx303,ARF|C2H2|Dof|GRAS|MIKC_MADS,XP_021302870.1 NAC domain-containing protein 82-like [Sorghum bicolor],Transcription,0.07,Transcription factor,Low (5-8),Stable
chr6,162664891,Zm00001eb289600,-1.881835007983475,1.881835007983475,0.039548112582254,7,12,0,CML322|CML69|Ky21|M162W|NC358|Oh43|Tx303,B97|CML247|CML277|CML333|HP301|IL14H|Ki11|Ki3|Mo18W|Ms71|Oh7b|P39,,XP_002441215.1 peptidyl-prolyl cis-trans isomerase FKBP20-1 [Sorghum bicolor],"Posttranslational modification, protein turnover, chaperones",0.455,Chaperone/HSP,Low (5-8),Stable
chr6,165528366,Zm00001eb290750,2.687972913495488,2.687972913495488,0.0188111888111888,8,11,0,B97|CML247|HP301|Ki3|Ky21|Oh7b|P39|Tx303,CML277|CML322|CML333|CML69|IL14H|Ki11|M162W|Mo18W|Ms71|NC358|Oh43,ERF,XP_002441272.1 probable inactive receptor kinase At5g58300 [Sorghum bicolor],Signal transduction mechanisms,-0.814,Kinase/Phosphorylation,Low (5-8),Mild down
chr6,166984831,Zm00001eb291350,2.8153083422748817,2.8153083422748817,0.0450283574693023,3,16,0,IL14H|P39|Tx303,B97|CML247|CML277|CML322|CML333|CML69|HP301|Ki11|Ki3|Ky21|M162W|Mo18W|Ms71|NC358|Oh43|Oh7b,,XP_002441302.1 myb family transcription factor PHL7 [Sorghum bicolor],Transcription,0.246,Transcription factor,Rare (1-4),Stable
chr6,170739704,Zm00001eb293130,-3.7275814784711905,3.7275814784711905,0.0188111888111888,6,13,0,CML247|CML333|IL14H|Ky21|Oh43|P39,B97|CML277|CML322|CML69|HP301|Ki11|Ki3|M162W|Mo18W|Ms71|NC358|Oh7b|Tx303,C2H2|Dof|ERF|NAC,XP_021302883.1 calcineurin B-like protein 4 [Sorghum bicolor],Signal transduction mechanisms,0.908,Signal transduction,Low (5-8),Mild up
chr6,172670934,Zm00001eb294000,2.0012701891866422,2.0012701891866422,0.039548112582254,9,10,0,B97|CML247|CML333|Ki11|Ki3|M162W|Mo18W|NC358|Tx303,CML277|CML322|CML69|HP301|IL14H|Ky21|Ms71|Oh43|Oh7b|P39,,XP_002440140.2 tRNA(His) guanylyltransferase 1 [Sorghum bicolor],Function unknown,0.477,Biosynthesis,Medium (9-12),Stable
chr6,173977731,Zm00001eb294740,-1.9243978925261265,1.9243978925261265,0.0423031419387483,8,11,0,B97|CML247|CML322|CML333|HP301|IL14H|Ki3|Oh7b,CML277|CML69|Ki11|Ky21|M162W|Mo18W|Ms71|NC358|Oh43|P39|Tx303,Dof|NAC,XP_002441470.2 uncharacterized protein LOC8069011 isoform X2 [Sorghum bicolor],Function unknown,0.725,Unknown,Low (5-8),Mild up
chr6,175625843,Zm00001eb295670,-3.049368935343808,3.049368935343808,0.0188111888111888,8,11,0,B97|CML277|HP301|Ki11|Mo18W|Ms71|P39|Tx303,CML247|CML322|CML333|CML69|IL14H|Ki3|Ky21|M162W|NC358|Oh43|Oh7b,,XP_021302461.1 protein MALE DISCOVERER 2-like [Sorghum bicolor],Signal transduction mechanisms,2.158,Signal transduction,Low (5-8),Strong up
chr6,175938755,Zm00001eb295800,-2.572293252703069,2.572293252703069,0.0315288257270529,13,5,1,B97|CML247|CML322|CML69|IL14H|Ki3|Ky21|Mo18W|Ms71|NC358|Oh43|Oh7b|P39,CML277|CML333|HP301|M162W|Tx303,,XP_004961229.1 homeobox-DDT domain protein RLT2 [Setaria italica],Transcription,0.245,Other,High (13+),Stable
chr7,880702,Zm00001eb298140,-2.081148712700112,2.081148712700112,0.025625148844963,6,13,0,CML247|CML322|IL14H|M162W|Ms71|P39,B97|CML277|CML333|CML69|HP301|Ki11|Ki3|Ky21|Mo18W|NC358|Oh43|Oh7b|Tx303,C2H2|ERF|MIKC_MADS,XP_021310419.1 la-related protein 6C [Sorghum bicolor],RNA processing and modification,0.517,Other,Low (5-8),Mild up
chr7,1059198,Zm00001eb298180,-2.905709175966613,2.905709175966613,0.0188111888111888,13,6,0,B97|CML247|CML277|CML322|CML333|CML69|Ki11|Ki3|Ky21|Mo18W|NC358|Oh7b|Tx303,HP301|IL14H|M162W|Ms71|Oh43|P39,C2H2|MIKC_MADS|MYB_related,XP_002461301.1 DDRGK domain-containing protein 1 [Sorghum bicolor],Function unknown,0.522,Unknown,High (13+),Mild up
chr7,1401739,Zm00001eb298400,-2.4936713485215716,2.4936713485215716,0.0329976999744441,12,7,0,B97|CML247|CML277|CML322|CML333|HP301|Ki11|Ki3|Ky21|M162W|Ms71|Tx303,CML69|IL14H|Mo18W|NC358|Oh43|Oh7b|P39,,XP_002459219.1 serine/arginine-rich splicing factor 4 [Sorghum bicolor],,0.939,Other,Medium (9-12),Mild up
chr7,5273290,Zm00001eb299970,2.493335649869251,2.493335649869251,0.0242656085696916,9,10,0,B97|CML247|CML322|CML333|CML69|HP301|Ki11|Ki3|P39,CML277|IL14H|Ky21|M162W|Mo18W|Ms71|NC358|Oh43|Oh7b|Tx303,,XP_021310456.1 187-kDa microtubule-associated protein AIR9 [Sorghum bicolor],Signal transduction mechanisms,-0.863,Signal transduction,Medium (9-12),Mild down
chr7,6870529,Zm00001eb300490,2.4773540200623496,2.4773540200623496,0.0234529107256379,5,14,0,CML247|CML69|Ki11|Mo18W|Ms71,B97|CML277|CML322|CML333|HP301|IL14H|Ki3|Ky21|M162W|NC358|Oh43|Oh7b|P39|Tx303,CAMTA|NAC,XP_002461489.2 flavonoid 3'-monooxygenase [Sorghum bicolor],"Secondary metabolites biosynthesis, transport and catabolism",-1.425,Other,Low (5-8),Strong down
chr7,10524518,Zm00001eb301430,-1.4359456092472174,1.4359456092472174,0.0268326165915843,8,11,0,IL14H|Ky21|M162W|Mo18W|NC358|Oh43|Oh7b|Tx303,B97|CML247|CML277|CML322|CML333|CML69|HP301|Ki11|Ki3|Ms71|P39,,XP_004983791.1 ABC transporter F family member 4 [Setaria italica],"Translation, ribosomal structure and biogenesis",-0.41,Transporter,Low (5-8),Stable
chr7,10719162,Zm00001eb301470,-1.3331421122645593,1.3331421122645593,0.0498621926919096,8,11,0,CML322|HP301|IL14H|Ky21|Ms71|Oh43|P39|Tx303,B97|CML247|CML277|CML333|CML69|Ki11|Ki3|M162W|Mo18W|NC358|Oh7b,,"XP_002459436.2 pentatricopeptide repeat-containing protein At5g64320, mitochondrial [Sorghum bicolor]",Inorganic ion transport and metabolism,0.574,Other,Low (5-8),Mild up
chr7,10933578,Zm00001eb301540,5.061909574591178,5.061909574591178,0.0310074540843771,6,13,0,CML333|Ki11|Ki3|Ky21|M162W|P39,B97|CML247|CML277|CML322|CML69|HP301|IL14H|Mo18W|Ms71|NC358|Oh43|Oh7b|Tx303,ERF|MYB|TCP,XP_002459431.1 tryptophan synthase alpha chain [Sorghum bicolor],Amino acid transport and metabolism,-0.502,Biosynthesis,Low (5-8),Mild down
chr7,13954725,Zm00001eb302270,-2.552939442944594,2.552939442944594,0.0207280059247336,6,13,0,CML247|CML333|IL14H|Ki11|Ki3|Ms71,B97|CML277|CML322|CML69|HP301|Ky21|M162W|Mo18W|NC358|Oh43|Oh7b|P39|Tx303,C2H2|NAC|bHLH,XP_002461576.1 F-box protein At2g26160 [Sorghum bicolor],,0.621,Other,Low (5-8),Mild up
chr7,17959685,Zm00001eb302940,-4.686390244607297,4.686390244607297,0.0188111888111888,12,7,0,B97|CML277|IL14H|Ki11|Ki3|M162W|Mo18W|Ms71|Oh43|Oh7b|P39|Tx303,CML247|CML322|CML333|CML69|HP301|Ky21|NC358,,"XP_002459524.1 zeta-carotene desaturase, chloroplastic/chromoplastic [Sorghum bicolor]",Coenzyme transport and metabolism,-0.188,Other,Medium (9-12),Stable
chr7,18956238,Zm00001eb303060,-1.7875926306467889,1.7875926306467889,0.0348152462305054,5,14,0,CML277|CML69|Ki11|Ki3|Ms71,B97|CML247|CML322|CML333|HP301|IL14H|Ky21|M162W|Mo18W|NC358|Oh43|Oh7b|P39|Tx303,CAMTA|EIL|G2-like|NAC,XP_002461672.1 leucine-rich repeat receptor-like tyrosine-protein kinase PXC3 [Sorghum bicolor],Signal transduction mechanisms,-1.13,Kinase/Phosphorylation,Low (5-8),Strong down
chr7,20132866,Zm00001eb303280,2.66532678268429,2.66532678268429,0.0203714572407656,6,13,0,CML322|CML333|CML69|Ki11|Ki3|M162W,B97|CML247|CML277|HP301|IL14H|Ky21|Mo18W|Ms71|NC358|Oh43|Oh7b|P39|Tx303,Dof|bZIP,XP_021309903.1 UPF0613 protein PB24D3.06c [Sorghum bicolor],Function unknown,-0.031,Unknown,Low (5-8),Stable
chr7,21757630,Zm00001eb303620,-2.369923834793785,2.369923834793785,0.0304485214356458,4,15,0,B97|CML277|IL14H|Ms71,CML247|CML322|CML333|CML69|HP301|Ki11|Ki3|Ky21|M162W|Mo18W|NC358|Oh43|Oh7b|P39|Tx303,,XP_002459566.1 NAC domain-containing protein 67 [Sorghum bicolor],Transcription,-0.74,Transcription factor,Rare (1-4),Mild down
chr7,22297801,Zm00001eb303740,2.5093168700910597,2.5093168700910597,0.0190825576505044,8,11,0,B97|CML69|IL14H|Mo18W|Ms71|Oh43|Oh7b|P39,CML247|CML277|CML322|CML333|HP301|Ki11|Ki3|Ky21|M162W|NC358|Tx303,CAMTA|MIKC_MADS|NAC|bHLH|bZIP,XP_021308300.1 nitrile-specifier protein 5 [Sorghum bicolor],Function unknown,1.692,Unknown,Low (5-8),Strong up
chr7,24551813,Zm00001eb304110,-2.6149041861269624,2.6149041861269624,0.0387748524021069,4,15,0,CML277|IL14H|Ky21|NC358,B97|CML247|CML322|CML333|CML69|HP301|Ki11|Ki3|M162W|Mo18W|Ms71|Oh43|Oh7b|P39|Tx303,Dof|GRAS|MIKC_MADS|Trihelix,XP_021309538.1 uncharacterized protein LOC110432864 isoform X2 [Sorghum bicolor],Function unknown,0.114,Unknown,Rare (1-4),Stable
chr7,27378767,Zm00001eb304560,3.8414810666527024,3.8414810666527024,0.0226429045486012,4,15,0,CML322|IL14H|Ky21|P39,B97|CML247|CML277|CML333|CML69|HP301|Ki11|Ki3|M162W|Mo18W|Ms71|NC358|Oh43|Oh7b|Tx303,CPP|Trihelix,XP_002459635.1 probable cellulose synthase A catalytic subunit 6 [UDP-forming] [Sorghum bicolor],Carbohydrate transport and metabolism,-0.154,Biosynthesis,Rare (1-4),Stable
chr7,52719477,Zm00001eb307400,-2.282258721460169,2.282258721460169,0.0423031419387483,15,4,0,B97|CML247|CML277|CML322|CML333|CML69|HP301|Ki11|Ki3|Mo18W|Ms71|NC358|Oh43|Oh7b|Tx303,IL14H|Ky21|M162W|P39,GATA,XP_002462029.1 transcription factor MYB44 [Sorghum bicolor],Transcription,2.229,Transcription factor,High (13+),Strong up
chr7,82964676,Zm00001eb308990,-1.4127807266210728,1.4127807266210728,0.0188111888111888,8,11,0,HP301|Ki11|Ki3|M162W|Ms71|NC358|Oh43|P39,B97|CML247|CML277|CML322|CML333|CML69|IL14H|Ky21|Mo18W|Oh7b|Tx303,C2H2|ERF|TALE|bHLH,XP_040383487.1 sodium/hydrogen exchanger 6-like [Oryza brachyantha],Inorganic ion transport and metabolism,1.039,Other,Low (5-8),Strong up
chr7,89902299,Zm00001eb309590,1.483412957501383,1.483412957501383,0.0450283574693023,7,12,0,CML247|CML322|CML69|Ki3|Ms71|NC358|Oh7b,B97|CML277|CML333|HP301|IL14H|Ki11|Ky21|M162W|Mo18W|Oh43|P39|Tx303,B3|NAC|TALE|bZIP,XP_002462169.1 pathogenesis-related genes transcriptional activator PTI6 [Sorghum bicolor],Transcription,1.391,Other,Low (5-8),Strong up
chr7,104978194,Zm00001eb311230,-3.004041531384752,3.004041531384752,0.0234529107256379,5,14,0,CML247|CML333|Ki3|Oh43|P39,B97|CML277|CML322|CML69|HP301|IL14H|Ki11|Ky21|M162W|Mo18W|Ms71|NC358|Oh7b|Tx303,,XP_004956679.1 probable trehalose-phosphate phosphatase 7 [Setaria italica],Carbohydrate transport and metabolism,-1.861,Kinase/Phosphorylation,Low (5-8),Strong down
chr7,112626983,Zm00001eb312020,-2.776015685879615,2.776015685879615,0.0188111888111888,11,8,0,CML247|CML322|CML69|HP301|IL14H|Ki11|Ki3|Ky21|Mo18W|NC358|Oh43,B97|CML277|CML333|M162W|Ms71|Oh7b|P39|Tx303,C2H2|ERF|MIKC_MADS|MYB,"XP_021308880.1 alpha,alpha-trehalose-phosphate synthase [UDP-forming] 6 [Sorghum bicolor]",Carbohydrate transport and metabolism,1.01,Kinase/Phosphorylation,Medium (9-12),Strong up
chr7,115955090,Zm00001eb312440,-1.95379483851799,1.95379483851799,0.0311895358527482,8,11,0,B97|CML322|CML333|CML69|Ms71|Oh7b|P39|Tx303,CML247|CML277|HP301|IL14H|Ki11|Ki3|Ky21|M162W|Mo18W|NC358|Oh43,,XP_052166829.1 O-fucosyltransferase 31-like [Oryza glaberrima],Carbohydrate transport and metabolism,0.59,Biosynthesis,Low (5-8),Mild up
chr7,121094007,Zm00001eb312990,5.4270744724144935,5.4270744724144935,0.0188111888111888,11,8,0,B97|CML333|HP301|IL14H|Ky21|M162W|NC358|Oh43|Oh7b|P39|Tx303,CML247|CML277|CML322|CML69|Ki11|Ki3|Mo18W|Ms71,CAMTA|NAC|TALE|TCP|Trihelix|bHLH|bZIP,,,0.131,Unknown,Medium (9-12),Stable
chr7,123472084,Zm00001eb313460,-2.315207457748919,2.315207457748919,0.0315767463870279,5,14,0,B97|IL14H|Ki11|Mo18W|Tx303,CML247|CML277|CML322|CML333|CML69|HP301|Ki3|Ky21|M162W|Ms71|NC358|Oh43|Oh7b|P39,,XP_002460242.1 tetraspanin-8 [Sorghum bicolor],Function unknown,0.971,Unknown,Low (5-8),Mild up
chr7,127366190,Zm00001eb314230,-1.7220254620463895,1.7220254620463895,0.0321512983526941,8,11,0,B97|CML322|CML69|Ki11|Ki3|Ky21|Oh43|P39,CML247|CML277|CML333|HP301|IL14H|M162W|Mo18W|Ms71|NC358|Oh7b|Tx303,,XP_021308282.1 protein GAMETE EXPRESSED 1 [Sorghum bicolor],Function unknown,1.856,Unknown,Low (5-8),Strong up
chr7,136373078,Zm00001eb316180,2.0457408494500875,2.0457408494500875,0.0457762769549841,7,12,0,B97|CML247|CML333|HP301|IL14H|NC358|P39,CML277|CML322|CML69|Ki11|Ki3|Ky21|M162W|Mo18W|Ms71|Oh43|Oh7b|Tx303,GATA,XP_002460418.2 subtilisin-like protease SBT5.3 [Sorghum bicolor],Carbohydrate transport and metabolism,-0.222,Protein turnover,Low (5-8),Stable
chr7,137154179,Zm00001eb316410,3.622077143871217,3.622077143871217,0.0188111888111888,8,11,0,CML322|CML333|HP301|IL14H|Ki3|M162W|NC358|P39,B97|CML247|CML277|CML69|Ki11|Ky21|Mo18W|Ms71|Oh43|Oh7b|Tx303,,XP_002460433.1 heat shock protein 81-2 [Sorghum bicolor],"Posttranslational modification, protein turnover, chaperones",0.96,Chaperone/HSP,Low (5-8),Mild up
chr7,152794976,Zm00001eb320760,2.359105314688309,2.359105314688309,0.0224509667547642,11,5,3,CML277|CML322|CML69|HP301|Ki3|Ky21|Mo18W|NC358|Oh43|Oh7b|P39,B97|CML247|CML333|Ki11|M162W,,XP_004957587.1 uncharacterized protein LOC101752644 [Setaria italica],Function unknown,1.589,Unknown,Medium (9-12),Strong up
chr7,152901826,Zm00001eb320800,2.376782648274342,2.376782648274342,0.0467798968175757,5,14,0,CML322|CML69|Mo18W|Oh7b|P39,B97|CML247|CML277|CML333|HP301|IL14H|Ki11|Ki3|Ky21|M162W|Ms71|NC358|Oh43|Tx303,ARF|SBP|TALE,XP_004957585.1 UTP--glucose-1-phosphate uridylyltransferase [Setaria italica],Carbohydrate transport and metabolism,-0.145,Kinase/Phosphorylation,Low (5-8),Stable
chr7,162221242,Zm00001eb322690,-5.814676515804214,5.814676515804214,0.0188111888111888,6,13,0,CML247|CML277|Ki11|M162W|Oh7b|Tx303,B97|CML322|CML333|CML69|HP301|IL14H|Ki3|Ky21|Mo18W|Ms71|NC358|Oh43|P39,,XP_021303040.1 protein DETOXIFICATION 40-like [Sorghum bicolor],"Replication, recombination and repair",1.805,Other,Low (5-8),Strong up
chr7,164514551,Zm00001eb323490,-2.505228500913015,2.505228500913015,0.0315288257270529,14,4,1,CML322|CML333|CML69|IL14H|Ki11|Ki3|Ky21|M162W|Mo18W|Ms71|NC358|Oh7b|P39|Tx303,B97|CML277|HP301|Oh43,,XP_002460823.1 probable histone H2A.1 [Sorghum bicolor],Chromatin structure and dynamics,0.717,Chromatin/Epigenetic,High (13+),Mild up
chr7,164771432,Zm00001eb323570,-2.326173244124276,2.326173244124276,0.0240091484673528,14,5,0,B97|CML247|CML322|CML333|CML69|HP301|IL14H|Ki11|Mo18W|Ms71|Oh43|Oh7b|P39|Tx303,CML277|Ki3|Ky21|M162W|NC358,,"XP_002462979.2 peptide chain release factor PrfB1, chloroplastic [Sorghum bicolor]","Translation, ribosomal structure and biogenesis",-0.252,Translation,High (13+),Stable
chr7,169218303,Zm00001eb325330,-2.856167218397106,2.856167218397106,0.0207280059247336,6,13,0,CML277|HP301|Ki11|Ki3|Mo18W|Tx303,B97|CML247|CML322|CML333|CML69|IL14H|Ky21|M162W|Ms71|NC358|Oh43|Oh7b|P39,MYB_related|TALE|WRKY,XP_004958115.1 vacuolar protein sorting-associated protein 62 [Setaria italica],Function unknown,3.402,Unknown,Low (5-8),Strong up
chr7,169303840,Zm00001eb325370,-2.7983655340285414,2.7983655340285414,0.0234529107256379,10,9,0,B97|CML247|CML322|IL14H|Ki3|Ky21|M162W|Ms71|Oh43|Oh7b,CML277|CML333|CML69|HP301|Ki11|Mo18W|NC358|P39|Tx303,,"XP_002460914.1 glucan endo-1,3-beta-glucosidase 4 [Sorghum bicolor]",Carbohydrate transport and metabolism,0.267,Other,Medium (9-12),Stable
chr7,173331955,Zm00001eb327030,-2.6794854885435906,2.6794854885435906,0.0234529107256379,11,8,0,B97|CML322|CML69|IL14H|Ki11|Ky21|M162W|NC358|Oh7b|P39|Tx303,CML247|CML277|CML333|HP301|Ki3|Mo18W|Ms71|Oh43,,XP_002460988.1 UDP-arabinopyranose mutase 3 [Sorghum bicolor],Function unknown,0.641,Unknown,Medium (9-12),Mild up
chr7,173667431,Zm00001eb327110,-2.1224344819281495,2.1224344819281495,0.039548112582254,7,8,4,CML277|CML322|CML69|HP301|IL14H|Ki3|M162W,B97|CML247|CML333|Ki11|Ky21|Mo18W|Oh7b|P39,,XP_002463161.1 cytosolic sulfotransferase 5 [Sorghum bicolor],Function unknown,2.511,Biosynthesis,Low (5-8),Strong up
chr7,174664944,Zm00001eb327480,-1.751090382141502,1.751090382141502,0.0247644947258362,7,11,1,CML322|IL14H|Ki3|M162W|Mo18W|Ms71|Oh43,B97|CML247|CML277|CML333|HP301|Ki11|Ky21|NC358|Oh7b|P39|Tx303,ARR-B|EIL|G2-like|GATA|HD-ZIP|MYB_related|WOX,"XP_002463181.1 3-oxoacyl-[acyl-carrier-protein] synthase II, chloroplastic [Sorghum bicolor]","Lipid transport and metabolism;Secondary metabolites biosynthesis, transport and catabolism",-0.833,Biosynthesis,Low (5-8),Mild down
chr7,175668363,Zm00001eb327810,1.7000016003088825,1.7000016003088825,0.0311749805466796,14,5,0,CML247|CML277|CML322|CML333|CML69|IL14H|Ki11|Ki3|M162W|Ms71|NC358|Oh43|P39|Tx303,B97|HP301|Ky21|Mo18W|Oh7b,AP2|MYB|Nin-like,XP_021309735.1 uncharacterized protein LOC8079215 isoform X1 [Sorghum bicolor],Function unknown,-0.643,Unknown,High (13+),Mild down
chr7,175680502,Zm00001eb327830,-2.3878964371314235,2.3878964371314235,0.0188111888111888,6,13,0,CML333|IL14H|Ki11|Mo18W|P39|Tx303,B97|CML247|CML277|CML322|CML69|HP301|Ki3|Ky21|M162W|Ms71|NC358|Oh43|Oh7b,EIL|SBP|TCP|WRKY|bZIP,XP_002463204.2 putative pentatricopeptide repeat-containing protein At1g19290 [Sorghum bicolor],Function unknown,0.734,Unknown,Low (5-8),Mild up
chr7,176262487,Zm00001eb328010,-1.9647970392261265,1.9647970392261265,0.0423031419387483,8,9,2,B97|CML277|CML322|HP301|Ms71|NC358|Oh43|Tx303,CML247|CML333|CML69|IL14H|Ki11|Ki3|Ky21|Oh7b|P39,,"XP_040381988.1 15-cis-phytoene desaturase, chloroplastic/chromoplastic [Oryza brachyantha]",Chromatin structure and dynamics,-0.636,Chromatin/Epigenetic,Low (5-8),Mild down
chr7,176970350,Zm00001eb328440,-6.513330994649963,6.513330994649963,0.0423031419387483,3,16,0,B97|HP301|Ky21,CML247|CML277|CML322|CML333|CML69|IL14H|Ki11|Ki3|M162W|Mo18W|Ms71|NC358|Oh43|Oh7b|P39|Tx303,,XP_021309299.1 PLASMODESMATA CALLOSE-BINDING PROTEIN 5 [Sorghum bicolor],Carbohydrate transport and metabolism,-0.116,Other,Rare (1-4),Stable
chr7,179464147,Zm00001eb329360,4.1646562021484925,4.1646562021484925,0.0224509667547642,5,13,1,CML247|CML322|IL14H|Mo18W|Tx303,B97|CML277|CML333|CML69|HP301|Ki11|Ki3|Ky21|M162W|Ms71|NC358|Oh7b|P39,C2H2|MYB,XP_021307748.1 probable protein phosphatase 2C 65 isoform X2 [Sorghum bicolor],Signal transduction mechanisms,-0.336,Kinase/Phosphorylation,Low (5-8),Stable
chr7,179751510,Zm00001eb329550,-1.8798292276384685,1.8798292276384685,0.0210966603489967,9,9,1,B97|CML322|CML333|HP301|Ki11|Ky21|Ms71|P39|Tx303,CML247|CML277|CML69|IL14H|M162W|Mo18W|NC358|Oh43|Oh7b,ERF|MYB|Trihelix,XP_002461144.2 LOW QUALITY PROTEIN: uncharacterized protein LOC8073127 [Sorghum bicolor],Function unknown,0.086,Unknown,Medium (9-12),Stable
chr7,180810886,Zm00001eb329970,2.173099184046629,2.173099184046629,0.0234529107256379,11,7,1,B97|CML277|CML322|CML333|HP301|IL14H|Ky21|M162W|NC358|P39|Tx303,CML247|CML69|Ki11|Ki3|Ms71|Oh43|Oh7b,BBR-BPC|C2H2|GRAS|MIKC_MADS,XP_002463342.1 uncharacterized protein LOC8073147 [Sorghum bicolor],Amino acid transport and metabolism,0.309,Other,Medium (9-12),Stable
chr7,181733597,Zm00001eb330450,-2.9306116708948107,2.9306116708948107,0.0465722136784239,4,15,0,CML277|CML322|Ki11|Mo18W,B97|CML247|CML333|CML69|HP301|IL14H|Ki3|Ky21|M162W|Ms71|NC358|Oh43|Oh7b|P39|Tx303,,XP_002463372.2 F-actin-capping protein subunit alpha [Sorghum bicolor],Cytoskeleton,1.333,Other,Rare (1-4),Strong up
chr7,184184149,Zm00001eb331730,-2.510958997747418,2.510958997747418,0.0315288257270529,15,4,0,B97|CML247|CML277|CML322|CML333|CML69|HP301|Ki11|Ki3|Ky21|M162W|NC358|Oh43|Oh7b|Tx303,IL14H|Mo18W|Ms71|P39,,,,0.585,Unknown,High (13+),Mild up
chr8,1617992,Zm00001eb332500,2.437675494292419,2.437675494292419,0.0497278422512067,3,16,0,CML322|CML333|Oh43,B97|CML247|CML277|CML69|HP301|IL14H|Ki11|Ki3|Ky21|M162W|Mo18W|Ms71|NC358|Oh7b|P39|Tx303,,"XP_002457681.1 rhomboid-like protein 14, mitochondrial [Sorghum bicolor]",Function unknown,0.219,Unknown,Rare (1-4),Stable
chr8,1749181,Zm00001eb332530,-1.1478488548900925,1.1478488548900925,0.0311895358527482,7,12,0,CML247|CML69|Ki3|Ky21|Oh43|Oh7b|P39,B97|CML277|CML322|CML333|HP301|IL14H|Ki11|M162W|Mo18W|Ms71|NC358|Tx303,,XP_021311625.1 coatomer subunit beta-2 [Sorghum bicolor],"Intracellular trafficking, secretion, and vesicular transport",0.809,Other,Low (5-8),Mild up
chr8,8506709,Zm00001eb334370,2.5248681663994876,2.5248681663994876,0.0428200920646902,5,14,0,CML322|CML69|IL14H|Mo18W|Oh43,B97|CML247|CML277|CML333|HP301|Ki11|Ki3|Ky21|M162W|Ms71|NC358|Oh7b|P39|Tx303,C2H2|ERF|MIKC_MADS|TALE,"XP_011016464.1 PREDICTED: 1-deoxy-D-xylulose 5-phosphate reductoisomerase, chloroplastic-like [Populus euphratica]",Lipid transport and metabolism,-1.518,Kinase/Phosphorylation,Low (5-8),Strong down
chr8,8775687,Zm00001eb334480,-2.4471928673778685,2.4471928673778685,0.0304485214356458,4,15,0,IL14H|M162W|Oh43|P39,B97|CML247|CML277|CML322|CML333|CML69|HP301|Ki11|Ki3|Ky21|Mo18W|Ms71|NC358|Oh7b|Tx303,MYB,XP_004967981.1 protein decapping 5 isoform X2 [Setaria italica],"Intracellular trafficking, secretion, and vesicular transport",0.574,Other,Rare (1-4),Mild up
chr8,10520954,Zm00001eb334810,-1.9462046699975093,1.9462046699975093,0.0454905595971426,6,12,1,CML322|CML333|Ki11|Ky21|M162W|NC358,CML247|CML277|CML69|HP301|IL14H|Ki3|Mo18W|Ms71|Oh43|Oh7b|P39|Tx303,,XP_002455288.2 uncharacterized protein LOC8070432 [Sorghum bicolor],,-0.275,Other,Low (5-8),Stable
chr8,13302694,Zm00001eb335380,3.8109937345835183,3.8109937345835183,0.0207280059247336,10,9,0,B97|CML247|CML277|CML69|HP301|IL14H|Ki11|M162W|Mo18W|NC358,CML322|CML333|Ki3|Ky21|Ms71|Oh43|Oh7b|P39|Tx303,,XP_052140472.1 delta(7)-sterol-C5(6)-desaturase-like [Oryza glaberrima],Lipid transport and metabolism,-0.862,Other,Medium (9-12),Mild down
chr8,14488803,Zm00001eb335790,-5.730815164538821,5.730815164538821,0.0388109050467402,3,16,0,B97|IL14H|P39,CML247|CML277|CML322|CML333|CML69|HP301|Ki11|Ki3|Ky21|M162W|Mo18W|Ms71|NC358|Oh43|Oh7b|Tx303,,"XP_002455213.2 uncharacterized protein At2g39795, mitochondrial, partial [Sorghum bicolor]",Energy production and conversion,-0.051,Other,Rare (1-4),Stable
chr8,14821883,Zm00001eb335870,-2.0682081316758447,2.0682081316758447,0.0325252403119521,13,6,0,B97|CML247|CML277|CML322|CML333|CML69|HP301|Ki3|Ky21|Mo18W|Ms71|NC358|Tx303,IL14H|Ki11|M162W|Oh43|Oh7b|P39,,"XP_004968207.1 triosephosphate isomerase, cytosolic [Setaria italica]",Carbohydrate transport and metabolism,-0.216,Kinase/Phosphorylation,High (13+),Stable
chr8,17930775,Zm00001eb336750,1.4278999050363927,1.4278999050363927,0.0188111888111888,12,7,0,B97|CML277|CML333|CML69|Ki11|Ki3|Ky21|M162W|Ms71|Oh43|Oh7b|Tx303,CML247|CML322|HP301|IL14H|Mo18W|NC358|P39,,XP_002455104.1 uncharacterized protein LOC8056548 isoform X2 [Sorghum bicolor],Function unknown,-0.512,Unknown,Medium (9-12),Mild down
chr8,19585956,Zm00001eb337140,-2.5272997434692557,2.5272997434692557,0.0207280059247336,13,6,0,B97|CML277|CML333|CML69|HP301|Ki11|Ki3|Ky21|NC358|Oh43|Oh7b|P39|Tx303,CML247|CML322|IL14H|M162W|Mo18W|Ms71,ARR-B|G2-like|MIKC_MADS|MYB_related,XP_002457231.1 DExH-box ATP-dependent RNA helicase DExH10 [Sorghum bicolor],RNA processing and modification,0.71,Other,High (13+),Mild up
chr8,22431123,Zm00001eb337820,3.057842496153543,3.057842496153543,0.0188111888111888,8,11,0,B97|CML322|Ki11|Ki3|Ky21|M162W|Oh7b|P39,CML247|CML277|CML333|CML69|HP301|IL14H|Mo18W|Ms71|NC358|Oh43|Tx303,Dof,XP_004974407.1 uncharacterized protein LOC101770604 [Setaria italica],Function unknown,-1.207,Unknown,Low (5-8),Strong down
chr8,35510978,Zm00001eb339970,2.2879860081957872,2.2879860081957872,0.0310074540843771,7,12,0,CML277|HP301|Ki3|Ky21|M162W|Mo18W|Ms71,B97|CML247|CML322|CML333|CML69|IL14H|Ki11|NC358|Oh43|Oh7b|P39|Tx303,MIKC_MADS|MYB|MYB_related,XP_004967532.1 putative methyltransferase DDB_G0268948 [Setaria italica],"Secondary metabolites biosynthesis, transport and catabolism",3.022,Biosynthesis,Low (5-8),Strong up
chr8,63618585,Zm00001eb342350,-2.869637650985566,2.869637650985566,0.0234529107256379,6,13,0,CML333|HP301|IL14H|Mo18W|Ms71|P39,B97|CML247|CML277|CML322|CML69|Ki11|Ki3|Ky21|M162W|NC358|Oh43|Oh7b|Tx303,ERF|MYB|NAC|bHLH|bZIP,XP_002440155.1 phosphoribosylamine--glycine ligase [Sorghum bicolor],Nucleotide transport and metabolism,0.823,Biosynthesis,Low (5-8),Mild up
chr8,74324726,Zm00001eb344390,5.125252714907451,5.125252714907451,0.0234529107256379,10,6,3,CML277|CML333|HP301|IL14H|M162W|Mo18W|Ms71|Oh43|Oh7b|P39,B97|CML247|CML322|Ki11|Ki3|Tx303,,XP_002441558.1 uncharacterized protein LOC8083789 [Sorghum bicolor],,-0.193,Other,Medium (9-12),Stable
chr8,95195123,Zm00001eb347380,-2.113338649333199,2.113338649333199,0.0443649214070538,8,11,0,B97|CML247|CML322|CML333|HP301|Ki11|Mo18W|NC358,CML277|CML69|IL14H|Ki3|Ky21|M162W|Ms71|Oh43|Oh7b|P39|Tx303,,XP_052143477.1 60S ribosomal protein L11-like [Oryza glaberrima],"Translation, ribosomal structure and biogenesis",0.759,Translation,Low (5-8),Mild up
chr8,107751729,Zm00001eb349530,-6.414710185889344,6.414710185889344,0.0497278422512067,3,15,1,IL14H|P39|Tx303,B97|CML247|CML277|CML333|CML69|HP301|Ki11|Ki3|Ky21|M162W|Mo18W|Ms71|NC358|Oh43|Oh7b,,XP_002439791.1 uncharacterized protein LOC8085128 [Sorghum bicolor],,0.813,Other,Rare (1-4),Mild up
chr8,111330142,Zm00001eb350050,2.270372570453316,2.270372570453316,0.0402748203353739,5,14,0,CML322|Ki11|Ki3|M162W|Mo18W,B97|CML247|CML277|CML333|CML69|HP301|IL14H|Ky21|Ms71|NC358|Oh43|Oh7b|P39|Tx303,,XP_002440740.1 derlin-1.2 [Sorghum bicolor],Function unknown,0.983,Unknown,Low (5-8),Mild up
chr8,116309207,Zm00001eb350800,3.043002445624664,3.043002445624664,0.0310074540843771,6,8,5,B97|IL14H|Ki3|Ms71|Oh43|P39,CML277|CML322|Ki11|Ky21|Mo18W|NC358|Oh7b|Tx303,MYB|MYB_related|WRKY,,,-1.847,Unknown,Low (5-8),Strong down
chr8,120328484,Zm00001eb351640,4.244194216337269,4.244194216337269,0.0387748524021069,11,8,0,B97|CML322|CML333|CML69|Ki3|Ky21|M162W|Mo18W|Ms71|Oh43|Tx303,CML247|CML277|HP301|IL14H|Ki11|NC358|Oh7b|P39,,XP_021303289.1 probable DNA helicase MCM8 isoform X1 [Sorghum bicolor],"Replication, recombination and repair",0.562,Other,Medium (9-12),Mild up
chr8,120770399,Zm00001eb351780,-2.2373508295204845,2.2373508295204845,0.039548112582254,6,9,4,CML247|CML277|Ki11|Ky21|M162W|Ms71,B97|HP301|IL14H|Ki3|Mo18W|NC358|Oh43|Oh7b|Tx303,C2H2|GRAS|Nin-like|TALE,"XP_021303508.1 UTP--glucose-1-phosphate uridylyltransferase 3, chloroplastic isoform X1 [Sorghum bicolor]",Function unknown,0.607,Kinase/Phosphorylation,Low (5-8),Mild up
chr8,121249849,Zm00001eb351910,-2.6652840215089357,2.6652840215089357,0.0450283574693023,11,8,0,B97|CML247|CML322|CML333|CML69|HP301|Ki11|Mo18W|NC358|Oh7b|Tx303,CML277|IL14H|Ki3|Ky21|M162W|Ms71|Oh43|P39,,XP_021303110.1 probable methyltransferase PMT23 [Sorghum bicolor],Function unknown,0.594,Biosynthesis,Medium (9-12),Mild up
chr8,121472803,Zm00001eb351960,1.470523439041034,1.470523439041034,0.0450283574693023,4,10,5,IL14H|Ki3|Ms71|P39,CML247|CML333|CML69|HP301|Ki11|Ky21|M162W|NC358|Oh43|Tx303,C2H2|LBD|MIKC_MADS,"XP_014754812.1 protein RETICULATA-RELATED 5, chloroplastic-like [Brachypodium distachyon]",Function unknown,-1.228,Unknown,Rare (1-4),Strong down
chr8,122598520,Zm00001eb352310,5.150081652451887,5.150081652451887,0.0269464077021537,4,15,0,Ki11|Ki3|Ky21|Mo18W,B97|CML247|CML277|CML322|CML333|CML69|HP301|IL14H|M162W|Ms71|NC358|Oh43|Oh7b|P39|Tx303,,"XP_002441295.1 histone-lysine N-methyltransferase, H3 lysine-9 specific SUVH1 [Sorghum bicolor]",Chromatin structure and dynamics,0.053,Biosynthesis,Rare (1-4),Stable
chr8,125692145,Zm00001eb352940,-2.9148668990011504,2.9148668990011504,0.0497278422512067,3,16,0,CML277|Ki11|Oh7b,B97|CML247|CML322|CML333|CML69|HP301|IL14H|Ki3|Ky21|M162W|Mo18W|Ms71|NC358|Oh43|P39|Tx303,ARR-B|G2-like|NAC|SBP,XP_021303631.1 transmembrane protein 56-like [Sorghum bicolor],Signal transduction mechanisms,1.28,Signal transduction,Rare (1-4),Strong up
chr8,132884231,Zm00001eb354530,-2.7259268863491086,2.7259268863491086,0.0188111888111888,8,11,0,B97|CML69|IL14H|Ki3|M162W|Oh7b|P39|Tx303,CML247|CML277|CML322|CML333|HP301|Ki11|Ky21|Mo18W|Ms71|NC358|Oh43,MYB|TCP,XP_002440558.1 chromatin structure-remodeling complex protein BSH [Sorghum bicolor],Chromatin structure and dynamics;Transcription,0.964,Chromatin/Epigenetic,Low (5-8),Mild up
chr8,135407191,Zm00001eb355170,7.387917666386748,7.387917666386748,0.0224509667547642,5,14,0,CML247|HP301|IL14H|Ms71|P39,B97|CML277|CML322|CML333|CML69|Ki11|Ki3|Ky21|M162W|Mo18W|NC358|Oh43|Oh7b|Tx303,,XP_002439201.1 tetraspanin-3 [Sorghum bicolor],Function unknown,0.235,Unknown,Low (5-8),Stable
chr8,138292923,Zm00001eb356090,-2.489816512747927,2.489816512747927,0.0315767463870279,10,9,0,CML247|CML322|CML333|CML69|IL14H|Ky21|M162W|Mo18W|Ms71|P39,B97|CML277|HP301|Ki11|Ki3|NC358|Oh43|Oh7b|Tx303,,XP_021302707.1 ABC transporter D family member 1 [Sorghum bicolor],Lipid transport and metabolism,0.532,Transporter,Medium (9-12),Mild up
chr8,139542115,Zm00001eb356410,1.002036770545491,1.002036770545491,0.0450283574693023,3,16,0,IL14H|Ms71|P39,B97|CML247|CML277|CML322|CML333|CML69|HP301|Ki11|Ki3|Ky21|M162W|Mo18W|NC358|Oh43|Oh7b|Tx303,,XP_004961371.1 nucleosome assembly protein 1;2 [Setaria italica],"Chromatin structure and dynamics;Cell cycle control, cell division, chromosome partitioning",2.804,Chromatin/Epigenetic,Rare (1-4),Strong up
chr8,139633555,Zm00001eb356430,-2.9344690963873594,2.9344690963873594,0.0203714572407656,10,9,0,CML247|CML277|CML322|HP301|IL14H|Ki3|Ky21|Ms71|Oh7b|P39,B97|CML333|CML69|Ki11|M162W|Mo18W|NC358|Oh43|Tx303,ERF|LBD|TALE|TCP,XP_002440147.1 probable WRKY transcription factor 50 [Sorghum bicolor],Transcription,-0.462,Transcription factor,Medium (9-12),Stable
chr8,141846950,Zm00001eb356920,2.1281626349460367,2.1281626349460367,0.0294052452107163,5,14,0,CML322|HP301|M162W|NC358|Oh7b,B97|CML247|CML277|CML333|CML69|IL14H|Ki11|Ki3|Ky21|Mo18W|Ms71|Oh43|P39|Tx303,G2-like,,,-0.003,Unknown,Low (5-8),Stable
chr8,143422255,Zm00001eb357290,-1.3467381600489003,1.3467381600489003,0.039548112582254,4,15,0,CML277|HP301|Mo18W|NC358,B97|CML247|CML322|CML333|CML69|IL14H|Ki11|Ki3|Ky21|M162W|Ms71|Oh43|Oh7b|P39|Tx303,ERF,,Function unknown,1.153,Unknown,Rare (1-4),Strong up
chr8,143696517,Zm00001eb357340,2.3397966562317483,2.3397966562317483,0.0387748524021069,5,11,3,CML322|CML333|IL14H|Mo18W|Oh7b,CML247|CML277|CML69|HP301|Ki11|Ki3|M162W|Ms71|NC358|Oh43|Tx303,,XP_003568596.1 histone H2B.1 [Brachypodium distachyon],Chromatin structure and dynamics,1.254,Chromatin/Epigenetic,Low (5-8),Strong up
chr8,144808376,Zm00001eb357600,2.6331342190462195,2.6331342190462195,0.0242290804008156,8,10,1,B97|CML277|CML322|HP301|M162W|Mo18W|Ms71|Oh7b,CML247|CML333|CML69|Ki11|Ki3|Ky21|NC358|Oh43|P39|Tx303,CPP,XP_002455881.1 GDSL esterase/lipase At5g37690 isoform X1 [Sorghum bicolor],"Replication, recombination and repair",2.104,Other,Low (5-8),Strong up
chr8,148019718,Zm00001eb358310,4.062382971328123,4.062382971328123,0.0387748524021069,4,15,0,HP301|Ky21|NC358|Oh7b,B97|CML247|CML277|CML322|CML333|CML69|IL14H|Ki11|Ki3|M162W|Mo18W|Ms71|Oh43|P39|Tx303,,XP_002458165.2 probable aldo-keto reductase 1 [Sorghum bicolor],Energy production and conversion,0.47,Redox/Metabolism,Rare (1-4),Stable
chr8,148220192,Zm00001eb358380,3.606833458385681,3.606833458385681,0.0188111888111888,14,5,0,CML247|CML277|CML322|CML333|CML69|HP301|Ki11|Ki3|M162W|Mo18W|Ms71|NC358|Oh43|Tx303,B97|IL14H|Ky21|Oh7b|P39,,"XP_002458167.2 ATP-dependent zinc metalloprotease FTSH 9, chloroplastic/mitochondrial [Sorghum bicolor]","Posttranslational modification, protein turnover, chaperones",-0.655,Chaperone/HSP,High (13+),Mild down
chr8,149082352,Zm00001eb358690,3.271785325755113,3.271785325755113,0.0207280059247336,9,10,0,CML247|CML277|CML333|CML69|Ki11|Ky21|M162W|NC358|Tx303,B97|CML322|HP301|IL14H|Ki3|Mo18W|Ms71|Oh43|Oh7b|P39,ARF,XP_002455982.1 kinesin-like protein KIN-13B [Sorghum bicolor],Cytoskeleton,-2.301,Other,Medium (9-12),Strong down
chr8,151310228,Zm00001eb359400,4.113862535067752,4.113862535067752,0.0310074540843771,6,11,2,CML333|CML69|HP301|IL14H|Ki11|Ms71,B97|CML247|CML277|CML322|Ky21|M162W|NC358|Oh43|Oh7b|P39|Tx303,C2H2|NAC,XP_002458242.2 uncharacterized protein LOC8058256 isoform X1 [Sorghum bicolor],Function unknown,1.33,Unknown,Low (5-8),Strong up
chr8,154803605,Zm00001eb360330,2.4156289925880072,2.4156289925880072,0.0203714572407656,5,14,0,CML69|HP301|IL14H|Oh43|P39,B97|CML247|CML277|CML322|CML333|Ki11|Ki3|Ky21|M162W|Mo18W|Ms71|NC358|Oh7b|Tx303,,"XP_004969532.1 30S ribosomal protein S20, chloroplastic [Setaria italica]","Translation, ribosomal structure and biogenesis",-0.757,Translation,Low (5-8),Mild down
chr8,158078802,Zm00001eb361180,2.784443667316501,2.784443667316501,0.0315288257270529,12,7,0,CML277|CML322|CML69|IL14H|Ki11|Ki3|Mo18W|NC358|Oh43|Oh7b|P39|Tx303,B97|CML247|CML333|HP301|Ky21|M162W|Ms71,,XP_002456230.1 vesicle transport v-SNARE 13 [Sorghum bicolor],"Intracellular trafficking, secretion, and vesicular transport",0.57,Other,Medium (9-12),Mild up
chr8,160124268,Zm00001eb361900,3.050999025132883,3.050999025132883,0.0329976999744441,4,15,0,B97|Ky21|Oh43|Oh7b,CML247|CML277|CML322|CML333|CML69|HP301|IL14H|Ki11|Ki3|M162W|Mo18W|Ms71|NC358|P39|Tx303,,XP_004969830.1 uncharacterized protein LOC101757985 [Setaria italica],,0.968,Other,Rare (1-4),Mild up
chr8,162966385,Zm00001eb362270,2.791335446100365,2.791335446100365,0.0304485214356458,7,12,0,CML322|CML333|IL14H|Ki11|M162W|NC358|P39,B97|CML247|CML277|CML69|HP301|Ki3|Ky21|Mo18W|Ms71|Oh43|Oh7b|Tx303,G2-like|MYB,"XP_002459173.1 pentatricopeptide repeat-containing protein At3g48250, chloroplastic [Sorghum bicolor]",Function unknown,1.522,Unknown,Low (5-8),Strong up
chr8,165905195,Zm00001eb363480,-2.543557184954071,2.543557184954071,0.0224509667547642,11,8,0,B97|CML247|CML277|CML322|CML333|CML69|IL14H|Ki11|Ki3|Ms71|P39,HP301|Ky21|M162W|Mo18W|NC358|Oh43|Oh7b|Tx303,ARF,XP_021312735.1 mitochondrial thiamine diphosphate carrier 2 isoform X1 [Sorghum bicolor],Energy production and conversion,-0.072,Kinase/Phosphorylation,Medium (9-12),Stable
chr8,166221363,Zm00001eb363730,2.819579796012812,2.819579796012812,0.0226429045486012,4,15,0,HP301|IL14H|Mo18W|Oh43,B97|CML247|CML277|CML322|CML333|CML69|Ki11|Ki3|Ky21|M162W|Ms71|NC358|Oh7b|P39|Tx303,,XP_002459025.1 long chain base biosynthesis protein 2d [Sorghum bicolor],"Posttranslational modification, protein turnover, chaperones",0.745,Chaperone/HSP,Rare (1-4),Mild up
chr8,166609169,Zm00001eb363880,1.9709685441101807,1.9709685441101807,0.0294052452107163,8,11,0,CML277|CML69|HP301|Ki11|Mo18W|NC358|Oh43|P39,B97|CML247|CML322|CML333|IL14H|Ki3|Ky21|M162W|Ms71|Oh7b|Tx303,,XP_006646634.3 transaldolase [Oryza brachyantha],Carbohydrate transport and metabolism,0.846,Other,Low (5-8),Mild up
chr8,167523808,Zm00001eb364260,2.024191433349474,2.024191433349474,0.0321512983526941,8,11,0,B97|CML247|CML277|IL14H|Ky21|Oh43|Oh7b|P39,CML322|CML333|CML69|HP301|Ki11|Ki3|M162W|Mo18W|Ms71|NC358|Tx303,HD-ZIP|MYB|WOX|bZIP,XP_002456866.1 protein MAK16 homolog [Sorghum bicolor],RNA processing and modification,1.251,Other,Low (5-8),Strong up
chr8,167835862,Zm00001eb364360,3.2527941695374234,3.2527941695374234,0.0203714572407656,5,14,0,B97|IL14H|Ky21|Oh43|P39,CML247|CML277|CML322|CML333|CML69|HP301|Ki11|Ki3|M162W|Mo18W|Ms71|NC358|Oh7b|Tx303,,XP_002456859.1 squamosa promoter-binding-like protein 2 [Sorghum bicolor],Function unknown,0.422,Unknown,Low (5-8),Stable
chr8,168498954,Zm00001eb364700,3.596626692460872,3.596626692460872,0.0234529107256379,4,15,0,IL14H|Ms71|Oh7b|P39,B97|CML247|CML277|CML322|CML333|CML69|HP301|Ki11|Ki3|Ky21|M162W|Mo18W|NC358|Oh43|Tx303,B3,XP_002458986.1 CRIB domain-containing protein RIC4 [Sorghum bicolor],Function unknown,0.247,Unknown,Rare (1-4),Stable
chr8,169330104,Zm00001eb365060,2.194329974718386,2.194329974718386,0.0338267581908725,9,10,0,CML247|CML322|CML333|CML69|Ki11|Ki3|NC358|Oh43|Tx303,B97|CML277|HP301|IL14H|Ky21|M162W|Mo18W|Ms71|Oh7b|P39,SBP|bHLH,XP_002458959.1 glycine-rich cell wall structural protein 1.8 [Sorghum bicolor],,2.71,Cell wall,Medium (9-12),Strong up
chr8,170000212,Zm00001eb365530,3.918592705554616,3.918592705554616,0.0338267581908725,5,14,0,B97|CML247|CML322|Ki3|Tx303,CML277|CML333|CML69|HP301|IL14H|Ki11|Ky21|M162W|Mo18W|Ms71|NC358|Oh43|Oh7b|P39,TCP|bHLH,XP_021312853.1 uncharacterized protein LOC8078693 [Sorghum bicolor],Function unknown,0.854,Unknown,Low (5-8),Mild up
chr8,170468152,Zm00001eb365690,2.0716104883894,2.0716104883894,0.0388109050467402,3,16,0,IL14H|Ms71|P39,B97|CML247|CML277|CML322|CML333|CML69|HP301|Ki11|Ki3|Ky21|M162W|Mo18W|NC358|Oh43|Oh7b|Tx303,Dof|EIL|G2-like|HD-ZIP|WOX|YABBY,XP_002456785.1 beta-glucosidase 4 [Sorghum bicolor],Carbohydrate transport and metabolism,1.408,Other,Rare (1-4),Strong up
chr8,170688841,Zm00001eb365760,4.111746613288651,4.111746613288651,0.0188111888111888,8,11,0,CML247|CML322|CML333|HP301|IL14H|M162W|NC358|P39,B97|CML277|CML69|Ki11|Ki3|Ky21|Mo18W|Ms71|Oh43|Oh7b|Tx303,,"XP_002456776.1 probable membrane-associated 30 kDa protein, chloroplastic [Sorghum bicolor]",Transcription;Signal transduction mechanisms,-0.773,Signal transduction,Low (5-8),Mild down
chr8,170726288,Zm00001eb365780,2.983379014839409,2.983379014839409,0.0188111888111888,8,11,0,CML247|CML277|Ki11|Ky21|Mo18W|Ms71|P39|Tx303,B97|CML322|CML333|CML69|HP301|IL14H|Ki3|M162W|NC358|Oh43|Oh7b,,XP_002456774.1 calreticulin-3 isoform X1 [Sorghum bicolor],"Posttranslational modification, protein turnover, chaperones",-0.16,Chaperone/HSP,Low (5-8),Stable
chr8,170841016,Zm00001eb365820,2.1078338164841717,2.1078338164841717,0.0348152462305054,6,13,0,CML277|CML322|CML333|Mo18W|Oh43|Oh7b,B97|CML247|CML69|HP301|IL14H|Ki11|Ki3|Ky21|M162W|Ms71|NC358|P39|Tx303,,XP_004970863.1 pectin acetylesterase 5 isoform X1 [Setaria italica],Cell wall/membrane/envelope biogenesis,0.313,Cell wall,Low (5-8),Stable
chr8,173983761,Zm00001eb367290,1.846391553585101,1.846391553585101,0.0188111888111888,5,14,0,CML333|HP301|IL14H|Ki11|P39,B97|CML247|CML277|CML322|CML69|Ki3|Ky21|M162W|Mo18W|Ms71|NC358|Oh43|Oh7b|Tx303,HSF|LBD|Trihelix,XP_004970615.1 leucine-rich repeat extensin-like protein 3 [Setaria italica],Function unknown,-0.299,Cell wall,Low (5-8),Stable
chr8,177936963,Zm00001eb369360,-2.519296049239762,2.519296049239762,0.0388109050467402,3,16,0,CML333|M162W|Oh7b,B97|CML247|CML277|CML322|CML69|HP301|IL14H|Ki11|Ki3|Ky21|Mo18W|Ms71|NC358|Oh43|P39|Tx303,bHLH|bZIP,XP_021313672.1 probable sugar phosphate/phosphate translocator At2g25520 [Sorghum bicolor],Amino acid transport and metabolism;Carbohydrate transport and metabolism,1.699,Kinase/Phosphorylation,Rare (1-4),Strong up
chr8,178310904,Zm00001eb369690,1.8560892252708696,1.8560892252708696,0.0370024151105208,8,11,0,B97|CML333|HP301|IL14H|Ki3|M162W|Oh7b|P39,CML247|CML277|CML322|CML69|Ki11|Ky21|Mo18W|Ms71|NC358|Oh43|Tx303,,XP_002458621.1 RNA-binding protein pno1 [Sorghum bicolor],"Posttranslational modification, protein turnover, chaperones",0.232,Chaperone/HSP,Low (5-8),Stable
chr8,179708135,Zm00001eb370370,-2.658557680019747,2.658557680019747,0.0188111888111888,6,13,0,CML322|CML333|Ki11|Ky21|Mo18W|Oh7b,B97|CML247|CML277|CML69|HP301|IL14H|Ki3|M162W|Ms71|NC358|Oh43|P39|Tx303,Dof|ERF|LBD|MIKC_MADS|MYB,XP_002456391.2 glycerophosphodiester phosphodiesterase GDPD6 [Sorghum bicolor],Energy production and conversion,0.908,Other,Low (5-8),Mild up
chr8,179956982,Zm00001eb370480,-2.015279933830635,2.015279933830635,0.039548112582254,4,15,0,B97|CML69|Ki3|Ms71,CML247|CML277|CML322|CML333|HP301|IL14H|Ki11|Ky21|M162W|Mo18W|NC358|Oh43|Oh7b|P39|Tx303,C2H2|ERF,"XP_002456389.1 protein CURVATURE THYLAKOID 1C, chloroplastic isoform X3 [Sorghum bicolor]",Function unknown,-1.652,Unknown,Rare (1-4),Strong down
chr8,179956982,Zm00001eb370490,5.369328196090953,5.369328196090953,0.0226429045486012,4,15,0,B97|CML69|Ki3|Ms71,CML247|CML277|CML322|CML333|HP301|IL14H|Ki11|Ky21|M162W|Mo18W|NC358|Oh43|Oh7b|P39|Tx303,,XP_021311575.1 probable protein ABIL5 isoform X2 [Sorghum bicolor],Function unknown,-0.706,Unknown,Rare (1-4),Mild down
chr8,181585871,Zm00001eb371150,-1.9059675586076643,1.9059675586076643,0.0450283574693023,4,12,3,B97|CML322|M162W|NC358,CML247|CML333|CML69|HP301|Ki11|Ki3|Ky21|Mo18W|Ms71|Oh43|Oh7b|Tx303,BBR-BPC|Dof|GRAS|HD-ZIP|M-type_MADS|MIKC_MADS|TALE,XP_002456339.1 probable glutamate carboxypeptidase LAMP1 [Sorghum bicolor],"Posttranslational modification, protein turnover, chaperones;Inorganic ion transport and metabolism",0.395,Chaperone/HSP,Rare (1-4),Stable
chr8,181685300,Zm00001eb371180,-2.4216835827902803,2.4216835827902803,0.0450283574693023,3,15,1,B97|IL14H|M162W,CML247|CML277|CML322|CML333|CML69|HP301|Ki11|Ki3|Ky21|Mo18W|Ms71|NC358|Oh7b|P39|Tx303,,XP_021311380.1 uncharacterized protein LOC8075555 [Sorghum bicolor],,0.05,Other,Rare (1-4),Stable
chr9,2221701,Zm00001eb371520,-1.8181388931208795,1.8181388931208795,0.0457762769549841,11,7,1,CML247|CML322|CML333|CML69|HP301|Ki3|Ky21|M162W|Mo18W|Ms71|Tx303,B97|CML277|IL14H|Ki11|NC358|Oh43|P39,C2H2|Dof|GRAS|M-type_MADS|MIKC_MADS,XP_021305299.1 NF-X1-type zinc finger protein NFXL1 [Sorghum bicolor],Transcription,0.912,Transcription factor,Medium (9-12),Mild up
chr9,10900844,Zm00001eb373600,2.3386125552092167,2.3386125552092167,0.0203714572407656,10,9,0,CML333|HP301|Ki11|Ky21|M162W|Mo18W|NC358|Oh43|Oh7b|Tx303,B97|CML247|CML277|CML322|CML69|IL14H|Ki3|Ms71|P39,MYB,"XP_004964928.1 kinesin-like protein KIN-7D, chloroplastic isoform X1 [Setaria italica]",Cytoskeleton,-1.036,Other,Medium (9-12),Strong down
chr9,13076932,Zm00001eb374170,-2.8780626893577255,2.8780626893577255,0.0269464077021537,14,5,0,CML277|CML322|CML333|CML69|HP301|IL14H|Ki11|Ki3|Ky21|Mo18W|Ms71|NC358|Oh7b|Tx303,B97|CML247|M162W|Oh43|P39,G2-like,XP_004964598.1 E3 ubiquitin-protein ligase EL5 [Setaria italica],"Posttranslational modification, protein turnover, chaperones",1.541,Chaperone/HSP,High (13+),Strong up
chr9,13463701,Zm00001eb374330,1.6181686821158872,1.6181686821158872,0.0474791629035171,7,12,0,B97|CML277|CML69|Ky21|M162W|NC358|Tx303,CML247|CML322|CML333|HP301|IL14H|Ki11|Ki3|Mo18W|Ms71|Oh43|Oh7b|P39,C2H2|Dof|GRAS|MIKC_MADS|NAC|TALE,XP_002437991.1 uncharacterized protein LOC8065438 isoform X1 [Sorghum bicolor],Function unknown,0.11,Unknown,Low (5-8),Stable
chr9,14320547,Zm00001eb374580,1.8971760421948416,1.8971760421948416,0.0474791629035171,7,12,0,B97|CML69|Ki11|Ki3|Ky21|Mo18W|NC358,CML247|CML277|CML322|CML333|HP301|IL14H|M162W|Ms71|Oh43|Oh7b|P39|Tx303,,XP_021305064.1 ABC transporter C family member 13 [Sorghum bicolor],"Secondary metabolites biosynthesis, transport and catabolism",2.441,Transporter,Low (5-8),Strong up
chr9,17538945,Zm00001eb375480,2.889897845155618,2.889897845155618,0.0450283574693023,3,16,0,B97|Ky21|Ms71,CML247|CML277|CML322|CML333|CML69|HP301|IL14H|Ki11|Ki3|M162W|Mo18W|NC358|Oh43|Oh7b|P39|Tx303,C2H2|Dof|MYB|TALE|TCP,XP_002437918.1 probable serine/threonine-protein kinase PIX7 isoform X1 [Sorghum bicolor],Signal transduction mechanisms,-0.591,Kinase/Phosphorylation,Rare (1-4),Mild down
chr9,18132531,Zm00001eb375670,-3.623948571308909,3.623948571308909,0.0329976999744441,11,8,0,CML247|CML277|CML322|CML333|CML69|Ki11|Ki3|Ky21|Mo18W|Oh43|P39,B97|HP301|IL14H|M162W|Ms71|NC358|Oh7b|Tx303,,XP_002437892.1 serine/threonine-protein phosphatase PP1 [Sorghum bicolor],Signal transduction mechanisms,0.986,Kinase/Phosphorylation,Medium (9-12),Mild up
chr9,18311524,Zm00001eb375690,-3.0463858326444253,3.0463858326444253,0.0188111888111888,6,13,0,B97|CML69|IL14H|Ky21|NC358|Tx303,CML247|CML277|CML322|CML333|HP301|Ki11|Ki3|M162W|Mo18W|Ms71|Oh43|Oh7b|P39,,XP_002437889.1 uncharacterized protein LOC8071378 [Sorghum bicolor],Function unknown,0.678,Unknown,Low (5-8),Mild up
chr9,25715058,Zm00001eb378280,2.2972309314081407,2.2972309314081407,0.0315288257270529,4,15,0,CML277|IL14H|NC358|P39,B97|CML247|CML322|CML333|CML69|HP301|Ki11|Ki3|Ky21|M162W|Mo18W|Ms71|Oh43|Oh7b|Tx303,,XP_002437755.2 histone H1 [Sorghum bicolor],Chromatin structure and dynamics,1.279,Chromatin/Epigenetic,Rare (1-4),Strong up
chr9,27458565,Zm00001eb378780,2.103731474270827,2.103731474270827,0.0478343284411486,4,15,0,CML322|CML333|CML69|HP301,B97|CML247|CML277|IL14H|Ki11|Ki3|Ky21|M162W|Mo18W|Ms71|NC358|Oh43|Oh7b|P39|Tx303,,XP_021314813.1 pentatricopeptide repeat-containing protein At3g16010 [Sorghum bicolor],Function unknown,-0.392,Unknown,Rare (1-4),Stable
chr9,27730744,Zm00001eb378830,-1.5108370808028817,1.5108370808028817,0.0457762769549841,7,12,0,CML247|CML277|CML322|CML69|Ky21|Mo18W|Ms71,B97|CML333|HP301|IL14H|Ki11|Ki3|M162W|NC358|Oh43|Oh7b|P39|Tx303,,XP_002437719.2 endoplasmic reticulum metallopeptidase 1 [Sorghum bicolor],"Posttranslational modification, protein turnover, chaperones",0.458,Chaperone/HSP,Low (5-8),Stable
chr9,28619502,Zm00001eb379070,3.622352488728783,3.622352488728783,0.0219377080393704,9,6,4,B97|CML247|CML69|Ky21|M162W|Ms71|NC358|Oh7b|Tx303,CML277|CML322|CML333|Ki3|Mo18W|P39,MYB_related|SBP|TCP,XP_004964325.1 cellulose synthase-like protein D2 [Setaria italica],Carbohydrate transport and metabolism,0.172,Biosynthesis,Medium (9-12),Stable
chr9,28971025,Zm00001eb379200,-2.094570252486709,2.094570252486709,0.0370024151105208,8,11,0,CML277|CML69|Ki11|Ki3|M162W|Oh43|Oh7b|P39,B97|CML247|CML322|CML333|HP301|IL14H|Ky21|Mo18W|Ms71|NC358|Tx303,,XP_052158782.1 phosphoglycerate mutase-like protein AT74H [Oryza glaberrima],Function unknown,0.78,Unknown,Low (5-8),Mild up
chr9,32735822,Zm00001eb379770,-4.225863212824155,4.225863212824155,0.0234529107256379,4,15,0,B97|CML247|Ki11|M162W,CML277|CML322|CML333|CML69|HP301|IL14H|Ki3|Ky21|Mo18W|Ms71|NC358|Oh43|Oh7b|P39|Tx303,G2-like|MYB,XP_002438190.1 uncharacterized protein At1g66480 [Sorghum bicolor],Function unknown,0.71,Unknown,Rare (1-4),Mild up
chr9,43137149,Zm00001eb381110,3.0630036140548107,3.0630036140548107,0.0188111888111888,6,13,0,CML69|IL14H|M162W|Ms71|P39|Tx303,B97|CML247|CML277|CML322|CML333|HP301|Ki11|Ki3|Ky21|Mo18W|NC358|Oh43|Oh7b,,"XP_002438278.1 54S ribosomal protein L17, mitochondrial [Sorghum bicolor]","Translation, ribosomal structure and biogenesis",1.362,Translation,Low (5-8),Strong up
chr9,78690049,Zm00001eb384580,-2.0187491728805615,2.0187491728805615,0.0402748203353739,12,6,1,B97|CML277|CML322|CML333|CML69|Ki11|Ki3|Ky21|M162W|NC358|P39|Tx303,HP301|IL14H|Mo18W|Ms71|Oh43|Oh7b,,XP_002437153.1 receptor-like protein kinase 5 [Sorghum bicolor],Signal transduction mechanisms,0.481,Kinase/Phosphorylation,Medium (9-12),Stable
chr9,86940666,Zm00001eb385310,-5.4563074515983665,5.4563074515983665,0.0203714572407656,10,7,2,B97|CML69|Ki3|Ky21|M162W|Ms71|NC358|Oh43|Oh7b|P39,CML277|CML333|HP301|IL14H|Ki11|Mo18W|Tx303,,XP_021306093.1 uncharacterized protein LOC8079312 [Sorghum bicolor],,-0.652,Other,Medium (9-12),Mild down
chr9,89409471,Zm00001eb385600,-1.945641899503812,1.945641899503812,0.0387748524021069,10,9,0,B97|CML247|CML277|CML322|CML333|CML69|Ki3|Ky21|M162W|Oh7b,HP301|IL14H|Ki11|Mo18W|Ms71|NC358|Oh43|P39|Tx303,ERF|HSF|LFY,"XP_002438639.1 adenine nucleotide transporter BT1, chloroplastic/mitochondrial [Sorghum bicolor]",Energy production and conversion,0.072,Transporter,Medium (9-12),Stable
chr9,95715345,Zm00001eb386410,-4.2711141341040735,4.2711141341040735,0.0234529107256379,10,6,3,B97|CML277|CML322|CML333|CML69|Ki11|Ki3|M162W|Mo18W|NC358,CML247|HP301|Ky21|Ms71|Oh7b|P39,,XP_002438654.1 CBL-interacting protein kinase 24 [Sorghum bicolor],Signal transduction mechanisms,-0.103,Kinase/Phosphorylation,Medium (9-12),Stable
chr9,97686378,Zm00001eb386670,-3.54469480317845,3.54469480317845,0.0234529107256379,8,11,0,B97|CML277|CML333|CML69|Mo18W|Ms71|NC358|Oh7b,CML247|CML322|HP301|IL14H|Ki11|Ki3|Ky21|M162W|Oh43|P39|Tx303,,XP_021306063.1 E3 ubiquitin-protein ligase RGLG2-like [Sorghum bicolor],"Posttranslational modification, protein turnover, chaperones",1.026,Chaperone/HSP,Low (5-8),Strong up
chr9,98802774,Zm00001eb386920,4.391702011792004,4.391702011792004,0.0338267581908725,5,13,1,IL14H|Ky21|Oh43|Oh7b|P39,B97|CML247|CML277|CML322|CML333|CML69|HP301|Ki11|Ki3|Mo18W|Ms71|NC358|Tx303,Dof|TALE|WRKY,"XP_021304963.1 isoleucine--tRNA ligase, cytoplasmic [Sorghum bicolor]","Translation, ribosomal structure and biogenesis",0.727,Translation,Low (5-8),Mild up
chr9,102589516,Zm00001eb387530,3.517068454399342,3.517068454399342,0.0269464077021537,4,15,0,B97|CML322|CML69|Ki11,CML247|CML277|CML333|HP301|IL14H|Ki3|Ky21|M162W|Mo18W|Ms71|NC358|Oh43|Oh7b|P39|Tx303,,XP_021304933.1 nudix hydrolase 2 isoform X4 [Sorghum bicolor],Signal transduction mechanisms,-0.915,Signal transduction,Rare (1-4),Mild down
chr9,105100312,Zm00001eb388040,2.546970347607554,2.546970347607554,0.0321512983526941,13,6,0,B97|CML247|CML322|CML333|HP301|IL14H|Ki11|Ki3|M162W|NC358|Oh43|Oh7b|Tx303,CML277|CML69|Ky21|Mo18W|Ms71|P39,C2H2,XP_021304385.1 brefeldin A-inhibited guanine nucleotide-exchange protein 1 [Sorghum bicolor],"Intracellular trafficking, secretion, and vesicular transport",0.627,Other,High (13+),Mild up
chr9,114028069,Zm00001eb389750,-1.570640510225311,1.570640510225311,0.0450283574693023,3,16,0,CML322|Ki3|NC358,B97|CML247|CML277|CML333|CML69|HP301|IL14H|Ki11|Ky21|M162W|Mo18W|Ms71|Oh43|Oh7b|P39|Tx303,B3|NAC,XP_002437414.2 vacuolar-sorting receptor 6 [Sorghum bicolor],Function unknown,-1.104,Unknown,Rare (1-4),Strong down
chr9,118104984,Zm00001eb390480,-2.5792444565528156,2.5792444565528156,0.0203714572407656,7,12,0,CML247|CML277|CML333|IL14H|Mo18W|NC358|Oh43,B97|CML322|CML69|HP301|Ki11|Ki3|Ky21|M162W|Ms71|Oh7b|P39|Tx303,,XP_002467452.1 abscisic acid receptor PYR1 [Sorghum bicolor],Function unknown,-1.003,Hormone signaling,Low (5-8),Strong down
chr9,118437958,Zm00001eb390560,2.6247022196235013,2.6247022196235013,0.0450283574693023,4,15,0,CML277|CML69|Ki11|Ky21,B97|CML247|CML322|CML333|HP301|IL14H|Ki3|M162W|Mo18W|Ms71|NC358|Oh43|Oh7b|P39|Tx303,CAMTA|NAC|TALE,XP_022678549.1 LOW QUALITY PROTEIN: NAC domain-containing protein 71-like [Setaria italica],Transcription,-1.667,Transcription factor,Rare (1-4),Strong down
chr9,118637912,Zm00001eb390620,3.000648476281756,3.000648476281756,0.0310074540843771,8,11,0,CML247|CML322|CML69|Ki11|Ki3|Mo18W|Ms71|NC358,B97|CML277|CML333|HP301|IL14H|Ky21|M162W|Oh43|Oh7b|P39|Tx303,CPP|MIKC_MADS|WRKY,XP_002467460.1 NADH dehydrogenase [ubiquinone] 1 alpha subcomplex assembly factor 3 [Sorghum bicolor],Function unknown,-0.082,Redox/Metabolism,Low (5-8),Stable
chr9,118637912,Zm00001eb390630,2.6281076190415016,2.6281076190415016,0.0428200920646902,8,11,0,CML247|CML322|CML69|Ki11|Ki3|Mo18W|Ms71|NC358,B97|CML277|CML333|HP301|IL14H|Ky21|M162W|Oh43|Oh7b|P39|Tx303,,,,-0.432,Unknown,Low (5-8),Stable
chr9,120197239,Zm00001eb391000,-3.6825842980269456,3.6825842980269456,0.0294052452107163,11,8,0,B97|CML247|CML277|CML322|CML333|Ky21|Ms71|NC358|Oh7b|P39|Tx303,CML69|HP301|IL14H|Ki11|Ki3|M162W|Mo18W|Oh43,,,,-0.242,Unknown,Medium (9-12),Stable
chr9,122118336,Zm00001eb391500,-2.465390847641111,2.465390847641111,0.0288882326093376,13,5,1,B97|CML247|CML277|CML322|CML333|CML69|Ki11|Ki3|M162W|Mo18W|NC358|Oh43|Tx303,HP301|Ky21|Ms71|Oh7b|P39,M-type_MADS,XP_024987169.1 uncharacterized protein LOC112522279 [Cynara cardunculus var. scolymus],RNA processing and modification,0.376,Other,High (13+),Stable
chr9,124884985,Zm00001eb392270,-3.042346253705929,3.042346253705929,0.0188111888111888,9,10,0,CML277|CML322|CML69|HP301|IL14H|Ki3|Mo18W|NC358|Oh7b,B97|CML247|CML333|Ki11|Ky21|M162W|Ms71|Oh43|P39|Tx303,,XP_004984213.1 probable methyltransferase PMT2 [Setaria italica],Function unknown,0.743,Biosynthesis,Medium (9-12),Mild up
chr9,125649370,Zm00001eb392420,2.5552530787738763,2.5552530787738763,0.0387748524021069,7,12,0,CML277|CML322|CML333|Ki3|Ky21|Ms71|NC358,B97|CML247|CML69|HP301|IL14H|Ki11|M162W|Mo18W|Oh43|Oh7b|P39|Tx303,,"XP_002465192.1 copper-transporting ATPase PAA1, chloroplastic [Sorghum bicolor]",Inorganic ion transport and metabolism,-1.713,Other,Low (5-8),Strong down
chr9,126371314,Zm00001eb392580,1.269886683524992,1.269886683524992,0.0376566109050185,11,8,0,B97|CML247|CML277|CML322|CML69|HP301|M162W|Mo18W|Ms71|Oh7b|Tx303,CML333|IL14H|Ki11|Ki3|Ky21|NC358|Oh43|P39,,XP_002465184.1 serine/threonine-protein kinase SAPK1 [Sorghum bicolor],Signal transduction mechanisms,0.437,Kinase/Phosphorylation,Medium (9-12),Stable
chr9,127396363,Zm00001eb392740,3.72080896068054,3.72080896068054,0.0304485214356458,4,15,0,B97|Ms71|Oh7b|Tx303,CML247|CML277|CML322|CML333|CML69|HP301|IL14H|Ki11|Ki3|Ky21|M162W|Mo18W|NC358|Oh43|P39,ARF|GRAS,XP_021314285.1 vacuolar cation/proton exchanger 2 isoform X1 [Sorghum bicolor],Inorganic ion transport and metabolism,0.129,Other,Rare (1-4),Stable
chr9,133948298,Zm00001eb394390,-2.190089812577919,2.190089812577919,0.0226429045486012,12,7,0,CML277|CML322|CML333|CML69|HP301|Ki11|Ki3|M162W|Ms71|NC358|P39|Tx303,B97|CML247|IL14H|Ky21|Mo18W|Oh43|Oh7b,,XP_004960369.1 phosphoinositide phospholipase C 2 [Setaria italica],Lipid transport and metabolism,-1.001,Other,Medium (9-12),Strong down
chr9,144887582,Zm00001eb397350,2.3099901398415645,2.3099901398415645,0.0188111888111888,6,12,1,CML277|IL14H|NC358|Oh43|Oh7b|Tx303,B97|CML247|CML322|CML333|CML69|HP301|Ki11|Ky21|M162W|Mo18W|Ms71|P39,CPP|MIKC_MADS,XP_002468069.1 ankyrin repeat-containing protein ITN1 [Sorghum bicolor],Function unknown,0.493,Unknown,Low (5-8),Stable
chr9,145381215,Zm00001eb397550,2.246237253881352,2.246237253881352,0.039548112582254,8,9,2,CML247|CML322|CML69|Ki3|Ky21|Ms71|NC358|P39,B97|CML277|CML333|HP301|Ki11|M162W|Mo18W|Oh43|Tx303,ARR-B|CPP|Dof|G2-like|MIKC_MADS|MYB_related,XP_002465464.1 ADP-ribosylation factor GTPase-activating protein AGD7 [Sorghum bicolor],"Signal transduction mechanisms;Intracellular trafficking, secretion, and vesicular transport;Cytoskeleton",0.402,Signal transduction,Low (5-8),Stable
chr9,146333600,Zm00001eb397900,2.6311028284089657,2.6311028284089657,0.0207280059247336,11,8,0,CML247|CML277|CML322|CML333|CML69|IL14H|Ki11|Ki3|M162W|Mo18W|Oh7b,B97|HP301|Ky21|Ms71|NC358|Oh43|P39|Tx303,,XP_021303872.1 protein DA1-related 2 isoform X1 [Sorghum bicolor],Signal transduction mechanisms;Cytoskeleton,-0.454,Signal transduction,Medium (9-12),Stable
chr9,146645800,Zm00001eb397980,5.358473805625028,5.358473805625028,0.0207280059247336,8,11,0,B97|CML247|HP301|IL14H|Ms71|Oh43|P39|Tx303,CML277|CML322|CML333|CML69|Ki11|Ki3|Ky21|M162W|Mo18W|NC358|Oh7b,,XP_021306399.1 serine/arginine-rich splicing factor SR45a isoform X1 [Sorghum bicolor],RNA processing and modification,1.1,Other,Low (5-8),Strong up
chr9,148869547,Zm00001eb398660,3.5421658958831186,3.5421658958831186,0.0188111888111888,11,8,0,CML247|CML277|CML69|HP301|IL14H|Ky21|Mo18W|Ms71|Oh43|P39|Tx303,B97|CML322|CML333|Ki11|Ki3|M162W|NC358|Oh7b,,"XP_002465558.1 ATP-dependent Clp protease ATP-binding subunit CLPT1, chloroplastic [Sorghum bicolor]","Posttranslational modification, protein turnover, chaperones",0.151,Chaperone/HSP,Medium (9-12),Stable
chr9,149072059,Zm00001eb398750,2.1202665528226134,2.1202665528226134,0.0311749805466796,8,11,0,CML247|Ki11|Ki3|Ky21|M162W|Mo18W|Oh43|Oh7b,B97|CML277|CML322|CML333|CML69|HP301|IL14H|Ms71|NC358|P39|Tx303,C2H2|HSF|TALE,XP_021306946.1 3-ketoacyl-CoA synthase 1 [Sorghum bicolor],Lipid transport and metabolism,0.945,Biosynthesis,Low (5-8),Mild up
chr9,150243406,Zm00001eb399180,2.7513403451941287,2.7513403451941287,0.0428200920646902,12,7,0,CML247|CML277|CML333|CML69|HP301|IL14H|Ky21|Mo18W|Ms71|NC358|Oh7b|P39,B97|CML322|Ki11|Ki3|M162W|Oh43|Tx303,,XP_021312760.1 protein indeterminate-domain 16 [Sorghum bicolor],Function unknown,0.344,Unknown,Medium (9-12),Stable
chr9,153163926,Zm00001eb400160,-2.6464567801316603,2.6464567801316603,0.0269464077021537,4,15,0,CML277|CML322|HP301|NC358,B97|CML247|CML333|CML69|IL14H|Ki11|Ki3|Ky21|M162W|Mo18W|Ms71|Oh43|Oh7b|P39|Tx303,,XP_021306467.1 GDP-mannose transporter GONST3 isoform X1 [Sorghum bicolor],"Carbohydrate transport and metabolism;Posttranslational modification, protein turnover, chaperones;Intracellular trafficking, secretion, and vesicular transport",-0.091,Transporter,Rare (1-4),Stable
chr9,154426571,Zm00001eb400800,1.652323651479111,1.652323651479111,0.0469889514825974,5,14,0,HP301|IL14H|Ki11|Ky21|Oh43,B97|CML247|CML277|CML322|CML333|CML69|Ki3|M162W|Mo18W|Ms71|NC358|Oh7b|P39|Tx303,,XP_002468324.1 uncharacterized protein LOC8054238 [Sorghum bicolor],Carbohydrate transport and metabolism,0.961,Other,Low (5-8),Mild up
chr9,155058866,Zm00001eb401030,-1.7195219639960633,1.7195219639960633,0.0381565695967318,11,8,0,CML247|CML277|CML322|CML69|Ki11|Ky21|M162W|Ms71|NC358|Oh43|Tx303,B97|CML333|HP301|IL14H|Ki3|Mo18W|Oh7b|P39,HSF|LBD,,,-1.175,Unknown,Medium (9-12),Strong down
chr9,156946459,Zm00001eb401810,-2.298832895090343,2.298832895090343,0.0311895358527482,7,11,1,B97|CML247|CML277|CML333|HP301|Ky21|M162W,CML322|CML69|IL14H|Ki11|Ki3|Mo18W|Ms71|NC358|Oh43|Oh7b|P39,M-type_MADS|MYB|MYB_related|SBP|Trihelix,XP_004985494.1 uncharacterized protein LOC101782692 [Setaria italica],Function unknown,-1.294,Unknown,Low (5-8),Strong down
chr9,157691476,Zm00001eb402200,3.1749636009854254,3.1749636009854254,0.0315767463870279,5,11,3,CML247|CML333|M162W|NC358|Oh43,B97|CML322|CML69|HP301|IL14H|Ki3|Ky21|Mo18W|Ms71|Oh7b|Tx303,NAC,XP_002465781.1 sucrose transport protein SUT1 [Sorghum bicolor],Carbohydrate transport and metabolism,1.088,Other,Low (5-8),Strong up
chr9,157730650,Zm00001eb402300,1.766755663268392,1.766755663268392,0.0381565695967318,11,8,0,B97|CML247|CML277|CML322|CML333|CML69|Ki11|Ki3|Ky21|Mo18W|Oh7b,HP301|IL14H|M162W|Ms71|NC358|Oh43|P39|Tx303,,XP_002465787.1 uncharacterized protein LOC8082119 isoform X1 [Sorghum bicolor],Function unknown,0.249,Unknown,Medium (9-12),Stable
chr9,157765410,Zm00001eb402390,-4.027247771856735,4.027247771856735,0.0234529107256379,10,9,0,B97|CML247|CML333|CML69|HP301|Ki11|Ki3|Ky21|Mo18W|Ms71,CML277|CML322|IL14H|M162W|NC358|Oh43|Oh7b|P39|Tx303,,"XP_021311292.1 ribulose-phosphate 3-epimerase, chloroplastic [Sorghum bicolor]",Carbohydrate transport and metabolism,1.685,Kinase/Phosphorylation,Medium (9-12),Strong up
chr9,158841703,Zm00001eb403000,-2.350186336232038,2.350186336232038,0.0226429045486012,12,7,0,CML247|CML277|CML69|HP301|Ki11|Ki3|Ky21|M162W|Mo18W|NC358|Oh43|Oh7b,B97|CML322|CML333|IL14H|Ms71|P39|Tx303,,XP_002465854.1 ubiquitin-conjugating enzyme E2 4 [Sorghum bicolor],"Posttranslational modification, protein turnover, chaperones",0.15,Chaperone/HSP,Medium (9-12),Stable
chr9,159816783,Zm00001eb403450,1.6746920973337742,1.6746920973337742,0.0381565695967318,8,11,0,B97|IL14H|Ki11|M162W|Mo18W|Ms71|Oh7b|P39,CML247|CML277|CML322|CML333|CML69|HP301|Ki3|Ky21|NC358|Oh43|Tx303,,XP_002465804.1 protein SULFUR DEFICIENCY-INDUCED 1 [Sorghum bicolor],Function unknown,0.601,Unknown,Low (5-8),Mild up
chr9,160764965,Zm00001eb404040,-2.5965898104389025,2.5965898104389025,0.0428200920646902,7,5,7,B97|HP301|IL14H|M162W|Oh43|Oh7b|P39,CML333|CML69|Ki11|Ki3|Mo18W,ARF|ERF,XP_021318451.1 uncharacterized protein LOC8059491 [Sorghum bicolor],Function unknown,-0.828,Unknown,Low (5-8),Mild down
chr10,2312252,Zm00001eb405630,2.168942650916777,2.168942650916777,0.0467798968175757,11,6,2,CML277|CML333|CML69|Ki11|Ki3|M162W|Mo18W|Ms71|NC358|Oh43|Tx303,B97|CML322|HP301|IL14H|Ky21|P39,ARF|C2H2|Dof|GRAS|MIKC_MADS|WRKY,XP_002441761.2 zinc finger CCCH domain-containing protein 23 isoform X2 [Sorghum bicolor],RNA processing and modification,1.011,Transcription factor,Medium (9-12),Strong up
chr10,13503648,Zm00001eb408750,2.862384599000813,2.862384599000813,0.0203714572407656,5,13,1,CML247|IL14H|Ki3|Oh43|Tx303,B97|CML277|CML322|CML333|CML69|HP301|Ki11|Ky21|M162W|Mo18W|Ms71|NC358|P39,,XP_002443182.1 uncharacterized protein LOC8064065 [Sorghum bicolor],,0.374,Other,Low (5-8),Stable
chr10,15073683,Zm00001eb408960,2.0220403125060007,2.0220403125060007,0.0387748524021069,4,11,4,CML247|CML333|Ky21|M162W,CML322|CML69|IL14H|Ki11|Ki3|Mo18W|Ms71|NC358|Oh43|P39|Tx303,,XP_002442114.1 ABC transporter F family member 1 [Sorghum bicolor],Function unknown,-0.014,Transporter,Rare (1-4),Stable
chr10,24049601,Zm00001eb410260,2.5913860907730815,2.5913860907730815,0.0294052452107163,8,10,1,CML333|CML69|IL14H|Ki3|Ky21|Ms71|NC358|P39,B97|CML247|CML277|CML322|HP301|Ki11|M162W|Mo18W|Oh43|Tx303,,XP_002443328.1 calmodulin-binding protein 60 A [Sorghum bicolor],Function unknown,0.21,Unknown,Low (5-8),Stable
chr10,81773643,Zm00001eb416180,2.120923721542291,2.120923721542291,0.0313427082071922,10,9,0,B97|CML277|CML333|CML69|HP301|IL14H|Ky21|NC358|Oh43|Tx303,CML247|CML322|Ki11|Ki3|M162W|Mo18W|Ms71|Oh7b|P39,,XP_002443867.2 factor of DNA methylation 1 [Sorghum bicolor],Function unknown,0.982,Unknown,Medium (9-12),Mild up
chr10,95376505,Zm00001eb418570,2.469356047250821,2.469356047250821,0.0294052452107163,5,14,0,IL14H|M162W|Mo18W|Oh43|Oh7b,B97|CML247|CML277|CML322|CML333|CML69|HP301|Ki11|Ki3|Ky21|Ms71|NC358|P39|Tx303,,XP_002447420.1 zingipain-2 [Sorghum bicolor],"Posttranslational modification, protein turnover, chaperones",1.071,Chaperone/HSP,Low (5-8),Strong up
chr10,98769739,Zm00001eb419190,-3.2089875544793545,3.2089875544793545,0.0269464077021537,4,15,0,B97|Ky21|Ms71|Oh43,CML247|CML277|CML322|CML333|CML69|HP301|IL14H|Ki11|Ki3|M162W|Mo18W|NC358|Oh7b|P39|Tx303,,XP_002449977.1 probable glutathione S-transferase GSTU6 [Sorghum bicolor],"Posttranslational modification, protein turnover, chaperones",0.627,Chaperone/HSP,Rare (1-4),Mild up
chr10,118636974,Zm00001eb422400,-3.864737213611521,3.864737213611521,0.0450283574693023,9,10,0,CML247|CML322|IL14H|Ky21|M162W|Mo18W|NC358|Oh7b|Tx303,B97|CML277|CML333|CML69|HP301|Ki11|Ki3|Ms71|Oh43|P39,ERF|NAC|TALE|TCP,XP_002447825.1 abscisic stress-ripening protein 3 [Sorghum bicolor],Function unknown,-0.134,Hormone signaling,Medium (9-12),Stable
chr10,119597830,Zm00001eb422560,2.777517257311887,2.777517257311887,0.0234529107256379,14,4,1,B97|CML247|CML69|HP301|IL14H|Ki11|Ky21|M162W|Mo18W|Ms71|NC358|Oh43|Oh7b|Tx303,CML277|CML322|Ki3|P39,HD-ZIP|MIKC_MADS|NAC|Trihelix,XP_002446497.1 uncharacterized protein At4g26450 [Sorghum bicolor],,0.937,Other,High (13+),Mild up
chr10,122646191,Zm00001eb423410,-2.204669172080929,2.204669172080929,0.0226429045486012,10,7,2,CML247|CML277|CML322|HP301|M162W|Mo18W|Ms71|Oh43|Oh7b|P39,B97|CML333|IL14H|Ki11|Ky21|NC358|Tx303,,XP_012703017.1 pentatricopeptide repeat-containing protein At2g06000 [Setaria italica],Function unknown,1.491,Unknown,Medium (9-12),Strong up
chr10,122921125,Zm00001eb423440,12.93827720009006,12.93827720009006,0.0304485214356458,4,15,0,CML333|CML69|Ki3|NC358,B97|CML247|CML277|CML322|HP301|IL14H|Ki11|Ky21|M162W|Mo18W|Ms71|Oh43|Oh7b|P39|Tx303,,XP_002446557.1 serine carboxypeptidase-like 7 [Sorghum bicolor],"Amino acid transport and metabolism;Posttranslational modification, protein turnover, chaperones",-0.598,Chaperone/HSP,Rare (1-4),Mild down
chr10,135013948,Zm00001eb427180,-1.6586527563394895,1.6586527563394895,0.0468443117268101,6,13,0,CML247|CML69|M162W|NC358|P39|Tx303,B97|CML277|CML322|CML333|HP301|IL14H|Ki11|Ki3|Ky21|Mo18W|Ms71|Oh43|Oh7b,,XP_002461154.1 histone H2B.1 [Sorghum bicolor],Chromatin structure and dynamics,0.809,Chromatin/Epigenetic,Low (5-8),Mild up
chr10,136303592,Zm00001eb427640,-1.8419230329690903,1.8419230329690903,0.0288882326093376,5,13,1,B97|IL14H|Ky21|Mo18W|P39,CML247|CML277|CML322|CML69|HP301|Ki11|Ki3|M162W|Ms71|NC358|Oh43|Oh7b|Tx303,B3|ERF|MYB,XP_002446869.1 sphingoid long-chain bases kinase 1 [Sorghum bicolor],Lipid transport and metabolism;Signal transduction mechanisms,1.127,Kinase/Phosphorylation,Low (5-8),Strong up
chr10,138938403,Zm00001eb428570,-2.8507596118688783,2.8507596118688783,0.0210966603489967,7,12,0,CML277|CML333|Ki11|Ki3|Oh43|P39|Tx303,B97|CML247|CML322|CML69|HP301|IL14H|Ky21|M162W|Mo18W|Ms71|NC358|Oh7b,,XP_004976550.1 subtilisin-like protease SBT1.3 [Setaria italica],Carbohydrate transport and metabolism,3.54,Protein turnover,Low (5-8),Strong up
chr10,142901586,Zm00001eb430160,5.700150619890914,5.700150619890914,0.0188111888111888,9,10,0,B97|CML333|CML69|Ki11|M162W|Ms71|NC358|Oh7b|Tx303,CML247|CML277|CML322|HP301|IL14H|Ki3|Ky21|Mo18W|Oh43|P39,C2H2|MYB|NAC,XP_021318676.1 uncharacterized protein LOC8063909 isoform X3 [Sorghum bicolor],,-2.266,Other,Medium (9-12),Strong down
chr10,143204004,Zm00001eb430350,1.9941093863543613,1.9941093863543613,0.039548112582254,13,6,0,CML277|CML322|CML333|HP301|IL14H|Ki11|Ki3|Ky21|M162W|Mo18W|Ms71|Oh43|P39,B97|CML247|CML69|NC358|Oh7b|Tx303,ERF|MYB|MYB_related,XP_002448462.1 uncharacterized protein LOC8063925 [Sorghum bicolor],Amino acid transport and metabolism,0.164,Other,High (13+),Stable
chr10,144328092,Zm00001eb430780,2.6065774439903566,2.6065774439903566,0.0234529107256379,8,7,4,CML277|CML333|CML69|Ki11|Ki3|Ky21|M162W|Mo18W,B97|CML247|CML322|HP301|IL14H|NC358|Oh7b,ERF|GATA|HD-ZIP|MYB|MYB_related,XP_021317962.1 UDP-N-acetylglucosamine diphosphorylase 1 [Sorghum bicolor],Cell wall/membrane/envelope biogenesis,-0.075,Cell wall,Low (5-8),Stable
chr10,144347010,Zm00001eb430800,2.73154651053456,2.73154651053456,0.0450283574693023,3,16,0,CML333|Ki3|P39,B97|CML247|CML277|CML322|CML69|HP301|IL14H|Ki11|Ky21|M162W|Mo18W|Ms71|NC358|Oh43|Oh7b|Tx303,ERF|MYB|NAC|Trihelix|WRKY,XP_002448522.1 methyl-CpG-binding domain-containing protein 13 [Sorghum bicolor],Function unknown,0.857,Unknown,Rare (1-4),Mild up
chr10,144426712,Zm00001eb430820,3.1401620304783036,3.1401620304783036,0.0203714572407656,12,7,0,B97|CML277|CML333|CML69|Ki11|Ki3|M162W|Ms71|NC358|Oh43|Oh7b|Tx303,CML247|CML322|HP301|IL14H|Ky21|Mo18W|P39,,"XP_002447088.1 peroxisomal 2,4-dienoyl-CoA reductase isoform X1 [Sorghum bicolor]","Secondary metabolites biosynthesis, transport and catabolism",-0.153,Redox/Metabolism,Medium (9-12),Stable
chr10,146230984,Zm00001eb431580,-2.505721658747991,2.505721658747991,0.0203714572407656,11,7,1,CML247|CML322|CML69|HP301|Ki3|Ky21|Mo18W|Ms71|NC358|P39|Tx303,B97|CML277|CML333|Ki11|M162W|Oh43|Oh7b,TALE,XP_002447167.1 transcription factor bHLH112 [Sorghum bicolor],Function unknown,1.674,Transcription factor,Medium (9-12),Strong up
chr10,146450316,Zm00001eb431690,2.1140167710302453,2.1140167710302453,0.0443649214070538,10,6,3,CML277|HP301|IL14H|Ki11|Mo18W|NC358|Oh43|Oh7b|P39|Tx303,CML247|CML322|CML333|CML69|Ki3|Ms71,,XP_003580633.1 N-terminal acetyltransferase A complex catalytic subunit NAA10 [Brachypodium distachyon],Function unknown,-0.406,Biosynthesis,Medium (9-12),Stable
chr10,150135146,Zm00001eb433520,-2.1607528247400194,2.1607528247400194,0.0381565695967318,8,9,2,CML322|CML333|Ki11|Ki3|Mo18W|Ms71|NC358|Tx303,B97|CML247|CML277|CML69|HP301|IL14H|Ky21|M162W|Oh43,MYB|WRKY,XP_002448756.1 UPF0496 protein 4 [Sorghum bicolor],Function unknown,0.761,Unknown,Low (5-8),Mild up
